feature	metadata	value	coef	stderr	pval	qval	holdout
s__Streptococcus.oralis_Y	Responder_Status	Responder	-2.66223688815023	0.519705881563067	1.98362995564798e-05	0.0165633101296606	sample_2022120210001
s__Haemophilus_D.parainfluenzae_N	Responder_Status	Responder	3.78843674940609	0.879362466679463	0.000183007302004972	0.0629222164834742	sample_2022120210001
s__Haemophilus_A.paraphrohaemolyticus	Responder_Status	Responder	2.43800540892459	0.661536478949946	0.000970256366421838	0.189038282057855	sample_2022120210001
s__Bifidobacterium.longum	Responder_Status	Responder	-4.95930374680072	1.38391541793604	0.00126777960530545	0.21171919408601	sample_2022120210001
s__Veillonella.dispar.3	Responder_Status	Responder	-4.11710997809788	1.16203635613536	0.00140937360500465	0.222642938412222	sample_2022120210001
s__Lancefieldella.sp000564995.7	Responder_Status	Responder	-1.40108033711449	0.424607793610775	0.00264244371740372	0.280286325821633	sample_2022120210001
s__HROM_Genome_0948	Responder_Status	Responder	-2.43579715704848	0.735211227803061	0.00255373296084108	0.280286325821633	sample_2022120210001
s__Treponema.sp905372265	Responder_Status	Responder	-2.81126297175131	0.927717102814775	0.00521096086631055	0.356767157008451	sample_2022120210001
s__Veillonella.dispar.1	Responder_Status	Responder	-2.92184453046446	0.975543966355326	0.00568599323215265	0.362760934944194	sample_2022120210001
s__Haemophilus_D.sp900756875	Responder_Status	Responder	3.19484506972641	1.06829284738295	0.00574937429420995	0.362760934944194	sample_2022120210001
s__Streptococcus.cristatus_E	Responder_Status	Responder	-1.52753662894948	0.529183918246963	0.0074219495528128	0.397568950287065	sample_2022120210001
s__HROM_Genome_0958	Responder_Status	Responder	-1.71775485548205	0.614189652285037	0.00922636809995739	0.42131344956446	sample_2022120210001
s__Veillonella.sp018367495	Responder_Status	Responder	-2.19347316917531	0.788133508730169	0.0095345568489051	0.426514421513782	sample_2022120210001
s__Haemophilus_D.parainfluenzae	Responder_Status	Responder	2.62352701948031	0.954709364865364	0.0103724401594458	0.432237164736057	sample_2022120210001
s__Prevotella.sp000257925	Responder_Status	Responder	-4.31467996156246	1.57879760920851	0.0107531786163932	0.433482038598617	sample_2022120210001
s__HROM_Genome_3296	Responder_Status	Responder	-1.16789744241934	0.432033123606944	0.0115389026770445	0.437953806151463	sample_2022120210001
s__HROM_Genome_2578	Responder_Status	Responder	-2.47068610208912	0.920242490016142	0.0120545983413449	0.44594384370355	sample_2022120210001
s__HROM_Genome_2291	Responder_Status	Responder	-1.88981042197914	0.734649037398705	0.0156935908139379	0.487920416529081	sample_2022120210001
s__Arachnia.propionica	Responder_Status	Responder	2.22574762198074	0.881670582487602	0.0175355556732514	0.490523873531972	sample_2022120210001
s__F0428.sp003043955	Responder_Status	Responder	-4.6509629177906	1.82834712180535	0.0167694859289962	0.490523873531972	sample_2022120210001
s__HROM_Genome_2109	Responder_Status	Responder	-1.55655362291421	0.614632948936992	0.0172137869403493	0.490523873531972	sample_2022120210001
s__HROM_Genome_2759	Responder_Status	Responder	-2.02601131495793	0.80354163384281	0.0176618855776682	0.490523873531972	sample_2022120210001
s__HROM_Genome_4858	Responder_Status	Responder	0.776736786838716	0.308972529524812	0.0179661606878734	0.493015066763473	sample_2022120210001
s__Rothia.mucilaginosa.10	Responder_Status	Responder	2.95836123421235	1.17911704498914	0.0181728103899979	0.494046868509477	sample_2022120210001
s__HROM_Genome_1125	Responder_Status	Responder	3.61394793990494	1.45259986914116	0.0190721303465194	0.498046735251958	sample_2022120210001
s__Gemella.sp900766305	Responder_Status	Responder	-2.72183610615605	1.09508142355153	0.0191775459030955	0.498046735251958	sample_2022120210001
s__Streptococcus.mitis_BB.1	Responder_Status	Responder	-2.23848110187537	0.906874452645407	0.0199449717255136	0.506862433633162	sample_2022120210001
s__Limosilactobacillus.portuensis	Responder_Status	Responder	-2.89209051005292	1.18817275599151	0.0215630331228394	0.513705139077317	sample_2022120210001
s__HROM_Genome_2731	Responder_Status	Responder	-1.96552460247549	0.807075536077426	0.021499505684186	0.513705139077317	sample_2022120210001
s__HROM_Genome_1001	Responder_Status	Responder	-2.53775081814461	1.04756404969132	0.0221342500910459	0.515437019052443	sample_2022120210001
s__Lactobacillus.crispatus	Responder_Status	Responder	-2.46118091471913	1.0207023121824	0.02270512293609	0.518404076411899	sample_2022120210001
s__Leptotrichia.wadei	Responder_Status	Responder	-2.11232764888306	0.87401687530226	0.0224225713447498	0.518404076411899	sample_2022120210001
s__Pauljensenia.odontolytica_A	Responder_Status	Responder	1.74095279490091	0.747111024620591	0.0272246885734681	0.529163449130414	sample_2022120210001
s__Pauljensenia.odontolytica_B	Responder_Status	Responder	3.65131524112226	1.55166376116319	0.0258696692692727	0.529163449130414	sample_2022120210001
s__Lancefieldella.sp000564995.6	Responder_Status	Responder	-0.99878266942563	0.421338979027933	0.0248857322645916	0.529163449130414	sample_2022120210001
s__Streptococcus.cristatus_C.1	Responder_Status	Responder	-2.01860782753451	0.848574979234824	0.0244255065380929	0.529163449130414	sample_2022120210001
s__Veillonella.sp900549805	Responder_Status	Responder	-3.73382588019777	1.60643744549333	0.0275873467122037	0.529163449130414	sample_2022120210001
s__HROM_Genome_1015	Responder_Status	Responder	-1.03997738381792	0.448762161290932	0.0280100609319719	0.531554565413558	sample_2022120210001
s__Bacteroides_D.sp905373665	Responder_Status	Responder	-2.53241308015196	1.09862162988763	0.0287868233295675	0.536303026853452	sample_2022120210001
s__HROM_Genome_5091	Responder_Status	Responder	-1.84386226362877	0.808114881522291	0.0303118731368144	0.548522905525326	sample_2022120210001
s__Neisseria.mucosa_A	Responder_Status	Responder	2.45080978321718	1.07929730286784	0.0310495338725187	0.548967709942566	sample_2022120210001
s__Pyramidobacter.piscolens	Responder_Status	Responder	-1.62915325649536	0.732334759079641	0.0343435152856658	0.55452443879756	sample_2022120210001
s__Limosilactobacillus.fermentum	Responder_Status	Responder	-3.71806694168132	1.68157600346598	0.0353681785451136	0.558569104136898	sample_2022120210001
s__Leptotrichia_A.sp905371725	Responder_Status	Responder	-2.15220510967978	0.976060629812325	0.0358363411550619	0.558569104136898	sample_2022120210001
s__Streptococcus.oralis_T.1	Responder_Status	Responder	-1.47927353552452	0.679304204487106	0.0380165610320728	0.56899956932446	sample_2022120210001
s__HROM_Genome_2831	Responder_Status	Responder	1.65664955372794	0.762289225571618	0.0383759655367456	0.569308422746898	sample_2022120210001
s__Streptococcus.sp000187445	Responder_Status	Responder	-1.72061739103519	0.797357947225077	0.0396619230505985	0.574156729442016	sample_2022120210001
s__Streptococcus.oralis_BM	Responder_Status	Responder	-2.10093429916298	0.974226125714858	0.0397795365832546	0.574156729442016	sample_2022120210001
s__Veillonella.dispar.2	Responder_Status	Responder	-1.39324158808807	0.646074589915484	0.0397833148715169	0.574156729442016	sample_2022120210001
s__HROM_Genome_5023	Responder_Status	Responder	-1.86857587039516	0.868945328468345	0.0403041019377343	0.575984048474467	sample_2022120210001
s__HROM_Genome_0434	Responder_Status	Responder	-1.38157927844915	0.646365198538018	0.0414331116794163	0.576279497806452	sample_2022120210001
s__HROM_Genome_1725	Responder_Status	Responder	-1.30961202896598	0.610055996269453	0.0406230841263863	0.576279497806452	sample_2022120210001
s__Saccharimonas.sp018127705	Responder_Status	Responder	-2.46909196677709	1.15345073926169	0.0411552663008725	0.576279497806452	sample_2022120210001
s__Alloscardovia.omnicolens	Responder_Status	Responder	-4.92089284353853	2.33449298007366	0.0441188932162458	0.577347794292881	sample_2022120210001
s__Lactobacillus.delbrueckii	Responder_Status	Responder	-1.69923237239825	0.802837376495008	0.0433192587214972	0.577347794292881	sample_2022120210001
s__HROM_Genome_2723	Responder_Status	Responder	-1.25650723456543	0.591969578445683	0.0427658803646588	0.577347794292881	sample_2022120210001
s__Haemophilus_A.parahaemolyticus	Responder_Status	Responder	2.72549917287302	1.29177620652378	0.0439343616863881	0.577347794292881	sample_2022120210001
s__Cryptobacterium.curtum	Responder_Status	Responder	-3.00720644108152	1.43679772084542	0.0455322607181996	0.577642561309394	sample_2022120210001
s__HROM_Genome_1320	Responder_Status	Responder	1.14112282688167	0.543941899716792	0.0450650449372459	0.577642561309394	sample_2022120210001
s__Veillonella.sp902834965	Responder_Status	Responder	-1.79284409686335	0.864294267966502	0.0473559086363808	0.577642561309394	sample_2022120210001
s__Haemophilus.haemolyticus	Responder_Status	Responder	2.33549125154915	1.1279488467038	0.0477333374016146	0.577642561309394	sample_2022120210001
s__Lancefieldella.sp015258485	Responder_Status	Responder	-1.53675747245645	0.744594360867284	0.0484068452131019	0.582176975865392	sample_2022120210001
s__HROM_Genome_4870	Responder_Status	Responder	1.51420835417577	0.740299206750897	0.0503147903868581	0.584270219369832	sample_2022120210001
s__Granulicatella.sp905371865	Responder_Status	Responder	-1.91483364753458	0.943157301387254	0.0519290981604146	0.591667794829676	sample_2022120210001
s__Pauljensenia.sp018382595	Responder_Status	Responder	2.6457745794854	1.31241780401627	0.0534913856258549	0.595537426634517	sample_2022120210001
s__HROM_Genome_0854	Responder_Status	Responder	1.26839385177168	0.630107836605603	0.0538219987163684	0.597963454903309	sample_2022120210001
s__Bacteroides_D.sp013333835	Responder_Status	Responder	-0.825946212756276	0.415121379743694	0.0564770259350651	0.602809461221154	sample_2022120210001
s__HROM_Genome_1882	Responder_Status	Responder	-1.6794345958838	0.843854191570341	0.0564136734848248	0.602809461221154	sample_2022120210001
s__Granulicatella.sp900551535	Responder_Status	Responder	-1.20572258433874	0.605366753257177	0.0562365817992182	0.602809461221154	sample_2022120210001
s__Cardiobacterium.hominis	Responder_Status	Responder	1.47509859216173	0.740311469023367	0.0561422437807622	0.602809461221154	sample_2022120210001
s__Eubacterium_B.sulci	Responder_Status	Responder	1.8088376205878	0.917495165349855	0.0586219548424074	0.604427427737113	sample_2022120210001
s__Streptococcus.koreensis	Responder_Status	Responder	2.34957692816263	1.19033549261961	0.0583364726155995	0.604427427737113	sample_2022120210001
s__HROM_Genome_2228	Responder_Status	Responder	-1.47207356885124	0.742560588841861	0.05732179992273	0.604427427737113	sample_2022120210001
s__HROM_Genome_2434	Responder_Status	Responder	-1.48329451981849	0.755027383177106	0.0594603543111788	0.604427427737113	sample_2022120210001
s__SDRK01.sp007845205	Responder_Status	Responder	-2.02865632072862	1.03008977899379	0.0588743664691781	0.604427427737113	sample_2022120210001
s__Neisseria.elongata	Responder_Status	Responder	2.65761471807043	1.34643168213668	0.0583433138867537	0.604427427737113	sample_2022120210001
s__Gemella.sp900555985	Responder_Status	Responder	-3.0962804379816	1.57728470128524	0.0596445070446461	0.605246777215202	sample_2022120210001
s__HROM_Genome_0265	Responder_Status	Responder	2.33940549788191	1.21682146535473	0.0647630085832148	0.61209068841049	sample_2022120210001
s__Prevotella.jejuni	Responder_Status	Responder	-3.48442684361225	1.79169115798937	0.0619092445170804	0.61209068841049	sample_2022120210001
s__Prevotella.nanceiensis	Responder_Status	Responder	2.44974028855314	1.27411992907359	0.0647449803496801	0.61209068841049	sample_2022120210001
s__Streptococcus.parasanguinis_B	Responder_Status	Responder	-1.32051345753708	0.680526453385143	0.0624580454844624	0.61209068841049	sample_2022120210001
s__HROM_Genome_2371	Responder_Status	Responder	-1.54687252684243	0.803349536396616	0.0643744284917956	0.61209068841049	sample_2022120210001
s__HROM_Genome_4862	Responder_Status	Responder	1.26534894683795	0.659640192518067	0.0653301673969404	0.613146757792706	sample_2022120210001
s__HROM_Genome_1765	Responder_Status	Responder	-1.54477265657557	0.811432846819146	0.0672661090259518	0.623090978219791	sample_2022120210001
s__Alloprevotella.sp000318095	Responder_Status	Responder	3.2521083309661	1.71164545660398	0.0677781196096449	0.62384966058606	sample_2022120210001
s__Lancefieldella.sp000411555	Responder_Status	Responder	-1.96021727588114	1.04910607083458	0.0721938226495939	0.631607088508068	sample_2022120210001
s__Peptostreptococcus.sp900759325	Responder_Status	Responder	1.96337406875068	1.07142208639879	0.0775334394569064	0.631607088508068	sample_2022120210001
s__Streptococcus.peroris	Responder_Status	Responder	-1.38618750725141	0.756988983369778	0.0777337905086028	0.631607088508068	sample_2022120210001
s__Streptococcus.sp000411475	Responder_Status	Responder	-2.15921077222593	1.16584571714602	0.074588974017228	0.631607088508068	sample_2022120210001
s__HROM_Genome_2234	Responder_Status	Responder	-1.26930695456822	0.687671699156449	0.0755193394377	0.631607088508068	sample_2022120210001
s__Streptococcus.sp000187745	Responder_Status	Responder	-1.8785043622045	1.01161783503666	0.0738702685514261	0.631607088508068	sample_2022120210001
s__Streptococcus.mitis_BJ	Responder_Status	Responder	-1.23982168555544	0.672884334252387	0.0760077888211145	0.631607088508068	sample_2022120210001
s__Veillonella.rogosae	Responder_Status	Responder	1.50579150240134	0.821499954244711	0.0774593022394344	0.631607088508068	sample_2022120210001
s__HROM_Genome_4908	Responder_Status	Responder	1.69091111088056	0.929578440552659	0.0796208656319759	0.634291661412802	sample_2022120210001
s__HROM_Genome_4859	Responder_Status	Responder	2.12594506942788	1.17516034408345	0.0811902732589583	0.636989459326995	sample_2022120210001
s__HROM_Genome_0257	Responder_Status	Responder	-2.99331081581321	1.66064507968113	0.082241896068705	0.637748992561677	sample_2022120210001
s__Streptococcus.oralis_C.1	Responder_Status	Responder	-0.728331652273041	0.403990043634966	0.0821861028996437	0.637748992561677	sample_2022120210001
s__HROM_Genome_2491	Responder_Status	Responder	1.26200394541724	0.701315677663628	0.0827289551424248	0.639522567611182	sample_2022120210001
s__Corynebacterium.argentoratense	Responder_Status	Responder	3.12586766726694	1.74408084873968	0.0839021569940341	0.641056349843306	sample_2022120210001
s__Lancefieldella.sp000564995.8	Responder_Status	Responder	-0.676923616188295	0.379511049602011	0.0853202715900332	0.645635840009076	sample_2022120210001
s__HROM_Genome_4863	Responder_Status	Responder	0.625030847626527	0.350718634772002	0.0855746760053967	0.645635840009076	sample_2022120210001
s__Rothia.mucilaginosa_B.1	Responder_Status	Responder	2.14940970368642	1.21834499892694	0.0886064781483699	0.647988505822626	sample_2022120210001
s__Lancefieldella.sp000564995.10	Responder_Status	Responder	-0.99011869536861	0.563964176526957	0.0900856447147932	0.647988505822626	sample_2022120210001
s__Oribacterium.sinus.2	Responder_Status	Responder	-0.809769367852097	0.460023838706341	0.0892823043178028	0.647988505822626	sample_2022120210001
s__Streptococcus.pseudopneumoniae_L	Responder_Status	Responder	-1.16054073103077	0.664276172393914	0.0915860747030159	0.647988505822626	sample_2022120210001
s__HROM_Genome_2357	Responder_Status	Responder	-1.40546374532031	0.802101287280583	0.0906811388499276	0.647988505822626	sample_2022120210001
s__Anaeroglobus.micronuciformis	Responder_Status	Responder	-2.57509617399265	1.47401861412763	0.0916011385940504	0.647988505822626	sample_2022120210001
s__Leptotrichia.buccalis	Responder_Status	Responder	-2.49181527551357	1.40840138995239	0.0877445175272505	0.647988505822626	sample_2022120210001
s__HROM_Genome_3437	Responder_Status	Responder	-0.826717229925649	0.470830626187622	0.090045890353212	0.647988505822626	sample_2022120210001
s__Neisseria.sp002237445	Responder_Status	Responder	1.65387165448308	0.941925533931522	0.0900508469504229	0.647988505822626	sample_2022120210001
s__HROM_Genome_5106	Responder_Status	Responder	-1.89215266079281	1.06828735174373	0.0874131534762464	0.647988505822626	sample_2022120210001
s__Prevotella.sp013333285	Responder_Status	Responder	2.47313911997101	1.41790273067446	0.0920903874156387	0.64929832864223	sample_2022120210001
s__Alloprevotella.sp015259235	Responder_Status	Responder	1.95204006371538	1.13038921038444	0.0952088034501328	0.655403390457275	sample_2022120210001
s__Nanosyncoccus.sp013332965	Responder_Status	Responder	-1.94039128900754	1.12644814398168	0.095995242307634	0.655481531878646	sample_2022120210001
s__Streptococcus.koreensis.1	Responder_Status	Responder	1.38342533901663	0.805832927611877	0.0970667768941341	0.658949257777252	sample_2022120210001
s__HROM_Genome_0267	Responder_Status	Responder	1.34689197821395	0.790800809906448	0.0996075557046749	0.664437850698798	sample_2022120210001
s__Streptococcus.sp000259505	Responder_Status	Responder	-0.266367822292683	0.15697464515168	0.100809507150056	0.664437850698798	sample_2022120210001
s__Leptotrichia.hofstadii	Responder_Status	Responder	-1.62092352163031	0.955264924303401	0.100819639287027	0.664437850698798	sample_2022120210001
s__Rodentibacter.sp901420285	Responder_Status	Responder	-1.58069332904142	0.93059502579438	0.100484955787476	0.664437850698798	sample_2022120210001
s__HROM_Genome_5068	Responder_Status	Responder	-2.4572024930519	1.44384223553626	0.0998635239458798	0.664437850698798	sample_2022120210001
s__Actinomyces.massiliensis	Responder_Status	Responder	1.63237448389753	0.969746123108641	0.103435924707108	0.668762608234204	sample_2022120210001
s__Centipeda.noxia	Responder_Status	Responder	-1.45520122704856	0.86129411498155	0.102220198769579	0.668762608234204	sample_2022120210001
s__Treponema_D.sp905372235	Responder_Status	Responder	-2.4024533181922	1.42541677894611	0.103018704688509	0.668762608234204	sample_2022120210001
s__Lancefieldella.sp000564995.17	Responder_Status	Responder	0.661397041019599	0.395812442543854	0.105866369784424	0.670410543217725	sample_2022120210001
s__Johnsonella.sp900766185	Responder_Status	Responder	1.8425236837843	1.10931969379098	0.107882355679709	0.67153606916709	sample_2022120210001
s__Streptococcus.lactarius	Responder_Status	Responder	-1.07670990910687	0.64810184168822	0.107805642840009	0.67153606916709	sample_2022120210001
s__Veillonella.sp900552445	Responder_Status	Responder	1.55875064834188	0.938189272535849	0.107781860272537	0.67153606916709	sample_2022120210001
s__HROM_Genome_2711	Responder_Status	Responder	-2.81989419166426	1.69985823509649	0.108297953863424	0.672704123772784	sample_2022120210001
s__Eikenella.corrodens_B	Responder_Status	Responder	1.01420543871717	0.612865188686673	0.109121198271949	0.673509402217044	sample_2022120210001
s__HROM_Genome_0145	Responder_Status	Responder	0.78534425735508	0.475278085465149	0.109626996073446	0.675616951303108	sample_2022120210001
s__HROM_Genome_1702	Responder_Status	Responder	0.972708667092519	0.588831622489754	0.109721178055898	0.675616951303108	sample_2022120210001
s__HROM_Genome_2419	Responder_Status	Responder	-1.04182249287538	0.634796347575504	0.111944494302796	0.678203795359154	sample_2022120210001
s__Granulicatella.adiacens_A	Responder_Status	Responder	-1.88608729101452	1.14931059941906	0.111972057186715	0.678203795359154	sample_2022120210001
s__Haemophilus_D.parainfluenzae_L	Responder_Status	Responder	2.29204821233628	1.40498782673476	0.114011714676249	0.678427220520267	sample_2022120210001
s__Centipeda.massiliensis	Responder_Status	Responder	-1.77496025675468	1.09456547416704	0.116094783441503	0.684046380257647	sample_2022120210001
s__Streptococcus.oralis_BJ	Responder_Status	Responder	-0.841087626825767	0.519577034338087	0.116702654540794	0.68506260993353	sample_2022120210001
s__Veillonella.dispar	Responder_Status	Responder	-1.36770265893455	0.844512860664719	0.116546330479185	0.68506260993353	sample_2022120210001
s__HROM_Genome_2903	Responder_Status	Responder	-0.908761424961013	0.561999828818436	0.117087689875722	0.68506260993353	sample_2022120210001
s__Mitsuokella.sp000469545	Responder_Status	Responder	-1.64621919987213	1.01962960859791	0.117627661652075	0.686846835520858	sample_2022120210001
s__Peptidiphaga.sp905373325	Responder_Status	Responder	2.11130007944225	1.31891334440959	0.120647862403445	0.691578129401792	sample_2022120210001
s__HROM_Genome_1913	Responder_Status	Responder	2.20827383702952	1.37596292319724	0.119738659984172	0.691578129401792	sample_2022120210001
s__Streptococcus.oralis_T	Responder_Status	Responder	-0.968957120392941	0.604153695811116	0.119974587779348	0.691578129401792	sample_2022120210001
s__HROM_Genome_2617	Responder_Status	Responder	-1.35389486030403	0.848643994401633	0.121857903703288	0.693288310682921	sample_2022120210001
s__Rothia.mucilaginosa_B.3	Responder_Status	Responder	0.731960712843508	0.460154429474694	0.122909261744946	0.694543837736674	sample_2022120210001
s__Pauljensenia.cardiffensis	Responder_Status	Responder	2.16183710038681	1.35947745846395	0.123019336514134	0.694543837736674	sample_2022120210001
s__HROM_Genome_1967	Responder_Status	Responder	-1.27490848262511	0.808289361034894	0.125960805140524	0.699318471685334	sample_2022120210001
s__CAJPPJ01.sp905372515	Responder_Status	Responder	-2.11605359324569	1.34388263043835	0.126585794661621	0.699318471685334	sample_2022120210001
s__Nanogingivalis.sp900556165	Responder_Status	Responder	1.22757100531195	0.779867821693365	0.126702867667197	0.699318471685334	sample_2022120210001
s__Haemophilus.aegyptius	Responder_Status	Responder	1.20671855364657	0.766263535110598	0.126533427022857	0.699318471685334	sample_2022120210001
s__HROM_Genome_0985	Responder_Status	Responder	-0.574169566518294	0.365139975531468	0.127075989469207	0.700055757254962	sample_2022120210001
s__Leptotrichia.wadei_A	Responder_Status	Responder	-1.8522594836592	1.18935271350786	0.130615459386292	0.707862566174011	sample_2022120210001
s__Streptococcus.mitis_N	Responder_Status	Responder	-1.71339643701847	1.10365807230839	0.131780839071794	0.70860993962708	sample_2022120210001
s__HROM_Genome_2716	Responder_Status	Responder	-2.47985194215839	1.604990336971	0.133553502940502	0.712363786978616	sample_2022120210001
s__Prevotella.sp015256945	Responder_Status	Responder	-3.34084613041822	2.17029289500894	0.134944239088391	0.713262280472827	sample_2022120210001
s__HROM_Genome_5020	Responder_Status	Responder	-1.69747316907425	1.10275443437853	0.134956339062683	0.713262280472827	sample_2022120210001
s__Nanosynbacter.sp900555885	Responder_Status	Responder	-0.877876074845952	0.570553830334384	0.135118228627508	0.713279513143958	sample_2022120210001
s__Alloprevotella.sp015257125	Responder_Status	Responder	3.04824369145837	1.98558217083579	0.135961193754144	0.714652138033246	sample_2022120210001
s__HROM_Genome_2675	Responder_Status	Responder	-1.64246137222508	1.07058421964365	0.136210265972966	0.714675946689393	sample_2022120210001
s__Nanogingivalis.sp015257795	Responder_Status	Responder	-2.01811945721628	1.31785634745525	0.136900555208723	0.715088244142081	sample_2022120210001
s__HROM_Genome_1893	Responder_Status	Responder	-1.0357609554575	0.67774362774808	0.137670066693151	0.716483466167978	sample_2022120210001
s__Lancefieldella.sp000564995	Responder_Status	Responder	-1.34108842461286	0.884751619921408	0.14078429005168	0.720090348955544	sample_2022120210001
s__HROM_Genome_2527	Responder_Status	Responder	-0.789403042115793	0.51852072625058	0.139120381565919	0.720090348955544	sample_2022120210001
s__HROM_Genome_1334	Responder_Status	Responder	1.071306862286	0.710450739572695	0.142774961659366	0.720434214947899	sample_2022120210001
s__HROM_Genome_1346	Responder_Status	Responder	0.811261399090616	0.537495520429657	0.142415784874107	0.720434214947899	sample_2022120210001
s__HROM_Genome_2046	Responder_Status	Responder	2.00513701281248	1.33002541832648	0.142859764132002	0.720434214947899	sample_2022120210001
s__HROM_Genome_4507	Responder_Status	Responder	-0.742600607287384	0.493322712079163	0.143444507764061	0.720434214947899	sample_2022120210001
s__Prevotella.veroralis	Responder_Status	Responder	-1.93592853068567	1.28662306993156	0.143609687369591	0.720471696952621	sample_2022120210001
s__HROM_Genome_0236	Responder_Status	Responder	1.5024381165148	1.01735899094426	0.150888350967602	0.721154787547435	sample_2022120210001
s__Pauljensenia.meyeri	Responder_Status	Responder	-1.77396793913793	1.20124954304387	0.150897263865479	0.721154787547435	sample_2022120210001
s__HROM_Genome_0380	Responder_Status	Responder	0.635478997894582	0.434835700525727	0.155032088449275	0.721154787547435	sample_2022120210001
s__Lancefieldella.sp000564995.1	Responder_Status	Responder	-0.972008479452203	0.661515534445838	0.152880733489115	0.721154787547435	sample_2022120210001
s__Lancefieldella.sp000564995.9	Responder_Status	Responder	-0.854466405719837	0.576364189145746	0.14937295879906	0.721154787547435	sample_2022120210001
s__HROM_Genome_0716	Responder_Status	Responder	0.948103388581667	0.649546922859422	0.155518942764346	0.721154787547435	sample_2022120210001
s__Prevotella.oralis	Responder_Status	Responder	1.62260869555936	1.09408694411096	0.149225025735062	0.721154787547435	sample_2022120210001
s__HROM_Genome_1066	Responder_Status	Responder	-1.19354364076209	0.809829625566334	0.151684700419528	0.721154787547435	sample_2022120210001
s__Prevotella.sp905373605	Responder_Status	Responder	-0.710350501307549	0.486249874533048	0.155181350504407	0.721154787547435	sample_2022120210001
s__HROM_Genome_1486	Responder_Status	Responder	0.670315604316284	0.450727324354578	0.148141090626992	0.721154787547435	sample_2022120210001
s__UBA4285.sp900542465	Responder_Status	Responder	-0.934130648078299	0.636577375165928	0.153403794782454	0.721154787547435	sample_2022120210001
s__Streptococcus.oralis_G	Responder_Status	Responder	1.25964118502864	0.843649698199433	0.146598461445195	0.721154787547435	sample_2022120210001
s__Streptococcus.sp905371745	Responder_Status	Responder	1.26795124664644	0.867884827238624	0.155156347049654	0.721154787547435	sample_2022120210001
s__Streptococcus.mitis_AX	Responder_Status	Responder	-1.04290907395739	0.698558052236771	0.14663494802277	0.721154787547435	sample_2022120210001
s__HROM_Genome_2326	Responder_Status	Responder	-0.842668394927345	0.577878369188505	0.155909088034735	0.721154787547435	sample_2022120210001
s__Streptococcus.cristatus_F	Responder_Status	Responder	-1.67742774675729	1.14518890573078	0.154125175372988	0.721154787547435	sample_2022120210001
s__Allisonella.pneumosintes	Responder_Status	Responder	-1.77530888993022	1.21276255770302	0.154370794633612	0.721154787547435	sample_2022120210001
s__HROM_Genome_2833	Responder_Status	Responder	-1.92985386756242	1.28775344939034	0.145162820167308	0.721154787547435	sample_2022120210001
s__Veillonella.sp003463825	Responder_Status	Responder	-1.25880513793478	0.840484076356887	0.145397077395942	0.721154787547435	sample_2022120210001
s__Leptotrichia.sp013394795	Responder_Status	Responder	1.55704246258419	1.04148899757468	0.14609652703495	0.721154787547435	sample_2022120210001
s__Leptotrichia.shahii	Responder_Status	Responder	-1.559324782459	1.05077859933021	0.14898750425202	0.721154787547435	sample_2022120210001
s__SDRW01.sp007845485	Responder_Status	Responder	-1.5334623520543	1.04599135830553	0.153779413947031	0.721154787547435	sample_2022120210001
s__HROM_Genome_4498	Responder_Status	Responder	-2.04693461875463	1.3843259833222	0.150396360779837	0.721154787547435	sample_2022120210001
s__Rothia.mucilaginosa_B	Responder_Status	Responder	-1.4169042345228	0.973364453385259	0.156603546169094	0.721883065740029	sample_2022120210001
s__Olsenella_I.phocaeensis	Responder_Status	Responder	-1.33319007009951	0.922875552821948	0.159667515039904	0.724690975562037	sample_2022120210001
s__HROM_Genome_0748	Responder_Status	Responder	-0.654537872056086	0.453746506620772	0.160249941680508	0.724690975562037	sample_2022120210001
s__Prevotella.sp013333935	Responder_Status	Responder	-1.40104034602996	0.968291358634743	0.159022762597886	0.724690975562037	sample_2022120210001
s__HROM_Genome_1174	Responder_Status	Responder	-1.22564266553479	0.84755673633389	0.159253880423913	0.724690975562037	sample_2022120210001
s__W5053.sp000467935	Responder_Status	Responder	1.44733394622957	0.999276566700957	0.158616926772524	0.724690975562037	sample_2022120210001
s__HROM_Genome_3434	Responder_Status	Responder	1.2209957760026	0.845832251704323	0.159963529554532	0.724690975562037	sample_2022120210001
s__HROM_Genome_3479	Responder_Status	Responder	0.894824601575223	0.623467080877112	0.16229606279054	0.724690975562037	sample_2022120210001
s__HROM_Genome_5095	Responder_Status	Responder	-1.51262654280878	1.04748045052541	0.159818867030101	0.724690975562037	sample_2022120210001
s__Veillonella.sp002959755	Responder_Status	Responder	-1.26926282905974	0.888685969027716	0.164281176590142	0.726701163512564	sample_2022120210001
s__HROM_Genome_0698	Responder_Status	Responder	0.745507987895193	0.524273099376126	0.166075343995799	0.731507449627314	sample_2022120210001
s__HROM_Genome_1272	Responder_Status	Responder	1.29247902352517	0.909500036285901	0.166333495571938	0.732092832543659	sample_2022120210001
s__Streptococcus.mitis_AZ.1	Responder_Status	Responder	-1.20605489412678	0.860716414423813	0.172134618048981	0.738798360143409	sample_2022120210001
s__HROM_Genome_2573	Responder_Status	Responder	1.13886028020287	0.811588732786862	0.171535798612348	0.738798360143409	sample_2022120210001
s__HROM_Genome_5096	Responder_Status	Responder	-1.20228364893806	0.856649911688359	0.171469871485093	0.738798360143409	sample_2022120210001
s__Rothia.sp001808955.8	Responder_Status	Responder	1.50272774601865	1.07830144947117	0.174400487989691	0.739333848346779	sample_2022120210001
s__HROM_Genome_0960	Responder_Status	Responder	-0.866877952049675	0.620655426167831	0.173473153072135	0.739333848346779	sample_2022120210001
s__Desulfovibrio.sp003860215	Responder_Status	Responder	0.902422703946567	0.645548007102269	0.173115025785389	0.739333848346779	sample_2022120210001
s__HROM_Genome_1753	Responder_Status	Responder	0.740623049086629	0.530524308718795	0.173679561047184	0.739333848346779	sample_2022120210001
s__Limosilactobacillus.vaginalis	Responder_Status	Responder	-1.69573792925682	1.21835594847541	0.174933936771366	0.740397436950494	sample_2022120210001
s__Rothia.sp015265375.2	Responder_Status	Responder	0.983532960960838	0.709888827322516	0.176845706526184	0.745788711865472	sample_2022120210001
s__Bulleidia.sp015256455	Responder_Status	Responder	1.41322978591025	1.02180883486381	0.177574915936924	0.745947996602047	sample_2022120210001
s__Streptococcus.mitis_Q	Responder_Status	Responder	-1.09274816249849	0.78918091785364	0.177091793980336	0.745947996602047	sample_2022120210001
s__F0422.sp001553345	Responder_Status	Responder	-1.2684083658775	0.917453722680554	0.177737419900509	0.745947996602047	sample_2022120210001
s__Dialister.invisus	Responder_Status	Responder	-1.04427439517347	0.755406086181912	0.177776827932703	0.745947996602047	sample_2022120210001
s__Actinomyces.timonensis	Responder_Status	Responder	-1.41172771828265	1.02656904822545	0.179976711332188	0.750011588552505	sample_2022120210001
s__HROM_Genome_1359	Responder_Status	Responder	0.920053213760579	0.670755712860564	0.181059380883201	0.750011588552505	sample_2022120210001
s__HROM_Genome_2120	Responder_Status	Responder	-1.1021925285248	0.8063631090716	0.182541765303609	0.750011588552505	sample_2022120210001
s__Veillonella.sp900550455	Responder_Status	Responder	-1.81335882961413	1.32384151894239	0.18164414057068	0.750011588552505	sample_2022120210001
s__HROM_Genome_3472	Responder_Status	Responder	-0.670665150739905	0.490245407627371	0.18218543652841	0.750011588552505	sample_2022120210001
s__HROM_Genome_5035	Responder_Status	Responder	-1.95517543122925	1.4295045278568	0.18227514076989	0.750011588552505	sample_2022120210001
s__Metamycoplasma.orale	Responder_Status	Responder	0.802594020673109	0.58837201596399	0.183403768442256	0.75065307012421	sample_2022120210001
s__HROM_Genome_2360	Responder_Status	Responder	0.786746807739359	0.577240219408417	0.183761036906334	0.751000124651385	sample_2022120210001
s__Streptococcus.cristatus_D	Responder_Status	Responder	-1.10130420909287	0.811240960333423	0.185446473100613	0.753779301302561	sample_2022120210001
s__Prevotella.histicola	Responder_Status	Responder	-2.25078950380809	1.66267066056646	0.186653118599682	0.754676116483237	sample_2022120210001
s__Selenomonas.sp905372355	Responder_Status	Responder	-1.58811510081632	1.17308359660935	0.186629166106032	0.754676116483237	sample_2022120210001
s__Streptococcus.sp013394695	Responder_Status	Responder	-1.24457708639839	0.925243992080068	0.189376179513388	0.757963134405595	sample_2022120210001
s__Veillonella.atypica	Responder_Status	Responder	-1.70961872673436	1.27124343014387	0.189470021341773	0.757963134405595	sample_2022120210001
s__Pauljensenia.sp000758755	Responder_Status	Responder	1.13783935056024	0.84806751652207	0.190478777064697	0.758928733430918	sample_2022120210001
s__Bifidobacterium.dentium	Responder_Status	Responder	-1.83771811855485	1.39460630864206	0.198273744198345	0.762384665615575	sample_2022120210001
s__HROM_Genome_0396	Responder_Status	Responder	1.23734140290125	0.938230366107386	0.197920069510112	0.762384665615575	sample_2022120210001
s__JABCPO02.sp013333105	Responder_Status	Responder	-1.70759176759654	1.29805405074162	0.199012229836294	0.762384665615575	sample_2022120210001
s__Streptococcus.parasanguinis	Responder_Status	Responder	-1.12605964721632	0.84740544980899	0.194631432427085	0.762384665615575	sample_2022120210001
s__Streptococcus.oralis_F	Responder_Status	Responder	-1.12126765159021	0.85469108987542	0.20020924102747	0.762384665615575	sample_2022120210001
s__HROM_Genome_3435	Responder_Status	Responder	1.80980974042675	1.35756912466924	0.193236624793839	0.762384665615575	sample_2022120210001
s__Haemophilus_D.pittmaniae	Responder_Status	Responder	0.628085513817928	0.47637703778889	0.198032432340039	0.762384665615575	sample_2022120210001
s__Haemophilus_D.parainfluenzae_J	Responder_Status	Responder	1.00110441888537	0.761404172584489	0.199240322120798	0.762384665615575	sample_2022120210001
s__HROM_Genome_1919	Responder_Status	Responder	-1.13258243545247	0.865484292115315	0.201306033465945	0.76275833707678	sample_2022120210001
s__Rothia.mucilaginosa.2	Responder_Status	Responder	0.878770569928533	0.672399488377105	0.201873033756902	0.764214949682054	sample_2022120210001
s__Streptococcus.halitosis	Responder_Status	Responder	0.920995396060753	0.706982206705663	0.203285496860979	0.768566448352148	sample_2022120210001
s__HROM_Genome_5053	Responder_Status	Responder	-0.835050725785388	0.643064191470855	0.204692133819959	0.770396343965009	sample_2022120210001
s__Campylobacter_A.curvus	Responder_Status	Responder	1.45915736918876	1.12473078191853	0.205102379707801	0.770689914942437	sample_2022120210001
s__Rothia.sp001808955.7	Responder_Status	Responder	1.07923171937574	0.856904910705063	0.218264582354365	0.773699312794141	sample_2022120210001
s__Arachnia.sp905372155	Responder_Status	Responder	1.65372131136931	1.29599858779255	0.21243193399633	0.773699312794141	sample_2022120210001
s__HROM_Genome_0924	Responder_Status	Responder	-0.800890350488323	0.629646551370426	0.213847643579463	0.773699312794141	sample_2022120210001
s__Porphyromonas.pasteri	Responder_Status	Responder	2.25676108079389	1.78951160415343	0.217677897560975	0.773699312794141	sample_2022120210001
s__HROM_Genome_1209	Responder_Status	Responder	1.41324877601215	1.12097811662552	0.217811469609085	0.773699312794141	sample_2022120210001
s__Capnocytophaga.endodontalis	Responder_Status	Responder	-1.20174041431033	0.942603364295903	0.212817080705302	0.773699312794141	sample_2022120210001
s__Capnocytophaga.sputigena	Responder_Status	Responder	0.995914368726489	0.788289634099741	0.216869076254678	0.773699312794141	sample_2022120210001
s__HROM_Genome_1692	Responder_Status	Responder	-0.695606043731509	0.538815001260187	0.207263997418883	0.773699312794141	sample_2022120210001
s__HROM_Genome_1922	Responder_Status	Responder	1.54530412425145	1.19716894638926	0.207330221655462	0.773699312794141	sample_2022120210001
s__Streptococcus.oralis_BC.1	Responder_Status	Responder	0.951416773551236	0.75130215941493	0.215819530053229	0.773699312794141	sample_2022120210001
s__HROM_Genome_2178	Responder_Status	Responder	-1.43839044957352	1.13524944647781	0.215583751336118	0.773699312794141	sample_2022120210001
s__HROM_Genome_2639	Responder_Status	Responder	-1.28132438753653	1.01003677534505	0.215032521371242	0.773699312794141	sample_2022120210001
s__HROM_Genome_2666	Responder_Status	Responder	1.25890058965463	0.995415862820846	0.21640514424647	0.773699312794141	sample_2022120210001
s__Dialister.micraerophilus	Responder_Status	Responder	-0.732384395558526	0.577557624104777	0.215215542744486	0.773699312794141	sample_2022120210001
s__Nanosynbacter.sp900557595	Responder_Status	Responder	-0.731222767123062	0.578861084159319	0.216931714697148	0.773699312794141	sample_2022120210001
s__HROM_Genome_3578	Responder_Status	Responder	-0.893739606005014	0.702166699373923	0.213545598444883	0.773699312794141	sample_2022120210001
s__Treponema_D.buccale	Responder_Status	Responder	-1.00606851312252	0.781429813397148	0.208470662196193	0.773699312794141	sample_2022120210001
s__Olsenella_F.sp001189515	Responder_Status	Responder	-1.29453032489317	1.03031145840757	0.219336332924428	0.773699979446758	sample_2022120210001
s__Limosilactobacillus.oris	Responder_Status	Responder	-1.50012996730974	1.19390236373794	0.219319419404282	0.773699979446758	sample_2022120210001
s__Lancefieldella.sp000564995.14	Responder_Status	Responder	-0.936213575191038	0.747664215689347	0.220861531713749	0.774406510418034	sample_2022120210001
s__HROM_Genome_1912	Responder_Status	Responder	1.42718202019065	1.13891138948133	0.220529355145069	0.774406510418034	sample_2022120210001
s__Rothia.mucilaginosa_B.6	Responder_Status	Responder	1.0166224753312	0.813737957160183	0.221889863509072	0.775034918049565	sample_2022120210001
s__HROM_Genome_3445	Responder_Status	Responder	0.896850437652004	0.717802063786925	0.22184822855023	0.775034918049565	sample_2022120210001
s__Campylobacter_A.concisus_O	Responder_Status	Responder	-0.81153051948347	0.658287090786578	0.227904487440028	0.782668465973541	sample_2022120210001
s__Rothia.mucilaginosa.6	Responder_Status	Responder	0.773686630673034	0.630936882027578	0.230317508006934	0.78398778465749	sample_2022120210001
s__Actinomyces.israelii	Responder_Status	Responder	1.51695373537567	1.24547659485337	0.233399562420601	0.78398778465749	sample_2022120210001
s__Lancefieldella.sp000564995.2	Responder_Status	Responder	0.594806675542191	0.490280338265428	0.235190325589512	0.78398778465749	sample_2022120210001
s__Porphyromonas.sp905372525	Responder_Status	Responder	-1.3218864782189	1.07754485987733	0.230129678887802	0.78398778465749	sample_2022120210001
s__HROM_Genome_1187	Responder_Status	Responder	1.39899714835485	1.15492570643609	0.235893228047988	0.78398778465749	sample_2022120210001
s__HROM_Genome_1454	Responder_Status	Responder	0.521641728401105	0.424221857933374	0.229063286916687	0.78398778465749	sample_2022120210001
s__Streptococcus.cristatus	Responder_Status	Responder	-0.92297049128503	0.76095637222081	0.235298896565233	0.78398778465749	sample_2022120210001
s__Eikenella.halliae	Responder_Status	Responder	1.17996588519523	0.963853441848817	0.2310715333606	0.78398778465749	sample_2022120210001
s__Streptococcus.sp001808705.2	Responder_Status	Responder	-0.678493782938736	0.560856050359986	0.236491103346131	0.784946336773501	sample_2022120210001
s__HROM_Genome_1746	Responder_Status	Responder	1.46743989963698	1.21609616081265	0.237651457011395	0.786564420289698	sample_2022120210001
s__HROM_Genome_2351	Responder_Status	Responder	-1.03132224088026	0.85731468494581	0.239062249846125	0.786748120934078	sample_2022120210001
s__Streptococcus.sp905372925	Responder_Status	Responder	-0.429855913049156	0.357667881383039	0.23949605690752	0.786748120934078	sample_2022120210001
s__HROM_Genome_2905	Responder_Status	Responder	-1.39696318549026	1.16547937961079	0.240723632545526	0.786748120934078	sample_2022120210001
s__Haemophilus_D.parainfluenzae_K	Responder_Status	Responder	0.802174154245242	0.666026799194564	0.238510860719677	0.786748120934078	sample_2022120210001
s__HROM_Genome_2872	Responder_Status	Responder	-1.39898918290139	1.16802345335526	0.241059194644164	0.786775140182171	sample_2022120210001
s__Streptococcus.gordonii	Responder_Status	Responder	-1.41466019391182	1.19091066467309	0.24485932475293	0.792910112565583	sample_2022120210001
s__HROM_Genome_1342	Responder_Status	Responder	0.722094699988846	0.60869217587796	0.245470771022943	0.794010324642558	sample_2022120210001
s__Centipeda.sp001717585	Responder_Status	Responder	0.710411579992672	0.599598294065716	0.246050991106676	0.794129234135019	sample_2022120210001
s__Rothia.mucilaginosa_B.4	Responder_Status	Responder	1.56174672279716	1.32904854428105	0.249856550169616	0.794321137250741	sample_2022120210001
s__HROM_Genome_2448	Responder_Status	Responder	0.278606662680302	0.236719182098337	0.249123968371473	0.794321137250741	sample_2022120210001
s__HROM_Genome_2531	Responder_Status	Responder	-1.0013912063673	0.84581835219824	0.246393840765119	0.794321137250741	sample_2022120210001
s__Kingella_A.denitrificans	Responder_Status	Responder	1.69646805235243	1.4438808973575	0.249915581078548	0.794321137250741	sample_2022120210001
s__Mesocricetibacter.sp905373425	Responder_Status	Responder	1.50462704885433	1.27166574908455	0.246681358022319	0.794321137250741	sample_2022120210001
s__HROM_Genome_2847	Responder_Status	Responder	-1.2327521945132	1.0502062856162	0.250355535594304	0.794423510069873	sample_2022120210001
s__HROM_Genome_2606	Responder_Status	Responder	0.893976825764769	0.766983608598759	0.25361980104899	0.799141637267572	sample_2022120210001
s__Capnocytophaga.granulosa	Responder_Status	Responder	-1.26659518445093	1.088441473804	0.25437534206975	0.799245676453449	sample_2022120210001
s__Streptococcus.mitis_AI	Responder_Status	Responder	1.02469786426444	0.880401915568676	0.254287635362991	0.799245676453449	sample_2022120210001
s__HROM_Genome_1703	Responder_Status	Responder	-1.30672154602074	1.12715080988179	0.256119622965644	0.80005964983867	sample_2022120210001
s__HROM_Genome_2439	Responder_Status	Responder	-0.75107686577643	0.648028511701101	0.256238094867064	0.80005964983867	sample_2022120210001
s__HROM_Genome_1717	Responder_Status	Responder	1.75314229354946	1.51957722923495	0.258374746070389	0.802009989796074	sample_2022120210001
s__Oribacterium.sinus.1	Responder_Status	Responder	-0.816103818129458	0.710614532368512	0.260500752862917	0.802009989796074	sample_2022120210001
s__HROM_Genome_2470	Responder_Status	Responder	1.03472155444957	0.896742200759534	0.258308863729665	0.802009989796074	sample_2022120210001
s__Veillonella.sp900550175	Responder_Status	Responder	-1.03590491937008	0.899947008993426	0.259437265587305	0.802009989796074	sample_2022120210001
s__HROM_Genome_2877	Responder_Status	Responder	-0.688964611116953	0.599968481755475	0.26054672057506	0.802009989796074	sample_2022120210001
s__Aggregatibacter.sp000466335	Responder_Status	Responder	-1.09329941736667	0.946772381987226	0.25794719632149	0.802009989796074	sample_2022120210001
s__Treponema_B.denticola	Responder_Status	Responder	1.10926838379437	0.963960195692342	0.25957173636459	0.802009989796074	sample_2022120210001
s__Pauljensenia.sp000411415	Responder_Status	Responder	-1.82744385379073	1.59501362226187	0.261607973269147	0.802225902724357	sample_2022120210001
s__Prevotella.sp018127805	Responder_Status	Responder	1.44501208175065	1.26559491056871	0.263222307394416	0.802225902724357	sample_2022120210001
s__Campylobacter_A.sp905372745.1	Responder_Status	Responder	0.374209189886261	0.329790909621863	0.266127634795984	0.802225902724357	sample_2022120210001
s__HROM_Genome_2191	Responder_Status	Responder	1.06118347531176	0.92811178155889	0.262563185408052	0.802225902724357	sample_2022120210001
s__Streptococcus.oralis	Responder_Status	Responder	-0.753603995927122	0.664790135456026	0.266576784651309	0.802338468736818	sample_2022120210001
s__HROM_Genome_2293	Responder_Status	Responder	0.970267614296312	0.855726179313793	0.266471156428506	0.802338468736818	sample_2022120210001
s__HROM_Genome_1914	Responder_Status	Responder	1.1436546749569	1.01209656535296	0.268069614510893	0.803109634452164	sample_2022120210001
s__Prevotella.loescheii	Responder_Status	Responder	1.08501037279636	0.968047724833356	0.271884534084114	0.805932384907897	sample_2022120210001
s__HROM_Genome_1696	Responder_Status	Responder	-0.580176723652935	0.517659676669194	0.271907384608789	0.805932384907897	sample_2022120210001
s__Campylobacter_A.concisus_C.1	Responder_Status	Responder	0.450881744434078	0.402981642882591	0.272705247769745	0.807069454791979	sample_2022120210001
s__Bulleidia.extructa	Responder_Status	Responder	-0.974117612644186	0.871902448918019	0.273390283212505	0.80827830317506	sample_2022120210001
s__Scardovia.inopinata	Responder_Status	Responder	-1.0560762982763	0.948871387508614	0.275180526297539	0.81041920284995	sample_2022120210001
s__Rothia.sp001808955.4	Responder_Status	Responder	1.87689008202634	1.70383315386971	0.280028506164486	0.81041920284995	sample_2022120210001
s__Scardovia.wiggsiae	Responder_Status	Responder	-1.63772977413391	1.47546386028795	0.276451287315627	0.81041920284995	sample_2022120210001
s__Pauljensenia.sp902373435	Responder_Status	Responder	-1.0515196742503	0.959679589588425	0.282546000217553	0.81041920284995	sample_2022120210001
s__Corynebacterium.matruchotii	Responder_Status	Responder	-1.05475037641716	0.966204574974402	0.284294702347027	0.81041920284995	sample_2022120210001
s__Prevotella.pleuritidis	Responder_Status	Responder	-1.91665532356308	1.76557136881039	0.286926541769492	0.81041920284995	sample_2022120210001
s__Prevotella.conceptionensis	Responder_Status	Responder	-0.892227578056824	0.805177001168757	0.277240990055844	0.81041920284995	sample_2022120210001
s__HROM_Genome_1159	Responder_Status	Responder	-1.27368037495489	1.16476864411838	0.283490868767466	0.81041920284995	sample_2022120210001
s__HROM_Genome_1602	Responder_Status	Responder	-0.664561114087577	0.601640966198334	0.278743217314155	0.81041920284995	sample_2022120210001
s__Oribacterium.sp013394775	Responder_Status	Responder	-0.752057602300116	0.696830670640856	0.289683909288822	0.81041920284995	sample_2022120210001
s__Stomatobaculum.longum	Responder_Status	Responder	-1.76203438195472	1.63445971950997	0.290210347717712	0.81041920284995	sample_2022120210001
s__Parvimonas.micra	Responder_Status	Responder	1.29971911833974	1.18332233956693	0.281400847114768	0.81041920284995	sample_2022120210001
s__Lactobacillus.paragasseri	Responder_Status	Responder	-1.130991779811	1.04457541233664	0.288165277922124	0.81041920284995	sample_2022120210001
s__HROM_Genome_2123	Responder_Status	Responder	-0.818163166327685	0.750044296288887	0.284650540189045	0.81041920284995	sample_2022120210001
s__Streptococcus.gwangjuense	Responder_Status	Responder	0.838590706711623	0.754020109001197	0.275527637826242	0.81041920284995	sample_2022120210001
s__Streptococcus.mitis_BS	Responder_Status	Responder	0.741856995783549	0.687623758826327	0.289852081266102	0.81041920284995	sample_2022120210001
s__Streptococcus.oralis_AD	Responder_Status	Responder	-0.792489413428707	0.72131454826195	0.281268132292793	0.81041920284995	sample_2022120210001
s__HROM_Genome_2463	Responder_Status	Responder	1.24630644982342	1.12356740494846	0.276763022085709	0.81041920284995	sample_2022120210001
s__HROM_Genome_3432	Responder_Status	Responder	0.359329160799602	0.330322584192812	0.285953147201795	0.81041920284995	sample_2022120210001
s__HROM_Genome_4460	Responder_Status	Responder	-0.550414163183292	0.494269929197742	0.274923643108989	0.81041920284995	sample_2022120210001
s__HROM_Genome_5047	Responder_Status	Responder	-0.694524656556264	0.643211945460818	0.28945568499522	0.81041920284995	sample_2022120210001
s__Treponema_D.sp014334335	Responder_Status	Responder	-1.43049430956522	1.32522907566593	0.289606282520043	0.81041920284995	sample_2022120210001
s__HROM_Genome_1762	Responder_Status	Responder	-0.512266278223996	0.477220651631398	0.2922395054504	0.812350130703902	sample_2022120210001
s__HROM_Genome_2118	Responder_Status	Responder	-0.883421950875657	0.82572016084211	0.293809645130916	0.812350130703902	sample_2022120210001
s__HROM_Genome_2658	Responder_Status	Responder	1.37944324024446	1.28761422601354	0.293174663646954	0.812350130703902	sample_2022120210001
s__F0422.sp900766245	Responder_Status	Responder	-0.584456802261594	0.545927198829465	0.293501943342539	0.812350130703902	sample_2022120210001
s__HROM_Genome_0885	Responder_Status	Responder	-0.565176011472615	0.531545935510718	0.296744731542902	0.813847706883454	sample_2022120210001
s__HROM_Genome_2309	Responder_Status	Responder	0.767303444909954	0.721581888135782	0.296702629005089	0.813847706883454	sample_2022120210001
s__Leptotrichia.sp002240055	Responder_Status	Responder	-1.44615735848432	1.35722435706129	0.295740450695447	0.813847706883454	sample_2022120210001
s__HROM_Genome_4842	Responder_Status	Responder	1.20646266930344	1.13160602420644	0.295462730890937	0.813847706883454	sample_2022120210001
s__HROM_Genome_5046	Responder_Status	Responder	-1.8038596266219	1.69698334100624	0.296873160033745	0.813847706883454	sample_2022120210001
s__HROM_Genome_1828	Responder_Status	Responder	0.787184781098816	0.741265897808707	0.29733396602022	0.81401266107175	sample_2022120210001
s__Haemophilus_D.sp001815355	Responder_Status	Responder	1.09893887847223	1.03458726444495	0.297220810993763	0.81401266107175	sample_2022120210001
s__Eubacterium_N.saphenum	Responder_Status	Responder	-1.75083521514935	1.65065703146342	0.297894917330914	0.814785115488625	sample_2022120210001
s__HROM_Genome_0258	Responder_Status	Responder	1.51791805295096	1.43666466587958	0.299744992678043	0.815845896167264	sample_2022120210001
s__HROM_Genome_0501	Responder_Status	Responder	-0.389312407734141	0.369227953998321	0.300715627622717	0.815845896167264	sample_2022120210001
s__HROM_Genome_2541	Responder_Status	Responder	0.601924280381899	0.569274182790077	0.299387618395744	0.815845896167264	sample_2022120210001
s__Nanosynbacter.sp900555885.1	Responder_Status	Responder	-0.872477369569957	0.824645689395175	0.299096898476654	0.815845896167264	sample_2022120210001
s__Haemophilus_D.parainfluenzae_M	Responder_Status	Responder	1.18782642384391	1.12890708839343	0.301707926751423	0.815899104473259	sample_2022120210001
s__HROM_Genome_5067	Responder_Status	Responder	-1.73539937174962	1.64997814440085	0.301897415008272	0.815899104473259	sample_2022120210001
s__Actinomyces.sp000220835	Responder_Status	Responder	-1.15474526365913	1.09994157361586	0.302776146568071	0.816557258579433	sample_2022120210001
s__Lactobacillus.helveticus	Responder_Status	Responder	-1.33437509451069	1.27369380934417	0.303763192636316	0.816557258579433	sample_2022120210001
s__Streptococcus.sobrinus	Responder_Status	Responder	-1.05390717715234	1.00494844478857	0.30327636377749	0.816557258579433	sample_2022120210001
s__HROM_Genome_1042	Responder_Status	Responder	-1.41400657795369	1.35712632360875	0.306365537502685	0.81663235064279	sample_2022120210001
s__HROM_Genome_1665	Responder_Status	Responder	1.24495193111234	1.19218500364489	0.305297045386698	0.81663235064279	sample_2022120210001
s__HROM_Genome_2466	Responder_Status	Responder	-0.76684695671593	0.734114303761371	0.30514835206975	0.81663235064279	sample_2022120210001
s__Fusobacterium.nucleatum	Responder_Status	Responder	1.32862679987994	1.27706219861912	0.307065240626718	0.81663235064279	sample_2022120210001
s__HROM_Genome_1923	Responder_Status	Responder	-0.924731054577417	0.889817912110906	0.30758625941319	0.817264859851383	sample_2022120210001
s__HROM_Genome_1564	Responder_Status	Responder	0.715792952195179	0.693430468192429	0.310789631345182	0.818027046809233	sample_2022120210001
s__Streptococcus.oralis_C	Responder_Status	Responder	-0.502417214428076	0.485663084816962	0.309756316398609	0.818027046809233	sample_2022120210001
s__HROM_Genome_2217	Responder_Status	Responder	0.719448016949662	0.695855283071403	0.310028514945326	0.818027046809233	sample_2022120210001
s__HROM_Genome_2458	Responder_Status	Responder	1.52042249784879	1.47088838327879	0.310133407301729	0.818027046809233	sample_2022120210001
s__Rothia.mucilaginosa_B.5	Responder_Status	Responder	0.661210076301386	0.642546120108301	0.31226544396724	0.818411433499323	sample_2022120210001
s__Nanogingivalis.sp013333405	Responder_Status	Responder	-0.4542192311062	0.442304943745579	0.313240575328927	0.818411433499323	sample_2022120210001
s__HROM_Genome_4856	Responder_Status	Responder	1.00581808038993	0.978849562264504	0.31295641158413	0.818411433499323	sample_2022120210001
s__HROM_Genome_1215	Responder_Status	Responder	0.939628090521286	0.916725190158694	0.314145205882289	0.819308864172167	sample_2022120210001
s__HROM_Genome_1329	Responder_Status	Responder	0.494704874553649	0.48419664768045	0.315668701816205	0.819308864172167	sample_2022120210001
s__Streptococcus.sanguinis_E	Responder_Status	Responder	1.09075946530523	1.06516592931294	0.314588421383117	0.819308864172167	sample_2022120210001
s__Prevotella.sp000163055	Responder_Status	Responder	-1.01193022710525	0.994446750801316	0.317589617805664	0.819499034481881	sample_2022120210001
s__HROM_Genome_2421	Responder_Status	Responder	-0.697664847826959	0.685550789919551	0.317547845010748	0.819499034481881	sample_2022120210001
s__Campylobacter_A.sp905372745.2	Responder_Status	Responder	0.366142290491689	0.361596257658688	0.319935142023235	0.820664400309222	sample_2022120210001
s__Parvimonas.sp000223315	Responder_Status	Responder	0.58839697771621	0.580265018596301	0.31925864186579	0.820664400309222	sample_2022120210001
s__HROM_Genome_2247	Responder_Status	Responder	0.995566618255701	0.981516569430683	0.319117837635109	0.820664400309222	sample_2022120210001
s__HROM_Genome_2483	Responder_Status	Responder	0.768261291012069	0.756828404144629	0.318746984909959	0.820664400309222	sample_2022120210001
s__HROM_Genome_4872	Responder_Status	Responder	0.575420015235233	0.567983554762734	0.319690802055767	0.820664400309222	sample_2022120210001
s__HROM_Genome_5105	Responder_Status	Responder	-1.00773989322435	0.994184439855592	0.319436558726548	0.820664400309222	sample_2022120210001
s__Rothia.mucilaginosa.11	Responder_Status	Responder	0.789880048281728	0.782821874201281	0.321607425388238	0.821422753087586	sample_2022120210001
s__HROM_Genome_0761	Responder_Status	Responder	-0.342040842914583	0.338635007212558	0.321117120860353	0.821422753087586	sample_2022120210001
s__Johnsonella.ignava	Responder_Status	Responder	-1.23921922462427	1.23069349702712	0.322592555375953	0.82159224532295	sample_2022120210001
s__Rothia.mucilaginosa.5	Responder_Status	Responder	-0.361951518442953	0.360200674920869	0.323569393910713	0.821834437157183	sample_2022120210001
s__Prevotella.koreensis	Responder_Status	Responder	1.90293195474256	1.90196002640856	0.325631819117114	0.822397295181774	sample_2022120210001
s__Prevotella.saccharolytica	Responder_Status	Responder	-0.798597858399062	0.807107524932462	0.330913759040036	0.822397295181774	sample_2022120210001
s__Bergeyella_A.cardium	Responder_Status	Responder	1.62505653316992	1.63495548452764	0.32876192715014	0.822397295181774	sample_2022120210001
s__HROM_Genome_1265	Responder_Status	Responder	0.785510880901482	0.789163331741106	0.328080197298675	0.822397295181774	sample_2022120210001
s__HROM_Genome_1644	Responder_Status	Responder	-0.737487077907358	0.743002036033758	0.329416677979498	0.822397295181774	sample_2022120210001
s__HROM_Genome_1843	Responder_Status	Responder	-0.512639040378324	0.513700751596877	0.326858329547694	0.822397295181774	sample_2022120210001
s__Streptococcus.salivarius	Responder_Status	Responder	-0.653775094069919	0.655938570249807	0.327445389234195	0.822397295181774	sample_2022120210001
s__Streptococcus.mitis_BO	Responder_Status	Responder	0.610635638680605	0.615623739697043	0.329742469504213	0.822397295181774	sample_2022120210001
s__HROM_Genome_2337	Responder_Status	Responder	-0.544737202737472	0.545999511177975	0.326975127533555	0.822397295181774	sample_2022120210001
s__Streptococcus.sanguinis_C	Responder_Status	Responder	-1.00955396302776	1.01859786664008	0.330114659502996	0.822397295181774	sample_2022120210001
s__Streptococcus.sp902460355.1	Responder_Status	Responder	0.865803617070312	0.865316783487685	0.325607303451533	0.822397295181774	sample_2022120210001
s__HROM_Genome_3444	Responder_Status	Responder	0.467251315017819	0.47195532781956	0.330636941043053	0.822397295181774	sample_2022120210001
s__HROM_Genome_5043	Responder_Status	Responder	-1.38223608414829	1.39907784766556	0.331632236910768	0.822397295181774	sample_2022120210001
s__Rothia.mucilaginosa.12	Responder_Status	Responder	0.320115795880338	0.324826581425661	0.332819578978524	0.822829745239935	sample_2022120210001
s__HROM_Genome_1888	Responder_Status	Responder	-1.10312228401553	1.119652131881	0.332945440919871	0.822829745239935	sample_2022120210001
s__Haemophilus.seminalis	Responder_Status	Responder	1.0153503151602	1.03084283250301	0.333073597474369	0.822829745239935	sample_2022120210001
s__HROM_Genome_5049	Responder_Status	Responder	-1.57885858895734	1.60694615196109	0.334257269173736	0.823602497559435	sample_2022120210001
s__HROM_Genome_1916	Responder_Status	Responder	0.838925999692475	0.857296588112068	0.336171595568162	0.82433771084244	sample_2022120210001
s__HROM_Genome_2354	Responder_Status	Responder	-0.356903843043179	0.365207436045127	0.336807261614179	0.824733323893957	sample_2022120210001
s__HROM_Genome_1267	Responder_Status	Responder	0.451833118063975	0.462614254782407	0.337083602556581	0.825064345453607	sample_2022120210001
s__Streptococcus.infantis_C	Responder_Status	Responder	-1.17048353059667	1.20393073096635	0.339266423188736	0.827448145215861	sample_2022120210001
s__Neisseria.sicca_A	Responder_Status	Responder	0.921200742121171	0.949604117418117	0.340307869170763	0.827756760425763	sample_2022120210001
s__HROM_Genome_1263	Responder_Status	Responder	0.603066346827747	0.624771524536056	0.342678581011952	0.830757489014872	sample_2022120210001
s__Lactobacillus.iners	Responder_Status	Responder	0.917797480036639	0.952042154441198	0.343283417284243	0.831189550135213	sample_2022120210001
s__HROM_Genome_1679	Responder_Status	Responder	-1.21212379217053	1.26403386031826	0.345800227324334	0.835207573847411	sample_2022120210001
s__Streptococcus.pseudopneumoniae_A	Responder_Status	Responder	-0.750793217226216	0.7875884606509	0.348605327228316	0.836452437458746	sample_2022120210001
s__HROM_Genome_4817	Responder_Status	Responder	1.20765938948913	1.26849113695327	0.34922135311362	0.837243153793728	sample_2022120210001
s__Arachnia.rubra	Responder_Status	Responder	-1.07779018152676	1.14233541369551	0.353497187615106	0.840839144524371	sample_2022120210001
s__HROM_Genome_0963	Responder_Status	Responder	-1.04958629467166	1.11449442077672	0.354370474486672	0.840839144524371	sample_2022120210001
s__HROM_Genome_1275	Responder_Status	Responder	0.734552537817463	0.779144667610347	0.353863643318831	0.840839144524371	sample_2022120210001
s__HROM_Genome_1878	Responder_Status	Responder	1.11254397778709	1.18280147276139	0.354954060968505	0.840839144524371	sample_2022120210001
s__Streptococcus.vestibularis	Responder_Status	Responder	-1.31827923059927	1.39780194416479	0.353692315612342	0.840839144524371	sample_2022120210001
s__Pseudoleptotrichia.goodfellowii	Responder_Status	Responder	0.887858003815523	0.944665216481436	0.355324668430316	0.840839144524371	sample_2022120210001
s__HROM_Genome_3488	Responder_Status	Responder	-0.621771434758589	0.65939475139534	0.353775781797922	0.840839144524371	sample_2022120210001
s__HROM_Genome_2262	Responder_Status	Responder	-0.758973135628136	0.808795477042348	0.356064058711681	0.841566689514669	sample_2022120210001
s__HROM_Genome_1312	Responder_Status	Responder	0.555440191758287	0.593536962806694	0.357370570280085	0.842421508019868	sample_2022120210001
s__HROM_Genome_0225	Responder_Status	Responder	0.974626545065883	1.04480388494877	0.358881450360052	0.842790114038821	sample_2022120210001
s__Streptococcus.symci	Responder_Status	Responder	0.604453196681554	0.647504154547026	0.358536327540995	0.842790114038821	sample_2022120210001
s__Streptococcus.mitis_BB	Responder_Status	Responder	-0.814812988246027	0.872265334475736	0.358221096470794	0.842790114038821	sample_2022120210001
s__Rothia.sp001808955.6	Responder_Status	Responder	0.900845062381983	0.967507994627438	0.359761835122587	0.843484928315894	sample_2022120210001
s__Streptococcus.oralis_BC	Responder_Status	Responder	-0.661243109537651	0.712653885314477	0.361410015952293	0.8438069587489	sample_2022120210001
s__Streptococcus.mitis_AF	Responder_Status	Responder	-0.728073476171698	0.790304168175224	0.364786151957453	0.846650233722058	sample_2022120210001
s__Nanogingivalis.gingivitcus	Responder_Status	Responder	0.44982849750307	0.488360103890185	0.364866823520096	0.846650233722058	sample_2022120210001
s__Prevotella.fusca	Responder_Status	Responder	-0.892920185759181	0.970312060674093	0.365308037700537	0.847123737582816	sample_2022120210001
s__Porphyromonas.sp018127745	Responder_Status	Responder	-0.420420744655659	0.457073480842268	0.365528959584388	0.847123737582816	sample_2022120210001
s__Rothia.sp015265375	Responder_Status	Responder	1.2219733566242	1.33618136888722	0.368249003386611	0.84778356625059	sample_2022120210001
s__HROM_Genome_0255	Responder_Status	Responder	1.4576373646574	1.59687505877539	0.369137583594141	0.84778356625059	sample_2022120210001
s__Lancefieldella.sp015259105	Responder_Status	Responder	-0.305046543285808	0.334099277247729	0.36901588270006	0.84778356625059	sample_2022120210001
s__HROM_Genome_2112	Responder_Status	Responder	0.955589485960442	1.04643059361505	0.368939434952812	0.84778356625059	sample_2022120210001
s__Fusobacterium.pseudoperiodonticum	Responder_Status	Responder	1.32649072441085	1.44817756402462	0.367503313774465	0.84778356625059	sample_2022120210001
s__HROM_Genome_2919	Responder_Status	Responder	-1.15290144284828	1.25848969174288	0.367437963993609	0.84778356625059	sample_2022120210001
s__Aggregatibacter.segnis	Responder_Status	Responder	0.934511804955502	1.02211651726728	0.368370651549465	0.84778356625059	sample_2022120210001
s__HROM_Genome_0520	Responder_Status	Responder	0.406054041629179	0.445475777772681	0.369809797691435	0.847920896144398	sample_2022120210001
s__HROM_Genome_1890	Responder_Status	Responder	0.897366023780484	0.984722458421488	0.369922717736222	0.847920896144398	sample_2022120210001
s__Actinomyces.oris_B	Responder_Status	Responder	-1.0026052427393	1.1011705216202	0.370335834782392	0.848535066367339	sample_2022120210001
s__HOT.345.sp003260355	Responder_Status	Responder	-0.925633619640616	1.01799863848766	0.370969397289011	0.848988303505979	sample_2022120210001
s__HROM_Genome_1353	Responder_Status	Responder	0.733016074653796	0.807879465069259	0.371973507307794	0.84962295827044	sample_2022120210001
s__HROM_Genome_1799	Responder_Status	Responder	-0.453909334706109	0.501809131106281	0.373423534543844	0.850776953419462	sample_2022120210001
s__Streptococcus.dentisani	Responder_Status	Responder	-0.79120284439739	0.874631468747989	0.373388620005632	0.850776953419462	sample_2022120210001
s__Actinomyces.sp900323545	Responder_Status	Responder	1.51895940301237	1.69349282852191	0.377399096429541	0.851750930943417	sample_2022120210001
s__HROM_Genome_1030	Responder_Status	Responder	-0.842544156145457	0.937711634558502	0.376575215191561	0.851750930943417	sample_2022120210001
s__HROM_Genome_1771	Responder_Status	Responder	-1.32071302202203	1.46609395604708	0.37535791305911	0.851750930943417	sample_2022120210001
s__HROM_Genome_4481	Responder_Status	Responder	-0.755495028186945	0.841424656979564	0.376907796023168	0.851750930943417	sample_2022120210001
s__Cardiobacterium.valvarum	Responder_Status	Responder	0.784903623477126	0.87604018648131	0.377908630279873	0.851750930943417	sample_2022120210001
s__Treponema_B.sp905372345	Responder_Status	Responder	-1.11418532465683	1.24979118497822	0.380259794659461	0.853732077002242	sample_2022120210001
s__Streptococcus.sp905221435	Responder_Status	Responder	-0.736337870556379	0.828544021772017	0.38172886782493	0.854541742631627	sample_2022120210001
s__HOT.345.sp013333295	Responder_Status	Responder	1.37013280163538	1.54275720851231	0.38204936137743	0.854541742631627	sample_2022120210001
s__HROM_Genome_2424	Responder_Status	Responder	-0.652715029891568	0.736054214558587	0.382753247287069	0.854542677766584	sample_2022120210001
s__HROM_Genome_5082	Responder_Status	Responder	-1.26408269462892	1.42788467120742	0.383543534750957	0.855326959412189	sample_2022120210001
s__Centipeda.sp000318175	Responder_Status	Responder	-0.479088847437935	0.541552251909217	0.383874776377995	0.855412911905979	sample_2022120210001
s__Lachnoanaerobaculum.sp000287675	Responder_Status	Responder	1.05566847225985	1.19389345304797	0.384105593043632	0.855601063772878	sample_2022120210001
s__Haemophilus_D.parainfluenzae_L.1	Responder_Status	Responder	0.322513561910307	0.365406621010824	0.384959046606943	0.855670404295262	sample_2022120210001
s__HROM_Genome_1217	Responder_Status	Responder	1.27023555452604	1.45265288399762	0.389325831005921	0.856405744935366	sample_2022120210001
s__HROM_Genome_2444	Responder_Status	Responder	0.945965701417214	1.08198575809755	0.389399699230295	0.856405744935366	sample_2022120210001
s__HROM_Genome_2582	Responder_Status	Responder	0.526436999249375	0.600415569586585	0.388062780456105	0.856405744935366	sample_2022120210001
s__Selenomonas.sp905373085	Responder_Status	Responder	-0.923729092477179	1.05454185739331	0.388508648292424	0.856405744935366	sample_2022120210001
s__Leptotrichia.hongkongensis	Responder_Status	Responder	-0.701617110920986	0.801557764448621	0.388848597298144	0.856405744935366	sample_2022120210001
s__Leptotrichia.sp000469385	Responder_Status	Responder	-0.570003939530695	0.651653322195941	0.389176262327184	0.856405744935366	sample_2022120210001
s__Leptotrichia_A.sp001274535	Responder_Status	Responder	-0.872228921526506	0.997108956081855	0.389147579445478	0.856405744935366	sample_2022120210001
s__HROM_Genome_2092	Responder_Status	Responder	-0.598698832144136	0.688125727043596	0.391674948594837	0.856823552401357	sample_2022120210001
s__Rothia.sp015265375.1	Responder_Status	Responder	0.455931426899969	0.532055672968054	0.398761792418407	0.857246482905096	sample_2022120210001
s__Pauljensenia.pyogenes_A	Responder_Status	Responder	0.865084820054346	1.00682135832672	0.397513731829837	0.857246482905096	sample_2022120210001
s__Pauljensenia.bouchesdurhonensis	Responder_Status	Responder	1.44703424522286	1.69983179381884	0.401835364753818	0.857246482905096	sample_2022120210001
s__Actinomyces.naeslundii	Responder_Status	Responder	0.92360303194857	1.08090171423572	0.400094135126595	0.857246482905096	sample_2022120210001
s__Bacteroides_D.sp905373475	Responder_Status	Responder	-1.32693393210083	1.52805141325451	0.392567100629607	0.857246482905096	sample_2022120210001
s__Oribacterium.sinus.3	Responder_Status	Responder	0.56161345183833	0.64796952569147	0.393457909541901	0.857246482905096	sample_2022120210001
s__HROM_Genome_1815	Responder_Status	Responder	0.746538505458092	0.871044448171919	0.398687344587411	0.857246482905096	sample_2022120210001
s__Hornefia.minuta	Responder_Status	Responder	-0.735078461145487	0.860279605033243	0.400099570314252	0.857246482905096	sample_2022120210001
s__Bulleidia.moorei	Responder_Status	Responder	0.619068954445625	0.71588469121998	0.394518680951444	0.857246482905096	sample_2022120210001
s__HROM_Genome_2107	Responder_Status	Responder	0.884122465773466	1.02766307594754	0.396917826941494	0.857246482905096	sample_2022120210001
s__Streptococcus.oralis_BF	Responder_Status	Responder	-0.645073881687634	0.756620243578606	0.401130380355987	0.857246482905096	sample_2022120210001
s__Streptococcus.mitis_AV	Responder_Status	Responder	0.550599358180594	0.644374697227614	0.400096194072136	0.857246482905096	sample_2022120210001
s__HROM_Genome_2235	Responder_Status	Responder	0.292788195360217	0.338497333393368	0.394408692991915	0.857246482905096	sample_2022120210001
s__HROM_Genome_2583	Responder_Status	Responder	-0.436532574101099	0.512358962486851	0.401439945969421	0.857246482905096	sample_2022120210001
s__HROM_Genome_2741	Responder_Status	Responder	-0.435886781502136	0.509239677316896	0.399288057910833	0.857246482905096	sample_2022120210001
s__HROM_Genome_3421	Responder_Status	Responder	-0.941670401768123	1.09088474356049	0.395352181525239	0.857246482905096	sample_2022120210001
s__Prevotella.melaninogenica_A	Responder_Status	Responder	1.60475006194853	1.90703671336577	0.407203820076643	0.858189827706893	sample_2022120210001
s__Capnocytophaga.sp905372595	Responder_Status	Responder	1.29511966092302	1.53268226515143	0.405272527930937	0.858189827706893	sample_2022120210001
s__CAJPNN01.sp905372035	Responder_Status	Responder	-1.13485915073762	1.35274529727588	0.40861386332179	0.858189827706893	sample_2022120210001
s__CAG.793.sp013333395	Responder_Status	Responder	-1.19704447139876	1.41215621129835	0.403808989065678	0.858189827706893	sample_2022120210001
s__HROM_Genome_2469	Responder_Status	Responder	-0.533336104684878	0.63002185306828	0.404431167237669	0.858189827706893	sample_2022120210001
s__HROM_Genome_2600	Responder_Status	Responder	0.773370206452706	0.917931564595016	0.406639652009666	0.858189827706893	sample_2022120210001
s__Centipeda.sp000468035	Responder_Status	Responder	0.600457559958756	0.711944627035943	0.406149816768688	0.858189827706893	sample_2022120210001
s__HROM_Genome_4095	Responder_Status	Responder	0.284426690495977	0.336303354870267	0.404865167375996	0.858189827706893	sample_2022120210001
s__Aggregatibacter.actinomycetemcomitans	Responder_Status	Responder	0.85774658957261	1.01441444849747	0.404967261033558	0.858189827706893	sample_2022120210001
s__Pauljensenia.sp000308055.1	Responder_Status	Responder	1.18888476533887	1.42586614817261	0.411451592052466	0.858610164183968	sample_2022120210001
s__HROM_Genome_3540	Responder_Status	Responder	-0.637403069324072	0.764459698900082	0.411453132653172	0.858610164183968	sample_2022120210001
s__HROM_Genome_4895	Responder_Status	Responder	-0.8514716319417	1.022695665088	0.412129386014477	0.859337408441515	sample_2022120210001
s__HROM_Genome_1539	Responder_Status	Responder	0.291021564021875	0.353137830674266	0.416846631062464	0.859381925295583	sample_2022120210001
s__HROM_Genome_1877	Responder_Status	Responder	-0.921717876030924	1.11418339043257	0.415085408194682	0.859381925295583	sample_2022120210001
s__Streptococcus.mitis_AD	Responder_Status	Responder	0.765272818974083	0.924503331588222	0.414802556480821	0.859381925295583	sample_2022120210001
s__HROM_Genome_2325	Responder_Status	Responder	-0.641587950028579	0.775870180160365	0.415270275234682	0.859381925295583	sample_2022120210001
s__Streptococcus.infantis_I.1	Responder_Status	Responder	-0.63812942386161	0.775569904752133	0.417581197496524	0.859381925295583	sample_2022120210001
s__HROM_Genome_2622	Responder_Status	Responder	0.727714036740605	0.879764559849432	0.4151353346272	0.859381925295583	sample_2022120210001
s__Centipeda.periodontii	Responder_Status	Responder	-0.749377122250495	0.902932733819492	0.413594854012121	0.859381925295583	sample_2022120210001
s__Centipeda.sp000286455	Responder_Status	Responder	0.715110709786664	0.867371019409637	0.41664790503429	0.859381925295583	sample_2022120210001
s__Ottowia.sp001262075	Responder_Status	Responder	1.30210964096819	1.56952887934262	0.413772040208636	0.859381925295583	sample_2022120210001
s__Pauljensenia.hongkongensis	Responder_Status	Responder	-1.08509329696525	1.31959430533586	0.417857899487768	0.859387551902183	sample_2022120210001
s__Rothia.mucilaginosa.9	Responder_Status	Responder	0.512258125368161	0.624998818092069	0.419358214725274	0.859770260289997	sample_2022120210001
s__Prevotella.denticola	Responder_Status	Responder	-0.923588569400238	1.12663382417777	0.419267091960423	0.859770260289997	sample_2022120210001
s__HROM_Genome_1675	Responder_Status	Responder	-1.07539621411312	1.31073918448442	0.418889796506769	0.859770260289997	sample_2022120210001
s__HROM_Genome_2347	Responder_Status	Responder	-0.590538009598744	0.721429684870072	0.419946284758899	0.859770260289997	sample_2022120210001
s__HROM_Genome_2656	Responder_Status	Responder	-1.07461332572908	1.31205344672656	0.419685140540292	0.859770260289997	sample_2022120210001
s__HROM_Genome_3842	Responder_Status	Responder	0.625562590702031	0.764233924451753	0.419956217814875	0.859770260289997	sample_2022120210001
s__HROM_Genome_2729	Responder_Status	Responder	-0.802675361079565	0.982005865090152	0.420610437272093	0.860808125299503	sample_2022120210001
s__Streptococcus.oralis_AC	Responder_Status	Responder	0.766457198352706	0.941991737049335	0.422707702598717	0.86266293051608	sample_2022120210001
s__Granulicatella.elegans	Responder_Status	Responder	-0.826580956216116	1.01717084044508	0.423287523815755	0.862963228707041	sample_2022120210001
s__HROM_Genome_0247	Responder_Status	Responder	1.13258741235085	1.39679181143236	0.424291219446974	0.863503543756115	sample_2022120210001
s__Rothia.mucilaginosa.8	Responder_Status	Responder	0.222535921645783	0.275491416372526	0.426027979181441	0.8642619492881	sample_2022120210001
s__HROM_Genome_0217	Responder_Status	Responder	0.733312101821278	0.909726549399934	0.426990319066806	0.8642619492881	sample_2022120210001
s__Streptococcus.oralis.1	Responder_Status	Responder	-0.772322144022267	0.957836608688861	0.426854472552593	0.8642619492881	sample_2022120210001
s__HROM_Genome_2199	Responder_Status	Responder	-0.655523022777683	0.817423098538585	0.429342452910614	0.866369553887866	sample_2022120210001
s__JABCPE02.sp013333875	Responder_Status	Responder	0.817391264134165	1.021304125313	0.43025206355253	0.866798391297317	sample_2022120210001
s__HROM_Genome_2937	Responder_Status	Responder	0.943297082407865	1.18238948032635	0.431707320615252	0.86816131275065	sample_2022120210001
s__Actinomyces.oris_E	Responder_Status	Responder	-1.01645522236899	1.27908411549226	0.433487494578324	0.868329782519586	sample_2022120210001
s__HROM_Genome_0382	Responder_Status	Responder	1.06446101109063	1.3367165263129	0.432543330022614	0.868329782519586	sample_2022120210001
s__Lautropia.dentalis	Responder_Status	Responder	0.861530793346148	1.08239698089452	0.43275940886387	0.868329782519586	sample_2022120210001
s__Lachnoanaerobaculum.orale	Responder_Status	Responder	-0.922770883666861	1.16234299947304	0.433937245896354	0.868617535021982	sample_2022120210001
s__Neisseria.subflava_C	Responder_Status	Responder	1.3891931835526	1.75212444664342	0.434525287843949	0.869199283863067	sample_2022120210001
s__HROM_Genome_0395	Responder_Status	Responder	-0.687815568138302	0.868384586556469	0.434983277065915	0.869520264859875	sample_2022120210001
s__Streptococcus.mitis_BK	Responder_Status	Responder	-0.707235462500328	0.895605284429252	0.436355309241835	0.871379130361379	sample_2022120210001
s__Rothia.mucilaginosa.4	Responder_Status	Responder	0.583061706897579	0.749651849049029	0.443223380675242	0.872522253904795	sample_2022120210001
s__Rothia.dentocariosa	Responder_Status	Responder	-0.701692804204733	0.893766828667327	0.438990080860968	0.872522253904795	sample_2022120210001
s__HROM_Genome_1372	Responder_Status	Responder	-0.71396394709556	0.913817068397642	0.441183368936508	0.872522253904795	sample_2022120210001
s__Flexilinea.sp001717545	Responder_Status	Responder	0.838833461504347	1.0656481613894	0.437801956023225	0.872522253904795	sample_2022120210001
s__HROM_Genome_1700	Responder_Status	Responder	0.714228463538363	0.915043317447937	0.441621918034961	0.872522253904795	sample_2022120210001
s__HROM_Genome_1701	Responder_Status	Responder	0.843730906039416	1.09370322125699	0.446905693233055	0.872522253904795	sample_2022120210001
s__Oribacterium.sinus.4	Responder_Status	Responder	0.274827024639072	0.355200941982958	0.445578617359354	0.872522253904795	sample_2022120210001
s__HROM_Genome_2691	Responder_Status	Responder	-0.513838363743338	0.663792364853378	0.445361985905445	0.872522253904795	sample_2022120210001
s__Centipeda.felix	Responder_Status	Responder	0.676473459031864	0.872628011515227	0.444711327022744	0.872522253904795	sample_2022120210001
s__Veillonella.sp905209685	Responder_Status	Responder	-0.821301659858017	1.0517430317537	0.441416398068439	0.872522253904795	sample_2022120210001
s__HROM_Genome_3824	Responder_Status	Responder	1.06488981447824	1.37448210190104	0.444976916858903	0.872522253904795	sample_2022120210001
s__Treponema_D.parvum	Responder_Status	Responder	-0.704482825840232	0.910527087158725	0.445586690153086	0.872522253904795	sample_2022120210001
s__HROM_Genome_5100	Responder_Status	Responder	-1.67770333753991	2.13808415129674	0.439232353506135	0.872522253904795	sample_2022120210001
s__Streptococcus.mitis_E	Responder_Status	Responder	0.298861500932738	0.389885164460151	0.449771562521935	0.875239910036765	sample_2022120210001
s__HROM_Genome_0349	Responder_Status	Responder	-0.682956159655848	0.894435606410249	0.451515181335367	0.875411824890989	sample_2022120210001
s__Corynebacterium.durum	Responder_Status	Responder	0.828825335625294	1.08685170266805	0.452083247485127	0.875411824890989	sample_2022120210001
s__Pauljensenia.georgiae	Responder_Status	Responder	0.942948533013508	1.23876636761755	0.452901441726549	0.875689357225166	sample_2022120210001
s__Pauljensenia.marseillensis	Responder_Status	Responder	0.713612903533262	0.942484013887586	0.455277762211397	0.876560311623886	sample_2022120210001
s__Lachnoanaerobaculum.saburreum	Responder_Status	Responder	-0.676538942889335	0.895462027211909	0.456246449073021	0.876560311623886	sample_2022120210001
s__Streptococcus.sp000314795	Responder_Status	Responder	-0.57207412691244	0.755577887456166	0.455293828797726	0.876560311623886	sample_2022120210001
s__Streptococcus.mitis_BQ	Responder_Status	Responder	-0.645784946936315	0.852691884190099	0.455167711987392	0.876560311623886	sample_2022120210001
s__HROM_Genome_0220	Responder_Status	Responder	0.879602021549277	1.18811676010746	0.465261091748258	0.87724452362248	sample_2022120210001
s__HROM_Genome_0430	Responder_Status	Responder	0.743928387087816	1.05251083433225	0.485523701269242	0.87724452362248	sample_2022120210001
s__HROM_Genome_0485	Responder_Status	Responder	0.567085225325328	0.793174639199277	0.480555267095395	0.87724452362248	sample_2022120210001
s__Porphyromonas.endodontalis	Responder_Status	Responder	-0.924885041341813	1.30744188557989	0.485164301316554	0.87724452362248	sample_2022120210001
s__Porphyromonas.sp003640335	Responder_Status	Responder	-0.522470963749777	0.708080939460183	0.466733501397703	0.87724452362248	sample_2022120210001
s__Capnocytophaga.bilenii	Responder_Status	Responder	-1.06731032692037	1.42018477193784	0.458604955076984	0.87724452362248	sample_2022120210001
s__Campylobacter_A.concisus_G	Responder_Status	Responder	0.40237634799698	0.541733324925286	0.463815088471158	0.87724452362248	sample_2022120210001
s__HROM_Genome_1333	Responder_Status	Responder	0.367148560922478	0.494348888893237	0.463854453516912	0.87724452362248	sample_2022120210001
s__HROM_Genome_1338	Responder_Status	Responder	0.457639164872299	0.627978249694253	0.472206368394868	0.87724452362248	sample_2022120210001
s__HROM_Genome_1358	Responder_Status	Responder	0.288817348964456	0.394471075416485	0.470153331689071	0.87724452362248	sample_2022120210001
s__HROM_Genome_1541	Responder_Status	Responder	0.624736543626675	0.845036967045506	0.465877533144925	0.87724452362248	sample_2022120210001
s__Oribacterium.sp015258095	Responder_Status	Responder	-1.29898210712096	1.75828629362806	0.466190366163778	0.87724452362248	sample_2022120210001
s__Stomatobaculum.longum_A.1	Responder_Status	Responder	-1.01738262019475	1.43705777866716	0.484820784113492	0.87724452362248	sample_2022120210001
s__Lactococcus.cremoris	Responder_Status	Responder	-0.414500321265342	0.575665125205549	0.477470124233954	0.87724452362248	sample_2022120210001
s__HROM_Genome_2124	Responder_Status	Responder	-0.591316852808952	0.79380579748722	0.462531008921389	0.87724452362248	sample_2022120210001
s__Streptococcus.oralis.2	Responder_Status	Responder	-0.384460978500064	0.519701671164378	0.465595808272284	0.87724452362248	sample_2022120210001
s__HROM_Genome_2315	Responder_Status	Responder	-0.514661437853938	0.701067206581396	0.468984152884679	0.87724452362248	sample_2022120210001
s__HROM_Genome_2355	Responder_Status	Responder	-0.486891526568133	0.674896995290455	0.476625900535215	0.87724452362248	sample_2022120210001
s__HROM_Genome_2460	Responder_Status	Responder	0.611875586760292	0.863253811949121	0.484307799269775	0.87724452362248	sample_2022120210001
s__HROM_Genome_2530	Responder_Status	Responder	0.435788242966643	0.579998139046962	0.458704265601852	0.87724452362248	sample_2022120210001
s__Granulicatella.sp001071995	Responder_Status	Responder	-0.63156640576661	0.883587461040441	0.480665456944018	0.87724452362248	sample_2022120210001
s__HROM_Genome_2646	Responder_Status	Responder	-1.1035771926865	1.53931440661988	0.479356861372405	0.87724452362248	sample_2022120210001
s__Staphylococcus.aureus	Responder_Status	Responder	0.72672969078707	1.02173762176543	0.482801739452586	0.87724452362248	sample_2022120210001
s__Staphylococcus.epidermidis	Responder_Status	Responder	0.55650215454903	0.747998305563219	0.46308167213229	0.87724452362248	sample_2022120210001
s__CAJPQU01.sp905373705	Responder_Status	Responder	-0.705713845874479	0.984679993494916	0.479499103060682	0.87724452362248	sample_2022120210001
s__HROM_Genome_2747	Responder_Status	Responder	0.259945339713275	0.364041006511955	0.48110368385055	0.87724452362248	sample_2022120210001
s__HROM_Genome_2914	Responder_Status	Responder	1.12039555941183	1.54247404837992	0.47364530943585	0.87724452362248	sample_2022120210001
s__HROM_Genome_3455	Responder_Status	Responder	0.633715660216113	0.84249989621278	0.458216922856005	0.87724452362248	sample_2022120210001
s__HROM_Genome_3898	Responder_Status	Responder	-0.29328211796249	0.402034954178585	0.471758422617063	0.87724452362248	sample_2022120210001
s__HROM_Genome_4230	Responder_Status	Responder	-0.177057244318982	0.243298325301094	0.472816515281597	0.87724452362248	sample_2022120210001
s__Lautropia.mirabilis	Responder_Status	Responder	0.780871090602131	1.09594681902836	0.482045859490816	0.87724452362248	sample_2022120210001
s__HROM_Genome_4966	Responder_Status	Responder	0.560516830912044	0.772021948541269	0.473841535892461	0.87724452362248	sample_2022120210001
s__Xanthomonas.campestris	Responder_Status	Responder	-0.49536669726245	0.66798963568525	0.464517892304248	0.87724452362248	sample_2022120210001
s__HROM_Genome_5084	Responder_Status	Responder	-0.815031689147765	1.12605086363272	0.475194844494584	0.87724452362248	sample_2022120210001
s__Lachnoanaerobaculum.gingivalis	Responder_Status	Responder	0.706786634562765	1.00113958524591	0.486032321521162	0.877349882424704	sample_2022120210001
s__Prevotella.buccae	Responder_Status	Responder	0.949614816554939	1.35537062121637	0.489314963657038	0.8783587317421	sample_2022120210001
s__Campylobacter_A.concisus_C	Responder_Status	Responder	-0.371201041921979	0.529896428697659	0.489385580888432	0.8783587317421	sample_2022120210001
s__Oribacterium.parvum	Responder_Status	Responder	0.922743965062178	1.31530737897971	0.488754997627867	0.8783587317421	sample_2022120210001
s__Streptococcus.xiaochunlingii	Responder_Status	Responder	-0.65998794748965	0.939148750160313	0.488012836536455	0.8783587317421	sample_2022120210001
s__HROM_Genome_2389	Responder_Status	Responder	-0.483287167377362	0.689998972670155	0.48944643101523	0.8783587317421	sample_2022120210001
s__Campylobacter_A.concisus_M	Responder_Status	Responder	0.241537839656017	0.347781466734032	0.493085186526349	0.879756689635687	sample_2022120210001
s__Actinomyces.graevenitzii	Responder_Status	Responder	-0.832543604120167	1.20047881468695	0.493703191894712	0.880459233959876	sample_2022120210001
s__Leptotrichia.sp018128225	Responder_Status	Responder	0.884262198534406	1.27681034748384	0.49429271569618	0.880678587573734	sample_2022120210001
s__Peptidiphaga.gingivicola	Responder_Status	Responder	-0.915290845727731	1.32702034595885	0.496038787133136	0.881077516487812	sample_2022120210001
s__Streptococcus.dentisani.1	Responder_Status	Responder	0.444383143334815	0.645016620604789	0.496525447422232	0.881077516487812	sample_2022120210001
s__HROM_Genome_2428	Responder_Status	Responder	-0.697753443240495	1.01261759167201	0.496456773652335	0.881077516487812	sample_2022120210001
s__HROM_Genome_4915	Responder_Status	Responder	-0.954465038074081	1.38841772135012	0.49745574355128	0.881077516487812	sample_2022120210001
s__HROM_Genome_0287	Responder_Status	Responder	0.318671583398672	0.465633243693381	0.49935915786779	0.881484080624143	sample_2022120210001
s__Lancefieldella.sp000564995.16	Responder_Status	Responder	-0.398087042836529	0.58493279230543	0.501733778376921	0.881484080624143	sample_2022120210001
s__Lancefieldella.sp000564995.18	Responder_Status	Responder	-0.343173059859218	0.502047256358647	0.499879007121039	0.881484080624143	sample_2022120210001
s__Prevotella.aurantiaca	Responder_Status	Responder	-1.35332023272153	1.98764343389068	0.501548129705779	0.881484080624143	sample_2022120210001
s__Capnocytophaga.gingivalis	Responder_Status	Responder	0.864758479249531	1.26976619879814	0.501441648434219	0.881484080624143	sample_2022120210001
s__Streptococcus.oralis_BK	Responder_Status	Responder	-0.57981312994178	0.849949502438261	0.500733973004754	0.881484080624143	sample_2022120210001
s__Pauljensenia.sp000466265.1	Responder_Status	Responder	1.17199298091655	1.74023192414014	0.506170236741649	0.882123892745726	sample_2022120210001
s__HROM_Genome_1111	Responder_Status	Responder	-0.695021723436691	1.03499483410849	0.507391022653743	0.882123892745726	sample_2022120210001
s__Streptococcus.mitis_BM	Responder_Status	Responder	-0.652537513286309	0.966853274002971	0.505269182509818	0.882123892745726	sample_2022120210001
s__Centipeda.sp905372865	Responder_Status	Responder	-0.614981195635898	0.908785687930038	0.50414467179465	0.882123892745726	sample_2022120210001
s__JABCPH02.sp013333235	Responder_Status	Responder	-0.96587176015236	1.42996793318272	0.504930416550066	0.882123892745726	sample_2022120210001
s__GN02.872.sp002761215	Responder_Status	Responder	-0.735003233238217	1.09417139467929	0.507251638733328	0.882123892745726	sample_2022120210001
s__HROM_Genome_3459	Responder_Status	Responder	0.225712173350309	0.335089159840603	0.506095701300657	0.882123892745726	sample_2022120210001
s__HROM_Genome_4015	Responder_Status	Responder	-0.255298574691557	0.376532152394835	0.503320342847407	0.882123892745726	sample_2022120210001
s__HROM_Genome_4502	Responder_Status	Responder	-0.580044091155783	0.855322599677943	0.503237726553929	0.882123892745726	sample_2022120210001
s__Lancefieldella.sp000564995.15	Responder_Status	Responder	-0.387892540247056	0.578501449390316	0.508024327122317	0.882699819271683	sample_2022120210001
s__HROM_Genome_0036	Responder_Status	Responder	-0.664364200556175	0.991847057674294	0.508455912664518	0.882719523567896	sample_2022120210001
s__Streptococcus.mitis_C	Responder_Status	Responder	-0.315280736837063	0.471227030015773	0.508934503677149	0.882719523567896	sample_2022120210001
s__Streptococcus.anginosus	Responder_Status	Responder	-0.759967684547224	1.1375328814837	0.509549966949466	0.882719523567896	sample_2022120210001
s__HROM_Genome_2884	Responder_Status	Responder	0.564642735563264	0.843850861397404	0.508895005061221	0.882719523567896	sample_2022120210001
s__Campylobacter_A.concisus_AF	Responder_Status	Responder	0.515032590256752	0.772514953807027	0.510423198211694	0.883003196147773	sample_2022120210001
s__Streptococcus.oralis.4	Responder_Status	Responder	-0.250735320507861	0.377093483293918	0.511544346617936	0.883562856377612	sample_2022120210001
s__Porphyromonas.sp000467855	Responder_Status	Responder	0.778082880849363	1.17280331051726	0.512475491253382	0.884126105778045	sample_2022120210001
s__HROM_Genome_2320	Responder_Status	Responder	0.154545810691148	0.233320644607761	0.51314638646647	0.884493056029926	sample_2022120210001
s__HROM_Genome_4940	Responder_Status	Responder	0.404103486687593	0.610518167184906	0.513444814218912	0.884493056029926	sample_2022120210001
s__HROM_Genome_1368	Responder_Status	Responder	-1.08079644068851	1.63462223674574	0.513894550015056	0.884746287139323	sample_2022120210001
s__Rothia.mucilaginosa.7	Responder_Status	Responder	0.790669384047766	1.19783835518658	0.514596074600409	0.885432456885308	sample_2022120210001
s__Capnocytophaga.leadbetteri	Responder_Status	Responder	0.825032296981799	1.2563359356651	0.516737101091823	0.885764262889043	sample_2022120210001
s__HROM_Genome_2585	Responder_Status	Responder	-0.237147701000285	0.361838263523247	0.517561285391975	0.886100091715317	sample_2022120210001
s__Micrococcus.luteus	Responder_Status	Responder	-0.381731890257389	0.585249369000508	0.519555782457957	0.886606063398631	sample_2022120210001
s__Stomatobaculum.longum_A	Responder_Status	Responder	-1.0007949668384	1.52949344972788	0.518237513363295	0.886606063398631	sample_2022120210001
s__HOT.345.sp013333605	Responder_Status	Responder	-0.797070438928072	1.22948708303142	0.522075602161558	0.887926142111808	sample_2022120210001
s__Rothia.sp001808955.5	Responder_Status	Responder	0.498721379533837	0.778177167617841	0.526809065214724	0.889694422410311	sample_2022120210001
s__Streptococcus.pseudopneumoniae_M	Responder_Status	Responder	-0.537971003788248	0.833903535866924	0.524098320035931	0.889694422410311	sample_2022120210001
s__HROM_Genome_2185	Responder_Status	Responder	0.749611300194804	1.16644826645882	0.525682741650876	0.889694422410311	sample_2022120210001
s__HROM_Genome_2245	Responder_Status	Responder	0.508428688637213	0.795990597296231	0.528184712705522	0.889694422410311	sample_2022120210001
s__Streptococcus.oralis_BO	Responder_Status	Responder	0.756027075363402	1.18155716797535	0.527467204561972	0.889694422410311	sample_2022120210001
s__HROM_Genome_4463	Responder_Status	Responder	0.340676963839862	0.529484786449902	0.525191765608705	0.889694422410311	sample_2022120210001
s__HROM_Genome_4896	Responder_Status	Responder	0.509105421601809	0.795674596414001	0.527477003052054	0.889694422410311	sample_2022120210001
s__HROM_Genome_4912	Responder_Status	Responder	0.68916158730112	1.07665985777729	0.527316220706656	0.889694422410311	sample_2022120210001
s__HROM_Genome_5066	Responder_Status	Responder	0.909041575863403	1.41165911667774	0.524846383888383	0.889694422410311	sample_2022120210001
s__Prevotella.sp000599605	Responder_Status	Responder	-1.37394120647682	2.15188796106278	0.528348412861119	0.889713763518651	sample_2022120210001
s__Streptococcus.sanguinis_G	Responder_Status	Responder	0.436532823795193	0.684081947158637	0.528574374782568	0.88983790916017	sample_2022120210001
s__Prevotella.nigrescens	Responder_Status	Responder	-0.630126319679795	0.990205274715454	0.529710431508085	0.889981273151188	sample_2022120210001
s__HROM_Genome_1101	Responder_Status	Responder	0.613212640191204	0.961534970390865	0.528821973507755	0.889981273151188	sample_2022120210001
s__Eggerthia.catenaformis	Responder_Status	Responder	-0.649818037035696	1.02812405876221	0.532486402561575	0.890935118620769	sample_2022120210001
s__Lactococcus.lactis	Responder_Status	Responder	-0.685345064772072	1.08374804734619	0.532266394014251	0.890935118620769	sample_2022120210001
s__Veillonella.nakazawae	Responder_Status	Responder	-0.613109739673465	0.969844992825057	0.532402382893258	0.890935118620769	sample_2022120210001
s__HROM_Genome_1089	Responder_Status	Responder	0.692561269307627	1.0976906825568	0.533205785238176	0.890962782938004	sample_2022120210001
s__Streptococcus.oralis_BD	Responder_Status	Responder	-0.514959481830021	0.819527211282785	0.534859463180186	0.89197365615695	sample_2022120210001
s__Lancefieldella.sp000564995.5	Responder_Status	Responder	-0.520083784253273	0.82969090894365	0.535841886517944	0.89205235736183	sample_2022120210001
s__Oribacterium.sp000160135	Responder_Status	Responder	0.737568489720489	1.17574210005559	0.535530987498099	0.89205235736183	sample_2022120210001
s__HROM_Genome_2832	Responder_Status	Responder	-0.498515216886324	0.798501375391022	0.537475842416085	0.892745239886482	sample_2022120210001
s__Bacteroides.heparinolyticus	Responder_Status	Responder	-0.916226249105127	1.47410662236925	0.539267928834797	0.893168850151261	sample_2022120210001
s__Peptoanaerobacter.yurii	Responder_Status	Responder	-0.645423032678955	1.04955158616934	0.54355274178379	0.893168850151261	sample_2022120210001
s__Fusobacterium.nucleatum_J	Responder_Status	Responder	0.724286509982737	1.17285507372133	0.541867936033227	0.893168850151261	sample_2022120210001
s__HROM_Genome_3564	Responder_Status	Responder	-0.337866630371726	0.550630569703367	0.544433104324482	0.893507277007895	sample_2022120210001
s__HROM_Genome_1909	Responder_Status	Responder	-0.558306968070175	0.912379550886384	0.545525326005953	0.894667657268461	sample_2022120210001
s__Streptococcus.sanguinis_F	Responder_Status	Responder	0.506985580596014	0.829414992863248	0.545960586707713	0.894706000082065	sample_2022120210001
s__Pauljensenia.odontolytica	Responder_Status	Responder	0.654070941091724	1.07438139262746	0.547572498021323	0.895763014535301	sample_2022120210001
s__HROM_Genome_1684	Responder_Status	Responder	-1.24808990177038	2.04901886379957	0.54735852235811	0.895763014535301	sample_2022120210001
s__HROM_Genome_1924	Responder_Status	Responder	0.620293891179702	1.0183204108875	0.547346478311476	0.895763014535301	sample_2022120210001
s__HROM_Genome_2562	Responder_Status	Responder	0.459882706254268	0.757188379253876	0.54850919010428	0.896542566040133	sample_2022120210001
s__Fusobacterium.massiliense	Responder_Status	Responder	0.546211347511682	0.900355190798568	0.548963011288933	0.896865945584741	sample_2022120210001
s__Streptococcus.oralis_Z	Responder_Status	Responder	-0.588484437998418	0.984738796930052	0.554906631213813	0.898462171148374	sample_2022120210001
s__HROM_Genome_2395	Responder_Status	Responder	0.578056322877924	0.966979894761716	0.554780957641573	0.898462171148374	sample_2022120210001
s__HROM_Genome_4852	Responder_Status	Responder	0.791926354710166	1.32282448005511	0.554210249774568	0.898462171148374	sample_2022120210001
s__Streptococcus.anginosus_C	Responder_Status	Responder	-0.611067491653664	1.03089159279529	0.558101717824874	0.89914678629724	sample_2022120210001
s__HROM_Genome_0351	Responder_Status	Responder	-0.811010219104527	1.38183273774548	0.561967599582155	0.899742310992786	sample_2022120210001
s__Alloprevotella.sp003639005	Responder_Status	Responder	-1.01179571869386	1.72687038735935	0.562627570004898	0.899742310992786	sample_2022120210001
s__Streptococcus.mitis_BD	Responder_Status	Responder	0.403842825247927	0.689993122810491	0.563043604384595	0.899915194866819	sample_2022120210001
s__Fannyhessea.vaginae	Responder_Status	Responder	0.222218370839344	0.384739019684044	0.568162271025759	0.900686271299383	sample_2022120210001
s__HROM_Genome_1855	Responder_Status	Responder	0.765608598553354	1.31836378919247	0.566070122273086	0.900686271299383	sample_2022120210001
s__Streptococcus.constellatus	Responder_Status	Responder	-0.512190654334252	0.884469816257614	0.56715616796282	0.900686271299383	sample_2022120210001
s__Leptotrichia.sp001553645	Responder_Status	Responder	0.401043751852613	0.694506277923292	0.568249197304502	0.900686271299383	sample_2022120210001
s__HROM_Genome_3523	Responder_Status	Responder	-0.326977094921671	0.564624342994333	0.567148094235514	0.900686271299383	sample_2022120210001
s__HROM_Genome_4057	Responder_Status	Responder	-0.155598243876358	0.267100187898778	0.56486089366507	0.900686271299383	sample_2022120210001
s__HROM_Genome_4818	Responder_Status	Responder	1.06888402489326	1.85170930932827	0.568388932285651	0.900686271299383	sample_2022120210001
s__HROM_Genome_0934	Responder_Status	Responder	-0.269188196950108	0.467529151505538	0.569371303970688	0.90153092612167	sample_2022120210001
s__Streptococcus.thermophilus	Responder_Status	Responder	0.675558369677239	1.18405285229823	0.572857096307718	0.903394544524473	sample_2022120210001
s__HROM_Genome_1766	Responder_Status	Responder	-0.371213945704346	0.653056668106704	0.574277203143933	0.904057331888119	sample_2022120210001
s__HROM_Genome_2274	Responder_Status	Responder	0.390955842098979	0.688943091038302	0.574915787558447	0.904057331888119	sample_2022120210001
s__HROM_Genome_2618	Responder_Status	Responder	0.42120527228137	0.741240910152153	0.574399006721864	0.904057331888119	sample_2022120210001
s__HROM_Genome_0712	Responder_Status	Responder	-0.60445846582906	1.06705027863818	0.575583138631933	0.904134223408666	sample_2022120210001
s__Prevotella.multiformis	Responder_Status	Responder	-0.850261041471519	1.51985779712133	0.58031303286184	0.905133358581371	sample_2022120210001
s__Shuttleworthia.satelles	Responder_Status	Responder	-0.67314144736394	1.20021661743524	0.579360767081482	0.905133358581371	sample_2022120210001
s__Oribacterium.asaccharolyticum	Responder_Status	Responder	0.478131437307439	0.861632778230039	0.583360205415626	0.905133358581371	sample_2022120210001
s__Peptostreptococcus.stomatis	Responder_Status	Responder	0.815688680371094	1.464613624629	0.581999387620412	0.905133358581371	sample_2022120210001
s__HROM_Genome_2039	Responder_Status	Responder	-0.453720921774397	0.817769526580867	0.583418149040257	0.905133358581371	sample_2022120210001
s__Leptotrichia_A.sp000469505	Responder_Status	Responder	0.856924772215918	1.52943385619476	0.579738180549405	0.905133358581371	sample_2022120210001
s__HROM_Genome_3457	Responder_Status	Responder	0.194121238291327	0.35064377428093	0.584237405065753	0.905320157107456	sample_2022120210001
s__Streptococcus.mitis_BC	Responder_Status	Responder	0.306549606730604	0.556650789323432	0.586204328803131	0.905505482944222	sample_2022120210001
s__Eubacterium_B.infirmum	Responder_Status	Responder	0.658405123007111	1.20524001012931	0.589196608677645	0.906013931001526	sample_2022120210001
s__Streptococcus.parasanguinis_A	Responder_Status	Responder	-0.433626693208113	0.798988749147438	0.59161722383519	0.906898157177205	sample_2022120210001
s__HROM_Genome_2671	Responder_Status	Responder	0.654577568120716	1.20439516848419	0.591093268591028	0.906898157177205	sample_2022120210001
s__Treponema_D.sp014334325	Responder_Status	Responder	0.651559274197059	1.20488337629227	0.5929455945961	0.907981923084674	sample_2022120210001
s__Streptococcus.rubneri	Responder_Status	Responder	0.609651598090541	1.12939577504669	0.593600189222581	0.908410927366828	sample_2022120210001
s__Streptococcus.oralis_J	Responder_Status	Responder	-0.381670358743494	0.707530572087657	0.59384741718882	0.908410927366828	sample_2022120210001
s__HROM_Genome_2044	Responder_Status	Responder	0.770092548875936	1.43405456015107	0.595507012074719	0.908571779059445	sample_2022120210001
s__HROM_Genome_5044	Responder_Status	Responder	-0.67405934272568	1.25310956704253	0.594889840207501	0.908571779059445	sample_2022120210001
s__Prevotella.pallens	Responder_Status	Responder	0.529781476217125	0.992541780188589	0.597718277129472	0.908861428153425	sample_2022120210001
s__HROM_Genome_2437	Responder_Status	Responder	0.37974827523354	0.709505669144431	0.596716982885584	0.908861428153425	sample_2022120210001
s__Fusobacterium.periodonticum	Responder_Status	Responder	0.538923812611415	1.00811363106946	0.597155765071573	0.908861428153425	sample_2022120210001
s__HROM_Genome_3436	Responder_Status	Responder	0.226451623292381	0.423589670918352	0.597145523488264	0.908861428153425	sample_2022120210001
s__Centipeda.artemidis	Responder_Status	Responder	-0.474759173111079	0.892965569846399	0.599150773996945	0.909462315484998	sample_2022120210001
s__Lancefieldella.sp000564995.13	Responder_Status	Responder	-0.299602317645261	0.569372238652905	0.602894378392521	0.909685846294448	sample_2022120210001
s__HROM_Genome_1003	Responder_Status	Responder	-0.392343420153155	0.746691426784326	0.603412217255106	0.909685846294448	sample_2022120210001
s__Tannerella.forsythia	Responder_Status	Responder	0.728030406332366	1.37432246749892	0.60046948314432	0.909685846294448	sample_2022120210001
s__HROM_Genome_1742	Responder_Status	Responder	-0.183337462657038	0.349730760779204	0.604247894573077	0.909685846294448	sample_2022120210001
s__HROM_Genome_1915	Responder_Status	Responder	-0.705928451673512	1.33839573032267	0.602040273817526	0.909685846294448	sample_2022120210001
s__Streptococcus.pneumoniae	Responder_Status	Responder	-0.357095173075984	0.679304030722862	0.60325071371549	0.909685846294448	sample_2022120210001
s__HROM_Genome_2312	Responder_Status	Responder	0.370746623752357	0.702794992912786	0.601980021123335	0.909685846294448	sample_2022120210001
s__HROM_Genome_2624	Responder_Status	Responder	0.433815466610589	0.822769085511566	0.602164311741464	0.909685846294448	sample_2022120210001
s__HROM_Genome_2683	Responder_Status	Responder	0.637996242722985	1.21699764499168	0.604238781543118	0.909685846294448	sample_2022120210001
s__Fretibacterium.fastidiosum	Responder_Status	Responder	-0.758552604321209	1.46239213403681	0.608040810591053	0.911452582437075	sample_2022120210001
s__HROM_Genome_2750	Responder_Status	Responder	0.413426917086407	0.798090233420916	0.60851343898173	0.911756229389442	sample_2022120210001
s__F0058.sp905372135	Responder_Status	Responder	-0.72390495472817	1.39859449721996	0.608806611499311	0.911819310490369	sample_2022120210001
s__HROM_Genome_2482	Responder_Status	Responder	0.230493837863033	0.446026817284038	0.609373859111597	0.912343802896334	sample_2022120210001
s__HROM_Genome_2894	Responder_Status	Responder	0.48386586904509	0.93828797108836	0.610119066542631	0.913225593839098	sample_2022120210001
s__Campylobacter_A.rectus	Responder_Status	Responder	0.667701884526703	1.29872026862797	0.611200111562173	0.913364077597166	sample_2022120210001
s__Streptococcus.oralis_BH	Responder_Status	Responder	-0.219421586605464	0.426740899897526	0.611160817235824	0.913364077597166	sample_2022120210001
s__Streptococcus.infantis_F	Responder_Status	Responder	-0.311373077689252	0.607305249553627	0.612173684988639	0.913727065566547	sample_2022120210001
s__Pauljensenia.sp018375675	Responder_Status	Responder	0.519293893078895	1.01897664861994	0.614309109140286	0.91400067695957	sample_2022120210001
s__HROM_Genome_1688	Responder_Status	Responder	-0.30404776914272	0.595570167211651	0.613691913556335	0.91400067695957	sample_2022120210001
s__HROM_Genome_2422	Responder_Status	Responder	0.422786219533397	0.828642505031473	0.613899332509613	0.91400067695957	sample_2022120210001
s__Olsenella_F.profusa_A	Responder_Status	Responder	-0.67625660327278	1.32940023844066	0.614952518875525	0.914368376647054	sample_2022120210001
s__HROM_Genome_1356	Responder_Status	Responder	0.328972649496468	0.648777692699858	0.616079445177729	0.915349353600363	sample_2022120210001
s__HROM_Genome_1707	Responder_Status	Responder	0.377364190860928	0.747845868009846	0.617786992464957	0.916256019019963	sample_2022120210001
s__Streptococcus.australis	Responder_Status	Responder	0.502294508603635	0.998805226740898	0.618970795715813	0.916848530400134	sample_2022120210001
s__HROM_Genome_2681	Responder_Status	Responder	0.409508161566802	0.815682327384564	0.619562093625884	0.91725948258442	sample_2022120210001
s__Eikenella.corrodens	Responder_Status	Responder	0.63076136764947	1.26118005742347	0.6208876048048	0.917617706516692	sample_2022120210001
s__HROM_Genome_1853	Responder_Status	Responder	0.364602348876694	0.734595013264597	0.623534929422247	0.918794392717894	sample_2022120210001
s__HROM_Genome_2443	Responder_Status	Responder	0.333277921383021	0.67007629039594	0.622809399484125	0.918794392717894	sample_2022120210001
s__Aggregatibacter.kilianii	Responder_Status	Responder	0.400834418257158	0.806064887194398	0.622878982269629	0.918794392717894	sample_2022120210001
s__Lacticaseibacillus.rhamnosus	Responder_Status	Responder	-0.811059747527437	1.65919383655962	0.628770837017749	0.921134084348352	sample_2022120210001
s__HROM_Genome_1264	Responder_Status	Responder	0.365398797525881	0.749991110896251	0.629906269654852	0.922526220529343	sample_2022120210001
s__HROM_Genome_0252	Responder_Status	Responder	0.812404113250977	1.67194054778738	0.630815644115087	0.92281237950686	sample_2022120210001
s__Actinomyces.radicidentis	Responder_Status	Responder	0.576464799850401	1.1866367592333	0.63089106390238	0.92281237950686	sample_2022120210001
s__Peptoanaerobacter.stomatis	Responder_Status	Responder	-0.591021077434104	1.21640017329776	0.630835060655241	0.92281237950686	sample_2022120210001
s__Pauljensenia.sp001838165	Responder_Status	Responder	-0.531975250873269	1.09931976926265	0.632210872657041	0.923818137670101	sample_2022120210001
s__Tannerella.sp003033925	Responder_Status	Responder	-0.553456730208062	1.15216684074786	0.634702079151926	0.925145549287533	sample_2022120210001
s__Streptococcus.sp902363395	Responder_Status	Responder	0.456346829409793	0.951434455390544	0.635208201093097	0.925489288738364	sample_2022120210001
s__Pauljensenia.sp000308055	Responder_Status	Responder	0.451782473448144	0.944742603536787	0.636215615293708	0.925505294024819	sample_2022120210001
s__Streptococcus.mitis_AC.1	Responder_Status	Responder	0.281965836120192	0.592348067145784	0.637757840964294	0.926266728911407	sample_2022120210001
s__Rothia.mucilaginosa_B.7	Responder_Status	Responder	0.250413742129581	0.528589437195806	0.639358777574173	0.926388709697829	sample_2022120210001
s__Capnocytophaga.sp000192225	Responder_Status	Responder	0.505871452107688	1.06665510497196	0.638992533398336	0.926388709697829	sample_2022120210001
s__HROM_Genome_1341	Responder_Status	Responder	0.343976891415217	0.728636693563382	0.640526170030254	0.926472522600058	sample_2022120210001
s__HROM_Genome_1683	Responder_Status	Responder	-0.454176785505825	0.960341387089542	0.639927265994511	0.926472522600058	sample_2022120210001
s__Streptococcus.sinensis	Responder_Status	Responder	-0.487567988433068	1.03061376762637	0.639819860595468	0.926472522600058	sample_2022120210001
s__F0058.sp905372605	Responder_Status	Responder	0.552242176621522	1.17696093001547	0.642552507612988	0.928437015200161	sample_2022120210001
s__Actinomyces.oris	Responder_Status	Responder	0.440567896889067	0.942941548266475	0.643953068232195	0.928783590713102	sample_2022120210001
s__Streptococcus.chosunense	Responder_Status	Responder	-0.568671382816102	1.21740627399612	0.644030777272917	0.928783590713102	sample_2022120210001
s__Prevotella.maculosa	Responder_Status	Responder	-0.414189017688319	0.887730406216453	0.644416958356342	0.929111278143271	sample_2022120210001
s__Prevotella.multisaccharivorax	Responder_Status	Responder	-0.653424937085869	1.40733344827322	0.646022760120566	0.929141685390253	sample_2022120210001
s__Prevotella.seregens	Responder_Status	Responder	0.651051126767478	1.41007968494881	0.647854864727872	0.930029767594783	sample_2022120210001
s__Mogibacterium.timidum	Responder_Status	Responder	0.59509040429305	1.28752237225376	0.647510736812147	0.930029767594783	sample_2022120210001
s__Parvimonas.sp000214475	Responder_Status	Responder	0.383156864220303	0.832752081717439	0.648991011426572	0.930884039702653	sample_2022120210001
s__HROM_Genome_0781	Responder_Status	Responder	0.226093597472325	0.492103644764244	0.649463346325017	0.931209976446041	sample_2022120210001
s__Neisseria.sp000090875	Responder_Status	Responder	-0.841092464074902	1.83109164362335	0.649536881774253	0.931209976446041	sample_2022120210001
s__HROM_Genome_4222	Responder_Status	Responder	0.246974005697535	0.539136204215856	0.650421778901384	0.932021401735374	sample_2022120210001
s__Parascardovia.denticolens	Responder_Status	Responder	0.622529689727688	1.37111093369844	0.653304982504518	0.933635115584085	sample_2022120210001
s__HROM_Genome_2183	Responder_Status	Responder	-0.401690893591289	0.884177527851171	0.653107927412541	0.933635115584085	sample_2022120210001
s__Streptococcus.mitis_AZ	Responder_Status	Responder	-0.257938761979404	0.569193653750509	0.653922147786994	0.933934675576012	sample_2022120210001
s__Anaeroglobus.geminatus	Responder_Status	Responder	0.419097908384592	0.924256620781592	0.653724407754368	0.933934675576012	sample_2022120210001
s__HROM_Genome_1937	Responder_Status	Responder	-0.80643123658272	1.78884284477088	0.65559710952189	0.935310008580779	sample_2022120210001
s__HROM_Genome_2334	Responder_Status	Responder	0.329895133546837	0.733683196591883	0.656429878208388	0.935818832372234	sample_2022120210001
s__Lactiplantibacillus.plantarum	Responder_Status	Responder	-0.764667824143159	1.70355430122251	0.656983092726956	0.936144850558035	sample_2022120210001
s__HROM_Genome_2259	Responder_Status	Responder	-0.353827810453115	0.789911539448981	0.657647955313848	0.936635550392165	sample_2022120210001
s__HROM_Genome_2673	Responder_Status	Responder	-0.296789002934679	0.66297007805291	0.657838843562071	0.936679181637102	sample_2022120210001
s__Ligilactobacillus.salivarius	Responder_Status	Responder	0.613659688823261	1.38009886009898	0.659991537165888	0.937493832699082	sample_2022120210001
s__Streptococcus.sp900550895	Responder_Status	Responder	-0.339720289810068	0.763739852591327	0.659875540002424	0.937493832699082	sample_2022120210001
s__Streptococcus.halitosis.1	Responder_Status	Responder	-0.388753880017514	0.876114958758567	0.660651741280062	0.937714771195231	sample_2022120210001
s__Actinomyces.johnsonii	Responder_Status	Responder	0.600420069199855	1.35509828943124	0.661110759645456	0.937942101768376	sample_2022120210001
s__HROM_Genome_0795	Responder_Status	Responder	0.128329504142952	0.289796117382588	0.661293310759192	0.937942101768376	sample_2022120210001
s__HROM_Genome_1284	Responder_Status	Responder	0.119257897818914	0.270799614458348	0.663034657626455	0.938362608674729	sample_2022120210001
s__HROM_Genome_1704	Responder_Status	Responder	0.664087151336204	1.50785652530457	0.663015829985805	0.938362608674729	sample_2022120210001
s__HROM_Genome_2110	Responder_Status	Responder	0.338126248354398	0.767343767930361	0.662853375355613	0.938362608674729	sample_2022120210001
s__Streptococcus.sp003428885	Responder_Status	Responder	-0.40522990482868	0.918537227739489	0.662478794771604	0.938362608674729	sample_2022120210001
s__HROM_Genome_0083	Responder_Status	Responder	0.353438921416932	0.820530778313236	0.669952151556474	0.938873553717159	sample_2022120210001
s__HROM_Genome_0224	Responder_Status	Responder	-0.536263751164714	1.24593302107713	0.670191367171567	0.938873553717159	sample_2022120210001
s__Pauljensenia.sp001064145	Responder_Status	Responder	-0.68824302943887	1.62534868897799	0.675206882590916	0.938873553717159	sample_2022120210001
s__HROM_Genome_0409	Responder_Status	Responder	-0.415214897862972	0.976518174899417	0.673941461867487	0.938873553717159	sample_2022120210001
s__HROM_Genome_0711	Responder_Status	Responder	0.527669520557784	1.22948344306806	0.671076685624666	0.938873553717159	sample_2022120210001
s__Porphyromonas.catoniae	Responder_Status	Responder	0.422432732467215	0.991614482541724	0.673361228473532	0.938873553717159	sample_2022120210001
s__Catonella.massiliensis	Responder_Status	Responder	0.477428594925668	1.11907708654836	0.672913343567258	0.938873553717159	sample_2022120210001
s__HROM_Genome_1934	Responder_Status	Responder	-0.412576394546282	0.941503090932243	0.664596121655849	0.938873553717159	sample_2022120210001
s__HROM_Genome_2093	Responder_Status	Responder	-0.373188032942387	0.873213774322745	0.67237642570606	0.938873553717159	sample_2022120210001
s__Streptococcus.oralis_AB	Responder_Status	Responder	-0.305841254968136	0.696844101510018	0.664106001096105	0.938873553717159	sample_2022120210001
s__HROM_Genome_2298	Responder_Status	Responder	0.503023848693966	1.18534837728568	0.674540465782423	0.938873553717159	sample_2022120210001
s__HROM_Genome_2405	Responder_Status	Responder	0.41961620323133	0.984014576840817	0.673053129536088	0.938873553717159	sample_2022120210001
s__Streptococcus.cristatus_B	Responder_Status	Responder	0.410890451895007	0.965362816092876	0.673628988286748	0.938873553717159	sample_2022120210001
s__Abiotrophia.defectiva	Responder_Status	Responder	-0.589622889293259	1.37467509126538	0.671264987052943	0.938873553717159	sample_2022120210001
s__HROM_Genome_4207	Responder_Status	Responder	-0.248395634514923	0.57560482494456	0.669381539681252	0.938873553717159	sample_2022120210001
s__HROM_Genome_4825	Responder_Status	Responder	0.443351193455086	1.03220876929486	0.670834283045859	0.938873553717159	sample_2022120210001
s__Kingella_B.oralis	Responder_Status	Responder	0.437812325063504	1.01021316218154	0.668054914522895	0.938873553717159	sample_2022120210001
s__Aggregatibacter.aphrophilus	Responder_Status	Responder	-0.569421621970517	1.32434698678802	0.6705128716982	0.938873553717159	sample_2022120210001
s__Treponema.sp000775995	Responder_Status	Responder	-0.327534266522622	0.753761588735461	0.66723196292228	0.938873553717159	sample_2022120210001
s__HROM_Genome_1316	Responder_Status	Responder	0.321150117875702	0.765608407366744	0.678073316232351	0.938889791364046	sample_2022120210001
s__Streptococcus.agalactiae	Responder_Status	Responder	-0.402480560880033	0.955995582102854	0.676964317243834	0.938889791364046	sample_2022120210001
s__HROM_Genome_5041	Responder_Status	Responder	-0.835864530768242	1.99340246532327	0.678185235096493	0.938889791364046	sample_2022120210001
s__HROM_Genome_5103	Responder_Status	Responder	-0.577416528010402	1.37452898762646	0.677630908653469	0.938889791364046	sample_2022120210001
s__Prevotella.shahii	Responder_Status	Responder	0.823463885919171	1.97487136271245	0.67987929912237	0.938922058695356	sample_2022120210001
s__HROM_Genome_1226	Responder_Status	Responder	0.673507781180637	1.61938596415669	0.68065133120095	0.938922058695356	sample_2022120210001
s__HROM_Genome_1286	Responder_Status	Responder	-0.291329443733259	0.699742939204757	0.68033702333626	0.938922058695356	sample_2022120210001
s__Desulfobulbus.oralis	Responder_Status	Responder	0.545808939459973	1.31995034114138	0.682385099287917	0.938922058695356	sample_2022120210001
s__HROM_Genome_2322	Responder_Status	Responder	-0.201304472075454	0.482691451818775	0.679825109032544	0.938922058695356	sample_2022120210001
s__Streptococcus.oralis_F.1	Responder_Status	Responder	-0.322273182076653	0.770528387510843	0.678955179685257	0.938922058695356	sample_2022120210001
s__Streptococcus.dysgalactiae	Responder_Status	Responder	-0.246233623509252	0.589040856481715	0.679117677035435	0.938922058695356	sample_2022120210001
s__Prevotella.intermedia	Responder_Status	Responder	0.516542333539022	1.25145486672058	0.682930856108676	0.939427429528402	sample_2022120210001
s__HROM_Genome_0303	Responder_Status	Responder	-0.421626778831943	1.03387787464374	0.686513972932597	0.941182614319085	sample_2022120210001
s__CAJPQU01.sp905372875	Responder_Status	Responder	-0.402859411331939	0.991396283780643	0.687570532616338	0.941182614319085	sample_2022120210001
s__HROM_Genome_2575	Responder_Status	Responder	0.237612520747895	0.589881408215262	0.690144166235575	0.941920675197785	sample_2022120210001
s__F0422.sp003992005	Responder_Status	Responder	-0.310175201459118	0.771453049393195	0.690688111873003	0.941920675197785	sample_2022120210001
s__Treponema.sp018336815	Responder_Status	Responder	-0.457926225562796	1.13884062353936	0.690664544013497	0.941920675197785	sample_2022120210001
s__Slackia.exigua	Responder_Status	Responder	-0.380118196006557	0.966465268572948	0.697071108944982	0.942922670542802	sample_2022120210001
s__Alloprevotella.sp905371275	Responder_Status	Responder	0.45309498964599	1.15573587647262	0.697996650311248	0.942922670542802	sample_2022120210001
s__HROM_Genome_2358	Responder_Status	Responder	0.127137632570346	0.323034111332462	0.696877112953672	0.942922670542802	sample_2022120210001
s__Streptococcus.mitis_I	Responder_Status	Responder	0.189149997096025	0.476370369046973	0.694330062331485	0.942922670542802	sample_2022120210001
s__HROM_Genome_2693	Responder_Status	Responder	-0.49969240657548	1.25217937745074	0.692877708755851	0.942922670542802	sample_2022120210001
s__HROM_Genome_4379	Responder_Status	Responder	-0.133135618300258	0.339192540601189	0.697655379346912	0.942922670542802	sample_2022120210001
s__HROM_Genome_5042	Responder_Status	Responder	-0.59990660474988	1.50155621882875	0.692538997937246	0.942922670542802	sample_2022120210001
s__HROM_Genome_5071	Responder_Status	Responder	-0.51409080616612	1.30146917949016	0.69583012165435	0.942922670542802	sample_2022120210001
s__Rothia.sp001808955.2	Responder_Status	Responder	-0.683535629025584	1.74793668415062	0.6987180435265	0.943124780787967	sample_2022120210001
s__Alloprevotella.tannerae_B	Responder_Status	Responder	-0.571891899867906	1.4605500922476	0.698348035782331	0.943124780787967	sample_2022120210001
s__Rothia.sp001808955	Responder_Status	Responder	0.356838266739971	0.915671188145704	0.699705938304962	0.943393182110342	sample_2022120210001
s__HROM_Genome_4443	Responder_Status	Responder	-0.415502846149169	1.07410945913552	0.701803013407572	0.943648174227572	sample_2022120210001
s__Neisseria.sp000186165	Responder_Status	Responder	0.528610461845859	1.36610847952049	0.701721436379694	0.943648174227572	sample_2022120210001
s__Neisseria.cinerea	Responder_Status	Responder	-0.425576489601306	1.10250548799499	0.702407897798252	0.943745682809341	sample_2022120210001
s__Rothia.mucilaginosa	Responder_Status	Responder	0.302946237655278	0.803110436896418	0.708856998219922	0.945353745196511	sample_2022120210001
s__Actinomyces.oris_D	Responder_Status	Responder	-0.354088186819806	0.928651739114487	0.705864077699789	0.945353745196511	sample_2022120210001
s__Oribacterium.sinus	Responder_Status	Responder	-0.250740137884184	0.655874664437317	0.705126163717278	0.945353745196511	sample_2022120210001
s__Streptococcus.mitis	Responder_Status	Responder	-0.320833152305544	0.848726085449851	0.708268442974499	0.945353745196511	sample_2022120210001
s__HROM_Genome_2388	Responder_Status	Responder	-0.255248206728492	0.667469033908036	0.705043159770649	0.945353745196511	sample_2022120210001
s__HROM_Genome_2406	Responder_Status	Responder	0.196372910664939	0.519378495583157	0.708213502599885	0.945353745196511	sample_2022120210001
s__HROM_Genome_3945	Responder_Status	Responder	-0.244451852413076	0.645609864565869	0.707813240345476	0.945353745196511	sample_2022120210001
s__HROM_Genome_4431	Responder_Status	Responder	0.119048941600889	0.314087900032084	0.70752426444077	0.945353745196511	sample_2022120210001
s__Treponema.medium	Responder_Status	Responder	0.328168125700832	0.865464560561593	0.707413530735529	0.945353745196511	sample_2022120210001
s__Rothia.mucilaginosa.1	Responder_Status	Responder	0.464345341615076	1.26778684363737	0.716920757530342	0.947472489732007	sample_2022120210001
s__Pauljensenia.sp018382595.1	Responder_Status	Responder	0.520267669823154	1.51708013890679	0.734204912494734	0.947472489732007	sample_2022120210001
s__Actinomyces.sp001278845	Responder_Status	Responder	-0.382400322663263	1.06191180690669	0.721470386071666	0.947472489732007	sample_2022120210001
s__Lancefieldella.parvula	Responder_Status	Responder	0.312368276508363	0.872821200930592	0.723114390844835	0.947472489732007	sample_2022120210001
s__HROM_Genome_0980	Responder_Status	Responder	-0.598834023482044	1.70459224686176	0.727988383634024	0.947472489732007	sample_2022120210001
s__HROM_Genome_1016	Responder_Status	Responder	0.530812545771019	1.49779336402068	0.725697034590285	0.947472489732007	sample_2022120210001
s__Prevotella.baroniae	Responder_Status	Responder	0.557381355594396	1.49908929539751	0.712830921271938	0.947472489732007	sample_2022120210001
s__Prevotella.oulorum	Responder_Status	Responder	-0.39474047408517	1.06383322551087	0.713389451809749	0.947472489732007	sample_2022120210001
s__Prevotella.enoeca	Responder_Status	Responder	0.301027267621998	0.896341468742927	0.739495211692538	0.947472489732007	sample_2022120210001
s__Alloprevotella.sp900095835	Responder_Status	Responder	-0.567608155378016	1.58190717425867	0.722426837695947	0.947472489732007	sample_2022120210001
s__HROM_Genome_1116	Responder_Status	Responder	0.331588103230769	0.973379487865722	0.735904955138804	0.947472489732007	sample_2022120210001
s__HROM_Genome_1499	Responder_Status	Responder	0.0731263748202246	0.217475896131209	0.739188965199372	0.947472489732007	sample_2022120210001
s__HROM_Genome_1542	Responder_Status	Responder	-0.0924504685688965	0.274459893773177	0.73874548450625	0.947472489732007	sample_2022120210001
s__HROM_Genome_1957	Responder_Status	Responder	-0.244293544365352	0.707321860577	0.732391385625565	0.947472489732007	sample_2022120210001
s__HROM_Genome_1982	Responder_Status	Responder	0.471257102372837	1.41153064278146	0.740970943738263	0.947472489732007	sample_2022120210001
s__Bulleidia.sp900554555	Responder_Status	Responder	0.289102653684546	0.852438145705195	0.737028801956842	0.947472489732007	sample_2022120210001
s__Lactobacillus.acidophilus	Responder_Status	Responder	0.309430003746086	0.898342209395151	0.733084914754107	0.947472489732007	sample_2022120210001
s__HROM_Genome_2106	Responder_Status	Responder	-0.343145372491879	0.943383508072547	0.718785086717299	0.947472489732007	sample_2022120210001
s__HROM_Genome_2122	Responder_Status	Responder	0.367031248339794	1.02738419272251	0.72358457353405	0.947472489732007	sample_2022120210001
s__Streptococcus.oralis_G.1	Responder_Status	Responder	-0.166721159002329	0.470609490220847	0.725793319593788	0.947472489732007	sample_2022120210001
s__HROM_Genome_2214	Responder_Status	Responder	-0.378401589747799	1.14094730418836	0.742619032568602	0.947472489732007	sample_2022120210001
s__Streptococcus.pseudopneumoniae_C	Responder_Status	Responder	-0.234499468377903	0.710804558553034	0.743925731226633	0.947472489732007	sample_2022120210001
s__HROM_Genome_2317	Responder_Status	Responder	0.23289087271308	0.676559145833261	0.733246452022118	0.947472489732007	sample_2022120210001
s__HROM_Genome_2327	Responder_Status	Responder	0.316557440324244	0.940262523074539	0.738876654940482	0.947472489732007	sample_2022120210001
s__Streptococcus.sp001808705	Responder_Status	Responder	-0.260317582118188	0.747632912469588	0.730302516231527	0.947472489732007	sample_2022120210001
s__Granulicatella.adiacens	Responder_Status	Responder	-0.171569185993976	0.476967425920472	0.721764115894623	0.947472489732007	sample_2022120210001
s__Metamycoplasma.salivarium	Responder_Status	Responder	-0.372895823454395	1.04560524846075	0.72404121565588	0.947472489732007	sample_2022120210001
s__Gemella.sp002871655	Responder_Status	Responder	0.361908119121534	1.08124033744042	0.740334075475677	0.947472489732007	sample_2022120210001
s__HROM_Genome_2719	Responder_Status	Responder	-0.398188898210889	1.11307292536684	0.723221784542937	0.947472489732007	sample_2022120210001
s__Centipeda.infelix	Responder_Status	Responder	-0.299371714071164	0.892788951872726	0.739881692206	0.947472489732007	sample_2022120210001
s__F0422.sp003999875	Responder_Status	Responder	0.29085342103061	0.863666068507015	0.738804423223157	0.947472489732007	sample_2022120210001
s__Veillonella.parvula_A	Responder_Status	Responder	-0.258671895988755	0.760303932401867	0.736228844228172	0.947472489732007	sample_2022120210001
s__HROM_Genome_2910	Responder_Status	Responder	0.557479889031441	1.6030616252374	0.730621596859185	0.947472489732007	sample_2022120210001
s__HROM_Genome_2915	Responder_Status	Responder	0.202931071154085	0.602882188669355	0.738927125934089	0.947472489732007	sample_2022120210001
s__HROM_Genome_3440	Responder_Status	Responder	0.332257610413242	1.01177790724808	0.745060210430471	0.947472489732007	sample_2022120210001
s__Nanosynbacter.sp900555675	Responder_Status	Responder	0.393458296002102	1.15990253538137	0.736977585831764	0.947472489732007	sample_2022120210001
s__HROM_Genome_3992	Responder_Status	Responder	-0.137327470960322	0.393812501833189	0.729913493976116	0.947472489732007	sample_2022120210001
s__CAJPNX01.sp905372165	Responder_Status	Responder	-0.520629414809854	1.48344727624794	0.728245966073401	0.947472489732007	sample_2022120210001
s__Moraxella_A.cinereus	Responder_Status	Responder	-0.197782788452502	0.57231646208304	0.73223917819119	0.947472489732007	sample_2022120210001
s__Treponema_D.socranskii	Responder_Status	Responder	0.3988160792944	1.09151184393294	0.717573855949322	0.947472489732007	sample_2022120210001
s__HROM_Genome_0982	Responder_Status	Responder	0.442544048379398	1.35383996995404	0.746189296606431	0.947734993190915	sample_2022120210001
s__HROM_Genome_3490	Responder_Status	Responder	-0.242811964437336	0.754754535127194	0.750061965223546	0.949764338546713	sample_2022120210001
s__HROM_Genome_1646	Responder_Status	Responder	0.223394348376795	0.696151227716685	0.750669731578298	0.950328044417403	sample_2022120210001
s__Rothia.sp001808955.3	Responder_Status	Responder	0.423568503996299	1.34549872546581	0.755244411594958	0.951194224243624	sample_2022120210001
s__Phocaeicola.abscessus	Responder_Status	Responder	-0.309162839334699	0.973840512660263	0.75324415870659	0.951194224243624	sample_2022120210001
s__HROM_Genome_1810	Responder_Status	Responder	0.0836394007303189	0.268101006899442	0.757374844695699	0.951194224243624	sample_2022120210001
s__Mogibacterium.diversum	Responder_Status	Responder	-0.276706105242135	0.874699329577189	0.754087576210475	0.951194224243624	sample_2022120210001
s__HROM_Genome_2826	Responder_Status	Responder	-0.347003356746624	1.1121388040663	0.757341235383896	0.951194224243624	sample_2022120210001
s__GN02.873.sp003260345	Responder_Status	Responder	0.432608110246113	1.36671647239244	0.753947358633032	0.951194224243624	sample_2022120210001
s__Fusobacterium.sp000235465	Responder_Status	Responder	-0.317181055099348	1.01831996439357	0.75774702741423	0.951252443134918	sample_2022120210001
s__HROM_Genome_1009	Responder_Status	Responder	-0.285394868583133	0.929344682902176	0.761045278877469	0.951713661754131	sample_2022120210001
s__HROM_Genome_2485	Responder_Status	Responder	0.158457222007833	0.512311818366751	0.759384533162037	0.951713661754131	sample_2022120210001
s__Prevotella.sp003043945	Responder_Status	Responder	0.36711860804073	1.20029123068882	0.761975353282171	0.951769766055329	sample_2022120210001
s__Porphyromonas.gingivalis	Responder_Status	Responder	0.56567343372177	1.85270582011908	0.762378552963764	0.951769766055329	sample_2022120210001
s__Mogibacterium.pumilum	Responder_Status	Responder	0.278918196357208	0.913575543367641	0.762392822013866	0.951769766055329	sample_2022120210001
s__HROM_Genome_1939	Responder_Status	Responder	-0.281253372725653	0.92031684615009	0.762165990223152	0.951769766055329	sample_2022120210001
s__Streptococcus.cristatus_C	Responder_Status	Responder	-0.275121487638103	0.900932387374834	0.76233987801512	0.951769766055329	sample_2022120210001
s__HROM_Genome_2539	Responder_Status	Responder	-0.255678523569182	0.838678557986472	0.762728298368156	0.951782003407743	sample_2022120210001
s__Capnocytophaga.sp000466425	Responder_Status	Responder	-0.480079023934644	1.60715093765407	0.767363788016079	0.95259451048162	sample_2022120210001
s__HROM_Genome_1674	Responder_Status	Responder	0.276515037583014	0.925745753388121	0.767378870296312	0.95259451048162	sample_2022120210001
s__HROM_Genome_2190	Responder_Status	Responder	0.26547954484529	0.884510090021706	0.76628515707029	0.95259451048162	sample_2022120210001
s__Streptococcus.sp001553685	Responder_Status	Responder	0.238361314051131	0.788009798414132	0.764517909911516	0.95259451048162	sample_2022120210001
s__Fusobacterium.vincentii	Responder_Status	Responder	-0.202418393593211	0.677296469064132	0.767252041979332	0.95259451048162	sample_2022120210001
s__HROM_Genome_4367	Responder_Status	Responder	-0.112629864857877	0.37346901472175	0.765202630751024	0.95259451048162	sample_2022120210001
s__Nanosyncoccus.nanoralicus	Responder_Status	Responder	-0.400453374815584	1.34112499016058	0.767453815202386	0.95259451048162	sample_2022120210001
s__HROM_Genome_4280	Responder_Status	Responder	0.0916934937965703	0.308242241189391	0.768301961902883	0.953085377196429	sample_2022120210001
s__Pauljensenia.sp900541895	Responder_Status	Responder	0.352153360705869	1.19167625058379	0.769783993847441	0.953279472088343	sample_2022120210001
s__Campylobacter_A.sp905372745	Responder_Status	Responder	0.178391414620145	0.602569474610089	0.76937565141671	0.953279472088343	sample_2022120210001
s__Pauljensenia.sp900556405	Responder_Status	Responder	-0.68575090766479	2.33281236026273	0.770957439989512	0.953373615255793	sample_2022120210001
s__Streptococcus.sp000235485	Responder_Status	Responder	0.219416551633094	0.747660078386642	0.77132641996717	0.953373615255793	sample_2022120210001
s__Desulfomicrobium.orale	Responder_Status	Responder	-0.246717056452305	0.84738894243411	0.77308273566922	0.95343048949771	sample_2022120210001
s__HROM_Genome_2654	Responder_Status	Responder	0.277872551446408	0.954768600074664	0.77316840243907	0.95343048949771	sample_2022120210001
s__Tannerella.sp002890585	Responder_Status	Responder	-0.355806026559242	1.22745000669154	0.774048378265059	0.953490573437149	sample_2022120210001
s__Streptococcus.oralis_AD.1	Responder_Status	Responder	-0.143120426755717	0.493262900118854	0.773839219645329	0.953490573437149	sample_2022120210001
s__HROM_Genome_1769	Responder_Status	Responder	0.0764442206286198	0.265642072553036	0.775640933763258	0.954068479932442	sample_2022120210001
s__HROM_Genome_3509	Responder_Status	Responder	0.204657870390974	0.708528690985114	0.774824638926703	0.954068479932442	sample_2022120210001
s__HROM_Genome_0747	Responder_Status	Responder	0.0615171312789579	0.216011079188303	0.777903190514106	0.954529158124323	sample_2022120210001
s__Prevotella.marshii	Responder_Status	Responder	-0.389520679675503	1.36921189566591	0.778131915531084	0.954529158124323	sample_2022120210001
s__Campylobacter_A.concisus_Q	Responder_Status	Responder	-0.230865557651585	0.808490070215044	0.777323463550945	0.954529158124323	sample_2022120210001
s__Hornefia.nodata	Responder_Status	Responder	0.398317423957341	1.40136132320247	0.778320952544145	0.954529158124323	sample_2022120210001
s__Nanosynbacter.sp900555425	Responder_Status	Responder	0.128619004869181	0.45147066537181	0.777825823841295	0.954529158124323	sample_2022120210001
s__Prevotella.sp000467895	Responder_Status	Responder	0.346106879577791	1.22151875788959	0.778999558637893	0.95480511244933	sample_2022120210001
s__HROM_Genome_3460	Responder_Status	Responder	0.269787596352299	0.95746320119742	0.780189451564431	0.955193461412355	sample_2022120210001
s__Capnocytophaga.haemolytica	Responder_Status	Responder	0.341779952494831	1.22057457063299	0.781523861195256	0.955300639087054	sample_2022120210001
s__Streptococcus.infantis_H	Responder_Status	Responder	-0.269108995610562	0.962337567327732	0.781808391216136	0.955300639087054	sample_2022120210001
s__HROM_Genome_2672	Responder_Status	Responder	0.167263543981698	0.59688145801489	0.781361772881564	0.955300639087054	sample_2022120210001
s__HROM_Genome_2273	Responder_Status	Responder	-0.345302746524162	1.24335615836068	0.783268967674641	0.956183608199306	sample_2022120210001
s__Lancefieldella.sp000564995.3	Responder_Status	Responder	0.122035291652915	0.448481028123745	0.787535457020919	0.957322051717402	sample_2022120210001
s__Granulicatella.sp001058355	Responder_Status	Responder	-0.163943252250746	0.598648350123566	0.786205678009815	0.957322051717402	sample_2022120210001
s__HROM_Genome_3950	Responder_Status	Responder	-0.0752307906323254	0.274971380841683	0.786404000562323	0.957322051717402	sample_2022120210001
s__Actinomyces.sp000195595	Responder_Status	Responder	-0.362134691561127	1.35105524882475	0.79063455434166	0.957494574481441	sample_2022120210001
s__HROM_Genome_0390	Responder_Status	Responder	0.13909036530414	0.519854981528536	0.791002078312261	0.957494574481441	sample_2022120210001
s__Streptococcus.infantis_I	Responder_Status	Responder	-0.245942360749011	0.922385896439839	0.791702433013437	0.957494574481441	sample_2022120210001
s__HROM_Genome_2429	Responder_Status	Responder	-0.223860821161271	0.826826954892016	0.788571606749566	0.957494574481441	sample_2022120210001
s__Granulicatella.elegans.1	Responder_Status	Responder	0.267869338988121	0.997637942045925	0.790280151454721	0.957494574481441	sample_2022120210001
s__HROM_Genome_4779	Responder_Status	Responder	-0.322468390112195	1.19557417503699	0.789354757456473	0.957494574481441	sample_2022120210001
s__HROM_Genome_4910	Responder_Status	Responder	0.320727397012389	1.18971219007984	0.789457124203217	0.957494574481441	sample_2022120210001
s__HROM_Genome_4477	Responder_Status	Responder	0.239216914308232	0.90376107320216	0.793186711124552	0.958283655750931	sample_2022120210001
s__HROM_Genome_2287	Responder_Status	Responder	-0.208265203465326	0.789344233398089	0.793830908445569	0.958310888059904	sample_2022120210001
s__Veillonella.tobetsuensis	Responder_Status	Responder	-0.281097356702453	1.06493101206783	0.793745149366554	0.958310888059904	sample_2022120210001
s__HROM_Genome_5102	Responder_Status	Responder	-0.278483303810611	1.06248835427276	0.795159341985126	0.958531992574334	sample_2022120210001
s__CAJPSE01.sp905373185	Responder_Status	Responder	0.333941022219106	1.27227004687818	0.794875663745689	0.958531992574334	sample_2022120210001
s__HROM_Genome_2690	Responder_Status	Responder	-0.189112631535109	0.724322094938781	0.795934593980247	0.958828875064828	sample_2022120210001
s__Alloprevotella.sp905369775	Responder_Status	Responder	-0.437652984994906	1.68926765358544	0.797469900818032	0.959294416604528	sample_2022120210001
s__HROM_Genome_1115	Responder_Status	Responder	0.214483599050157	0.826754323370349	0.797202636984211	0.959294416604528	sample_2022120210001
s__Streptococcus.sanguinis_A	Responder_Status	Responder	0.309447222943434	1.20278828052653	0.798847873213551	0.959964189747781	sample_2022120210001
s__Streptococcus.mitis_BT	Responder_Status	Responder	-0.156585690484558	0.611418146582427	0.799743959090405	0.960509761021366	sample_2022120210001
s__HROM_Genome_0455	Responder_Status	Responder	0.269459958586626	1.05935549522567	0.801074571143353	0.961059291529741	sample_2022120210001
s__HROM_Genome_2465	Responder_Status	Responder	-0.173821160070962	0.684786670768464	0.801479617276953	0.961150669467335	sample_2022120210001
s__GN02.872.sp003260325	Responder_Status	Responder	-0.334522963216402	1.32834054556067	0.803007717530697	0.961996333053274	sample_2022120210001
s__HROM_Genome_3465	Responder_Status	Responder	-0.0870885097419537	0.348584609612476	0.804539121697653	0.963238665776891	sample_2022120210001
s__Actinomyces.oris_C	Responder_Status	Responder	0.259665168941281	1.04676244491439	0.805894355970857	0.963676863880864	sample_2022120210001
s__Streptococcus.mitis_Y	Responder_Status	Responder	0.251232093605972	1.01489733053416	0.806293245996851	0.963956642023235	sample_2022120210001
s__HROM_Genome_2544	Responder_Status	Responder	-0.234186885079903	0.949318813892886	0.806948309699339	0.964062104182858	sample_2022120210001
s__Actinomyces.gerencseriae	Responder_Status	Responder	0.209625020138889	0.859454739992745	0.809082968469962	0.964937950256639	sample_2022120210001
s__HROM_Genome_1983	Responder_Status	Responder	0.293660663057214	1.21074964387477	0.810126162167748	0.96565091937691	sample_2022120210001
s__Streptococcus.mitis_H	Responder_Status	Responder	-0.255224212635927	1.05564550893979	0.810719748944121	0.965890120786463	sample_2022120210001
s__Actinomyces.dentalis	Responder_Status	Responder	0.235068499787712	0.979800965174549	0.812144238271053	0.966868944369898	sample_2022120210001
s__HROM_Genome_1804	Responder_Status	Responder	-0.0678787405064721	0.284609169736173	0.813231696178766	0.967475161464955	sample_2022120210001
s__Arachnia.sp013333945	Responder_Status	Responder	-0.379897759564131	1.59581736021304	0.813569312746368	0.967510200000513	sample_2022120210001
s__Rothia.sp902373285	Responder_Status	Responder	-0.19046721829369	0.803491801502182	0.814344311241781	0.967644338119173	sample_2022120210001
s__HROM_Genome_1214	Responder_Status	Responder	-0.321920038937561	1.3595598383158	0.814549268886731	0.967691153789216	sample_2022120210001
s__Rothia.sp001808955.1	Responder_Status	Responder	-0.322303570978355	1.3975426879209	0.819285538848153	0.968075388750288	sample_2022120210001
s__HROM_Genome_1369	Responder_Status	Responder	-0.312601534126985	1.32716304845059	0.815503022602587	0.968075388750288	sample_2022120210001
s__Gemella.morbillorum	Responder_Status	Responder	-0.287762453584174	1.25173011050174	0.819847088362756	0.968075388750288	sample_2022120210001
s__Centipeda.flueggei	Responder_Status	Responder	-0.213655755610688	0.927049531624705	0.819403313895156	0.968075388750288	sample_2022120210001
s__HROM_Genome_3895	Responder_Status	Responder	-0.0745565254315159	0.31981437182143	0.817360676895981	0.968075388750288	sample_2022120210001
s__HROM_Genome_4774	Responder_Status	Responder	-0.208064713052424	0.908827953579935	0.820581523041658	0.968075388750288	sample_2022120210001
s__Pauljensenia.sp000185285	Responder_Status	Responder	-0.250253495809024	1.09728984620267	0.821252967224322	0.968130294945388	sample_2022120210001
s__Streptococcus.mitis_BN	Responder_Status	Responder	0.162725926901006	0.716705879905865	0.822036767845665	0.968479531319255	sample_2022120210001
s__Lancefieldella.sp000564995.12	Responder_Status	Responder	0.100200821965383	0.444682580048719	0.823358239289176	0.969061567293814	sample_2022120210001
s__Prevotella.salivae	Responder_Status	Responder	-0.272692988881734	1.24079932881295	0.827643098836087	0.969061567293814	sample_2022120210001
s__Parvimonas.sp015257355	Responder_Status	Responder	0.406534066669319	1.81660871142501	0.824547593088584	0.969061567293814	sample_2022120210001
s__Streptococcus.sp000220065	Responder_Status	Responder	0.254261350431237	1.15245860129184	0.82698517349021	0.969061567293814	sample_2022120210001
s__Centipeda.sp001683335	Responder_Status	Responder	0.238501258251527	1.07630155480006	0.826238657008828	0.969061567293814	sample_2022120210001
s__Fusobacterium.animalis	Responder_Status	Responder	-0.150756599508935	0.676340878053045	0.825231184307691	0.969061567293814	sample_2022120210001
s__HROM_Genome_3856	Responder_Status	Responder	-0.163852550398504	0.746272809901393	0.82780571522635	0.969061567293814	sample_2022120210001
s__HROM_Genome_4887	Responder_Status	Responder	0.192091170376543	0.866634479108952	0.826193519074314	0.969061567293814	sample_2022120210001
s__HROM_Genome_4942	Responder_Status	Responder	-0.211721995987966	0.948323855152322	0.824954623587619	0.969061567293814	sample_2022120210001
s__HROM_Genome_5027	Responder_Status	Responder	0.334776548609247	1.51458939200151	0.826669506593284	0.969061567293814	sample_2022120210001
s__HROM_Genome_2869	Responder_Status	Responder	-0.168489496972433	0.773226392719959	0.82908379937525	0.969780829967648	sample_2022120210001
s__HROM_Genome_0286	Responder_Status	Responder	-0.220662560693853	1.02455366802882	0.831036624089706	0.970036497638397	sample_2022120210001
s__Cutibacterium.acnes	Responder_Status	Responder	0.120748064249777	0.562498970798458	0.831585365818796	0.970182926788595	sample_2022120210001
s__HROM_Genome_2524	Responder_Status	Responder	-0.135534916167824	0.631332901076118	0.831572265103238	0.970182926788595	sample_2022120210001
s__HROM_Genome_1849	Responder_Status	Responder	0.111904212448699	0.527527318274856	0.833542507079076	0.971109418751684	sample_2022120210001
s__HROM_Genome_0261	Responder_Status	Responder	0.344479065554126	1.62606521566214	0.833759963462698	0.971146621164967	sample_2022120210001
s__HROM_Genome_1074	Responder_Status	Responder	0.0843396969818853	0.399869488346939	0.834478736829879	0.971146621164967	sample_2022120210001
s__HROM_Genome_1841	Responder_Status	Responder	0.1537470351672	0.728826470204827	0.834452897110339	0.971146621164967	sample_2022120210001
s__HROM_Genome_2679	Responder_Status	Responder	-0.22343784205154	1.05801719752306	0.834272101847571	0.971146621164967	sample_2022120210001
s__HROM_Genome_1142	Responder_Status	Responder	0.244844260995934	1.16514327485437	0.835079372930293	0.97135103179653	sample_2022120210001
s__Prevotella.melaninogenica	Responder_Status	Responder	-0.226433264400613	1.08846582289266	0.836711524117488	0.97210685725761	sample_2022120210001
s__HROM_Genome_1880	Responder_Status	Responder	-0.27157095399827	1.31165900451597	0.837473963229577	0.97210685725761	sample_2022120210001
s__W11650.sp002999035	Responder_Status	Responder	0.30431712044344	1.48838855240812	0.839472372574975	0.972426889765123	sample_2022120210001
s__Streptococcus.mitis_Q.1	Responder_Status	Responder	0.167346200985901	0.821336333564699	0.840023499316689	0.972426889765123	sample_2022120210001
s__Veillonella.sp900757715	Responder_Status	Responder	-0.15791665718837	0.779861575472979	0.840995368308417	0.972426889765123	sample_2022120210001
s__Saccharimonas.sp010202265	Responder_Status	Responder	-0.153540495322738	0.755224107480122	0.840367275062202	0.972426889765123	sample_2022120210001
s__Prevotella.micans	Responder_Status	Responder	-0.232408678908903	1.15119861417302	0.841466961064565	0.97246057757274	sample_2022120210001
s__Abiotrophia.sp001815865	Responder_Status	Responder	-0.256448618752941	1.26882251158236	0.841287830492113	0.97246057757274	sample_2022120210001
s__HROM_Genome_0348	Responder_Status	Responder	0.258160697275095	1.28167230585128	0.841822531708074	0.972595373911633	sample_2022120210001
s__HROM_Genome_4164	Responder_Status	Responder	-0.0836238401740431	0.416676875595467	0.842389863271241	0.972692364840064	sample_2022120210001
s__HROM_Genome_4551	Responder_Status	Responder	0.136070511805109	0.697022873908523	0.846632997383175	0.974188287265231	sample_2022120210001
s__HROM_Genome_4958	Responder_Status	Responder	0.12352642249064	0.626466265620789	0.845111303634203	0.974188287265231	sample_2022120210001
s__Granulicatella.adiacens_A.1	Responder_Status	Responder	0.13851840486012	0.716960564004105	0.848195214732329	0.974510151123583	sample_2022120210001
s__Centipeda.sp015265235	Responder_Status	Responder	-0.220611885930983	1.1394560920076	0.847877742317056	0.974510151123583	sample_2022120210001
s__Rothia.mucilaginosa_A	Responder_Status	Responder	0.27791694653549	1.58996406391552	0.862498936267056	0.974823978831417	sample_2022120210001
s__Rothia.aeria	Responder_Status	Responder	-0.185711498193016	1.07575911125088	0.864181751582232	0.974823978831417	sample_2022120210001
s__HROM_Genome_0223	Responder_Status	Responder	0.123469262877254	0.706679153565587	0.86255880652022	0.974823978831417	sample_2022120210001
s__Pauljensenia.sp902373545	Responder_Status	Responder	-0.330918795095866	1.94406038484386	0.866060779226083	0.974823978831417	sample_2022120210001
s__HROM_Genome_0253	Responder_Status	Responder	0.231404929022804	1.36483100072066	0.866584327460743	0.974823978831417	sample_2022120210001
s__Pauljensenia.sp000466265	Responder_Status	Responder	0.39278613268781	2.09108398276065	0.852357886414561	0.974823978831417	sample_2022120210001
s__Olsenella.uli	Responder_Status	Responder	0.158483662561396	0.912539518029284	0.863371812891945	0.974823978831417	sample_2022120210001
s__Bacteroides_D.periocalifornicus	Responder_Status	Responder	0.231629364471444	1.29832386292546	0.859688344847688	0.974823978831417	sample_2022120210001
s__Filifactor.alocis	Responder_Status	Responder	0.30726753777869	1.73513986423124	0.860716266353574	0.974823978831417	sample_2022120210001
s__Eubacterium_M.brachy	Responder_Status	Responder	-0.18304675397031	1.04413072696712	0.862097537025744	0.974823978831417	sample_2022120210001
s__Bulleidia.sp015256775	Responder_Status	Responder	0.182050059830508	0.989008703470523	0.855282617772193	0.974823978831417	sample_2022120210001
s__HROM_Genome_2048	Responder_Status	Responder	0.182215145263819	1.02086813282297	0.859623063026891	0.974823978831417	sample_2022120210001
s__HROM_Genome_2192	Responder_Status	Responder	-0.170501066283901	0.953279857197002	0.859337659108771	0.974823978831417	sample_2022120210001
s__Streptococcus.mitis_O	Responder_Status	Responder	0.125061205761085	0.665064387603556	0.852198531092302	0.974823978831417	sample_2022120210001
s__HROM_Genome_2454	Responder_Status	Responder	-0.0991179206634107	0.538637262344289	0.855327047943567	0.974823978831417	sample_2022120210001
s__Streptococcus.mutans	Responder_Status	Responder	-0.152423711873863	0.824220666148365	0.854616396862262	0.974823978831417	sample_2022120210001
s__HROM_Genome_3428	Responder_Status	Responder	0.10295527443413	0.564469331355344	0.856588443395068	0.974823978831417	sample_2022120210001
s__HROM_Genome_4459	Responder_Status	Responder	-0.0403126239443295	0.223037791400606	0.857870842148636	0.974823978831417	sample_2022120210001
s__Nanosyncoccus.nanoralicus.1	Responder_Status	Responder	0.0791216071263352	0.45261825434638	0.862487872552498	0.974823978831417	sample_2022120210001
s__Neisseria.bacilliformis	Responder_Status	Responder	0.261482908224451	1.54096340390873	0.866475619282495	0.974823978831417	sample_2022120210001
s__Haemophilus_D.sp905215245	Responder_Status	Responder	0.134904172529493	0.731112790850068	0.854936304539476	0.974823978831417	sample_2022120210001
s__Treponema.vincentii	Responder_Status	Responder	-0.231647828318598	1.3420374598107	0.864200373479794	0.974823978831417	sample_2022120210001
s__Treponema_C.maltophilum	Responder_Status	Responder	-0.18394567824188	1.04123741491638	0.86104658244059	0.974823978831417	sample_2022120210001
s__HROM_Genome_2221	Responder_Status	Responder	0.117892233858567	0.700494744472516	0.867558237590203	0.975168826675911	sample_2022120210001
s__Streptococcus.mitis_BI	Responder_Status	Responder	0.103586611605653	0.614403216440911	0.867325556376432	0.975168826675911	sample_2022120210001
s__Bifidobacterium.swidsinskii	Responder_Status	Responder	-0.173720643179259	1.03745518855937	0.868220453492653	0.975516697768194	sample_2022120210001
s__Rothia.mucilaginosa_B.2	Responder_Status	Responder	0.254191085509956	1.55087288310322	0.870985726353601	0.97676737730944	sample_2022120210001
s__HROM_Genome_2232	Responder_Status	Responder	0.0944832562499033	0.577354300028952	0.871183264483735	0.97680149259686	sample_2022120210001
s__HROM_Genome_1297	Responder_Status	Responder	-0.157940588294339	0.987794273467072	0.874113887444531	0.977649382340851	sample_2022120210001
s__Rothia.mucilaginosa.3	Responder_Status	Responder	0.0707734376634839	0.454225489672384	0.877299716238162	0.977678742019362	sample_2022120210001
s__Pauljensenia.odontolytica_C	Responder_Status	Responder	-0.221484331845437	1.39184154428533	0.874708406230594	0.977678742019362	sample_2022120210001
s__Capnocytophaga.ochracea	Responder_Status	Responder	-0.183071129748964	1.19516193020836	0.879357402283248	0.977678742019362	sample_2022120210001
s__Campylobacter_A.concisus	Responder_Status	Responder	0.0992087745771621	0.651357025191467	0.880033963422915	0.977678742019362	sample_2022120210001
s__Butyrivibrio.sp015258065	Responder_Status	Responder	0.240790168536795	1.5582072283488	0.878300161368471	0.977678742019362	sample_2022120210001
s__HROM_Genome_2038	Responder_Status	Responder	-0.146600019303907	0.938546982760546	0.876996985592178	0.977678742019362	sample_2022120210001
s__Streptococcus.oralis_W	Responder_Status	Responder	0.147154757695521	0.963588821331807	0.879717992219489	0.977678742019362	sample_2022120210001
s__Streptococcus.oralis_B	Responder_Status	Responder	0.171843976869755	1.09111888445124	0.875986299842468	0.977678742019362	sample_2022120210001
s__HROM_Genome_2283	Responder_Status	Responder	-0.0963979467028256	0.634475570659107	0.880329036654902	0.977678742019362	sample_2022120210001
s__Streptococcus.intermedius	Responder_Status	Responder	-0.142135569166078	0.924477091669701	0.878911996420047	0.977678742019362	sample_2022120210001
s__HROM_Genome_2657	Responder_Status	Responder	-0.230617655823277	1.46189633030971	0.875784067834399	0.977678742019362	sample_2022120210001
s__HROM_Genome_2734	Responder_Status	Responder	0.092087549333587	0.585268313197913	0.876104117127757	0.977678742019362	sample_2022120210001
s__Veillonella.infantium	Responder_Status	Responder	-0.130150650931849	0.828200336729974	0.876255341498218	0.977678742019362	sample_2022120210001
s__Fusobacterium.polymorphum	Responder_Status	Responder	-0.123268118282145	0.808126109756129	0.879858282681403	0.977678742019362	sample_2022120210001
s__HROM_Genome_3977	Responder_Status	Responder	0.0677623618801671	0.432443383998941	0.876608456522232	0.977678742019362	sample_2022120210001
s__Treponema_C.sp905372025	Responder_Status	Responder	0.181272686525917	1.16845613991425	0.877824998504867	0.977678742019362	sample_2022120210001
s__HROM_Genome_1277	Responder_Status	Responder	0.0924915088757902	0.619731869475099	0.882430564078071	0.978592399235175	sample_2022120210001
s__HROM_Genome_0878	Responder_Status	Responder	-0.0548411877897941	0.378746728901418	0.885908819837193	0.980599394426287	sample_2022120210001
s__F0058.sp000163695	Responder_Status	Responder	-0.206694138996604	1.44234806948363	0.887076501472409	0.980974649966466	sample_2022120210001
s__Acetatifactor.sp900755865	Responder_Status	Responder	0.061815890638874	0.432968650776723	0.887492549020132	0.980974649966466	sample_2022120210001
s__Streptococcus.oralis_Y.1	Responder_Status	Responder	-0.0879530187099341	0.615254412282475	0.887350377612696	0.980974649966466	sample_2022120210001
s__HROM_Genome_1862	Responder_Status	Responder	-0.121592098200149	0.866538939164579	0.889412314621351	0.981156123648526	sample_2022120210001
s__CAG.793.sp013333035	Responder_Status	Responder	0.180336267647692	1.30419371602006	0.891013412765202	0.981156123648526	sample_2022120210001
s__HROM_Genome_2319	Responder_Status	Responder	0.0993845547545175	0.723597426140305	0.891738748186426	0.981584365941556	sample_2022120210001
s__Bacteroides_D.sp013333195	Responder_Status	Responder	-0.309186281521432	2.27042383427595	0.892653394175995	0.981851541015938	sample_2022120210001
s__Streptococcus.sp902460355	Responder_Status	Responder	-0.158706170795725	1.16395537016934	0.89251965674462	0.981851541015938	sample_2022120210001
s__Streptococcus.chosunense.1	Responder_Status	Responder	0.117935384394191	0.877235423178838	0.894016512739127	0.981853507329913	sample_2022120210001
s__HROM_Genome_2682	Responder_Status	Responder	-0.141265534635174	1.04931324189499	0.893870151285216	0.981853507329913	sample_2022120210001
s__Streptococcus.mitis_AY	Responder_Status	Responder	0.0527605541066909	0.400118713462144	0.896036225962185	0.982033033750242	sample_2022120210001
s__Gemella.haemolysans_B	Responder_Status	Responder	0.136095591626025	1.02541546026993	0.895362167332499	0.982033033750242	sample_2022120210001
s__HROM_Genome_2749	Responder_Status	Responder	-0.156119255198004	1.19367292762039	0.89687742380129	0.982033033750242	sample_2022120210001
s__Nanosynbacter.sp900556355	Responder_Status	Responder	0.197206494419591	1.5015215452239	0.896447278461796	0.982033033750242	sample_2022120210001
s__HROM_Genome_2902	Responder_Status	Responder	-0.0798575572500753	0.616557369009338	0.897870825829565	0.982767198664417	sample_2022120210001
s__Pauljensenia.sp000278725	Responder_Status	Responder	0.146307631931827	1.229780913419	0.906148202111444	0.983536164843849	sample_2022120210001
s__HROM_Genome_1212	Responder_Status	Responder	-0.174229490737085	1.55056834410993	0.911335773158243	0.983536164843849	sample_2022120210001
s__HROM_Genome_1261	Responder_Status	Responder	0.0650621986105392	0.579521111493196	0.911411211058572	0.983536164843849	sample_2022120210001
s__HROM_Genome_1664	Responder_Status	Responder	-0.190464957173931	1.62684387243278	0.907635301855245	0.983536164843849	sample_2022120210001
s__Streptococcus.oralis_H	Responder_Status	Responder	0.111011507260415	0.908363762004337	0.903605308317004	0.983536164843849	sample_2022120210001
s__Streptococcus.oralis_BI	Responder_Status	Responder	-0.0910922051877212	0.750037708212753	0.904201900945598	0.983536164843849	sample_2022120210001
s__Streptococcus.mitis_AH	Responder_Status	Responder	-0.114230805563616	0.987933569851119	0.908774227136637	0.983536164843849	sample_2022120210001
s__HROM_Genome_2386	Responder_Status	Responder	-0.0629219868226228	0.554674233484674	0.910491566011778	0.983536164843849	sample_2022120210001
s__Streptococcus.oralis_Y.2	Responder_Status	Responder	0.0900335273586604	0.736518395609182	0.903580470527862	0.983536164843849	sample_2022120210001
s__Streptococcus.sanguinis	Responder_Status	Responder	0.0954241393889289	0.752282453331086	0.899968703363379	0.983536164843849	sample_2022120210001
s__Lacticaseibacillus.paracasei	Responder_Status	Responder	-0.18984109580384	1.56243233976021	0.904159997577703	0.983536164843849	sample_2022120210001
s__Nanosyncoccus.sp013332965.1	Responder_Status	Responder	-0.033230016362323	0.295603464128512	0.91129708638843	0.983536164843849	sample_2022120210001
s__Treponema.sp010365865	Responder_Status	Responder	-0.136662385533522	1.21878442312061	0.911520283112755	0.983536164843849	sample_2022120210001
s__Treponema.sp905373565	Responder_Status	Responder	-0.189556549026152	1.49897024897445	0.900273238970612	0.983536164843849	sample_2022120210001
s__HROM_Genome_1162	Responder_Status	Responder	-0.0516570995987815	0.477181174302306	0.914565704515973	0.983731518908543	sample_2022120210001
s__Lachnoanaerobaculum.umeaense	Responder_Status	Responder	0.104809389739507	0.986122814633319	0.916114606930528	0.983731518908543	sample_2022120210001
s__HROM_Genome_2574	Responder_Status	Responder	-0.0922277063449981	0.841368949022969	0.913495588233944	0.983731518908543	sample_2022120210001
s__Nanogingivalis.sp900555945	Responder_Status	Responder	-0.0664175182349018	0.639145666967216	0.91797670601749	0.984376373724351	sample_2022120210001
s__Simonsiella.muelleri	Responder_Status	Responder	-0.0983335942879935	0.969050125096622	0.919897214370215	0.985303136887284	sample_2022120210001
s__HROM_Genome_1515	Responder_Status	Responder	-0.0412470828813936	0.412616520321281	0.921084677905128	0.985311116829333	sample_2022120210001
s__Streptococcus.oralis_BC.2	Responder_Status	Responder	0.0986008091166505	0.982060829452362	0.920740698861614	0.985311116829333	sample_2022120210001
s__Gemella.sanguinis	Responder_Status	Responder	-0.0830417854829633	0.823665092775038	0.920411948452666	0.985311116829333	sample_2022120210001
s__HROM_Genome_2591	Responder_Status	Responder	-0.0809100692128955	0.822177783607204	0.922308298261036	0.985790904586046	sample_2022120210001
s__Leptotrichia.massiliensis	Responder_Status	Responder	-0.0997119335737866	1.01856895947735	0.922713779125793	0.985790904586046	sample_2022120210001
s__Alloprevotella.tannerae_A	Responder_Status	Responder	-0.10476934006557	1.07353008782372	0.922950511405693	0.98584641635774	sample_2022120210001
s__HROM_Genome_1757	Responder_Status	Responder	-0.164422446979733	1.73843828699861	0.925321610718716	0.98584641635774	sample_2022120210001
s__HROM_Genome_2084	Responder_Status	Responder	-0.0705937411447916	0.771380459001805	0.92773410728462	0.98584641635774	sample_2022120210001
s__Streptococcus.oralis_S	Responder_Status	Responder	0.0758388009906814	0.842837196305123	0.928943397281026	0.98584641635774	sample_2022120210001
s__Streptococcus.oralis.3	Responder_Status	Responder	-0.0818000514137062	0.887015861478949	0.92718039419643	0.98584641635774	sample_2022120210001
s__HROM_Genome_2576	Responder_Status	Responder	0.152406605690436	1.61557126145768	0.925514070303327	0.98584641635774	sample_2022120210001
s__HROM_Genome_2669	Responder_Status	Responder	-0.102854892874905	1.13826238008942	0.928643407141221	0.98584641635774	sample_2022120210001
s__Nanosyncoccus.sp013332965.2	Responder_Status	Responder	-0.0458857373717731	0.507724870233824	0.928632477362277	0.98584641635774	sample_2022120210001
s__Haemophilus_A.sputorum	Responder_Status	Responder	-0.124525685470207	1.33371995425988	0.926276749116216	0.98584641635774	sample_2022120210001
s__Aggregatibacter.segnis_A	Responder_Status	Responder	-0.0660912604992048	0.684545586929818	0.923773385991411	0.98584641635774	sample_2022120210001
s__Lancefieldella.sp015258605	Responder_Status	Responder	0.058347504218412	0.663944689665311	0.930597514006711	0.986725244763262	sample_2022120210001
s__HROM_Genome_2255	Responder_Status	Responder	-0.0684883923816111	0.849254647112471	0.936297718797919	0.989273348946826	sample_2022120210001
s__Streptococcus.cristatus.1	Responder_Status	Responder	0.0792579029591927	0.978375186370321	0.936010505310595	0.989273348946826	sample_2022120210001
s__HROM_Genome_2231	Responder_Status	Responder	0.0749017614017582	0.947157928887976	0.937531037385592	0.989681942120062	sample_2022120210001
s__Propionibacterium.acidifaciens	Responder_Status	Responder	0.117103112180957	1.53161193424191	0.93959889071592	0.990105209487877	sample_2022120210001
s__Lachnoanaerobaculum.sp000209465	Responder_Status	Responder	-0.0860272817947789	1.1111300962198	0.938837479025438	0.990105209487877	sample_2022120210001
s__HROM_Genome_1940	Responder_Status	Responder	0.167139942323371	2.15159388792471	0.938633545953007	0.990105209487877	sample_2022120210001
s__HROM_Genome_2467	Responder_Status	Responder	0.0771065290780794	1.01529356004454	0.940002854251955	0.990145374500392	sample_2022120210001
s__Streptococcus.mitis_K	Responder_Status	Responder	-0.0689267281284593	0.91183178444001	0.940281620074392	0.990260553033301	sample_2022120210001
s__Lancefieldella.sp000564995.11	Responder_Status	Responder	-0.0321039287127589	0.447721765993416	0.943346345048813	0.991000494236341	sample_2022120210001
s__Streptococcus.oralis_X	Responder_Status	Responder	0.0569266281993532	0.785271602494618	0.942725010537335	0.991000494236341	sample_2022120210001
s__HROM_Genome_2244	Responder_Status	Responder	0.0590172436387067	0.82444130462404	0.943441428334096	0.991000494236341	sample_2022120210001
s__Campylobacter_A.sp905371695	Responder_Status	Responder	0.0578270135114498	0.81494020808724	0.943935112625792	0.991072522597046	sample_2022120210001
s__Prevotella.oris	Responder_Status	Responder	0.0587827505932957	0.842336052618529	0.944860500466149	0.991213050538804	sample_2022120210001
s__HROM_Genome_1709	Responder_Status	Responder	-0.087172632568477	1.25753210420886	0.945227289760017	0.991213050538804	sample_2022120210001
s__Leptotrichia.trevisanii	Responder_Status	Responder	0.0749283964447366	1.10881068861798	0.946603833378628	0.991731181197286	sample_2022120210001
s__HROM_Genome_1185	Responder_Status	Responder	0.0561923297902083	0.8654488511175	0.948692252016186	0.992679236132225	sample_2022120210001
s__Streptococcus.oralis_N	Responder_Status	Responder	0.044857154532136	0.705298025180642	0.949740384350954	0.993242538295103	sample_2022120210001
s__HROM_Genome_1014	Responder_Status	Responder	0.0793228937083399	1.30763098838375	0.952059692632211	0.993910313721387	sample_2022120210001
s__HROM_Genome_5029	Responder_Status	Responder	-0.0802783871484313	1.32366137648946	0.952069790476873	0.993910313721387	sample_2022120210001
s__Streptococcus.sp901875575	Responder_Status	Responder	-0.0248246973564591	0.426774279014437	0.95402778878379	0.994346010242734	sample_2022120210001
s__HROM_Genome_1681	Responder_Status	Responder	0.0708552776930498	1.23858202178374	0.954786782669717	0.994605015987256	sample_2022120210001
s__Prevotella.sp905372445	Responder_Status	Responder	-0.101367430124355	1.8842427516797	0.957478564255172	0.995110608361343	sample_2022120210001
s__Johnsonella.sp905373785	Responder_Status	Responder	0.0521001127669269	0.982416858958382	0.958082505463652	0.995110608361343	sample_2022120210001
s__Streptococcus.pseudopneumoniae_E	Responder_Status	Responder	0.0410604915772168	0.760594948880115	0.957330698629477	0.995110608361343	sample_2022120210001
s__HROM_Genome_2224	Responder_Status	Responder	0.0264565789895228	0.501366130806951	0.958290667109318	0.995110608361343	sample_2022120210001
s__HROM_Genome_2410	Responder_Status	Responder	-0.0352037006789122	0.658629574663085	0.95775296626911	0.995110608361343	sample_2022120210001
s__HROM_Genome_4990	Responder_Status	Responder	0.0576688233497754	1.08787424979926	0.958099903023245	0.995110608361343	sample_2022120210001
s__HROM_Genome_2492	Responder_Status	Responder	0.0403245807751191	0.786720556919054	0.95948501317367	0.995284988231821	sample_2022120210001
s__HROM_Genome_2392	Responder_Status	Responder	0.0576427501411954	1.15697119220766	0.960617856351854	0.995452005339198	sample_2022120210001
s__HROM_Genome_1266	Responder_Status	Responder	-0.0465774141864854	0.953605354330016	0.961390770586081	0.995592053196459	sample_2022120210001
s__HROM_Genome_0285	Responder_Status	Responder	0.0423448851177065	0.914243850499681	0.963386489591068	0.996045237144682	sample_2022120210001
s__HROM_Genome_2223	Responder_Status	Responder	0.0272596061694237	0.595928073668217	0.963839689670491	0.996045237144682	sample_2022120210001
s__HROM_Genome_2411	Responder_Status	Responder	-0.0387237972228635	0.850515436203265	0.964008196155255	0.996045237144682	sample_2022120210001
s__Kingella.kingae	Responder_Status	Responder	0.0457952439969875	0.998520167606424	0.963744898150891	0.996045237144682	sample_2022120210001
s__Actinomyces.sp002999235	Responder_Status	Responder	-0.0403824361523682	1.27677438824031	0.974992710631656	0.996520731252366	sample_2022120210001
s__Alloprevotella.tannerae	Responder_Status	Responder	0.047796494583639	1.33788681324491	0.971754825830154	0.996520731252366	sample_2022120210001
s__HROM_Genome_1690	Responder_Status	Responder	0.0358009887453039	0.840214768016361	0.966315362518693	0.996520731252366	sample_2022120210001
s__JABZIP01.sp015258265	Responder_Status	Responder	-0.0642184410485328	1.83685890045664	0.972358882630286	0.996520731252366	sample_2022120210001
s__HROM_Genome_2105	Responder_Status	Responder	-0.0318357122080672	1.0143137698954	0.975184006963716	0.996520731252366	sample_2022120210001
s__Streptococcus.mitis_P	Responder_Status	Responder	0.0278735929242414	0.76239280069932	0.971094717065994	0.996520731252366	sample_2022120210001
s__HROM_Genome_2324	Responder_Status	Responder	-0.0150697938757321	0.455123046136699	0.973820608070842	0.996520731252366	sample_2022120210001
s__Streptococcus.sp001808705.1	Responder_Status	Responder	0.0218708990415541	0.62551514141006	0.97235602932521	0.996520731252366	sample_2022120210001
s__HROM_Genome_2464	Responder_Status	Responder	0.0341741405540486	0.952177067157744	0.971624300183609	0.996520731252366	sample_2022120210001
s__HROM_Genome_2598	Responder_Status	Responder	-0.0292155928251599	0.898442111668521	0.974289614247408	0.996520731252366	sample_2022120210001
s__Gemella.haemolysans_A	Responder_Status	Responder	-0.0465859067290098	1.31493518404407	0.971989595859988	0.996520731252366	sample_2022120210001
s__HROM_Genome_2871	Responder_Status	Responder	0.041175570326534	1.08188259260644	0.969910555675662	0.996520731252366	sample_2022120210001
s__Fusobacterium.hwasookii	Responder_Status	Responder	0.0367532866223262	1.11354801688124	0.973904307402146	0.996520731252366	sample_2022120210001
s__Nanosyncoccus.sp905372495	Responder_Status	Responder	0.03134055689618	0.766524356532434	0.967676476355126	0.996520731252366	sample_2022120210001
s__Neisseria.flavescens	Responder_Status	Responder	-0.0332498916076721	0.969376706380871	0.972881059526539	0.996520731252366	sample_2022120210001
s__Treponema_C.lecithinolyticum	Responder_Status	Responder	-0.0522095395773242	1.5527245591197	0.973415166458791	0.996520731252366	sample_2022120210001
s__Prevotella.scopos	Responder_Status	Responder	-0.0495715405148867	1.61008138309053	0.975656849452493	0.996803755471041	sample_2022120210001
s__Campylobacter_A.showae_A	Responder_Status	Responder	-0.0426892232641809	1.42183589891732	0.976260888575465	0.997246573527367	sample_2022120210001
s__HROM_Genome_1836	Responder_Status	Responder	0.0172163160691683	0.584705794897972	0.976719028777225	0.997540227713242	sample_2022120210001
s__HROM_Genome_1758	Responder_Status	Responder	0.0308078356523856	1.22369219648952	0.980093049400279	0.997761013970091	sample_2022120210001
s__Streptococcus.mitis_J	Responder_Status	Responder	0.013132264507799	0.554585822107345	0.981276282468318	0.997761013970091	sample_2022120210001
s__Streptococcus.mitis_AC	Responder_Status	Responder	-0.018104506909973	0.761964889842216	0.981212340745094	0.997761013970091	sample_2022120210001
s__Streptococcus.timonensis	Responder_Status	Responder	-0.0326051894785203	1.46456064629272	0.982396238797443	0.997932918973072	sample_2022120210001
s__HROM_Genome_2604	Responder_Status	Responder	0.0204767642047278	1.00223676523655	0.98384440482893	0.998194062830639	sample_2022120210001
s__Nanosyncoccus.sp015257485	Responder_Status	Responder	-0.00632196599144742	0.303236900251426	0.98351455106523	0.998194062830639	sample_2022120210001
s__Alloprevotella.rava	Responder_Status	Responder	-0.0224269065763254	1.14458860923009	0.984506325457111	0.998368955683639	sample_2022120210001
s__HROM_Genome_0259	Responder_Status	Responder	0.0268979744079744	1.54822486839817	0.986261916081974	0.998833185732386	sample_2022120210001
s__Peptidiphaga.sp000466165	Responder_Status	Responder	-0.00787825985809201	0.87551553422718	0.992884201681688	0.998833185732386	sample_2022120210001
s__Lancefieldella.sp000564995.4	Responder_Status	Responder	0.0064343422856122	0.410609009413056	0.987608595537992	0.998833185732386	sample_2022120210001
s__HROM_Genome_1196	Responder_Status	Responder	-0.00897985439738967	0.986770404404339	0.992803683987172	0.998833185732386	sample_2022120210001
s__Pseudoramibacter.alactolyticus	Responder_Status	Responder	-0.00457002528861379	1.07138314011435	0.996626849747234	0.998833185732386	sample_2022120210001
s__Catonella.morbi	Responder_Status	Responder	-0.0157868010350054	1.03121465423962	0.98789427663396	0.998833185732386	sample_2022120210001
s__HROM_Genome_1750	Responder_Status	Responder	0.00730987400452982	1.59769103581255	0.996381914889504	0.998833185732386	sample_2022120210001
s__Oribacterium.sinus.5	Responder_Status	Responder	-0.00840535709398248	0.605011828350961	0.989013962195551	0.998833185732386	sample_2022120210001
s__Streptococcus.mitis_D	Responder_Status	Responder	-0.00680796286495784	0.45590488117782	0.98819164299923	0.998833185732386	sample_2022120210001
s__Streptococcus.oralis_BE	Responder_Status	Responder	0.00654540174209887	0.525900595403405	0.990157978990381	0.998833185732386	sample_2022120210001
s__HROM_Genome_2198	Responder_Status	Responder	0.011378249038455	1.13090461038756	0.992043810345559	0.998833185732386	sample_2022120210001
s__Streptococcus.mitis_AK	Responder_Status	Responder	-0.00977856413862615	1.04852442710556	0.992625148646099	0.998833185732386	sample_2022120210001
s__HROM_Genome_2246	Responder_Status	Responder	-0.00801065040791132	0.697507476675989	0.99091819277286	0.998833185732386	sample_2022120210001
s__Streptococcus.oralis_BA	Responder_Status	Responder	-0.0101049222845823	0.927422507850914	0.991383920420034	0.998833185732386	sample_2022120210001
s__HROM_Genome_2342	Responder_Status	Responder	0.0042516347385348	0.686142884293039	0.995099935915768	0.998833185732386	sample_2022120210001
s__HROM_Genome_2365	Responder_Status	Responder	0.0139019710607124	0.810642777797502	0.986439113840364	0.998833185732386	sample_2022120210001
s__HROM_Genome_2435	Responder_Status	Responder	-0.00200868882520568	0.888331277193741	0.998211863854952	0.999579980166557	sample_2022120210001
s__HROM_Genome_1021	Responder_Status	Responder	0.000976425783491973	1.70931240972085	0.999548267825658	0.999615369156226	sample_2022120210001
s__HROM_Genome_1892	Responder_Status	Responder	0.00103161036809579	1.16140165436665	0.99929758067064	0.999615369156226	sample_2022120210001
