feature	metadata	value	coef	stderr	pval	qval	holdout
s__Streptococcus.oralis_Y	Responder_Status	Responder	-2.7658731231454	0.508941171961915	8.46573427576872e-06	0.00986258043127056	sample_2022120210026
s__Haemophilus_D.parainfluenzae_N	Responder_Status	Responder	3.79352497944388	0.900502955767243	0.000236998238358809	0.0726406690139706	sample_2022120210026
s__Bifidobacterium.longum	Responder_Status	Responder	-5.13869490616336	1.38042462958051	0.000879595600361189	0.18976460637422	sample_2022120210026
s__Veillonella.dispar.3	Responder_Status	Responder	-4.11786777707739	1.16952017955996	0.00149266303845898	0.258947535951419	sample_2022120210026
s__Haemophilus_A.paraphrohaemolyticus	Responder_Status	Responder	2.18893815845045	0.622532040760552	0.00151145342872931	0.258947535951419	sample_2022120210026
s__HROM_Genome_0948	Responder_Status	Responder	-2.13088270303137	0.626402449011884	0.00203317603582376	0.320087848883066	sample_2022120210026
s__Lancefieldella.sp000564995.7	Responder_Status	Responder	-1.40215538243658	0.426328939165468	0.0027163553185446	0.362920027995716	sample_2022120210026
s__Veillonella.sp018367495	Responder_Status	Responder	-2.39787751768016	0.795834909977323	0.00543901365442497	0.440625788820987	sample_2022120210026
s__Haemophilus_D.parainfluenzae	Responder_Status	Responder	2.88871538555067	0.978331728215642	0.00631265503383249	0.440625788820987	sample_2022120210026
s__Haemophilus_D.sp900756875	Responder_Status	Responder	3.20674199918548	1.07275103759961	0.00576841930251762	0.440625788820987	sample_2022120210026
s__Treponema.sp905372265	Responder_Status	Responder	-2.78736926939636	0.929854605975396	0.00565028918694268	0.440625788820987	sample_2022120210026
s__Veillonella.dispar.1	Responder_Status	Responder	-2.90400106413981	0.986979599610247	0.00647583676434232	0.443785284144635	sample_2022120210026
s__HROM_Genome_0958	Responder_Status	Responder	-1.77614395094435	0.615045294315993	0.00739959675505061	0.454435112628043	sample_2022120210026
s__Streptococcus.cristatus_E	Responder_Status	Responder	-1.5327636705471	0.531447237651318	0.00746655430153607	0.454435112628043	sample_2022120210026
s__Arachnia.propionica	Responder_Status	Responder	2.4486368417545	0.91922384678886	0.0126684746362839	0.542214260056528	sample_2022120210026
s__Prevotella.sp000257925	Responder_Status	Responder	-4.24928714205188	1.58320421727411	0.0120786414412193	0.542214260056528	sample_2022120210026
s__Lactobacillus.delbrueckii	Responder_Status	Responder	-1.94466032878255	0.727548546025671	0.012399546970168	0.542214260056528	sample_2022120210026
s__HROM_Genome_2578	Responder_Status	Responder	-2.46120211989679	0.924913772389868	0.012752507060557	0.542214260056528	sample_2022120210026
s__Rothia.mucilaginosa.9	Responder_Status	Responder	3.41796182432347	1.29554941580636	0.013455022610664	0.54308497709792	sample_2022120210026
s__Streptococcus.mitis_BB.1	Responder_Status	Responder	-2.32409650676282	0.891280265308856	0.0144571361344413	0.54308497709792	sample_2022120210026
s__HROM_Genome_3296	Responder_Status	Responder	-1.14723003063635	0.432595071256915	0.0130270246775234	0.54308497709792	sample_2022120210026
s__Haemophilus.haemolyticus	Responder_Status	Responder	2.73996786837671	1.05368989212713	0.0147037922204784	0.54308497709792	sample_2022120210026
s__Streptococcus.sp000259505	Responder_Status	Responder	-0.330491912018964	0.128590727092835	0.015777424532118	0.543291858748231	sample_2022120210026
s__HROM_Genome_2291	Responder_Status	Responder	-1.91475341697135	0.746743327186892	0.0159976658510263	0.543291858748231	sample_2022120210026
s__HROM_Genome_2759	Responder_Status	Responder	-2.06834600849198	0.80958525023788	0.0163471793310231	0.543291858748231	sample_2022120210026
s__HROM_Genome_4858	Responder_Status	Responder	0.795727361403605	0.307714188594757	0.0152070448985308	0.543291858748231	sample_2022120210026
s__HROM_Genome_1001	Responder_Status	Responder	-2.63758304338139	1.04892654893753	0.0179405511224922	0.549698732010634	sample_2022120210026
s__F0428.sp003043955	Responder_Status	Responder	-4.49409810270384	1.80491426536009	0.0189846638848296	0.558513470349153	sample_2022120210026
s__HROM_Genome_2731	Responder_Status	Responder	-2.02560597470058	0.820277249427352	0.0198963609815782	0.568939123138877	sample_2022120210026
s__HROM_Genome_1125	Responder_Status	Responder	3.38627465550235	1.40731192686844	0.0229660336666832	0.57473918294131	sample_2022120210026
s__Streptococcus.oralis_T.1	Responder_Status	Responder	-1.62901432670704	0.663848542052863	0.0206130157777887	0.57473918294131	sample_2022120210026
s__Haemophilus_A.parahaemolyticus	Responder_Status	Responder	3.079898162456	1.28229986855008	0.0231922200363432	0.574870986007231	sample_2022120210026
s__Lancefieldella.sp000564995.6	Responder_Status	Responder	-1.0074918499256	0.422898005476264	0.0242326393447132	0.585294651394514	sample_2022120210026
s__Pauljensenia.odontolytica_B	Responder_Status	Responder	3.67478371451858	1.5763457477806	0.0271667886170991	0.586161801877421	sample_2022120210026
s__Bacteroides_D.sp905373665	Responder_Status	Responder	-2.60338302185445	1.10379463862571	0.0255586243772056	0.586161801877421	sample_2022120210026
s__Oribacterium.sinus.2	Responder_Status	Responder	-0.964048819437086	0.41136003274898	0.0264294945153691	0.586161801877421	sample_2022120210026
s__Streptococcus.cristatus_C.1	Responder_Status	Responder	-1.97797755689425	0.847306044754559	0.0269725203392081	0.586161801877421	sample_2022120210026
s__Leptotrichia_A.sp905371725	Responder_Status	Responder	-2.36609753091097	1.00021069195599	0.0251601971539767	0.586161801877421	sample_2022120210026
s__Veillonella.sp900549805	Responder_Status	Responder	-3.68025021560537	1.60842017383656	0.0298855527528915	0.595469211334137	sample_2022120210026
s__Pauljensenia.odontolytica_A	Responder_Status	Responder	1.69437789854848	0.746105578600011	0.0310347506311596	0.598230662366102	sample_2022120210026
s__Limosilactobacillus.portuensis	Responder_Status	Responder	-2.78447054921566	1.23920832403046	0.0327089423488468	0.610671760198822	sample_2022120210026
s__HROM_Genome_2109	Responder_Status	Responder	-1.43558885971925	0.641312785842409	0.0333185418785378	0.61809078484867	sample_2022120210026
s__Granulicatella.sp900551535	Responder_Status	Responder	-1.27854728909271	0.599615107059499	0.041893000262591	0.639391941087716	sample_2022120210026
s__HROM_Genome_5023	Responder_Status	Responder	-1.87640539539083	0.873846197602712	0.0405721623903734	0.639391941087716	sample_2022120210026
s__Alloscardovia.omnicolens	Responder_Status	Responder	-5.0005789086323	2.36296829009532	0.043347401438901	0.642490110385746	sample_2022120210026
s__HROM_Genome_0434	Responder_Status	Responder	-1.37434526367107	0.649146016296267	0.0432618167064882	0.642490110385746	sample_2022120210026
s__HROM_Genome_4870	Responder_Status	Responder	1.55523198265304	0.73775470758294	0.0441044479101151	0.64875860877884	sample_2022120210026
s__HROM_Genome_2831	Responder_Status	Responder	1.6146121050646	0.775737609878631	0.0466594725960091	0.658090624386811	sample_2022120210026
s__Veillonella.dispar.2	Responder_Status	Responder	-1.33090670973183	0.637628416944224	0.0460845035503285	0.658090624386811	sample_2022120210026
s__Leptotrichia.wadei	Responder_Status	Responder	-1.84721397970691	0.883843764701184	0.0458227490740767	0.658090624386811	sample_2022120210026
s__Saccharimonas.sp018127705	Responder_Status	Responder	-2.38872967991565	1.14607939551	0.0463781285203078	0.658090624386811	sample_2022120210026
s__HROM_Genome_1882	Responder_Status	Responder	-1.71797103447935	0.848278543250814	0.0524706826604848	0.666931191830156	sample_2022120210026
s__SDRK01.sp007845205	Responder_Status	Responder	-2.16223973127054	1.05392881077791	0.0496676822395375	0.666931191830156	sample_2022120210026
s__Bacteroides_D.sp013333835	Responder_Status	Responder	-0.83633642181744	0.416586813370164	0.0544251196279482	0.671147331107793	sample_2022120210026
s__HROM_Genome_1765	Responder_Status	Responder	-1.63840175287353	0.820825792099788	0.0557384985633242	0.671147331107793	sample_2022120210026
s__Streptococcus.peroris	Responder_Status	Responder	-1.57780775042211	0.784180742595167	0.0539260342409948	0.671147331107793	sample_2022120210026
s__HROM_Genome_2371	Responder_Status	Responder	-1.71879505255792	0.858088600443625	0.0549381874462887	0.671147331107793	sample_2022120210026
s__Streptococcus.mitis_BJ	Responder_Status	Responder	-1.35761483988516	0.673788721194794	0.0536086871293174	0.671147331107793	sample_2022120210026
s__Neisseria.mucosa_A	Responder_Status	Responder	2.24938178004049	1.12535354249593	0.0554197215702526	0.671147331107793	sample_2022120210026
s__Neisseria.elongata	Responder_Status	Responder	2.70348366304765	1.34969661583728	0.0549404749388112	0.671147331107793	sample_2022120210026
s__HROM_Genome_4862	Responder_Status	Responder	1.30148036677137	0.657535327610103	0.0576875443285802	0.678610226299494	sample_2022120210026
s__Pauljensenia.sp018382595	Responder_Status	Responder	2.63226945809284	1.35077359012202	0.0614143838374071	0.679883527693986	sample_2022120210026
s__Lancefieldella.sp015258485	Responder_Status	Responder	-1.43981840855048	0.731035258566077	0.0588546919057135	0.679883527693986	sample_2022120210026
s__HROM_Genome_0854	Responder_Status	Responder	1.23995425209962	0.635261799475859	0.0610194461884311	0.679883527693986	sample_2022120210026
s__Streptococcus.sp000411475	Responder_Status	Responder	-2.34747001609993	1.19908198297404	0.060296452089751	0.679883527693986	sample_2022120210026
s__Gemella.sp900555985	Responder_Status	Responder	-3.11146872544286	1.58320895455876	0.059371011945884	0.679883527693986	sample_2022120210026
s__Veillonella.sp902834965	Responder_Status	Responder	-1.88553416766076	0.967105570069103	0.0612950655196465	0.679883527693986	sample_2022120210026
s__HROM_Genome_2434	Responder_Status	Responder	-1.47195308867769	0.758853935032631	0.0625499802199465	0.68169291959831	sample_2022120210026
s__HROM_Genome_4859	Responder_Status	Responder	2.09065369757751	1.08182127841248	0.0634675010711711	0.68343632401246	sample_2022120210026
s__HROM_Genome_1967	Responder_Status	Responder	-1.48851717951701	0.772246089118528	0.0641158267056097	0.684194101712292	sample_2022120210026
s__HROM_Genome_2228	Responder_Status	Responder	-1.38934443829344	0.729968017026486	0.0673289694993964	0.686123993998593	sample_2022120210026
s__Streptococcus.oralis_BM	Responder_Status	Responder	-1.97032943381789	1.03572940104907	0.0674558459938131	0.686123993998593	sample_2022120210026
s__Nanosyncoccus.sp013332965	Responder_Status	Responder	-2.14234141087201	1.12905603314575	0.0681232425591561	0.686123993998593	sample_2022120210026
s__Alloprevotella.sp000318095	Responder_Status	Responder	3.21518078711932	1.71636947360107	0.0715085949648078	0.686223337182876	sample_2022120210026
s__HROM_Genome_1320	Responder_Status	Responder	1.00972367042628	0.53391990238911	0.0689917386094522	0.686223337182876	sample_2022120210026
s__Limosilactobacillus.fermentum	Responder_Status	Responder	-3.43590680132614	1.8266679344006	0.070413333960332	0.686223337182876	sample_2022120210026
s__Leptotrichia.buccalis	Responder_Status	Responder	-2.66889178482938	1.43456924080738	0.0733605674900354	0.688985249501721	sample_2022120210026
s__Prevotella.jejuni	Responder_Status	Responder	-3.24186136293574	1.75539198050267	0.0753701088252574	0.689983391160377	sample_2022120210026
s__Actinomyces.massiliensis	Responder_Status	Responder	1.74642396591437	0.964035307582415	0.0807917226055564	0.690432190255291	sample_2022120210026
s__Corynebacterium.argentoratense	Responder_Status	Responder	3.17553539996336	1.74744989029614	0.0798982065319989	0.690432190255291	sample_2022120210026
s__Lancefieldella.sp000564995.8	Responder_Status	Responder	-0.699518436706547	0.380364627427251	0.0765320898780008	0.690432190255291	sample_2022120210026
s__HROM_Genome_2234	Responder_Status	Responder	-1.26385107577013	0.690409383163511	0.0778264336058952	0.690432190255291	sample_2022120210026
s__Granulicatella.sp905371865	Responder_Status	Responder	-1.76948556704696	0.968140897678768	0.0782677150366913	0.690432190255291	sample_2022120210026
s__CAJPPJ01.sp905372515	Responder_Status	Responder	-2.4405001256133	1.34679186368227	0.0807113269432417	0.690432190255291	sample_2022120210026
s__Nanogingivalis.sp015257795	Responder_Status	Responder	-2.44698677378976	1.35183382764781	0.0810223263433119	0.690432190255291	sample_2022120210026
s__HROM_Genome_4863	Responder_Status	Responder	0.644877535746377	0.34962278016171	0.075715327169006	0.690432190255291	sample_2022120210026
s__HROM_Genome_5106	Responder_Status	Responder	-1.96655729610457	1.08680154767657	0.0811230146027966	0.690432190255291	sample_2022120210026
s__HROM_Genome_3437	Responder_Status	Responder	-0.849268146208272	0.471464034970358	0.0824282242411065	0.69089393153785	sample_2022120210026
s__HROM_Genome_0257	Responder_Status	Responder	-3.04194177896854	1.69789535169729	0.0840130134309005	0.692186426074959	sample_2022120210026
s__Cryptobacterium.curtum	Responder_Status	Responder	-2.62630704833497	1.46839100852049	0.0845116799224383	0.6933528669693	sample_2022120210026
s__HROM_Genome_5068	Responder_Status	Responder	-2.61572143175255	1.47020939637703	0.0860745175181188	0.696842911012553	sample_2022120210026
s__HROM_Genome_5091	Responder_Status	Responder	-1.6248385898422	0.914436315763537	0.0864558353865937	0.697514184386299	sample_2022120210026
s__Streptococcus.oralis_C.1	Responder_Status	Responder	-0.715046989133768	0.404636980019172	0.088105542325128	0.697870496724403	sample_2022120210026
s__Cardiobacterium.hominis	Responder_Status	Responder	1.34147808678119	0.75642859594626	0.0870349746582122	0.697870496724403	sample_2022120210026
s__Pyramidobacter.piscolens	Responder_Status	Responder	-1.47624864953055	0.834872350405558	0.0879178295120843	0.697870496724403	sample_2022120210026
s__Rothia.mucilaginosa_B.1	Responder_Status	Responder	2.15040266447627	1.22978082430315	0.0913163813298194	0.703044086458381	sample_2022120210026
s__Johnsonella.sp900766185	Responder_Status	Responder	1.92605746752152	1.10625103085631	0.0926511653491726	0.705168872276559	sample_2022120210026
s__Treponema_D.sp905372235	Responder_Status	Responder	-2.49896982533162	1.43409203431215	0.0923882550970496	0.705168872276559	sample_2022120210026
s__HROM_Genome_0145	Responder_Status	Responder	0.815307800779779	0.473286989475118	0.0959814688928379	0.713224870411166	sample_2022120210026
s__Lancefieldella.sp000564995.10	Responder_Status	Responder	-0.93730866573041	0.558572923315987	0.104468083247196	0.713224870411166	sample_2022120210026
s__Streptococcus.sp000187445	Responder_Status	Responder	-1.40073223859603	0.809717428032938	0.0946581505778926	0.713224870411166	sample_2022120210026
s__Streptococcus.parasanguinis_B	Responder_Status	Responder	-1.17917631900438	0.699540905912538	0.102978990140863	0.713224870411166	sample_2022120210026
s__Streptococcus.pseudopneumoniae_L	Responder_Status	Responder	-1.1374776589873	0.665056164369816	0.0982617213535281	0.713224870411166	sample_2022120210026
s__HROM_Genome_2357	Responder_Status	Responder	-1.34926687232735	0.796631688458764	0.10141729484215	0.713224870411166	sample_2022120210026
s__HROM_Genome_2419	Responder_Status	Responder	-1.08617585019296	0.641539398430603	0.10153989098614	0.713224870411166	sample_2022120210026
s__HROM_Genome_2491	Responder_Status	Responder	1.47035713617451	0.859873269359785	0.0983326324853101	0.713224870411166	sample_2022120210026
s__HROM_Genome_4498	Responder_Status	Responder	-2.36299865391031	1.39956563672146	0.102447215582698	0.713224870411166	sample_2022120210026
s__Haemophilus.aegyptius	Responder_Status	Responder	1.28788806125896	0.752282739328543	0.0979578882373445	0.713224870411166	sample_2022120210026
s__Rodentibacter.sp901420285	Responder_Status	Responder	-1.59360108088809	0.936754329039088	0.0999879712598429	0.713224870411166	sample_2022120210026
s__HROM_Genome_0267	Responder_Status	Responder	1.27824349018792	0.76445110628088	0.105643313020728	0.715287259848434	sample_2022120210026
s__Alloprevotella.sp015259235	Responder_Status	Responder	1.87154782516564	1.12456516115238	0.107217598076703	0.721672837975442	sample_2022120210026
s__Rothia.mucilaginosa_B.3	Responder_Status	Responder	0.757300905308056	0.459096635394045	0.110211634808632	0.722926179472239	sample_2022120210026
s__Lancefieldella.sp000411555	Responder_Status	Responder	-1.79659799840598	1.09396650138755	0.111717723330731	0.722926179472239	sample_2022120210026
s__Lancefieldella.sp000564995.17	Responder_Status	Responder	0.653732372209457	0.399019617947696	0.11253982452506	0.722926179472239	sample_2022120210026
s__HROM_Genome_1725	Responder_Status	Responder	-1.15267839609781	0.699687216232216	0.11065053565097	0.722926179472239	sample_2022120210026
s__Lactobacillus.crispatus	Responder_Status	Responder	-2.1313266550621	1.29262230231412	0.110357270461557	0.722926179472239	sample_2022120210026
s__Anaeroglobus.micronuciformis	Responder_Status	Responder	-2.38964720705493	1.45868159245185	0.112565501250012	0.722926179472239	sample_2022120210026
s__Leptotrichia.wadei_A	Responder_Status	Responder	-2.02741992708261	1.23703412630291	0.112416224427284	0.722926179472239	sample_2022120210026
s__Leptotrichia.hofstadii	Responder_Status	Responder	-1.56501784474628	0.954695369546919	0.112343144121775	0.722926179472239	sample_2022120210026
s__HROM_Genome_5020	Responder_Status	Responder	-1.83360663568593	1.10977670148537	0.109659561436557	0.722926179472239	sample_2022120210026
s__HROM_Genome_0265	Responder_Status	Responder	2.15185544538855	1.31830195849641	0.113815119452497	0.726225353627832	sample_2022120210026
s__Streptococcus.koreensis	Responder_Status	Responder	2.05337976890271	1.25815544447159	0.113865419258968	0.726225353627832	sample_2022120210026
s__Streptococcus.oralis_T	Responder_Status	Responder	-0.971249156727695	0.597966764829324	0.11552765253239	0.728299324676591	sample_2022120210026
s__HROM_Genome_2617	Responder_Status	Responder	-1.40322459937377	0.864709323416307	0.115845715782914	0.729514912903214	sample_2022120210026
s__HROM_Genome_1015	Responder_Status	Responder	-0.88634094126727	0.54737012433664	0.116599227541478	0.729878829534239	sample_2022120210026
s__Prevotella.sp015256945	Responder_Status	Responder	-3.36813310708447	2.08501626628615	0.117438041111419	0.730922449335063	sample_2022120210026
s__HROM_Genome_2711	Responder_Status	Responder	-2.72804108438206	1.69483975763685	0.118699905702065	0.733928063095098	sample_2022120210026
s__Veillonella.dispar	Responder_Status	Responder	-1.45133116536986	0.901175101639988	0.118509032363485	0.733928063095098	sample_2022120210026
s__HROM_Genome_1702	Responder_Status	Responder	0.957523795929744	0.595608305203766	0.119133596337943	0.734342009173036	sample_2022120210026
s__HROM_Genome_0380	Responder_Status	Responder	0.686996791030141	0.429074635251203	0.120575686329954	0.73467926032634	sample_2022120210026
s__HROM_Genome_1486	Responder_Status	Responder	0.714331933984827	0.445578345385992	0.120122534861274	0.73467926032634	sample_2022120210026
s__Streptococcus.sp000187745	Responder_Status	Responder	-1.5858674732536	0.994541124603524	0.122035061201247	0.737109646059485	sample_2022120210026
s__Streptococcus.mitis_AF	Responder_Status	Responder	-1.06750599780434	0.668682253840098	0.12161849532329	0.737109646059485	sample_2022120210026
s__Pauljensenia.meyeri	Responder_Status	Responder	-1.86998426668501	1.21236360788778	0.134196966252555	0.746785178739013	sample_2022120210026
s__HROM_Genome_0716	Responder_Status	Responder	0.99794250538622	0.643244294780886	0.13203172214131	0.746785178739013	sample_2022120210026
s__HROM_Genome_0985	Responder_Status	Responder	-0.568158525753296	0.366350098611675	0.132165362305964	0.746785178739013	sample_2022120210026
s__Prevotella.oralis	Responder_Status	Responder	1.80028551300767	1.16605687302848	0.133838549184113	0.746785178739013	sample_2022120210026
s__HROM_Genome_1334	Responder_Status	Responder	1.10024239511389	0.710389247800396	0.132662664862378	0.746785178739013	sample_2022120210026
s__Gemella.sp900766305	Responder_Status	Responder	-2.23887272379838	1.45099530606614	0.134060689013025	0.746785178739013	sample_2022120210026
s__HROM_Genome_2723	Responder_Status	Responder	-1.03334150462225	0.668540133568812	0.133413470176063	0.746785178739013	sample_2022120210026
s__HROM_Genome_2903	Responder_Status	Responder	-0.865426769629026	0.5593112751605	0.133018482656418	0.746785178739013	sample_2022120210026
s__Nanogingivalis.sp900556165	Responder_Status	Responder	1.21883795614058	0.785125554724819	0.131794890443898	0.746785178739013	sample_2022120210026
s__Rothia.mucilaginosa.2	Responder_Status	Responder	1.20168162633629	0.780271434785816	0.134766857704543	0.748347899074323	sample_2022120210026
s__Olsenella_I.phocaeensis	Responder_Status	Responder	-1.42486445394992	0.937196031818735	0.139636664219226	0.750493499971813	sample_2022120210026
s__Lancefieldella.sp000564995	Responder_Status	Responder	-1.45811338823999	0.954388931617042	0.137781725593134	0.750493499971813	sample_2022120210026
s__HROM_Genome_1346	Responder_Status	Responder	0.823076647996937	0.539555694857737	0.138358921700764	0.750493499971813	sample_2022120210026
s__HROM_Genome_1893	Responder_Status	Responder	-1.02882913751796	0.68018701540818	0.141595552450203	0.750493499971813	sample_2022120210026
s__Streptococcus.sp905371745	Responder_Status	Responder	1.3704727782487	0.904618911333948	0.140987805514537	0.750493499971813	sample_2022120210026
s__Streptococcus.oralis_BJ	Responder_Status	Responder	-0.7760618886697	0.509621326451622	0.13901882387813	0.750493499971813	sample_2022120210026
s__Streptococcus.mitis_N	Responder_Status	Responder	-1.69253047448687	1.1104908096775	0.1386929376765	0.750493499971813	sample_2022120210026
s__Granulicatella.adiacens_A	Responder_Status	Responder	-1.77183695576827	1.16246661745936	0.138673944675509	0.750493499971813	sample_2022120210026
s__Leptotrichia.shahii	Responder_Status	Responder	-1.65142978483848	1.08223189519012	0.138240426301279	0.750493499971813	sample_2022120210026
s__HROM_Genome_3472	Responder_Status	Responder	-0.746423118506712	0.491215900605414	0.139838697114487	0.750493499971813	sample_2022120210026
s__Rothia.mucilaginosa_B.6	Responder_Status	Responder	1.29082332313602	0.865788480404639	0.147162664521895	0.751141146630451	sample_2022120210026
s__Peptidiphaga.sp905373325	Responder_Status	Responder	2.02836919286191	1.35960530962755	0.146912430537699	0.751141146630451	sample_2022120210026
s__Alloprevotella.sp015257125	Responder_Status	Responder	2.98492415093945	1.98948799866328	0.144717139442021	0.751141146630451	sample_2022120210026
s__Prevotella.sp905373605	Responder_Status	Responder	-0.729008496892859	0.487381759380436	0.145902108084048	0.751141146630451	sample_2022120210026
s__JABCPO02.sp013333105	Responder_Status	Responder	-1.95473010626451	1.30474990145693	0.145280669190341	0.751141146630451	sample_2022120210026
s__Streptococcus.oralis_G	Responder_Status	Responder	1.30162069929842	0.87086753438608	0.146197936194489	0.751141146630451	sample_2022120210026
s__Streptococcus.oralis_F	Responder_Status	Responder	-1.26786924468923	0.851030437460332	0.147454787957044	0.751141146630451	sample_2022120210026
s__HROM_Genome_2178	Responder_Status	Responder	-1.70278767120111	1.14315220398641	0.147520252660126	0.751141146630451	sample_2022120210026
s__HROM_Genome_2360	Responder_Status	Responder	0.849994638952109	0.565756997006931	0.144188485945999	0.751141146630451	sample_2022120210026
s__HROM_Genome_2716	Responder_Status	Responder	-2.39064401050728	1.59951811059938	0.146203835582361	0.751141146630451	sample_2022120210026
s__F0422.sp001553345	Responder_Status	Responder	-1.46787706689778	0.97376215207124	0.142901656731227	0.751141146630451	sample_2022120210026
s__SDRW01.sp007845485	Responder_Status	Responder	-1.62624633264787	1.08714083114254	0.14586887084564	0.751141146630451	sample_2022120210026
s__Neisseria.sp002237445	Responder_Status	Responder	1.40195100560397	0.932780791771605	0.144040087611795	0.751141146630451	sample_2022120210026
s__Haemophilus_D.parainfluenzae_L	Responder_Status	Responder	2.13000084829669	1.43189696393197	0.14804886841481	0.751206148533333	sample_2022120210026
s__HROM_Genome_2120	Responder_Status	Responder	-1.21902624912795	0.821826649195058	0.149161098914149	0.751544187991884	sample_2022120210026
s__Nanosynbacter.sp900555885	Responder_Status	Responder	-0.84753535725657	0.570326812929064	0.148439243329481	0.751544187991884	sample_2022120210026
s__Desulfovibrio.sp003860215	Responder_Status	Responder	1.00022895694235	0.675250894375998	0.149701372133334	0.751940376604018	sample_2022120210026
s__Rothia.sp015265375.2	Responder_Status	Responder	1.03430043000621	0.705444820302758	0.153744123359937	0.755783075765685	sample_2022120210026
s__HROM_Genome_0236	Responder_Status	Responder	1.50740936596773	1.02836550977975	0.153835428411829	0.755783075765685	sample_2022120210026
s__HROM_Genome_0748	Responder_Status	Responder	-0.667225641417611	0.45614741231028	0.154673427284586	0.755783075765685	sample_2022120210026
s__HROM_Genome_1174	Responder_Status	Responder	-1.25280998292074	0.854018397496838	0.153530154447852	0.755783075765685	sample_2022120210026
s__HROM_Genome_4908	Responder_Status	Responder	1.53604842292482	1.04682914770086	0.153428728501917	0.755783075765685	sample_2022120210026
s__HROM_Genome_4507	Responder_Status	Responder	-0.718271232968375	0.492809141410888	0.1561025626383	0.756487044399413	sample_2022120210026
s__Campylobacter_A.curvus	Responder_Status	Responder	1.74755973538324	1.21444670798937	0.161243187506649	0.760948818219211	sample_2022120210026
s__HROM_Genome_2326	Responder_Status	Responder	-0.835125101308511	0.579972931450966	0.160972995388836	0.760948818219211	sample_2022120210026
s__HROM_Genome_2833	Responder_Status	Responder	-1.88914726923447	1.30605876218535	0.159153812448362	0.760948818219211	sample_2022120210026
s__Leptotrichia.sp013394795	Responder_Status	Responder	1.49557784889067	1.03725451688826	0.160433722779932	0.760948818219211	sample_2022120210026
s__HROM_Genome_5096	Responder_Status	Responder	-1.25032917592832	0.863354937970971	0.158661387736301	0.760948818219211	sample_2022120210026
s__Streptococcus.sp013394695	Responder_Status	Responder	-1.36046465249063	0.947086130161437	0.161947596930148	0.762071056358771	sample_2022120210026
s__HROM_Genome_5095	Responder_Status	Responder	-1.51677139353521	1.05594330767902	0.161964629660456	0.762071056358771	sample_2022120210026
s__HROM_Genome_1692	Responder_Status	Responder	-0.770604096321079	0.537183253322676	0.162497345741186	0.762573430625585	sample_2022120210026
s__Veillonella.sp003463825	Responder_Status	Responder	-1.19293455442319	0.832422808304713	0.162904995237416	0.763392709383005	sample_2022120210026
s__Centipeda.noxia	Responder_Status	Responder	-1.27424040823483	0.890297732885283	0.163425692044592	0.764008552295144	sample_2022120210026
s__Rothia.mucilaginosa_B	Responder_Status	Responder	-1.39503542929153	0.975969074705404	0.163956774101424	0.765262988093583	sample_2022120210026
s__Lancefieldella.sp000564995.9	Responder_Status	Responder	-0.80796296160811	0.571881573641944	0.168730079632898	0.776851826626298	sample_2022120210026
s__Rothia.mucilaginosa_B.4	Responder_Status	Responder	2.05392053851714	1.45598725220786	0.169355404525238	0.778239252760764	sample_2022120210026
s__HROM_Genome_1913	Responder_Status	Responder	1.81016628066461	1.28465423478434	0.16982438983535	0.778586800119679	sample_2022120210026
s__Lancefieldella.sp000564995.1	Responder_Status	Responder	-0.914321837390814	0.655545185143928	0.174058648385821	0.781760076649024	sample_2022120210026
s__HROM_Genome_1066	Responder_Status	Responder	-1.12064160415389	0.800799657254237	0.172673671646998	0.781760076649024	sample_2022120210026
s__HROM_Genome_1843	Responder_Status	Responder	-0.65990263774271	0.476325441105993	0.176867401475158	0.781760076649024	sample_2022120210026
s__HROM_Genome_1919	Responder_Status	Responder	-1.22612367773901	0.874295883000725	0.171782496943834	0.781760076649024	sample_2022120210026
s__HROM_Genome_2656	Responder_Status	Responder	-1.6684568943686	1.19136702366882	0.172361556226009	0.781760076649024	sample_2022120210026
s__Eikenella.corrodens_B	Responder_Status	Responder	0.849681974701694	0.604692335714537	0.170975809777292	0.781760076649024	sample_2022120210026
s__Treponema_B.denticola	Responder_Status	Responder	1.31722585820257	0.939155720512806	0.171737845606298	0.781760076649024	sample_2022120210026
s__Dialister.micraerophilus	Responder_Status	Responder	-0.793777814507574	0.576116881382088	0.179175994557147	0.782040248173151	sample_2022120210026
s__HROM_Genome_3434	Responder_Status	Responder	1.12519292754676	0.814201988245947	0.177911477761842	0.782040248173151	sample_2022120210026
s__Rothia.sp001808955.7	Responder_Status	Responder	1.16342011766066	0.845059870568598	0.17950488801442	0.782061310907999	sample_2022120210026
s__HROM_Genome_5035	Responder_Status	Responder	-1.98696347289413	1.44306580974412	0.179451888528111	0.782061310907999	sample_2022120210026
s__HROM_Genome_2639	Responder_Status	Responder	-1.40174513520355	1.01911180916954	0.179894748557501	0.78317407350332	sample_2022120210026
s__Actinomyces.israelii	Responder_Status	Responder	1.58686435208564	1.15461293734647	0.180228553931463	0.783456213918485	sample_2022120210026
s__HROM_Genome_1359	Responder_Status	Responder	0.927545276938744	0.675517827373148	0.180622097022739	0.784581443070436	sample_2022120210026
s__HROM_Genome_2905	Responder_Status	Responder	-1.63153366968015	1.19151615537659	0.181791842215344	0.785562061007963	sample_2022120210026
s__Veillonella.sp900550455	Responder_Status	Responder	-1.87820351770285	1.37639518117956	0.183251753308865	0.786015329387803	sample_2022120210026
s__Rothia.sp001808955.8	Responder_Status	Responder	1.48427205300021	1.09129902110802	0.184650269246925	0.786447747812428	sample_2022120210026
s__HROM_Genome_1665	Responder_Status	Responder	1.53312767654306	1.12784665400182	0.18488683238281	0.786566907340258	sample_2022120210026
s__Streptococcus.oralis_BC.1	Responder_Status	Responder	1.19906566492938	0.883521309191448	0.18557546592094	0.786566907340258	sample_2022120210026
s__Bulleidia.extructa	Responder_Status	Responder	-1.26297148392319	0.932317618352244	0.186357287211722	0.787187235684033	sample_2022120210026
s__Veillonella.sp002959755	Responder_Status	Responder	-1.17014294189238	0.86879366145727	0.188826432968145	0.793631051097587	sample_2022120210026
s__HROM_Genome_0698	Responder_Status	Responder	0.704252745358552	0.528572043049382	0.193481937524049	0.794785901191862	sample_2022120210026
s__HROM_Genome_0924	Responder_Status	Responder	-0.845947643747541	0.632928032247117	0.192125598932388	0.794785901191862	sample_2022120210026
s__HROM_Genome_1696	Responder_Status	Responder	-0.682114716125341	0.512479386903181	0.19392320411706	0.794785901191862	sample_2022120210026
s__Streptococcus.parasanguinis	Responder_Status	Responder	-1.13027955605328	0.85559969485952	0.197183674837482	0.794785901191862	sample_2022120210026
s__HROM_Genome_2351	Responder_Status	Responder	-1.16238869789947	0.868839425954715	0.19170615010936	0.794785901191862	sample_2022120210026
s__Porphyromonas.sp905372525	Responder_Status	Responder	-1.4338789909067	1.09387123168523	0.200565226152585	0.795171712357168	sample_2022120210026
s__Streptococcus.lactarius	Responder_Status	Responder	-0.842573853560526	0.641838897306349	0.199925825356552	0.795171712357168	sample_2022120210026
s__Streptococcus.mitis_AI	Responder_Status	Responder	1.16332934981323	0.888242616685015	0.200942963191374	0.795171712357168	sample_2022120210026
s__Streptococcus.oralis_AD	Responder_Status	Responder	-0.937568310822876	0.715210315067436	0.200542230270053	0.795171712357168	sample_2022120210026
s__Veillonella.rogosae	Responder_Status	Responder	1.1609180390748	0.884571461091649	0.200039757523481	0.795171712357168	sample_2022120210026
s__HROM_Genome_5053	Responder_Status	Responder	-0.846768456321917	0.647863839665996	0.201839956829668	0.797637549886578	sample_2022120210026
s__Actinomyces.timonensis	Responder_Status	Responder	-1.39332016074661	1.06707285998402	0.202267734466429	0.797654392859448	sample_2022120210026
s__Prevotella.sp018127805	Responder_Status	Responder	1.59812538804715	1.233175877632	0.205576490617622	0.799501817183396	sample_2022120210026
s__Streptococcus.sp001808705.2	Responder_Status	Responder	-0.724035046179241	0.559116966654794	0.205910092915932	0.799501817183396	sample_2022120210026
s__Centipeda.sp001717585	Responder_Status	Responder	0.765199985487294	0.591187796514633	0.206120557647401	0.799501817183396	sample_2022120210026
s__Oribacterium.sinus.1	Responder_Status	Responder	-0.936681893670493	0.724534498916998	0.206644841709807	0.800025955363814	sample_2022120210026
s__Streptococcus.cristatus_D	Responder_Status	Responder	-1.03778444987295	0.804506282535545	0.207615735429318	0.800901760844885	sample_2022120210026
s__Rothia.mucilaginosa_B.5	Responder_Status	Responder	0.886691097922067	0.69309730652124	0.211285860865064	0.804969389109895	sample_2022120210026
s__HROM_Genome_1342	Responder_Status	Responder	0.767953432798292	0.604266370163237	0.214227001852247	0.804969389109895	sample_2022120210026
s__Streptococcus.halitosis	Responder_Status	Responder	0.960514195846403	0.755592313362289	0.214114340078211	0.804969389109895	sample_2022120210026
s__HROM_Genome_2439	Responder_Status	Responder	-0.826513166186408	0.650095268061748	0.214056356474813	0.804969389109895	sample_2022120210026
s__Haemophilus_D.parainfluenzae_M	Responder_Status	Responder	1.45065994522175	1.14312084885425	0.214876837285074	0.80547891523695	sample_2022120210026
s__Eikenella.halliae	Responder_Status	Responder	1.24134455842928	0.980665867490367	0.21600966619027	0.806010736338575	sample_2022120210026
s__HROM_Genome_0396	Responder_Status	Responder	1.19419951093687	0.951992115976296	0.220059795779982	0.810270739834638	sample_2022120210026
s__Lancefieldella.sp000564995.2	Responder_Status	Responder	0.61088974454083	0.490941022319108	0.223696086812442	0.810383023156536	sample_2022120210026
s__Prevotella.nanceiensis	Responder_Status	Responder	1.93895768160891	1.5534307686803	0.222303021166807	0.810383023156536	sample_2022120210026
s__HROM_Genome_1454	Responder_Status	Responder	0.530194408744462	0.425548223582148	0.223122318138382	0.810383023156536	sample_2022120210026
s__HROM_Genome_1703	Responder_Status	Responder	-1.43676304003446	1.15009058729846	0.221912691034846	0.810383023156536	sample_2022120210026
s__Centipeda.massiliensis	Responder_Status	Responder	-1.3795775658033	1.10384238281893	0.221720053827766	0.810383023156536	sample_2022120210026
s__HROM_Genome_1272	Responder_Status	Responder	0.840219937768012	0.676752816728604	0.224704330447875	0.81046387601961	sample_2022120210026
s__Streptococcus.mitis_BS	Responder_Status	Responder	0.96098694662988	0.774977823895416	0.225260260133176	0.81046387601961	sample_2022120210026
s__HROM_Genome_3479	Responder_Status	Responder	0.7654247080546	0.617048366447132	0.225099009949745	0.81046387601961	sample_2022120210026
s__HROM_Genome_2877	Responder_Status	Responder	-0.751038151576808	0.606062786429871	0.225555505123905	0.810524871898056	sample_2022120210026
s__Veillonella.atypica	Responder_Status	Responder	-1.52732490112575	1.23717029552834	0.227265891810203	0.811663899322154	sample_2022120210026
s__Lancefieldella.sp000564995.14	Responder_Status	Responder	-0.925456459832516	0.750377396941717	0.227709733320331	0.811955910417034	sample_2022120210026
s__Centipeda.sp000318175	Responder_Status	Responder	-0.629194783389873	0.511822765837553	0.229182114806806	0.813519694545792	sample_2022120210026
s__HROM_Genome_5100	Responder_Status	Responder	-2.47092782971227	2.01088511021011	0.229383428694429	0.813738411781395	sample_2022120210026
s__W5053.sp000467935	Responder_Status	Responder	1.27317261567957	1.03866963387949	0.230494600129492	0.814858873532709	sample_2022120210026
s__HROM_Genome_2046	Responder_Status	Responder	1.64214971277244	1.33971780922097	0.23050551593336	0.814858873532709	sample_2022120210026
s__Haemophilus.seminalis	Responder_Status	Responder	1.46217650064175	1.19158668164767	0.230009069845129	0.814858873532709	sample_2022120210026
s__HROM_Genome_2847	Responder_Status	Responder	-1.33329897898454	1.09197617047064	0.232269666270708	0.818830010391149	sample_2022120210026
s__HROM_Genome_2421	Responder_Status	Responder	-0.966354389751198	0.792397025569739	0.232815566719521	0.818931567718122	sample_2022120210026
s__Prevotella.sp013333285	Responder_Status	Responder	1.97169199333347	1.6200763371299	0.2337491571454	0.819366703955664	sample_2022120210026
s__HROM_Genome_2469	Responder_Status	Responder	-0.72588282507204	0.595665580187449	0.233161180587356	0.819366703955664	sample_2022120210026
s__HROM_Genome_2919	Responder_Status	Responder	-1.49338079981753	1.22763475435073	0.233961390288425	0.819366703955664	sample_2022120210026
s__Prevotella.histicola	Responder_Status	Responder	-1.9398226795653	1.60153089689182	0.23593116386217	0.823556191303039	sample_2022120210026
s__Capnocytophaga.endodontalis	Responder_Status	Responder	-1.12261945099692	0.930545426787436	0.23775409445892	0.825396959823886	sample_2022120210026
s__HROM_Genome_1602	Responder_Status	Responder	-0.653837033764469	0.542329009607547	0.238057889840446	0.825396959823886	sample_2022120210026
s__Eubacterium_N.saphenum	Responder_Status	Responder	-1.7825797615205	1.47765428504687	0.237773954356763	0.825396959823886	sample_2022120210026
s__Streptococcus.sp902460355.1	Responder_Status	Responder	1.03874364325101	0.867729408205449	0.241311514315062	0.825777171568394	sample_2022120210026
s__Nanosynbacter.sp900555885.1	Responder_Status	Responder	-0.992923729921517	0.828262916072679	0.240652527343627	0.825777171568394	sample_2022120210026
s__HROM_Genome_3578	Responder_Status	Responder	-0.830459642780313	0.692957526649608	0.240795952338527	0.825777171568394	sample_2022120210026
s__Nanogingivalis.sp013333405	Responder_Status	Responder	-0.528126453145674	0.441679751521822	0.241833425337735	0.825777171568394	sample_2022120210026
s__Pauljensenia.cardiffensis	Responder_Status	Responder	1.69506547419894	1.42665401950111	0.244758741764049	0.827123048924709	sample_2022120210026
s__Streptococcus.oralis_BK	Responder_Status	Responder	-0.896629317077616	0.75386954550588	0.244282876817682	0.827123048924709	sample_2022120210026
s__HROM_Genome_2247	Responder_Status	Responder	1.2063136776221	1.01243595801768	0.243460809498923	0.827123048924709	sample_2022120210026
s__Haemophilus_D.pittmaniae	Responder_Status	Responder	0.557109048919465	0.467634896044085	0.243523708115325	0.827123048924709	sample_2022120210026
s__Aggregatibacter.sp000466335	Responder_Status	Responder	-1.20888265002294	1.01573926831664	0.243980696240119	0.827123048924709	sample_2022120210026
s__Eubacterium_B.sulci	Responder_Status	Responder	1.36429302439178	1.15067272551806	0.245726042550683	0.827850895232927	sample_2022120210026
s__Campylobacter_A.concisus_O	Responder_Status	Responder	-0.77769581118939	0.65755369794899	0.246869714025997	0.82948891140064	sample_2022120210026
s__Nanosynbacter.sp900557595	Responder_Status	Responder	-0.676505301063895	0.572084076915383	0.246941080467895	0.82948891140064	sample_2022120210026
s__HROM_Genome_5082	Responder_Status	Responder	-1.0990004514797	0.933089689604439	0.248787313281851	0.831432071065278	sample_2022120210026
s__Allisonella.pneumosintes	Responder_Status	Responder	-1.38373423277194	1.18258984439318	0.251828982597448	0.835842634547084	sample_2022120210026
s__Rothia.sp001808955.4	Responder_Status	Responder	2.02419097110742	1.73205655101877	0.252393300569135	0.836771497907288	sample_2022120210026
s__Rothia.mucilaginosa.10	Responder_Status	Responder	1.08964931730922	0.935533224899503	0.25395365591432	0.837765413675218	sample_2022120210026
s__Porphyromonas.sp003640335	Responder_Status	Responder	-0.84473935098503	0.725994727448879	0.254421805457761	0.837765413675218	sample_2022120210026
s__HROM_Genome_3445	Responder_Status	Responder	0.845198102651109	0.726127932155597	0.254255035191802	0.837765413675218	sample_2022120210026
s__Prevotella.koreensis	Responder_Status	Responder	2.1915269906783	1.90393465657215	0.25944602779375	0.840545710166585	sample_2022120210026
s__Porphyromonas.pasteri	Responder_Status	Responder	2.04917029756598	1.77893545285921	0.259099699985841	0.840545710166585	sample_2022120210026
s__CAG.793.sp013333395	Responder_Status	Responder	-1.60339651997052	1.39428290034991	0.259880017633453	0.840545710166585	sample_2022120210026
s__Bulleidia.sp015256455	Responder_Status	Responder	1.26219323533679	1.09080800304751	0.257000739627982	0.840545710166585	sample_2022120210026
s__Metamycoplasma.orale	Responder_Status	Responder	0.67160161893019	0.583228303578779	0.259254824154433	0.840545710166585	sample_2022120210026
s__Veillonella.sp900552445	Responder_Status	Responder	1.17628094192047	1.02219753531312	0.259573132995746	0.840545710166585	sample_2022120210026
s__HROM_Genome_2872	Responder_Status	Responder	-1.2052222010207	1.04688702183164	0.259368279056734	0.840545710166585	sample_2022120210026
s__Veillonella.sp900550175	Responder_Status	Responder	-1.05581690898127	0.922154385543021	0.261924363579818	0.842695159516223	sample_2022120210026
s__Haemophilus_D.parainfluenzae_J	Responder_Status	Responder	0.890359731912086	0.777110673194211	0.261604763044497	0.842695159516223	sample_2022120210026
s__Haemophilus_D.parainfluenzae_K	Responder_Status	Responder	0.769875581097529	0.674399265916571	0.263301087524667	0.844455297488771	sample_2022120210026
s__Streptococcus.cristatus_F	Responder_Status	Responder	-1.32616761854517	1.16865410918985	0.266088166710468	0.846938671228577	sample_2022120210026
s__Treponema_D.sp014334335	Responder_Status	Responder	-1.53148485325775	1.34919522308267	0.265953082554445	0.846938671228577	sample_2022120210026
s__Rothia.mucilaginosa.11	Responder_Status	Responder	0.509843140033742	0.451727716641942	0.268622735761102	0.847005590054916	sample_2022120210026
s__Pauljensenia.sp000308055.1	Responder_Status	Responder	1.45062566009349	1.32936162089691	0.284477596777654	0.847005590054916	sample_2022120210026
s__Actinomyces.naeslundii	Responder_Status	Responder	1.1990245783412	1.11480002412775	0.291308854922924	0.847005590054916	sample_2022120210026
s__Arachnia.sp905372155	Responder_Status	Responder	1.48766269769858	1.34775040122843	0.279071064946535	0.847005590054916	sample_2022120210026
s__HROM_Genome_0501	Responder_Status	Responder	-0.40721017076754	0.371018874707758	0.281752192937409	0.847005590054916	sample_2022120210026
s__Prevotella.veroralis	Responder_Status	Responder	-1.31512292339972	1.18736850111427	0.277461323938997	0.847005590054916	sample_2022120210026
s__Prevotella.fusca	Responder_Status	Responder	-1.05011327592224	0.963235361312608	0.284921348703409	0.847005590054916	sample_2022120210026
s__Porphyromonas.sp018127745	Responder_Status	Responder	-0.495100776222598	0.452284466057611	0.282990196586587	0.847005590054916	sample_2022120210026
s__Capnocytophaga.sp905372595	Responder_Status	Responder	1.55511772427048	1.44663541585962	0.291555967967269	0.847005590054916	sample_2022120210026
s__HROM_Genome_1267	Responder_Status	Responder	0.496537442998442	0.459024772876955	0.288604498525586	0.847005590054916	sample_2022120210026
s__Campylobacter_A.concisus_C.1	Responder_Status	Responder	0.443335735339526	0.405898725388537	0.284040062686421	0.847005590054916	sample_2022120210026
s__HROM_Genome_1564	Responder_Status	Responder	0.746935158563943	0.692810061398946	0.290179261277801	0.847005590054916	sample_2022120210026
s__HROM_Genome_1753	Responder_Status	Responder	0.600273106938827	0.537636638103752	0.273696699972176	0.847005590054916	sample_2022120210026
s__HROM_Genome_1762	Responder_Status	Responder	-0.513738870045787	0.479289944820176	0.292928406094191	0.847005590054916	sample_2022120210026
s__HROM_Genome_1888	Responder_Status	Responder	-1.25327020508648	1.14474440595575	0.282931303896662	0.847005590054916	sample_2022120210026
s__Stomatobaculum.longum	Responder_Status	Responder	-1.87488320465342	1.71475054057439	0.283542463070722	0.847005590054916	sample_2022120210026
s__HROM_Genome_1916	Responder_Status	Responder	1.00961845059025	0.927780997359582	0.285781855128153	0.847005590054916	sample_2022120210026
s__HROM_Genome_1923	Responder_Status	Responder	-0.966551188950356	0.89991076382934	0.291968448613522	0.847005590054916	sample_2022120210026
s__Parvimonas.micra	Responder_Status	Responder	1.35044249844759	1.19831883475967	0.269330269965795	0.847005590054916	sample_2022120210026
s__Parvimonas.sp000223315	Responder_Status	Responder	0.63968520697595	0.573259404527955	0.273961475800916	0.847005590054916	sample_2022120210026
s__Limosilactobacillus.vaginalis	Responder_Status	Responder	-1.48031968687934	1.33266584128837	0.276104289474251	0.847005590054916	sample_2022120210026
s__Streptococcus.koreensis.1	Responder_Status	Responder	1.00546941664356	0.893103294100022	0.269801160397524	0.847005590054916	sample_2022120210026
s__HROM_Genome_2123	Responder_Status	Responder	-0.836476396951317	0.773757984167797	0.288895338008512	0.847005590054916	sample_2022120210026
s__Streptococcus.infantis_C	Responder_Status	Responder	-1.34227699124713	1.22263200494145	0.281617897509731	0.847005590054916	sample_2022120210026
s__HROM_Genome_2191	Responder_Status	Responder	1.02765377722296	0.950550712367191	0.288870332054562	0.847005590054916	sample_2022120210026
s__HROM_Genome_2293	Responder_Status	Responder	1.00427703296261	0.89097019634765	0.26923682340294	0.847005590054916	sample_2022120210026
s__Streptococcus.pseudopneumoniae_A	Responder_Status	Responder	-0.908947779210356	0.803780280763199	0.267715457323583	0.847005590054916	sample_2022120210026
s__HROM_Genome_2424	Responder_Status	Responder	-0.889504211898152	0.823370178734396	0.289217043877676	0.847005590054916	sample_2022120210026
s__HROM_Genome_2444	Responder_Status	Responder	1.29368327628345	1.17837616280086	0.281620469215037	0.847005590054916	sample_2022120210026
s__Streptococcus.gordonii	Responder_Status	Responder	-1.31071650493055	1.21026298012088	0.288046317428936	0.847005590054916	sample_2022120210026
s__Streptococcus.sanguinis_E	Responder_Status	Responder	1.1896279960911	1.08135155427661	0.280643908580579	0.847005590054916	sample_2022120210026
s__HROM_Genome_2541	Responder_Status	Responder	0.624884826202365	0.569741617324099	0.282078355954205	0.847005590054916	sample_2022120210026
s__HROM_Genome_2675	Responder_Status	Responder	-1.41369440129974	1.26107772988288	0.271801848070775	0.847005590054916	sample_2022120210026
s__Selenomonas.sp905372355	Responder_Status	Responder	-1.31522411722603	1.20084166524968	0.282738263479137	0.847005590054916	sample_2022120210026
s__Leptotrichia_A.sp001274535	Responder_Status	Responder	-1.13853543705693	1.02822934512307	0.277595908548257	0.847005590054916	sample_2022120210026
s__HROM_Genome_3435	Responder_Status	Responder	1.55468730642505	1.3757871314699	0.268049296876745	0.847005590054916	sample_2022120210026
s__HROM_Genome_4460	Responder_Status	Responder	-0.559915042707122	0.497268950301327	0.269732527461466	0.847005590054916	sample_2022120210026
s__HROM_Genome_5047	Responder_Status	Responder	-0.71078813492172	0.647989815018482	0.282024145879428	0.847005590054916	sample_2022120210026
s__Capnocytophaga.sputigena	Responder_Status	Responder	0.859339490703792	0.809870169437141	0.29771934937598	0.851926353271809	sample_2022120210026
s__Rothia.mucilaginosa.4	Responder_Status	Responder	0.882858438548699	0.834758700400856	0.299267854600079	0.852199712864145	sample_2022120210026
s__HROM_Genome_2448	Responder_Status	Responder	0.595625565020965	0.564872588930208	0.300694714077021	0.853079869372448	sample_2022120210026
s__HROM_Genome_5046	Responder_Status	Responder	-1.80095196519481	1.7075787540318	0.300587125525481	0.853079869372448	sample_2022120210026
s__Pauljensenia.sp902373435	Responder_Status	Responder	-0.97322886013525	0.948654838005408	0.313718613139898	0.853493441008894	sample_2022120210026
s__Bifidobacterium.dentium	Responder_Status	Responder	-1.5358310101487	1.47585170472714	0.306945280825387	0.853493441008894	sample_2022120210026
s__Prevotella.aurantiaca	Responder_Status	Responder	-2.052366076696	1.96310313343049	0.304747694695427	0.853493441008894	sample_2022120210026
s__HROM_Genome_1215	Responder_Status	Responder	0.939627251439506	0.922014182988783	0.316879416409157	0.853493441008894	sample_2022120210026
s__Flexilinea.sp001717545	Responder_Status	Responder	1.08576162781291	1.06692209810896	0.317553784307265	0.853493441008894	sample_2022120210026
s__Johnsonella.ignava	Responder_Status	Responder	-1.30261909499842	1.24087126993659	0.302804391294169	0.853493441008894	sample_2022120210026
s__Streptococcus.gwangjuense	Responder_Status	Responder	0.792375682793761	0.768186803997586	0.311139819945586	0.853493441008894	sample_2022120210026
s__Streptococcus.oralis_BF	Responder_Status	Responder	-0.779233873271731	0.745387461865426	0.304776070372509	0.853493441008894	sample_2022120210026
s__Streptococcus.mitis_AD	Responder_Status	Responder	1.09622654542206	1.06945722322433	0.31412324830328	0.853493441008894	sample_2022120210026
s__HROM_Genome_2309	Responder_Status	Responder	0.752211506569832	0.733455150650941	0.313872151204043	0.853493441008894	sample_2022120210026
s__Streptococcus.infantis_I.1	Responder_Status	Responder	-0.825129365194248	0.803224339532451	0.313085827292164	0.853493441008894	sample_2022120210026
s__Streptococcus.mitis_AZ.1	Responder_Status	Responder	-1.00534904079727	0.971355216553087	0.30952737620958	0.853493441008894	sample_2022120210026
s__HROM_Genome_2466	Responder_Status	Responder	-0.746327976564585	0.7356956916247	0.319053461293227	0.853493441008894	sample_2022120210026
s__HROM_Genome_2470	Responder_Status	Responder	0.929051837556627	0.904663186865996	0.313230396789759	0.853493441008894	sample_2022120210026
s__HROM_Genome_2573	Responder_Status	Responder	0.858218237431012	0.844378826647829	0.318146267581342	0.853493441008894	sample_2022120210026
s__Centipeda.felix	Responder_Status	Responder	1.03266950737686	0.983894553437269	0.302889485211115	0.853493441008894	sample_2022120210026
s__Fusobacterium.nucleatum	Responder_Status	Responder	1.31764134164694	1.28673577329325	0.314592673579641	0.853493441008894	sample_2022120210026
s__HOT.345.sp013333605	Responder_Status	Responder	-1.31405413860782	1.2569762419039	0.304775579374264	0.853493441008894	sample_2022120210026
s__HROM_Genome_3444	Responder_Status	Responder	0.488853668049957	0.471457570685646	0.308655448004321	0.853493441008894	sample_2022120210026
s__HROM_Genome_4481	Responder_Status	Responder	-0.861846466678218	0.840097712969473	0.313725888358419	0.853493441008894	sample_2022120210026
s__HROM_Genome_4872	Responder_Status	Responder	0.588263731033927	0.569954358880382	0.310847051604251	0.853493441008894	sample_2022120210026
s__Cardiobacterium.valvarum	Responder_Status	Responder	0.880261946464504	0.857298275978583	0.313310311466273	0.853493441008894	sample_2022120210026
s__Corynebacterium.matruchotii	Responder_Status	Responder	-0.984705548240066	0.977214043368814	0.322243963711793	0.854488186201983	sample_2022120210026
s__F0422.sp900766245	Responder_Status	Responder	-0.546848185696161	0.543124448732048	0.322626286086413	0.854488186201983	sample_2022120210026
s__HROM_Genome_1644	Responder_Status	Responder	-0.750634419667778	0.747558195456195	0.323922336004979	0.855718574479259	sample_2022120210026
s__HROM_Genome_1312	Responder_Status	Responder	0.588448812046885	0.592024760434675	0.328755054602952	0.857326633168625	sample_2022120210026
s__HROM_Genome_1828	Responder_Status	Responder	0.749028830298112	0.751231596601269	0.327270800724043	0.857326633168625	sample_2022120210026
s__HROM_Genome_1912	Responder_Status	Responder	1.13814152935263	1.1418960316829	0.327440458930127	0.857326633168625	sample_2022120210026
s__Peptostreptococcus.sp900759325	Responder_Status	Responder	1.33823777075307	1.33880649794599	0.326076711889804	0.857326633168625	sample_2022120210026
s__Lactobacillus.helveticus	Responder_Status	Responder	-1.29740641909399	1.29982631121482	0.326760635049074	0.857326633168625	sample_2022120210026
s__HROM_Genome_2110	Responder_Status	Responder	0.737775693721067	0.739769054911368	0.327157505062678	0.857326633168625	sample_2022120210026
s__HROM_Genome_2606	Responder_Status	Responder	0.786225782069871	0.786126022131065	0.325814378697033	0.857326633168625	sample_2022120210026
s__Campylobacter_A.sp905372745.1	Responder_Status	Responder	0.319378665052426	0.322677231662257	0.330759602511453	0.858614178271558	sample_2022120210026
s__HROM_Genome_2527	Responder_Status	Responder	-0.616617805273901	0.623313662652304	0.331009349801244	0.858614178271558	sample_2022120210026
s__Granulicatella.sp001071995	Responder_Status	Responder	-0.87296143317101	0.881004146408885	0.330234707902797	0.858614178271558	sample_2022120210026
s__Pauljensenia.sp000411415	Responder_Status	Responder	-1.54353713863932	1.56168251572523	0.33143084920849	0.858715597230259	sample_2022120210026
s__Rothia.mucilaginosa.5	Responder_Status	Responder	0.594313024924598	0.603974013226667	0.333540335402793	0.858955220825586	sample_2022120210026
s__HROM_Genome_0885	Responder_Status	Responder	-0.519655367571861	0.527405032945161	0.33291194851775	0.858955220825586	sample_2022120210026
s__Streptococcus.cristatus	Responder_Status	Responder	-0.799379400943131	0.81531462968318	0.335257711734167	0.85954056815648	sample_2022120210026
s__Mitsuokella.sp000469545	Responder_Status	Responder	-1.25173889407403	1.27751611584677	0.335564505149965	0.859948632863418	sample_2022120210026
s__HOT.345.sp003260355	Responder_Status	Responder	-1.03409198371221	1.05601807510748	0.335848510214987	0.860297964820711	sample_2022120210026
s__Prevotella.loescheii	Responder_Status	Responder	0.975581364873633	0.996791558462701	0.336098735701937	0.860472055670458	sample_2022120210026
s__Prevotella.sp000163055	Responder_Status	Responder	-0.966936378315907	0.993481925719962	0.338747772532116	0.862146402552716	sample_2022120210026
s__HROM_Genome_1209	Responder_Status	Responder	1.1205616432464	1.1570841683751	0.341118179984068	0.862345358732176	sample_2022120210026
s__HROM_Genome_1890	Responder_Status	Responder	0.953068197691567	0.981394629866548	0.339795308373735	0.862345358732176	sample_2022120210026
s__HROM_Genome_1914	Responder_Status	Responder	0.983925363691061	1.01774913851708	0.341937702068579	0.862345358732176	sample_2022120210026
s__HROM_Genome_2354	Responder_Status	Responder	-0.354642211030269	0.366584363217776	0.341615019539791	0.862345358732176	sample_2022120210026
s__Kingella_A.denitrificans	Responder_Status	Responder	1.46259889397225	1.50901159309081	0.340722419970496	0.862345358732176	sample_2022120210026
s__HROM_Genome_5067	Responder_Status	Responder	-1.57447368019778	1.62980944686527	0.342290726664636	0.862345358732176	sample_2022120210026
s__Nanogingivalis.gingivitcus	Responder_Status	Responder	0.468617050705555	0.488656942040892	0.345772090045832	0.864781874856533	sample_2022120210026
s__HROM_Genome_1042	Responder_Status	Responder	-1.29760051569538	1.35927418508886	0.347935727300986	0.866453291552995	sample_2022120210026
s__Prevotella.conceptionensis	Responder_Status	Responder	-0.735905244828061	0.773594281399268	0.349601850300219	0.866453291552995	sample_2022120210026
s__HROM_Genome_1353	Responder_Status	Responder	0.767559776000281	0.807512327582736	0.349979287113813	0.866453291552995	sample_2022120210026
s__Stomatobaculum.longum_A	Responder_Status	Responder	-1.47544920024963	1.54838164987765	0.348796215012893	0.866453291552995	sample_2022120210026
s__Streptococcus.mitis_AX	Responder_Status	Responder	-0.746276611978559	0.78590350459969	0.350451523235027	0.866453291552995	sample_2022120210026
s__HROM_Genome_2325	Responder_Status	Responder	-0.781696330994736	0.821127483369718	0.349253617705631	0.866453291552995	sample_2022120210026
s__Mesocricetibacter.sp905373425	Responder_Status	Responder	1.21915761476996	1.27891441211134	0.348608191329398	0.866453291552995	sample_2022120210026
s__Treponema_B.sp905372345	Responder_Status	Responder	-1.1373315157306	1.19305447110169	0.348598986006798	0.866453291552995	sample_2022120210026
s__HROM_Genome_5049	Responder_Status	Responder	-1.5364061874583	1.61121995543165	0.348463078387952	0.866453291552995	sample_2022120210026
s__Rothia.sp015265375	Responder_Status	Responder	1.26414518007919	1.33907558966987	0.353222968361328	0.866940354027403	sample_2022120210026
s__Rothia.sp001808955.6	Responder_Status	Responder	0.910596942672749	0.973302879185178	0.357491970879626	0.866940354027403	sample_2022120210026
s__Corynebacterium.durum	Responder_Status	Responder	1.03444846018356	1.10394001020081	0.356744876490822	0.866940354027403	sample_2022120210026
s__HROM_Genome_0520	Responder_Status	Responder	0.417831210940606	0.446533739884854	0.357417379149289	0.866940354027403	sample_2022120210026
s__HROM_Genome_1746	Responder_Status	Responder	1.20805508991448	1.27861827757901	0.352836651032662	0.866940354027403	sample_2022120210026
s__Oribacterium.sp000160135	Responder_Status	Responder	1.08385628165241	1.15194843417997	0.354808609129352	0.866940354027403	sample_2022120210026
s__HROM_Genome_1922	Responder_Status	Responder	1.17702946228071	1.24951269106974	0.354254374476076	0.866940354027403	sample_2022120210026
s__Streptococcus.mitis_BO	Responder_Status	Responder	0.926366320490383	0.987678429911463	0.356304533450118	0.866940354027403	sample_2022120210026
s__HROM_Genome_2185	Responder_Status	Responder	1.09970813211475	1.17259093771686	0.356344103529573	0.866940354027403	sample_2022120210026
s__HROM_Genome_2347	Responder_Status	Responder	-0.678075626888969	0.723364483776596	0.356573055606544	0.866940354027403	sample_2022120210026
s__HROM_Genome_3432	Responder_Status	Responder	0.199607768016557	0.211865069523029	0.354176453008053	0.866940354027403	sample_2022120210026
s__HROM_Genome_3488	Responder_Status	Responder	-0.622425933183969	0.662444701155723	0.355463788518945	0.866940354027403	sample_2022120210026
s__HROM_Genome_4817	Responder_Status	Responder	1.06246754342428	1.131129780526	0.35561083600081	0.866940354027403	sample_2022120210026
s__Streptococcus.mitis_AV	Responder_Status	Responder	0.597486142447083	0.639659967111105	0.358254520888468	0.867345213705456	sample_2022120210026
s__HROM_Genome_2582	Responder_Status	Responder	0.558406592159369	0.598819122167341	0.359043373839424	0.867458165504431	sample_2022120210026
s__HROM_Genome_1329	Responder_Status	Responder	0.435938767428857	0.46840569036622	0.35997125558614	0.867827527798131	sample_2022120210026
s__Streptococcus.xiaochunlingii	Responder_Status	Responder	-0.835054518362526	0.89902959695623	0.360910819284366	0.868362462755651	sample_2022120210026
s__Rothia.mucilaginosa.8	Responder_Status	Responder	0.570145032495462	0.616473123668876	0.362946679688954	0.868461264674635	sample_2022120210026
s__Bergeyella_A.cardium	Responder_Status	Responder	1.54396981520717	1.66427417361897	0.361484693043841	0.868461264674635	sample_2022120210026
s__Streptococcus.mitis_Q	Responder_Status	Responder	-0.764117265827294	0.824438992650273	0.361933832145034	0.868461264674635	sample_2022120210026
s__Streptococcus.sp905221435	Responder_Status	Responder	-0.772854190679507	0.83800432547205	0.364274364061483	0.868461264674635	sample_2022120210026
s__Haemophilus_D.sp001815355	Responder_Status	Responder	1.00513224744601	1.08769471219528	0.363333111911916	0.868461264674635	sample_2022120210026
s__HROM_Genome_5043	Responder_Status	Responder	-1.27813454748477	1.38634343022389	0.364432751126026	0.868461264674635	sample_2022120210026
s__HROM_Genome_2337	Responder_Status	Responder	-0.496911005077682	0.540952118664327	0.366157949613052	0.870204021418208	sample_2022120210026
s__HROM_Genome_0258	Responder_Status	Responder	1.33075368644591	1.45611724703818	0.368569570383439	0.870247999470098	sample_2022120210026
s__HROM_Genome_0761	Responder_Status	Responder	-0.306459593016436	0.335229983809635	0.368429355960327	0.870247999470098	sample_2022120210026
s__Capnocytophaga.granulosa	Responder_Status	Responder	-0.981399727959229	1.0761099554991	0.369560465717346	0.870247999470098	sample_2022120210026
s__HROM_Genome_1684	Responder_Status	Responder	-1.85821026904477	2.02607009790605	0.366896709316482	0.870247999470098	sample_2022120210026
s__Bulleidia.moorei	Responder_Status	Responder	0.657313225318984	0.717033539797803	0.367122291216844	0.870247999470098	sample_2022120210026
s__Dialister.invisus	Responder_Status	Responder	-0.722730749683265	0.790150567695087	0.368172547872596	0.870247999470098	sample_2022120210026
s__Prevotella.buccae	Responder_Status	Responder	1.24239765635496	1.37026138997004	0.372309643722654	0.872417415419555	sample_2022120210026
s__HROM_Genome_1263	Responder_Status	Responder	0.570420682844205	0.629155499708383	0.372331278065754	0.872417415419555	sample_2022120210026
s__Prevotella.sp013333935	Responder_Status	Responder	-0.938477115610142	1.0443210665573	0.376503402182117	0.87485068621312	sample_2022120210026
s__HROM_Genome_1159	Responder_Status	Responder	-1.02084850399062	1.13603157276997	0.376523720229406	0.87485068621312	sample_2022120210026
s__HROM_Genome_2531	Responder_Status	Responder	-0.819702457116857	0.913709177440681	0.377306551345621	0.875273063157404	sample_2022120210026
s__Leptotrichia.sp000469385	Responder_Status	Responder	-0.587658709502796	0.6559719267209	0.377965350928637	0.875406826703502	sample_2022120210026
s__HROM_Genome_2118	Responder_Status	Responder	-0.746795135443246	0.834808571879787	0.378642394529284	0.87549992449941	sample_2022120210026
s__Granulicatella.elegans	Responder_Status	Responder	-0.93681129115781	1.04791849748332	0.378956274326369	0.87549992449941	sample_2022120210026
s__HROM_Genome_1877	Responder_Status	Responder	-1.00620092553014	1.13198250137449	0.381638647675662	0.878326796803924	sample_2022120210026
s__Hornefia.minuta	Responder_Status	Responder	-0.765612733076977	0.862373024878254	0.382212682668893	0.878974495956212	sample_2022120210026
s__Streptococcus.dentisani	Responder_Status	Responder	-0.757771248708059	0.853557218770638	0.382221870945422	0.878974495956212	sample_2022120210026
s__Campylobacter_A.sp905372745.2	Responder_Status	Responder	0.249428395867866	0.281867188325622	0.383739032815311	0.879178002227981	sample_2022120210026
s__HROM_Genome_3540	Responder_Status	Responder	-0.677835061568515	0.767946963924017	0.384936125349754	0.879178002227981	sample_2022120210026
s__Rothia.sp015265375.1	Responder_Status	Responder	0.46595261388129	0.533915451273654	0.390244735945372	0.880229932562563	sample_2022120210026
s__Actinomyces.graevenitzii	Responder_Status	Responder	-1.09221317759257	1.25448934147629	0.391352298814203	0.880229932562563	sample_2022120210026
s__HROM_Genome_1717	Responder_Status	Responder	1.33401718357424	1.53900286192292	0.39341589943349	0.880229932562563	sample_2022120210026
s__Stomatobaculum.longum_A.1	Responder_Status	Responder	-1.27038816642797	1.45573737504639	0.390261809737655	0.880229932562563	sample_2022120210026
s__Lactococcus.lactis	Responder_Status	Responder	-0.944308260989204	1.09105526338018	0.394119911159305	0.880229932562563	sample_2022120210026
s__HROM_Genome_2106	Responder_Status	Responder	-0.79755118004296	0.922690713155	0.394726620956862	0.880229932562563	sample_2022120210026
s__Streptococcus.symci	Responder_Status	Responder	0.565877555144997	0.645542650737289	0.388167268257467	0.880229932562563	sample_2022120210026
s__HROM_Genome_2428	Responder_Status	Responder	-0.87651490009979	1.01404707658428	0.394727938812253	0.880229932562563	sample_2022120210026
s__HROM_Genome_2666	Responder_Status	Responder	0.877870008228535	1.0057410568077	0.390164220550404	0.880229932562563	sample_2022120210026
s__Ottowia.sp001262075	Responder_Status	Responder	1.3730405059747	1.57390141087274	0.390420722990439	0.880229932562563	sample_2022120210026
s__HROM_Genome_5105	Responder_Status	Responder	-0.875516709982833	1.01245183262904	0.394525000248443	0.880229932562563	sample_2022120210026
s__HROM_Genome_3421	Responder_Status	Responder	-0.947596375113158	1.10192918445314	0.397123816511623	0.882581545662038	sample_2022120210026
s__Pauljensenia.sp000758755	Responder_Status	Responder	0.848589708298103	0.987666237197396	0.397533812548111	0.882819084290029	sample_2022120210026
s__HROM_Genome_1275	Responder_Status	Responder	0.6748577516832	0.788007031579231	0.399040818302741	0.883807135594474	sample_2022120210026
s__Pauljensenia.pyogenes_A	Responder_Status	Responder	0.841280883751107	1.00557665853464	0.409892406604291	0.884538283625029	sample_2022120210026
s__HROM_Genome_0255	Responder_Status	Responder	1.3884480253683	1.63396317149209	0.402675757210246	0.884538283625029	sample_2022120210026
s__Arachnia.rubra	Responder_Status	Responder	-0.971822020741194	1.16029951611086	0.409369660754916	0.884538283625029	sample_2022120210026
s__HROM_Genome_0395	Responder_Status	Responder	-0.735066347130103	0.874030095051837	0.407468553450107	0.884538283625029	sample_2022120210026
s__Lancefieldella.sp015259105	Responder_Status	Responder	-0.281205039608462	0.332354608759534	0.404670473476997	0.884538283625029	sample_2022120210026
s__Prevotella.pleuritidis	Responder_Status	Responder	-1.60384745563271	1.88472810267703	0.402004982997846	0.884538283625029	sample_2022120210026
s__JABCPE02.sp013333875	Responder_Status	Responder	0.875228757306576	1.03977078096352	0.407059141242019	0.884538283625029	sample_2022120210026
s__HROM_Genome_1265	Responder_Status	Responder	0.675034416032723	0.790589726814295	0.400441597075051	0.884538283625029	sample_2022120210026
s__HROM_Genome_1368	Responder_Status	Responder	-1.40481976558136	1.65362253689126	0.402786071619282	0.884538283625029	sample_2022120210026
s__Campylobacter_B.gracilis_A	Responder_Status	Responder	0.560296924252278	0.65560362302457	0.400010847365981	0.884538283625029	sample_2022120210026
s__HROM_Genome_1679	Responder_Status	Responder	-1.07967058142573	1.2806618429619	0.406341195537996	0.884538283625029	sample_2022120210026
s__HROM_Genome_1799	Responder_Status	Responder	-0.41730657967476	0.499180278241281	0.410241692953357	0.884538283625029	sample_2022120210026
s__Streptococcus.pseudopneumoniae_M	Responder_Status	Responder	-0.752300577247566	0.893211236832461	0.406788949063685	0.884538283625029	sample_2022120210026
s__Streptococcus.mitis_E	Responder_Status	Responder	0.32813741939988	0.387219641527426	0.403947049382919	0.884538283625029	sample_2022120210026
s__HROM_Genome_2463	Responder_Status	Responder	0.897594795008867	1.06822283855674	0.407875591930931	0.884538283625029	sample_2022120210026
s__HROM_Genome_2741	Responder_Status	Responder	-0.433169342291784	0.511375674421045	0.404140210690944	0.884538283625029	sample_2022120210026
s__HROM_Genome_2832	Responder_Status	Responder	-0.661770746597624	0.784432222429179	0.406025949308338	0.884538283625029	sample_2022120210026
s__Pseudoleptotrichia.goodfellowii	Responder_Status	Responder	0.802192641687385	0.959428312996616	0.410168940028458	0.884538283625029	sample_2022120210026
s__HROM_Genome_3842	Responder_Status	Responder	0.651532856141917	0.76509629639255	0.40167765993415	0.884538283625029	sample_2022120210026
s__HROM_Genome_4856	Responder_Status	Responder	0.827749263804334	0.984770514269645	0.407720653242574	0.884538283625029	sample_2022120210026
s__HROM_Genome_1771	Responder_Status	Responder	-1.19762293405188	1.43713328254656	0.411704718402606	0.884764135419931	sample_2022120210026
s__HROM_Genome_2583	Responder_Status	Responder	-0.427823971922293	0.513917119967031	0.412184404326295	0.884764135419931	sample_2022120210026
s__Lautropia.mirabilis	Responder_Status	Responder	0.951998204960965	1.14422591189072	0.412447757870201	0.884764135419931	sample_2022120210026
s__Rothia.mucilaginosa.7	Responder_Status	Responder	0.228594205498506	0.276240750798467	0.414940907924717	0.887635251069217	sample_2022120210026
s__Treponema_D.buccale	Responder_Status	Responder	-0.673622263083628	0.814995991831607	0.415489059621871	0.888155369826962	sample_2022120210026
s__Campylobacter_A.concisus_C	Responder_Status	Responder	-0.496357339420664	0.601981478694379	0.416602374088177	0.888578846233479	sample_2022120210026
s__Streptococcus.mitis_BB	Responder_Status	Responder	-0.736742074845272	0.896247031814556	0.418005042260321	0.888974751171554	sample_2022120210026
s__Haemophilus_D.parainfluenzae_L.1	Responder_Status	Responder	0.302903439875628	0.368818959982486	0.41842526524434	0.88953546352127	sample_2022120210026
s__HROM_Genome_0217	Responder_Status	Responder	0.74035726124038	0.94112365043376	0.438080812388779	0.889614877875566	sample_2022120210026
s__Pauljensenia.georgiae	Responder_Status	Responder	0.995904731531663	1.24384237290918	0.430065661699386	0.889614877875566	sample_2022120210026
s__Pauljensenia.hongkongensis	Responder_Status	Responder	-1.05638204560558	1.34835640785982	0.439934729132324	0.889614877875566	sample_2022120210026
s__Pauljensenia.bouchesdurhonensis	Responder_Status	Responder	1.339720908029	1.70396647380064	0.438332599459593	0.889614877875566	sample_2022120210026
s__Actinomyces.sp900323545	Responder_Status	Responder	1.38241997310561	1.75796145883586	0.438251903318198	0.889614877875566	sample_2022120210026
s__HROM_Genome_0349	Responder_Status	Responder	-0.723064703230618	0.901780908845429	0.429410651888335	0.889614877875566	sample_2022120210026
s__HROM_Genome_0963	Responder_Status	Responder	-0.875077669901086	1.11773283229484	0.440255229872089	0.889614877875566	sample_2022120210026
s__Alloprevotella.sp900095835	Responder_Status	Responder	-1.20359330789557	1.48265432932627	0.423764058014671	0.889614877875566	sample_2022120210026
s__HROM_Genome_1089	Responder_Status	Responder	0.842575316827008	1.06813797792627	0.436842081054701	0.889614877875566	sample_2022120210026
s__Tannerella.forsythia	Responder_Status	Responder	1.04468517522722	1.3369397066057	0.441124475965464	0.889614877875566	sample_2022120210026
s__Prevotella.saccharolytica	Responder_Status	Responder	-0.662452250110697	0.819028960557988	0.425434622932368	0.889614877875566	sample_2022120210026
s__HROM_Genome_1187	Responder_Status	Responder	0.965654502075623	1.23239759252214	0.439877830026567	0.889614877875566	sample_2022120210026
s__Capnocytophaga.bilenii	Responder_Status	Responder	-1.13916170698034	1.4401405202069	0.435589125341489	0.889614877875566	sample_2022120210026
s__HROM_Genome_1358	Responder_Status	Responder	0.315495296022383	0.39277501067297	0.428598451220566	0.889614877875566	sample_2022120210026
s__Campylobacter_A.rectus	Responder_Status	Responder	1.00468779014312	1.26349001411686	0.433204553797301	0.889614877875566	sample_2022120210026
s__HROM_Genome_1541	Responder_Status	Responder	0.663033656771968	0.844389371359792	0.438917075955305	0.889614877875566	sample_2022120210026
s__Oribacterium.sp015258095	Responder_Status	Responder	-1.44480565205794	1.83017276504161	0.436491161302857	0.889614877875566	sample_2022120210026
s__Oribacterium.sinus.4	Responder_Status	Responder	0.285326381586311	0.355834523975809	0.429392034963033	0.889614877875566	sample_2022120210026
s__UBA4285.sp900542465	Responder_Status	Responder	-0.622028704267663	0.789839337679423	0.437583044601858	0.889614877875566	sample_2022120210026
s__Limosilactobacillus.oris	Responder_Status	Responder	-1.14416244743831	1.40343661476188	0.421805727208762	0.889614877875566	sample_2022120210026
s__Streptococcus.oralis_AC	Responder_Status	Responder	0.747379557098863	0.95015907791865	0.438132725971867	0.889614877875566	sample_2022120210026
s__Streptococcus.oralis	Responder_Status	Responder	-0.6453477760541	0.788304351796989	0.419897575419512	0.889614877875566	sample_2022120210026
s__HROM_Genome_2217	Responder_Status	Responder	0.567184173788586	0.704134364544628	0.427315920880825	0.889614877875566	sample_2022120210026
s__HROM_Genome_2460	Responder_Status	Responder	0.678928945736612	0.870368034297751	0.441907014611924	0.889614877875566	sample_2022120210026
s__Streptococcus.mitis_BK	Responder_Status	Responder	-0.708618613584351	0.908443108296963	0.441913848341319	0.889614877875566	sample_2022120210026
s__HROM_Genome_2483	Responder_Status	Responder	0.585654508861376	0.749806637702069	0.441313234860198	0.889614877875566	sample_2022120210026
s__Streptococcus.sanguinis_G	Responder_Status	Responder	0.570197708371211	0.721233813411651	0.435830717754147	0.889614877875566	sample_2022120210026
s__HOT.345.sp013333295	Responder_Status	Responder	1.2532950833877	1.53586095681258	0.421376171794903	0.889614877875566	sample_2022120210026
s__HROM_Genome_2937	Responder_Status	Responder	0.940120161903678	1.19135720408849	0.436674977398003	0.889614877875566	sample_2022120210026
s__HROM_Genome_3455	Responder_Status	Responder	0.675170063580271	0.840982082642555	0.428832422072104	0.889614877875566	sample_2022120210026
s__Lautropia.dentalis	Responder_Status	Responder	0.884707726837053	1.08617585418741	0.422223176702248	0.889614877875566	sample_2022120210026
s__HROM_Genome_4912	Responder_Status	Responder	0.824589732243907	1.04825648965182	0.4381061536596	0.889614877875566	sample_2022120210026
s__Aggregatibacter.actinomycetemcomitans	Responder_Status	Responder	0.820264597445237	1.02528019754628	0.430423706179398	0.889614877875566	sample_2022120210026
s__HROM_Genome_4966	Responder_Status	Responder	0.610778932789457	0.769022643175408	0.433743214010015	0.889614877875566	sample_2022120210026
s__Xanthomonas.campestris	Responder_Status	Responder	-0.53666921727297	0.672350841913806	0.431473664038824	0.889614877875566	sample_2022120210026
s__Treponema_D.parvum	Responder_Status	Responder	-0.747229978220067	0.921280104577997	0.424161986188872	0.889614877875566	sample_2022120210026
s__Neisseria.sicca_A	Responder_Status	Responder	0.749644675491201	0.963853084736318	0.443234063723696	0.889775134682347	sample_2022120210026
s__Lancefieldella.parvula	Responder_Status	Responder	0.71532022428217	0.923423916754114	0.445045577885653	0.889944854727887	sample_2022120210026
s__HROM_Genome_0220	Responder_Status	Responder	0.918289730300733	1.19171790580335	0.447421454628123	0.89039193894827	sample_2022120210026
s__Eubacterium_B.infirmum	Responder_Status	Responder	0.915626640102093	1.19247853701165	0.449012596610955	0.89039193894827	sample_2022120210026
s__Centipeda.periodontii	Responder_Status	Responder	-0.696012139700317	0.900586832361809	0.446090733751853	0.89039193894827	sample_2022120210026
s__Kingella_B.oralis	Responder_Status	Responder	0.803955748882789	1.04519145880562	0.448218096243667	0.89039193894827	sample_2022120210026
s__HROM_Genome_1675	Responder_Status	Responder	-0.997230319343155	1.30514918553767	0.451214470729153	0.892167105226515	sample_2022120210026
s__Peptoanaerobacter.yurii	Responder_Status	Responder	-0.813971075556826	1.06918443393083	0.452841951438309	0.893408421546401	sample_2022120210026
s__HROM_Genome_2658	Responder_Status	Responder	0.880984838133666	1.15819523192393	0.453222641316672	0.893408421546401	sample_2022120210026
s__HROM_Genome_1372	Responder_Status	Responder	-0.690104944267309	0.915845322043718	0.45742916905163	0.893858791023877	sample_2022120210026
s__HROM_Genome_1937	Responder_Status	Responder	-1.32185652694538	1.7493586815898	0.456185021851317	0.893858791023877	sample_2022120210026
s__Streptococcus.parasanguinis_A	Responder_Status	Responder	-0.620567023566549	0.822966920784892	0.457107810872278	0.893858791023877	sample_2022120210026
s__HROM_Genome_2245	Responder_Status	Responder	0.547014873266734	0.725943248917339	0.457425624089459	0.893858791023877	sample_2022120210026
s__JABCPH02.sp013333235	Responder_Status	Responder	-1.20927040490097	1.60374464101447	0.457126387488675	0.893858791023877	sample_2022120210026
s__HROM_Genome_4230	Responder_Status	Responder	-0.184661955978272	0.244754009230769	0.456860241325453	0.893858791023877	sample_2022120210026
s__HROM_Genome_0382	Responder_Status	Responder	1.00043782961785	1.33466856644642	0.459761038881401	0.894052738027816	sample_2022120210026
s__Oribacterium.sp013394775	Responder_Status	Responder	-0.568851506727174	0.759034924769216	0.459842403971045	0.894052738027816	sample_2022120210026
s__HROM_Genome_4095	Responder_Status	Responder	0.2542829275648	0.339295923805722	0.459840964344745	0.894052738027816	sample_2022120210026
s__Olsenella_F.sp001189515	Responder_Status	Responder	-0.76376113123831	1.03008766115122	0.464592966067394	0.8943337829949	sample_2022120210026
s__Lactobacillus.paragasseri	Responder_Status	Responder	-0.887534576687749	1.19136100330029	0.462494361808206	0.8943337829949	sample_2022120210026
s__HROM_Genome_2262	Responder_Status	Responder	-0.629346455011639	0.846779251585968	0.463537126748798	0.8943337829949	sample_2022120210026
s__Leptotrichia.sp002240055	Responder_Status	Responder	-1.01766805136872	1.37080554333846	0.464035825365059	0.8943337829949	sample_2022120210026
s__Fusobacterium.nucleatum_J	Responder_Status	Responder	0.878786600838621	1.18176902366665	0.463301353890535	0.8943337829949	sample_2022120210026
s__HROM_Genome_3898	Responder_Status	Responder	-0.301735115193738	0.404274500339309	0.46166984689345	0.8943337829949	sample_2022120210026
s__HROM_Genome_4852	Responder_Status	Responder	1.00830543006718	1.3513090853643	0.461784330776527	0.8943337829949	sample_2022120210026
s__HROM_Genome_5041	Responder_Status	Responder	-1.48671228188715	1.98934384268406	0.461089995368647	0.8943337829949	sample_2022120210026
s__Aggregatibacter.segnis	Responder_Status	Responder	0.759778067310085	1.02768323672935	0.46587114827304	0.894746358423554	sample_2022120210026
s__Actinomyces.oris	Responder_Status	Responder	0.738836273449121	1.00736447037036	0.469390023523288	0.896790093298232	sample_2022120210026
s__HROM_Genome_1286	Responder_Status	Responder	-0.490138562099363	0.667538974344689	0.468902765927704	0.896790093298232	sample_2022120210026
s__HROM_Genome_2355	Responder_Status	Responder	-0.498002285895033	0.679224315223755	0.46953541206239	0.896790093298232	sample_2022120210026
s__HROM_Genome_5084	Responder_Status	Responder	-0.839819232232653	1.15188580730674	0.472006464475363	0.897043280772916	sample_2022120210026
s__Rothia.mucilaginosa_B.7	Responder_Status	Responder	0.439147300330885	0.607996391394495	0.476108298442767	0.897491272972694	sample_2022120210026
s__Scardovia.wiggsiae	Responder_Status	Responder	-1.07138903174433	1.50420857625701	0.482196546300648	0.897491272972694	sample_2022120210026
s__Pauljensenia.odontolytica	Responder_Status	Responder	0.760789972728808	1.05868197006552	0.478329556953969	0.897491272972694	sample_2022120210026
s__Actinomyces.oris_B	Responder_Status	Responder	-0.795421751296293	1.11812013580234	0.482726339097224	0.897491272972694	sample_2022120210026
s__HROM_Genome_0351	Responder_Status	Responder	-0.979343875221287	1.38954365776364	0.486759282896893	0.897491272972694	sample_2022120210026
s__HROM_Genome_0485	Responder_Status	Responder	0.566240931305431	0.797401975550016	0.483510288751862	0.897491272972694	sample_2022120210026
s__Campylobacter_A.concisus_M	Responder_Status	Responder	0.250031988058056	0.34892556120707	0.479570021664791	0.897491272972694	sample_2022120210026
s__HROM_Genome_1701	Responder_Status	Responder	0.807157201689515	1.11729841755426	0.476028064246968	0.897491272972694	sample_2022120210026
s__Eggerthia.catenaformis	Responder_Status	Responder	-0.734745082733161	1.04407640708454	0.487414022902716	0.897491272972694	sample_2022120210026
s__Streptococcus.salivarius	Responder_Status	Responder	-0.46174661764771	0.653414585532482	0.485612986883606	0.897491272972694	sample_2022120210026
s__HROM_Genome_2358	Responder_Status	Responder	0.324133630088848	0.459369825824003	0.486263272324203	0.897491272972694	sample_2022120210026
s__HROM_Genome_2405	Responder_Status	Responder	0.746026882290944	1.05417340284325	0.48498787634504	0.897491272972694	sample_2022120210026
s__HROM_Genome_2562	Responder_Status	Responder	0.531494903510225	0.748027317493796	0.483253029441924	0.897491272972694	sample_2022120210026
s__HROM_Genome_2622	Responder_Status	Responder	0.632912352729044	0.896352796439973	0.485961750427674	0.897491272972694	sample_2022120210026
s__Staphylococcus.epidermidis	Responder_Status	Responder	0.545416735128847	0.753694364324656	0.475278744724099	0.897491272972694	sample_2022120210026
s__Centipeda.sp000286455	Responder_Status	Responder	0.618180202927631	0.877166625083433	0.486789138769814	0.897491272972694	sample_2022120210026
s__HROM_Genome_2747	Responder_Status	Responder	0.259298238070057	0.365925003887621	0.48442461341022	0.897491272972694	sample_2022120210026
s__Veillonella.sp905209685	Responder_Status	Responder	-0.743466325547235	1.0421891804212	0.481520930047331	0.897491272972694	sample_2022120210026
s__HROM_Genome_4502	Responder_Status	Responder	-0.627617686018132	0.861994938509627	0.47259848720287	0.897491272972694	sample_2022120210026
s__HROM_Genome_4842	Responder_Status	Responder	0.611685711625279	0.855132634842942	0.480339584849998	0.897491272972694	sample_2022120210026
s__HROM_Genome_5066	Responder_Status	Responder	1.00256610716745	1.40272021082891	0.480693005893694	0.897491272972694	sample_2022120210026
s__Treponema_D.sp014334325	Responder_Status	Responder	0.883459242789162	1.21396199020448	0.47280959915668	0.897491272972694	sample_2022120210026
s__Rothia.mucilaginosa.6	Responder_Status	Responder	0.836159773245328	1.19856106660556	0.491157613078702	0.897640725345344	sample_2022120210026
s__Lachnoanaerobaculum.orale	Responder_Status	Responder	-0.79598651033215	1.14158669494279	0.491387423681805	0.897640725345344	sample_2022120210026
s__Lactococcus.cremoris	Responder_Status	Responder	-0.401446289023818	0.577173373063458	0.492450759712836	0.897640725345344	sample_2022120210026
s__HROM_Genome_4015	Responder_Status	Responder	-0.264240642375476	0.378649342403344	0.491025705172143	0.897640725345344	sample_2022120210026
s__Campylobacter_A.concisus_AF	Responder_Status	Responder	0.535919374364384	0.774724905186883	0.494788141764354	0.899544608544745	sample_2022120210026
s__Anaeroglobus.geminatus	Responder_Status	Responder	0.693569106798207	1.00409393821181	0.495415022232653	0.899841753821392	sample_2022120210026
s__Nanosyncoccus.sp013332965.2	Responder_Status	Responder	-0.275692502599779	0.402565647222735	0.499076077501196	0.903392837614813	sample_2022120210026
s__Streptococcus.mitis_C	Responder_Status	Responder	-0.323523188561691	0.473581410078203	0.500131403292814	0.904595161990684	sample_2022120210026
s__Prevotella.seregens	Responder_Status	Responder	0.984633983521692	1.44524845493361	0.501284066201384	0.905420057557538	sample_2022120210026
s__Lancefieldella.sp000564995.16	Responder_Status	Responder	-0.399463692870601	0.587367148392105	0.502031093442602	0.90571917590438	sample_2022120210026
s__Campylobacter_A.concisus_G	Responder_Status	Responder	0.371350841050639	0.546034225483664	0.502034133505703	0.90571917590438	sample_2022120210026
s__Neisseria.sp000090875	Responder_Status	Responder	-1.29230604734749	1.90431673562445	0.502949911393923	0.905756454431773	sample_2022120210026
s__Actinomyces.sp000220835	Responder_Status	Responder	-0.767517971577841	1.13336415841976	0.503834202529517	0.906074215150174	sample_2022120210026
s__Parascardovia.denticolens	Responder_Status	Responder	1.02709537571958	1.52300109451704	0.505594285004499	0.906074215150174	sample_2022120210026
s__HROM_Genome_1683	Responder_Status	Responder	-0.663755297179318	0.986147023399109	0.506414556938852	0.906074215150174	sample_2022120210026
s__HROM_Genome_0225	Responder_Status	Responder	0.74224896863923	1.10421890907757	0.506969750881798	0.90644679289739	sample_2022120210026
s__Mogibacterium.timidum	Responder_Status	Responder	0.837725627408832	1.25248564640852	0.509068265708495	0.907220549736368	sample_2022120210026
s__Streptococcus.oralis.4	Responder_Status	Responder	-0.253426044965039	0.378586738092158	0.508722868217157	0.907220549736368	sample_2022120210026
s__Streptococcus.mitis_BD	Responder_Status	Responder	0.457184043967052	0.683331487588614	0.508941871186384	0.907220549736368	sample_2022120210026
s__Veillonella.nakazawae	Responder_Status	Responder	-0.665202060013693	0.996251003396868	0.509788204227323	0.907451937939984	sample_2022120210026
s__Leptotrichia.sp001553645	Responder_Status	Responder	0.459098388361611	0.687737739970516	0.509886728390999	0.907451937939984	sample_2022120210026
s__HROM_Genome_2600	Responder_Status	Responder	0.634834073845832	0.952434144442531	0.510522260305985	0.907473959805421	sample_2022120210026
s__F0422.sp003992005	Responder_Status	Responder	-0.429543170472309	0.644200700046261	0.510367345704456	0.907473959805421	sample_2022120210026
s__Leptotrichia.hongkongensis	Responder_Status	Responder	-0.553526664101646	0.833998635377923	0.512309238506752	0.908892867303039	sample_2022120210026
s__HROM_Genome_3523	Responder_Status	Responder	-0.346704532732768	0.522812263541895	0.512655573705	0.908892867303039	sample_2022120210026
s__HROM_Genome_4915	Responder_Status	Responder	-0.875150597009185	1.31866099408941	0.512331955899219	0.908892867303039	sample_2022120210026
s__HROM_Genome_0247	Responder_Status	Responder	0.974241498387861	1.47239034444465	0.513589471894744	0.909475202527374	sample_2022120210026
s__Lancefieldella.sp000564995.15	Responder_Status	Responder	-0.381736814352281	0.580638229344717	0.516264385557657	0.91018161194714	sample_2022120210026
s__Bacteroides_D.sp905373475	Responder_Status	Responder	-1.01213589188948	1.53566995192751	0.51522588070223	0.91018161194714	sample_2022120210026
s__HROM_Genome_1111	Responder_Status	Responder	-0.683748532836717	1.03935313778382	0.516000840806784	0.91018161194714	sample_2022120210026
s__HROM_Genome_1878	Responder_Status	Responder	0.723751920789987	1.09787543256209	0.515133980186883	0.91018161194714	sample_2022120210026
s__Oribacterium.sinus	Responder_Status	Responder	-0.469753129097854	0.71745640524851	0.517972932390953	0.911337968224706	sample_2022120210026
s__GN02.872.sp003260325	Responder_Status	Responder	-0.840908802981399	1.28283934396081	0.517492187278084	0.911337968224706	sample_2022120210026
s__Aggregatibacter.kilianii	Responder_Status	Responder	0.510788305420027	0.779270461460435	0.517515058294616	0.911337968224706	sample_2022120210026
s__Pauljensenia.sp000308055	Responder_Status	Responder	0.595853507458968	0.918463927111925	0.521785775350526	0.911581468071826	sample_2022120210026
s__Alloprevotella.sp003639005	Responder_Status	Responder	-1.10497858401966	1.75177126963978	0.533301045702514	0.911581468071826	sample_2022120210026
s__Porphyromonas.sp000467855	Responder_Status	Responder	0.75154087404932	1.19393112258235	0.534145901273658	0.911581468071826	sample_2022120210026
s__Porphyromonas.endodontalis	Responder_Status	Responder	-0.82982021392349	1.30270513912701	0.529300535871962	0.911581468071826	sample_2022120210026
s__Capnocytophaga.leadbetteri	Responder_Status	Responder	0.79428121929652	1.25953453095434	0.533406106153632	0.911581468071826	sample_2022120210026
s__Oribacterium.sinus.3	Responder_Status	Responder	0.398968705244059	0.634255988927893	0.534425450872308	0.911581468071826	sample_2022120210026
s__HROM_Genome_1815	Responder_Status	Responder	0.563629484332775	0.866415793191935	0.520652667385886	0.911581468071826	sample_2022120210026
s__HROM_Genome_2039	Responder_Status	Responder	-0.527776329911982	0.82932773835096	0.529690358449324	0.911581468071826	sample_2022120210026
s__Ligilactobacillus.salivarius	Responder_Status	Responder	0.975755864412468	1.54837589245132	0.533686303491782	0.911581468071826	sample_2022120210026
s__HROM_Genome_2112	Responder_Status	Responder	0.651130504211342	1.03333425644285	0.533721435930503	0.911581468071826	sample_2022120210026
s__Streptococcus.sp003428885	Responder_Status	Responder	-0.596703158050144	0.944281733738874	0.532570266552359	0.911581468071826	sample_2022120210026
s__Streptococcus.oralis.1	Responder_Status	Responder	-0.649676066287936	1.01220517889915	0.526195782195544	0.911581468071826	sample_2022120210026
s__Streptococcus.infantis_F	Responder_Status	Responder	-0.38595806651036	0.613097594952173	0.534111143415635	0.911581468071826	sample_2022120210026
s__Streptococcus.oralis_G.1	Responder_Status	Responder	-0.285705004381401	0.445169191952835	0.526229414997451	0.911581468071826	sample_2022120210026
s__Streptococcus.dentisani.1	Responder_Status	Responder	0.426929487615538	0.652712198387777	0.518393410017115	0.911581468071826	sample_2022120210026
s__HROM_Genome_2315	Responder_Status	Responder	-0.437754542025012	0.688853026336058	0.530273158854295	0.911581468071826	sample_2022120210026
s__HROM_Genome_2327	Responder_Status	Responder	0.623514698281504	0.979500171283814	0.529578881516075	0.911581468071826	sample_2022120210026
s__HROM_Genome_2443	Responder_Status	Responder	0.524011532436827	0.825110704649672	0.530532096652518	0.911581468071826	sample_2022120210026
s__HROM_Genome_2458	Responder_Status	Responder	0.930133846904148	1.48037047452161	0.534891820004502	0.911581468071826	sample_2022120210026
s__Streptococcus.mitis_BC	Responder_Status	Responder	0.348828563045238	0.552110921099129	0.532636837575163	0.911581468071826	sample_2022120210026
s__HROM_Genome_2530	Responder_Status	Responder	0.383560011247863	0.587217127170061	0.518966561242491	0.911581468071826	sample_2022120210026
s__Streptococcus.agalactiae	Responder_Status	Responder	-0.60628079701243	0.951805126537696	0.52931193729043	0.911581468071826	sample_2022120210026
s__Metamycoplasma.salivarium	Responder_Status	Responder	-0.681880843780983	1.06688003417928	0.527929312888313	0.911581468071826	sample_2022120210026
s__HROM_Genome_2678	Responder_Status	Responder	0.294085447530281	0.464979089940175	0.532210941052436	0.911581468071826	sample_2022120210026
s__Centipeda.sp000468035	Responder_Status	Responder	0.448772576006709	0.697183710860619	0.525012008019317	0.911581468071826	sample_2022120210026
s__Veillonella.tobetsuensis	Responder_Status	Responder	-0.698715275687755	1.09644396612369	0.529134896698351	0.911581468071826	sample_2022120210026
s__HROM_Genome_3457	Responder_Status	Responder	0.220601305058167	0.347833902863136	0.531088676084947	0.911581468071826	sample_2022120210026
s__HROM_Genome_3459	Responder_Status	Responder	0.212072153622315	0.337509271042348	0.534870428278795	0.911581468071826	sample_2022120210026
s__HROM_Genome_4895	Responder_Status	Responder	-0.711936794110271	1.09260906465865	0.519976411926348	0.911581468071826	sample_2022120210026
s__Lactobacillus.iners	Responder_Status	Responder	0.468557953516036	0.750485973152288	0.537459111790274	0.912142987656399	sample_2022120210026
s__Centipeda.sp905372865	Responder_Status	Responder	-0.569458998542947	0.913494313565194	0.538076681312225	0.912142987656399	sample_2022120210026
s__Prevotella.melaninogenica_A	Responder_Status	Responder	1.23032228159138	1.98502084562494	0.540398916379741	0.912421534220541	sample_2022120210026
s__GN02.872.sp002761215	Responder_Status	Responder	-0.671299627590058	1.08973599050169	0.542856924200791	0.913385783786716	sample_2022120210026
s__Rothia.sp001808955.5	Responder_Status	Responder	0.476216493714067	0.784004624450885	0.548470156190639	0.917202301015897	sample_2022120210026
s__Micrococcus.luteus	Responder_Status	Responder	-0.362182608927962	0.597147161892269	0.549054985962595	0.917202301015897	sample_2022120210026
s__HROM_Genome_0960	Responder_Status	Responder	-0.536488390525644	0.885445532581129	0.549464075581806	0.917271237666471	sample_2022120210026
s__Fusobacterium.sp000235465	Responder_Status	Responder	-0.641077077167275	1.05970487046238	0.550078625936985	0.917405783556408	sample_2022120210026
s__HROM_Genome_2389	Responder_Status	Responder	-0.407348061417731	0.675811279145984	0.551523363475761	0.918033634796642	sample_2022120210026
s__HROM_Genome_2693	Responder_Status	Responder	-0.721016595426099	1.19975228116839	0.552693546843281	0.918259356626271	sample_2022120210026
s__Centipeda.sp001683335	Responder_Status	Responder	0.705294005734637	1.17403814369481	0.552844093406785	0.918259356626271	sample_2022120210026
s__Capnocytophaga.gingivalis	Responder_Status	Responder	0.751079815427494	1.25539475513311	0.554461111363893	0.918482022738157	sample_2022120210026
s__Actinomyces.oris_C	Responder_Status	Responder	0.625534225639327	1.04987390010507	0.556082639243085	0.919177461291421	sample_2022120210026
s__Scardovia.inopinata	Responder_Status	Responder	-0.689435430337941	1.16050825724234	0.557228062437998	0.920548344782002	sample_2022120210026
s__HROM_Genome_2199	Responder_Status	Responder	-0.485103950035124	0.81783006788215	0.557835425811935	0.921029295735408	sample_2022120210026
s__HROM_Genome_2750	Responder_Status	Responder	0.466333046766738	0.79329140689125	0.561347366583277	0.923425137065119	sample_2022120210026
s__HROM_Genome_2322	Responder_Status	Responder	-0.281868457701897	0.479748556094346	0.561553980892592	0.923504217588749	sample_2022120210026
s__HROM_Genome_1766	Responder_Status	Responder	-0.386576248908864	0.663122977353622	0.56458417467347	0.925873540955225	sample_2022120210026
s__HROM_Genome_2259	Responder_Status	Responder	-0.460239147622104	0.79333312480439	0.566464281406071	0.927264314442298	sample_2022120210026
s__Pauljensenia.sp001838165	Responder_Status	Responder	-0.667367104955269	1.15677582802803	0.568603323855263	0.927486475626837	sample_2022120210026
s__Actinomyces.oris_E	Responder_Status	Responder	-0.779901186277204	1.35095705446022	0.568353284004278	0.927486475626837	sample_2022120210026
s__Bacteroides.heparinolyticus	Responder_Status	Responder	-0.869348983800284	1.50933927400605	0.569229897058531	0.927486475626837	sample_2022120210026
s__Peptostreptococcus.stomatis	Responder_Status	Responder	0.850734622676222	1.47556863532351	0.568851887188763	0.927486475626837	sample_2022120210026
s__CAJPNN01.sp905372035	Responder_Status	Responder	-0.790355711922513	1.37011690948656	0.568648125581092	0.927486475626837	sample_2022120210026
s__HROM_Genome_2235	Responder_Status	Responder	0.178357817441113	0.30897259679644	0.568376173586134	0.927486475626837	sample_2022120210026
s__HROM_Genome_1924	Responder_Status	Responder	0.590442576367942	1.02803034512377	0.570321244955213	0.927640911898725	sample_2022120210026
s__Streptococcus.pneumoniae	Responder_Status	Responder	-0.393655750934042	0.68561264901062	0.570439441445705	0.927640911898725	sample_2022120210026
s__Prevotella.sp000599605	Responder_Status	Responder	-1.21382082101251	2.14264792369833	0.575563738014545	0.927903024705531	sample_2022120210026
s__HROM_Genome_1030	Responder_Status	Responder	-0.55185546402666	0.967609464219192	0.573003406344354	0.927903024705531	sample_2022120210026
s__Lachnoanaerobaculum.saburreum	Responder_Status	Responder	-0.520169069141695	0.908483526649629	0.571506290136685	0.927903024705531	sample_2022120210026
s__HROM_Genome_1853	Responder_Status	Responder	0.414177375634861	0.729864030666905	0.574915741350439	0.927903024705531	sample_2022120210026
s__Mogibacterium.diversum	Responder_Status	Responder	-0.518366465785114	0.907690047985052	0.572498932784716	0.927903024705531	sample_2022120210026
s__Streptococcus.oralis_BC	Responder_Status	Responder	-0.470487937879514	0.83093059852844	0.575756099050959	0.927903024705531	sample_2022120210026
s__HROM_Genome_2437	Responder_Status	Responder	0.404465544668222	0.710232747209174	0.573569139884281	0.927903024705531	sample_2022120210026
s__HROM_Genome_2482	Responder_Status	Responder	0.251690727371175	0.445378126359457	0.576494600241943	0.927903024705531	sample_2022120210026
s__Lacticaseibacillus.rhamnosus	Responder_Status	Responder	-0.938777097911978	1.65385513412025	0.574810148426715	0.927903024705531	sample_2022120210026
s__Nanosyncoccus.nanoralicus	Responder_Status	Responder	-0.759993614160109	1.33499535920317	0.573701319038797	0.927903024705531	sample_2022120210026
s__HROM_Genome_4896	Responder_Status	Responder	0.456864922660072	0.807916675329752	0.576247573176406	0.927903024705531	sample_2022120210026
s__HROM_Genome_5044	Responder_Status	Responder	-0.72119473846642	1.2728060396413	0.575488049362096	0.927903024705531	sample_2022120210026
s__Lachnoanaerobaculum.sp000287675	Responder_Status	Responder	0.699374806389719	1.24267668734711	0.578052001910648	0.92810168443482	sample_2022120210026
s__Treponema_D.socranskii	Responder_Status	Responder	0.623638027169434	1.10892344237124	0.578331212442974	0.928294106497746	sample_2022120210026
s__Streptococcus.infantis_I	Responder_Status	Responder	-0.547803844719026	0.978703019206369	0.580118071090507	0.928348286841265	sample_2022120210026
s__Pauljensenia.sp000466265.1	Responder_Status	Responder	1.00077958928616	1.80805704018897	0.584306793033157	0.929108735837516	sample_2022120210026
s__Actinomyces.radicidentis	Responder_Status	Responder	0.655802365049326	1.18331686190515	0.583836955994489	0.929108735837516	sample_2022120210026
s__Olsenella.uli	Responder_Status	Responder	0.502617515341922	0.9038146541305	0.582555012208	0.929108735837516	sample_2022120210026
s__Lancefieldella.sp000564995.18	Responder_Status	Responder	-0.274764071812908	0.492906789801813	0.58165890845566	0.929108735837516	sample_2022120210026
s__Streptococcus.vestibularis	Responder_Status	Responder	-0.841439023525572	1.52716615402687	0.586016944142663	0.929108735837516	sample_2022120210026
s__Streptococcus.infantis_H	Responder_Status	Responder	-0.558143717403873	1.00241733642177	0.582089184356138	0.929108735837516	sample_2022120210026
s__HROM_Genome_2312	Responder_Status	Responder	0.390068407874265	0.704686006418319	0.584290595063821	0.929108735837516	sample_2022120210026
s__Streptococcus.mitis_O	Responder_Status	Responder	0.356004189050733	0.643855557957882	0.584702293732545	0.929108735837516	sample_2022120210026
s__HROM_Genome_2539	Responder_Status	Responder	-0.462124693730495	0.838235086429236	0.585796399252828	0.929108735837516	sample_2022120210026
s__Neisseria.subflava_C	Responder_Status	Responder	0.992144499568317	1.80514560860474	0.586937409384672	0.929108735837516	sample_2022120210026
s__HROM_Genome_5042	Responder_Status	Responder	-0.830738815418534	1.50489622595112	0.585311528013916	0.929108735837516	sample_2022120210026
s__Actinomyces.gerencseriae	Responder_Status	Responder	0.475798030110482	0.86821504722122	0.588021905744219	0.92950545480599	sample_2022120210026
s__HROM_Genome_2388	Responder_Status	Responder	-0.363777369680701	0.668828845087136	0.59081393123052	0.930384198274608	sample_2022120210026
s__Streptococcus.oralis_BO	Responder_Status	Responder	0.659741425082445	1.21109958977931	0.590241130828653	0.930384198274608	sample_2022120210026
s__HROM_Genome_2894	Responder_Status	Responder	0.512312525435236	0.939962551997653	0.590044847668179	0.930384198274608	sample_2022120210026
s__Peptidiphaga.gingivicola	Responder_Status	Responder	-0.73076283636122	1.35078278228403	0.592791410453747	0.931410642419379	sample_2022120210026
s__Peptoanaerobacter.stomatis	Responder_Status	Responder	-0.651286746601463	1.20946576778359	0.594493456904082	0.932397519242401	sample_2022120210026
s__HROM_Genome_0303	Responder_Status	Responder	-0.557837749372211	1.06308133414723	0.603896468586593	0.932513122301271	sample_2022120210026
s__HROM_Genome_1264	Responder_Status	Responder	0.397831110619869	0.749568425837676	0.599779046652953	0.932513122301271	sample_2022120210026
s__HROM_Genome_1915	Responder_Status	Responder	-0.724310445215284	1.35959623896813	0.598417021733692	0.932513122301271	sample_2022120210026
s__HROM_Genome_2198	Responder_Status	Responder	-0.507267021552214	0.956045496842285	0.599887185413674	0.932513122301271	sample_2022120210026
s__Streptococcus.oralis_BD	Responder_Status	Responder	-0.454773599546547	0.863023771724911	0.602376061409513	0.932513122301271	sample_2022120210026
s__Streptococcus.sanguinis_C	Responder_Status	Responder	-0.619799301286355	1.16487771275505	0.598872774239095	0.932513122301271	sample_2022120210026
s__Rothia.sp001808955.3	Responder_Status	Responder	0.685600129489213	1.34604840827008	0.614502876892028	0.932584569987664	sample_2022120210026
s__HROM_Genome_0224	Responder_Status	Responder	-0.675730290481242	1.31165663918148	0.610475587118595	0.932584569987664	sample_2022120210026
s__Fannyhessea.vaginae	Responder_Status	Responder	0.199861091986468	0.386160884682034	0.608831040587136	0.932584569987664	sample_2022120210026
s__Lancefieldella.sp000564995.5	Responder_Status	Responder	-0.416936182148609	0.812355267487937	0.611807028233746	0.932584569987664	sample_2022120210026
s__HROM_Genome_0934	Responder_Status	Responder	-0.241047622338774	0.465991732200764	0.609024184699754	0.932584569987664	sample_2022120210026
s__Prevotella.oris	Responder_Status	Responder	0.456352681541644	0.887370838695526	0.611095150344061	0.932584569987664	sample_2022120210026
s__F0058.sp905372135	Responder_Status	Responder	-0.73323534265167	1.40529395139521	0.605936147859502	0.932584569987664	sample_2022120210026
s__Tannerella.sp003033925	Responder_Status	Responder	-0.589682012074998	1.15545507841515	0.61380898988016	0.932584569987664	sample_2022120210026
s__Capnocytophaga.sp000192225	Responder_Status	Responder	0.550192078523879	1.06683222372689	0.61009502155603	0.932584569987664	sample_2022120210026
s__Campylobacter_A.sp905371695	Responder_Status	Responder	0.452477007699249	0.890686488349456	0.615425766014177	0.932584569987664	sample_2022120210026
s__HROM_Genome_1539	Responder_Status	Responder	0.165618577162016	0.3172978281275	0.605799279943205	0.932584569987664	sample_2022120210026
s__HROM_Genome_1700	Responder_Status	Responder	0.48739633530114	0.949492368381347	0.611752199556184	0.932584569987664	sample_2022120210026
s__HROM_Genome_1909	Responder_Status	Responder	-0.480251065518532	0.933674818232677	0.611032036359143	0.932584569987664	sample_2022120210026
s__HROM_Genome_1934	Responder_Status	Responder	-0.492569193621208	0.945012496446167	0.606304702154316	0.932584569987664	sample_2022120210026
s__Streptococcus.dysgalactiae	Responder_Status	Responder	-0.299630402212358	0.588176782499486	0.614447873704743	0.932584569987664	sample_2022120210026
s__HROM_Genome_2646	Responder_Status	Responder	-0.785127588743754	1.54042661414992	0.614268327387085	0.932584569987664	sample_2022120210026
s__Selenomonas.sp905373085	Responder_Status	Responder	-0.574094010615524	1.12421367850168	0.613590096880879	0.932584569987664	sample_2022120210026
s__Fusobacterium.pseudoperiodonticum	Responder_Status	Responder	0.823024658486343	1.59521641077754	0.60995169112751	0.932584569987664	sample_2022120210026
s__Fusobacterium.massiliense	Responder_Status	Responder	0.474081103315861	0.91183063595457	0.607204249301539	0.932584569987664	sample_2022120210026
s__Treponema.sp000775995	Responder_Status	Responder	-0.397693812254635	0.760928819258434	0.605334187694003	0.932584569987664	sample_2022120210026
s__Porphyromonas.catoniae	Responder_Status	Responder	0.533139490177228	1.05314019344232	0.616652637527095	0.932677254767853	sample_2022120210026
s__Porphyromonas.gingivalis	Responder_Status	Responder	0.921995852798542	1.82449347876136	0.617272568679408	0.932677254767853	sample_2022120210026
s__HROM_Genome_1217	Responder_Status	Responder	0.762024823028262	1.5141495054355	0.618711318098525	0.932677254767853	sample_2022120210026
s__HROM_Genome_1707	Responder_Status	Responder	0.377684426997919	0.751447857302945	0.619169604152324	0.932677254767853	sample_2022120210026
s__Lachnoanaerobaculum.gingivalis	Responder_Status	Responder	0.520006977406812	1.03077139315113	0.617868993738548	0.932677254767853	sample_2022120210026
s__HROM_Genome_2683	Responder_Status	Responder	0.621345411274899	1.22889422529466	0.617085434591193	0.932677254767853	sample_2022120210026
s__HROM_Genome_4443	Responder_Status	Responder	-0.541683895105978	1.07711142979313	0.618964634441394	0.932677254767853	sample_2022120210026
s__Eikenella.corrodens	Responder_Status	Responder	0.650550010906855	1.28584515591424	0.616864735866485	0.932677254767853	sample_2022120210026
s__HROM_Genome_2681	Responder_Status	Responder	0.458296779704128	0.91690049554151	0.621098403158737	0.934148417172693	sample_2022120210026
s__HROM_Genome_0036	Responder_Status	Responder	-0.509154031801513	1.03147417279197	0.625425949099909	0.934952523239058	sample_2022120210026
s__HROM_Genome_0712	Responder_Status	Responder	-0.510208445162219	1.05406519650107	0.632122793989091	0.934952523239058	sample_2022120210026
s__F0058.sp905372605	Responder_Status	Responder	0.586997313866032	1.18502414383389	0.624220989094677	0.934952523239058	sample_2022120210026
s__HROM_Genome_1333	Responder_Status	Responder	0.233704488943507	0.474974806401971	0.626529915693953	0.934952523239058	sample_2022120210026
s__Oribacterium.asaccharolyticum	Responder_Status	Responder	0.453004601457068	0.930920213544255	0.630314910408428	0.934952523239058	sample_2022120210026
s__HROM_Genome_1742	Responder_Status	Responder	-0.170796953837731	0.350040946905086	0.629395562585153	0.934952523239058	sample_2022120210026
s__Streptococcus.sp000314795	Responder_Status	Responder	-0.357049890909136	0.717519305609713	0.622639546996044	0.934952523239058	sample_2022120210026
s__HROM_Genome_2124	Responder_Status	Responder	-0.348515233516603	0.715313002030094	0.629894771223957	0.934952523239058	sample_2022120210026
s__Streptococcus.oralis_C	Responder_Status	Responder	-0.299580302087974	0.615638317162382	0.630316903085017	0.934952523239058	sample_2022120210026
s__Streptococcus.mitis_BM	Responder_Status	Responder	-0.485670883000783	0.982534485921951	0.62494735798471	0.934952523239058	sample_2022120210026
s__HROM_Genome_2190	Responder_Status	Responder	0.512935065230985	1.0468494051065	0.6279655474052	0.934952523239058	sample_2022120210026
s__Streptococcus.oralis_Z	Responder_Status	Responder	-0.50451244217278	1.03530756127364	0.629834444863066	0.934952523239058	sample_2022120210026
s__HROM_Genome_2429	Responder_Status	Responder	-0.426727470341774	0.87128182429992	0.628112330635306	0.934952523239058	sample_2022120210026
s__Streptococcus.constellatus	Responder_Status	Responder	-0.438430089736846	0.887903890645893	0.625312131899666	0.934952523239058	sample_2022120210026
s__Abiotrophia.sp001815865	Responder_Status	Responder	-0.621952956982285	1.26779343456961	0.627546876784108	0.934952523239058	sample_2022120210026
s__HROM_Genome_2657	Responder_Status	Responder	-0.6496821527217	1.34203954096079	0.632079477605793	0.934952523239058	sample_2022120210026
s__Staphylococcus.aureus	Responder_Status	Responder	0.504974538662169	1.02126915646321	0.624840219543406	0.934952523239058	sample_2022120210026
s__HROM_Genome_2729	Responder_Status	Responder	-0.517610464491465	1.04184483096153	0.623193720379028	0.934952523239058	sample_2022120210026
s__Leptotrichia.trevisanii	Responder_Status	Responder	0.599489636061255	1.22410685212981	0.628135653390178	0.934952523239058	sample_2022120210026
s__HROM_Genome_3436	Responder_Status	Responder	0.205435029630797	0.42578702521507	0.633213456097755	0.934952523239058	sample_2022120210026
s__HROM_Genome_3564	Responder_Status	Responder	-0.262779701525701	0.540045957251397	0.630337697055122	0.934952523239058	sample_2022120210026
s__Prevotella.sp003043945	Responder_Status	Responder	0.597975393715822	1.24668169427022	0.63519922798089	0.93600695749777	sample_2022120210026
s__HROM_Genome_0795	Responder_Status	Responder	0.138529660120557	0.290153385750079	0.636757577460017	0.936151390638913	sample_2022120210026
s__Neisseria.flavescens	Responder_Status	Responder	-0.41245690484523	0.867600588446002	0.638190072485343	0.936151390638913	sample_2022120210026
s__CAJPNX01.sp905372165	Responder_Status	Responder	-0.729925207922797	1.53464755322496	0.638027511902169	0.936151390638913	sample_2022120210026
s__Actinomyces.johnsonii	Responder_Status	Responder	0.643611899056734	1.35704665213692	0.638982435537101	0.936841854267207	sample_2022120210026
s__HROM_Genome_1003	Responder_Status	Responder	-0.349785232107405	0.743866505892308	0.641835825013461	0.938191638821433	sample_2022120210026
s__Alloprevotella.sp905371275	Responder_Status	Responder	0.538562539235671	1.14755559857248	0.642480141072363	0.938631404818302	sample_2022120210026
s__Streptococcus.mitis_AY	Responder_Status	Responder	0.317914809664752	0.679080204435599	0.643297606676855	0.939150014760071	sample_2022120210026
s__HROM_Genome_1688	Responder_Status	Responder	-0.277606408420375	0.595189942497438	0.644525968395413	0.939530471947767	sample_2022120210026
s__HROM_Genome_2395	Responder_Status	Responder	0.466429920537065	0.999348191454804	0.64430145931647	0.939530471947767	sample_2022120210026
s__Rothia.mucilaginosa_A	Responder_Status	Responder	0.723173561630953	1.55651117202036	0.645802119273473	0.939882463611334	sample_2022120210026
s__Streptococcus.oralis_BH	Responder_Status	Responder	-0.198122376927973	0.426380922612524	0.645767706805366	0.939882463611334	sample_2022120210026
s__Actinomyces.sp001278845	Responder_Status	Responder	-0.505127631074292	1.1033733313377	0.650626906290052	0.939971703098858	sample_2022120210026
s__Lancefieldella.sp000564995.13	Responder_Status	Responder	-0.260218191836907	0.565572050405638	0.648999399610952	0.939971703098858	sample_2022120210026
s__HROM_Genome_2334	Responder_Status	Responder	0.337650175712242	0.736618511453574	0.650218425032403	0.939971703098858	sample_2022120210026
s__Leptotrichia.sp018128225	Responder_Status	Responder	0.608298239564727	1.32235002198296	0.649059169976183	0.939971703098858	sample_2022120210026
s__Aggregatibacter.aphrophilus	Responder_Status	Responder	-0.622467476635683	1.35899836974428	0.650462961179593	0.939971703098858	sample_2022120210026
s__Streptococcus.sp001808705	Responder_Status	Responder	-0.338398690724525	0.743149979907911	0.652363810113335	0.940215040023739	sample_2022120210026
s__HROM_Genome_4207	Responder_Status	Responder	-0.264606238005222	0.579568505893119	0.651511295045797	0.940215040023739	sample_2022120210026
s__HROM_Genome_2107	Responder_Status	Responder	0.469967042323815	1.03883487698286	0.654467801959222	0.940310014539574	sample_2022120210026
s__Alloprevotella.tannerae_B	Responder_Status	Responder	-0.667390032116833	1.47980399823992	0.655463770172538	0.940498832480968	sample_2022120210026
s__Desulfomicrobium.orale	Responder_Status	Responder	-0.384364047712788	0.851579589755596	0.655210823260487	0.940498832480968	sample_2022120210026
s__Nanosyncoccus.sp015257485	Responder_Status	Responder	-0.120464794853269	0.267196253030624	0.655571513172904	0.940498832480968	sample_2022120210026
s__Neisseria.cinerea	Responder_Status	Responder	-0.500594765847109	1.11073439069838	0.655685108790594	0.940498832480968	sample_2022120210026
s__HROM_Genome_1356	Responder_Status	Responder	0.293380684218343	0.654626739014869	0.657482991861206	0.94141231711644	sample_2022120210026
s__Treponema.medium	Responder_Status	Responder	0.391905688915183	0.875556116645805	0.657880222011572	0.941560760004278	sample_2022120210026
s__HROM_Genome_0083	Responder_Status	Responder	0.361207737089916	0.824249403312213	0.664584720585401	0.942683455534574	sample_2022120210026
s__Propionibacterium.acidifaciens	Responder_Status	Responder	0.724188100734366	1.66384050922912	0.666717023163831	0.942683455534574	sample_2022120210026
s__HROM_Genome_0430	Responder_Status	Responder	0.452382938172673	1.04555282213581	0.668566480937082	0.942683455534574	sample_2022120210026
s__HROM_Genome_1284	Responder_Status	Responder	0.119614624027542	0.272264727151661	0.663792972148692	0.942683455534574	sample_2022120210026
s__HROM_Genome_1369	Responder_Status	Responder	-0.369028838885308	0.855115128865722	0.66936998840357	0.942683455534574	sample_2022120210026
s__Hornefia.nodata	Responder_Status	Responder	0.609799665399314	1.38478767380123	0.66306013376387	0.942683455534574	sample_2022120210026
s__Streptococcus.cristatus.1	Responder_Status	Responder	0.451986776567732	1.02373808023636	0.662237401938366	0.942683455534574	sample_2022120210026
s__Streptococcus.cristatus_B	Responder_Status	Responder	0.431452783511232	0.990088486184309	0.666343418209397	0.942683455534574	sample_2022120210026
s__HROM_Genome_2618	Responder_Status	Responder	0.327264586106486	0.751253702637511	0.666449069106608	0.942683455534574	sample_2022120210026
s__Gemella.sp002871655	Responder_Status	Responder	0.503048086581812	1.15791721738469	0.66729709428265	0.942683455534574	sample_2022120210026
s__HROM_Genome_4222	Responder_Status	Responder	0.238122702100652	0.542131287903503	0.663862893799217	0.942683455534574	sample_2022120210026
s__HROM_Genome_4379	Responder_Status	Responder	-0.151618269177595	0.340853900238109	0.659870249591682	0.942683455534574	sample_2022120210026
s__HROM_Genome_4431	Responder_Status	Responder	0.13849874233617	0.312883698405767	0.661417947277388	0.942683455534574	sample_2022120210026
s__HROM_Genome_4463	Responder_Status	Responder	0.224854901157601	0.520685652899812	0.669162198813178	0.942683455534574	sample_2022120210026
s__Rothia.dentocariosa	Responder_Status	Responder	-0.428731742645387	1.00229256845892	0.672104389709155	0.943202555490459	sample_2022120210026
s__Streptococcus.mitis_BQ	Responder_Status	Responder	-0.370561512042242	0.866159587306855	0.672053882581948	0.943202555490459	sample_2022120210026
s__Nanosynbacter.sp900555675	Responder_Status	Responder	0.482524366153642	1.12412116652794	0.671029214893104	0.943202555490459	sample_2022120210026
s__Streptococcus.mitis_BT	Responder_Status	Responder	-0.257207583539449	0.605075602196767	0.674025002661022	0.943850440032578	sample_2022120210026
s__Streptococcus.mitis_I	Responder_Status	Responder	0.20278667088695	0.477290083652443	0.674178070136796	0.943850440032578	sample_2022120210026
s__HROM_Genome_3824	Responder_Status	Responder	0.498785922972748	1.17506096987115	0.674462144561947	0.943850440032578	sample_2022120210026
s__Neisseria.bacilliformis	Responder_Status	Responder	0.67066368895993	1.5853136673432	0.675491920131905	0.943874361216104	sample_2022120210026
s__HROM_Genome_2884	Responder_Status	Responder	0.38980590663763	0.925397051068521	0.676802485660873	0.944281312329242	sample_2022120210026
s__HROM_Genome_0711	Responder_Status	Responder	0.467942205662473	1.11167483214448	0.677016487396851	0.944353697099295	sample_2022120210026
s__Rothia.sp001808955	Responder_Status	Responder	0.384108416809463	0.923572652340359	0.680657902410876	0.945514139949414	sample_2022120210026
s__HROM_Genome_2324	Responder_Status	Responder	0.256031325747434	0.622834270136677	0.684147164964547	0.945514139949414	sample_2022120210026
s__Pauljensenia.sp902373545	Responder_Status	Responder	-0.77712091157647	1.92237358043408	0.689099677175008	0.945768221566644	sample_2022120210026
s__Prevotella.pallens	Responder_Status	Responder	0.417832663386706	1.04541753046045	0.692424715685463	0.945768221566644	sample_2022120210026
s__Prevotella.enoeca	Responder_Status	Responder	0.360126205440335	0.89101770326228	0.689155428022532	0.945768221566644	sample_2022120210026
s__Bacteroides_D.sp013333195	Responder_Status	Responder	-0.924326942750649	2.27981593783549	0.688236041385218	0.945768221566644	sample_2022120210026
s__Capnocytophaga.sp000466425	Responder_Status	Responder	-0.659301101259079	1.64853452912144	0.692241622112181	0.945768221566644	sample_2022120210026
s__Streptococcus.chosunense.1	Responder_Status	Responder	0.363084614957207	0.891644813218195	0.686951877993536	0.945768221566644	sample_2022120210026
s__HROM_Genome_2524	Responder_Status	Responder	-0.253495864522066	0.631944041238076	0.691364518835904	0.945768221566644	sample_2022120210026
s__HROM_Genome_4825	Responder_Status	Responder	0.414186773436334	1.03424349164312	0.691847365875697	0.945768221566644	sample_2022120210026
s__HROM_Genome_4940	Responder_Status	Responder	0.238320908975441	0.593352084045508	0.690989632303803	0.945768221566644	sample_2022120210026
s__HROM_Genome_5071	Responder_Status	Responder	-0.515861381851745	1.30665106327151	0.695984407006058	0.947477145466251	sample_2022120210026
s__HROM_Genome_4779	Responder_Status	Responder	-0.472975133946692	1.19932191378309	0.696296569910311	0.947581816263631	sample_2022120210026
s__HROM_Genome_1939	Responder_Status	Responder	-0.362773942044968	0.926869858719591	0.698466689370914	0.947906005604503	sample_2022120210026
s__Streptococcus.pseudopneumoniae_C	Responder_Status	Responder	-0.279333252921254	0.713424986598449	0.698363294742694	0.947906005604503	sample_2022120210026
s__HROM_Genome_3945	Responder_Status	Responder	-0.254105051212961	0.649534922097817	0.6986026578644	0.947906005604503	sample_2022120210026
s__Treponema_C.sp905372025	Responder_Status	Responder	0.454806984130765	1.15938513727275	0.697819407089794	0.947906005604503	sample_2022120210026
s__Actinomyces.dentalis	Responder_Status	Responder	0.376688110052742	0.978686461841809	0.703225960728298	0.948268838641234	sample_2022120210026
s__Prevotella.denticola	Responder_Status	Responder	-0.451401282560719	1.17165407041755	0.702949896888254	0.948268838641234	sample_2022120210026
s__Streptococcus.oralis_W	Responder_Status	Responder	0.405740902405295	1.04483129815636	0.700707741763262	0.948268838641234	sample_2022120210026
s__Streptococcus.oralis_J	Responder_Status	Responder	-0.303835016244983	0.78272228061424	0.700820551809892	0.948268838641234	sample_2022120210026
s__Streptococcus.sanguinis	Responder_Status	Responder	0.322750266285453	0.827538351417694	0.699478464275364	0.948268838641234	sample_2022120210026
s__Streptococcus.anginosus	Responder_Status	Responder	-0.436659145555789	1.14706556271963	0.706317337982759	0.949418309748477	sample_2022120210026
s__Streptococcus.sinensis	Responder_Status	Responder	-0.382358442114744	1.01001017059954	0.707863327831426	0.949851159783012	sample_2022120210026
s__HROM_Genome_2084	Responder_Status	Responder	-0.24051016819768	0.637401070337699	0.70877379328884	0.950044711042033	sample_2022120210026
s__Prevotella.baroniae	Responder_Status	Responder	0.507761006441298	1.37196475549114	0.714094518175873	0.951229605309366	sample_2022120210026
s__HROM_Genome_1690	Responder_Status	Responder	-0.287274446360275	0.769020874573912	0.711546234321572	0.951229605309366	sample_2022120210026
s__JABZIP01.sp015258265	Responder_Status	Responder	-0.644505727684582	1.72085179131713	0.710833789669735	0.951229605309366	sample_2022120210026
s__Streptococcus.mitis_BN	Responder_Status	Responder	0.258465161333492	0.697057815001174	0.713581252174782	0.951229605309366	sample_2022120210026
s__HROM_Genome_2673	Responder_Status	Responder	-0.266902715767963	0.717473046133057	0.712690655461677	0.951229605309366	sample_2022120210026
s__Fusobacterium.hwasookii	Responder_Status	Responder	-0.398158278334881	1.0746269262433	0.713791969874401	0.951229605309366	sample_2022120210026
s__HROM_Genome_2914	Responder_Status	Responder	0.568189587776911	1.53131709100537	0.713395723642072	0.951229605309366	sample_2022120210026
s__HROM_Genome_3490	Responder_Status	Responder	-0.281923934522926	0.760730571815557	0.713727202610179	0.951229605309366	sample_2022120210026
s__Oribacterium.parvum	Responder_Status	Responder	0.507979554798522	1.37831964306332	0.71523523919816	0.951632085045519	sample_2022120210026
s__Desulfobulbus.oralis	Responder_Status	Responder	0.44368957565571	1.20584381440451	0.715677934139941	0.951786293690675	sample_2022120210026
s__HROM_Genome_0980	Responder_Status	Responder	-0.635137591742636	1.72878531866947	0.716090867378205	0.952118078630003	sample_2022120210026
s__HROM_Genome_2183	Responder_Status	Responder	-0.31888537621366	0.869627895935439	0.716605553827702	0.952482207943985	sample_2022120210026
s__Streptococcus.sp000220065	Responder_Status	Responder	0.439548535288731	1.20052044109588	0.7170187951647	0.952482207943985	sample_2022120210026
s__Granulicatella.sp001058355	Responder_Status	Responder	-0.219194816533673	0.598640369262695	0.717001997773968	0.952482207943985	sample_2022120210026
s__Streptococcus.australis	Responder_Status	Responder	0.360162192885404	0.990193964754818	0.718792521641005	0.952754136786009	sample_2022120210026
s__Granulicatella.elegans.1	Responder_Status	Responder	0.380450157547999	1.04214836090352	0.717807245880151	0.952754136786009	sample_2022120210026
s__HROM_Genome_1338	Responder_Status	Responder	0.198157667533841	0.549114557969892	0.72090686478983	0.953444605437312	sample_2022120210026
s__Parvimonas.sp000214475	Responder_Status	Responder	0.242035248919618	0.670529915026067	0.720837721284582	0.953444605437312	sample_2022120210026
s__Rothia.mucilaginosa	Responder_Status	Responder	0.291811249004059	0.821433216349063	0.725067128169802	0.953480466306341	sample_2022120210026
s__HROM_Genome_0252	Responder_Status	Responder	0.584181456456981	1.67884784803301	0.730468414314905	0.953480466306341	sample_2022120210026
s__Pauljensenia.sp001064145	Responder_Status	Responder	-0.564027200565949	1.60924418249068	0.728592650416455	0.953480466306341	sample_2022120210026
s__Pauljensenia.sp018382595.1	Responder_Status	Responder	0.527519801321916	1.51920895482112	0.731012598813441	0.953480466306341	sample_2022120210026
s__HROM_Genome_1101	Responder_Status	Responder	0.318419639535659	0.901847848703339	0.726676789202926	0.953480466306341	sample_2022120210026
s__Campylobacter_A.concisus_Q	Responder_Status	Responder	-0.286970885456237	0.821064791608888	0.729321092892916	0.953480466306341	sample_2022120210026
s__HROM_Genome_1499	Responder_Status	Responder	0.0782913768124752	0.218026437026222	0.72222067203457	0.953480466306341	sample_2022120210026
s__HROM_Genome_1542	Responder_Status	Responder	-0.0636118422089522	0.183580413881879	0.731552490222669	0.953480466306341	sample_2022120210026
s__HROM_Genome_1957	Responder_Status	Responder	-0.249203026910792	0.711391028232854	0.728732275334738	0.953480466306341	sample_2022120210026
s__Streptococcus.oralis_B	Responder_Status	Responder	0.38147628825969	1.0885395069999	0.728625439987751	0.953480466306341	sample_2022120210026
s__HROM_Genome_2320	Responder_Status	Responder	0.0727701121537555	0.208257362996318	0.729385452197863	0.953480466306341	sample_2022120210026
s__HROM_Genome_2406	Responder_Status	Responder	0.183484737657911	0.522586699385264	0.728135006710104	0.953480466306341	sample_2022120210026
s__HROM_Genome_2464	Responder_Status	Responder	-0.317722399381788	0.914038386878465	0.730737922501186	0.953480466306341	sample_2022120210026
s__Abiotrophia.defectiva	Responder_Status	Responder	-0.495175545824554	1.4158295333274	0.729149079477517	0.953480466306341	sample_2022120210026
s__Gemella.sanguinis	Responder_Status	Responder	-0.288618918333205	0.810048358209695	0.724287943894369	0.953480466306341	sample_2022120210026
s__HROM_Genome_2682	Responder_Status	Responder	-0.335871112726148	0.975103678409817	0.733084182332705	0.953480466306341	sample_2022120210026
s__Fusobacterium.periodonticum	Responder_Status	Responder	0.351807354673828	0.997384777731819	0.726932503725628	0.953480466306341	sample_2022120210026
s__HROM_Genome_2915	Responder_Status	Responder	0.21408213851345	0.604908242937788	0.726058673836256	0.953480466306341	sample_2022120210026
s__Nanosynbacter.sp900555425	Responder_Status	Responder	0.158120142373191	0.449962682974518	0.727913509612827	0.953480466306341	sample_2022120210026
s__Nanogingivalis.sp900555945	Responder_Status	Responder	-0.21849927831307	0.613351827987996	0.724332601483199	0.953480466306341	sample_2022120210026
s__HROM_Genome_3992	Responder_Status	Responder	-0.139134467672227	0.395755502175816	0.727795182307192	0.953480466306341	sample_2022120210026
s__HROM_Genome_4164	Responder_Status	Responder	-0.0935581359167666	0.270711205708185	0.732225529858349	0.953480466306341	sample_2022120210026
s__HROM_Genome_2910	Responder_Status	Responder	0.426900625458111	1.24950917939614	0.735161739302456	0.953555480895377	sample_2022120210026
s__HROM_Genome_4818	Responder_Status	Responder	0.625961837263133	1.83345215244128	0.735342698743697	0.953555480895377	sample_2022120210026
s__Haemophilus_A.sputorum	Responder_Status	Responder	-0.463156452911182	1.34816753929123	0.733754713285493	0.953555480895377	sample_2022120210026
s__HROM_Genome_1681	Responder_Status	Responder	-0.38378807671214	1.13029021954927	0.736730533110019	0.954380886969913	sample_2022120210026
s__HROM_Genome_2092	Responder_Status	Responder	-0.333757231504384	0.983175755967802	0.736789934356148	0.954380886969913	sample_2022120210026
s__HROM_Genome_2574	Responder_Status	Responder	-0.309492982210795	0.912871942900863	0.737115059897498	0.954380886969913	sample_2022120210026
s__HROM_Genome_2575	Responder_Status	Responder	0.200799710668483	0.59408653658259	0.737886310571838	0.954380886969913	sample_2022120210026
s__HROM_Genome_2604	Responder_Status	Responder	-0.319082712929829	0.945006215421431	0.738144228857054	0.954380886969913	sample_2022120210026
s__Streptococcus.halitosis.1	Responder_Status	Responder	-0.312377106805517	0.934677412804415	0.740712660056407	0.955860516472677	sample_2022120210026
s__Lactobacillus.acidophilus	Responder_Status	Responder	0.301533630807082	0.905432041465799	0.741594471165147	0.955995330322978	sample_2022120210026
s__Cutibacterium.acnes	Responder_Status	Responder	0.183550074645015	0.578425422807663	0.753349633262953	0.956883057040561	sample_2022120210026
s__Lancefieldella.sp000564995.3	Responder_Status	Responder	0.139813916485611	0.448597360898858	0.757600964504458	0.956883057040561	sample_2022120210026
s__Prevotella.multiformis	Responder_Status	Responder	-0.517863810148548	1.59372898238027	0.747643111833725	0.956883057040561	sample_2022120210026
s__HROM_Genome_0982	Responder_Status	Responder	0.443181143210476	1.36920751024863	0.748587779090464	0.956883057040561	sample_2022120210026
s__Prevotella.sp000467895	Responder_Status	Responder	0.397221915204338	1.22848545090866	0.748838241158605	0.956883057040561	sample_2022120210026
s__HROM_Genome_1009	Responder_Status	Responder	-0.293111550254787	0.935187471569655	0.756280422205876	0.956883057040561	sample_2022120210026
s__Capnocytophaga.ochracea	Responder_Status	Responder	0.272923594375527	0.880982631743475	0.759011157492111	0.956883057040561	sample_2022120210026
s__HROM_Genome_1810	Responder_Status	Responder	0.0843108369423447	0.269462699618761	0.756686676669265	0.956883057040561	sample_2022120210026
s__Filifactor.alocis	Responder_Status	Responder	0.494145962573306	1.52121512370863	0.747719560620309	0.956883057040561	sample_2022120210026
s__Streptococcus.thermophilus	Responder_Status	Responder	0.33705635267943	1.02531934640843	0.744803552135589	0.956883057040561	sample_2022120210026
s__Streptococcus.rubneri	Responder_Status	Responder	0.362904627063605	1.12103734065737	0.748554040804671	0.956883057040561	sample_2022120210026
s__Streptococcus.sp902363395	Responder_Status	Responder	0.281039205939295	0.914609646757375	0.760905820057301	0.956883057040561	sample_2022120210026
s__Streptococcus.oralis_H	Responder_Status	Responder	0.314224348987415	0.95863441603034	0.745513923080308	0.956883057040561	sample_2022120210026
s__HROM_Genome_2214	Responder_Status	Responder	-0.354200532907051	1.1469259308517	0.759740108956714	0.956883057040561	sample_2022120210026
s__HROM_Genome_2232	Responder_Status	Responder	0.184642907036796	0.55737030163802	0.742903330655882	0.956883057040561	sample_2022120210026
s__HROM_Genome_2255	Responder_Status	Responder	-0.304109710570501	0.923001387411489	0.744245662223401	0.956883057040561	sample_2022120210026
s__Streptococcus.mitis_AH	Responder_Status	Responder	0.379288153706038	1.20715165239694	0.755697623612503	0.956883057040561	sample_2022120210026
s__Streptococcus.sp905372925	Responder_Status	Responder	-0.16356976243416	0.528580755004699	0.759269793394077	0.956883057040561	sample_2022120210026
s__HROM_Genome_2392	Responder_Status	Responder	0.39059203997454	1.24305693715759	0.755684074649823	0.956883057040561	sample_2022120210026
s__Streptococcus.sanguinis_F	Responder_Status	Responder	0.255474411566507	0.825604800058311	0.759278629500165	0.956883057040561	sample_2022120210026
s__Streptococcus.sobrinus	Responder_Status	Responder	-0.444514408168777	1.39179709865847	0.75180787695379	0.956883057040561	sample_2022120210026
s__Lactiplantibacillus.plantarum	Responder_Status	Responder	-0.564893678803061	1.78006204614717	0.753336259401214	0.956883057040561	sample_2022120210026
s__HROM_Genome_2671	Responder_Status	Responder	0.341278457853412	1.11490942858453	0.76178981759795	0.956883057040561	sample_2022120210026
s__HROM_Genome_2826	Responder_Status	Responder	-0.345055401989631	1.12507475994391	0.761344349677152	0.956883057040561	sample_2022120210026
s__Leptotrichia_A.sp000469505	Responder_Status	Responder	0.469882464800147	1.54475398483007	0.763240339066555	0.956883057040561	sample_2022120210026
s__HROM_Genome_3509	Responder_Status	Responder	0.233826919979126	0.708424135923555	0.743806738403048	0.956883057040561	sample_2022120210026
s__CAJPSE01.sp905373185	Responder_Status	Responder	0.400458610740061	1.27053151075594	0.754954623896978	0.956883057040561	sample_2022120210026
s__HROM_Genome_3856	Responder_Status	Responder	-0.22503840693128	0.7535816319683	0.767431157198349	0.95743981381032	sample_2022120210026
s__Pauljensenia.marseillensis	Responder_Status	Responder	0.312452013937945	1.05034553037665	0.768299494061303	0.957500555906665	sample_2022120210026
s__Pauljensenia.sp018375675	Responder_Status	Responder	0.316533408629072	1.06836694203721	0.769204400008839	0.957500555906665	sample_2022120210026
s__HROM_Genome_1115	Responder_Status	Responder	0.245693190767659	0.827164359995732	0.768635513129071	0.957500555906665	sample_2022120210026
s__Capnocytophaga.haemolytica	Responder_Status	Responder	0.361986621616461	1.2258380684246	0.769945511393445	0.957500555906665	sample_2022120210026
s__HROM_Genome_1341	Responder_Status	Responder	-0.114758902369565	0.386511731539821	0.768727269118209	0.957500555906665	sample_2022120210026
s__HROM_Genome_1940	Responder_Status	Responder	-0.611802977261006	2.06154642327132	0.76883326099802	0.957500555906665	sample_2022120210026
s__HROM_Genome_2422	Responder_Status	Responder	0.259522089352303	0.878553438643634	0.769870081491679	0.957500555906665	sample_2022120210026
s__HROM_Genome_4367	Responder_Status	Responder	-0.110449760326906	0.375051710084834	0.770554241522125	0.957992098644407	sample_2022120210026
s__Streptococcus.oralis_AD.1	Responder_Status	Responder	-0.145952032823718	0.49651876249105	0.77096363327893	0.958153011275819	sample_2022120210026
s__Rothia.mucilaginosa.1	Responder_Status	Responder	0.372154279002749	1.29175659616851	0.775392534824742	0.960137418645892	sample_2022120210026
s__Pauljensenia.sp900541895	Responder_Status	Responder	0.334576726178931	1.22506049430231	0.786772702852576	0.960137418645892	sample_2022120210026
s__HROM_Genome_0287	Responder_Status	Responder	0.106995355339249	0.384029723023382	0.782589818182837	0.960137418645892	sample_2022120210026
s__Peptidiphaga.sp000466165	Responder_Status	Responder	0.247431468163178	0.904248390118271	0.786375695186842	0.960137418645892	sample_2022120210026
s__HROM_Genome_0747	Responder_Status	Responder	0.0627625427358852	0.21702523125395	0.774562903166522	0.960137418645892	sample_2022120210026
s__Prevotella.intermedia	Responder_Status	Responder	0.353675450849451	1.29249745855805	0.786371846102392	0.960137418645892	sample_2022120210026
s__Alloprevotella.tannerae	Responder_Status	Responder	0.381186218693545	1.34164606414711	0.778410257989122	0.960137418645892	sample_2022120210026
s__HROM_Genome_1142	Responder_Status	Responder	0.341021940417481	1.20446273804655	0.779158451779005	0.960137418645892	sample_2022120210026
s__Campylobacter_A.sp905372745	Responder_Status	Responder	0.175906380436406	0.605872277005159	0.773698893931478	0.960137418645892	sample_2022120210026
s__HROM_Genome_1646	Responder_Status	Responder	0.196106489016581	0.702650120212125	0.782222667802391	0.960137418645892	sample_2022120210026
s__HROM_Genome_1704	Responder_Status	Responder	0.428624403197675	1.52810325368209	0.781160320695546	0.960137418645892	sample_2022120210026
s__Oribacterium.sinus.5	Responder_Status	Responder	-0.108827512953105	0.396064251931801	0.785508435790297	0.960137418645892	sample_2022120210026
s__Eubacterium_M.brachy	Responder_Status	Responder	-0.310270504330749	1.11443002667827	0.782742017303193	0.960137418645892	sample_2022120210026
s__HROM_Genome_2093	Responder_Status	Responder	-0.244749942438656	0.864692639439628	0.779221810936523	0.960137418645892	sample_2022120210026
s__Streptococcus.oralis_AB	Responder_Status	Responder	-0.206919119885932	0.754846701230521	0.786004070079637	0.960137418645892	sample_2022120210026
s__HROM_Genome_2411	Responder_Status	Responder	0.235361257187338	0.845634705423892	0.782808005508431	0.960137418645892	sample_2022120210026
s__Streptococcus.oralis_Y.2	Responder_Status	Responder	-0.184054975078657	0.674562714224054	0.78697021111623	0.960137418645892	sample_2022120210026
s__Streptococcus.sanguinis_A	Responder_Status	Responder	0.335951653775397	1.21405850230957	0.784029287061201	0.960137418645892	sample_2022120210026
s__HROM_Genome_2624	Responder_Status	Responder	0.229797379254098	0.821116991163168	0.781642431804833	0.960137418645892	sample_2022120210026
s__HROM_Genome_3465	Responder_Status	Responder	-0.101676529932356	0.350310632362453	0.773766255804852	0.960137418645892	sample_2022120210026
s__HROM_Genome_3977	Responder_Status	Responder	0.116101572401596	0.426046665671713	0.787230268060563	0.960137418645892	sample_2022120210026
s__HROM_Genome_4774	Responder_Status	Responder	-0.255545369275007	0.915573249349261	0.782211889197723	0.960137418645892	sample_2022120210026
s__HROM_Genome_4958	Responder_Status	Responder	0.169638827064631	0.621933660241273	0.787039055700233	0.960137418645892	sample_2022120210026
s__Treponema.vincentii	Responder_Status	Responder	-0.382981850066923	1.37724564144191	0.78299557277797	0.960137418645892	sample_2022120210026
s__Acetatifactor.sp900755865	Responder_Status	Responder	-0.103540685945642	0.380337659112474	0.787439902170944	0.960192051527266	sample_2022120210026
s__Pauljensenia.sp900556405	Responder_Status	Responder	-0.629850587408141	2.34110494874517	0.789871588304496	0.961546917841942	sample_2022120210026
s__HROM_Genome_1750	Responder_Status	Responder	-0.428462051557052	1.59774300624323	0.790536522873003	0.962155295807614	sample_2022120210026
s__HROM_Genome_1758	Responder_Status	Responder	-0.325662876616292	1.22142693547162	0.79171175592194	0.962161227910033	sample_2022120210026
s__HROM_Genome_2544	Responder_Status	Responder	-0.255531393560112	0.95745400833705	0.791512509576127	0.962161227910033	sample_2022120210026
s__HROM_Genome_2691	Responder_Status	Responder	-0.19970200284935	0.748636218759677	0.791613075571925	0.962161227910033	sample_2022120210026
s__HROM_Genome_3440	Responder_Status	Responder	0.273322932547153	1.02671895817332	0.792027997910491	0.962161227910033	sample_2022120210026
s__Prevotella.micans	Responder_Status	Responder	-0.308922262928714	1.17558856371662	0.794643374869803	0.96238427595428	sample_2022120210026
s__CAJPQU01.sp905373705	Responder_Status	Responder	-0.300283373609509	1.13629952832006	0.793511742101976	0.96238427595428	sample_2022120210026
s__Centipeda.sp015265235	Responder_Status	Responder	-0.305536077129884	1.16622788508529	0.795249557586299	0.962461806137584	sample_2022120210026
s__HROM_Genome_1214	Responder_Status	Responder	-0.360513215017036	1.38359629578698	0.796336709204596	0.962944719227039	sample_2022120210026
s__Prevotella.nigrescens	Responder_Status	Responder	-0.266409667406608	1.03622809583172	0.798984898427124	0.964177964229956	sample_2022120210026
s__Lancefieldella.sp000564995.12	Responder_Status	Responder	0.112734697733784	0.445575459885691	0.802109445829849	0.964275080222016	sample_2022120210026
s__Bacteroides_D.periocalifornicus	Responder_Status	Responder	0.324621814523696	1.28812287333002	0.802872813575413	0.964275080222016	sample_2022120210026
s__Streptococcus.oralis_BI	Responder_Status	Responder	-0.194517332770967	0.761834762387845	0.800336442684849	0.964275080222016	sample_2022120210026
s__Centipeda.flueggei	Responder_Status	Responder	0.24900695240246	0.987380336790966	0.80273662736792	0.964275080222016	sample_2022120210026
s__HROM_Genome_4990	Responder_Status	Responder	0.299326562331666	1.1874560352722	0.8028251570692	0.964275080222016	sample_2022120210026
s__Veillonella.sp900757715	Responder_Status	Responder	-0.193984576628501	0.779484470255045	0.805283430385959	0.964876450435031	sample_2022120210026
s__HROM_Genome_4887	Responder_Status	Responder	0.186745932451617	0.748682807138514	0.804846931618257	0.964876450435031	sample_2022120210026
s__Fretibacterium.fastidiosum	Responder_Status	Responder	-0.371869533081466	1.49079284575274	0.804838132153343	0.964876450435031	sample_2022120210026
s__Arachnia.sp013333945	Responder_Status	Responder	-0.394045379485791	1.61319585572482	0.808807571722733	0.965431169115762	sample_2022120210026
s__HROM_Genome_1277	Responder_Status	Responder	-0.136963907445187	0.560011380091224	0.808570178934121	0.965431169115762	sample_2022120210026
s__HROM_Genome_2122	Responder_Status	Responder	0.249566379952321	1.01712920283868	0.807964499270695	0.965431169115762	sample_2022120210026
s__HROM_Genome_2274	Responder_Status	Responder	0.156209110133501	0.637792078206693	0.808303189023714	0.965431169115762	sample_2022120210026
s__HROM_Genome_2283	Responder_Status	Responder	-0.161939402409662	0.659190740623883	0.807734197075499	0.965431169115762	sample_2022120210026
s__HROM_Genome_2454	Responder_Status	Responder	-0.133586479955285	0.543891816893314	0.807773844434469	0.965431169115762	sample_2022120210026
s__Streptococcus.mitis_Y	Responder_Status	Responder	0.249958282135327	1.0281579947626	0.809690317972027	0.96601726275951	sample_2022120210026
s__Campylobacter_A.concisus	Responder_Status	Responder	0.152847442683973	0.645486814776918	0.814540424455968	0.966322401564751	sample_2022120210026
s__HROM_Genome_1266	Responder_Status	Responder	-0.226752532644066	0.95097952898003	0.813275507620963	0.966322401564751	sample_2022120210026
s__HROM_Genome_1892	Responder_Status	Responder	-0.272822733234221	1.15624934286639	0.815185095480992	0.966322401564751	sample_2022120210026
s__Streptococcus.oralis_S	Responder_Status	Responder	0.211153278191827	0.894934874116543	0.815194554727757	0.966322401564751	sample_2022120210026
s__Streptococcus.sp001553685	Responder_Status	Responder	0.186567502261307	0.790063332007238	0.815041008618653	0.966322401564751	sample_2022120210026
s__Treponema.sp905373565	Responder_Status	Responder	-0.346805843859972	1.45687469147732	0.81357745331157	0.966322401564751	sample_2022120210026
s__Saccharimonas.sp010202265	Responder_Status	Responder	-0.179803488394648	0.764555258315083	0.815785203900291	0.96662913196078	sample_2022120210026
s__HROM_Genome_0348	Responder_Status	Responder	0.299464228949283	1.28413411989099	0.817300045375566	0.967440106545961	sample_2022120210026
s__Streptococcus.mitis_AC.1	Responder_Status	Responder	0.130428389433719	0.571221237663213	0.821047092321652	0.967934558452749	sample_2022120210026
s__Streptococcus.anginosus_C	Responder_Status	Responder	-0.269183154506498	1.17881237278979	0.821032762573248	0.967934558452749	sample_2022120210026
s__HROM_Genome_2690	Responder_Status	Responder	-0.17349065204255	0.750012399552944	0.818750578374386	0.967934558452749	sample_2022120210026
s__Actinomyces.oris_D	Responder_Status	Responder	-0.215581780723305	0.969601153242406	0.825662540943883	0.968749654934304	sample_2022120210026
s__Shuttleworthia.satelles	Responder_Status	Responder	-0.282196604482995	1.24817205295162	0.822775343502098	0.968749654934304	sample_2022120210026
s__HROM_Genome_1769	Responder_Status	Responder	0.0598804890659652	0.267443059262171	0.824460831493567	0.968749654934304	sample_2022120210026
s__Streptococcus.mitis_D	Responder_Status	Responder	-0.0988739254398496	0.444331734521853	0.825522190495132	0.968749654934304	sample_2022120210026
s__Streptococcus.oralis.2	Responder_Status	Responder	-0.148955120911511	0.660758003715318	0.823281552936953	0.968749654934304	sample_2022120210026
s__HROM_Genome_3428	Responder_Status	Responder	0.12589814813645	0.56446948368997	0.825125069552355	0.968749654934304	sample_2022120210026
s__Nanosyncoccus.sp905372495	Responder_Status	Responder	-0.165784349586239	0.739771773576032	0.824305134268694	0.968749654934304	sample_2022120210026
s__HROM_Genome_2192	Responder_Status	Responder	-0.215055047331595	0.969253544199736	0.826019993115211	0.968901824385039	sample_2022120210026
s__HROM_Genome_0390	Responder_Status	Responder	0.11585957788236	0.526544312346494	0.827438232642966	0.969018528851315	sample_2022120210026
s__Veillonella.infantium	Responder_Status	Responder	-0.187476798789053	0.871266724330671	0.831188763014245	0.970664503720525	sample_2022120210026
s__Bifidobacterium.swidsinskii	Responder_Status	Responder	-0.225444794504925	1.05273357020928	0.831980590446744	0.970810684966403	sample_2022120210026
s__HROM_Genome_2246	Responder_Status	Responder	0.155502201301076	0.732253006837061	0.833363579107469	0.97088869855118	sample_2022120210026
s__Granulicatella.adiacens_A.1	Responder_Status	Responder	0.155149800144489	0.730503008772079	0.833343241448675	0.97088869855118	sample_2022120210026
s__GN02.873.sp003260345	Responder_Status	Responder	0.297140420867203	1.39896919946041	0.833334034098875	0.97088869855118	sample_2022120210026
s__HROM_Genome_2273	Responder_Status	Responder	-0.267778552424385	1.28093432574178	0.835923127677886	0.97151879862803	sample_2022120210026
s__Rothia.mucilaginosa.3	Responder_Status	Responder	0.11296021234885	0.554000132488101	0.839906967546895	0.971925723465836	sample_2022120210026
s__HROM_Genome_1804	Responder_Status	Responder	-0.058687278312022	0.285079848900715	0.838387726658025	0.971925723465836	sample_2022120210026
s__HROM_Genome_1855	Responder_Status	Responder	0.24249995373188	1.1921217137171	0.840278847355694	0.971925723465836	sample_2022120210026
s__Streptococcus.sp001808705.1	Responder_Status	Responder	-0.134527831004688	0.662210197591862	0.840487105297337	0.971925723465836	sample_2022120210026
s__Centipeda.infelix	Responder_Status	Responder	-0.176630356518921	0.862134534116655	0.839151364542295	0.971925723465836	sample_2022120210026
s__HROM_Genome_4551	Responder_Status	Responder	0.14153367365546	0.700592722987883	0.841361800403894	0.971925723465836	sample_2022120210026
s__Streptococcus.oralis_F.1	Responder_Status	Responder	-0.180304759899525	0.894060555493723	0.841633103046217	0.971949410238742	sample_2022120210026
s__Alloprevotella.tannerae_A	Responder_Status	Responder	-0.148372268819748	0.76514989087287	0.84764420729576	0.973635367199544	sample_2022120210026
s__HROM_Genome_1074	Responder_Status	Responder	0.0776346432046002	0.402943133680931	0.848608885711946	0.973635367199544	sample_2022120210026
s__Streptococcus.mitis_K	Responder_Status	Responder	-0.190506432422058	0.961172181525462	0.844318903315916	0.973635367199544	sample_2022120210026
s__Streptococcus.mitis_Q.1	Responder_Status	Responder	0.159654732904415	0.828435894298952	0.848570650048658	0.973635367199544	sample_2022120210026
s__HROM_Genome_2287	Responder_Status	Responder	-0.1520524464788	0.782940671811947	0.847416067365282	0.973635367199544	sample_2022120210026
s__Nanosynbacter.sp900556355	Responder_Status	Responder	-0.298653169621543	1.52806799910332	0.846456037010671	0.973635367199544	sample_2022120210026
s__HROM_Genome_2869	Responder_Status	Responder	-0.145933840227936	0.777641543107095	0.852494885517274	0.975787523705663	sample_2022120210026
s__Campylobacter_A.showae_A	Responder_Status	Responder	-0.262750297993679	1.43016555705127	0.855556976446749	0.975815238661121	sample_2022120210026
s__Johnsonella.sp905373785	Responder_Status	Responder	-0.184764215271366	1.00865631141386	0.855977900475605	0.975815238661121	sample_2022120210026
s__HROM_Genome_2105	Responder_Status	Responder	0.186361594401087	1.01115579416489	0.855102147614079	0.975815238661121	sample_2022120210026
s__Streptococcus.mitis_AC	Responder_Status	Responder	0.155520886697492	0.839642385669237	0.854389496486732	0.975815238661121	sample_2022120210026
s__Moraxella_A.cinereus	Responder_Status	Responder	-0.106304039773231	0.585341582248513	0.85719693141103	0.976452907310672	sample_2022120210026
s__Streptococcus.mitis_H	Responder_Status	Responder	-0.187841811084551	1.05022119624178	0.859336120006095	0.977661838956351	sample_2022120210026
s__Rothia.sp001808955.1	Responder_Status	Responder	0.273289937898797	1.56881339838932	0.862960386958038	0.97788107629289	sample_2022120210026
s__Rothia.mucilaginosa_B.2	Responder_Status	Responder	0.274434131805812	1.56034105748901	0.861653395492521	0.97788107629289	sample_2022120210026
s__HROM_Genome_0223	Responder_Status	Responder	0.124219265330383	0.711503640220044	0.86266046399878	0.97788107629289	sample_2022120210026
s__Pauljensenia.sp000466265	Responder_Status	Responder	0.380965540814403	2.14692838976278	0.860434916453839	0.97788107629289	sample_2022120210026
s__HROM_Genome_1849	Responder_Status	Responder	0.0921190116952206	0.532467639740583	0.863892878730165	0.97788107629289	sample_2022120210026
s__HROM_Genome_1880	Responder_Status	Responder	-0.208186049520324	1.1988374129138	0.863384727173063	0.97788107629289	sample_2022120210026
s__Streptococcus.timonensis	Responder_Status	Responder	-0.257531781381814	1.47911010445876	0.863029698069022	0.97788107629289	sample_2022120210026
s__HROM_Genome_3460	Responder_Status	Responder	0.166804349719857	0.962586127610382	0.863671944784028	0.97788107629289	sample_2022120210026
s__Aggregatibacter.segnis_A	Responder_Status	Responder	-0.110463024298183	0.634078758970145	0.862953713230882	0.97788107629289	sample_2022120210026
s__HROM_Genome_1116	Responder_Status	Responder	0.158807180697822	0.979402930492744	0.872354619738674	0.978143060125443	sample_2022120210026
s__HROM_Genome_1185	Responder_Status	Responder	0.146384779147878	0.87091688075647	0.867727578523126	0.978143060125443	sample_2022120210026
s__HROM_Genome_1674	Responder_Status	Responder	0.153189147915314	0.93201621367863	0.870626037701264	0.978143060125443	sample_2022120210026
s__HROM_Genome_1757	Responder_Status	Responder	-0.297656766429475	1.80835511060575	0.870440712113609	0.978143060125443	sample_2022120210026
s__Streptococcus.pseudopneumoniae_E	Responder_Status	Responder	-0.126037027807057	0.75343364386288	0.86834929154484	0.978143060125443	sample_2022120210026
s__HROM_Genome_2365	Responder_Status	Responder	-0.134499977969783	0.830356014250437	0.872485869614729	0.978143060125443	sample_2022120210026
s__Streptococcus.mutans	Responder_Status	Responder	0.153195540534176	0.930503399631772	0.870412302216485	0.978143060125443	sample_2022120210026
s__HROM_Genome_2585	Responder_Status	Responder	0.115975107720377	0.69385481752901	0.868456417986812	0.978143060125443	sample_2022120210026
s__Kingella.kingae	Responder_Status	Responder	0.164992925875915	0.97815222870363	0.867262399170004	0.978143060125443	sample_2022120210026
s__Haemophilus_D.sp905215245	Responder_Status	Responder	0.12305297691484	0.736526049760652	0.868514051210254	0.978143060125443	sample_2022120210026
s__HROM_Genome_5027	Responder_Status	Responder	0.260483184352016	1.55130261530644	0.867859030731583	0.978143060125443	sample_2022120210026
s__HROM_Genome_5103	Responder_Status	Responder	-0.232202102733451	1.44465087641704	0.873458287746894	0.978143060125443	sample_2022120210026
s__HROM_Genome_1836	Responder_Status	Responder	-0.0897455973121152	0.576106228852718	0.877324426848336	0.979788978329023	sample_2022120210026
s__HROM_Genome_2465	Responder_Status	Responder	-0.116065626039771	0.749895785065533	0.878108477117174	0.979788978329023	sample_2022120210026
s__Centipeda.artemidis	Responder_Status	Responder	-0.150275682289165	0.981245359819011	0.879380000157223	0.979788978329023	sample_2022120210026
s__HROM_Genome_2044	Responder_Status	Responder	0.211800461049935	1.41259453950188	0.881889014023416	0.981409603899731	sample_2022120210026
s__Rothia.sp001808955.2	Responder_Status	Responder	-0.254056438101776	1.7092094640557	0.882903268803141	0.981784045214372	sample_2022120210026
s__HROM_Genome_2591	Responder_Status	Responder	-0.119285395081256	0.823045245527511	0.885802986905251	0.982195050961281	sample_2022120210026
s__HROM_Genome_4477	Responder_Status	Responder	0.135296822219127	0.933264006265033	0.885771783063048	0.982195050961281	sample_2022120210026
s__Nanosyncoccus.sp013332965.1	Responder_Status	Responder	-0.0432436186620792	0.296574154758524	0.885115663260743	0.982195050961281	sample_2022120210026
s__HROM_Genome_4942	Responder_Status	Responder	-0.135570816376325	0.940739433548476	0.886445128055891	0.982481364327594	sample_2022120210026
s__HROM_Genome_1297	Responder_Status	Responder	-0.14048112835867	0.987504538764171	0.887894368381618	0.982697765997831	sample_2022120210026
s__HROM_Genome_1664	Responder_Status	Responder	-0.233424820030605	1.64866641810943	0.888422379601255	0.982697765997831	sample_2022120210026
s__Gemella.morbillorum	Responder_Status	Responder	-0.174210067464736	1.24307502977813	0.889549148377721	0.982697765997831	sample_2022120210026
s__Streptococcus.intermedius	Responder_Status	Responder	-0.127150241764225	0.930525522743533	0.892290381616553	0.983750231240065	sample_2022120210026
s__Streptococcus.mitis_AK	Responder_Status	Responder	0.146461996516811	1.09645047102354	0.894691498925471	0.983765161259765	sample_2022120210026
s__Streptococcus.oralis.3	Responder_Status	Responder	0.131908093010166	0.982592194080704	0.894169150050503	0.983765161259765	sample_2022120210026
s__Streptococcus.chosunense	Responder_Status	Responder	-0.161715819891517	1.21350546541092	0.894938268903692	0.983765161259765	sample_2022120210026
s__Streptococcus.cristatus_C	Responder_Status	Responder	-0.120712783652026	0.906431327379617	0.895008551685422	0.983765161259765	sample_2022120210026
s__Gemella.haemolysans_B	Responder_Status	Responder	0.139233596262122	1.03165025393269	0.893607436211527	0.983765161259765	sample_2022120210026
s__HROM_Genome_4459	Responder_Status	Responder	-0.0296257211376914	0.223085566112343	0.895301499726886	0.983801402737052	sample_2022120210026
s__HROM_Genome_0259	Responder_Status	Responder	-0.210741079951134	1.59345776250672	0.895729258166561	0.984085803247872	sample_2022120210026
s__Rothia.sp902373285	Responder_Status	Responder	0.118155542354543	0.902531762450881	0.896778123033793	0.984124447376006	sample_2022120210026
s__Prevotella.melaninogenica	Responder_Status	Responder	-0.142111039924997	1.08075193138466	0.89632581630272	0.984124447376006	sample_2022120210026
s__Streptococcus.oralis_BE	Responder_Status	Responder	0.0675850875265958	0.515511312388757	0.896631275054748	0.984124447376006	sample_2022120210026
s__Streptococcus.sp000235485	Responder_Status	Responder	0.0992426604092955	0.768473435643636	0.898168026280237	0.984791488949147	sample_2022120210026
s__HROM_Genome_0286	Responder_Status	Responder	-0.134056060356631	1.06461582778729	0.900695341083178	0.98492985211743	sample_2022120210026
s__HROM_Genome_0455	Responder_Status	Responder	0.128274740506139	1.06744701919468	0.905206899050164	0.98492985211743	sample_2022120210026
s__F0058.sp000163695	Responder_Status	Responder	-0.181026576880014	1.46708111637968	0.902677911111551	0.98492985211743	sample_2022120210026
s__Phocaeicola.abscessus	Responder_Status	Responder	-0.12157536282694	0.995061291153426	0.903630137328107	0.98492985211743	sample_2022120210026
s__HROM_Genome_1212	Responder_Status	Responder	-0.202766743741671	1.60520860546141	0.900382916076103	0.98492985211743	sample_2022120210026
s__HROM_Genome_1841	Responder_Status	Responder	0.0821301263497293	0.683829335255439	0.905259020292745	0.98492985211743	sample_2022120210026
s__Parvimonas.sp015257355	Responder_Status	Responder	-0.219099333774909	1.88410485663568	0.90825412376522	0.98492985211743	sample_2022120210026
s__HROM_Genome_2048	Responder_Status	Responder	-0.121242391487742	1.04600299173724	0.908551054873502	0.98492985211743	sample_2022120210026
s__HROM_Genome_2342	Responder_Status	Responder	-0.0793221058193987	0.684055903478943	0.908513095300946	0.98492985211743	sample_2022120210026
s__Streptococcus.oralis_Y.1	Responder_Status	Responder	-0.0732537398784918	0.617420789370421	0.906403909959283	0.98492985211743	sample_2022120210026
s__Fusobacterium.polymorphum	Responder_Status	Responder	-0.102975924702955	0.812940920857219	0.900106180896042	0.98492985211743	sample_2022120210026
s__Fusobacterium.animalis	Responder_Status	Responder	0.0870121116542859	0.721282001201613	0.904841378881029	0.98492985211743	sample_2022120210026
s__Alloprevotella.sp905369775	Responder_Status	Responder	-0.186555508533577	1.63274972715332	0.909848277268048	0.985262157807195	sample_2022120210026
s__Prevotella.scopos	Responder_Status	Responder	-0.182247621054922	1.62090296582171	0.911280040385881	0.985683690794147	sample_2022120210026
s__HROM_Genome_1261	Responder_Status	Responder	0.0652278061999511	0.582743538785616	0.911675692071372	0.985801170654491	sample_2022120210026
s__HROM_Genome_1862	Responder_Status	Responder	-0.095535444189655	0.86929998443049	0.91327315735411	0.986010121008918	sample_2022120210026
s__Lachnoanaerobaculum.sp000209465	Responder_Status	Responder	-0.122069966178539	1.12820865858591	0.914610230886408	0.986593443502467	sample_2022120210026
s__HROM_Genome_0285	Responder_Status	Responder	0.0958692582753165	0.911600638017382	0.916993977590863	0.988066947737103	sample_2022120210026
s__Catonella.morbi	Responder_Status	Responder	0.108860515949267	1.05095710590662	0.918239226235609	0.988129224611568	sample_2022120210026
s__Bulleidia.sp900554555	Responder_Status	Responder	0.0935866179058429	0.92169006753316	0.919846992492074	0.988763375395153	sample_2022120210026
s__HROM_Genome_2598	Responder_Status	Responder	-0.0941458202967984	0.932733289504179	0.920321036398477	0.988907957391833	sample_2022120210026
s__HROM_Genome_2654	Responder_Status	Responder	-0.102409343829965	1.05500523329026	0.923362316681688	0.989438096885731	sample_2022120210026
s__Olsenella_F.profusa_A	Responder_Status	Responder	-0.137915225641909	1.5752433525944	0.930856156531092	0.99157642200284	sample_2022120210026
s__Prevotella.multisaccharivorax	Responder_Status	Responder	-0.153994754179329	1.67788971452445	0.927527254081524	0.99157642200284	sample_2022120210026
s__Alloprevotella.rava	Responder_Status	Responder	-0.108659042522612	1.18365911462552	0.92751116037842	0.99157642200284	sample_2022120210026
s__Tannerella.sp002890585	Responder_Status	Responder	-0.103351614663481	1.208005406378	0.932428552945394	0.99157642200284	sample_2022120210026
s__HROM_Genome_1982	Responder_Status	Responder	-0.129250488557428	1.47318086576239	0.930711259401159	0.99157642200284	sample_2022120210026
s__Bulleidia.sp015256775	Responder_Status	Responder	-0.106342695485825	1.19977424979216	0.930002458445738	0.99157642200284	sample_2022120210026
s__Streptococcus.oralis_BC.2	Responder_Status	Responder	0.088670940370566	0.993444796938944	0.929513820702307	0.99157642200284	sample_2022120210026
s__HROM_Genome_2298	Responder_Status	Responder	0.0996775372628192	1.125724552753	0.930073624332327	0.99157642200284	sample_2022120210026
s__HROM_Genome_2492	Responder_Status	Responder	0.0687866994626096	0.787538845092296	0.931019844879936	0.99157642200284	sample_2022120210026
s__HROM_Genome_4910	Responder_Status	Responder	0.107975905351968	1.26963938030502	0.932831162864983	0.99157642200284	sample_2022120210026
s__Treponema_C.lecithinolyticum	Responder_Status	Responder	-0.143138339136216	1.5771239413893	0.928330184468222	0.99157642200284	sample_2022120210026
s__HROM_Genome_2576	Responder_Status	Responder	0.138206964446784	1.63328497910444	0.933166419799102	0.991673584274501	sample_2022120210026
s__HROM_Genome_2719	Responder_Status	Responder	-0.096664610752852	1.14443478865476	0.933287813897622	0.991673584274501	sample_2022120210026
s__Prevotella.shahii	Responder_Status	Responder	0.162555021926244	1.95860133396495	0.934445653963383	0.991709614123119	sample_2022120210026
s__Mogibacterium.pumilum	Responder_Status	Responder	0.0760270107932669	0.906494607285092	0.933757164122558	0.991709614123119	sample_2022120210026
s__HROM_Genome_2221	Responder_Status	Responder	0.0591005398128372	0.708337076146897	0.934098828989091	0.991709614123119	sample_2022120210026
s__HROM_Genome_2223	Responder_Status	Responder	0.048661285528845	0.596467709726397	0.935559159019354	0.991874170537153	sample_2022120210026
s__HROM_Genome_0253	Responder_Status	Responder	0.108462194313204	1.37835672235341	0.937839279354283	0.992123854256233	sample_2022120210026
s__HROM_Genome_0878	Responder_Status	Responder	-0.0302893722711009	0.377108533628553	0.93655406845977	0.992123854256233	sample_2022120210026
s__Prevotella.oulorum	Responder_Status	Responder	0.0845157432077744	1.06256403448631	0.937169326658199	0.992123854256233	sample_2022120210026
s__HROM_Genome_1316	Responder_Status	Responder	0.055361171864481	0.704929181920516	0.93796155628997	0.992123854256233	sample_2022120210026
s__HROM_Genome_1016	Responder_Status	Responder	0.113497403497018	1.4851162314251	0.939625841295694	0.992321099170231	sample_2022120210026
s__HROM_Genome_2038	Responder_Status	Responder	0.0727476985704042	0.977018072274626	0.941174656609271	0.992321099170231	sample_2022120210026
s__F0422.sp003999875	Responder_Status	Responder	0.0641727338545016	0.83154901661681	0.939035126364388	0.992321099170231	sample_2022120210026
s__HROM_Genome_2902	Responder_Status	Responder	-0.0460780978377175	0.615433857008772	0.94084978068328	0.992321099170231	sample_2022120210026
s__Lachnoanaerobaculum.umeaense	Responder_Status	Responder	-0.073025888137026	1.00408327617583	0.942538891981738	0.993110048627122	sample_2022120210026
s__HROM_Genome_2871	Responder_Status	Responder	0.0778615088432581	1.0847314719083	0.943287638249567	0.993431704304341	sample_2022120210026
s__Lancefieldella.sp000564995.4	Responder_Status	Responder	0.0288214432756468	0.409613422259471	0.944405248693847	0.994065878865497	sample_2022120210026
s__Pauljensenia.sp000185285	Responder_Status	Responder	0.087693656406513	1.25389169081276	0.944740764722575	0.994239377508401	sample_2022120210026
s__Catonella.massiliensis	Responder_Status	Responder	0.0922960315816879	1.33839461709528	0.945511390126212	0.994511348408303	sample_2022120210026
s__HROM_Genome_2467	Responder_Status	Responder	-0.0674081957548067	1.02819417961349	0.948194161086892	0.995535506188022	sample_2022120210026
s__Streptococcus.mitis_BI	Responder_Status	Responder	0.0408773387031121	0.62081757518183	0.947969624779509	0.995535506188022	sample_2022120210026
s__HROM_Genome_2485	Responder_Status	Responder	0.0328277195563532	0.506854127389569	0.94881925409168	0.995607442744318	sample_2022120210026
s__Streptococcus.mitis_AZ	Responder_Status	Responder	0.0470851741625916	0.7408135421899	0.949773169427296	0.995974634987315	sample_2022120210026
s__HROM_Genome_2672	Responder_Status	Responder	0.0370028663745101	0.582603305485139	0.949809287099491	0.995974634987315	sample_2022120210026
s__Rothia.aeria	Responder_Status	Responder	-0.0330175435972401	1.14932482337767	0.977285490505113	0.996091374006742	sample_2022120210026
s__Pauljensenia.sp000278725	Responder_Status	Responder	-0.0501547124731271	1.28442355092691	0.969128875785991	0.996091374006742	sample_2022120210026
s__Pauljensenia.odontolytica_C	Responder_Status	Responder	-0.0701890206806679	1.40160577300698	0.960416098489728	0.996091374006742	sample_2022120210026
s__HROM_Genome_0261	Responder_Status	Responder	-0.0419581579186422	1.61868497310863	0.979504101340879	0.996091374006742	sample_2022120210026
s__Actinomyces.sp002999235	Responder_Status	Responder	-0.0790449952241018	1.28355463410095	0.951332498697953	0.996091374006742	sample_2022120210026
s__Actinomyces.sp000195595	Responder_Status	Responder	0.0409673323282104	1.34540994103735	0.97592441745692	0.996091374006742	sample_2022120210026
s__HROM_Genome_0409	Responder_Status	Responder	-0.0521030839586164	1.04818835791788	0.960708179121009	0.996091374006742	sample_2022120210026
s__Lancefieldella.sp000564995.11	Responder_Status	Responder	0.0192311685442292	0.440400577352538	0.965479417135749	0.996091374006742	sample_2022120210026
s__Prevotella.sp905372445	Responder_Status	Responder	-0.053862064079463	1.90352831705717	0.977626862785863	0.996091374006742	sample_2022120210026
s__HROM_Genome_1021	Responder_Status	Responder	0.0490422046553793	1.71599029142204	0.977402667003004	0.996091374006742	sample_2022120210026
s__Prevotella.maculosa	Responder_Status	Responder	-0.0441476693209142	0.9504292178829	0.963281110909641	0.996091374006742	sample_2022120210026
s__Prevotella.marshii	Responder_Status	Responder	-0.0567911425359626	1.39378711317252	0.967787608431626	0.996091374006742	sample_2022120210026
s__HROM_Genome_1226	Responder_Status	Responder	0.0539524128393972	1.55717624300581	0.972606572747687	0.996091374006742	sample_2022120210026
s__HROM_Genome_1515	Responder_Status	Responder	-0.0181931110526405	0.412435824999277	0.965128711599061	0.996091374006742	sample_2022120210026
s__Pseudoramibacter.alactolyticus	Responder_Status	Responder	-0.040330399657583	1.07868415460667	0.970440526365862	0.996091374006742	sample_2022120210026
s__CAG.793.sp013333035	Responder_Status	Responder	0.0473132102893149	1.30543877139202	0.971345640814745	0.996091374006742	sample_2022120210026
s__HROM_Genome_1983	Responder_Status	Responder	-0.0501075968117426	1.31747672484449	0.969931244803303	0.996091374006742	sample_2022120210026
s__Streptococcus.mitis_J	Responder_Status	Responder	0.0333771503685488	0.555352873612316	0.95250227873217	0.996091374006742	sample_2022120210026
s__Streptococcus.mitis	Responder_Status	Responder	-0.0324166755779418	0.897154933860213	0.971432882933429	0.996091374006742	sample_2022120210026
s__Streptococcus.mitis_P	Responder_Status	Responder	-0.022113071703749	0.770839888162317	0.977317732926715	0.996091374006742	sample_2022120210026
s__HROM_Genome_2231	Responder_Status	Responder	-0.0362758825021998	0.923347241396103	0.968940068908128	0.996091374006742	sample_2022120210026
s__HROM_Genome_2244	Responder_Status	Responder	-0.0390632318190859	0.823198017986281	0.962489027008525	0.996091374006742	sample_2022120210026
s__Streptococcus.oralis_BA	Responder_Status	Responder	0.0433815228016453	0.927727021614816	0.963035575724237	0.996091374006742	sample_2022120210026
s__Streptococcus.sp900550895	Responder_Status	Responder	-0.0270830543329623	0.800201387961231	0.97324063963514	0.996091374006742	sample_2022120210026
s__Streptococcus.sp902460355	Responder_Status	Responder	0.0722492546545776	1.21253997827945	0.952909373079024	0.996091374006742	sample_2022120210026
s__Granulicatella.adiacens	Responder_Status	Responder	0.0270779697463818	0.623385274138263	0.96566149448999	0.996091374006742	sample_2022120210026
s__Gemella.haemolysans_A	Responder_Status	Responder	0.0797053988338863	1.40609447841238	0.955198179362908	0.996091374006742	sample_2022120210026
s__HROM_Genome_2679	Responder_Status	Responder	0.0338764083680206	1.1460471945131	0.976628175650571	0.996091374006742	sample_2022120210026
s__CAJPQU01.sp905372875	Responder_Status	Responder	-0.0588209517119597	1.02330842981368	0.954570169452303	0.996091374006742	sample_2022120210026
s__HROM_Genome_2734	Responder_Status	Responder	0.0165193517899079	0.5844007851869	0.977649586173084	0.996091374006742	sample_2022120210026
s__HROM_Genome_2749	Responder_Status	Responder	-0.060975990110853	1.18121665846637	0.959196931448823	0.996091374006742	sample_2022120210026
s__Veillonella.parvula_A	Responder_Status	Responder	-0.0430010768429688	0.865486681695024	0.960726719940636	0.996091374006742	sample_2022120210026
s__Leptotrichia.massiliensis	Responder_Status	Responder	-0.0303171674704146	1.02692305704287	0.976657431696791	0.996091374006742	sample_2022120210026
s__Fusobacterium.vincentii	Responder_Status	Responder	0.0269888052758501	0.65092271150905	0.967221533700107	0.996091374006742	sample_2022120210026
s__Nanosyncoccus.nanoralicus.1	Responder_Status	Responder	-0.0232163729998862	0.442246893581753	0.958505906486291	0.996091374006742	sample_2022120210026
s__Simonsiella.muelleri	Responder_Status	Responder	-0.0329795900733837	1.03409163395426	0.974784171675336	0.996091374006742	sample_2022120210026
s__Neisseria.sp000186165	Responder_Status	Responder	0.0797300052630542	1.54483141143958	0.959205246824245	0.996091374006742	sample_2022120210026
s__Treponema.sp010365865	Responder_Status	Responder	-0.0507423058844611	1.21990629559039	0.967116556228617	0.996091374006742	sample_2022120210026
s__Treponema.sp018336815	Responder_Status	Responder	-0.0586815134668154	1.24533253841289	0.962751156161702	0.996091374006742	sample_2022120210026
s__HROM_Genome_5102	Responder_Status	Responder	-0.0518607375745599	1.08866092159234	0.962343563675438	0.996091374006742	sample_2022120210026
s__HROM_Genome_1709	Responder_Status	Responder	-0.0302857353141749	1.25633045201727	0.980938638070222	0.997047807236155	sample_2022120210026
s__HROM_Genome_2669	Responder_Status	Responder	0.0285123932108845	1.1947187004196	0.981129275721483	0.997047807236155	sample_2022120210026
s__HROM_Genome_2317	Responder_Status	Responder	0.0124836420108534	0.622298477003368	0.984137353160305	0.997672796711951	sample_2022120210026
s__HROM_Genome_5029	Responder_Status	Responder	-0.0274027275767343	1.32410138554852	0.98363546379851	0.997672796711951	sample_2022120210026
s__W11650.sp002999035	Responder_Status	Responder	0.0239767721084348	1.51701714693896	0.987501878158615	0.998005956617506	sample_2022120210026
s__Streptococcus.sp901875575	Responder_Status	Responder	-0.00805109830315664	0.426912514606924	0.985087418279762	0.998005956617506	sample_2022120210026
s__Lacticaseibacillus.paracasei	Responder_Status	Responder	-0.0276316668518626	1.61082212833338	0.986435596710016	0.998005956617506	sample_2022120210026
s__Streptococcus.oralis_N	Responder_Status	Responder	0.0100370949756595	0.717614164421543	0.988939732750002	0.998193370866186	sample_2022120210026
s__HROM_Genome_2410	Responder_Status	Responder	0.00925185098948148	0.65501642691561	0.988830731352285	0.998193370866186	sample_2022120210026
s__HROM_Genome_2435	Responder_Status	Responder	0.0128397572327491	0.942083090925887	0.989222527247273	0.998305824881387	sample_2022120210026
s__Lancefieldella.sp015258605	Responder_Status	Responder	-0.00756323446904012	0.672511722649062	0.991106729976792	0.998734819028596	sample_2022120210026
s__HROM_Genome_1014	Responder_Status	Responder	-0.011853808799191	1.32561184224718	0.992928707476341	0.998734819028596	sample_2022120210026
s__Prevotella.salivae	Responder_Status	Responder	0.00928487000933264	1.17606312981012	0.993756849912126	0.998734819028596	sample_2022120210026
s__HROM_Genome_1162	Responder_Status	Responder	-0.00428185013619373	0.471685056968786	0.992821455076266	0.998734819028596	sample_2022120210026
s__Butyrivibrio.sp015258065	Responder_Status	Responder	0.0156359961749924	1.64397813154239	0.992478819817901	0.998734819028596	sample_2022120210026
s__HROM_Genome_2224	Responder_Status	Responder	0.00419857236623057	0.506161478006512	0.993440501297079	0.998734819028596	sample_2022120210026
s__Slackia.exigua	Responder_Status	Responder	-0.00670268198477739	0.950321549517084	0.994422525891961	0.998881050753694	sample_2022120210026
s__HROM_Genome_1196	Responder_Status	Responder	0.00362090100155075	0.995588133357473	0.997123931648374	0.999614190415067	sample_2022120210026
s__HROM_Genome_2319	Responder_Status	Responder	0.00218444908223898	0.741651913958884	0.997670812722907	0.99973034304334	sample_2022120210026
s__HROM_Genome_2386	Responder_Status	Responder	0.00167996994745228	0.543697119539154	0.997556529950105	0.99973034304334	sample_2022120210026
s__Treponema_C.maltophilum	Responder_Status	Responder	-0.00197578466535124	1.05338514733778	0.998516746398959	0.999936492144641	sample_2022120210026
s__Streptococcus.oralis_X	Responder_Status	Responder	0.000189462129617447	0.805008987472192	0.999813883474366	0.999957122223748	sample_2022120210026
