feature	metadata	value	coef	stderr	pval	qval	holdout
s__Streptococcus.oralis_Y	Responder_Status	Responder	-2.65159267522295	0.51980975706654	2.10369670168948e-05	0.0204584504239302	sample_2022120210025
s__Haemophilus_D.parainfluenzae_N	Responder_Status	Responder	3.5854212367597	0.920202766350959	0.000554468140896358	0.147060072824102	sample_2022120210025
s__Bifidobacterium.longum	Responder_Status	Responder	-5.05587878783907	1.38795599179241	0.00108561715661514	0.239843488447798	sample_2022120210025
s__Veillonella.dispar.3	Responder_Status	Responder	-4.11905230632657	1.16627313188257	0.00145116983654103	0.275251728707568	sample_2022120210025
s__Haemophilus_A.paraphrohaemolyticus	Responder_Status	Responder	2.35235049403776	0.673859923758435	0.0016143791751489	0.277055955499819	sample_2022120210025
s__Lancefieldella.sp000564995.7	Responder_Status	Responder	-1.40181911758154	0.425461721094889	0.0026756417252062	0.336161054983612	sample_2022120210025
s__HROM_Genome_0948	Responder_Status	Responder	-2.41721797380987	0.734682879081884	0.00270772400758008	0.336161054983612	sample_2022120210025
s__Prevotella.sp000257925	Responder_Status	Responder	-4.49198358511882	1.55116795994156	0.00725575421207672	0.420516269892145	sample_2022120210025
s__Streptococcus.cristatus_E	Responder_Status	Responder	-1.53046740756461	0.530464904987433	0.00744815542604449	0.420516269892145	sample_2022120210025
s__HROM_Genome_2578	Responder_Status	Responder	-2.6573333800211	0.900863206146903	0.00635832656948554	0.420516269892145	sample_2022120210025
s__Veillonella.dispar.1	Responder_Status	Responder	-2.91617198472348	0.983543328732912	0.00612485773656287	0.420516269892145	sample_2022120210025
s__Haemophilus_D.sp900756875	Responder_Status	Responder	2.99771366209346	1.04481571247942	0.00774430445754531	0.420516269892145	sample_2022120210025
s__Treponema.sp905372265	Responder_Status	Responder	-2.79923982734724	0.928878308104851	0.00543179188820081	0.420516269892145	sample_2022120210025
s__HROM_Genome_0958	Responder_Status	Responder	-1.74918580921007	0.616115774733313	0.00833089065815776	0.421965356233042	sample_2022120210025
s__Veillonella.sp018367495	Responder_Status	Responder	-2.1570858725747	0.781676695863117	0.0100890245333969	0.436070060387933	sample_2022120210025
s__Haemophilus_D.parainfluenzae	Responder_Status	Responder	2.65766357426153	0.977968084216939	0.0111538404434797	0.455123489424505	sample_2022120210025
s__HROM_Genome_3296	Responder_Status	Responder	-1.15698262256029	0.432417387797521	0.0123200416253274	0.47550503720975	sample_2022120210025
s__Rothia.mucilaginosa.10	Responder_Status	Responder	3.39063426307451	1.29533251628655	0.0141231902272252	0.493465957939276	sample_2022120210025
s__F0428.sp003043955	Responder_Status	Responder	-4.78502754486394	1.85272345417556	0.0153219265176222	0.496754843688525	sample_2022120210025
s__Arachnia.propionica	Responder_Status	Responder	2.36834062827731	0.924637072768488	0.0161006788331042	0.497592795448773	sample_2022120210025
s__HROM_Genome_1125	Responder_Status	Responder	3.71887240763661	1.45473758187884	0.0162879665334148	0.497592795448773	sample_2022120210025
s__HROM_Genome_2291	Responder_Status	Responder	-1.90500423441661	0.742958621287052	0.0159998990955964	0.497592795448773	sample_2022120210025
s__HROM_Genome_4858	Responder_Status	Responder	0.786302613053086	0.308334940402801	0.0165248033173429	0.499597032936249	sample_2022120210025
s__Streptococcus.cristatus_C.1	Responder_Status	Responder	-2.15027040573991	0.848965406899932	0.0172010817081303	0.501932998952427	sample_2022120210025
s__HROM_Genome_2759	Responder_Status	Responder	-2.04944778282461	0.80777788696844	0.0170298969455334	0.501932998952427	sample_2022120210025
s__HROM_Genome_1001	Responder_Status	Responder	-2.59163216863242	1.05074815895817	0.0200308946176626	0.533699863443203	sample_2022120210025
s__HROM_Genome_2731	Responder_Status	Responder	-1.99868954453496	0.816801899602914	0.0209403309172776	0.542804638597558	sample_2022120210025
s__Pauljensenia.odontolytica_A	Responder_Status	Responder	1.80214753930613	0.743640643631954	0.0220898996193506	0.548487507569834	sample_2022120210025
s__Lancefieldella.sp000564995.6	Responder_Status	Responder	-1.00352092433668	0.422157583514996	0.0245186853588398	0.555493774715415	sample_2022120210025
s__Treponema_D.sp905372235	Responder_Status	Responder	-2.91922689390809	1.22144108879494	0.0238204148936262	0.555493774715415	sample_2022120210025
s__Bacteroides_D.sp905373665	Responder_Status	Responder	-2.5711562261314	1.10277767108598	0.0271472769312737	0.577648635784191	sample_2022120210025
s__Veillonella.sp900549805	Responder_Status	Responder	-3.7074047589054	1.60742991290068	0.0287019136946446	0.578642279491464	sample_2022120210025
s__Leptotrichia.wadei	Responder_Status	Responder	-2.06541903607062	0.897614693503532	0.0290472203280079	0.578642279491464	sample_2022120210025
s__Leptotrichia_A.sp905371725	Responder_Status	Responder	-2.28023474720965	1.0065691433408	0.0314191595462144	0.58507109742448	sample_2022120210025
s__Veillonella.sp902834965	Responder_Status	Responder	-2.17784548927581	0.968425118736135	0.032575026316438	0.5939852454888	sample_2022120210025
s__Saccharimonas.sp018127705	Responder_Status	Responder	-2.59782966448925	1.15497619291115	0.032546786769605	0.5939852454888	sample_2022120210025
s__Granulicatella.sp900551535	Responder_Status	Responder	-1.30318471087332	0.58688451290309	0.0346500686746216	0.600023041675122	sample_2022120210025
s__HROM_Genome_2109	Responder_Status	Responder	-1.39967166262248	0.632959362298886	0.0353488048055603	0.604318547334443	sample_2022120210025
s__Streptococcus.mitis_BB.1	Responder_Status	Responder	-1.98981794767289	0.898631672922165	0.0351224787048879	0.604318547334443	sample_2022120210025
s__Limosilactobacillus.portuensis	Responder_Status	Responder	-2.71399038346634	1.24162468999149	0.0373503844761399	0.609489945479352	sample_2022120210025
s__Alloscardovia.omnicolens	Responder_Status	Responder	-5.08426253355228	2.36125707559818	0.0400628273345184	0.610301646013332	sample_2022120210025
s__HROM_Genome_1320	Responder_Status	Responder	1.16526311903633	0.540755043453367	0.0399190080039063	0.610301646013332	sample_2022120210025
s__Streptococcus.oralis_T.1	Responder_Status	Responder	-1.46898217416039	0.679883342528825	0.0394296829352789	0.610301646013332	sample_2022120210025
s__Haemophilus_A.parahaemolyticus	Responder_Status	Responder	2.86919027678803	1.31869925757748	0.0381687939868311	0.610301646013332	sample_2022120210025
s__HROM_Genome_5023	Responder_Status	Responder	-1.87249304906029	0.871075795340706	0.0403698775000862	0.610301646013332	sample_2022120210025
s__Lancefieldella.sp000411555	Responder_Status	Responder	-2.10051050510361	0.979501116795036	0.0408178019500889	0.611970324162614	sample_2022120210025
s__HROM_Genome_0434	Responder_Status	Responder	-1.37878078153373	0.647886724861111	0.0422656612218579	0.612096896234103	sample_2022120210025
s__HROM_Genome_2831	Responder_Status	Responder	1.63250162630352	0.77186132018649	0.0434586800782661	0.612096896234103	sample_2022120210025
s__Veillonella.dispar.2	Responder_Status	Responder	-1.36115210483915	0.642086560584567	0.0430117876123106	0.612096896234103	sample_2022120210025
s__Lactobacillus.delbrueckii	Responder_Status	Responder	-1.6827398956027	0.803670651811098	0.0454529861097803	0.618224181702956	sample_2022120210025
s__Haemophilus.haemolyticus	Responder_Status	Responder	2.36990975459946	1.13975495124754	0.0468635824012006	0.619737027520173	sample_2022120210025
s__Pauljensenia.odontolytica_B	Responder_Status	Responder	3.03297669901184	1.48006038286481	0.0499146764841424	0.628309592686663	sample_2022120210025
s__Neisseria.mucosa_A	Responder_Status	Responder	2.29501828436165	1.12476470308783	0.0508376490975794	0.628309592686663	sample_2022120210025
s__Streptococcus.parasanguinis_B	Responder_Status	Responder	-1.35891872605538	0.671057075692559	0.0524927005375097	0.632436165972401	sample_2022120210025
s__HROM_Genome_5106	Responder_Status	Responder	-2.13603689343392	1.05671992083118	0.0528926904874947	0.632436165972401	sample_2022120210025
s__Lancefieldella.sp015258485	Responder_Status	Responder	-1.48591203650608	0.739133147686115	0.0541162584042391	0.63691744088524	sample_2022120210025
s__HROM_Genome_0854	Responder_Status	Responder	1.25125909361776	0.633069202701823	0.0580240826782296	0.63691744088524	sample_2022120210025
s__Bacteroides_D.sp013333835	Responder_Status	Responder	-0.83152812922308	0.415893295747116	0.0553561692588441	0.63691744088524	sample_2022120210025
s__HROM_Genome_1882	Responder_Status	Responder	-1.70045223984915	0.84683710637614	0.0543788083468417	0.63691744088524	sample_2022120210025
s__HROM_Genome_2234	Responder_Status	Responder	-1.34446245153954	0.684193212574256	0.0594024958177626	0.63691744088524	sample_2022120210025
s__Gemella.sp900555985	Responder_Status	Responder	-3.11034707222487	1.57952926426018	0.0589029171016472	0.63691744088524	sample_2022120210025
s__HROM_Genome_2371	Responder_Status	Responder	-1.67532155985096	0.855902056373387	0.0603392215898721	0.637045633841508	sample_2022120210025
s__HROM_Genome_2434	Responder_Status	Responder	-1.47875137295932	0.757322400392669	0.0609292506718981	0.637045633841508	sample_2022120210025
s__SDRK01.sp007845205	Responder_Status	Responder	-2.04480282159776	1.0420264636151	0.0597313472552841	0.637045633841508	sample_2022120210025
s__HROM_Genome_2228	Responder_Status	Responder	-1.42826455578201	0.736433763034054	0.0625845032902763	0.639333787412781	sample_2022120210025
s__HROM_Genome_2491	Responder_Status	Responder	1.6252327546944	0.8451346311888	0.0646986468956168	0.639333787412781	sample_2022120210025
s__Neisseria.elongata	Responder_Status	Responder	2.60674996145918	1.34687338211327	0.0630981654426831	0.639333787412781	sample_2022120210025
s__Cryptobacterium.curtum	Responder_Status	Responder	-2.85418591482645	1.48609789434623	0.0650206769600573	0.639790303645758	sample_2022120210025
s__Streptococcus.sp000411475	Responder_Status	Responder	-2.29014767279663	1.19852511665124	0.0663181005373771	0.642551141042863	sample_2022120210025
s__HROM_Genome_1765	Responder_Status	Responder	-1.55568812541945	0.816354743998637	0.0670102590267616	0.644471783505458	sample_2022120210025
s__Streptococcus.peroris	Responder_Status	Responder	-1.49283108125618	0.790008656305584	0.0692013984914294	0.646753093686367	sample_2022120210025
s__Streptococcus.oralis_BM	Responder_Status	Responder	-1.95629412813059	1.03414212011693	0.0689149349902062	0.646753093686367	sample_2022120210025
s__Granulicatella.sp905371865	Responder_Status	Responder	-1.82845439610167	0.966998641724713	0.0690328181550498	0.646753093686367	sample_2022120210025
s__HROM_Genome_4870	Responder_Status	Responder	1.39367046331347	0.73876655721271	0.0696404895472169	0.646753093686367	sample_2022120210025
s__HROM_Genome_5068	Responder_Status	Responder	-2.72782608141138	1.45006053680852	0.0703835843171968	0.646753093686367	sample_2022120210025
s__Prevotella.jejuni	Responder_Status	Responder	-3.31294231718884	1.76490418735633	0.0709569146117696	0.647911757189025	sample_2022120210025
s__HROM_Genome_0257	Responder_Status	Responder	-3.18255181865477	1.70918546311981	0.0731252261589643	0.655431166073691	sample_2022120210025
s__Leptotrichia.buccalis	Responder_Status	Responder	-2.66210537896598	1.4318995366793	0.0735462088303165	0.656270311327203	sample_2022120210025
s__Streptococcus.sp000187445	Responder_Status	Responder	-1.56794580261882	0.845852935935919	0.0743479175277972	0.657128446234205	sample_2022120210025
s__Leptotrichia.hofstadii	Responder_Status	Responder	-1.81623316680345	0.986707923817762	0.0762862677328501	0.657128446234205	sample_2022120210025
s__Nanogingivalis.sp015257795	Responder_Status	Responder	-2.46347573239727	1.33158081285795	0.0748880370125894	0.657128446234205	sample_2022120210025
s__Alloprevotella.sp000318095	Responder_Status	Responder	3.02246021606417	1.6533200041754	0.0782059079167526	0.657928693192806	sample_2022120210025
s__Limosilactobacillus.fermentum	Responder_Status	Responder	-3.34420834492557	1.82740640653518	0.0779112598667033	0.657928693192806	sample_2022120210025
s__Lancefieldella.sp000564995.8	Responder_Status	Responder	-0.689048671885611	0.380225326888329	0.0806911653406634	0.660016764407281	sample_2022120210025
s__Alloprevotella.sp015259235	Responder_Status	Responder	2.0361686743596	1.13173735540627	0.0827819635416187	0.660016764407281	sample_2022120210025
s__Streptococcus.mitis_BJ	Responder_Status	Responder	-1.2044262941825	0.666979569108588	0.0817132886559697	0.660016764407281	sample_2022120210025
s__Veillonella.dispar	Responder_Status	Responder	-1.6214895475121	0.89871709270546	0.0819641410783157	0.660016764407281	sample_2022120210025
s__HROM_Genome_4863	Responder_Status	Responder	0.634982216568869	0.350157474622177	0.0805001178918349	0.660016764407281	sample_2022120210025
s__Rothia.mucilaginosa_B.1	Responder_Status	Responder	2.20341700869547	1.23328637489741	0.0848316039717664	0.663857014038883	sample_2022120210025
s__Streptococcus.pseudopneumoniae_L	Responder_Status	Responder	-1.19841976471624	0.669736007734628	0.084375005344116	0.663857014038883	sample_2022120210025
s__Streptococcus.oralis_C.1	Responder_Status	Responder	-0.721265460387459	0.404497244186161	0.0854128491874532	0.66433072895985	sample_2022120210025
s__HROM_Genome_2711	Responder_Status	Responder	-3.03806106633918	1.7030074498214	0.0852761355828747	0.66433072895985	sample_2022120210025
s__Cardiobacterium.hominis	Responder_Status	Responder	1.34608776044389	0.754641312696534	0.0853082950299328	0.66433072895985	sample_2022120210025
s__Streptococcus.oralis_G	Responder_Status	Responder	1.51283683987967	0.849463779488978	0.085776645463404	0.664577424101665	sample_2022120210025
s__HROM_Genome_3437	Responder_Status	Responder	-0.838611400949124	0.471265902271759	0.086018006699204	0.664577970864952	sample_2022120210025
s__HROM_Genome_4862	Responder_Status	Responder	1.1530635153803	0.654305667918517	0.0889387384923596	0.672375704176018	sample_2022120210025
s__HROM_Genome_2723	Responder_Status	Responder	-1.16452317503082	0.661595178618249	0.0892999394475209	0.67309463740591	sample_2022120210025
s__HROM_Genome_5091	Responder_Status	Responder	-1.59798484092443	0.9116470283327	0.0905714307598187	0.674087115412682	sample_2022120210025
s__Streptococcus.oralis_BJ	Responder_Status	Responder	-0.897776852439599	0.515682614761425	0.0926723331482043	0.680224570543593	sample_2022120210025
s__Corynebacterium.argentoratense	Responder_Status	Responder	3.04109333277067	1.75241174440373	0.0936696865306381	0.685774932128323	sample_2022120210025
s__Lancefieldella.sp000564995.10	Responder_Status	Responder	-0.962646694193918	0.561582701855304	0.0975489901268799	0.689506244400172	sample_2022120210025
s__HROM_Genome_2326	Responder_Status	Responder	-0.96074112206329	0.556755111951381	0.0954398485391351	0.689506244400172	sample_2022120210025
s__HROM_Genome_2357	Responder_Status	Responder	-1.37690894329585	0.799319531056079	0.0959903765984334	0.689506244400172	sample_2022120210025
s__Granulicatella.adiacens_A	Responder_Status	Responder	-1.95048495552473	1.13740672676578	0.0974215415200834	0.689506244400172	sample_2022120210025
s__Anaeroglobus.micronuciformis	Responder_Status	Responder	-2.52527194138441	1.47562310995606	0.0980788659558085	0.689506244400172	sample_2022120210025
s__HROM_Genome_0267	Responder_Status	Responder	1.35674793397461	0.793241651595446	0.0982550078046477	0.689913321949602	sample_2022120210025
s__Pyramidobacter.piscolens	Responder_Status	Responder	-1.43129710837755	0.837170579827877	0.0983861466077841	0.69000380463512	sample_2022120210025
s__Pauljensenia.sp018382595	Responder_Status	Responder	2.34012480861665	1.37259352447313	0.0992874604784647	0.690312448893057	sample_2022120210025
s__Nanosyncoccus.sp013332965	Responder_Status	Responder	-1.9170047058474	1.12623341495978	0.0998088278294219	0.690961595241026	sample_2022120210025
s__Oribacterium.sinus.2	Responder_Status	Responder	-0.77554951943669	0.456000264935558	0.100069445598948	0.691830823542491	sample_2022120210025
s__Actinomyces.massiliensis	Responder_Status	Responder	1.64735149336545	0.972075107730395	0.101232822635086	0.692205758180802	sample_2022120210025
s__HROM_Genome_1967	Responder_Status	Responder	-1.35753652253684	0.80871293682495	0.104350562390883	0.692205758180802	sample_2022120210025
s__Streptococcus.koreensis	Responder_Status	Responder	2.09436598491937	1.25939662499824	0.107469549992923	0.696755765854383	sample_2022120210025
s__Rodentibacter.sp901420285	Responder_Status	Responder	-1.53962529118715	0.926047794587108	0.107553342346894	0.696755765854383	sample_2022120210025
s__Centipeda.noxia	Responder_Status	Responder	-1.44516988300872	0.874545301246917	0.109608020422364	0.700420645824245	sample_2022120210025
s__SDRW01.sp007845485	Responder_Status	Responder	-1.78141460175631	1.07768740386657	0.109502194978438	0.700420645824245	sample_2022120210025
s__Lancefieldella.sp000564995.17	Responder_Status	Responder	0.656709064189906	0.397790535555817	0.109934563928995	0.701058120793101	sample_2022120210025
s__HROM_Genome_2419	Responder_Status	Responder	-1.04827406395505	0.638255995588317	0.111691676683279	0.706855676189733	sample_2022120210025
s__Eikenella.corrodens_B	Responder_Status	Responder	1.01212558927965	0.6159415714823	0.111522347712853	0.706855676189733	sample_2022120210025
s__HROM_Genome_1702	Responder_Status	Responder	0.962889834753497	0.593088360138814	0.115685127595989	0.707570984824525	sample_2022120210025
s__Streptococcus.sp000259505	Responder_Status	Responder	-0.253919234669146	0.155787421538695	0.114320848623457	0.707570984824525	sample_2022120210025
s__Streptococcus.sp000187745	Responder_Status	Responder	-1.61900865881774	0.997125725112224	0.115651404296375	0.707570984824525	sample_2022120210025
s__HROM_Genome_2617	Responder_Status	Responder	-1.39124324760626	0.861332590355731	0.117476514347238	0.71231940730807	sample_2022120210025
s__Streptococcus.mitis_N	Responder_Status	Responder	-1.76762197007104	1.09707993959026	0.118351801731098	0.714149703310195	sample_2022120210025
s__Lancefieldella.sp000564995	Responder_Status	Responder	-1.53979881256396	0.958115464611701	0.119249745544665	0.714818445028088	sample_2022120210025
s__HROM_Genome_1725	Responder_Status	Responder	-1.12157234574663	0.69871699564558	0.119673579371695	0.714818445028088	sample_2022120210025
s__Johnsonella.sp900766185	Responder_Status	Responder	1.77053727025108	1.10611573617448	0.120671771068839	0.715484965127568	sample_2022120210025
s__Streptococcus.oralis_BC.1	Responder_Status	Responder	1.34951789769112	0.843683913214829	0.120922154795883	0.715599161494907	sample_2022120210025
s__Neisseria.sp002237445	Responder_Status	Responder	1.53110976994767	0.957986294984822	0.121210721878967	0.716432891112147	sample_2022120210025
s__HROM_Genome_1015	Responder_Status	Responder	-0.8711411751672	0.545688953865967	0.121624370178355	0.716846666657272	sample_2022120210025
s__HROM_Genome_5020	Responder_Status	Responder	-1.77002485973521	1.11129224090608	0.122441331111119	0.718035343752142	sample_2022120210025
s__Lactobacillus.crispatus	Responder_Status	Responder	-2.06191876993447	1.29569219519747	0.122756019986728	0.718451233838222	sample_2022120210025
s__Streptococcus.sp905371745	Responder_Status	Responder	1.43327773418046	0.901657076453909	0.123153262038163	0.718451233838222	sample_2022120210025
s__Streptococcus.oralis_T	Responder_Status	Responder	-0.955292726634572	0.603981646188811	0.124959161896928	0.721864732504459	sample_2022120210025
s__HROM_Genome_2833	Responder_Status	Responder	-2.13870161641767	1.35385995367786	0.125406105012987	0.721864732504459	sample_2022120210025
s__HROM_Genome_2903	Responder_Status	Responder	-0.885953093004576	0.56094417595306	0.125477324332536	0.721864732504459	sample_2022120210025
s__HROM_Genome_1913	Responder_Status	Responder	2.18961252128681	1.39280366492302	0.127162811349905	0.722995214757579	sample_2022120210025
s__CAJPPJ01.sp905372515	Responder_Status	Responder	-2.12750822549701	1.35606108197232	0.127907229534405	0.722995214757579	sample_2022120210025
s__Veillonella.sp003463825	Responder_Status	Responder	-1.32909923513104	0.847938593532555	0.12824336714209	0.722995214757579	sample_2022120210025
s__Xanthomonas.campestris	Responder_Status	Responder	-0.794327822525955	0.505111979697018	0.127049702712912	0.722995214757579	sample_2022120210025
s__HROM_Genome_2046	Responder_Status	Responder	2.06553327513619	1.31962979723569	0.128760543345243	0.723812880943633	sample_2022120210025
s__HROM_Genome_0985	Responder_Status	Responder	-0.571127219012709	0.365896169076017	0.129780216517439	0.72544855413659	sample_2022120210025
s__Alloprevotella.sp015257125	Responder_Status	Responder	3.08686300136153	1.99013470067908	0.132112648559234	0.72544855413659	sample_2022120210025
s__HROM_Genome_1486	Responder_Status	Responder	0.693123793956964	0.448403219442214	0.133391408843922	0.72544855413659	sample_2022120210025
s__HROM_Genome_2716	Responder_Status	Responder	-2.4901307459785	1.61328871044649	0.133934519758574	0.72544855413659	sample_2022120210025
s__Nanogingivalis.sp900556165	Responder_Status	Responder	1.22204477231927	0.783119374145612	0.129878436977744	0.72544855413659	sample_2022120210025
s__HROM_Genome_4498	Responder_Status	Responder	-2.20276809208715	1.41672856115919	0.131218944340427	0.72544855413659	sample_2022120210025
s__Leptotrichia.sp013394795	Responder_Status	Responder	1.62311625055601	1.05902130428764	0.136582663221518	0.728482486195207	sample_2022120210025
s__Desulfovibrio.sp003860215	Responder_Status	Responder	1.03004386414519	0.672304364124587	0.136717321909531	0.728534770175447	sample_2022120210025
s__HROM_Genome_0380	Responder_Status	Responder	0.662294048949523	0.43248404271433	0.136898845769812	0.728836464477056	sample_2022120210025
s__Prevotella.sp015256945	Responder_Status	Responder	-3.3629393846595	2.19688214835726	0.137045242936884	0.728950768037119	sample_2022120210025
s__HROM_Genome_1334	Responder_Status	Responder	1.08568769843892	0.710754306735662	0.137851854012824	0.729062692801837	sample_2022120210025
s__HROM_Genome_2120	Responder_Status	Responder	-1.24632086450713	0.815053882178362	0.137452897836621	0.729062692801837	sample_2022120210025
s__Veillonella.sp900550175	Responder_Status	Responder	-1.34605941339544	0.881653646117226	0.138042921505364	0.729062692801837	sample_2022120210025
s__Leptotrichia.wadei_A	Responder_Status	Responder	-1.80969495578506	1.18583653958297	0.138204861905965	0.729062692801837	sample_2022120210025
s__Rothia.mucilaginosa.2	Responder_Status	Responder	1.16526951296796	0.784886846511957	0.148812692172829	0.729444976952456	sample_2022120210025
s__HROM_Genome_0265	Responder_Status	Responder	1.93281138314615	1.29991243278666	0.148222093226043	0.729444976952456	sample_2022120210025
s__Olsenella_I.phocaeensis	Responder_Status	Responder	-1.38389104053573	0.934958430974546	0.149994751636246	0.729444976952456	sample_2022120210025
s__HROM_Genome_0716	Responder_Status	Responder	0.972515975569756	0.646251239511877	0.143558786855238	0.729444976952456	sample_2022120210025
s__Prevotella.sp905373605	Responder_Status	Responder	-0.720001433950405	0.487027456949252	0.150473918073827	0.729444976952456	sample_2022120210025
s__HROM_Genome_1346	Responder_Status	Responder	0.816755653174966	0.538904980230456	0.140833635968151	0.729444976952456	sample_2022120210025
s__HROM_Genome_1893	Responder_Status	Responder	-1.03234663191829	0.678779659303618	0.139502061635076	0.729444976952456	sample_2022120210025
s__HROM_Genome_1923	Responder_Status	Responder	-1.21373214844059	0.816167751758681	0.148160891469525	0.729444976952456	sample_2022120210025
s__Streptococcus.lactarius	Responder_Status	Responder	-0.998033814922649	0.674396333165014	0.150066664756358	0.729444976952456	sample_2022120210025
s__Gemella.sp900766305	Responder_Status	Responder	-2.17601747513731	1.44569431340699	0.143478462051838	0.729444976952456	sample_2022120210025
s__Veillonella.sp900550455	Responder_Status	Responder	-2.07272185667663	1.38975560633383	0.147030340070665	0.729444976952456	sample_2022120210025
s__Allisonella.pneumosintes	Responder_Status	Responder	-1.80365786304597	1.21388908333881	0.148492243348896	0.729444976952456	sample_2022120210025
s__Veillonella.sp002959755	Responder_Status	Responder	-1.33756412205617	0.900428727526532	0.148591173506223	0.729444976952456	sample_2022120210025
s__Leptotrichia.shahii	Responder_Status	Responder	-1.612169080312	1.07437714092491	0.144662078391302	0.729444976952456	sample_2022120210025
s__HROM_Genome_3434	Responder_Status	Responder	1.24397802535637	0.84485440354491	0.152060751400537	0.729444976952456	sample_2022120210025
s__Nanosynbacter.sp900555885	Responder_Status	Responder	-0.862086743337249	0.570536710031864	0.141990457917567	0.729444976952456	sample_2022120210025
s__HROM_Genome_3479	Responder_Status	Responder	0.915477121180116	0.62039638366155	0.151200365493557	0.729444976952456	sample_2022120210025
s__HROM_Genome_3578	Responder_Status	Responder	-1.02617764413785	0.692434262280051	0.149511964889022	0.729444976952456	sample_2022120210025
s__HROM_Genome_4507	Responder_Status	Responder	-0.730002739572442	0.493106439841789	0.149927661056762	0.729444976952456	sample_2022120210025
s__HROM_Genome_4859	Responder_Status	Responder	1.81691305242694	1.20432127779312	0.142587499114846	0.729444976952456	sample_2022120210025
s__Haemophilus_D.parainfluenzae_L	Responder_Status	Responder	2.15582272993268	1.4298108114264	0.142815186594873	0.729444976952456	sample_2022120210025
s__Aggregatibacter.sp000466335	Responder_Status	Responder	-1.46335532495229	0.980158756691447	0.146626509440571	0.729444976952456	sample_2022120210025
s__Prevotella.histicola	Responder_Status	Responder	-2.4179163962974	1.64779357570256	0.153420172978506	0.730225081102649	sample_2022120210025
s__Veillonella.rogosae	Responder_Status	Responder	1.33066974580321	0.906308553108397	0.153186867133139	0.730225081102649	sample_2022120210025
s__Pauljensenia.meyeri	Responder_Status	Responder	-1.76313341053627	1.20356625624199	0.154080849553366	0.732050089719672	sample_2022120210025
s__Rothia.mucilaginosa_B.5	Responder_Status	Responder	1.26633339222059	0.867052253871315	0.15528259245122	0.734853144325115	sample_2022120210025
s__HROM_Genome_1174	Responder_Status	Responder	-1.24092881395393	0.85147720544592	0.156135538288214	0.735989411543875	sample_2022120210025
s__Eubacterium_B.sulci	Responder_Status	Responder	1.62420347170498	1.11645959260133	0.15684990002398	0.737485226945949	sample_2022120210025
s__F0422.sp001553345	Responder_Status	Responder	-1.41486777732176	0.972486515012022	0.156817813317522	0.737485226945949	sample_2022120210025
s__HROM_Genome_0748	Responder_Status	Responder	-0.661522553617118	0.455148531072624	0.157223900350956	0.737732235678535	sample_2022120210025
s__Prevotella.oralis	Responder_Status	Responder	1.60248786755427	1.10474631378002	0.158016850484223	0.738361773752355	sample_2022120210025
s__Streptococcus.sp013394695	Responder_Status	Responder	-1.36907003382074	0.944537441779436	0.158317818867631	0.738361773752355	sample_2022120210025
s__Lancefieldella.sp000564995.9	Responder_Status	Responder	-0.830480613337151	0.57422389671742	0.159204637664805	0.74079669918193	sample_2022120210025
s__Rothia.mucilaginosa_B	Responder_Status	Responder	-1.40600825715173	0.97462727951063	0.160224097407355	0.742320035603835	sample_2022120210025
s__HROM_Genome_5095	Responder_Status	Responder	-1.51698477074676	1.052738472654	0.160678183468029	0.742320035603835	sample_2022120210025
s__HROM_Genome_3472	Responder_Status	Responder	-0.711538928851403	0.494432907178457	0.161208053927161	0.743596043213425	sample_2022120210025
s__HROM_Genome_1272	Responder_Status	Responder	1.30872925240089	0.910302306180333	0.161605967821081	0.744260056839671	sample_2022120210025
s__HROM_Genome_1066	Responder_Status	Responder	-1.15610550576057	0.80551242775774	0.162295282205815	0.744393145651318	sample_2022120210025
s__Oribacterium.sinus.1	Responder_Status	Responder	-1.00599049065379	0.701238850250554	0.162479544105012	0.744393145651318	sample_2022120210025
s__Rothia.sp001808955.4	Responder_Status	Responder	2.35050793912415	1.64256288133147	0.163497210861329	0.744936803399044	sample_2022120210025
s__Lancefieldella.sp000564995.1	Responder_Status	Responder	-0.942075159603345	0.658771121941914	0.163767637646246	0.744936803399044	sample_2022120210025
s__HROM_Genome_5035	Responder_Status	Responder	-2.06287469130302	1.44262535615661	0.163797352224785	0.744936803399044	sample_2022120210025
s__HROM_Genome_5096	Responder_Status	Responder	-1.22883830504114	0.861516212335659	0.164818065670637	0.744936803399044	sample_2022120210025
s__HROM_Genome_2178	Responder_Status	Responder	-1.63956104557754	1.15201122110974	0.165721126260227	0.746704843033534	sample_2022120210025
s__Streptococcus.parasanguinis	Responder_Status	Responder	-1.21863965368969	0.857618442446933	0.166370814788958	0.747899618099821	sample_2022120210025
s__Rothia.mucilaginosa_B.3	Responder_Status	Responder	2.05396874134706	1.44771612499137	0.167003629508436	0.74854534342038	sample_2022120210025
s__Prevotella.veroralis	Responder_Status	Responder	-1.85957350805712	1.33857349497162	0.175716044977721	0.74854534342038	sample_2022120210025
s__Prevotella.sp013333285	Responder_Status	Responder	2.22721119662945	1.60051878648996	0.175014568586278	0.74854534342038	sample_2022120210025
s__Porphyromonas.sp905372525	Responder_Status	Responder	-1.52106786655603	1.07681942458058	0.168805569112813	0.74854534342038	sample_2022120210025
s__HROM_Genome_1753	Responder_Status	Responder	0.753079894325128	0.531386509460353	0.167456928436283	0.74854534342038	sample_2022120210025
s__HROM_Genome_1877	Responder_Status	Responder	-1.35997722207239	0.977771991211078	0.175213112468496	0.74854534342038	sample_2022120210025
s__Bulleidia.extructa	Responder_Status	Responder	-1.27447424448672	0.922993678729341	0.178262010127317	0.74854534342038	sample_2022120210025
s__Streptococcus.halitosis	Responder_Status	Responder	1.08118884532874	0.775043283714971	0.173982764543954	0.74854534342038	sample_2022120210025
s__Streptococcus.oralis_F	Responder_Status	Responder	-1.2003691079783	0.859593349301241	0.173555179646719	0.74854534342038	sample_2022120210025
s__Metamycoplasma.orale	Responder_Status	Responder	0.823605139504482	0.586179499617521	0.171007740296134	0.74854534342038	sample_2022120210025
s__Veillonella.atypica	Responder_Status	Responder	-1.77997865115193	1.27540416741078	0.173799323148651	0.74854534342038	sample_2022120210025
s__Veillonella.sp900552445	Responder_Status	Responder	1.43641394354865	1.02586833027814	0.172439363085923	0.74854534342038	sample_2022120210025
s__Haemophilus.aegyptius	Responder_Status	Responder	1.05484630758667	0.753344581804119	0.172432168692505	0.74854534342038	sample_2022120210025
s__HROM_Genome_5043	Responder_Status	Responder	-1.82013551093642	1.31763405748026	0.178091233312776	0.74854534342038	sample_2022120210025
s__HROM_Genome_5049	Responder_Status	Responder	-2.08371262024384	1.47487185856317	0.16873180078727	0.74854534342038	sample_2022120210025
s__HROM_Genome_5067	Responder_Status	Responder	-2.15533976837387	1.54871775254233	0.174973405525208	0.74854534342038	sample_2022120210025
s__Rothia.sp001808955.8	Responder_Status	Responder	1.49004116517546	1.08670669194494	0.181217610616615	0.75199485032463	sample_2022120210025
s__Peptidiphaga.sp905373325	Responder_Status	Responder	1.85274062313296	1.35665616293681	0.18291452986707	0.75199485032463	sample_2022120210025
s__HROM_Genome_0698	Responder_Status	Responder	0.72288089063562	0.527843784163013	0.181728307457176	0.75199485032463	sample_2022120210025
s__HROM_Genome_1359	Responder_Status	Responder	0.922618162122295	0.673900777260188	0.181860096258359	0.75199485032463	sample_2022120210025
s__HROM_Genome_2293	Responder_Status	Responder	1.21981217520414	0.890930910799412	0.181837791964682	0.75199485032463	sample_2022120210025
s__HROM_Genome_3435	Responder_Status	Responder	1.84694713811198	1.35600877406658	0.184041191669834	0.75199485032463	sample_2022120210025
s__Campylobacter_A.curvus	Responder_Status	Responder	1.63304635696391	1.209809864207	0.187880637760262	0.75532170612451	sample_2022120210025
s__HROM_Genome_1919	Responder_Status	Responder	-1.18379464764916	0.874069180911169	0.186454655281795	0.75532170612451	sample_2022120210025
s__Streptococcus.cristatus_F	Responder_Status	Responder	-1.59850233550896	1.18421877382087	0.187880695505564	0.75532170612451	sample_2022120210025
s__HROM_Genome_2847	Responder_Status	Responder	-1.46285702076129	1.08536225139819	0.188525600491966	0.75532170612451	sample_2022120210025
s__Rothia.sp001808955.7	Responder_Status	Responder	1.12263220242586	0.851276472505426	0.19793329420285	0.762968929045686	sample_2022120210025
s__HROM_Genome_1922	Responder_Status	Responder	1.58146337500269	1.20036893855123	0.198356863313789	0.762968929045686	sample_2022120210025
s__JABCPO02.sp013333105	Responder_Status	Responder	-1.72360868154914	1.30865937762195	0.198489603134765	0.762968929045686	sample_2022120210025
s__Streptococcus.cristatus_D	Responder_Status	Responder	-1.06879187161469	0.807936467738207	0.19658266025969	0.762968929045686	sample_2022120210025
s__HROM_Genome_2639	Responder_Status	Responder	-1.34706622957612	1.02007054453479	0.197340367809281	0.762968929045686	sample_2022120210025
s__Dialister.micraerophilus	Responder_Status	Responder	-0.765333132168165	0.578276935940204	0.196383965711513	0.762968929045686	sample_2022120210025
s__Haemophilus_D.pittmaniae	Responder_Status	Responder	0.631371989338071	0.477374566296633	0.196672570317217	0.762968929045686	sample_2022120210025
s__HROM_Genome_5046	Responder_Status	Responder	-2.186140934015	1.64616891014408	0.194897038345177	0.762968929045686	sample_2022120210025
s__HROM_Genome_0924	Responder_Status	Responder	-0.825485344635285	0.632417464788914	0.202420454466509	0.766425322105898	sample_2022120210025
s__W5053.sp000467935	Responder_Status	Responder	1.35075823161539	1.03497357431314	0.202478137734816	0.766425322105898	sample_2022120210025
s__Streptococcus.sp902460355.1	Responder_Status	Responder	1.15344180640692	0.884558250696759	0.202860907709842	0.766425322105898	sample_2022120210025
s__HROM_Genome_5053	Responder_Status	Responder	-0.842158584918387	0.646157576568936	0.203076880134591	0.766425322105898	sample_2022120210025
s__HROM_Genome_4908	Responder_Status	Responder	1.36226506039814	1.04943574551259	0.204846857368937	0.768036763272973	sample_2022120210025
s__Centipeda.massiliensis	Responder_Status	Responder	-1.44202068160192	1.11689363567842	0.207227400358147	0.77164765864058	sample_2022120210025
s__HROM_Genome_0396	Responder_Status	Responder	1.2123286879924	0.947990221647724	0.211451076067112	0.774003296415862	sample_2022120210025
s__Porphyromonas.pasteri	Responder_Status	Responder	2.2921931786155	1.79072671050842	0.211036730004219	0.774003296415862	sample_2022120210025
s__HROM_Genome_1692	Responder_Status	Responder	-0.691716002707464	0.53989530831375	0.210631822975033	0.774003296415862	sample_2022120210025
s__Eikenella.halliae	Responder_Status	Responder	1.24849577575725	0.978967663783103	0.21267671714138	0.775605402824971	sample_2022120210025
s__HROM_Genome_0236	Responder_Status	Responder	1.29036285852677	1.02196411617629	0.217136809685867	0.776106842676842	sample_2022120210025
s__Prevotella.conceptionensis	Responder_Status	Responder	-1.00086144134117	0.789116680430712	0.215124128237999	0.776106842676842	sample_2022120210025
s__HROM_Genome_3445	Responder_Status	Responder	0.910369423638298	0.718111011618333	0.215336473273772	0.776106842676842	sample_2022120210025
s__Haemophilus_D.parainfluenzae_J	Responder_Status	Responder	0.97284277512966	0.773071332485387	0.218634942646347	0.776730843697813	sample_2022120210025
s__Rothia.mucilaginosa.6	Responder_Status	Responder	0.786630880783282	0.630837793472665	0.222741719171346	0.777753714224242	sample_2022120210025
s__Lancefieldella.sp000564995.2	Responder_Status	Responder	0.602641275475283	0.490631357745398	0.229560249347937	0.777753714224242	sample_2022120210025
s__Lancefieldella.sp000564995.14	Responder_Status	Responder	-0.931092597489798	0.748720867323807	0.223966653524239	0.777753714224242	sample_2022120210025
s__Prevotella.sp000163055	Responder_Status	Responder	-1.20026104157993	0.981413524546518	0.231526684080121	0.777753714224242	sample_2022120210025
s__Capnocytophaga.endodontalis	Responder_Status	Responder	-1.16317646886183	0.936939004903494	0.224734080150996	0.777753714224242	sample_2022120210025
s__HROM_Genome_1342	Responder_Status	Responder	0.745929987200993	0.606793487041184	0.229190844961296	0.777753714224242	sample_2022120210025
s__HROM_Genome_1454	Responder_Status	Responder	0.525518589944246	0.424924353731445	0.226458929582955	0.777753714224242	sample_2022120210025
s__Campylobacter_A.sp905372745.1	Responder_Status	Responder	0.400759325100113	0.326893190492131	0.230423571625503	0.777753714224242	sample_2022120210025
s__Stomatobaculum.longum	Responder_Status	Responder	-2.11527055942955	1.72782481368263	0.231063401848859	0.777753714224242	sample_2022120210025
s__HROM_Genome_1912	Responder_Status	Responder	1.41152668839795	1.15200109271821	0.230676253007705	0.777753714224242	sample_2022120210025
s__Bulleidia.sp015256455	Responder_Status	Responder	1.32221747138065	1.07712927299179	0.229840869198166	0.777753714224242	sample_2022120210025
s__Streptococcus.koreensis.1	Responder_Status	Responder	1.12140451974748	0.91533532403584	0.230732877561984	0.777753714224242	sample_2022120210025
s__HROM_Genome_2123	Responder_Status	Responder	-0.961124723022735	0.785197407719256	0.231131775216007	0.777753714224242	sample_2022120210025
s__HROM_Genome_2360	Responder_Status	Responder	0.721909842629774	0.580656787773918	0.224080357195374	0.777753714224242	sample_2022120210025
s__Granulicatella.elegans	Responder_Status	Responder	-1.19217444835223	0.968467780429173	0.228566967580908	0.777753714224242	sample_2022120210025
s__Centipeda.sp001717585	Responder_Status	Responder	0.738320715629274	0.595413566246264	0.225262220590415	0.777753714224242	sample_2022120210025
s__Dialister.invisus	Responder_Status	Responder	-0.992447505204966	0.798809013585131	0.224390829147107	0.777753714224242	sample_2022120210025
s__HROM_Genome_3421	Responder_Status	Responder	-1.26983001171766	1.03547720212695	0.230290455436187	0.777753714224242	sample_2022120210025
s__Prevotella.nanceiensis	Responder_Status	Responder	1.88346615058111	1.54254771682541	0.232264608208539	0.778745293377145	sample_2022120210025
s__Nanosynbacter.sp900557595	Responder_Status	Responder	-0.702788847565188	0.575695162563799	0.232355707929667	0.778745293377145	sample_2022120210025
s__HROM_Genome_2439	Responder_Status	Responder	-0.791796555681694	0.651801856619899	0.234594952961218	0.782206600302118	sample_2022120210025
s__Selenomonas.sp905372355	Responder_Status	Responder	-1.46404043913049	1.20997800112214	0.236405727344031	0.783765579007058	sample_2022120210025
s__Campylobacter_A.concisus_O	Responder_Status	Responder	-0.793978800236072	0.658085323652684	0.237720677928649	0.786205346819122	sample_2022120210025
s__HROM_Genome_2583	Responder_Status	Responder	-0.570755367507382	0.47401999884981	0.238641206530473	0.787659260089011	sample_2022120210025
s__Peptostreptococcus.sp900759325	Responder_Status	Responder	1.62513897795034	1.35305480563653	0.239778749403205	0.78867474789611	sample_2022120210025
s__Prevotella.sp013333935	Responder_Status	Responder	-1.2743983379499	1.06454829006894	0.241294848058594	0.790986201360614	sample_2022120210025
s__Pauljensenia.cardiffensis	Responder_Status	Responder	1.6855827988831	1.41137770786667	0.242387281174937	0.791897976291017	sample_2022120210025
s__HROM_Genome_2877	Responder_Status	Responder	-0.721830256804925	0.604969262573879	0.242815942284519	0.791962826935643	sample_2022120210025
s__Actinomyces.israelii	Responder_Status	Responder	1.48508263432372	1.2467656396316	0.243595206305953	0.792295445259328	sample_2022120210025
s__Rothia.mucilaginosa.11	Responder_Status	Responder	1.10404314728702	0.931331776879402	0.245804793880107	0.794502205317068	sample_2022120210025
s__Streptococcus.gordonii	Responder_Status	Responder	-1.4154136602297	1.19693209058827	0.246938395552105	0.796069358036757	sample_2022120210025
s__HROM_Genome_1675	Responder_Status	Responder	-1.44940298141004	1.2283808484379	0.247956119360775	0.797039523161899	sample_2022120210025
s__HROM_Genome_2905	Responder_Status	Responder	-1.37755363259337	1.16960100134814	0.248791244225561	0.797754445282374	sample_2022120210025
s__Streptococcus.mitis_AI	Responder_Status	Responder	1.03904833214063	0.887513012485654	0.251570455019886	0.801423510952819	sample_2022120210025
s__HROM_Genome_2351	Responder_Status	Responder	-0.992682357419882	0.851206773718076	0.253368853272077	0.802605825637623	sample_2022120210025
s__Haemophilus_D.parainfluenzae_K	Responder_Status	Responder	0.782718886349469	0.671140391763227	0.2533504882296	0.802605825637623	sample_2022120210025
s__HROM_Genome_2573	Responder_Status	Responder	1.00259165700763	0.862630973346789	0.254945628599536	0.804112293447725	sample_2022120210025
s__Treponema_B.denticola	Responder_Status	Responder	1.1248532252595	0.96772339574695	0.254896917419508	0.804112293447725	sample_2022120210025
s__HROM_Genome_2309	Responder_Status	Responder	0.875103277589805	0.754796456163845	0.256089209720884	0.805542069391566	sample_2022120210025
s__HROM_Genome_2191	Responder_Status	Responder	1.07251581934219	0.933439289235816	0.26027943747502	0.808039809017737	sample_2022120210025
s__Streptococcus.dentisani	Responder_Status	Responder	-0.982835271167354	0.853623544434072	0.259317849976216	0.808039809017737	sample_2022120210025
s__Haemophilus_D.parainfluenzae_M	Responder_Status	Responder	1.33106812709383	1.1569568140874	0.259672951188768	0.808039809017737	sample_2022120210025
s__HROM_Genome_0258	Responder_Status	Responder	1.61236882708538	1.41550526541015	0.264323017421132	0.808346334723431	sample_2022120210025
s__Olsenella_F.sp001189515	Responder_Status	Responder	-1.2382642945773	1.08374661479055	0.262890433924187	0.808346334723431	sample_2022120210025
s__Streptococcus.sp001808705.2	Responder_Status	Responder	-0.638230255116681	0.558207539416751	0.262572319726258	0.808346334723431	sample_2022120210025
s__HROM_Genome_2658	Responder_Status	Responder	1.45582802332547	1.27363605755699	0.262697971365126	0.808346334723431	sample_2022120210025
s__Treponema_D.buccale	Responder_Status	Responder	-0.944555468087817	0.82828868955148	0.263793098515098	0.808346334723431	sample_2022120210025
s__HROM_Genome_1703	Responder_Status	Responder	-1.28110368512469	1.12741701191839	0.265456053221189	0.808741221878305	sample_2022120210025
s__Streptococcus.mitis_Q	Responder_Status	Responder	-0.971630321994488	0.855514979649218	0.265699558241767	0.808741221878305	sample_2022120210025
s__Arachnia.sp905372155	Responder_Status	Responder	1.52321943005219	1.34262265092342	0.266200055331074	0.809420178664312	sample_2022120210025
s__HROM_Genome_1696	Responder_Status	Responder	-0.586931994921944	0.520528240258255	0.269071675862198	0.811402418264427	sample_2022120210025
s__Rothia.mucilaginosa.12	Responder_Status	Responder	0.505789290894059	0.450975535259096	0.271582660377189	0.812581360840979	sample_2022120210025
s__HROM_Genome_1209	Responder_Status	Responder	1.29488796958917	1.16576823568335	0.27611973471351	0.812581360840979	sample_2022120210025
s__Campylobacter_A.concisus_C.1	Responder_Status	Responder	0.446450074756097	0.404842775357656	0.279513835442069	0.812581360840979	sample_2022120210025
s__HROM_Genome_1602	Responder_Status	Responder	-0.671537881387266	0.603982184311347	0.2756582728139	0.812581360840979	sample_2022120210025
s__HROM_Genome_1746	Responder_Status	Responder	1.40196069268994	1.25921269634947	0.275019557240872	0.812581360840979	sample_2022120210025
s__HROM_Genome_2470	Responder_Status	Responder	1.00604691617806	0.904204103688638	0.275327860364825	0.812581360840979	sample_2022120210025
s__HROM_Genome_2531	Responder_Status	Responder	-0.976413949279872	0.878004536537882	0.27555999209724	0.812581360840979	sample_2022120210025
s__HROM_Genome_2675	Responder_Status	Responder	-1.40697354083226	1.256233123258	0.27223172305522	0.812581360840979	sample_2022120210025
s__Veillonella.sp905209685	Responder_Status	Responder	-1.13112705812779	1.01173601838263	0.27306531126481	0.812581360840979	sample_2022120210025
s__Fusobacterium.nucleatum	Responder_Status	Responder	1.45108222332556	1.29420246910809	0.27171964544565	0.812581360840979	sample_2022120210025
s__Nanogingivalis.sp013333405	Responder_Status	Responder	-0.494211666578849	0.445503168343405	0.276723521402002	0.812581360840979	sample_2022120210025
s__HROM_Genome_4460	Responder_Status	Responder	-0.555288368251289	0.49532791201397	0.271788787666984	0.812581360840979	sample_2022120210025
s__HROM_Genome_4842	Responder_Status	Responder	1.25807161420317	1.12437315824116	0.272686333166226	0.812581360840979	sample_2022120210025
s__Treponema_B.sp905372345	Responder_Status	Responder	-1.39308412990272	1.24587347499797	0.273001308150619	0.812581360840979	sample_2022120210025
s__Treponema_D.sp014334335	Responder_Status	Responder	-1.48767531016736	1.34317416161283	0.27746673633488	0.812581360840979	sample_2022120210025
s__Streptococcus.oralis_AD	Responder_Status	Responder	-0.796010990635992	0.724709211821042	0.281391258176764	0.813407916392029	sample_2022120210025
s__Capnocytophaga.granulosa	Responder_Status	Responder	-1.21188442232359	1.10447768330922	0.28188061688945	0.813438872180979	sample_2022120210025
s__Corynebacterium.matruchotii	Responder_Status	Responder	-1.06175564412705	0.968637125880065	0.282358967596917	0.813612136260747	sample_2022120210025
s__Streptococcus.mitis_AX	Responder_Status	Responder	-0.870524093443459	0.795629694585719	0.283220487640654	0.814388811264812	sample_2022120210025
s__HROM_Genome_2421	Responder_Status	Responder	-0.863681616400761	0.792325407793167	0.284979623506866	0.815923394612264	sample_2022120210025
s__HROM_Genome_3432	Responder_Status	Responder	0.361076706475245	0.331417263468861	0.285224897367895	0.815923394612264	sample_2022120210025
s__HROM_Genome_5047	Responder_Status	Responder	-0.703942649118409	0.646320639114788	0.285371685157865	0.815923394612264	sample_2022120210025
s__Treponema_D.parvum	Responder_Status	Responder	-0.946200384771954	0.871853453814728	0.28705604993085	0.815923394612264	sample_2022120210025
s__Pauljensenia.hongkongensis	Responder_Status	Responder	-1.50182622150734	1.38910435133019	0.288855883937747	0.816818315221494	sample_2022120210025
s__Pauljensenia.sp000411415	Responder_Status	Responder	-1.72230751452559	1.59508507706902	0.289463000486841	0.816818315221494	sample_2022120210025
s__HROM_Genome_0501	Responder_Status	Responder	-0.399114367502113	0.3704234380895	0.290472955509422	0.816818315221494	sample_2022120210025
s__Streptococcus.mitis_BS	Responder_Status	Responder	0.810200393210736	0.751071103110043	0.289915125160601	0.816818315221494	sample_2022120210025
s__HROM_Genome_2247	Responder_Status	Responder	1.09632365823721	1.01489253079102	0.289254198242139	0.816818315221494	sample_2022120210025
s__Nanosynbacter.sp900555885.1	Responder_Status	Responder	-0.899653321084065	0.831302728166024	0.288386818838291	0.816818315221494	sample_2022120210025
s__Eubacterium_N.saphenum	Responder_Status	Responder	-1.79234137517688	1.66735889499032	0.291569621733285	0.818330323623723	sample_2022120210025
s__HROM_Genome_2541	Responder_Status	Responder	0.612674103217754	0.569848650659491	0.29148429300762	0.818330323623723	sample_2022120210025
s__HROM_Genome_1914	Responder_Status	Responder	1.1027033560305	1.02616940938969	0.291735154087173	0.818401261585891	sample_2022120210025
s__Campylobacter_A.sp905372745.2	Responder_Status	Responder	0.385562166751001	0.359333016149012	0.292434745029681	0.818909814961333	sample_2022120210025
s__HROM_Genome_1762	Responder_Status	Responder	-0.513369280012489	0.47828169740885	0.292272641974941	0.818909814961333	sample_2022120210025
s__UBA4285.sp900542465	Responder_Status	Responder	-0.819406624354088	0.764015629180681	0.292652667853758	0.819006387015192	sample_2022120210025
s__HROM_Genome_1916	Responder_Status	Responder	0.99038133550187	0.92486341710426	0.293385184346228	0.819641254914352	sample_2022120210025
s__Streptococcus.sp905221435	Responder_Status	Responder	-0.881807527528709	0.823815833687364	0.293582594396117	0.819641254914352	sample_2022120210025
s__Capnocytophaga.sputigena	Responder_Status	Responder	0.864551357297891	0.808307299379211	0.293941501976619	0.819860738065762	sample_2022120210025
s__HROM_Genome_5105	Responder_Status	Responder	-1.05259297403464	0.986550485738241	0.295111140839764	0.820769069018125	sample_2022120210025
s__HROM_Genome_0963	Responder_Status	Responder	-1.15716447910135	1.08618260901773	0.295818579374621	0.821074896062598	sample_2022120210025
s__Pauljensenia.sp902373435	Responder_Status	Responder	-1.01260996004954	0.954300200037292	0.297710827170876	0.821896672673257	sample_2022120210025
s__HROM_Genome_1042	Responder_Status	Responder	-1.43775537036936	1.35790790949243	0.298739094940879	0.821896672673257	sample_2022120210025
s__Bergeyella_A.cardium	Responder_Status	Responder	1.70893874852767	1.6188933637944	0.300164834527285	0.821896672673257	sample_2022120210025
s__Limosilactobacillus.vaginalis	Responder_Status	Responder	-1.41253563434955	1.33327721761554	0.298450745079334	0.821896672673257	sample_2022120210025
s__HROM_Genome_2424	Responder_Status	Responder	-0.874273919053619	0.822836624792818	0.297081747988996	0.821896672673257	sample_2022120210025
s__HROM_Genome_1717	Responder_Status	Responder	1.63533001526998	1.56334805937694	0.304487651457301	0.824065605868901	sample_2022120210025
s__HROM_Genome_1771	Responder_Status	Responder	-1.5429223706309	1.4735966983424	0.304033507163828	0.824065605868901	sample_2022120210025
s__Streptococcus.pseudopneumoniae_A	Responder_Status	Responder	-0.84780275582559	0.807939389271341	0.302995158328764	0.824065605868901	sample_2022120210025
s__Streptococcus.sanguinis_E	Responder_Status	Responder	1.13136539479619	1.07700153538647	0.302481282937374	0.824065605868901	sample_2022120210025
s__Actinomyces.timonensis	Responder_Status	Responder	-1.13246358428664	1.08705653153797	0.306430061286346	0.824102864864863	sample_2022120210025
s__HROM_Genome_1329	Responder_Status	Responder	0.505462563984773	0.484278972110833	0.305532570781936	0.824102864864863	sample_2022120210025
s__HROM_Genome_1878	Responder_Status	Responder	1.21199385527802	1.16159666944238	0.305694650422201	0.824102864864863	sample_2022120210025
s__Streptococcus.cristatus	Responder_Status	Responder	-0.841483168486448	0.80676300919105	0.305853761632081	0.824102864864863	sample_2022120210025
s__HROM_Genome_1888	Responder_Status	Responder	-1.18624174758764	1.14229669054568	0.307936078185658	0.824215187325855	sample_2022120210025
s__F0422.sp900766245	Responder_Status	Responder	-0.565229782003904	0.544572956413797	0.30818239516395	0.824215187325855	sample_2022120210025
s__HROM_Genome_2872	Responder_Status	Responder	-1.21785363241032	1.17375123555873	0.308346305909225	0.824215187325855	sample_2022120210025
s__Rothia.mucilaginosa.4	Responder_Status	Responder	0.858482613264234	0.836356308677132	0.313463260132588	0.82477666866392	sample_2022120210025
s__Bifidobacterium.dentium	Responder_Status	Responder	-1.500962682595	1.46783039104791	0.315264277759061	0.82477666866392	sample_2022120210025
s__HROM_Genome_0885	Responder_Status	Responder	-0.541259876653491	0.529559607111175	0.315486437845718	0.82477666866392	sample_2022120210025
s__HROM_Genome_1159	Responder_Status	Responder	-1.19329234692787	1.16955286085284	0.316322418552198	0.82477666866392	sample_2022120210025
s__HROM_Genome_1215	Responder_Status	Responder	0.938185953221436	0.919714179548888	0.316421949785694	0.82477666866392	sample_2022120210025
s__HROM_Genome_1265	Responder_Status	Responder	0.812828721043855	0.786891573012382	0.310461935389221	0.82477666866392	sample_2022120210025
s__HROM_Genome_1267	Responder_Status	Responder	0.47546600153979	0.461081852614639	0.311274187958145	0.82477666866392	sample_2022120210025
s__HROM_Genome_1828	Responder_Status	Responder	0.765126258908553	0.748197622334242	0.315239370007859	0.82477666866392	sample_2022120210025
s__Hornefia.minuta	Responder_Status	Responder	-0.837675461001187	0.822723860228589	0.317313107496504	0.82477666866392	sample_2022120210025
s__Parvimonas.micra	Responder_Status	Responder	1.15794360009948	1.13749443332807	0.317404568082888	0.82477666866392	sample_2022120210025
s__Streptococcus.salivarius	Responder_Status	Responder	-0.666491040222203	0.657113910274615	0.319138672321007	0.82477666866392	sample_2022120210025
s__Streptococcus.infantis_C	Responder_Status	Responder	-1.25805978456939	1.22322813846424	0.31252943356944	0.82477666866392	sample_2022120210025
s__HROM_Genome_2448	Responder_Status	Responder	0.581088627879074	0.565317913475024	0.312796546181624	0.82477666866392	sample_2022120210025
s__HROM_Genome_2466	Responder_Status	Responder	-0.756307839552347	0.734975034297844	0.312275444600129	0.82477666866392	sample_2022120210025
s__Pseudoleptotrichia.goodfellowii	Responder_Status	Responder	0.956833255136272	0.928051865113123	0.311358868084793	0.82477666866392	sample_2022120210025
s__HROM_Genome_4872	Responder_Status	Responder	0.581017905211148	0.569148174683839	0.316062892200731	0.82477666866392	sample_2022120210025
s__HROM_Genome_2118	Responder_Status	Responder	-0.840708765708624	0.836987182898829	0.32376546627022	0.82967566784661	sample_2022120210025
s__HROM_Genome_1275	Responder_Status	Responder	0.775467361978561	0.772547459627985	0.324081189979612	0.830120168363054	sample_2022120210025
s__Prevotella.sp018127805	Responder_Status	Responder	1.27753277981678	1.27490786385975	0.324896855051249	0.830606232811746	sample_2022120210025
s__HROM_Genome_1679	Responder_Status	Responder	-1.25960229463607	1.25813304206304	0.325319825711782	0.830606232811746	sample_2022120210025
s__Lactobacillus.iners	Responder_Status	Responder	0.950511694613178	0.949809145500984	0.325523176027261	0.830606232811746	sample_2022120210025
s__HROM_Genome_1263	Responder_Status	Responder	0.623231844086387	0.623237117991014	0.325878730006039	0.831076219224318	sample_2022120210025
s__HROM_Genome_1644	Responder_Status	Responder	-0.745165933697258	0.745859614662091	0.326317079592836	0.831429766967968	sample_2022120210025
s__Rothia.mucilaginosa.5	Responder_Status	Responder	-0.358155706531051	0.360684746044829	0.329219981185193	0.831789642737314	sample_2022120210025
s__Actinomyces.sp000220835	Responder_Status	Responder	-1.12200683452519	1.13304647877684	0.330529518727094	0.831789642737314	sample_2022120210025
s__Streptococcus.mitis_BO	Responder_Status	Responder	0.986310366115949	0.993129319800636	0.329150257433048	0.831789642737314	sample_2022120210025
s__Leptotrichia_A.sp001274535	Responder_Status	Responder	-1.02963523632251	1.03966474642141	0.330483214679052	0.831789642737314	sample_2022120210025
s__Rothia.mucilaginosa_B.4	Responder_Status	Responder	0.637542848092968	0.644861017013308	0.331300683902611	0.83181561556443	sample_2022120210025
s__Capnocytophaga.bilenii	Responder_Status	Responder	-1.38094538101926	1.39969356279681	0.332285468282845	0.832171814875303	sample_2022120210025
s__HROM_Genome_1665	Responder_Status	Responder	1.1719133914941	1.18697358893913	0.331945151674392	0.832171814875303	sample_2022120210025
s__HROM_Genome_2463	Responder_Status	Responder	1.11424326440302	1.13161373379654	0.333228622522086	0.832358310109748	sample_2022120210025
s__Scardovia.wiggsiae	Responder_Status	Responder	-1.50978029839735	1.54630306966834	0.337236685483687	0.833803415168354	sample_2022120210025
s__HROM_Genome_0382	Responder_Status	Responder	1.29470968445119	1.32253501047553	0.335982665570993	0.833803415168354	sample_2022120210025
s__Kingella_A.denitrificans	Responder_Status	Responder	1.47374238951203	1.50621083700416	0.336233693981288	0.833803415168354	sample_2022120210025
s__Haemophilus.seminalis	Responder_Status	Responder	1.13417661261945	1.15598176726698	0.334927243171384	0.833803415168354	sample_2022120210025
s__Streptococcus.symci	Responder_Status	Responder	0.632344456301482	0.64991686781481	0.338903136483589	0.835271657212072	sample_2022120210025
s__HROM_Genome_2354	Responder_Status	Responder	-0.356030888291211	0.365922473092196	0.338900195350202	0.835271657212072	sample_2022120210025
s__HROM_Genome_4817	Responder_Status	Responder	1.23300592996074	1.26885505983497	0.339496855838951	0.835497323416397	sample_2022120210025
s__Pauljensenia.sp000758755	Responder_Status	Responder	0.948460873713218	0.979446506169324	0.341153288693848	0.83592123142014	sample_2022120210025
s__HROM_Genome_2666	Responder_Status	Responder	1.00859486210043	1.04019098009212	0.340535391282123	0.83592123142014	sample_2022120210025
s__Arachnia.rubra	Responder_Status	Responder	-1.1031835475101	1.14177660833578	0.342216303557932	0.835966548998374	sample_2022120210025
s__HROM_Genome_1312	Responder_Status	Responder	0.57248354158315	0.59299947311604	0.342607692813947	0.835966548998374	sample_2022120210025
s__Actinomyces.oris_B	Responder_Status	Responder	-1.04182570330056	1.09619345678458	0.350039551836213	0.836348725216356	sample_2022120210025
s__HROM_Genome_0761	Responder_Status	Responder	-0.323382401276969	0.337326665463129	0.345934171585036	0.836348725216356	sample_2022120210025
s__Prevotella.loescheii	Responder_Status	Responder	0.957938804901608	0.994824497440909	0.34382938828856	0.836348725216356	sample_2022120210025
s__Johnsonella.ignava	Responder_Status	Responder	-1.16163122046724	1.21773761836516	0.348284646237744	0.836348725216356	sample_2022120210025
s__HROM_Genome_1843	Responder_Status	Responder	-0.489996763840571	0.512337995796579	0.347058703155742	0.836348725216356	sample_2022120210025
s__HROM_Genome_2217	Responder_Status	Responder	0.677541950073192	0.709631241113524	0.347859773575393	0.836348725216356	sample_2022120210025
s__HROM_Genome_2337	Responder_Status	Responder	-0.519907699209386	0.543677312312087	0.347115093442054	0.836348725216356	sample_2022120210025
s__Streptococcus.infantis_I.1	Responder_Status	Responder	-0.773227412941588	0.807492102659895	0.346477033093375	0.836348725216356	sample_2022120210025
s__HROM_Genome_2527	Responder_Status	Responder	-0.593876665775601	0.621536332791536	0.347503299453014	0.836348725216356	sample_2022120210025
s__Mitsuokella.sp000469545	Responder_Status	Responder	-1.22448080520911	1.27452264574691	0.34490818391682	0.836348725216356	sample_2022120210025
s__HOT.345.sp003260355	Responder_Status	Responder	-1.01182099746982	1.05140308079097	0.344110183487153	0.836348725216356	sample_2022120210025
s__Rothia.sp001808955.6	Responder_Status	Responder	0.83343716043697	0.879677489029081	0.351522877203253	0.838193852018943	sample_2022120210025
s__Prevotella.koreensis	Responder_Status	Responder	1.76993415318737	1.87535452754556	0.353351887435519	0.838193852018943	sample_2022120210025
s__Streptococcus.oralis_AC	Responder_Status	Responder	0.906135649072289	0.963027339508529	0.354791219595348	0.838193852018943	sample_2022120210025
s__Streptococcus.mitis_AD	Responder_Status	Responder	1.00449577916398	1.06741035979602	0.354723468799708	0.838193852018943	sample_2022120210025
s__HROM_Genome_2325	Responder_Status	Responder	-0.771913336890335	0.819518305356173	0.354294500256742	0.838193852018943	sample_2022120210025
s__Veillonella.nakazawae	Responder_Status	Responder	-0.904850039358632	0.96006153350726	0.354002461077172	0.838193852018943	sample_2022120210025
s__HROM_Genome_3488	Responder_Status	Responder	-0.622750774977152	0.660986252798353	0.354172338487321	0.838193852018943	sample_2022120210025
s__Neisseria.sicca_A	Responder_Status	Responder	0.906856376630996	0.959697374865371	0.352772940663278	0.838193852018943	sample_2022120210025
s__Mesocricetibacter.sp905373425	Responder_Status	Responder	1.19134082657921	1.25994028871072	0.352465299413337	0.838193852018943	sample_2022120210025
s__Nanogingivalis.gingivitcus	Responder_Status	Responder	0.459581748306513	0.488825458978374	0.355168280551961	0.838352312710637	sample_2022120210025
s__HROM_Genome_1890	Responder_Status	Responder	0.923967824409145	0.98336857059377	0.355461088134813	0.838704184903613	sample_2022120210025
s__HROM_Genome_1187	Responder_Status	Responder	1.17597416326045	1.25515786713592	0.356814615229158	0.839860137096464	sample_2022120210025
s__Rothia.sp015265375	Responder_Status	Responder	1.24117369330129	1.33772276311948	0.361427503489748	0.842308681868545	sample_2022120210025
s__Lancefieldella.sp000564995.15	Responder_Status	Responder	-0.512464051562413	0.552058405887501	0.361196686927091	0.842308681868545	sample_2022120210025
s__Porphyromonas.sp018127745	Responder_Status	Responder	-0.425879358828415	0.458676063155963	0.361085444974393	0.842308681868545	sample_2022120210025
s__HROM_Genome_1353	Responder_Status	Responder	0.75036090230962	0.807799688448514	0.360882853719702	0.842308681868545	sample_2022120210025
s__Streptococcus.gwangjuense	Responder_Status	Responder	0.708954393116555	0.761504273299516	0.359815863034206	0.842308681868545	sample_2022120210025
s__GN02.872.sp002761215	Responder_Status	Responder	-0.998218151276862	1.07550196333462	0.361266525397357	0.842308681868545	sample_2022120210025
s__HROM_Genome_2458	Responder_Status	Responder	1.4206293092823	1.53229569447896	0.361784975799918	0.842323031638095	sample_2022120210025
s__HROM_Genome_0520	Responder_Status	Responder	0.41153960419068	0.446037906987953	0.364069176808022	0.843423133157403	sample_2022120210025
s__Streptococcus.mitis_AF	Responder_Status	Responder	-0.731759413239101	0.793169721010521	0.364110175222536	0.843423133157403	sample_2022120210025
s__Centipeda.periodontii	Responder_Status	Responder	-0.857644576219905	0.929479242735814	0.36403894215556	0.843423133157403	sample_2022120210025
s__HROM_Genome_1564	Responder_Status	Responder	0.63175937865993	0.692914705509459	0.369687951910519	0.849597951712436	sample_2022120210025
s__Centipeda.felix	Responder_Status	Responder	0.904843559793653	0.993783723786949	0.370329073937699	0.850401474390583	sample_2022120210025
s__Actinomyces.naeslundii	Responder_Status	Responder	0.998239952761792	1.11636478389788	0.378843476918851	0.850456883834715	sample_2022120210025
s__Prevotella.fusca	Responder_Status	Responder	-0.874489610682516	0.970640818539409	0.375304314496724	0.850456883834715	sample_2022120210025
s__JABCPE02.sp013333875	Responder_Status	Responder	0.942495199810356	1.0379537369036	0.371610741931777	0.850456883834715	sample_2022120210025
s__Oribacterium.sinus.3	Responder_Status	Responder	0.584214590440229	0.644668440055149	0.372549694241015	0.850456883834715	sample_2022120210025
s__HROM_Genome_1815	Responder_Status	Responder	0.779287536456205	0.867107379613925	0.376465264022305	0.850456883834715	sample_2022120210025
s__CAG.793.sp013333395	Responder_Status	Responder	-1.30322850762722	1.44026417367852	0.373263139111806	0.850456883834715	sample_2022120210025
s__Lactobacillus.helveticus	Responder_Status	Responder	-1.16884540240453	1.30667803172425	0.378670645347223	0.850456883834715	sample_2022120210025
s__HROM_Genome_2112	Responder_Status	Responder	0.953352046154475	1.05475949659215	0.373782233662908	0.850456883834715	sample_2022120210025
s__Streptococcus.mitis_AV	Responder_Status	Responder	0.574482949351868	0.642072998559504	0.378557787101404	0.850456883834715	sample_2022120210025
s__HROM_Genome_2235	Responder_Status	Responder	0.304072987316075	0.337669411346634	0.375531920997149	0.850456883834715	sample_2022120210025
s__Streptococcus.mitis_AZ.1	Responder_Status	Responder	-0.84368970535319	0.947285398175218	0.380712015478451	0.850456883834715	sample_2022120210025
s__HROM_Genome_2444	Responder_Status	Responder	1.05195572192814	1.16084544836282	0.372563726753429	0.850456883834715	sample_2022120210025
s__Streptococcus.mitis_BK	Responder_Status	Responder	-0.833650100099014	0.916860140803614	0.370981567282096	0.850456883834715	sample_2022120210025
s__HROM_Genome_2582	Responder_Status	Responder	0.542516555988693	0.599878080623919	0.373510911779171	0.850456883834715	sample_2022120210025
s__HROM_Genome_2606	Responder_Status	Responder	0.674673562475039	0.753877121393299	0.378449103913932	0.850456883834715	sample_2022120210025
s__Centipeda.sp905372865	Responder_Status	Responder	-0.841002785501516	0.942157813946402	0.379660619132807	0.850456883834715	sample_2022120210025
s__Centipeda.sp000468035	Responder_Status	Responder	0.634718782892023	0.707841292901648	0.377526190573467	0.850456883834715	sample_2022120210025
s__HOT.345.sp013333295	Responder_Status	Responder	1.39568987233164	1.54653431484016	0.374509353903248	0.850456883834715	sample_2022120210025
s__HROM_Genome_4095	Responder_Status	Responder	0.300877545124558	0.334124116181047	0.375536436474595	0.850456883834715	sample_2022120210025
s__Lautropia.mirabilis	Responder_Status	Responder	1.0234700242811	1.13502253056259	0.374898289097199	0.850456883834715	sample_2022120210025
s__HROM_Genome_5082	Responder_Status	Responder	-1.27764849112618	1.4329499458366	0.380194465134976	0.850456883834715	sample_2022120210025
s__Leptotrichia.sp000469385	Responder_Status	Responder	-0.580012820429822	0.65433778727419	0.382945824606405	0.850909705475389	sample_2022120210025
s__HROM_Genome_4481	Responder_Status	Responder	-0.743701577683292	0.84151622591055	0.384349406524383	0.852081606029549	sample_2022120210025
s__Lancefieldella.sp015259105	Responder_Status	Responder	-0.292807567061496	0.333268388233364	0.38709915464149	0.852212470046307	sample_2022120210025
s__Parvimonas.sp000223315	Responder_Status	Responder	0.512529786548122	0.580618864681011	0.38489816075518	0.852212470046307	sample_2022120210025
s__HROM_Genome_2347	Responder_Status	Responder	-0.637265864015409	0.725613819125186	0.387285791572513	0.852212470046307	sample_2022120210025
s__Leptotrichia.sp002240055	Responder_Status	Responder	-1.24261695847026	1.40902792548537	0.385341058302812	0.852212470046307	sample_2022120210025
s__Eggerthia.catenaformis	Responder_Status	Responder	-0.886687174739415	1.01063469696042	0.387759024510643	0.85251466014303	sample_2022120210025
s__Rothia.mucilaginosa.9	Responder_Status	Responder	0.541688368674144	0.620864920609276	0.390370586442649	0.854713835607075	sample_2022120210025
s__HROM_Genome_2919	Responder_Status	Responder	-1.08800874570075	1.24696776915244	0.390343914623432	0.854713835607075	sample_2022120210025
s__HROM_Genome_1003	Responder_Status	Responder	-0.614568199949404	0.707092693121686	0.392155758466517	0.85696499093801	sample_2022120210025
s__HROM_Genome_1799	Responder_Status	Responder	-0.435039496850797	0.500611796920693	0.39222689577744	0.85696499093801	sample_2022120210025
s__HROM_Genome_2646	Responder_Status	Responder	-1.28089741112143	1.47627237475954	0.392958006323831	0.85696499093801	sample_2022120210025
s__Leptotrichia.hongkongensis	Responder_Status	Responder	-0.703133410980823	0.81067287583913	0.393125498158152	0.85696499093801	sample_2022120210025
s__Rothia.sp015265375.1	Responder_Status	Responder	0.460417568116609	0.533122646812503	0.395132317050366	0.858318228515674	sample_2022120210025
s__Centipeda.sp000318175	Responder_Status	Responder	-0.467101218614071	0.540719100856111	0.395009288837336	0.858318228515674	sample_2022120210025
s__Ottowia.sp001262075	Responder_Status	Responder	1.35701633770882	1.57171085015023	0.395252970012274	0.858318228515674	sample_2022120210025
s__Campylobacter_A.concisus_C	Responder_Status	Responder	-0.5186147030342	0.601647428466936	0.396015037265481	0.858511494485704	sample_2022120210025
s__HROM_Genome_1539	Responder_Status	Responder	0.303295874186161	0.352222117143808	0.396501196818283	0.858928053625518	sample_2022120210025
s__HROM_Genome_3540	Responder_Status	Responder	-0.65862588354962	0.766352761123866	0.397402380945756	0.858928053625518	sample_2022120210025
s__HROM_Genome_1368	Responder_Status	Responder	-1.4113410701857	1.64388209646613	0.397883747343793	0.859173228483248	sample_2022120210025
s__Prevotella.melaninogenica_A	Responder_Status	Responder	1.6288179122693	1.92204475155357	0.403935653890587	0.85960555604889	sample_2022120210025
s__CAJPNN01.sp905372035	Responder_Status	Responder	-1.15512661295038	1.35834793667846	0.402321462507497	0.85960555604889	sample_2022120210025
s__Streptococcus.oralis_BF	Responder_Status	Responder	-0.64729767742978	0.758708940654736	0.4008120192241	0.85960555604889	sample_2022120210025
s__HROM_Genome_2389	Responder_Status	Responder	-0.585019229981368	0.691232860162558	0.404537593300815	0.85960555604889	sample_2022120210025
s__HROM_Genome_2741	Responder_Status	Responder	-0.434746061915851	0.510641731051673	0.401785610875342	0.85960555604889	sample_2022120210025
s__HROM_Genome_3824	Responder_Status	Responder	1.16172293038177	1.3586894140117	0.399790714599951	0.85960555604889	sample_2022120210025
s__Haemophilus_D.parainfluenzae_L.1	Responder_Status	Responder	0.311462154902138	0.367802107850542	0.404275477680513	0.85960555604889	sample_2022120210025
s__Campylobacter_B.gracilis_A	Responder_Status	Responder	0.553586915099491	0.654635030184503	0.404921327159263	0.860107733518128	sample_2022120210025
s__Corynebacterium.durum	Responder_Status	Responder	0.931287470767953	1.10972400706657	0.408461609549001	0.862094786230905	sample_2022120210025
s__Porphyromonas.endodontalis	Responder_Status	Responder	-1.08138836822504	1.29092923279205	0.409302935949553	0.86290475113388	sample_2022120210025
s__HROM_Genome_5084	Responder_Status	Responder	-0.972438031085483	1.1628762005806	0.410102594418566	0.863257084571548	sample_2022120210025
s__HROM_Genome_5100	Responder_Status	Responder	-1.81673186400187	2.17498368570791	0.410628115775666	0.864051588730981	sample_2022120210025
s__HROM_Genome_3842	Responder_Status	Responder	0.638385045696511	0.764972837898664	0.411051854888443	0.864319846224888	sample_2022120210025
s__Pauljensenia.bouchesdurhonensis	Responder_Status	Responder	1.41789952528731	1.70420024815679	0.412447245540521	0.865053385708545	sample_2022120210025
s__HROM_Genome_1915	Responder_Status	Responder	-1.08645785220879	1.31253507983311	0.414808760376245	0.867219318092222	sample_2022120210025
s__Oribacterium.sp015258095	Responder_Status	Responder	-1.50761281936521	1.83244205667653	0.417611130697761	0.86903029515743	sample_2022120210025
s__Rothia.mucilaginosa.8	Responder_Status	Responder	0.225371854974259	0.275883377133683	0.420876546070752	0.870317510130913	sample_2022120210025
s__HROM_Genome_1909	Responder_Status	Responder	-0.695987279559969	0.851151864940843	0.420432376047874	0.870317510130913	sample_2022120210025
s__Aggregatibacter.actinomycetemcomitans	Responder_Status	Responder	0.835883876436926	1.02163788445257	0.420163003358285	0.870317510130913	sample_2022120210025
s__HROM_Genome_2469	Responder_Status	Responder	-0.512621933244629	0.628162265001471	0.421350910323432	0.870911286481483	sample_2022120210025
s__Pauljensenia.sp000308055.1	Responder_Status	Responder	1.164977640274	1.42928817733673	0.421908300879427	0.871072020316825	sample_2022120210025
s__HROM_Genome_0430	Responder_Status	Responder	0.832484519208088	1.02578259000563	0.423889602538934	0.871220792819542	sample_2022120210025
s__Streptococcus.mitis_E	Responder_Status	Responder	0.313810516816716	0.388569264848706	0.42612592635279	0.872436765006501	sample_2022120210025
s__Cardiobacterium.valvarum	Responder_Status	Responder	0.718220348465141	0.887612445893984	0.425246005697481	0.872436765006501	sample_2022120210025
s__Prevotella.saccharolytica	Responder_Status	Responder	-0.654082729678507	0.814397682094567	0.428654041347216	0.874024002715976	sample_2022120210025
s__Selenomonas.sp905373085	Responder_Status	Responder	-0.882670294350315	1.09911923910545	0.428698662514674	0.874024002715976	sample_2022120210025
s__Lactococcus.lactis	Responder_Status	Responder	-0.880847818879012	1.10033124967249	0.430144420210595	0.874782650899044	sample_2022120210025
s__HROM_Genome_0255	Responder_Status	Responder	1.30763678671746	1.63852150500733	0.43155310877557	0.874854382881256	sample_2022120210025
s__Lachnoanaerobaculum.orale	Responder_Status	Responder	-0.928463870394487	1.16673252505512	0.432854259362157	0.874854382881256	sample_2022120210025
s__Bulleidia.moorei	Responder_Status	Responder	0.567940564286375	0.711413572122391	0.43140023324814	0.874854382881256	sample_2022120210025
s__Granulicatella.sp001071995	Responder_Status	Responder	-0.720452816679176	0.903760585048367	0.432059392246601	0.874854382881256	sample_2022120210025
s__HROM_Genome_2656	Responder_Status	Responder	-1.05060869540585	1.31576121330366	0.431312995365393	0.874854382881256	sample_2022120210025
s__HROM_Genome_2681	Responder_Status	Responder	0.763015375881639	0.960914334052686	0.433844035989468	0.875400556182557	sample_2022120210025
s__Actinomyces.graevenitzii	Responder_Status	Responder	-0.951197385636826	1.25084341592172	0.453345115024148	0.875626860697089	sample_2022120210025
s__HROM_Genome_0349	Responder_Status	Responder	-0.686499990717782	0.897644374650091	0.450800864506543	0.875626860697089	sample_2022120210025
s__Prevotella.buccae	Responder_Status	Responder	1.07628028704031	1.3844754048811	0.443446453797156	0.875626860697089	sample_2022120210025
s__Porphyromonas.sp003640335	Responder_Status	Responder	-0.586085483264263	0.752564303680891	0.442638966186306	0.875626860697089	sample_2022120210025
s__Capnocytophaga.gingivalis	Responder_Status	Responder	0.992878035496645	1.2720925275515	0.441640952014114	0.875626860697089	sample_2022120210025
s__Capnocytophaga.sp905372595	Responder_Status	Responder	1.20227794314019	1.53612364169326	0.440390488476911	0.875626860697089	sample_2022120210025
s__HROM_Genome_1333	Responder_Status	Responder	0.37750494137719	0.494210548461012	0.45134307686801	0.875626860697089	sample_2022120210025
s__HROM_Genome_1338	Responder_Status	Responder	0.488710209700224	0.623520224886761	0.439742459868799	0.875626860697089	sample_2022120210025
s__HROM_Genome_1358	Responder_Status	Responder	0.302566961078184	0.393609515367433	0.448508047055245	0.875626860697089	sample_2022120210025
s__HROM_Genome_1372	Responder_Status	Responder	-0.702156025249672	0.914808291185158	0.449182408982457	0.875626860697089	sample_2022120210025
s__HROM_Genome_1541	Responder_Status	Responder	0.644026122189805	0.844956087019488	0.452313458485274	0.875626860697089	sample_2022120210025
s__Flexilinea.sp001717545	Responder_Status	Responder	0.819319306960209	1.06699194775757	0.448987586577836	0.875626860697089	sample_2022120210025
s__HROM_Genome_1700	Responder_Status	Responder	0.725137936260397	0.923321555208047	0.438839051968483	0.875626860697089	sample_2022120210025
s__Lachnoanaerobaculum.sp000287675	Responder_Status	Responder	0.981170696142076	1.24097547762843	0.435797290176745	0.875626860697089	sample_2022120210025
s__Lachnoanaerobaculum.gingivalis	Responder_Status	Responder	0.77109666878272	0.983774616773088	0.439729595701629	0.875626860697089	sample_2022120210025
s__Oribacterium.sinus.4	Responder_Status	Responder	0.279934474457404	0.355506083415652	0.437648084692489	0.875626860697089	sample_2022120210025
s__Peptoanaerobacter.yurii	Responder_Status	Responder	-0.827661603849357	1.06371336690433	0.443043355222911	0.875626860697089	sample_2022120210025
s__Limosilactobacillus.oris	Responder_Status	Responder	-1.10657285544954	1.400991986943	0.436253983919827	0.875626860697089	sample_2022120210025
s__Streptococcus.vestibularis	Responder_Status	Responder	-1.1804060662291	1.50476607883916	0.439365692100052	0.875626860697089	sample_2022120210025
s__HROM_Genome_2124	Responder_Status	Responder	-0.606126503261793	0.794678298382167	0.45200162258229	0.875626860697089	sample_2022120210025
s__Streptococcus.mitis_BB	Responder_Status	Responder	-0.695872943657499	0.894425507763661	0.443087423617927	0.875626860697089	sample_2022120210025
s__HROM_Genome_2262	Responder_Status	Responder	-0.653423421033619	0.844550196192555	0.445595305042214	0.875626860697089	sample_2022120210025
s__HROM_Genome_2483	Responder_Status	Responder	0.576618277645937	0.738529559799196	0.441491861263727	0.875626860697089	sample_2022120210025
s__JABCPH02.sp013333235	Responder_Status	Responder	-1.23911692519353	1.60317367572391	0.446048772084126	0.875626860697089	sample_2022120210025
s__HROM_Genome_3444	Responder_Status	Responder	0.339237996824602	0.445051816988318	0.452288142509459	0.875626860697089	sample_2022120210025
s__HROM_Genome_3455	Responder_Status	Responder	0.654060820682875	0.841830159901099	0.443702426743433	0.875626860697089	sample_2022120210025
s__HROM_Genome_4856	Responder_Status	Responder	0.708547873874638	0.927595811490403	0.451343293144087	0.875626860697089	sample_2022120210025
s__HROM_Genome_4966	Responder_Status	Responder	0.586664140877018	0.770735620991311	0.452916345534963	0.875626860697089	sample_2022120210025
s__HROM_Genome_0220	Responder_Status	Responder	0.896620329519917	1.19072620752471	0.45773303181512	0.879014054301489	sample_2022120210025
s__HROM_Genome_0225	Responder_Status	Responder	0.828130098488378	1.10194366424005	0.458611800793463	0.879014054301489	sample_2022120210025
s__HROM_Genome_0287	Responder_Status	Responder	0.344068302692309	0.462038103574182	0.462672967147949	0.879014054301489	sample_2022120210025
s__Prevotella.denticola	Responder_Status	Responder	-0.871823608346067	1.17841432916913	0.465562786723776	0.879014054301489	sample_2022120210025
s__Prevotella.pleuritidis	Responder_Status	Responder	-1.38281149229128	1.85317942238067	0.461776056951622	0.879014054301489	sample_2022120210025
s__HROM_Genome_1217	Responder_Status	Responder	1.13922163277724	1.52992361181464	0.462701940960844	0.879014054301489	sample_2022120210025
s__Oribacterium.sp013394775	Responder_Status	Responder	-0.562645578881485	0.756736959533151	0.463363411030393	0.879014054301489	sample_2022120210025
s__HROM_Genome_2039	Responder_Status	Responder	-0.60471532119416	0.814749403344865	0.464141148125347	0.879014054301489	sample_2022120210025
s__Lactobacillus.paragasseri	Responder_Status	Responder	-0.879670207427587	1.1891643902721	0.465616324271389	0.879014054301489	sample_2022120210025
s__HROM_Genome_2320	Responder_Status	Responder	0.171836313516107	0.23082708567217	0.462814472831147	0.879014054301489	sample_2022120210025
s__Staphylococcus.epidermidis	Responder_Status	Responder	0.560000443528116	0.753208543574683	0.463380573107564	0.879014054301489	sample_2022120210025
s__Fusobacterium.pseudoperiodonticum	Responder_Status	Responder	1.16230442745527	1.5739443645361	0.466376482081494	0.879014054301489	sample_2022120210025
s__HROM_Genome_2937	Responder_Status	Responder	0.881724768394663	1.19370032699836	0.466267485747745	0.879014054301489	sample_2022120210025
s__HROM_Genome_3898	Responder_Status	Responder	-0.298200197185483	0.403331516757665	0.465852548706828	0.879014054301489	sample_2022120210025
s__HROM_Genome_4230	Responder_Status	Responder	-0.181373806861784	0.244193925023796	0.463822405652636	0.879014054301489	sample_2022120210025
s__Haemophilus_D.sp001815355	Responder_Status	Responder	0.787079770425074	1.07139907907536	0.468674356631375	0.880542144967984	sample_2022120210025
s__HROM_Genome_0395	Responder_Status	Responder	-0.628117795758148	0.859196935834974	0.470821188971595	0.881090967815669	sample_2022120210025
s__HOT.345.sp013333605	Responder_Status	Responder	-0.957251907230581	1.30901762736549	0.470687229378991	0.881090967815669	sample_2022120210025
s__HROM_Genome_2460	Responder_Status	Responder	0.633472858985028	0.868351988579095	0.471747869117862	0.881976551202412	sample_2022120210025
s__HROM_Genome_2355	Responder_Status	Responder	-0.493706780661525	0.677424020390723	0.472176136254182	0.882325986024576	sample_2022120210025
s__Streptococcus.thermophilus	Responder_Status	Responder	0.867712343180616	1.19292829319144	0.473031735407823	0.882775889522252	sample_2022120210025
s__Rothia.mucilaginosa_B.6	Responder_Status	Responder	0.43665517654355	0.606738295410458	0.477688898688717	0.884778445179911	sample_2022120210025
s__Alloprevotella.sp003639005	Responder_Status	Responder	-1.25362662363937	1.74063136660319	0.477363152475307	0.884778445179911	sample_2022120210025
s__Capnocytophaga.leadbetteri	Responder_Status	Responder	0.909706979185896	1.26227661356768	0.477076102083311	0.884778445179911	sample_2022120210025
s__HROM_Genome_0485	Responder_Status	Responder	0.565488080381323	0.795495185641069	0.483049067740448	0.885801407888884	sample_2022120210025
s__HROM_Genome_1089	Responder_Status	Responder	0.770420659774614	1.08421756483745	0.483223239440014	0.885801407888884	sample_2022120210025
s__Campylobacter_A.concisus_M	Responder_Status	Responder	0.245411059142704	0.348390633587513	0.486993312771703	0.885801407888884	sample_2022120210025
s__Campylobacter_A.concisus_G	Responder_Status	Responder	0.384933833568475	0.544604315137271	0.485523252288942	0.885801407888884	sample_2022120210025
s__Lactococcus.cremoris	Responder_Status	Responder	-0.40807282641801	0.576395075245663	0.484813478310791	0.885801407888884	sample_2022120210025
s__HROM_Genome_2245	Responder_Status	Responder	0.55830233728356	0.787325014719468	0.48411752377162	0.885801407888884	sample_2022120210025
s__Streptococcus.sinensis	Responder_Status	Responder	-0.721428849194093	1.02754513636457	0.488418928006205	0.885801407888884	sample_2022120210025
s__HROM_Genome_2747	Responder_Status	Responder	0.25934946282054	0.365227617927167	0.483512494965477	0.885801407888884	sample_2022120210025
s__HROM_Genome_2914	Responder_Status	Responder	1.11009490014503	1.56497927044023	0.483981733187662	0.885801407888884	sample_2022120210025
s__HROM_Genome_4502	Responder_Status	Responder	-0.60582478885844	0.859925884296894	0.486935288720624	0.885801407888884	sample_2022120210025
s__Lautropia.dentalis	Responder_Status	Responder	0.762184442561152	1.0713161416415	0.482692933273429	0.885801407888884	sample_2022120210025
s__HROM_Genome_4940	Responder_Status	Responder	0.428973135550866	0.606697453508983	0.485370949301916	0.885801407888884	sample_2022120210025
s__Parascardovia.denticolens	Responder_Status	Responder	1.05609515738965	1.51523357092599	0.491558871397118	0.886346351623642	sample_2022120210025
s__Prevotella.seregens	Responder_Status	Responder	0.998733366752201	1.43406075619377	0.491896498133483	0.886346351623642	sample_2022120210025
s__HROM_Genome_2358	Responder_Status	Responder	0.319841200031559	0.458896610104951	0.491562738970997	0.886346351623642	sample_2022120210025
s__Aggregatibacter.segnis	Responder_Status	Responder	0.702889351786144	1.00443148098139	0.48983316744795	0.886346351623642	sample_2022120210025
s__Porphyromonas.sp000467855	Responder_Status	Responder	0.804434868887035	1.17352497090404	0.49867384437868	0.886581926249115	sample_2022120210025
s__Lachnoanaerobaculum.saburreum	Responder_Status	Responder	-0.626928388518412	0.91019450571186	0.496626649104091	0.886581926249115	sample_2022120210025
s__Stomatobaculum.longum_A	Responder_Status	Responder	-1.08714488285477	1.57330753994584	0.495259064587342	0.886581926249115	sample_2022120210025
s__Streptococcus.sp000314795	Responder_Status	Responder	-0.524232703962578	0.76020999168641	0.496128299586292	0.886581926249115	sample_2022120210025
s__HROM_Genome_2107	Responder_Status	Responder	0.74730750314197	1.08543287018711	0.496810797986523	0.886581926249115	sample_2022120210025
s__Streptococcus.pseudopneumoniae_M	Responder_Status	Responder	-0.604592784327953	0.879369704817659	0.497405086080462	0.886581926249115	sample_2022120210025
s__Streptococcus.oralis_BK	Responder_Status	Responder	-0.585132834487153	0.852778802694447	0.498262375338819	0.886581926249115	sample_2022120210025
s__Streptococcus.sanguinis_G	Responder_Status	Responder	0.492569206825472	0.713542025624467	0.49567851072938	0.886581926249115	sample_2022120210025
s__HROM_Genome_2530	Responder_Status	Responder	0.406947797768586	0.585998991444306	0.493121621767531	0.886581926249115	sample_2022120210025
s__HROM_Genome_4015	Responder_Status	Responder	-0.260447007689624	0.377773568774814	0.496229342715723	0.886581926249115	sample_2022120210025
s__Neisseria.sp000090875	Responder_Status	Responder	-1.30382538245266	1.89348808751685	0.496751355981291	0.886581926249115	sample_2022120210025
s__HROM_Genome_2315	Responder_Status	Responder	-0.474735040344737	0.695445314348309	0.500446972531978	0.887225913236172	sample_2022120210025
s__HROM_Genome_4463	Responder_Status	Responder	0.360012371531279	0.527711557856748	0.500708643065418	0.887225913236172	sample_2022120210025
s__HROM_Genome_2729	Responder_Status	Responder	-0.707303852060729	1.03735507291383	0.500945536282212	0.887283329172827	sample_2022120210025
s__Lancefieldella.sp000564995.16	Responder_Status	Responder	-0.399235284542202	0.586202001990817	0.501431335825145	0.88758831576152	sample_2022120210025
s__Rothia.mucilaginosa.7	Responder_Status	Responder	0.812237027635298	1.19800804705058	0.503343033638515	0.887697655285974	sample_2022120210025
s__Campylobacter_A.concisus_AF	Responder_Status	Responder	0.524706605208976	0.773994818877206	0.503386484648731	0.887697655285974	sample_2022120210025
s__Oribacterium.sp000160135	Responder_Status	Responder	0.821707952657113	1.21467850599022	0.504285112000897	0.887697655285974	sample_2022120210025
s__Stomatobaculum.longum_A.1	Responder_Status	Responder	-0.967911629161845	1.43092623614334	0.504321804159898	0.887697655285974	sample_2022120210025
s__Streptococcus.mitis_C	Responder_Status	Responder	-0.320081979452343	0.472547938267325	0.503740398797145	0.887697655285974	sample_2022120210025
s__Bacteroides_D.sp905373475	Responder_Status	Responder	-1.02274425112604	1.52984100894638	0.509269830013427	0.890183227616102	sample_2022120210025
s__HROM_Genome_1101	Responder_Status	Responder	0.644269873812921	0.959357454957955	0.507364667421579	0.890183227616102	sample_2022120210025
s__HROM_Genome_1855	Responder_Status	Responder	0.862972901265771	1.29546804228518	0.510768371218288	0.890183227616102	sample_2022120210025
s__Streptococcus.oralis.4	Responder_Status	Responder	-0.252294845134479	0.377847634042823	0.509781574766313	0.890183227616102	sample_2022120210025
s__HROM_Genome_4915	Responder_Status	Responder	-0.927365143992903	1.38932135164168	0.509920422798678	0.890183227616102	sample_2022120210025
s__Pauljensenia.odontolytica	Responder_Status	Responder	0.708916637847818	1.06701597961564	0.511874435681903	0.890711947424972	sample_2022120210025
s__HROM_Genome_1111	Responder_Status	Responder	-0.690310673659419	1.03761513605719	0.511311046613772	0.890711947424972	sample_2022120210025
s__Ligilactobacillus.salivarius	Responder_Status	Responder	1.02471288110219	1.54314979471619	0.512096317803509	0.890711947424972	sample_2022120210025
s__Fusobacterium.massiliense	Responder_Status	Responder	0.592663652048487	0.892615142735851	0.512144581054891	0.890711947424972	sample_2022120210025
s__Peptidiphaga.gingivicola	Responder_Status	Responder	-0.885555367312813	1.34167040503267	0.514621850641695	0.891805481338827	sample_2022120210025
s__HROM_Genome_2562	Responder_Status	Responder	0.497022153584445	0.753020060660676	0.514622502840427	0.891805481338827	sample_2022120210025
s__Staphylococcus.aureus	Responder_Status	Responder	0.682959357907075	1.03482281985199	0.514661257575235	0.891805481338827	sample_2022120210025
s__HROM_Genome_2185	Responder_Status	Responder	0.777156161095749	1.18679213950207	0.517916050488956	0.893037870745585	sample_2022120210025
s__Streptococcus.anginosus	Responder_Status	Responder	-0.754897613559029	1.15047670841274	0.51707708366888	0.893037870745585	sample_2022120210025
s__Streptococcus.constellatus	Responder_Status	Responder	-0.572408884465714	0.875241087908227	0.518446704761332	0.893082140723316	sample_2022120210025
s__HROM_Genome_2274	Responder_Status	Responder	0.442633833246403	0.678240094561289	0.519323196123589	0.893337114471327	sample_2022120210025
s__HROM_Genome_2428	Responder_Status	Responder	-0.65671674456547	1.00733697426837	0.519760163333168	0.893337114471327	sample_2022120210025
s__Centipeda.sp000286455	Responder_Status	Responder	0.563509602249366	0.864387081149951	0.519769954076807	0.893337114471327	sample_2022120210025
s__HROM_Genome_1924	Responder_Status	Responder	0.656531051604234	1.01485317826147	0.522950736385132	0.893564989895414	sample_2022120210025
s__Streptococcus.mitis_BQ	Responder_Status	Responder	-0.573521665053711	0.884544405570146	0.522020953266402	0.893564989895414	sample_2022120210025
s__HROM_Genome_3459	Responder_Status	Responder	0.218244166723723	0.336740148139534	0.522194468037408	0.893564989895414	sample_2022120210025
s__HROM_Genome_5044	Responder_Status	Responder	-0.823612092673097	1.27213099547494	0.522628795469973	0.893564989895414	sample_2022120210025
s__Micrococcus.luteus	Responder_Status	Responder	-0.379549398373987	0.590577259835286	0.525662921214415	0.896976305884074	sample_2022120210025
s__Prevotella.aurantiaca	Responder_Status	Responder	-1.24488275494163	1.96311359293299	0.531138582855497	0.90045226585371	sample_2022120210025
s__HROM_Genome_2678	Responder_Status	Responder	0.294301973502293	0.463916963103276	0.530979027550255	0.90045226585371	sample_2022120210025
s__HROM_Genome_2093	Responder_Status	Responder	-0.522988710541133	0.828883049257127	0.533186281342408	0.900797568286998	sample_2022120210025
s__Streptococcus.mitis_AY	Responder_Status	Responder	0.419991816494853	0.665491592155992	0.533093403320533	0.900797568286998	sample_2022120210025
s__HROM_Genome_2683	Responder_Status	Responder	0.78544867877693	1.24384830493589	0.532857274958255	0.900797568286998	sample_2022120210025
s__Actinomyces.sp900323545	Responder_Status	Responder	1.09180536782576	1.73727988542431	0.534798052475595	0.901260286261708	sample_2022120210025
s__Oribacterium.parvum	Responder_Status	Responder	0.853558299552376	1.36867324253105	0.537912329323001	0.902968481472874	sample_2022120210025
s__Streptococcus.sanguinis_F	Responder_Status	Responder	0.519836989850123	0.832337699434338	0.537322452041078	0.902968481472874	sample_2022120210025
s__HROM_Genome_2199	Responder_Status	Responder	-0.510960433486119	0.82002231971037	0.538257916803509	0.903288738725475	sample_2022120210025
s__Rothia.sp001808955.5	Responder_Status	Responder	0.485586886716729	0.781809316691535	0.539553379104297	0.903541255389162	sample_2022120210025
s__Actinomyces.oris_E	Responder_Status	Responder	-0.837664602722467	1.34678194885317	0.538990412545171	0.903541255389162	sample_2022120210025
s__Neisseria.subflava_C	Responder_Status	Responder	1.12459575327564	1.81501097959491	0.540525460623765	0.903541255389162	sample_2022120210025
s__HROM_Genome_2183	Responder_Status	Responder	-0.551180613091411	0.894140481970864	0.542586433109801	0.90490050359245	sample_2022120210025
s__Lancefieldella.sp000564995.18	Responder_Status	Responder	-0.307034537439706	0.498616419779706	0.54301789087415	0.904972591244629	sample_2022120210025
s__HROM_Genome_1683	Responder_Status	Responder	-0.607390309708469	0.990574394679824	0.544713096838353	0.905318844883794	sample_2022120210025
s__HROM_Genome_2395	Responder_Status	Responder	0.593594699479413	0.971389701252678	0.546077401212024	0.905396740151813	sample_2022120210025
s__Eikenella.corrodens	Responder_Status	Responder	0.79220858732208	1.29772147459535	0.546479884444419	0.905422879701032	sample_2022120210025
s__HROM_Genome_1030	Responder_Status	Responder	-0.588600066365689	0.971880161928894	0.549638404211487	0.905715924477274	sample_2022120210025
s__HROM_Genome_4852	Responder_Status	Responder	0.810589811974884	1.33790433423385	0.549484532155726	0.905715924477274	sample_2022120210025
s__HROM_Genome_2622	Responder_Status	Responder	0.529100260943579	0.873977996444644	0.549793719281777	0.905716079053972	sample_2022120210025
s__Rothia.mucilaginosa	Responder_Status	Responder	0.503077974980541	0.842037935088134	0.555006486846163	0.907025432227154	sample_2022120210025
s__Actinomyces.oris	Responder_Status	Responder	0.610367296664256	1.01517281452046	0.552513959768614	0.907025432227154	sample_2022120210025
s__HROM_Genome_1684	Responder_Status	Responder	-1.23099211271708	2.06011950231087	0.554952879109495	0.907025432227154	sample_2022120210025
s__Streptococcus.oralis	Responder_Status	Responder	-0.482227172572417	0.807474939732901	0.555170350352666	0.907025432227154	sample_2022120210025
s__HROM_Genome_2600	Responder_Status	Responder	0.5626906031929	0.940560459414089	0.554481803260203	0.907025432227154	sample_2022120210025
s__HROM_Genome_3523	Responder_Status	Responder	-0.339056130487795	0.566791780071342	0.554513413959858	0.907025432227154	sample_2022120210025
s__HROM_Genome_4896	Responder_Status	Responder	0.479295734031397	0.804557605367573	0.556143656877608	0.907025432227154	sample_2022120210025
s__Pauljensenia.sp001838165	Responder_Status	Responder	-0.686048123988911	1.1556263281808	0.557506029411386	0.907382142825857	sample_2022120210025
s__HROM_Genome_3457	Responder_Status	Responder	0.207505939916662	0.349248044654691	0.55718188643366	0.907382142825857	sample_2022120210025
s__HROM_Genome_0960	Responder_Status	Responder	-0.520018315738872	0.883228057839142	0.560735690282523	0.907757349517187	sample_2022120210025
s__Scardovia.inopinata	Responder_Status	Responder	-0.677361786220923	1.1574252411658	0.563079222273596	0.90929439139525	sample_2022120210025
s__Streptococcus.agalactiae	Responder_Status	Responder	-0.560859981225765	0.958209192976445	0.563019917953658	0.90929439139525	sample_2022120210025
s__Treponema.sp000775995	Responder_Status	Responder	-0.4403019698685	0.752562098414933	0.563185934961856	0.90929439139525	sample_2022120210025
s__Peptoanaerobacter.stomatis	Responder_Status	Responder	-0.720450618798409	1.23260986262571	0.563569642284705	0.909496061152318	sample_2022120210025
s__Streptococcus.oralis.1	Responder_Status	Responder	-0.589587004876168	1.01212492274483	0.564875781173686	0.910762692221182	sample_2022120210025
s__HROM_Genome_2618	Responder_Status	Responder	0.430582636132071	0.743200972812194	0.566977258991349	0.912194442383597	sample_2022120210025
s__Fusobacterium.periodonticum	Responder_Status	Responder	0.580360993537855	1.00382279725357	0.567783549501556	0.912425505739901	sample_2022120210025
s__HROM_Genome_0351	Responder_Status	Responder	-0.795278412388743	1.38391790305751	0.570111945721151	0.913622725878829	sample_2022120210025
s__HROM_Genome_1341	Responder_Status	Responder	0.409269002026189	0.716759757066697	0.572555269657605	0.913819995317199	sample_2022120210025
s__Lancefieldella.sp000564995.5	Responder_Status	Responder	-0.466606898583938	0.821849656553303	0.574728051196605	0.915040885769525	sample_2022120210025
s__HROM_Genome_2832	Responder_Status	Responder	-0.448341476668853	0.790606950516879	0.575174909984225	0.915040885769525	sample_2022120210025
s__Prevotella.nigrescens	Responder_Status	Responder	-0.583728734643281	1.03237418528557	0.576288887256852	0.91513846351682	sample_2022120210025
s__HROM_Genome_1701	Responder_Status	Responder	0.630707169728127	1.11420802185625	0.575862953463441	0.91513846351682	sample_2022120210025
s__Porphyromonas.catoniae	Responder_Status	Responder	0.596714623501155	1.05676684605458	0.576800781679192	0.915139973279088	sample_2022120210025
s__HROM_Genome_2443	Responder_Status	Responder	0.450353863693358	0.797837058813038	0.576929733488832	0.915139973279088	sample_2022120210025
s__Streptococcus.xiaochunlingii	Responder_Status	Responder	-0.515431148291508	0.922013089945259	0.580586729533042	0.917128632761603	sample_2022120210025
s__HROM_Genome_0224	Responder_Status	Responder	-0.728972544089993	1.31290396945696	0.583141909611523	0.91834894360452	sample_2022120210025
s__Prevotella.sp000599605	Responder_Status	Responder	-1.17791976794073	2.12343832809348	0.583488689527726	0.91834894360452	sample_2022120210025
s__Streptococcus.pneumoniae	Responder_Status	Responder	-0.37691682333997	0.68288975333433	0.585365672705252	0.91834894360452	sample_2022120210025
s__HROM_Genome_2437	Responder_Status	Responder	0.391717170708138	0.710020482738269	0.585531615074792	0.91834894360452	sample_2022120210025
s__HROM_Genome_2750	Responder_Status	Responder	0.440096059462439	0.795930058369496	0.584697206494865	0.91834894360452	sample_2022120210025
s__HROM_Genome_4895	Responder_Status	Responder	-0.603730649405902	1.09133014941912	0.584512680112026	0.91834894360452	sample_2022120210025
s__Fannyhessea.vaginae	Responder_Status	Responder	0.210346862163607	0.385305491142929	0.589442909510845	0.918478291872925	sample_2022120210025
s__HROM_Genome_0934	Responder_Status	Responder	-0.254857677526302	0.466796748915088	0.589409607484728	0.918478291872925	sample_2022120210025
s__Prevotella.multiformis	Responder_Status	Responder	-0.843251785474007	1.54582119089119	0.589726595861564	0.918478291872925	sample_2022120210025
s__HROM_Genome_1356	Responder_Status	Responder	0.352984924338063	0.646543196085068	0.589419230889579	0.918478291872925	sample_2022120210025
s__Streptococcus.infantis_F	Responder_Status	Responder	-0.336433490979342	0.612990247951874	0.587465686559691	0.918478291872925	sample_2022120210025
s__Leptotrichia.sp018128225	Responder_Status	Responder	0.729009193665921	1.32570886657804	0.586747083279794	0.918478291872925	sample_2022120210025
s__HROM_Genome_2869	Responder_Status	Responder	-0.407705012322467	0.748026014854017	0.590040652253193	0.918478291872925	sample_2022120210025
s__HROM_Genome_3564	Responder_Status	Responder	-0.298423325426505	0.546526524615461	0.589365590409416	0.918478291872925	sample_2022120210025
s__Tannerella.forsythia	Responder_Status	Responder	0.749615833463987	1.38229395960552	0.591903294738281	0.918727690431493	sample_2022120210025
s__HROM_Genome_2110	Responder_Status	Responder	0.443041448575613	0.817220770095792	0.592016472326035	0.918727690431493	sample_2022120210025
s__Streptococcus.sanguinis_C	Responder_Status	Responder	-0.630640125392667	1.16260625051588	0.591809422701208	0.918727690431493	sample_2022120210025
s__Pauljensenia.pyogenes_A	Responder_Status	Responder	0.584260068683162	1.08379051961441	0.594086102814973	0.918762896879238	sample_2022120210025
s__Eubacterium_M.brachy	Responder_Status	Responder	-0.579481211049465	1.07357602995659	0.593624724037113	0.918762896879238	sample_2022120210025
s__HROM_Genome_2312	Responder_Status	Responder	0.379808508454727	0.704024202399044	0.593818772948369	0.918762896879238	sample_2022120210025
s__HROM_Genome_2482	Responder_Status	Responder	0.241034963211697	0.445553360451293	0.59280040476314	0.918762896879238	sample_2022120210025
s__HROM_Genome_0252	Responder_Status	Responder	0.889251189811804	1.66137255598919	0.596702282340401	0.919627568930031	sample_2022120210025
s__HROM_Genome_1214	Responder_Status	Responder	-0.705632572766398	1.33103400576261	0.600195122147747	0.919627568930031	sample_2022120210025
s__HROM_Genome_1766	Responder_Status	Responder	-0.346607998010353	0.64995568873629	0.598048103320547	0.919627568930031	sample_2022120210025
s__HROM_Genome_1853	Responder_Status	Responder	0.389559185667913	0.732370767015609	0.598980191177872	0.919627568930031	sample_2022120210025
s__Fusobacterium.nucleatum_J	Responder_Status	Responder	0.603174577652113	1.1388831356865	0.600550448776228	0.919627568930031	sample_2022120210025
s__HROM_Genome_4057	Responder_Status	Responder	-0.142516714873416	0.265997800006194	0.596340298076291	0.919627568930031	sample_2022120210025
s__Fretibacterium.fastidiosum	Responder_Status	Responder	-0.784493824904837	1.46841509981632	0.597388597127401	0.919627568930031	sample_2022120210025
s__Rothia.mucilaginosa.3	Responder_Status	Responder	0.31095909323729	0.596665546435303	0.606352055778817	0.920067938504412	sample_2022120210025
s__Rothia.dentocariosa	Responder_Status	Responder	-0.520657214393476	0.997797024865514	0.605908508689269	0.920067938504412	sample_2022120210025
s__Actinomyces.radicidentis	Responder_Status	Responder	0.617738605794036	1.18468164459292	0.606161620097683	0.920067938504412	sample_2022120210025
s__HROM_Genome_0712	Responder_Status	Responder	-0.556272759546942	1.06068985090824	0.604097088456858	0.920067938504412	sample_2022120210025
s__F0058.sp905372135	Responder_Status	Responder	-0.729979999783237	1.40247006715804	0.606809676562336	0.920067938504412	sample_2022120210025
s__Campylobacter_A.rectus	Responder_Status	Responder	0.681476985028557	1.30612225457863	0.605943454599668	0.920067938504412	sample_2022120210025
s__Oribacterium.sinus	Responder_Status	Responder	-0.377396816538697	0.720185047811271	0.604383130372072	0.920067938504412	sample_2022120210025
s__HROM_Genome_2044	Responder_Status	Responder	0.763765437367833	1.45540582529025	0.60386787673681	0.920067938504412	sample_2022120210025
s__Leptotrichia_A.sp000469505	Responder_Status	Responder	0.813441220784136	1.55474582095528	0.604952124774012	0.920067938504412	sample_2022120210025
s__Aggregatibacter.aphrophilus	Responder_Status	Responder	-0.71207156140025	1.36627138184707	0.606340200738513	0.920067938504412	sample_2022120210025
s__HROM_Genome_2671	Responder_Status	Responder	0.623107877363237	1.20454280466957	0.609010757459204	0.921336407300466	sample_2022120210025
s__HROM_Genome_2106	Responder_Status	Responder	-0.518224843242089	1.00349796944909	0.609617017665868	0.921532460642575	sample_2022120210025
s__Streptococcus.parasanguinis_A	Responder_Status	Responder	-0.413298590776321	0.800277181928431	0.609599183912765	0.921532460642575	sample_2022120210025
s__Eubacterium_B.infirmum	Responder_Status	Responder	0.614966812274744	1.20015099515772	0.61238417337764	0.924039734072544	sample_2022120210025
s__HROM_Genome_1264	Responder_Status	Responder	0.381394180511824	0.750013167735058	0.615074573025967	0.925136502715526	sample_2022120210025
s__Rothia.sp001808955	Responder_Status	Responder	0.463630054019058	0.917706654005686	0.617368513325578	0.926299300209669	sample_2022120210025
s__HROM_Genome_1742	Responder_Status	Responder	-0.176809904107812	0.349983712786006	0.617375727706371	0.926299300209669	sample_2022120210025
s__HROM_Genome_3436	Responder_Status	Responder	0.21489143966473	0.425103687388353	0.617161565984665	0.926299300209669	sample_2022120210025
s__HROM_Genome_1707	Responder_Status	Responder	0.37682050105596	0.749837517205046	0.619220114025654	0.926366607809649	sample_2022120210025
s__Parvimonas.sp000214475	Responder_Status	Responder	0.416282403233872	0.829364844156533	0.619641623013035	0.926366607809649	sample_2022120210025
s__Streptococcus.rubneri	Responder_Status	Responder	0.573984426948575	1.14027242944081	0.618638027435205	0.926366607809649	sample_2022120210025
s__Streptococcus.mitis_BM	Responder_Status	Responder	-0.492063919642537	0.980339546564086	0.619639561437689	0.926366607809649	sample_2022120210025
s__Streptococcus.cristatus_B	Responder_Status	Responder	0.502067767707722	0.999492320811873	0.619368290223324	0.926366607809649	sample_2022120210025
s__Streptococcus.sp902363395	Responder_Status	Responder	0.477510439240196	0.953710788236634	0.62050466276244	0.927020843992923	sample_2022120210025
s__Actinomyces.sp001278845	Responder_Status	Responder	-0.549270628440269	1.10165676202375	0.621965368059142	0.927849115350365	sample_2022120210025
s__HROM_Genome_2405	Responder_Status	Responder	0.522088530036997	1.05040035488584	0.623042921539789	0.928359409393429	sample_2022120210025
s__Capnocytophaga.sp000192225	Responder_Status	Responder	0.526867012657455	1.06682600235961	0.625254229381504	0.930101338453826	sample_2022120210025
s__Lancefieldella.sp000564995.13	Responder_Status	Responder	-0.279733744538382	0.567476305291002	0.625896334430674	0.930549376879973	sample_2022120210025
s__Bacteroides.heparinolyticus	Responder_Status	Responder	-0.747528323264286	1.51943891137158	0.626571091496799	0.930832273019387	sample_2022120210025
s__Gemella.sp002871655	Responder_Status	Responder	0.570209044229132	1.16088466866893	0.627123771303064	0.931348232515494	sample_2022120210025
s__Peptostreptococcus.stomatis	Responder_Status	Responder	0.706741718277417	1.44407594626538	0.628365422550065	0.932480223952093	sample_2022120210025
s__HROM_Genome_1688	Responder_Status	Responder	-0.290541389236872	0.595395472522668	0.629363177777067	0.932593265837821	sample_2022120210025
s__Streptococcus.oralis_BH	Responder_Status	Responder	-0.208550385071761	0.426559863889928	0.628711591434056	0.932593265837821	sample_2022120210025
s__Streptococcus.oralis_BO	Responder_Status	Responder	0.590418780075107	1.20833481091575	0.628914696794673	0.932593265837821	sample_2022120210025
s__Kingella_B.oralis	Responder_Status	Responder	0.515494320770187	1.05868019835959	0.630103952120531	0.932593265837821	sample_2022120210025
s__Treponema.medium	Responder_Status	Responder	0.423967204695381	0.871641651693457	0.630468484262275	0.932593265837821	sample_2022120210025
s__Streptococcus.oralis_BC	Responder_Status	Responder	-0.400741211553973	0.827714098749289	0.632041958519065	0.933661981761707	sample_2022120210025
s__HROM_Genome_4818	Responder_Status	Responder	0.906807796736855	1.87721766286361	0.632809252497446	0.93408600767078	sample_2022120210025
s__Streptococcus.infantis_H	Responder_Status	Responder	-0.488594545354886	1.01199646052618	0.632989358352405	0.934115555383481	sample_2022120210025
s__Anaeroglobus.geminatus	Responder_Status	Responder	0.469146550035485	0.976456805204287	0.634634367639644	0.934378852214732	sample_2022120210025
s__Centipeda.infelix	Responder_Status	Responder	-0.431886488770503	0.900884006755655	0.635375261673949	0.93456381443597	sample_2022120210025
s__Treponema_D.sp014334325	Responder_Status	Responder	0.567874124718008	1.18409344342574	0.635247027272106	0.93456381443597	sample_2022120210025
s__Pauljensenia.georgiae	Responder_Status	Responder	0.59453762658059	1.24139164388974	0.635708704551491	0.934604351177782	sample_2022120210025
s__Prevotella.pallens	Responder_Status	Responder	0.487381242457713	1.02578506805251	0.638379781212763	0.934613438391795	sample_2022120210025
s__Capnocytophaga.sp000466425	Responder_Status	Responder	-0.777080682495141	1.6336303809356	0.637994679254217	0.934613438391795	sample_2022120210025
s__Streptococcus.dentisani.1	Responder_Status	Responder	0.303281307252286	0.635511799231301	0.636906804209309	0.934613438391795	sample_2022120210025
s__HROM_Genome_5041	Responder_Status	Responder	-0.981040156395632	2.05163874753922	0.636238820534701	0.934613438391795	sample_2022120210025
s__Pauljensenia.marseillensis	Responder_Status	Responder	0.497640740792957	1.06525012101649	0.644001517672534	0.934741728970825	sample_2022120210025
s__HROM_Genome_1316	Responder_Status	Responder	0.357972666378733	0.760571625453746	0.641527636437102	0.934741728970825	sample_2022120210025
s__HROM_Genome_1704	Responder_Status	Responder	0.702017428625378	1.5064277702133	0.644810032284822	0.934741728970825	sample_2022120210025
s__Streptococcus.australis	Responder_Status	Responder	0.472947078582169	1.0019154621326	0.640554337394572	0.934741728970825	sample_2022120210025
s__Streptococcus.oralis_C	Responder_Status	Responder	-0.286578372856229	0.613794535672651	0.644186888612914	0.934741728970825	sample_2022120210025
s__HROM_Genome_4825	Responder_Status	Responder	0.485400937138974	1.0373714956766	0.643467643768188	0.934741728970825	sample_2022120210025
s__HROM_Genome_4912	Responder_Status	Responder	0.494964837290427	1.06810722650841	0.64665709612665	0.935177534278005	sample_2022120210025
s__HROM_Genome_0217	Responder_Status	Responder	0.447834851646077	0.967488551132602	0.647025104480705	0.935429010070593	sample_2022120210025
s__HROM_Genome_0795	Responder_Status	Responder	0.13346767442037	0.289753257574752	0.648625145680135	0.935764635840101	sample_2022120210025
s__Tannerella.sp003033925	Responder_Status	Responder	-0.529875698699494	1.15371090334133	0.649579379043226	0.935764635840101	sample_2022120210025
s__Metamycoplasma.salivarium	Responder_Status	Responder	-0.499193560913653	1.08699077454735	0.649604796626673	0.935764635840101	sample_2022120210025
s__Leptotrichia.trevisanii	Responder_Status	Responder	0.562318750346121	1.2263551025715	0.650112088756035	0.935764635840101	sample_2022120210025
s__Saccharimonas.sp010202265	Responder_Status	Responder	-0.337404939146453	0.735541887474207	0.649978950978256	0.935764635840101	sample_2022120210025
s__HROM_Genome_0781	Responder_Status	Responder	0.224449807080932	0.493657819734928	0.652854477989044	0.936012275420129	sample_2022120210025
s__HROM_Genome_2287	Responder_Status	Responder	-0.360890141620779	0.793121652149784	0.652599907924714	0.936012275420129	sample_2022120210025
s__CAJPNX01.sp905372165	Responder_Status	Responder	-0.696533093550059	1.53169024055795	0.652796733257226	0.936012275420129	sample_2022120210025
s__HROM_Genome_0247	Responder_Status	Responder	0.642132646560952	1.41801557918407	0.654154250782873	0.936914593352495	sample_2022120210025
s__Shuttleworthia.satelles	Responder_Status	Responder	-0.565033668963947	1.25891636591372	0.65701210511103	0.937925322472105	sample_2022120210025
s__HROM_Genome_2334	Responder_Status	Responder	0.328508326874391	0.735734295455448	0.658667498165294	0.938788116733025	sample_2022120210025
s__HROM_Genome_4207	Responder_Status	Responder	-0.257757107491009	0.578030299699491	0.659081981913845	0.938788116733025	sample_2022120210025
s__HROM_Genome_4222	Responder_Status	Responder	0.241684973861824	0.540837669833871	0.65840529165162	0.938788116733025	sample_2022120210025
s__Streptococcus.anginosus_C	Responder_Status	Responder	-0.506112950904581	1.13602792250541	0.659376160118001	0.938862834135807	sample_2022120210025
s__HROM_Genome_0711	Responder_Status	Responder	0.547650310557078	1.23143118297985	0.659936119737038	0.939201770406248	sample_2022120210025
s__Propionibacterium.acidifaciens	Responder_Status	Responder	0.721554773305769	1.65194240205045	0.665612434824785	0.939730410880666	sample_2022120210025
s__Lancefieldella.parvula	Responder_Status	Responder	0.415667075577784	0.94628063946855	0.663841650124305	0.939730410880666	sample_2022120210025
s__HROM_Genome_1284	Responder_Status	Responder	0.119116193611378	0.271703713200697	0.66445691148391	0.939730410880666	sample_2022120210025
s__Streptococcus.infantis_I	Responder_Status	Responder	-0.433933605336061	0.990729931908233	0.664751187667502	0.939730410880666	sample_2022120210025
s__Granulicatella.sp001058355	Responder_Status	Responder	-0.258932395639793	0.585530490450895	0.661728179142092	0.939730410880666	sample_2022120210025
s__HROM_Genome_2624	Responder_Status	Responder	0.368786106379892	0.838303513720642	0.663372491493939	0.939730410880666	sample_2022120210025
s__GN02.873.sp003260345	Responder_Status	Responder	0.570909534749463	1.31939694084582	0.668543888100251	0.939988816160233	sample_2022120210025
s__Alloprevotella.sp905371275	Responder_Status	Responder	0.496820926949862	1.15196740973836	0.669566962900735	0.940603800852924	sample_2022120210025
s__HROM_Genome_1934	Responder_Status	Responder	-0.404438646751785	0.943314212236681	0.671391391273814	0.9406055539213	sample_2022120210025
s__HROM_Genome_2435	Responder_Status	Responder	0.402497850074159	0.939797864349417	0.671722937993155	0.9406055539213	sample_2022120210025
s__HROM_Genome_2539	Responder_Status	Responder	-0.366730298484728	0.853957747246316	0.67088400289869	0.9406055539213	sample_2022120210025
s__HROM_Genome_0036	Responder_Status	Responder	-0.435557777985397	1.01970483492723	0.672543402339518	0.940653519497691	sample_2022120210025
s__Streptococcus.mitis_BC	Responder_Status	Responder	0.237517447446567	0.556652254779578	0.672868703252266	0.940653519497691	sample_2022120210025
s__Alloprevotella.tannerae_B	Responder_Status	Responder	-0.625696178655138	1.47484700499722	0.674629198976357	0.940836848954838	sample_2022120210025
s__Neisseria.cinerea	Responder_Status	Responder	-0.469634081148029	1.10910651965401	0.675213158141657	0.941426231244103	sample_2022120210025
s__Streptococcus.oralis_Z	Responder_Status	Responder	-0.438954344064875	1.04049518817077	0.676341003488402	0.942773472373346	sample_2022120210025
s__Prevotella.intermedia	Responder_Status	Responder	0.515059978726705	1.26450227547977	0.686868673967639	0.942792035008507	sample_2022120210025
s__F0058.sp905372605	Responder_Status	Responder	0.492358005159807	1.20199954257371	0.685204692071858	0.942792035008507	sample_2022120210025
s__Mogibacterium.diversum	Responder_Status	Responder	-0.375471598548503	0.914628962102672	0.684550610240812	0.942792035008507	sample_2022120210025
s__HROM_Genome_2317	Responder_Status	Responder	0.277139056570044	0.669803239345299	0.682200700579673	0.942792035008507	sample_2022120210025
s__Streptococcus.mitis_I	Responder_Status	Responder	0.195762620023123	0.476813217427536	0.684516799845639	0.942792035008507	sample_2022120210025
s__CAJPQU01.sp905373705	Responder_Status	Responder	-0.47638143502904	1.13730562806318	0.678508114423769	0.942792035008507	sample_2022120210025
s__F0422.sp003999875	Responder_Status	Responder	0.348335946292898	0.853189819430198	0.686177385094662	0.942792035008507	sample_2022120210025
s__Fusobacterium.sp000235465	Responder_Status	Responder	-0.444786769645011	1.07375347182261	0.681857917010957	0.942792035008507	sample_2022120210025
s__Nanosynbacter.sp900555675	Responder_Status	Responder	0.476024702031662	1.14358753651484	0.680396480412453	0.942792035008507	sample_2022120210025
s__HROM_Genome_4379	Responder_Status	Responder	-0.142795987518115	0.339839864113339	0.677556618165918	0.942792035008507	sample_2022120210025
s__HROM_Genome_4431	Responder_Status	Responder	0.129147398720859	0.313584736885713	0.683590997901026	0.942792035008507	sample_2022120210025
s__HROM_Genome_5042	Responder_Status	Responder	-0.620600293077743	1.51013975593524	0.684233429185591	0.942792035008507	sample_2022120210025
s__Slackia.exigua	Responder_Status	Responder	-0.393720116397387	0.972876148157984	0.688775309222138	0.942832975327565	sample_2022120210025
s__Prevotella.micans	Responder_Status	Responder	-0.467966146601874	1.15853012430336	0.689332122374204	0.942832975327565	sample_2022120210025
s__Mogibacterium.timidum	Responder_Status	Responder	0.513792523149974	1.26681338104998	0.688134767551245	0.942832975327565	sample_2022120210025
s__HROM_Genome_2214	Responder_Status	Responder	-0.465511512617463	1.15718187665558	0.690532348909241	0.942990637675811	sample_2022120210025
s__Streptococcus.dysgalactiae	Responder_Status	Responder	-0.237395442559853	0.589645515135918	0.690294711440919	0.942990637675811	sample_2022120210025
s__Streptococcus.oralis_BD	Responder_Status	Responder	-0.348037970481015	0.871215339947141	0.692566418494736	0.944070455913673	sample_2022120210025
s__HROM_Genome_0980	Responder_Status	Responder	-0.690682694205095	1.73090409065413	0.692898209747449	0.944199218560571	sample_2022120210025
s__HROM_Genome_2259	Responder_Status	Responder	-0.311438441883004	0.783270199850085	0.693930605034349	0.944305240642551	sample_2022120210025
s__F0422.sp003992005	Responder_Status	Responder	-0.307653038450721	0.773485875464404	0.693831701014449	0.944305240642551	sample_2022120210025
s__Streptococcus.sp003428885	Responder_Status	Responder	-0.359519905663804	0.909396868134637	0.69558880215473	0.944887818118095	sample_2022120210025
s__Alloprevotella.rava	Responder_Status	Responder	-0.437736706978746	1.10888320521238	0.696015069178163	0.945002990448782	sample_2022120210025
s__Pauljensenia.sp001064145	Responder_Status	Responder	-0.627174500405376	1.61750438757763	0.701138982356843	0.945113318093251	sample_2022120210025
s__Actinomyces.johnsonii	Responder_Status	Responder	0.530314484378608	1.36151098227042	0.699849935006809	0.945113318093251	sample_2022120210025
s__HROM_Genome_1116	Responder_Status	Responder	0.376511751608511	0.966064576730659	0.699679362645788	0.945113318093251	sample_2022120210025
s__HROM_Genome_1937	Responder_Status	Responder	-0.690391568839766	1.76183110610179	0.698128144860584	0.945113318093251	sample_2022120210025
s__HROM_Genome_2190	Responder_Status	Responder	0.392607544294965	1.0119791805853	0.700979454119185	0.945113318093251	sample_2022120210025
s__Streptococcus.chosunense	Responder_Status	Responder	-0.487606076483725	1.25243994679763	0.699981160109963	0.945113318093251	sample_2022120210025
s__Streptococcus.sobrinus	Responder_Status	Responder	-0.539231345775227	1.3969214694972	0.702403817276073	0.945113318093251	sample_2022120210025
s__Centipeda.sp001683335	Responder_Status	Responder	0.464359099846416	1.19956239605631	0.701603670252593	0.945113318093251	sample_2022120210025
s__HROM_Genome_2884	Responder_Status	Responder	0.356368147292278	0.923788079038324	0.702583792730686	0.945113318093251	sample_2022120210025
s__HROM_Genome_3945	Responder_Status	Responder	-0.250223782386702	0.647218355606086	0.701964473671133	0.945113318093251	sample_2022120210025
s__HROM_Genome_2524	Responder_Status	Responder	-0.242124425089169	0.631415756896926	0.704272883412459	0.946164517347925	sample_2022120210025
s__Tannerella.sp002890585	Responder_Status	Responder	-0.459559024258778	1.20519181061118	0.705846967758868	0.946808518821378	sample_2022120210025
s__Treponema.sp018336815	Responder_Status	Responder	-0.44964589433264	1.17861257144561	0.705708822123776	0.946808518821378	sample_2022120210025
s__HROM_Genome_1286	Responder_Status	Responder	-0.263461383458384	0.696686842263326	0.708161225602879	0.947162971304891	sample_2022120210025
s__HROM_Genome_2429	Responder_Status	Responder	-0.330466750140385	0.871389753850165	0.707369801945777	0.947162971304891	sample_2022120210025
s__HROM_Genome_0303	Responder_Status	Responder	-0.388257135278422	1.03141969109235	0.709434851255496	0.947350190604568	sample_2022120210025
s__Arachnia.sp013333945	Responder_Status	Responder	-0.60576111885417	1.61186096608692	0.709886976816125	0.947350190604568	sample_2022120210025
s__Desulfomicrobium.orale	Responder_Status	Responder	-0.321067355371388	0.856544121416691	0.710603394106329	0.947350190604568	sample_2022120210025
s__HROM_Genome_1709	Responder_Status	Responder	-0.442385758968859	1.18937099296071	0.712730765930403	0.948275712323734	sample_2022120210025
s__Treponema_D.socranskii	Responder_Status	Responder	0.40867789968246	1.1022431269838	0.713599777550234	0.948278354461108	sample_2022120210025
s__Alloprevotella.sp900095835	Responder_Status	Responder	-0.574436818933349	1.5969062558007	0.721756595293827	0.948976142628193	sample_2022120210025
s__HROM_Genome_1185	Responder_Status	Responder	0.296975320981986	0.812002628109499	0.717313736914272	0.948976142628193	sample_2022120210025
s__Desulfobulbus.oralis	Responder_Status	Responder	0.470146585910983	1.30221149549449	0.720781614100136	0.948976142628193	sample_2022120210025
s__Streptococcus.oralis_S	Responder_Status	Responder	0.318121540805586	0.881614199983825	0.720927397258452	0.948976142628193	sample_2022120210025
s__HROM_Genome_2283	Responder_Status	Responder	-0.239296689681404	0.653356200876841	0.716925846885458	0.948976142628193	sample_2022120210025
s__Streptococcus.mitis_AC.1	Responder_Status	Responder	0.213285166853482	0.592962771295759	0.721774741636529	0.948976142628193	sample_2022120210025
s__HROM_Genome_2406	Responder_Status	Responder	0.189241336569743	0.521385485645869	0.719361544260549	0.948976142628193	sample_2022120210025
s__HROM_Genome_2575	Responder_Status	Responder	0.217468135655345	0.592994191715984	0.716578113691799	0.948976142628193	sample_2022120210025
s__HROM_Genome_2910	Responder_Status	Responder	0.577302108511672	1.60585232432485	0.721919090746428	0.948976142628193	sample_2022120210025
s__HROM_Genome_4443	Responder_Status	Responder	-0.390461236101939	1.07341125447625	0.718771531525812	0.948976142628193	sample_2022120210025
s__HROM_Genome_5103	Responder_Status	Responder	-0.511477623561255	1.4227965871887	0.721927488667281	0.948976142628193	sample_2022120210025
s__HROM_Genome_2388	Responder_Status	Responder	-0.237356282177651	0.666527984897321	0.724428570792984	0.951179277807619	sample_2022120210025
s__Bifidobacterium.swidsinskii	Responder_Status	Responder	-0.366631164272878	1.03651715402767	0.726202429124155	0.951490609836708	sample_2022120210025
s__HROM_Genome_2298	Responder_Status	Responder	0.425767881110025	1.20311595792138	0.726074090161363	0.951490609836708	sample_2022120210025
s__HROM_Genome_1226	Responder_Status	Responder	0.585078741160963	1.65702109978756	0.72666490965175	0.951546173208699	sample_2022120210025
s__Pauljensenia.sp000466265.1	Responder_Status	Responder	0.609451879068805	1.73488031028185	0.727998019855723	0.951796649307224	sample_2022120210025
s__HROM_Genome_1674	Responder_Status	Responder	0.323091253794551	0.918588328478007	0.727677144990711	0.951796649307224	sample_2022120210025
s__HROM_Genome_3992	Responder_Status	Responder	-0.138726228697205	0.394866059153807	0.727974689957465	0.951796649307224	sample_2022120210025
s__Actinomyces.gerencseriae	Responder_Status	Responder	0.310530285239506	0.890705261905329	0.729971912056481	0.951874042750407	sample_2022120210025
s__Phocaeicola.abscessus	Responder_Status	Responder	-0.340348753210208	0.971082134817295	0.728598580665567	0.951874042750407	sample_2022120210025
s__HROM_Genome_1142	Responder_Status	Responder	0.416611163772016	1.20471813225308	0.732065670070289	0.951874042750407	sample_2022120210025
s__HROM_Genome_1499	Responder_Status	Responder	0.0756382752866516	0.217744147190604	0.730909287265199	0.951874042750407	sample_2022120210025
s__HROM_Genome_1957	Responder_Status	Responder	-0.247886247939293	0.709612367835542	0.729457974928522	0.951874042750407	sample_2022120210025
s__Streptococcus.oralis_B	Responder_Status	Responder	0.37522625529479	1.08371323528013	0.731749762001026	0.951874042750407	sample_2022120210025
s__Streptococcus.sp905372925	Responder_Status	Responder	-0.183822187815455	0.53054376446758	0.731573192003168	0.951874042750407	sample_2022120210025
s__HROM_Genome_2915	Responder_Status	Responder	0.208127148703584	0.604254943982208	0.733092049213688	0.951874042750407	sample_2022120210025
s__HROM_Genome_3490	Responder_Status	Responder	-0.26431634702407	0.759079221426004	0.730289516035195	0.951874042750407	sample_2022120210025
s__Moraxella_A.cinereus	Responder_Status	Responder	-0.198804803700222	0.576301971890936	0.732697599084282	0.951874042750407	sample_2022120210025
s__Granulicatella.elegans.1	Responder_Status	Responder	0.354117972328427	1.03593069865888	0.735027042630235	0.952235594276053	sample_2022120210025
s__HROM_Genome_2485	Responder_Status	Responder	0.173536221490668	0.511356466098641	0.736867462420293	0.952493691660527	sample_2022120210025
s__Fusobacterium.vincentii	Responder_Status	Responder	-0.229126313589333	0.673242715730016	0.73614638277401	0.952493691660527	sample_2022120210025
s__HROM_Genome_2322	Responder_Status	Responder	-0.160122060049419	0.474212050853211	0.738138448804151	0.953517345311538	sample_2022120210025
s__Lactobacillus.acidophilus	Responder_Status	Responder	0.303373916926029	0.902662758978562	0.739310334101578	0.953755888336147	sample_2022120210025
s__HROM_Genome_2672	Responder_Status	Responder	0.198656800649435	0.592950554129913	0.740098800721821	0.953755888336147	sample_2022120210025
s__GN02.872.sp003260325	Responder_Status	Responder	-0.460301768562167	1.36750456352343	0.738928417933924	0.953755888336147	sample_2022120210025
s__HROM_Genome_2255	Responder_Status	Responder	-0.306970876132478	0.919967796201347	0.741110392394555	0.954398397621326	sample_2022120210025
s__HROM_Genome_2693	Responder_Status	Responder	-0.419542380454926	1.25676343076409	0.740996936849316	0.954398397621326	sample_2022120210025
s__Streptococcus.oralis_G.1	Responder_Status	Responder	-0.156628711859818	0.47087595027663	0.741889232403665	0.95454833257778	sample_2022120210025
s__HROM_Genome_2598	Responder_Status	Responder	-0.302433487888626	0.908527786805904	0.741702236766133	0.95454833257778	sample_2022120210025
s__Streptococcus.oralis_H	Responder_Status	Responder	0.316128138896856	0.955954021552311	0.743337665038383	0.954943906238626	sample_2022120210025
s__Leptotrichia.sp001553645	Responder_Status	Responder	0.215802245335921	0.652825259634761	0.743432762120799	0.954943906238626	sample_2022120210025
s__HROM_Genome_5066	Responder_Status	Responder	0.441676856942054	1.34017642535237	0.744180576157263	0.954943906238626	sample_2022120210025
s__Pauljensenia.sp000308055	Responder_Status	Responder	0.295042671111749	0.921921904104868	0.751321523600325	0.955736012689752	sample_2022120210025
s__HROM_Genome_0982	Responder_Status	Responder	0.438830537755869	1.3639452448713	0.750042221815734	0.955736012689752	sample_2022120210025
s__F0058.sp000163695	Responder_Status	Responder	-0.482342579418061	1.50513750878115	0.750995946987246	0.955736012689752	sample_2022120210025
s__Campylobacter_A.concisus_Q	Responder_Status	Responder	-0.262426313971821	0.817934482398314	0.750713897977552	0.955736012689752	sample_2022120210025
s__Streptococcus.mitis_Y	Responder_Status	Responder	0.333452208998316	1.03756100864736	0.750308614752976	0.955736012689752	sample_2022120210025
s__HROM_Genome_2691	Responder_Status	Responder	-0.242148326570095	0.756237588774586	0.75119298576319	0.955736012689752	sample_2022120210025
s__Centipeda.artemidis	Responder_Status	Responder	-0.32180835810143	0.983786169763073	0.746016087196875	0.955736012689752	sample_2022120210025
s__Nanosyncoccus.nanoralicus	Responder_Status	Responder	-0.43969529110841	1.36012704973907	0.748888910034901	0.955736012689752	sample_2022120210025
s__HROM_Genome_5071	Responder_Status	Responder	-0.424115314237607	1.29993981531451	0.746655513306476	0.955736012689752	sample_2022120210025
s__Prevotella.shahii	Responder_Status	Responder	0.649955088433184	2.0343230419464	0.751723172338645	0.95583018317629	sample_2022120210025
s__Nanosynbacter.sp900555425	Responder_Status	Responder	0.143950307941789	0.450901880639751	0.751906810723889	0.955855390103244	sample_2022120210025
s__HROM_Genome_0409	Responder_Status	Responder	-0.328572708253922	1.04292988675697	0.755061362150957	0.956268026715183	sample_2022120210025
s__Streptococcus.sanguinis_A	Responder_Status	Responder	0.385779237011496	1.21373490526892	0.752961110098791	0.956268026715183	sample_2022120210025
s__Gemella.sanguinis	Responder_Status	Responder	-0.258896566789749	0.813155680622706	0.752555643332408	0.956268026715183	sample_2022120210025
s__Neisseria.bacilliformis	Responder_Status	Responder	0.506304959413302	1.60345487413459	0.754527261707473	0.956268026715183	sample_2022120210025
s__HROM_Genome_1009	Responder_Status	Responder	-0.290873667635453	0.932771766192679	0.757473923747211	0.956308431826932	sample_2022120210025
s__HROM_Genome_1212	Responder_Status	Responder	-0.512145316582307	1.63802599608743	0.756855781435257	0.956308431826932	sample_2022120210025
s__HROM_Genome_1810	Responder_Status	Responder	0.0836347874491509	0.268840428694623	0.758033083539117	0.956308431826932	sample_2022120210025
s__HROM_Genome_2826	Responder_Status	Responder	-0.349071646443003	1.11977147630315	0.757551583139855	0.956308431826932	sample_2022120210025
s__HROM_Genome_2894	Responder_Status	Responder	0.280750063362414	0.90931857922546	0.759799004340076	0.956308431826932	sample_2022120210025
s__HROM_Genome_3509	Responder_Status	Responder	0.21882287328192	0.708485573247964	0.759714485727548	0.956308431826932	sample_2022120210025
s__Streptococcus.mitis_K	Responder_Status	Responder	-0.293526377312094	0.95367380842918	0.760523932004563	0.956391625699704	sample_2022120210025
s__Streptococcus.intermedius	Responder_Status	Responder	-0.285404499656335	0.932407816526448	0.761797452038846	0.95655006082347	sample_2022120210025
s__HROM_Genome_4280	Responder_Status	Responder	0.0943269968409351	0.308733873776468	0.762223589586456	0.956733233700462	sample_2022120210025
s__Streptococcus.oralis_J	Responder_Status	Responder	-0.239871759361857	0.793812601787284	0.764750538550096	0.957784801983217	sample_2022120210025
s__Prevotella.baroniae	Responder_Status	Responder	0.440610636213019	1.46307462861862	0.765522268548211	0.957832601573791	sample_2022120210025
s__Streptococcus.sp001808705	Responder_Status	Responder	-0.223472511082887	0.746047988818136	0.766739063583844	0.95801336959566	sample_2022120210025
s__HROM_Genome_4367	Responder_Status	Responder	-0.111886434112689	0.374289725444144	0.767200923401788	0.958151674726483	sample_2022120210025
s__Streptococcus.pseudopneumoniae_C	Responder_Status	Responder	-0.211513198164048	0.709789656395305	0.767907653574503	0.958652365983575	sample_2022120210025
s__Rothia.sp001808955.3	Responder_Status	Responder	0.398942619748192	1.34599973464281	0.769118625222447	0.958660260231683	sample_2022120210025
s__Lancefieldella.sp000564995.3	Responder_Status	Responder	0.131058390570464	0.448736174322485	0.772393010366641	0.958660260231683	sample_2022120210025
s__Campylobacter_A.sp905372745	Responder_Status	Responder	0.176234349686196	0.604423905882726	0.772761562271163	0.958660260231683	sample_2022120210025
s__HROM_Genome_1646	Responder_Status	Responder	0.207839344980373	0.700648899289613	0.768931934292834	0.958660260231683	sample_2022120210025
s__Streptococcus.mitis_O	Responder_Status	Responder	0.199100640194388	0.681035602003867	0.772174564853378	0.958660260231683	sample_2022120210025
s__HROM_Genome_2422	Responder_Status	Responder	0.254728300201875	0.876531073863963	0.773491616577464	0.958660260231683	sample_2022120210025
s__Streptococcus.oralis_AD.1	Responder_Status	Responder	-0.14511958116511	0.495311154251011	0.771692747318124	0.958660260231683	sample_2022120210025
s__Abiotrophia.defectiva	Responder_Status	Responder	-0.414565344342147	1.41798835583374	0.772165657155002	0.958660260231683	sample_2022120210025
s__Veillonella.infantium	Responder_Status	Responder	-0.261668485244971	0.879767505864866	0.768334487853775	0.958660260231683	sample_2022120210025
s__HROM_Genome_3440	Responder_Status	Responder	0.298400991543085	1.02239163743208	0.772540929280054	0.958660260231683	sample_2022120210025
s__Aggregatibacter.kilianii	Responder_Status	Responder	0.232012267103385	0.798760602807552	0.773600788608958	0.958660260231683	sample_2022120210025
s__HROM_Genome_0747	Responder_Status	Responder	0.0619244685799952	0.216361974626277	0.77682600385762	0.960604730014201	sample_2022120210025
s__Capnocytophaga.haemolytica	Responder_Status	Responder	0.350122290153761	1.22361880814266	0.776879815070611	0.960604730014201	sample_2022120210025
s__HROM_Genome_2574	Responder_Status	Responder	-0.260614516037721	0.912191105018836	0.777209625698424	0.96075135160461	sample_2022120210025
s__Streptococcus.mitis	Responder_Status	Responder	-0.254764025843613	0.894778234560291	0.777951597185795	0.961096537604825	sample_2022120210025
s__Pauljensenia.sp900556405	Responder_Status	Responder	-0.661518014144075	2.33779425317878	0.779283833882144	0.961374941736329	sample_2022120210025
s__HROM_Genome_1115	Responder_Status	Responder	0.229911055863006	0.82718223600572	0.783096804425617	0.961374941736329	sample_2022120210025
s__Streptococcus.oralis_F.1	Responder_Status	Responder	-0.239128707495064	0.864673775837252	0.784154077421099	0.961374941736329	sample_2022120210025
s__Lactiplantibacillus.plantarum	Responder_Status	Responder	-0.49407976191565	1.77873370471588	0.783229290364903	0.961374941736329	sample_2022120210025
s__Gemella.morbillorum	Responder_Status	Responder	-0.350408662996636	1.25211701855854	0.781647382321602	0.961374941736329	sample_2022120210025
s__Treponema.sp905373565	Responder_Status	Responder	-0.431982945855618	1.54819356293513	0.782277085756626	0.961374941736329	sample_2022120210025
s__HROM_Genome_1939	Responder_Status	Responder	-0.251212439600638	0.918116651678475	0.786387155965826	0.961677164656035	sample_2022120210025
s__Actinomyces.oris_C	Responder_Status	Responder	0.292105773762447	1.07135931717736	0.787123252331962	0.961775553950621	sample_2022120210025
s__Mogibacterium.pumilum	Responder_Status	Responder	0.246912901103159	0.922928936723143	0.791020536547665	0.961775553950621	sample_2022120210025
s__HROM_Genome_2327	Responder_Status	Responder	0.247466064449744	0.917238705427825	0.789296735619467	0.961775553950621	sample_2022120210025
s__Streptococcus.sp000235485	Responder_Status	Responder	0.204241624293146	0.758938676771329	0.789814523174433	0.961775553950621	sample_2022120210025
s__HROM_Genome_3465	Responder_Status	Responder	-0.0951183491122989	0.349703449054033	0.787619835189973	0.961775553950621	sample_2022120210025
s__HROM_Genome_5102	Responder_Status	Responder	-0.288220826952356	1.06934904652362	0.789498853870671	0.961775553950621	sample_2022120210025
s__HROM_Genome_1542	Responder_Status	Responder	-0.0718798755180976	0.272213837675518	0.793670108156105	0.962766880347476	sample_2022120210025
s__Streptococcus.mitis_BD	Responder_Status	Responder	0.161226503921401	0.623064353305141	0.797710301821513	0.962766880347476	sample_2022120210025
s__Streptococcus.sp000220065	Responder_Status	Responder	0.312797458339105	1.18493077103867	0.793728944946356	0.962766880347476	sample_2022120210025
s__HROM_Genome_2544	Responder_Status	Responder	-0.247200024511248	0.954395014229047	0.79752050906049	0.962766880347476	sample_2022120210025
s__HROM_Genome_3856	Responder_Status	Responder	-0.197631836514301	0.75232436095385	0.794708960472123	0.962766880347476	sample_2022120210025
s__HROM_Genome_4774	Responder_Status	Responder	-0.234519336438887	0.913531167500488	0.799273934624337	0.96299058611047	sample_2022120210025
s__Treponema_C.sp905372025	Responder_Status	Responder	0.305127746566385	1.18398352994125	0.798513228645491	0.96299058611047	sample_2022120210025
s__Prevotella.melaninogenica	Responder_Status	Responder	-0.279038562252485	1.09279139393937	0.800323209337906	0.963357030938502	sample_2022120210025
s__HROM_Genome_2122	Responder_Status	Responder	0.258991413862954	1.01364208898462	0.800200104382261	0.963357030938502	sample_2022120210025
s__Prevotella.maculosa	Responder_Status	Responder	-0.246703592043397	0.973376174625248	0.801771148129553	0.963547476766581	sample_2022120210025
s__HROM_Genome_1769	Responder_Status	Responder	0.067297343278746	0.267003116368764	0.802845644547677	0.963777796773374	sample_2022120210025
s__HROM_Genome_1664	Responder_Status	Responder	-0.409369025693201	1.64552582850334	0.805349010997085	0.965903218206609	sample_2022120210025
s__HROM_Genome_2232	Responder_Status	Responder	0.141295197627169	0.568405804355373	0.805498724900319	0.965903218206609	sample_2022120210025
s__Streptococcus.mitis_BI	Responder_Status	Responder	0.149223610383091	0.604530336910408	0.806831205185074	0.966706382393204	sample_2022120210025
s__Rothia.mucilaginosa.1	Responder_Status	Responder	0.313766718911417	1.28861545312298	0.809399924781351	0.966885858216479	sample_2022120210025
s__HROM_Genome_0390	Responder_Status	Responder	0.126041867853862	0.523728600683363	0.811570114646354	0.966885858216479	sample_2022120210025
s__Lancefieldella.sp000564995.12	Responder_Status	Responder	0.106538682637981	0.445128006608846	0.812582273957211	0.966885858216479	sample_2022120210025
s__Prevotella.sp003043945	Responder_Status	Responder	0.285850502115425	1.17633104878172	0.809775428510149	0.966885858216479	sample_2022120210025
s__Lachnoanaerobaculum.sp000209465	Responder_Status	Responder	-0.274189059762308	1.12070125247303	0.808504980082051	0.966885858216479	sample_2022120210025
s__HROM_Genome_2048	Responder_Status	Responder	0.24321936622957	1.0054210075634	0.810614466095527	0.966885858216479	sample_2022120210025
s__HROM_Genome_2192	Responder_Status	Responder	-0.23269710638146	0.968421064204167	0.811859849710312	0.966885858216479	sample_2022120210025
s__Streptococcus.sp001553685	Responder_Status	Responder	0.192819291445754	0.788702800134357	0.808644509015181	0.966885858216479	sample_2022120210025
s__Streptococcus.sanguinis	Responder_Status	Responder	0.198929876135035	0.819104476515097	0.8098821267335	0.966885858216479	sample_2022120210025
s__Streptococcus.cristatus_C	Responder_Status	Responder	-0.220671218705274	0.912260365064879	0.810624427415789	0.966885858216479	sample_2022120210025
s__CAJPQU01.sp905372875	Responder_Status	Responder	-0.253141016473131	1.04793832336229	0.810880695478989	0.966885858216479	sample_2022120210025
s__Nanosyncoccus.nanoralicus.1	Responder_Status	Responder	0.108162204805523	0.447896399575689	0.81093567170233	0.966885858216479	sample_2022120210025
s__HROM_Genome_4887	Responder_Status	Responder	0.207234617504912	0.867563461582513	0.812946361681242	0.966885858216479	sample_2022120210025
s__HROM_Genome_3950	Responder_Status	Responder	-0.0651454132696003	0.274174620607315	0.813917106876786	0.967146188341536	sample_2022120210025
s__HROM_Genome_2749	Responder_Status	Responder	-0.284736605463826	1.20494971947996	0.814915520597095	0.967555510363893	sample_2022120210025
s__Rothia.sp001808955.2	Responder_Status	Responder	-0.407403778894723	1.74501220376603	0.817096806712221	0.967928773571652	sample_2022120210025
s__HROM_Genome_0261	Responder_Status	Responder	0.379543609121053	1.62623326608543	0.817157857786702	0.967928773571652	sample_2022120210025
s__HROM_Genome_2324	Responder_Status	Responder	0.142657713567775	0.616007486766771	0.818544948150206	0.967928773571652	sample_2022120210025
s__HROM_Genome_4990	Responder_Status	Responder	0.274333378756921	1.18446596804212	0.81852575375136	0.967928773571652	sample_2022120210025
s__Treponema.vincentii	Responder_Status	Responder	-0.316373810735563	1.37064057796666	0.819131496811794	0.967928773571652	sample_2022120210025
s__Cutibacterium.acnes	Responder_Status	Responder	0.130141695803894	0.569819018778451	0.821001867649122	0.968765601159278	sample_2022120210025
s__Oribacterium.asaccharolyticum	Responder_Status	Responder	0.226698118556159	1.0060445444583	0.823354427251375	0.969246700174716	sample_2022120210025
s__Simonsiella.muelleri	Responder_Status	Responder	0.23503791821868	1.03583379889264	0.822144590534897	0.969246700174716	sample_2022120210025
s__Pauljensenia.sp018375675	Responder_Status	Responder	0.231857048543351	1.04839533322197	0.826577220090036	0.970548258133167	sample_2022120210025
s__HROM_Genome_0286	Responder_Status	Responder	-0.229640821151083	1.03404570719608	0.825863522904301	0.970548258133167	sample_2022120210025
s__Actinomyces.dentalis	Responder_Status	Responder	0.211559349431381	0.97887065140855	0.830456393055449	0.970548258133167	sample_2022120210025
s__Actinomyces.sp000195595	Responder_Status	Responder	-0.298674455122576	1.37847960479793	0.830036864503208	0.970548258133167	sample_2022120210025
s__Bacteroides_D.periocalifornicus	Responder_Status	Responder	0.277795333148829	1.29301820988832	0.831447202000994	0.970548258133167	sample_2022120210025
s__Porphyromonas.gingivalis	Responder_Status	Responder	0.388312048870795	1.81397963792711	0.832046563035595	0.970548258133167	sample_2022120210025
s__HROM_Genome_1804	Responder_Status	Responder	-0.0631942842654745	0.284859504256583	0.826045653219047	0.970548258133167	sample_2022120210025
s__HROM_Genome_1862	Responder_Status	Responder	-0.191588421231448	0.878671653469854	0.828976729325067	0.970548258133167	sample_2022120210025
s__Streptococcus.oralis.2	Responder_Status	Responder	-0.143770733707384	0.658378047935583	0.828723780952625	0.970548258133167	sample_2022120210025
s__HROM_Genome_2221	Responder_Status	Responder	0.15285544435367	0.694882047570172	0.827487927176213	0.970548258133167	sample_2022120210025
s__Streptococcus.sp900550895	Responder_Status	Responder	-0.177808332140669	0.826812314882107	0.831284840667234	0.970548258133167	sample_2022120210025
s__HROM_Genome_2454	Responder_Status	Responder	-0.118194352540454	0.542634898759161	0.829152372772991	0.970548258133167	sample_2022120210025
s__Streptococcus.cristatus.1	Responder_Status	Responder	0.228624614602105	1.05220861614668	0.829565152439589	0.970548258133167	sample_2022120210025
s__Lacticaseibacillus.rhamnosus	Responder_Status	Responder	-0.389473316827113	1.76071092148158	0.826540141377675	0.970548258133167	sample_2022120210025
s__Veillonella.tobetsuensis	Responder_Status	Responder	-0.23161681024637	1.05669240042964	0.828091741120084	0.970548258133167	sample_2022120210025
s__HROM_Genome_3460	Responder_Status	Responder	0.213541143829401	0.963468790055302	0.826204349164894	0.970548258133167	sample_2022120210025
s__HROM_Genome_3977	Responder_Status	Responder	0.09292107611754	0.429650221292184	0.830344082359897	0.970548258133167	sample_2022120210025
s__HROM_Genome_0348	Responder_Status	Responder	-0.231724145720192	1.11412302792595	0.836743854441929	0.970827192997701	sample_2022120210025
s__Prevotella.marshii	Responder_Status	Responder	-0.295401092804194	1.40464382398698	0.83495393085326	0.970827192997701	sample_2022120210025
s__Alloprevotella.sp905369775	Responder_Status	Responder	-0.348485086047379	1.67610939264874	0.836801728779478	0.970827192997701	sample_2022120210025
s__HROM_Genome_1277	Responder_Status	Responder	0.127719560050957	0.614219896288412	0.836782589100867	0.970827192997701	sample_2022120210025
s__HROM_Genome_1369	Responder_Status	Responder	-0.280219790041982	1.32658511611579	0.834234640512567	0.970827192997701	sample_2022120210025
s__HROM_Genome_1982	Responder_Status	Responder	0.317283421243603	1.51022723477285	0.835118830108637	0.970827192997701	sample_2022120210025
s__Streptococcus.mitis_BT	Responder_Status	Responder	-0.127756517707991	0.608358083611192	0.835186606005421	0.970827192997701	sample_2022120210025
s__Streptococcus.oralis_BA	Responder_Status	Responder	-0.203039929958029	0.960621508879147	0.834134836023392	0.970827192997701	sample_2022120210025
s__Streptococcus.mitis_H	Responder_Status	Responder	-0.221241948999981	1.05296057386445	0.835100027631166	0.970827192997701	sample_2022120210025
s__HROM_Genome_2734	Responder_Status	Responder	0.1234999283254	0.581391994997501	0.833317379943926	0.970827192997701	sample_2022120210025
s__HROM_Genome_3895	Responder_Status	Responder	-0.0671501077670516	0.319784216794346	0.835199348279405	0.970827192997701	sample_2022120210025
s__HROM_Genome_4779	Responder_Status	Responder	-0.24682312138696	1.18273227303385	0.836201829545968	0.970827192997701	sample_2022120210025
s__Pauljensenia.sp902373545	Responder_Status	Responder	-0.391974467363873	1.96247692244466	0.843131687458779	0.971072695759147	sample_2022120210025
s__Prevotella.oulorum	Responder_Status	Responder	-0.227043383224713	1.14803603366915	0.844656314027468	0.971072695759147	sample_2022120210025
s__HROM_Genome_1074	Responder_Status	Responder	0.0802774625202817	0.401962756421458	0.843147860631917	0.971072695759147	sample_2022120210025
s__Capnocytophaga.ochracea	Responder_Status	Responder	-0.236838923942927	1.18655687681462	0.843234507369746	0.971072695759147	sample_2022120210025
s__Campylobacter_A.concisus	Responder_Status	Responder	0.126612846639435	0.648507206809146	0.846616972025229	0.971072695759147	sample_2022120210025
s__HROM_Genome_1757	Responder_Status	Responder	-0.356880055612047	1.81094017223576	0.845197140497996	0.971072695759147	sample_2022120210025
s__CAG.793.sp013333035	Responder_Status	Responder	0.264291905693426	1.29289940137969	0.83950550014611	0.971072695759147	sample_2022120210025
s__Bulleidia.sp900554555	Responder_Status	Responder	0.180195520525878	0.88851801701488	0.840754302189037	0.971072695759147	sample_2022120210025
s__Streptococcus.oralis_W	Responder_Status	Responder	0.197355574688663	1.01243519784617	0.846854092830814	0.971072695759147	sample_2022120210025
s__Streptococcus.mitis_Q.1	Responder_Status	Responder	0.161429728551545	0.825719491178669	0.846411881812	0.971072695759147	sample_2022120210025
s__Streptococcus.chosunense.1	Responder_Status	Responder	0.176292398849684	0.90258919866135	0.846554048612726	0.971072695759147	sample_2022120210025
s__Streptococcus.oralis_N	Responder_Status	Responder	-0.142131620033515	0.689384742710489	0.838148605487008	0.971072695759147	sample_2022120210025
s__HROM_Genome_2654	Responder_Status	Responder	0.20106083446899	1.03190572656581	0.846921842111105	0.971072695759147	sample_2022120210025
s__HROM_Genome_2719	Responder_Status	Responder	-0.236149696778237	1.15895348093579	0.840013852675765	0.971072695759147	sample_2022120210025
s__HROM_Genome_3428	Responder_Status	Responder	0.1141189303376	0.56432768911456	0.841206072002471	0.971072695759147	sample_2022120210025
s__HROM_Genome_4164	Responder_Status	Responder	-0.0830015103205846	0.417759391304741	0.843946684245356	0.971072695759147	sample_2022120210025
s__HROM_Genome_4551	Responder_Status	Responder	0.138060449114816	0.699209744129241	0.844900159806619	0.971072695759147	sample_2022120210025
s__HROM_Genome_0455	Responder_Status	Responder	0.20667111337922	1.07010711939213	0.848250307770646	0.971550341673243	sample_2022120210025
s__Campylobacter_A.sp905371695	Responder_Status	Responder	0.172820147200769	0.904733565747049	0.849890053461064	0.972183583992415	sample_2022120210025
s__HROM_Genome_1841	Responder_Status	Responder	0.139837964017897	0.735584259043237	0.850598689793896	0.972418688476977	sample_2022120210025
s__HROM_Genome_2092	Responder_Status	Responder	-0.188098598752361	0.991481350637504	0.850901322905548	0.972418688476977	sample_2022120210025
s__HROM_Genome_1849	Responder_Status	Responder	0.100412880451368	0.530818813385665	0.851327243288895	0.972683466730116	sample_2022120210025
s__Gemella.haemolysans_B	Responder_Status	Responder	0.189204892938826	1.03183338334473	0.85583092702196	0.974014717997491	sample_2022120210025
s__HROM_Genome_4942	Responder_Status	Responder	-0.172176364749728	0.944580791330536	0.856677805022993	0.974218474431722	sample_2022120210025
s__Olsenella.uli	Responder_Status	Responder	0.167984895555568	0.927700514879516	0.857611794339443	0.974878942469923	sample_2022120210025
s__Streptococcus.oralis_AB	Responder_Status	Responder	-0.135293333453248	0.757043876983873	0.859450158140827	0.975659858512009	sample_2022120210025
s__HROM_Genome_0223	Responder_Status	Responder	0.12243150909668	0.709615936315805	0.86426032474071	0.977631516444974	sample_2022120210025
s__HROM_Genome_1880	Responder_Status	Responder	-0.225574934335573	1.30695339619019	0.864210541923673	0.977631516444974	sample_2022120210025
s__Nanosynbacter.sp900556355	Responder_Status	Responder	0.259393700405623	1.49389994486093	0.863401357235363	0.977631516444974	sample_2022120210025
s__Haemophilus_A.sputorum	Responder_Status	Responder	-0.237728274315793	1.36831033220023	0.86332092693413	0.977631516444974	sample_2022120210025
s__Gemella.haemolysans_A	Responder_Status	Responder	0.239727182294524	1.41975232577866	0.867127405076774	0.97811158889214	sample_2022120210025
s__HROM_Genome_1016	Responder_Status	Responder	0.251425963525224	1.51589163230863	0.869458855359517	0.979589191160993	sample_2022120210025
s__Pseudoramibacter.alactolyticus	Responder_Status	Responder	0.18087745170835	1.10115857746585	0.870705688841014	0.979594298525404	sample_2022120210025
s__HROM_Genome_2084	Responder_Status	Responder	-0.127056275802986	0.776848328641673	0.87125746658654	0.979594298525404	sample_2022120210025
s__HROM_Genome_2246	Responder_Status	Responder	0.120620691974686	0.733658173809282	0.870589577784018	0.979594298525404	sample_2022120210025
s__Streptococcus.oralis.3	Responder_Status	Responder	0.159081474770826	0.97990332150457	0.872200849079474	0.97962679720174	sample_2022120210025
s__Acetatifactor.sp900755865	Responder_Status	Responder	0.0680732124738294	0.433284206428254	0.876285723395952	0.979989522529206	sample_2022120210025
s__HROM_Genome_2585	Responder_Status	Responder	0.108726923683159	0.692897089375734	0.876436747372071	0.979989522529206	sample_2022120210025
s__Prevotella.oris	Responder_Status	Responder	0.141000797247205	0.907545511326954	0.877648216848553	0.980125987408347	sample_2022120210025
s__Bacteroides_D.sp013333195	Responder_Status	Responder	-0.349948443006728	2.30160521727641	0.880241431701765	0.980125987408347	sample_2022120210025
s__Streptococcus.halitosis.1	Responder_Status	Responder	-0.146085941639631	0.940497265599788	0.877676785905581	0.980125987408347	sample_2022120210025
s__HROM_Genome_2576	Responder_Status	Responder	-0.238495881710419	1.58601367450694	0.881547272440835	0.980125987408347	sample_2022120210025
s__HROM_Genome_2591	Responder_Status	Responder	-0.124486288935612	0.820087905436715	0.880436084242437	0.980125987408347	sample_2022120210025
s__Granulicatella.adiacens_A.1	Responder_Status	Responder	0.107826778621251	0.711452233713605	0.880621729449841	0.980125987408347	sample_2022120210025
s__HROM_Genome_4459	Responder_Status	Responder	-0.0347723821074187	0.223086035308776	0.87725396497791	0.980125987408347	sample_2022120210025
s__Prevotella.sp905372445	Responder_Status	Responder	-0.272693301924044	1.84019328399174	0.883256981819328	0.980391987271884	sample_2022120210025
s__Streptococcus.oralis_BI	Responder_Status	Responder	-0.111603514175804	0.758563366322705	0.884087750925313	0.98071165585721	sample_2022120210025
s__HROM_Genome_0253	Responder_Status	Responder	0.198899468051603	1.37429446771259	0.885962048826426	0.981132768058871	sample_2022120210025
s__Treponema_C.maltophilum	Responder_Status	Responder	-0.153136666878684	1.05352072300023	0.885470315301017	0.981132768058871	sample_2022120210025
s__Rothia.sp001808955.1	Responder_Status	Responder	-0.196062169614951	1.53009638873571	0.898956360898816	0.982360456170793	sample_2022120210025
s__Rothia.sp902373285	Responder_Status	Responder	0.108927165784768	0.900606494446912	0.904595470349697	0.982360456170793	sample_2022120210025
s__Pauljensenia.sp900541895	Responder_Status	Responder	0.131272054116114	1.24541005914451	0.916806191771975	0.982360456170793	sample_2022120210025
s__Pauljensenia.sp000278725	Responder_Status	Responder	0.156675333709454	1.24199837427108	0.900516423127139	0.982360456170793	sample_2022120210025
s__Pauljensenia.odontolytica_C	Responder_Status	Responder	-0.15481081644443	1.40249672648794	0.91289358016188	0.982360456170793	sample_2022120210025
s__Pauljensenia.sp018382595.1	Responder_Status	Responder	0.184559810502735	1.60901859628761	0.909498865177439	0.982360456170793	sample_2022120210025
s__Actinomyces.oris_D	Responder_Status	Responder	-0.104585729975992	0.951100056685107	0.913223154586256	0.982360456170793	sample_2022120210025
s__Actinomyces.sp002999235	Responder_Status	Responder	-0.164314514885846	1.27317821951382	0.898233936743633	0.982360456170793	sample_2022120210025
s__HROM_Genome_0878	Responder_Status	Responder	-0.0423284467517632	0.377942926030478	0.91162489030887	0.982360456170793	sample_2022120210025
s__Prevotella.scopos	Responder_Status	Responder	-0.214051364114212	1.61266540466822	0.895355094499037	0.982360456170793	sample_2022120210025
s__Prevotella.salivae	Responder_Status	Responder	-0.166995867242297	1.23037364722547	0.893007599382528	0.982360456170793	sample_2022120210025
s__Prevotella.enoeca	Responder_Status	Responder	0.121655764395199	0.879641083302022	0.890991917707078	0.982360456170793	sample_2022120210025
s__HROM_Genome_1261	Responder_Status	Responder	0.0645717863495375	0.581493513918409	0.912373054964959	0.982360456170793	sample_2022120210025
s__HROM_Genome_1297	Responder_Status	Responder	-0.122612696277145	0.984813384729006	0.901806190074086	0.982360456170793	sample_2022120210025
s__Catonella.massiliensis	Responder_Status	Responder	0.182252438943651	1.3288195989518	0.891890845665891	0.982360456170793	sample_2022120210025
s__HROM_Genome_1681	Responder_Status	Responder	0.154074936158125	1.22210084171113	0.900574418764768	0.982360456170793	sample_2022120210025
s__Lachnoanaerobaculum.umeaense	Responder_Status	Responder	0.121907865155518	0.988533423303542	0.902733144307447	0.982360456170793	sample_2022120210025
s__HROM_Genome_1836	Responder_Status	Responder	0.0585387146295036	0.578087529623854	0.920063572001497	0.982360456170793	sample_2022120210025
s__Filifactor.alocis	Responder_Status	Responder	0.21067484357463	1.71958728734743	0.903366479180814	0.982360456170793	sample_2022120210025
s__Hornefia.nodata	Responder_Status	Responder	0.182558037872544	1.34518174156506	0.893019522166641	0.982360456170793	sample_2022120210025
s__Parvimonas.sp015257355	Responder_Status	Responder	0.227115708754633	1.91148519656459	0.906269196472877	0.982360456170793	sample_2022120210025
s__HROM_Genome_2105	Responder_Status	Responder	-0.102443812039239	0.9975592560975	0.918937437335491	0.982360456170793	sample_2022120210025
s__Streptococcus.pseudopneumoniae_E	Responder_Status	Responder	0.0870250553241815	0.751467591457794	0.908632240106543	0.982360456170793	sample_2022120210025
s__Streptococcus.mitis_AC	Responder_Status	Responder	0.0895361873874956	0.829162970214984	0.914778611160199	0.982360456170793	sample_2022120210025
s__HROM_Genome_2411	Responder_Status	Responder	0.0904147326076684	0.876223857495195	0.918550233500473	0.982360456170793	sample_2022120210025
s__Streptococcus.oralis_Y.1	Responder_Status	Responder	-0.0812251912549602	0.616708735971194	0.896157474220397	0.982360456170793	sample_2022120210025
s__HROM_Genome_2464	Responder_Status	Responder	0.0971769657977649	0.935616585799124	0.918017597186725	0.982360456170793	sample_2022120210025
s__Abiotrophia.sp001815865	Responder_Status	Responder	-0.154280644289984	1.23716374507145	0.901648018881074	0.982360456170793	sample_2022120210025
s__HROM_Genome_2604	Responder_Status	Responder	0.100936346781853	0.981971282152835	0.918862684487956	0.982360456170793	sample_2022120210025
s__Centipeda.sp015265235	Responder_Status	Responder	-0.139324473792907	1.11741395357275	0.901663996464675	0.982360456170793	sample_2022120210025
s__Veillonella.parvula_A	Responder_Status	Responder	-0.0961673596121396	0.85978021369638	0.911739467618109	0.982360456170793	sample_2022120210025
s__Leptotrichia.massiliensis	Responder_Status	Responder	-0.111330774242998	1.02014571011608	0.913875983913328	0.982360456170793	sample_2022120210025
s__Fusobacterium.polymorphum	Responder_Status	Responder	-0.0899332385951341	0.81141176172247	0.912537446543098	0.982360456170793	sample_2022120210025
s__HROM_Genome_2902	Responder_Status	Responder	-0.0620536597598723	0.615475471460466	0.920410006692098	0.982360456170793	sample_2022120210025
s__Nanosyncoccus.sp013332965.1	Responder_Status	Responder	-0.0386146045363556	0.296156949112626	0.897193596200541	0.982360456170793	sample_2022120210025
s__Kingella.kingae	Responder_Status	Responder	0.107630584030202	0.989349403407099	0.914145543180586	0.982360456170793	sample_2022120210025
s__Haemophilus_D.sp905215245	Responder_Status	Responder	-0.0846585429101071	0.673718489557664	0.900900075372859	0.982360456170793	sample_2022120210025
s__HROM_Genome_4958	Responder_Status	Responder	-0.0628487333036717	0.575881534049412	0.913873938947872	0.982360456170793	sample_2022120210025
s__HROM_Genome_5027	Responder_Status	Responder	-0.158465597560276	1.46876167820025	0.914851877879357	0.982360456170793	sample_2022120210025
s__Treponema.sp010365865	Responder_Status	Responder	-0.145434233980788	1.22066685851798	0.906012568572421	0.982360456170793	sample_2022120210025
s__HROM_Genome_2273	Responder_Status	Responder	-0.123028781770673	1.28094057265212	0.924168447417025	0.984576025320128	sample_2022120210025
s__HROM_Genome_2198	Responder_Status	Responder	-0.107455821979432	1.14134657041445	0.925661869859161	0.985306042943501	sample_2022120210025
s__Fusobacterium.hwasookii	Responder_Status	Responder	0.101246959603285	1.09813087524877	0.927196158193005	0.98571039855554	sample_2022120210025
s__Aggregatibacter.segnis_A	Responder_Status	Responder	-0.0630122707416044	0.687126641594644	0.927586160998289	0.98571039855554	sample_2022120210025
s__HROM_Genome_2231	Responder_Status	Responder	0.0868941076458133	0.954334739699655	0.928099527484155	0.9858839874149	sample_2022120210025
s__HROM_Genome_2679	Responder_Status	Responder	-0.100505673053188	1.13226641874316	0.929900505014938	0.98692706593671	sample_2022120210025
s__Olsenella_F.profusa_A	Responder_Status	Responder	-0.133067299492023	1.56975710097155	0.933047970517664	0.987295984337453	sample_2022120210025
s__Streptococcus.mitis_AK	Responder_Status	Responder	0.0869798565645111	1.08902932595872	0.936909439322874	0.988047456795404	sample_2022120210025
s__Streptococcus.mitis_P	Responder_Status	Responder	0.0608062128770621	0.757794892693667	0.936616371463454	0.988047456795404	sample_2022120210025
s__HROM_Genome_2492	Responder_Status	Responder	-0.0642015181989182	0.789597877526191	0.935774540646743	0.988047456795404	sample_2022120210025
s__Fusobacterium.animalis	Responder_Status	Responder	-0.058645294848485	0.726915984496218	0.936272846741146	0.988047456795404	sample_2022120210025
s__HROM_Genome_0285	Responder_Status	Responder	0.0698554830574128	0.913050814675117	0.939559201367533	0.98816171966788	sample_2022120210025
s__Johnsonella.sp905373785	Responder_Status	Responder	-0.0791864078267083	1.01745475661643	0.938518434392163	0.98816171966788	sample_2022120210025
s__HROM_Genome_2038	Responder_Status	Responder	-0.0759650632298035	0.973116807907981	0.938332611120815	0.98816171966788	sample_2022120210025
s__Bulleidia.sp015256775	Responder_Status	Responder	-0.0904831231096014	1.19380957854189	0.940122272135909	0.98816171966788	sample_2022120210025
s__Streptococcus.mitis_BN	Responder_Status	Responder	-0.0511712659117018	0.662327639035459	0.938966361018026	0.98816171966788	sample_2022120210025
s__Streptococcus.mitis_AZ	Responder_Status	Responder	0.0575416901141169	0.758994818302849	0.940106958049195	0.98816171966788	sample_2022120210025
s__Prevotella.multisaccharivorax	Responder_Status	Responder	-0.11959851542716	1.67216308445806	0.943489770996015	0.988174825140061	sample_2022120210025
s__HROM_Genome_1515	Responder_Status	Responder	-0.0291965849583023	0.412623658073183	0.944093025167809	0.988174825140061	sample_2022120210025
s__Butyrivibrio.sp015258065	Responder_Status	Responder	0.120223988149344	1.62483565968653	0.941543246048034	0.988174825140061	sample_2022120210025
s__HROM_Genome_1940	Responder_Status	Responder	0.161955589105606	2.16990950379147	0.941034207667099	0.988174825140061	sample_2022120210025
s__Streptococcus.oralis_BE	Responder_Status	Responder	0.0381367659262358	0.520849553675047	0.94215137040924	0.988174825140061	sample_2022120210025
s__Streptococcus.sp001808705.1	Responder_Status	Responder	-0.0477573966876515	0.659816319418202	0.942814191114484	0.988174825140061	sample_2022120210025
s__Nanosyncoccus.sp905372495	Responder_Status	Responder	0.0571714052700256	0.764286637962996	0.940902847435151	0.988174825140061	sample_2022120210025
s__HROM_Genome_2392	Responder_Status	Responder	0.0833249179369502	1.19709117208416	0.945001880130301	0.988364576189336	sample_2022120210025
s__Streptococcus.oralis_BC.2	Responder_Status	Responder	-0.0666776433317628	0.988868109789661	0.946719976941214	0.98899717383486	sample_2022120210025
s__HROM_Genome_2467	Responder_Status	Responder	0.0677694120450282	1.02278014929325	0.94764168501146	0.989226100465637	sample_2022120210025
s__HROM_Genome_2657	Responder_Status	Responder	-0.0957800046829787	1.44686795056202	0.947690471568623	0.989226100465637	sample_2022120210025
s__Treponema_C.lecithinolyticum	Responder_Status	Responder	-0.104310886255148	1.5700758519725	0.947502154881123	0.989226100465637	sample_2022120210025
s__Rothia.mucilaginosa_A	Responder_Status	Responder	0.0965449202756419	1.52815360181976	0.95007402621444	0.989504182329198	sample_2022120210025
s__Alloprevotella.tannerae_A	Responder_Status	Responder	-0.0627424073881356	1.07057279354026	0.953681892104141	0.989504182329198	sample_2022120210025
s__HROM_Genome_1983	Responder_Status	Responder	0.0778757212103429	1.31614255401253	0.953237253106998	0.989504182329198	sample_2022120210025
s__HROM_Genome_2223	Responder_Status	Responder	0.0379925496566101	0.596202411159597	0.949642560570721	0.989504182329198	sample_2022120210025
s__HROM_Genome_2465	Responder_Status	Responder	-0.0429709980055751	0.764722506024757	0.955588220632178	0.990548109983646	sample_2022120210025
s__HROM_Genome_2682	Responder_Status	Responder	0.0604614874851056	1.07986127007566	0.955747362332121	0.990548109983646	sample_2022120210025
s__HROM_Genome_0259	Responder_Status	Responder	0.0771030981126483	1.54450838438016	0.960539914161946	0.990894325149475	sample_2022120210025
s__Prevotella.sp000467895	Responder_Status	Responder	-0.0609265898497712	1.20652823080097	0.960084505848136	0.990894325149475	sample_2022120210025
s__HROM_Genome_1690	Responder_Status	Responder	0.0435579081610932	0.842954879034402	0.959156230714012	0.990894325149475	sample_2022120210025
s__HROM_Genome_2244	Responder_Status	Responder	0.0438773364406998	0.827454152638188	0.958086992886475	0.990894325149475	sample_2022120210025
s__HROM_Genome_2386	Responder_Status	Responder	-0.0294227516976222	0.549598442052579	0.957685789562688	0.990894325149475	sample_2022120210025
s__HROM_Genome_2871	Responder_Status	Responder	0.0578354051601017	1.08395151464018	0.957827066930693	0.990894325149475	sample_2022120210025
s__Nanosyncoccus.sp013332965.2	Responder_Status	Responder	-0.0254087221915546	0.506230466739703	0.960325726931252	0.990894325149475	sample_2022120210025
s__Catonella.morbi	Responder_Status	Responder	-0.0497951798426975	1.02759871829068	0.961695393614424	0.991429791826884	sample_2022120210025
s__Streptococcus.mutans	Responder_Status	Responder	0.0436636898030944	0.933468775006467	0.963024002811599	0.991748156795919	sample_2022120210025
s__HROM_Genome_1266	Responder_Status	Responder	-0.0434313290902545	0.957090086597978	0.964127701168282	0.992149651705613	sample_2022120210025
s__Streptococcus.mitis_AH	Responder_Status	Responder	0.0531607260170956	1.1711939117356	0.964118472357544	0.992149651705613	sample_2022120210025
s__Lancefieldella.sp000564995.4	Responder_Status	Responder	0.0177028463774888	0.41009654737319	0.965874378721928	0.992231866169446	sample_2022120210025
s__Pauljensenia.sp000466265	Responder_Status	Responder	-0.091311842303565	2.19224716754491	0.967071587055531	0.992281303523395	sample_2022120210025
s__HROM_Genome_1758	Responder_Status	Responder	-0.0518119590802341	1.25245633623245	0.96729588524863	0.992281303523395	sample_2022120210025
s__Streptococcus.mitis_J	Responder_Status	Responder	0.0235308400973027	0.554955587033185	0.966479715398917	0.992281303523395	sample_2022120210025
s__HROM_Genome_2673	Responder_Status	Responder	-0.0294002734144595	0.733297241919479	0.968303297731313	0.992281303523395	sample_2022120210025
s__HROM_Genome_5029	Responder_Status	Responder	-0.0549671738967883	1.32382518039608	0.967174844083371	0.992281303523395	sample_2022120210025
s__HROM_Genome_1750	Responder_Status	Responder	-0.0642774438751641	1.6275650563805	0.968777578387469	0.992524827374104	sample_2022120210025
s__W11650.sp002999035	Responder_Status	Responder	0.0589481215706763	1.51717570842016	0.969282618875981	0.992524827374104	sample_2022120210025
s__HROM_Genome_2365	Responder_Status	Responder	-0.0319757548803606	0.828534853926197	0.969488635290751	0.992524827374104	sample_2022120210025
s__HROM_Genome_4477	Responder_Status	Responder	0.0361547130596081	0.920261070432599	0.968940001857389	0.992524827374104	sample_2022120210025
s__Streptococcus.sp901875575	Responder_Status	Responder	-0.0162979140211445	0.426908137161279	0.96981775113434	0.992535289036108	sample_2022120210025
s__HROM_Genome_4910	Responder_Status	Responder	0.0475882737351108	1.2647406606475	0.970252148870945	0.992535289036108	sample_2022120210025
s__Rothia.aeria	Responder_Status	Responder	-0.0338084275983325	1.14605144330122	0.976675148911206	0.994455075603363	sample_2022120210025
s__Lancefieldella.sp015258605	Responder_Status	Responder	0.0220733216749076	0.671424020990778	0.974007200561	0.994455075603363	sample_2022120210025
s__HROM_Genome_1892	Responder_Status	Responder	0.0348919660203434	1.15877721782964	0.976192116878419	0.994455075603363	sample_2022120210025
s__Streptococcus.oralis_X	Responder_Status	Responder	0.0244070757095066	0.799725304314326	0.975869387590903	0.994455075603363	sample_2022120210025
s__HROM_Genome_2319	Responder_Status	Responder	0.0241306492563997	0.740709844022718	0.974242447778341	0.994455075603363	sample_2022120210025
s__Streptococcus.oralis_Y.2	Responder_Status	Responder	0.0235953452503348	0.743945395503456	0.974923141753094	0.994455075603363	sample_2022120210025
s__Nanogingivalis.sp900555945	Responder_Status	Responder	-0.0207917901062511	0.63306774789012	0.974032861659808	0.994455075603363	sample_2022120210025
s__HROM_Genome_2224	Responder_Status	Responder	0.0139702440146781	0.504662477229127	0.978111863574754	0.994473789033867	sample_2022120210025
s__Lacticaseibacillus.paracasei	Responder_Status	Responder	0.0448794523980258	1.60664630684376	0.977913238994652	0.994473789033867	sample_2022120210025
s__Rothia.mucilaginosa_B.2	Responder_Status	Responder	0.0409853421510201	1.56126555472196	0.979243057502801	0.99458367981355	sample_2022120210025
s__Peptidiphaga.sp000466165	Responder_Status	Responder	0.0222653605777831	0.899400780805724	0.9804253598811	0.994665448350117	sample_2022120210025
s__HROM_Genome_1014	Responder_Status	Responder	-0.0314567641323419	1.32295986172303	0.981198683925154	0.994665448350117	sample_2022120210025
s__Alloprevotella.tannerae	Responder_Status	Responder	-0.033331380453213	1.31831204458354	0.980008268258141	0.994665448350117	sample_2022120210025
s__HROM_Genome_2690	Responder_Status	Responder	-0.0195348562970308	0.762440334988613	0.979740981458407	0.994665448350117	sample_2022120210025
s__JABZIP01.sp015258265	Responder_Status	Responder	0.0420127730037002	1.81962919755094	0.981743322513652	0.994699129513311	sample_2022120210025
s__Streptococcus.sp902460355	Responder_Status	Responder	-0.027620181528381	1.21080609410531	0.9819625069311	0.994748477073432	sample_2022120210025
s__Neisseria.sp000186165	Responder_Status	Responder	0.0343105049395144	1.53310982931467	0.982303819039704	0.994909056623335	sample_2022120210025
s__Neisseria.flavescens	Responder_Status	Responder	0.0200458383408842	0.96027997850478	0.983493426207076	0.99560793579429	sample_2022120210025
s__Pauljensenia.sp000185285	Responder_Status	Responder	-0.0235158839456769	1.24397578977297	0.985051905109781	0.996471963001655	sample_2022120210025
s__HROM_Genome_2410	Responder_Status	Responder	-0.0125878567122757	0.656862989643352	0.984846508042806	0.996471963001655	sample_2022120210025
s__HROM_Genome_0083	Responder_Status	Responder	0.0101761811624271	0.658030406715607	0.987771190081074	0.996991571480184	sample_2022120210025
s__Lancefieldella.sp000564995.11	Responder_Status	Responder	-0.00557409327330519	0.44416205207949	0.990076057731692	0.996991571480184	sample_2022120210025
s__HROM_Genome_1021	Responder_Status	Responder	0.0214547383729994	1.71356461575132	0.990099109884307	0.996991571480184	sample_2022120210025
s__Campylobacter_A.showae_A	Responder_Status	Responder	-0.0207140707077141	1.42368288655971	0.988494656873291	0.996991571480184	sample_2022120210025
s__Oribacterium.sinus.5	Responder_Status	Responder	0.00913126292147302	0.603997941838917	0.988045222143664	0.996991571480184	sample_2022120210025
s__HROM_Genome_2342	Responder_Status	Responder	0.0102718591392431	0.68743557517055	0.988184188085195	0.996991571480184	sample_2022120210025
s__Granulicatella.adiacens	Responder_Status	Responder	0.00742266113227056	0.620497641139512	0.990540416244844	0.996991571480184	sample_2022120210025
s__CAJPSE01.sp905373185	Responder_Status	Responder	0.0131189360973624	1.18808033098416	0.991268136757856	0.997249927238291	sample_2022120210025
s__Streptococcus.mitis_D	Responder_Status	Responder	-0.00448895459998095	0.456749525097594	0.99222817303408	0.997699705265183	sample_2022120210025
s__Nanosyncoccus.sp015257485	Responder_Status	Responder	0.00305742900573584	0.302687012913568	0.992012365202084	0.997699705265183	sample_2022120210025
s__Veillonella.sp900757715	Responder_Status	Responder	-0.00676818650950118	0.754434386684297	0.992905724260036	0.997865122469395	sample_2022120210025
s__HROM_Genome_1196	Responder_Status	Responder	-0.00307960712369573	0.991843415254313	0.997544642503864	0.998649822243222	sample_2022120210025
s__Streptococcus.timonensis	Responder_Status	Responder	0.00518103460774541	1.46291247781326	0.997199339514445	0.998649822243222	sample_2022120210025
s__HROM_Genome_2669	Responder_Status	Responder	-0.00529533987164602	1.18614562949204	0.996469651428432	0.998649822243222	sample_2022120210025
s__Centipeda.flueggei	Responder_Status	Responder	6.36647429959863e-05	1.03474542588098	0.999951344859618	0.999951344859618	sample_2022120210025
