feature	metadata	value	coef	stderr	pval	qval	holdout
HROV.vOTU20811	Responder_Status	Responder	4.20554938746053	0.748688479156002	5.15103900371786e-06	0.00977292581887198	sample_2022120210048
HROV.vOTU35149	Responder_Status	Responder	-1.30800298742299	0.26863636987429	3.9674442943948e-05	0.0435792433810629	sample_2022120210048
HROV.vOTU75944	Responder_Status	Responder	-1.91121145563448	0.395874523380597	4.44075548594237e-05	0.046108765187225	sample_2022120210048
HROV.vOTU41492	Responder_Status	Responder	3.297229012361	0.717285785833698	8.34554633307712e-05	0.0696686207885278	sample_2022120210048
HROV.vOTU08997	Responder_Status	Responder	-2.8258210858453	0.654382965623846	0.000178046022212869	0.106166299530931	sample_2022120210048
HROV.vOTU03764	Responder_Status	Responder	-2.43318325271805	0.570363237479888	0.000205142405189082	0.115711405305301	sample_2022120210048
HROV.vOTU26732	Responder_Status	Responder	-4.06725916112467	0.960107152484236	0.000222355601282402	0.117633770438451	sample_2022120210048
HROV.vOTU09867	Responder_Status	Responder	-0.905428213210983	0.213992050233063	0.000225460029589748	0.117633770438451	sample_2022120210048
HROV.vOTU64653	Responder_Status	Responder	-2.0406006372182	0.505301495174229	0.000379080893126553	0.158228364791023	sample_2022120210048
HROV.vOTU07618	Responder_Status	Responder	-3.67504814501581	0.917745169888298	0.000415242561388992	0.166656004926698	sample_2022120210048
HROV.vOTU01981	Responder_Status	Responder	2.96306370287227	0.75027093480771	0.000481284697162476	0.189517200561903	sample_2022120210048
HROV.vOTU72475	Responder_Status	Responder	-2.53197840493848	0.653601510366293	0.000588673731238414	0.200339849742965	sample_2022120210048
HROV.vOTU29861	Responder_Status	Responder	-2.99303696463263	0.777883651973365	0.000631245695886309	0.208948793370253	sample_2022120210048
HROV.vOTU09864	Responder_Status	Responder	-2.13403354628953	0.556179307412946	0.000649496791567754	0.208948793370253	sample_2022120210048
HROV.vOTU70612	Responder_Status	Responder	-1.60578917589719	0.421132273166553	0.000692136034636578	0.209445909327111	sample_2022120210048
HROV.vOTU23447	Responder_Status	Responder	-3.23092344548231	0.86502011899632	0.000850927803419589	0.224795737435023	sample_2022120210048
HROV.vOTU21781	Responder_Status	Responder	-1.81927443377718	0.490931043613117	0.000919448303827149	0.231469123899953	sample_2022120210048
HROV.vOTU71115	Responder_Status	Responder	-3.7601951561002	1.02635930677631	0.001027437054599	0.240858124093218	sample_2022120210048
HROV.vOTU08478	Responder_Status	Responder	-2.14516675341139	0.593071635121016	0.00116120115557449	0.255097559124627	sample_2022120210048
HROV.vOTU38705	Responder_Status	Responder	2.78861766079724	0.775718403220738	0.00123065161262759	0.262479816078942	sample_2022120210048
HROV.vOTU45175	Responder_Status	Responder	2.8816386720813	0.809572111812292	0.00135014040840646	0.276249316896497	sample_2022120210048
HROV.vOTU47360	Responder_Status	Responder	-2.10564286886449	0.596485721889271	0.00145771637527643	0.281468600585649	sample_2022120210048
HROV.vOTU26034	Responder_Status	Responder	3.83961352156515	1.0916177633913	0.0015068349928572	0.283312128837205	sample_2022120210048
HROV.vOTU66954	Responder_Status	Responder	-2.20449867260581	0.64528467352046	0.00195828285134579	0.286991650944157	sample_2022120210048
HROV.vOTU43253	Responder_Status	Responder	-3.83328011778233	1.10233522454163	0.00167173633814645	0.286991650944157	sample_2022120210048
HROV.vOTU14455	Responder_Status	Responder	2.59365402326577	0.758812531312216	0.00194958396648373	0.286991650944157	sample_2022120210048
HROV.vOTU04023	Responder_Status	Responder	3.12758767938069	0.902178952069985	0.00171886027102868	0.286991650944157	sample_2022120210048
HROV.vOTU02469	Responder_Status	Responder	2.3662300052927	0.68831509892846	0.00185292102735181	0.286991650944157	sample_2022120210048
HROV.vOTU13191	Responder_Status	Responder	3.04688906509366	0.885926632684533	0.00184575193532223	0.286991650944157	sample_2022120210048
HROV.vOTU74507	Responder_Status	Responder	-2.51015853546156	0.728621454433254	0.00181793138979537	0.286991650944157	sample_2022120210048
HROV.vOTU64497	Responder_Status	Responder	-1.736057603549	0.510193148446562	0.00202811160443499	0.289525141945839	sample_2022120210048
HROV.vOTU65727	Responder_Status	Responder	2.82740662020199	0.833516684944848	0.00208433227610459	0.293919017583127	sample_2022120210048
HROV.vOTU20963	Responder_Status	Responder	-3.58642983888974	1.06603987108034	0.00223945883101807	0.303236072575413	sample_2022120210048
HROV.vOTU74504	Responder_Status	Responder	-0.877997867289598	0.261148538511737	0.00225211266167652	0.303236072575413	sample_2022120210048
HROV.vOTU61707	Responder_Status	Responder	-2.61313181879082	0.778355766428554	0.00228016611068457	0.304353615149227	sample_2022120210048
HROV.vOTU34455	Responder_Status	Responder	-2.17254845949021	0.647670749746959	0.00229688350100445	0.304353615149227	sample_2022120210048
HROV.vOTU06026	Responder_Status	Responder	2.80451962570039	0.838989902944507	0.0023667368436948	0.305811091618619	sample_2022120210048
HROV.vOTU28638	Responder_Status	Responder	-2.65059304150385	0.801221601978217	0.00258573587208106	0.313745974711231	sample_2022120210048
HROV.vOTU46906	Responder_Status	Responder	-3.4901170148227	1.05370642712262	0.00255915321329341	0.313745974711231	sample_2022120210048
HROV.vOTU43248	Responder_Status	Responder	-2.48079891358718	0.754402476790873	0.00271965903762023	0.322495932472354	sample_2022120210048
HROV.vOTU03523	Responder_Status	Responder	3.11065097447775	0.953822949714355	0.00291483560661006	0.336091818287028	sample_2022120210048
HROV.vOTU08745	Responder_Status	Responder	2.82773793863254	0.868595833866763	0.00295757081920518	0.337292366102799	sample_2022120210048
HROV.vOTU66335	Responder_Status	Responder	-3.54231381920745	1.12289929493154	0.00381850778153667	0.337719320110139	sample_2022120210048
HROV.vOTU15831	Responder_Status	Responder	2.13297050742965	0.685713688072368	0.00426514986130021	0.337719320110139	sample_2022120210048
HROV.vOTU50963	Responder_Status	Responder	-2.09331620910922	0.659687650868156	0.00364378713189521	0.337719320110139	sample_2022120210048
HROV.vOTU16270	Responder_Status	Responder	-3.40173999322726	1.09214627491624	0.0042210652186698	0.337719320110139	sample_2022120210048
HROV.vOTU06347	Responder_Status	Responder	-3.06352675182523	0.971207726799759	0.00382107041327806	0.337719320110139	sample_2022120210048
HROV.vOTU53817	Responder_Status	Responder	-2.46094894301085	0.768200139568965	0.00337487652021765	0.337719320110139	sample_2022120210048
HROV.vOTU19048	Responder_Status	Responder	2.87437089841876	0.888665479178924	0.00312012930243331	0.337719320110139	sample_2022120210048
HROV.vOTU44485	Responder_Status	Responder	2.62125134000869	0.830574675082152	0.00380568986544704	0.337719320110139	sample_2022120210048
HROV.vOTU63613	Responder_Status	Responder	2.35284715621526	0.759217717019484	0.00439026214956888	0.337719320110139	sample_2022120210048
HROV.vOTU73077	Responder_Status	Responder	-2.7651013387802	0.8924879339636	0.00439957668695692	0.337719320110139	sample_2022120210048
HROV.vOTU56246	Responder_Status	Responder	-1.00395592641302	0.320709644589797	0.00405807932131956	0.337719320110139	sample_2022120210048
HROV.vOTU52833	Responder_Status	Responder	-1.06707653369287	0.344154354453665	0.00437343616413694	0.337719320110139	sample_2022120210048
HROV.vOTU19010	Responder_Status	Responder	-3.32415562230725	1.07950251071009	0.00461192625968184	0.341684979703794	sample_2022120210048
HROV.vOTU57091	Responder_Status	Responder	2.0911472650688	0.681879480217767	0.00475924948249036	0.348595704633399	sample_2022120210048
HROV.vOTU02712	Responder_Status	Responder	2.6785920638613	0.877215925285479	0.00491870336656419	0.349161017891819	sample_2022120210048
HROV.vOTU15473	Responder_Status	Responder	3.02780756059443	0.989933994231497	0.00485685778635624	0.349161017891819	sample_2022120210048
HROV.vOTU01467	Responder_Status	Responder	1.84468390112117	0.603826591195106	0.00490067752523551	0.349161017891819	sample_2022120210048
HROV.vOTU21345	Responder_Status	Responder	-3.51358800247252	1.15039370071231	0.0049097314732595	0.349161017891819	sample_2022120210048
HROV.vOTU04694	Responder_Status	Responder	-1.7840183169623	0.583101857723487	0.00484554706690925	0.349161017891819	sample_2022120210048
HROV.vOTU26508	Responder_Status	Responder	2.79290970301376	0.915646522134358	0.00495940058397507	0.349717623158259	sample_2022120210048
HROV.vOTU00893	Responder_Status	Responder	2.6115612161983	0.866995411996447	0.00545029953557488	0.358852141854112	sample_2022120210048
HROV.vOTU21008	Responder_Status	Responder	-1.76968803411099	0.587302442007787	0.00543612524372453	0.358852141854112	sample_2022120210048
HROV.vOTU32200	Responder_Status	Responder	-0.986428828620793	0.327481394300746	0.00545070095676825	0.358852141854112	sample_2022120210048
HROV.vOTU07961	Responder_Status	Responder	-1.39419684208726	0.463236652004582	0.0054843128968154	0.359096418222879	sample_2022120210048
HROV.vOTU73170	Responder_Status	Responder	-1.70378832165306	0.566463112588682	0.00551045674808125	0.359385101038924	sample_2022120210048
HROV.vOTU45963	Responder_Status	Responder	-1.72356229258316	0.57586898439283	0.00571581781085398	0.363730307056808	sample_2022120210048
HROV.vOTU48360	Responder_Status	Responder	2.83780332600605	0.951690871683998	0.0058750291732292	0.364916246563373	sample_2022120210048
HROV.vOTU08062	Responder_Status	Responder	2.94592058838391	0.992221105374495	0.00606403232394812	0.370443586115962	sample_2022120210048
HROV.vOTU09958	Responder_Status	Responder	-2.94868315141579	1.00290409689808	0.0065103820907249	0.386986188596803	sample_2022120210048
HROV.vOTU32053	Responder_Status	Responder	-1.78655052621534	0.608397720438667	0.00656914173398719	0.386986188596803	sample_2022120210048
HROV.vOTU72708	Responder_Status	Responder	-1.97758010833759	0.673513261254544	0.00657348063572478	0.386986188596803	sample_2022120210048
HROV.vOTU02740	Responder_Status	Responder	-1.46277233485242	0.500442484938162	0.00679068838686752	0.389345238005289	sample_2022120210048
HROV.vOTU74082	Responder_Status	Responder	-3.40540519263441	1.17288418967418	0.00712276912422736	0.390495105213793	sample_2022120210048
HROV.vOTU64982	Responder_Status	Responder	-3.00068666512738	1.03828845346141	0.00735989880737245	0.390495105213793	sample_2022120210048
HROV.vOTU18437	Responder_Status	Responder	-1.91923566785351	0.665434868363896	0.00746562275899873	0.390495105213793	sample_2022120210048
HROV.vOTU43771	Responder_Status	Responder	2.81838579191385	0.9747033263183	0.00733301326604387	0.390495105213793	sample_2022120210048
HROV.vOTU60687	Responder_Status	Responder	2.68794516653112	0.931198656197689	0.00742278324980267	0.390495105213793	sample_2022120210048
HROV.vOTU12418	Responder_Status	Responder	2.88112188194661	0.998859241487996	0.00746144400398074	0.390495105213793	sample_2022120210048
HROV.vOTU71552	Responder_Status	Responder	-1.3238492255247	0.45700428980746	0.0072393618803556	0.390495105213793	sample_2022120210048
HROV.vOTU24359	Responder_Status	Responder	-1.24995456071885	0.428665313575408	0.00690870791117492	0.390495105213793	sample_2022120210048
HROV.vOTU57623	Responder_Status	Responder	1.98302956778192	0.690894058073668	0.00772350874790859	0.393692008141173	sample_2022120210048
HROV.vOTU11025	Responder_Status	Responder	3.81225985051674	1.33537543139364	0.00801832796530136	0.400340920181434	sample_2022120210048
HROV.vOTU23159	Responder_Status	Responder	2.85503542957252	1.00169940552436	0.00810895024979294	0.402937599317092	sample_2022120210048
HROV.vOTU45866	Responder_Status	Responder	-2.86113209233086	1.00804297633483	0.00834604099243833	0.407920083166717	sample_2022120210048
HROV.vOTU22200	Responder_Status	Responder	-2.16270734972857	0.766342535350695	0.00867940426788215	0.412617692643965	sample_2022120210048
HROV.vOTU07359	Responder_Status	Responder	2.72890692513451	0.967717146929078	0.00872509752206154	0.413847239285056	sample_2022120210048
HROV.vOTU42956	Responder_Status	Responder	-3.0722209640651	1.09698401369086	0.00914176878466137	0.420177021932036	sample_2022120210048
HROV.vOTU01892	Responder_Status	Responder	-3.8738600075399	1.38421927762934	0.00918632804362675	0.420177021932036	sample_2022120210048
HROV.vOTU00231	Responder_Status	Responder	2.37326292923852	0.846770164048233	0.00909525347709757	0.420177021932036	sample_2022120210048
HROV.vOTU11726	Responder_Status	Responder	3.02852124515763	1.08282348371299	0.0092243267523984	0.420177021932036	sample_2022120210048
HROV.vOTU18970	Responder_Status	Responder	2.96107617304858	1.06036128037223	0.0093216081051525	0.420177021932036	sample_2022120210048
HROV.vOTU20363	Responder_Status	Responder	-1.28245128804349	0.458119014703576	0.00916872820722731	0.420177021932036	sample_2022120210048
HROV.vOTU39739	Responder_Status	Responder	-1.22468769747246	0.439058712306792	0.0093929283376269	0.422479341392831	sample_2022120210048
HROV.vOTU07148	Responder_Status	Responder	3.33913947674784	1.200430279028	0.00956910107432098	0.423233437654407	sample_2022120210048
HROV.vOTU03095	Responder_Status	Responder	-1.62650746209999	0.585488953776458	0.00965188691258113	0.424968100982211	sample_2022120210048
HROV.vOTU07899	Responder_Status	Responder	3.02938377169006	1.10078873992411	0.0102730266231909	0.432328650016846	sample_2022120210048
HROV.vOTU06547	Responder_Status	Responder	-2.44371384942614	0.886643575727674	0.0101720446100827	0.432328650016846	sample_2022120210048
HROV.vOTU01795	Responder_Status	Responder	-2.56291924907603	0.933923013805823	0.0104654248326796	0.432501814372323	sample_2022120210048
HROV.vOTU24280	Responder_Status	Responder	-1.5138872720364	0.553391384495663	0.0106824983673842	0.435835146523302	sample_2022120210048
HROV.vOTU26100	Responder_Status	Responder	2.28725241816064	0.837493635080791	0.0107999949317199	0.436260882844849	sample_2022120210048
HROV.vOTU10654	Responder_Status	Responder	2.62090405816189	0.960725446737274	0.0108780789201705	0.436260882844849	sample_2022120210048
HROV.vOTU05922	Responder_Status	Responder	2.33915053529957	0.856806098708203	0.0108254397491195	0.436260882844849	sample_2022120210048
HROV.vOTU04606	Responder_Status	Responder	2.15461824378242	0.791688808393683	0.0110478489782087	0.436682970028816	sample_2022120210048
HROV.vOTU52875	Responder_Status	Responder	-2.84268768298128	1.04384613573803	0.0110022828275859	0.436682970028816	sample_2022120210048
HROV.vOTU02836	Responder_Status	Responder	2.76947330017442	1.01705868390263	0.0110091025665377	0.436682970028816	sample_2022120210048
HROV.vOTU30890	Responder_Status	Responder	-2.19882120084987	0.808863319066031	0.0111306963187323	0.437551386261905	sample_2022120210048
HROV.vOTU59503	Responder_Status	Responder	-2.21994950306313	0.820007773611966	0.0114305777780921	0.43947952135314	sample_2022120210048
HROV.vOTU09477	Responder_Status	Responder	-0.392145272550639	0.144623671513738	0.0113154847976601	0.43947952135314	sample_2022120210048
HROV.vOTU12145	Responder_Status	Responder	-2.04701383919399	0.757678052515101	0.0115818752632596	0.43947952135314	sample_2022120210048
HROV.vOTU06856	Responder_Status	Responder	3.42146538411865	1.27636618352637	0.0121747743708683	0.453314603487026	sample_2022120210048
HROV.vOTU21061	Responder_Status	Responder	2.08453851256923	0.782090728200503	0.0126227498501935	0.454488828696814	sample_2022120210048
HROV.vOTU50435	Responder_Status	Responder	2.41577839740838	0.907114509910749	0.0126883135951958	0.454488828696814	sample_2022120210048
HROV.vOTU29848	Responder_Status	Responder	2.67221606244797	1.00084121770673	0.0124855191743108	0.454488828696814	sample_2022120210048
HROV.vOTU24797	Responder_Status	Responder	2.2861852863736	0.860487706944483	0.0128781900303997	0.455349659450909	sample_2022120210048
HROV.vOTU38546	Responder_Status	Responder	-0.786428236056702	0.295970186368046	0.0128699500977975	0.455349659450909	sample_2022120210048
HROV.vOTU59028	Responder_Status	Responder	-2.49892875570762	0.946507542920281	0.0133943122427292	0.462813404810857	sample_2022120210048
HROV.vOTU62466	Responder_Status	Responder	2.70127148900726	1.02562135405812	0.0135962218627855	0.465169098813662	sample_2022120210048
HROV.vOTU10197	Responder_Status	Responder	1.85749672120875	0.706741009604633	0.0137739998925296	0.465240570492806	sample_2022120210048
HROV.vOTU44304	Responder_Status	Responder	-2.34207805325936	0.890663448451697	0.0137310245586787	0.465240570492806	sample_2022120210048
HROV.vOTU40209	Responder_Status	Responder	1.8064696658109	0.687992870866825	0.0138565433390805	0.465240570492806	sample_2022120210048
HROV.vOTU23315	Responder_Status	Responder	-1.94894878551651	0.742489599110878	0.0138834218174015	0.465240570492806	sample_2022120210048
HROV.vOTU13507	Responder_Status	Responder	-1.68896207784355	0.645766156234031	0.014194124596459	0.468931705748434	sample_2022120210048
HROV.vOTU55030	Responder_Status	Responder	2.23775833719709	0.856019370935167	0.0142372153849444	0.468960623242249	sample_2022120210048
HROV.vOTU70504	Responder_Status	Responder	-0.89759191190432	0.344955908569406	0.0146457477508547	0.470561511862226	sample_2022120210048
HROV.vOTU01482	Responder_Status	Responder	2.05254307637638	0.786667608217695	0.0144041983186119	0.470561511862226	sample_2022120210048
HROV.vOTU02903	Responder_Status	Responder	2.41856523691371	0.930449023601078	0.0147382545283939	0.470561511862226	sample_2022120210048
HROV.vOTU70703	Responder_Status	Responder	-1.29054827160097	0.49817870989593	0.0150447566962392	0.4742961816473	sample_2022120210048
HROV.vOTU19646	Responder_Status	Responder	-1.002755358951	0.388781874288503	0.0154464190554892	0.476753150000196	sample_2022120210048
HROV.vOTU28137	Responder_Status	Responder	-1.95311539202193	0.757601501942005	0.0154895748853731	0.476795616309347	sample_2022120210048
HROV.vOTU01904	Responder_Status	Responder	2.81464674974515	1.09236545922845	0.0155390911431656	0.477053393512804	sample_2022120210048
HROV.vOTU05758	Responder_Status	Responder	-1.16487954494384	0.453262237914344	0.0157817002389113	0.477909392489897	sample_2022120210048
HROV.vOTU67371	Responder_Status	Responder	-1.2852665497286	0.49997610799453	0.0157573048287246	0.477909392489897	sample_2022120210048
HROV.vOTU70637	Responder_Status	Responder	-0.540229695772476	0.210041907625813	0.0157078213151586	0.477909392489897	sample_2022120210048
HROV.vOTU64314	Responder_Status	Responder	-0.864431492829299	0.336976476416583	0.0159561550626397	0.478252837990767	sample_2022120210048
HROV.vOTU34617	Responder_Status	Responder	-0.979390485404408	0.381672841789041	0.0159269317589356	0.478252837990767	sample_2022120210048
HROV.vOTU02505	Responder_Status	Responder	2.11963677057289	0.82722650214825	0.0160645412288207	0.478269579808113	sample_2022120210048
HROV.vOTU05208	Responder_Status	Responder	1.94954395079661	0.763604223529101	0.0164132350069084	0.48083045524472	sample_2022120210048
HROV.vOTU59590	Responder_Status	Responder	2.90667294543341	1.1388797173141	0.0164459915004606	0.48083045524472	sample_2022120210048
HROV.vOTU00880	Responder_Status	Responder	-2.46313584724759	0.976230567906541	0.0175905215580206	0.482767563868905	sample_2022120210048
HROV.vOTU04572	Responder_Status	Responder	1.97021121173438	0.785295438520003	0.0181763288433851	0.482767563868905	sample_2022120210048
HROV.vOTU00682	Responder_Status	Responder	1.97556923969835	0.78149397876676	0.0173956598414629	0.482767563868905	sample_2022120210048
HROV.vOTU50652	Responder_Status	Responder	1.89066009971296	0.744527139052531	0.016940866813816	0.482767563868905	sample_2022120210048
HROV.vOTU04802	Responder_Status	Responder	2.0113970266379	0.799453582331422	0.0178824085156842	0.482767563868905	sample_2022120210048
HROV.vOTU23606	Responder_Status	Responder	-2.86362660446603	1.13704566075298	0.0177791397231351	0.482767563868905	sample_2022120210048
HROV.vOTU66152	Responder_Status	Responder	-0.929240835368584	0.36653057444855	0.0171051562098302	0.482767563868905	sample_2022120210048
HROV.vOTU68200	Responder_Status	Responder	-1.40778974600443	0.561417588551831	0.0182314211129439	0.482767563868905	sample_2022120210048
HROV.vOTU04129	Responder_Status	Responder	2.16215382475233	0.856159039023935	0.0174973791157203	0.482767563868905	sample_2022120210048
HROV.vOTU46686	Responder_Status	Responder	2.11687161078238	0.836925289812715	0.0173393809259515	0.482767563868905	sample_2022120210048
HROV.vOTU01179	Responder_Status	Responder	2.56351718257165	1.01593266589865	0.0175821966573065	0.482767563868905	sample_2022120210048
HROV.vOTU04569	Responder_Status	Responder	2.13125060896638	0.842686873077662	0.0173485960172654	0.482767563868905	sample_2022120210048
HROV.vOTU00162	Responder_Status	Responder	2.35672525439055	0.938683431899464	0.0181015773183883	0.482767563868905	sample_2022120210048
HROV.vOTU36826	Responder_Status	Responder	2.50699428807552	0.99156710148671	0.0173805700904991	0.482767563868905	sample_2022120210048
HROV.vOTU16979	Responder_Status	Responder	1.64403768928549	0.656298923127987	0.0183385411782776	0.482767563868905	sample_2022120210048
HROV.vOTU64657	Responder_Status	Responder	1.33425733216467	0.531695560998444	0.0181529566059574	0.482767563868905	sample_2022120210048
HROV.vOTU17545	Responder_Status	Responder	-0.415816400844835	0.164363266927434	0.0173186446841933	0.482767563868905	sample_2022120210048
HROV.vOTU14922	Responder_Status	Responder	-1.0107673451928	0.39813491630377	0.0169665259152386	0.482767563868905	sample_2022120210048
HROV.vOTU33883	Responder_Status	Responder	3.0204560994859	1.19442277157175	0.0173611507548711	0.482767563868905	sample_2022120210048
HROV.vOTU58173	Responder_Status	Responder	-0.823349827071663	0.329510799786052	0.0186062078825202	0.48599694431564	sample_2022120210048
HROV.vOTU22120	Responder_Status	Responder	1.86160813476348	0.746228521517702	0.0187783749292947	0.486234100216353	sample_2022120210048
HROV.vOTU73091	Responder_Status	Responder	-2.18038113180708	0.873811395750116	0.0187540711557554	0.486234100216353	sample_2022120210048
HROV.vOTU58420	Responder_Status	Responder	-1.74325344779938	0.697993200946398	0.0186567262374825	0.486234100216353	sample_2022120210048
HROV.vOTU60533	Responder_Status	Responder	-2.69543712397286	1.08497003875508	0.0192288883906464	0.489307534994021	sample_2022120210048
HROV.vOTU03230	Responder_Status	Responder	2.22649298091809	0.895860396365734	0.0191862341913615	0.489307534994021	sample_2022120210048
HROV.vOTU09406	Responder_Status	Responder	2.33722224069701	0.943529217944949	0.0195498549608111	0.489517582574672	sample_2022120210048
HROV.vOTU01761	Responder_Status	Responder	2.35094122203136	0.950174365632783	0.0196792166641183	0.489517582574672	sample_2022120210048
HROV.vOTU00906	Responder_Status	Responder	1.81386234430618	0.734017498499456	0.0198180592908484	0.491003954988479	sample_2022120210048
HROV.vOTU49658	Responder_Status	Responder	1.99106383738037	0.808837032105252	0.0202525856667276	0.491003954988479	sample_2022120210048
HROV.vOTU03695	Responder_Status	Responder	2.28709120210593	0.929498117724035	0.0203021420084441	0.491003954988479	sample_2022120210048
HROV.vOTU62944	Responder_Status	Responder	2.66934884589411	1.08642418277042	0.0204675644450815	0.491003954988479	sample_2022120210048
HROV.vOTU59733	Responder_Status	Responder	1.88981451742638	0.769421158571634	0.0205073820527073	0.491003954988479	sample_2022120210048
HROV.vOTU51288	Responder_Status	Responder	1.79596589674359	0.727279861231974	0.0198957873669114	0.491003954988479	sample_2022120210048
HROV.vOTU39537	Responder_Status	Responder	-1.27184679962267	0.518767996917986	0.0207177513798542	0.492459534507467	sample_2022120210048
HROV.vOTU00482	Responder_Status	Responder	2.08767275708783	0.853426245004583	0.0209758082693019	0.494091555959742	sample_2022120210048
HROV.vOTU38878	Responder_Status	Responder	-1.18250866593412	0.48297939655286	0.0208741167071965	0.494091555959742	sample_2022120210048
HROV.vOTU71326	Responder_Status	Responder	2.31434112940331	0.945936802762051	0.0209573298196544	0.494091555959742	sample_2022120210048
HROV.vOTU14373	Responder_Status	Responder	1.89956200290285	0.777267787302304	0.0210871196016436	0.494495892820749	sample_2022120210048
HROV.vOTU69623	Responder_Status	Responder	2.9282173370167	1.19836173656315	0.0211053071498046	0.494495892820749	sample_2022120210048
HROV.vOTU11502	Responder_Status	Responder	-1.07073405777671	0.438623730431285	0.0212204447750038	0.494828400714227	sample_2022120210048
HROV.vOTU55031	Responder_Status	Responder	-1.23308002155032	0.506877004855385	0.0216298875099464	0.495619476839079	sample_2022120210048
HROV.vOTU61744	Responder_Status	Responder	-1.50878738090899	0.619827422248889	0.0215561903563475	0.495619476839079	sample_2022120210048
HROV.vOTU64237	Responder_Status	Responder	1.97260478151994	0.812113916841006	0.0218133052329935	0.497861402035938	sample_2022120210048
HROV.vOTU29916	Responder_Status	Responder	2.45818299493366	1.01488363492233	0.0221539367950465	0.500923792971421	sample_2022120210048
HROV.vOTU25214	Responder_Status	Responder	-1.14718981866157	0.474658428819252	0.0224190112457902	0.503643449622866	sample_2022120210048
HROV.vOTU07496	Responder_Status	Responder	-2.06461306492667	0.854036560285664	0.0223885292897183	0.503643449622866	sample_2022120210048
HROV.vOTU58042	Responder_Status	Responder	2.01275946518865	0.832694160906431	0.0224042708925332	0.503643449622866	sample_2022120210048
HROV.vOTU08189	Responder_Status	Responder	-1.78752803873617	0.740728858774479	0.0226058786126672	0.506238698934727	sample_2022120210048
HROV.vOTU71826	Responder_Status	Responder	-1.40261587238355	0.581589015564592	0.0226828923189982	0.506301564382345	sample_2022120210048
HROV.vOTU01753	Responder_Status	Responder	2.02530222015086	0.841450337754152	0.0229288673005907	0.507745518081921	sample_2022120210048
HROV.vOTU48330	Responder_Status	Responder	-0.764102329093347	0.317556852356731	0.0229665437982431	0.507745518081921	sample_2022120210048
HROV.vOTU74890	Responder_Status	Responder	-0.722461816338403	0.300199185943907	0.0229449180400406	0.507745518081921	sample_2022120210048
HROV.vOTU13955	Responder_Status	Responder	-2.35508308256908	0.980611746383583	0.0232030988978913	0.508057432896444	sample_2022120210048
HROV.vOTU56571	Responder_Status	Responder	2.19309309755645	0.911892621154381	0.0230288086738584	0.508057432896444	sample_2022120210048
HROV.vOTU02014	Responder_Status	Responder	2.81399600067191	1.17168160459638	0.0232017328861969	0.508057432896444	sample_2022120210048
HROV.vOTU70488	Responder_Status	Responder	-1.55323183733251	0.647804847532296	0.0234111816669446	0.508221874179516	sample_2022120210048
HROV.vOTU38195	Responder_Status	Responder	-2.90093274441198	1.21073850691023	0.0235000390945718	0.509289528456609	sample_2022120210048
HROV.vOTU05088	Responder_Status	Responder	2.0793855829169	0.869612808890141	0.0237574466302251	0.50941037887807	sample_2022120210048
HROV.vOTU23255	Responder_Status	Responder	2.70984866695298	1.13280457196986	0.0237042434074692	0.50941037887807	sample_2022120210048
HROV.vOTU38933	Responder_Status	Responder	-1.52172349898577	0.637230998230296	0.0239256856879414	0.509519449293201	sample_2022120210048
HROV.vOTU14169	Responder_Status	Responder	1.89909933965789	0.798930055836213	0.0245225739439321	0.510708750035842	sample_2022120210048
HROV.vOTU23163	Responder_Status	Responder	1.99012046782468	0.835705826777691	0.0242864106168282	0.510708750035842	sample_2022120210048
HROV.vOTU61820	Responder_Status	Responder	-2.82138743724755	1.18675319680291	0.0245034892269004	0.510708750035842	sample_2022120210048
HROV.vOTU02488	Responder_Status	Responder	2.09212315237337	0.881651536250312	0.0247487665068943	0.510824488942257	sample_2022120210048
HROV.vOTU15122	Responder_Status	Responder	-2.55290044783703	1.08052675793697	0.0253271164644306	0.512807741980636	sample_2022120210048
HROV.vOTU10130	Responder_Status	Responder	2.04144816716908	0.864663259489375	0.0254218783997434	0.512807741980636	sample_2022120210048
HROV.vOTU24513	Responder_Status	Responder	1.97470376335659	0.834995072913026	0.0251979852391095	0.512807741980636	sample_2022120210048
HROV.vOTU34920	Responder_Status	Responder	1.83858014949725	0.779220934730686	0.025505243707518	0.512807741980636	sample_2022120210048
HROV.vOTU03454	Responder_Status	Responder	-2.41401880528675	1.02158057488396	0.0253056473049354	0.512807741980636	sample_2022120210048
HROV.vOTU74692	Responder_Status	Responder	-1.90264469026979	0.807381231359563	0.0256738479292507	0.514056787017073	sample_2022120210048
HROV.vOTU24292	Responder_Status	Responder	-1.98324302730836	0.841835571600419	0.025714457931705	0.514056787017073	sample_2022120210048
HROV.vOTU75483	Responder_Status	Responder	-3.13097238986256	1.33382754087073	0.0262068310527285	0.515977890632494	sample_2022120210048
HROV.vOTU20894	Responder_Status	Responder	-1.73658743082074	0.739417166209888	0.0261350047670714	0.515977890632494	sample_2022120210048
HROV.vOTU43762	Responder_Status	Responder	3.26567081965444	1.39111975736028	0.026197881755415	0.515977890632494	sample_2022120210048
HROV.vOTU04367	Responder_Status	Responder	1.9351622424217	0.825629136845171	0.026411876958014	0.516142557938476	sample_2022120210048
HROV.vOTU66220	Responder_Status	Responder	-2.103915198234	0.896508928894981	0.0262403188253624	0.516142557938476	sample_2022120210048
HROV.vOTU33206	Responder_Status	Responder	-1.99426335902122	0.851475334153645	0.0265143022566931	0.516142557938476	sample_2022120210048
HROV.vOTU04583	Responder_Status	Responder	-1.82459335825714	0.777698699897485	0.0262779362332866	0.516142557938476	sample_2022120210048
HROV.vOTU00314	Responder_Status	Responder	1.96636555866622	0.841219971254852	0.0267879544478565	0.51810414131303	sample_2022120210048
HROV.vOTU75192	Responder_Status	Responder	-1.21666941689422	0.520583881411932	0.0268113307435588	0.51810414131303	sample_2022120210048
HROV.vOTU07510	Responder_Status	Responder	1.83294260703422	0.784423039850781	0.0268381086539392	0.518141838675033	sample_2022120210048
HROV.vOTU58254	Responder_Status	Responder	-1.20924679667261	0.518235034893489	0.0270347837822576	0.520975011574992	sample_2022120210048
HROV.vOTU05109	Responder_Status	Responder	1.88464144457823	0.81061969495915	0.0275475917764849	0.520982206526973	sample_2022120210048
HROV.vOTU01913	Responder_Status	Responder	1.88779735483635	0.813305685787388	0.0277807939139589	0.520982206526973	sample_2022120210048
HROV.vOTU10880	Responder_Status	Responder	1.90104024115208	0.818829015092819	0.027749009330791	0.520982206526973	sample_2022120210048
HROV.vOTU35741	Responder_Status	Responder	-1.9369687066364	0.831279833427568	0.0272332912244436	0.520982206526973	sample_2022120210048
HROV.vOTU21612	Responder_Status	Responder	-1.00353038097369	0.431093328943909	0.0273686828919546	0.520982206526973	sample_2022120210048
HROV.vOTU71167	Responder_Status	Responder	2.54563978076495	1.09582330019124	0.0276640686879928	0.520982206526973	sample_2022120210048
HROV.vOTU10321	Responder_Status	Responder	1.5987740700052	0.686797646777363	0.0273689843977163	0.520982206526973	sample_2022120210048
HROV.vOTU70060	Responder_Status	Responder	-1.06546196754984	0.46062982421142	0.028283317680645	0.520982206526973	sample_2022120210048
HROV.vOTU69731	Responder_Status	Responder	-1.43196021173257	0.617294269951204	0.0278674852197076	0.520982206526973	sample_2022120210048
HROV.vOTU41251	Responder_Status	Responder	-1.52549388491669	0.660206907992012	0.028435595391095	0.521783190261532	sample_2022120210048
HROV.vOTU38389	Responder_Status	Responder	-2.67648938682154	1.15955316040432	0.0285884743174671	0.522453116467196	sample_2022120210048
HROV.vOTU39839	Responder_Status	Responder	-3.24516839324586	1.40631383511202	0.0286288003876471	0.522732339536478	sample_2022120210048
HROV.vOTU49378	Responder_Status	Responder	-2.54352555891801	1.10607065247021	0.0291374317234218	0.525267871297485	sample_2022120210048
HROV.vOTU49879	Responder_Status	Responder	2.09229327820673	0.912509488814936	0.0295718853113738	0.528496189195164	sample_2022120210048
HROV.vOTU42695	Responder_Status	Responder	-1.21923418149655	0.531165944014728	0.0294097301234283	0.528496189195164	sample_2022120210048
HROV.vOTU02199	Responder_Status	Responder	-0.670733813062185	0.292558903239476	0.0295885199793848	0.528496189195164	sample_2022120210048
HROV.vOTU52357	Responder_Status	Responder	1.41560026271193	0.618590580767096	0.0298649128213554	0.528652019153254	sample_2022120210048
HROV.vOTU04832	Responder_Status	Responder	1.88484697928706	0.826036047017258	0.0303042589966033	0.531270877466885	sample_2022120210048
HROV.vOTU22361	Responder_Status	Responder	-1.09735316470124	0.481119908072723	0.0303687873649331	0.531270877466885	sample_2022120210048
HROV.vOTU73912	Responder_Status	Responder	1.91333065875203	0.839962552182488	0.0305668219207257	0.533396559566093	sample_2022120210048
HROV.vOTU19280	Responder_Status	Responder	-2.74180675249204	1.20799418777981	0.0311196434851221	0.534722760578417	sample_2022120210048
HROV.vOTU36861	Responder_Status	Responder	-1.87421216358307	0.825605209064557	0.0310931120328002	0.534722760578417	sample_2022120210048
HROV.vOTU21547	Responder_Status	Responder	1.56294187245773	0.690121826937107	0.0314619136060972	0.534722760578417	sample_2022120210048
HROV.vOTU28224	Responder_Status	Responder	-2.37616568787661	1.04891927705242	0.0314196243782235	0.534722760578417	sample_2022120210048
HROV.vOTU71497	Responder_Status	Responder	-1.57547061671083	0.695660206978376	0.0314633229511402	0.534722760578417	sample_2022120210048
HROV.vOTU43440	Responder_Status	Responder	-1.22604542331411	0.541513289869223	0.0315049745858287	0.534994971201175	sample_2022120210048
HROV.vOTU08820	Responder_Status	Responder	-2.74999025340675	1.21903199805536	0.03207813162972	0.53686496159764	sample_2022120210048
HROV.vOTU69478	Responder_Status	Responder	1.7705135105757	0.785655936629092	0.0322422629374905	0.537970658311489	sample_2022120210048
HROV.vOTU08373	Responder_Status	Responder	-1.0489394064207	0.465609387148136	0.0322928680937549	0.538300444981362	sample_2022120210048
HROV.vOTU06486	Responder_Status	Responder	-1.6711169522063	0.744339208331254	0.0328431112217058	0.541145699293146	sample_2022120210048
HROV.vOTU32755	Responder_Status	Responder	1.85460916169395	0.824797326503696	0.0325956263130968	0.541145699293146	sample_2022120210048
HROV.vOTU62679	Responder_Status	Responder	-1.52259135956248	0.678335223231958	0.0328790759898333	0.541145699293146	sample_2022120210048
HROV.vOTU00884	Responder_Status	Responder	-1.18318681596018	0.527473119743974	0.0329853253029657	0.541197908076175	sample_2022120210048
HROV.vOTU51433	Responder_Status	Responder	-1.87087129939464	0.834455234884533	0.0330642818567796	0.541641728689945	sample_2022120210048
HROV.vOTU09590	Responder_Status	Responder	-1.78029148173675	0.794511310377861	0.0331574475374353	0.542234974204459	sample_2022120210048
HROV.vOTU42142	Responder_Status	Responder	-0.765439698112627	0.341946459602625	0.033321279856164	0.542586948791076	sample_2022120210048
HROV.vOTU74139	Responder_Status	Responder	-2.80414872874128	1.25321520437187	0.0333878023892809	0.542935765066145	sample_2022120210048
HROV.vOTU07317	Responder_Status	Responder	1.87010513567179	0.837056559219728	0.0336375632118124	0.542935765066145	sample_2022120210048
HROV.vOTU61513	Responder_Status	Responder	-2.1132062138766	0.94666843129455	0.033776218441749	0.54391178925872	sample_2022120210048
HROV.vOTU66454	Responder_Status	Responder	-1.2182960685858	0.546397202422084	0.0339654909614773	0.54536919475053	sample_2022120210048
HROV.vOTU01792	Responder_Status	Responder	-2.05967412960893	0.928048185798325	0.034736870049162	0.54554764382776	sample_2022120210048
HROV.vOTU01210	Responder_Status	Responder	2.81870792047666	1.26601708539896	0.0342066850852486	0.54554764382776	sample_2022120210048
HROV.vOTU33117	Responder_Status	Responder	1.34021071036933	0.60329780478807	0.0345777607279065	0.54554764382776	sample_2022120210048
HROV.vOTU50270	Responder_Status	Responder	-1.98924655399471	0.896507003076329	0.0347727610108138	0.54554764382776	sample_2022120210048
HROV.vOTU10396	Responder_Status	Responder	-1.11122044257499	0.50120385909993	0.0349076337433641	0.546528369260321	sample_2022120210048
HROV.vOTU23716	Responder_Status	Responder	1.81460997269847	0.819862406854471	0.0351960746759027	0.546589472376315	sample_2022120210048
HROV.vOTU51082	Responder_Status	Responder	1.82622972749677	0.824534027198314	0.0350777428295323	0.546589472376315	sample_2022120210048
HROV.vOTU15370	Responder_Status	Responder	-1.29428615798625	0.584131883679222	0.035010803857635	0.546589472376315	sample_2022120210048
HROV.vOTU13259	Responder_Status	Responder	1.8716979930348	0.846839645888746	0.0354330642637304	0.546809007360955	sample_2022120210048
HROV.vOTU71707	Responder_Status	Responder	-1.9041179818475	0.861413145352017	0.0354143973555219	0.546809007360955	sample_2022120210048
HROV.vOTU05956	Responder_Status	Responder	2.10884672089736	0.954972006233622	0.035581893690008	0.546838087953948	sample_2022120210048
HROV.vOTU23903	Responder_Status	Responder	-1.49056000167801	0.675211323419149	0.0356386184401542	0.546838087953948	sample_2022120210048
HROV.vOTU58731	Responder_Status	Responder	-1.49545153633497	0.677533706694376	0.0356654316592495	0.546838087953948	sample_2022120210048
HROV.vOTU39268	Responder_Status	Responder	2.10687221518954	0.955108610183686	0.03576604380545	0.546838087953948	sample_2022120210048
HROV.vOTU13785	Responder_Status	Responder	-3.31737293479224	1.50651776696388	0.0360680215756858	0.547341369869738	sample_2022120210048
HROV.vOTU24790	Responder_Status	Responder	-1.86189210124573	0.84531900922692	0.0360229986275288	0.547341369869738	sample_2022120210048
HROV.vOTU56634	Responder_Status	Responder	-2.8915203750852	1.31596734621339	0.0364408430300151	0.547456188612837	sample_2022120210048
HROV.vOTU07535	Responder_Status	Responder	1.81529911748255	0.824909911162654	0.0361782808701234	0.547456188612837	sample_2022120210048
HROV.vOTU11600	Responder_Status	Responder	2.21581334061613	1.00697488358332	0.0361890435204449	0.547456188612837	sample_2022120210048
HROV.vOTU08294	Responder_Status	Responder	3.12637341164321	1.42990872633511	0.0373039712949885	0.550144594538543	sample_2022120210048
HROV.vOTU15781	Responder_Status	Responder	-1.54768103926156	0.708079934653085	0.037358000397877	0.550219808259487	sample_2022120210048
HROV.vOTU02021	Responder_Status	Responder	1.76591558628655	0.809223510108521	0.0376415539316591	0.551283670564017	sample_2022120210048
HROV.vOTU38564	Responder_Status	Responder	-1.12489379508765	0.515281049929422	0.0375739989056465	0.551283670564017	sample_2022120210048
HROV.vOTU27505	Responder_Status	Responder	3.3837614216839	1.55262686272082	0.0378738024426081	0.552359368956835	sample_2022120210048
HROV.vOTU02260	Responder_Status	Responder	1.86842680988442	0.85937178089923	0.0382999947691714	0.553418830713121	sample_2022120210048
HROV.vOTU62915	Responder_Status	Responder	-2.10887370826189	0.969022653501366	0.0381264200634822	0.553418830713121	sample_2022120210048
HROV.vOTU00144	Responder_Status	Responder	-2.27224412059296	1.04388433324397	0.0380910967945727	0.553418830713121	sample_2022120210048
HROV.vOTU19145	Responder_Status	Responder	-3.29935900225201	1.51986617325251	0.0385772395410064	0.555482610846845	sample_2022120210048
HROV.vOTU39610	Responder_Status	Responder	-0.883199297046865	0.40723619591229	0.0387481536655129	0.556203733288036	sample_2022120210048
HROV.vOTU56818	Responder_Status	Responder	-2.21804715468814	1.02412795692442	0.0389962931938832	0.556592150106121	sample_2022120210048
HROV.vOTU47628	Responder_Status	Responder	-1.69680796393664	0.784430364587149	0.0392213976183085	0.556837121288502	sample_2022120210048
HROV.vOTU43686	Responder_Status	Responder	-2.53157314544544	1.17286194297664	0.0396143987003142	0.557862686150849	sample_2022120210048
HROV.vOTU28343	Responder_Status	Responder	-2.48171992114707	1.15287291916999	0.0401110396331225	0.558846775735521	sample_2022120210048
HROV.vOTU01212	Responder_Status	Responder	-1.40938758268229	0.654036359405982	0.0399168342696225	0.558846775735521	sample_2022120210048
HROV.vOTU47170	Responder_Status	Responder	2.32608978705821	1.08047364797746	0.0400936130744889	0.558846775735521	sample_2022120210048
HROV.vOTU20073	Responder_Status	Responder	-1.65238395453692	0.767102996170564	0.039989502034604	0.558846775735521	sample_2022120210048
HROV.vOTU05499	Responder_Status	Responder	-1.074974176202	0.49950394991351	0.0401588049053721	0.559115582638503	sample_2022120210048
HROV.vOTU75024	Responder_Status	Responder	2.29428486264642	1.0683641341883	0.0405565717628646	0.561355748156148	sample_2022120210048
HROV.vOTU34520	Responder_Status	Responder	-1.3967291832118	0.650571210542808	0.0406040295291275	0.561355748156148	sample_2022120210048
HROV.vOTU74047	Responder_Status	Responder	-1.0799185928411	0.50409058410263	0.0410064358406382	0.563059909402175	sample_2022120210048
HROV.vOTU00371	Responder_Status	Responder	1.95361661829074	0.912116696594434	0.0410468257841834	0.563172314470645	sample_2022120210048
HROV.vOTU70173	Responder_Status	Responder	-1.87394105963066	0.878024270105533	0.0417157423104893	0.564427332734355	sample_2022120210048
HROV.vOTU73443	Responder_Status	Responder	2.07066523396505	0.969686166035392	0.04161565747057	0.564427332734355	sample_2022120210048
HROV.vOTU37702	Responder_Status	Responder	-1.12859789586422	0.528589714776769	0.041641031265316	0.564427332734355	sample_2022120210048
HROV.vOTU25654	Responder_Status	Responder	0.84406458847622	0.395397065255438	0.04167520075477	0.564427332734355	sample_2022120210048
HROV.vOTU43757	Responder_Status	Responder	-1.43567870730543	0.673232991509669	0.0418721325533455	0.564881322810808	sample_2022120210048
HROV.vOTU09505	Responder_Status	Responder	1.96835047568689	0.925934198600816	0.0424748353285527	0.566421605946898	sample_2022120210048
HROV.vOTU39998	Responder_Status	Responder	2.2574168863152	1.06190790034093	0.0424736800447443	0.566421605946898	sample_2022120210048
HROV.vOTU02347	Responder_Status	Responder	-1.34740302146722	0.634301650209357	0.0426167697138336	0.56722703056614	sample_2022120210048
HROV.vOTU55301	Responder_Status	Responder	-1.78735769107624	0.841755309059232	0.0426948447893841	0.567542299843596	sample_2022120210048
HROV.vOTU01449	Responder_Status	Responder	-0.903804235949435	0.42712303945815	0.0433657893654688	0.568138119307805	sample_2022120210048
HROV.vOTU38803	Responder_Status	Responder	-1.72381148505101	0.814444081623927	0.0433177766356392	0.568138119307805	sample_2022120210048
HROV.vOTU35516	Responder_Status	Responder	-2.15163137311971	1.01574423449007	0.0431589185711559	0.568138119307805	sample_2022120210048
HROV.vOTU08556	Responder_Status	Responder	1.69764815507717	0.802925994342837	0.0435225494440466	0.568275854838456	sample_2022120210048
HROV.vOTU29692	Responder_Status	Responder	-2.27634482259871	1.08341956784036	0.0447614526448438	0.568275854838456	sample_2022120210048
HROV.vOTU46902	Responder_Status	Responder	-1.61191726775902	0.763344154313496	0.0437701239518062	0.568275854838456	sample_2022120210048
HROV.vOTU23121	Responder_Status	Responder	-1.40067024117927	0.66544780187546	0.0444049787979405	0.568275854838456	sample_2022120210048
HROV.vOTU23520	Responder_Status	Responder	2.00502669928984	0.952230216090444	0.0443338254140353	0.568275854838456	sample_2022120210048
HROV.vOTU01399	Responder_Status	Responder	2.55848121826833	1.21626202748584	0.0445266249080146	0.568275854838456	sample_2022120210048
HROV.vOTU32551	Responder_Status	Responder	1.85417549329228	0.878484456870626	0.0438629494289808	0.568275854838456	sample_2022120210048
HROV.vOTU06773	Responder_Status	Responder	1.97801879933762	0.937233325731603	0.0438783402063445	0.568275854838456	sample_2022120210048
HROV.vOTU09476	Responder_Status	Responder	2.08519199847896	0.992523547787542	0.044778005868233	0.568275854838456	sample_2022120210048
HROV.vOTU31835	Responder_Status	Responder	-0.520068787359433	0.247369784956552	0.044636664623604	0.568275854838456	sample_2022120210048
HROV.vOTU22119	Responder_Status	Responder	-1.18568031107583	0.561917984436683	0.0439181258937383	0.568275854838456	sample_2022120210048
HROV.vOTU28648	Responder_Status	Responder	2.78047199347147	1.3189174831542	0.0440964177636142	0.568275854838456	sample_2022120210048
HROV.vOTU15287	Responder_Status	Responder	-2.09787403638573	1.00123723565974	0.0453127159730686	0.569802229461665	sample_2022120210048
HROV.vOTU09923	Responder_Status	Responder	-2.08101801157206	0.99551369161804	0.045782346299982	0.569802229461665	sample_2022120210048
HROV.vOTU63137	Responder_Status	Responder	-1.13792024809457	0.544001002863716	0.0456506866701095	0.569802229461665	sample_2022120210048
HROV.vOTU53018	Responder_Status	Responder	-2.34991388980775	1.12168421722348	0.0453409178104457	0.569802229461665	sample_2022120210048
HROV.vOTU53565	Responder_Status	Responder	-0.802281609111219	0.382435616740361	0.0450702770879163	0.569802229461665	sample_2022120210048
HROV.vOTU59806	Responder_Status	Responder	-1.34937589612024	0.643517110279013	0.0451603408086902	0.569802229461665	sample_2022120210048
HROV.vOTU14574	Responder_Status	Responder	-0.55484194670761	0.265379675378083	0.045748410988711	0.569802229461665	sample_2022120210048
HROV.vOTU06373	Responder_Status	Responder	1.65402421140625	0.792109602486672	0.0460020932618969	0.570001225437728	sample_2022120210048
HROV.vOTU23684	Responder_Status	Responder	1.98360085043081	0.950513735666363	0.0461237577970339	0.570001225437728	sample_2022120210048
HROV.vOTU56294	Responder_Status	Responder	-1.57160280926345	0.753045124847147	0.0461116579490366	0.570001225437728	sample_2022120210048
HROV.vOTU46158	Responder_Status	Responder	-2.94353207765607	1.41535512113661	0.0468244004056222	0.572984303890449	sample_2022120210048
HROV.vOTU60083	Responder_Status	Responder	-1.69818148139852	0.815899611657614	0.0466622883027812	0.572984303890449	sample_2022120210048
HROV.vOTU70764	Responder_Status	Responder	1.7885446869693	0.860974425609494	0.0470577430219563	0.572984303890449	sample_2022120210048
HROV.vOTU22252	Responder_Status	Responder	-2.11705971483414	1.02297339811492	0.047838555472641	0.573652810969386	sample_2022120210048
HROV.vOTU05550	Responder_Status	Responder	-2.07212865757291	0.999608003212041	0.0474957285333159	0.573652810969386	sample_2022120210048
HROV.vOTU15472	Responder_Status	Responder	2.00159541586732	0.964376329745549	0.0472377265430318	0.573652810969386	sample_2022120210048
HROV.vOTU53337	Responder_Status	Responder	-2.15222244228372	1.04076817510266	0.0479993081794879	0.573652810969386	sample_2022120210048
HROV.vOTU59107	Responder_Status	Responder	1.68735237075768	0.813326191597906	0.0473273333927087	0.573652810969386	sample_2022120210048
HROV.vOTU39158	Responder_Status	Responder	-1.47177924422091	0.710133801801764	0.0475359803593381	0.573652810969386	sample_2022120210048
HROV.vOTU03930	Responder_Status	Responder	-1.04722531521269	0.507597260115682	0.0484863139377497	0.575275367754881	sample_2022120210048
HROV.vOTU28665	Responder_Status	Responder	-2.05526738182556	0.996531559113878	0.0485556548048835	0.575443790901714	sample_2022120210048
HROV.vOTU17790	Responder_Status	Responder	-2.23499259246716	1.08709903385266	0.0492206425563779	0.576627778896355	sample_2022120210048
HROV.vOTU00812	Responder_Status	Responder	1.47705208991525	0.718226702423473	0.0491586234811196	0.576627778896355	sample_2022120210048
HROV.vOTU49540	Responder_Status	Responder	-1.17435999967947	0.570202718615269	0.0488486748155064	0.576627778896355	sample_2022120210048
HROV.vOTU20487	Responder_Status	Responder	2.2126945291307	1.07656270548209	0.0492815229135975	0.576627778896355	sample_2022120210048
HROV.vOTU03452	Responder_Status	Responder	1.45260047904161	0.706404726155726	0.0491789247915835	0.576627778896355	sample_2022120210048
HROV.vOTU12593	Responder_Status	Responder	-1.58374315338954	0.769155819924094	0.0488979449045136	0.576627778896355	sample_2022120210048
HROV.vOTU19720	Responder_Status	Responder	-1.90757008167006	0.930969553333997	0.0499366262694282	0.577667143621949	sample_2022120210048
HROV.vOTU73280	Responder_Status	Responder	-1.61103865890694	0.790204147912508	0.0510159669187147	0.579272703804992	sample_2022120210048
HROV.vOTU36129	Responder_Status	Responder	2.21520814420248	1.08587044535868	0.0508814390047586	0.579272703804992	sample_2022120210048
HROV.vOTU41116	Responder_Status	Responder	-2.09365829521424	1.02490420300945	0.0505901132985049	0.579272703804992	sample_2022120210048
HROV.vOTU18154	Responder_Status	Responder	3.295129418423	1.6124550660363	0.0505096052860245	0.579272703804992	sample_2022120210048
HROV.vOTU44352	Responder_Status	Responder	-1.85259460031037	0.908162260882957	0.0508911933720018	0.579272703804992	sample_2022120210048
HROV.vOTU16329	Responder_Status	Responder	2.34416842561267	1.15384257208586	0.0517801901597739	0.581934608850017	sample_2022120210048
HROV.vOTU04131	Responder_Status	Responder	2.63197777361011	1.29504464988673	0.0517020375185049	0.581934608850017	sample_2022120210048
HROV.vOTU06274	Responder_Status	Responder	1.13910677844893	0.561091752976864	0.0519373591849206	0.58320452577426	sample_2022120210048
HROV.vOTU23563	Responder_Status	Responder	1.02989175103708	0.507996925331917	0.052240788471736	0.585086639816968	sample_2022120210048
HROV.vOTU53890	Responder_Status	Responder	-1.80317829461961	0.891368652593728	0.0527230868625217	0.585412372030241	sample_2022120210048
HROV.vOTU00489	Responder_Status	Responder	-0.825653524832876	0.407904779534018	0.0525918465009109	0.585412372030241	sample_2022120210048
HROV.vOTU43644	Responder_Status	Responder	2.16863360076764	1.07188378725381	0.0526939588436547	0.585412372030241	sample_2022120210048
HROV.vOTU50610	Responder_Status	Responder	2.47869376773579	1.22450623903835	0.0525802326265949	0.585412372030241	sample_2022120210048
HROV.vOTU28979	Responder_Status	Responder	-1.923833308689	0.95186924287459	0.0529226772347196	0.585506640027082	sample_2022120210048
HROV.vOTU12851	Responder_Status	Responder	2.06361570495718	1.02180335115862	0.0530907396481343	0.585668915013101	sample_2022120210048
HROV.vOTU17341	Responder_Status	Responder	-0.878116649362542	0.435028284176991	0.0532069124515975	0.585668915013101	sample_2022120210048
HROV.vOTU39112	Responder_Status	Responder	-2.11341222330887	1.04774898344638	0.0533648215629231	0.585862086279961	sample_2022120210048
HROV.vOTU07385	Responder_Status	Responder	1.74006940812045	0.864636859145951	0.0538769733363937	0.588182779233115	sample_2022120210048
HROV.vOTU71677	Responder_Status	Responder	-2.28511265994803	1.13652639778222	0.0540863795652425	0.588214039357275	sample_2022120210048
HROV.vOTU45018	Responder_Status	Responder	1.50180475659174	0.747978541907739	0.0543997192294538	0.588660462269942	sample_2022120210048
HROV.vOTU54421	Responder_Status	Responder	1.03489723059121	0.515691163760863	0.0545125186767263	0.589053144760938	sample_2022120210048
HROV.vOTU00252	Responder_Status	Responder	1.89885480725743	0.947453807861683	0.0548117914080334	0.591009073372767	sample_2022120210048
HROV.vOTU13522	Responder_Status	Responder	-1.69547480123895	0.84899514692253	0.0556241318054158	0.591009073372767	sample_2022120210048
HROV.vOTU09478	Responder_Status	Responder	-1.95983240209431	0.981347599507488	0.0556188913388313	0.591009073372767	sample_2022120210048
HROV.vOTU18442	Responder_Status	Responder	2.36618620047154	1.18298779058871	0.0552649314801721	0.591009073372767	sample_2022120210048
HROV.vOTU16744	Responder_Status	Responder	2.55319710900167	1.27476313887362	0.0549576091406537	0.591009073372767	sample_2022120210048
HROV.vOTU66997	Responder_Status	Responder	1.7455075548374	0.874564281483048	0.0557593131514604	0.591009073372767	sample_2022120210048
HROV.vOTU13757	Responder_Status	Responder	-0.827955421380068	0.413581490583946	0.0550670493924186	0.591009073372767	sample_2022120210048
HROV.vOTU07407	Responder_Status	Responder	1.62297526047619	0.812702532845983	0.0556272144694628	0.591009073372767	sample_2022120210048
HROV.vOTU11625	Responder_Status	Responder	-1.73694134019612	0.871603235605379	0.0561105549190663	0.591517458509268	sample_2022120210048
HROV.vOTU64477	Responder_Status	Responder	-0.938748273493534	0.471084539907047	0.0561190497291974	0.591517458509268	sample_2022120210048
HROV.vOTU50560	Responder_Status	Responder	-1.53881679118745	0.772436856730677	0.0561860945938802	0.591616043269998	sample_2022120210048
HROV.vOTU16615	Responder_Status	Responder	-1.59919966810939	0.804321465017768	0.0566388510561015	0.59399639273409	sample_2022120210048
HROV.vOTU52112	Responder_Status	Responder	-1.76358072879247	0.888624170456656	0.0570643786767119	0.595982053316031	sample_2022120210048
HROV.vOTU15752	Responder_Status	Responder	-0.882110522387038	0.445143933854805	0.0574159522801196	0.596748468170367	sample_2022120210048
HROV.vOTU61225	Responder_Status	Responder	-1.91831198440822	0.968416461800882	0.0575050262510256	0.597079551173585	sample_2022120210048
HROV.vOTU40432	Responder_Status	Responder	-0.784506736421805	0.395993615761714	0.0574773385601284	0.597079551173585	sample_2022120210048
HROV.vOTU43506	Responder_Status	Responder	-1.44034968384573	0.728352902186288	0.0578995752475905	0.598138437441414	sample_2022120210048
HROV.vOTU69838	Responder_Status	Responder	-0.960224590143179	0.486637174034425	0.0584195216000316	0.598589430676029	sample_2022120210048
HROV.vOTU46834	Responder_Status	Responder	-1.03396071356624	0.523664877714815	0.0582656823722229	0.598589430676029	sample_2022120210048
HROV.vOTU27588	Responder_Status	Responder	-0.702790598305775	0.355668368070336	0.0580865871024233	0.598589430676029	sample_2022120210048
HROV.vOTU55642	Responder_Status	Responder	-2.05118877534497	1.04344418194142	0.0593110221710191	0.599733209879896	sample_2022120210048
HROV.vOTU05191	Responder_Status	Responder	-1.62291105339225	0.826494711534874	0.0595759549188312	0.599733209879896	sample_2022120210048
HROV.vOTU08918	Responder_Status	Responder	-1.1559600555182	0.587165923970479	0.05895716920514	0.599733209879896	sample_2022120210048
HROV.vOTU32166	Responder_Status	Responder	-2.11968053321798	1.07785617976499	0.0592159651364247	0.599733209879896	sample_2022120210048
HROV.vOTU02061	Responder_Status	Responder	0.966038999806385	0.490961350069701	0.059085620716554	0.599733209879896	sample_2022120210048
HROV.vOTU33631	Responder_Status	Responder	-1.45837922672519	0.742284009961171	0.0594407346276483	0.599733209879896	sample_2022120210048
HROV.vOTU41114	Responder_Status	Responder	1.85915044747126	0.946083710985453	0.0593942212203035	0.599733209879896	sample_2022120210048
HROV.vOTU75058	Responder_Status	Responder	1.72831227902344	0.881028131920804	0.0598087362823321	0.600966936067535	sample_2022120210048
HROV.vOTU62508	Responder_Status	Responder	-0.777251100992944	0.396283051116207	0.0598510261813133	0.601102462177098	sample_2022120210048
HROV.vOTU10893	Responder_Status	Responder	-1.81790090176225	0.927274777367879	0.0599582758197972	0.601316510579944	sample_2022120210048
HROV.vOTU08392	Responder_Status	Responder	-1.2101641005205	0.617816247977415	0.0601668399082396	0.601377576707925	sample_2022120210048
HROV.vOTU01773	Responder_Status	Responder	-1.92093901015971	0.982110820256148	0.0605175801830173	0.601377576707925	sample_2022120210048
HROV.vOTU02985	Responder_Status	Responder	1.42181414734609	0.725722460414683	0.060118465248869	0.601377576707925	sample_2022120210048
HROV.vOTU42173	Responder_Status	Responder	1.9178738988054	0.980057620680953	0.0603978936872256	0.601377576707925	sample_2022120210048
HROV.vOTU18867	Responder_Status	Responder	1.69549055180338	0.866046509645848	0.0602947976402445	0.601377576707925	sample_2022120210048
HROV.vOTU47480	Responder_Status	Responder	-1.6245067709087	0.830505959165731	0.060503293731571	0.601377576707925	sample_2022120210048
HROV.vOTU35112	Responder_Status	Responder	0.827712700029654	0.423031358085642	0.0604319916740646	0.601377576707925	sample_2022120210048
HROV.vOTU02547	Responder_Status	Responder	-0.658658601797189	0.336862980710542	0.0605988042077991	0.601377576707925	sample_2022120210048
HROV.vOTU53530	Responder_Status	Responder	-1.9160346588383	0.982281444819468	0.0611791607633488	0.60158136941305	sample_2022120210048
HROV.vOTU13745	Responder_Status	Responder	-2.45577105375366	1.25948416120502	0.0612756485916122	0.60158136941305	sample_2022120210048
HROV.vOTU23301	Responder_Status	Responder	1.73804953051364	0.892469128130605	0.061570993312804	0.60158136941305	sample_2022120210048
HROV.vOTU72961	Responder_Status	Responder	-2.2417617426972	1.15078440745326	0.0614998923534688	0.60158136941305	sample_2022120210048
HROV.vOTU45542	Responder_Status	Responder	-2.16506316341141	1.11053751839893	0.0613080630648734	0.60158136941305	sample_2022120210048
HROV.vOTU06193	Responder_Status	Responder	2.3691752961512	1.21686318231949	0.0616348129327713	0.60158136941305	sample_2022120210048
HROV.vOTU25750	Responder_Status	Responder	1.97857454753725	1.01896705921232	0.0622911997748731	0.60158136941305	sample_2022120210048
HROV.vOTU69242	Responder_Status	Responder	-0.628221032344761	0.322502776176417	0.0615091438102839	0.60158136941305	sample_2022120210048
HROV.vOTU48567	Responder_Status	Responder	1.25542879357273	0.642304270439629	0.060685558171077	0.60158136941305	sample_2022120210048
HROV.vOTU39819	Responder_Status	Responder	1.34717694551272	0.69222331601785	0.0617344321566245	0.60158136941305	sample_2022120210048
HROV.vOTU59956	Responder_Status	Responder	-0.963707073142683	0.493930969909305	0.061116828377664	0.60158136941305	sample_2022120210048
HROV.vOTU04917	Responder_Status	Responder	-3.04205486120545	1.5722074304786	0.0631640474969341	0.602022314899048	sample_2022120210048
HROV.vOTU09133	Responder_Status	Responder	1.75684876194243	0.907886063089711	0.063137879773257	0.602022314899048	sample_2022120210048
HROV.vOTU13358	Responder_Status	Responder	1.33754733915089	0.691260487331307	0.0631582052624479	0.602022314899048	sample_2022120210048
HROV.vOTU64611	Responder_Status	Responder	-1.57219085358434	0.813063573117103	0.0633220266734673	0.602452265560797	sample_2022120210048
HROV.vOTU17874	Responder_Status	Responder	1.58849260965967	0.821797150682971	0.0634136862099671	0.602452265560797	sample_2022120210048
HROV.vOTU70799	Responder_Status	Responder	-2.08380837001439	1.07979862874515	0.0638183656164783	0.603757611249275	sample_2022120210048
HROV.vOTU17965	Responder_Status	Responder	1.84199051465575	0.95479953793217	0.0638987467824909	0.604062881132437	sample_2022120210048
HROV.vOTU11598	Responder_Status	Responder	-2.19887542510602	1.14135425787729	0.0642415244464843	0.604200367371847	sample_2022120210048
HROV.vOTU05007	Responder_Status	Responder	-3.07091679858342	1.59471671804188	0.0643544841012466	0.604717732189562	sample_2022120210048
HROV.vOTU16041	Responder_Status	Responder	1.62793843752832	0.84574948976215	0.0644632926415484	0.604794719378735	sample_2022120210048
HROV.vOTU61514	Responder_Status	Responder	-0.863906258775675	0.448949029663008	0.0645365519912047	0.604794719378735	sample_2022120210048
HROV.vOTU01885	Responder_Status	Responder	-0.935897360090971	0.48674631434524	0.0647358116611913	0.605574356507872	sample_2022120210048
HROV.vOTU22053	Responder_Status	Responder	-0.841622662753327	0.438823874909228	0.0653744980049855	0.60827291751619	sample_2022120210048
HROV.vOTU49200	Responder_Status	Responder	-1.67240749547322	0.872389589366786	0.0654886045661086	0.608307130358196	sample_2022120210048
HROV.vOTU12146	Responder_Status	Responder	-1.05822919991551	0.553744148274113	0.0662861912018633	0.610769452707677	sample_2022120210048
HROV.vOTU18116	Responder_Status	Responder	-1.90332180206104	1.00301529321194	0.0681044184233034	0.612869049243898	sample_2022120210048
HROV.vOTU61734	Responder_Status	Responder	-2.18992696795371	1.15325369308087	0.0679251223784844	0.612869049243898	sample_2022120210048
HROV.vOTU16955	Responder_Status	Responder	-0.952798545086534	0.503963310232932	0.0690666431246744	0.612869049243898	sample_2022120210048
HROV.vOTU56580	Responder_Status	Responder	-1.25883609939603	0.660234549524683	0.0668757476226859	0.612869049243898	sample_2022120210048
HROV.vOTU01674	Responder_Status	Responder	1.85869333304261	0.981458335576003	0.06862507641516	0.612869049243898	sample_2022120210048
HROV.vOTU20008	Responder_Status	Responder	1.78969265949356	0.945018120581822	0.0686236063638198	0.612869049243898	sample_2022120210048
HROV.vOTU01633	Responder_Status	Responder	1.9027530869844	1.00289154649908	0.0681499901164948	0.612869049243898	sample_2022120210048
HROV.vOTU43196	Responder_Status	Responder	-1.12027072374123	0.592341239983043	0.0689769222421239	0.612869049243898	sample_2022120210048
HROV.vOTU32220	Responder_Status	Responder	-1.47343268905994	0.772731834074122	0.0668576804753967	0.612869049243898	sample_2022120210048
HROV.vOTU44910	Responder_Status	Responder	-1.22702897723644	0.645083684154029	0.0674878199191694	0.612869049243898	sample_2022120210048
HROV.vOTU67948	Responder_Status	Responder	-1.63049470570736	0.861805032077535	0.0688809503587693	0.612869049243898	sample_2022120210048
HROV.vOTU53426	Responder_Status	Responder	-0.677196258394613	0.355570926638702	0.0671615243489387	0.612869049243898	sample_2022120210048
HROV.vOTU23278	Responder_Status	Responder	0.897415459608661	0.474094325969012	0.0687495328089925	0.612869049243898	sample_2022120210048
HROV.vOTU62516	Responder_Status	Responder	-1.78921774816278	0.950818188592346	0.0703011754453073	0.61711271246547	sample_2022120210048
HROV.vOTU13913	Responder_Status	Responder	1.92438161711686	1.02383616730031	0.070609337935569	0.617351019151791	sample_2022120210048
HROV.vOTU01728	Responder_Status	Responder	-1.78749694736075	0.952323867014602	0.0709765887669666	0.619000722570413	sample_2022120210048
HROV.vOTU35391	Responder_Status	Responder	-2.11587136803549	1.12760335877391	0.0710549109830653	0.619000722570413	sample_2022120210048
HROV.vOTU37747	Responder_Status	Responder	1.84162626302282	0.981278839741574	0.0710082048612633	0.619000722570413	sample_2022120210048
HROV.vOTU42137	Responder_Status	Responder	-1.89231632753957	1.01030644694389	0.0715418485596066	0.621031193159447	sample_2022120210048
HROV.vOTU15873	Responder_Status	Responder	-0.651952094222389	0.348305520087077	0.071717669519982	0.621112356545607	sample_2022120210048
HROV.vOTU20414	Responder_Status	Responder	-2.21785150179342	1.18524900327396	0.0717993931359371	0.62150698247491	sample_2022120210048
HROV.vOTU34402	Responder_Status	Responder	-2.45873424900264	1.3164957689595	0.0723131913566597	0.622052248445393	sample_2022120210048
HROV.vOTU02986	Responder_Status	Responder	-1.99125645607757	1.06584631215593	0.0722261497608083	0.622052248445393	sample_2022120210048
HROV.vOTU66742	Responder_Status	Responder	-1.16160054897051	0.622505293019084	0.0725479239442303	0.622052248445393	sample_2022120210048
HROV.vOTU07112	Responder_Status	Responder	-1.91060084106985	1.02298615177456	0.0723081793170955	0.622052248445393	sample_2022120210048
HROV.vOTU30787	Responder_Status	Responder	-1.03099110371817	0.552511040607501	0.0725478016463777	0.622052248445393	sample_2022120210048
HROV.vOTU55731	Responder_Status	Responder	1.71326038601957	0.916215796580346	0.0719829968813336	0.622052248445393	sample_2022120210048
HROV.vOTU52361	Responder_Status	Responder	-1.66708829715681	0.893822315139784	0.0726761320558662	0.622288525937025	sample_2022120210048
HROV.vOTU60406	Responder_Status	Responder	-1.58489917033529	0.849793811727702	0.0726881525774165	0.622288525937025	sample_2022120210048
HROV.vOTU45964	Responder_Status	Responder	-1.18457815488743	0.635508077231455	0.072840830794134	0.622664680193272	sample_2022120210048
HROV.vOTU08185	Responder_Status	Responder	-0.759626603350482	0.408030596890932	0.073174436410607	0.622818306643298	sample_2022120210048
HROV.vOTU75309	Responder_Status	Responder	-1.91729657019887	1.03422758261992	0.0743246116504467	0.628585861669344	sample_2022120210048
HROV.vOTU18362	Responder_Status	Responder	-2.29595835177926	1.23857532171596	0.0743445168675571	0.628585861669344	sample_2022120210048
HROV.vOTU40670	Responder_Status	Responder	-0.68565661340407	0.370107206890962	0.0745099832641179	0.628800384440817	sample_2022120210048
HROV.vOTU74196	Responder_Status	Responder	-1.83920463480902	0.995584015537796	0.0752864189244391	0.630604281940504	sample_2022120210048
HROV.vOTU10686	Responder_Status	Responder	1.98622789736499	1.07526611990056	0.0753111896266914	0.630604281940504	sample_2022120210048
HROV.vOTU31854	Responder_Status	Responder	1.95219745089358	1.05696458973822	0.0753428165882639	0.630604281940504	sample_2022120210048
HROV.vOTU46324	Responder_Status	Responder	-1.20283598715602	0.651876673906347	0.0756112795320117	0.63170832819579	sample_2022120210048
HROV.vOTU08657	Responder_Status	Responder	-1.48211076689551	0.804885410131549	0.0761816490582661	0.631801924697124	sample_2022120210048
HROV.vOTU68101	Responder_Status	Responder	-1.588296313302	0.86341083481823	0.0764584179671392	0.631801924697124	sample_2022120210048
HROV.vOTU58320	Responder_Status	Responder	-1.84239593287004	1.00026255768077	0.0761034757469842	0.631801924697124	sample_2022120210048
HROV.vOTU09376	Responder_Status	Responder	0.823573052291865	0.447258411588073	0.0761835641453507	0.631801924697124	sample_2022120210048
HROV.vOTU18266	Responder_Status	Responder	0.978431307973627	0.530760068810999	0.0758717212511364	0.631801924697124	sample_2022120210048
HROV.vOTU69341	Responder_Status	Responder	-1.22510628330154	0.66763634487858	0.0771521370387558	0.634672881355473	sample_2022120210048
HROV.vOTU15935	Responder_Status	Responder	-1.75431959265949	0.957370204277859	0.0775422536412124	0.635134354380655	sample_2022120210048
HROV.vOTU07552	Responder_Status	Responder	2.30817282124544	1.25982536040321	0.0775880021834053	0.635134354380655	sample_2022120210048
HROV.vOTU10784	Responder_Status	Responder	-0.791000094713385	0.431693241969977	0.077560027390051	0.635134354380655	sample_2022120210048
HROV.vOTU56629	Responder_Status	Responder	-0.716554329331908	0.390952760776346	0.077480251784506	0.635134354380655	sample_2022120210048
HROV.vOTU09500	Responder_Status	Responder	-2.31816482930364	1.26701121116105	0.0779723574992102	0.636652230441516	sample_2022120210048
HROV.vOTU54200	Responder_Status	Responder	-1.67918471728032	0.918446119223004	0.0781792262315369	0.636891573272162	sample_2022120210048
HROV.vOTU51034	Responder_Status	Responder	-1.60991732992448	0.880894568557236	0.0782864253446382	0.636891573272162	sample_2022120210048
HROV.vOTU63838	Responder_Status	Responder	0.719541834399084	0.39404653452574	0.0785276274845171	0.636891573272162	sample_2022120210048
HROV.vOTU27614	Responder_Status	Responder	-1.67092856472453	0.917144565335583	0.0791721734536629	0.638437730944446	sample_2022120210048
HROV.vOTU60404	Responder_Status	Responder	-0.996286961102746	0.547346680574329	0.0794326456341338	0.639814478728048	sample_2022120210048
HROV.vOTU51707	Responder_Status	Responder	-0.632739651839171	0.348226279206014	0.0799302222063649	0.640608194104007	sample_2022120210048
HROV.vOTU69864	Responder_Status	Responder	-1.62845454828446	0.896560397694841	0.0800402979991032	0.64124415325961	sample_2022120210048
HROV.vOTU25803	Responder_Status	Responder	-1.61185944286138	0.88763284819962	0.0801075938365509	0.641419110880083	sample_2022120210048
HROV.vOTU27485	Responder_Status	Responder	1.05553718904179	0.582757041878269	0.0808385059678323	0.643118588885527	sample_2022120210048
HROV.vOTU70406	Responder_Status	Responder	-1.44040960520302	0.795940856155562	0.081090634855612	0.643238901344212	sample_2022120210048
HROV.vOTU11248	Responder_Status	Responder	-0.916088580572543	0.506503536014077	0.0812565544632145	0.643275579767971	sample_2022120210048
HROV.vOTU41109	Responder_Status	Responder	-1.76623085073053	0.979810236045387	0.082221519921168	0.643552190407115	sample_2022120210048
HROV.vOTU39425	Responder_Status	Responder	-1.72050137548561	0.955133870609413	0.0824318956497643	0.643552190407115	sample_2022120210048
HROV.vOTU66207	Responder_Status	Responder	-2.20320762380463	1.2199422352318	0.0816810360083138	0.643552190407115	sample_2022120210048
HROV.vOTU67959	Responder_Status	Responder	-0.750326472439623	0.415240289617437	0.081524987790198	0.643552190407115	sample_2022120210048
HROV.vOTU14113	Responder_Status	Responder	-1.83762620564489	1.02631282101228	0.0841906661751945	0.646279365627217	sample_2022120210048
HROV.vOTU38811	Responder_Status	Responder	1.32952867287106	0.742585735312704	0.0842084838448813	0.646279365627217	sample_2022120210048
HROV.vOTU21259	Responder_Status	Responder	-0.956137462220341	0.532996103084771	0.0836372947790855	0.646279365627217	sample_2022120210048
HROV.vOTU67015	Responder_Status	Responder	-0.514109636419281	0.287205584799816	0.0842682453940054	0.646335274300953	sample_2022120210048
HROV.vOTU67091	Responder_Status	Responder	1.32900309492687	0.744156817841682	0.0849480803560334	0.646807336982491	sample_2022120210048
HROV.vOTU73363	Responder_Status	Responder	-1.79926350442083	1.00786335819238	0.0850627238245776	0.646807336982491	sample_2022120210048
HROV.vOTU63227	Responder_Status	Responder	-0.90460262376812	0.506358576298121	0.0848541056847461	0.646807336982491	sample_2022120210048
HROV.vOTU23687	Responder_Status	Responder	1.59244220775508	0.891486697584945	0.0848886968120322	0.646807336982491	sample_2022120210048
HROV.vOTU73341	Responder_Status	Responder	-1.09935892997503	0.616449531183288	0.0853702535630161	0.646930083325969	sample_2022120210048
HROV.vOTU38642	Responder_Status	Responder	2.63874452659452	1.47905559808608	0.0852537046718348	0.646930083325969	sample_2022120210048
HROV.vOTU08968	Responder_Status	Responder	-1.26157337285211	0.708506415614484	0.0858303645945588	0.647406422424564	sample_2022120210048
HROV.vOTU48368	Responder_Status	Responder	-1.65856688708388	0.934835027628866	0.0869092223691548	0.649663300180886	sample_2022120210048
HROV.vOTU73162	Responder_Status	Responder	1.5596533142656	0.879521096076786	0.0870583151013201	0.649796893321544	sample_2022120210048
HROV.vOTU75400	Responder_Status	Responder	-0.912047216143275	0.515237195349225	0.0875916433851311	0.650588108436307	sample_2022120210048
HROV.vOTU51859	Responder_Status	Responder	-1.81452536600414	1.02694603408052	0.0881427679440115	0.650864995188194	sample_2022120210048
HROV.vOTU21289	Responder_Status	Responder	-1.86758480717283	1.05556800177292	0.0877412489852997	0.650864995188194	sample_2022120210048
HROV.vOTU26953	Responder_Status	Responder	-1.59098280937529	0.900216849998635	0.0880712781245691	0.650864995188194	sample_2022120210048
HROV.vOTU05373	Responder_Status	Responder	-2.67037571608547	1.51059334319114	0.0879973731335661	0.650864995188194	sample_2022120210048
HROV.vOTU07395	Responder_Status	Responder	-2.28891753689326	1.29541199146854	0.0881380356277568	0.650864995188194	sample_2022120210048
HROV.vOTU35974	Responder_Status	Responder	-1.73589100006388	0.983250384857889	0.0883910439935568	0.651628495916451	sample_2022120210048
HROV.vOTU00403	Responder_Status	Responder	-3.73813397518962	2.1181198322884	0.0884982284384272	0.651628495916451	sample_2022120210048
HROV.vOTU65493	Responder_Status	Responder	1.68855521516098	0.956561544249677	0.0884299983821438	0.651628495916451	sample_2022120210048
HROV.vOTU74848	Responder_Status	Responder	1.60627062779389	0.9103058687339	0.0885490375859633	0.651628495916451	sample_2022120210048
HROV.vOTU32103	Responder_Status	Responder	-1.83195095679645	1.04169715232373	0.0895684857428503	0.655892735948521	sample_2022120210048
HROV.vOTU07321	Responder_Status	Responder	-1.66223797317575	0.947862211532315	0.0904289871102438	0.658224277622144	sample_2022120210048
HROV.vOTU36975	Responder_Status	Responder	-2.23935864828946	1.27859537202532	0.090822284583929	0.658224277622144	sample_2022120210048
HROV.vOTU08682	Responder_Status	Responder	-1.83118214480346	1.05055134363874	0.0922953916410819	0.66138892726211	sample_2022120210048
HROV.vOTU49140	Responder_Status	Responder	1.64941317024799	0.949436145254917	0.0933322880555547	0.66138892726211	sample_2022120210048
HROV.vOTU06975	Responder_Status	Responder	-0.678572212148172	0.38862102097613	0.0917578423530035	0.66138892726211	sample_2022120210048
HROV.vOTU11783	Responder_Status	Responder	1.67419432047713	0.961797143355616	0.0927177156327932	0.66138892726211	sample_2022120210048
HROV.vOTU44878	Responder_Status	Responder	1.20946570305958	0.696195754780588	0.0933333706029119	0.66138892726211	sample_2022120210048
HROV.vOTU10338	Responder_Status	Responder	1.32748624709764	0.76022063060547	0.0917432121232144	0.66138892726211	sample_2022120210048
HROV.vOTU51101	Responder_Status	Responder	-3.10772689423458	1.78544123112164	0.0927356449505838	0.66138892726211	sample_2022120210048
HROV.vOTU64966	Responder_Status	Responder	-1.42279415844271	0.818899512081331	0.0932980440851549	0.66138892726211	sample_2022120210048
HROV.vOTU04553	Responder_Status	Responder	-1.94567306129445	1.11940576148633	0.0931755999329871	0.66138892726211	sample_2022120210048
HROV.vOTU71904	Responder_Status	Responder	-2.1141980032956	1.21654668073658	0.0932224898330233	0.66138892726211	sample_2022120210048
HROV.vOTU16455	Responder_Status	Responder	1.27386039180581	0.731913944306839	0.0927609925632217	0.66138892726211	sample_2022120210048
HROV.vOTU06820	Responder_Status	Responder	1.29465942157314	0.744934649323772	0.0932078150834503	0.66138892726211	sample_2022120210048
HROV.vOTU64337	Responder_Status	Responder	-0.878582161337368	0.505099166675505	0.0929440896362337	0.66138892726211	sample_2022120210048
HROV.vOTU20887	Responder_Status	Responder	-1.14341812002671	0.659509151898994	0.0939640230828914	0.662062512403762	sample_2022120210048
HROV.vOTU74213	Responder_Status	Responder	0.871076639312737	0.502396567763118	0.0939457022436702	0.662062512403762	sample_2022120210048
HROV.vOTU37296	Responder_Status	Responder	1.82766094664034	1.05491476691689	0.0941843640088175	0.662415325356263	sample_2022120210048
HROV.vOTU69959	Responder_Status	Responder	-0.632490507238589	0.365012915806674	0.0941357185769715	0.662415325356263	sample_2022120210048
HROV.vOTU48404	Responder_Status	Responder	-2.0982236798401	1.21249915340873	0.0945507409368265	0.662926967284788	sample_2022120210048
HROV.vOTU10339	Responder_Status	Responder	-1.14372932016117	0.66101078646486	0.0945909166431522	0.662926967284788	sample_2022120210048
HROV.vOTU45183	Responder_Status	Responder	-1.61837137624084	0.9362812419295	0.0949110554627856	0.662928687137449	sample_2022120210048
HROV.vOTU55745	Responder_Status	Responder	-1.42074914178358	0.821756486125809	0.0948369795400833	0.662928687137449	sample_2022120210048
HROV.vOTU34588	Responder_Status	Responder	1.8187354428497	1.05231078565709	0.0949446021012858	0.662928687137449	sample_2022120210048
HROV.vOTU14470	Responder_Status	Responder	3.05446168436094	1.771805997335	0.0957475878238464	0.664676460190598	sample_2022120210048
HROV.vOTU59361	Responder_Status	Responder	0.926010862402907	0.536838999715993	0.0955633760334064	0.664676460190598	sample_2022120210048
HROV.vOTU58814	Responder_Status	Responder	1.3676935362372	0.792268112055142	0.0953132836405533	0.664676460190598	sample_2022120210048
HROV.vOTU35520	Responder_Status	Responder	-1.496834374743	0.86972633625948	0.0962772078112252	0.665884299362928	sample_2022120210048
HROV.vOTU47619	Responder_Status	Responder	1.67119411136375	0.971085976100178	0.0962931871335561	0.665884299362928	sample_2022120210048
HROV.vOTU01894	Responder_Status	Responder	-1.37196183606493	0.806335407060234	0.0999341104355426	0.665943291994815	sample_2022120210048
HROV.vOTU50600	Responder_Status	Responder	-1.96603554830266	1.15032027626111	0.0984918533889871	0.665943291994815	sample_2022120210048
HROV.vOTU11599	Responder_Status	Responder	-1.86007716532904	1.09639073629094	0.100874272752493	0.665943291994815	sample_2022120210048
HROV.vOTU08696	Responder_Status	Responder	2.15906344118955	1.26316168185206	0.0984668539486071	0.665943291994815	sample_2022120210048
HROV.vOTU02746	Responder_Status	Responder	-1.34420180305182	0.791972456325735	0.100733184362302	0.665943291994815	sample_2022120210048
HROV.vOTU03693	Responder_Status	Responder	-2.34779124011539	1.38215285712833	0.100472639775717	0.665943291994815	sample_2022120210048
HROV.vOTU70773	Responder_Status	Responder	-0.705743733430289	0.410456209659179	0.0965771057787343	0.665943291994815	sample_2022120210048
HROV.vOTU40255	Responder_Status	Responder	-0.461578738630419	0.270576961049751	0.0990963645669483	0.665943291994815	sample_2022120210048
HROV.vOTU40972	Responder_Status	Responder	-1.3619494134732	0.793092262960128	0.0969741160653098	0.665943291994815	sample_2022120210048
HROV.vOTU07207	Responder_Status	Responder	-2.49984179441861	1.45857192524111	0.0975993208571702	0.665943291994815	sample_2022120210048
HROV.vOTU17187	Responder_Status	Responder	-2.05202674975913	1.19354283839159	0.0966028137512539	0.665943291994815	sample_2022120210048
HROV.vOTU07994	Responder_Status	Responder	-1.6344459674221	0.951373645006701	0.0968407975874933	0.665943291994815	sample_2022120210048
HROV.vOTU38801	Responder_Status	Responder	1.76458703521136	1.03443281553989	0.0991068709911908	0.665943291994815	sample_2022120210048
HROV.vOTU03430	Responder_Status	Responder	1.47954138504228	0.872396991646678	0.100988424584859	0.665943291994815	sample_2022120210048
HROV.vOTU34854	Responder_Status	Responder	1.66669135783931	0.975671048410539	0.0986549293160425	0.665943291994815	sample_2022120210048
HROV.vOTU52372	Responder_Status	Responder	1.86119008493388	1.09093678039183	0.0990695837694486	0.665943291994815	sample_2022120210048
HROV.vOTU38085	Responder_Status	Responder	-0.776574426662415	0.454642833711839	0.0986837677071146	0.665943291994815	sample_2022120210048
HROV.vOTU55788	Responder_Status	Responder	0.7955183178013	0.467703782688785	0.10004349370488	0.665943291994815	sample_2022120210048
HROV.vOTU61537	Responder_Status	Responder	1.1427001149825	0.672747799510541	0.100490110047913	0.665943291994815	sample_2022120210048
HROV.vOTU24172	Responder_Status	Responder	-0.977016502226403	0.570560367644922	0.0978818902813114	0.665943291994815	sample_2022120210048
HROV.vOTU16795	Responder_Status	Responder	-0.813387191293673	0.47511878713539	0.0979592826058179	0.665943291994815	sample_2022120210048
HROV.vOTU14223	Responder_Status	Responder	-1.16465152521253	0.679727507681792	0.0976900775563747	0.665943291994815	sample_2022120210048
HROV.vOTU01986	Responder_Status	Responder	1.51227532054641	0.884166469276017	0.0982526745115637	0.665943291994815	sample_2022120210048
HROV.vOTU66044	Responder_Status	Responder	-0.839558351624313	0.49255148759263	0.0993599945727514	0.665943291994815	sample_2022120210048
HROV.vOTU41678	Responder_Status	Responder	0.85991234247183	0.507248453872185	0.101122751831697	0.666171663739743	sample_2022120210048
HROV.vOTU20277	Responder_Status	Responder	-0.680177756289583	0.401606962271747	0.101431605860491	0.666733106868805	sample_2022120210048
HROV.vOTU46624	Responder_Status	Responder	1.4347442770043	0.847900367207829	0.101725379229913	0.667602056961184	sample_2022120210048
HROV.vOTU12864	Responder_Status	Responder	1.63155109159621	0.964806591469146	0.101927680016327	0.667795667684959	sample_2022120210048
HROV.vOTU32964	Responder_Status	Responder	1.54353396635181	0.913021138304256	0.102021710220275	0.667795667684959	sample_2022120210048
HROV.vOTU15782	Responder_Status	Responder	-0.97309777599881	0.575466453502917	0.101945682860032	0.667795667684959	sample_2022120210048
HROV.vOTU57537	Responder_Status	Responder	-2.6847902608931	1.59063720542216	0.102545960559978	0.668126267742621	sample_2022120210048
HROV.vOTU03026	Responder_Status	Responder	2.06210194934203	1.22042763610314	0.102200229195943	0.668126267742621	sample_2022120210048
HROV.vOTU28535	Responder_Status	Responder	-1.08788185320128	0.644512332877003	0.102537459642331	0.668126267742621	sample_2022120210048
HROV.vOTU49263	Responder_Status	Responder	-0.702380490558059	0.416276150573417	0.102657839446183	0.668162985591547	sample_2022120210048
HROV.vOTU57540	Responder_Status	Responder	-1.46300794079461	0.868166576119108	0.103071225658221	0.668370056668412	sample_2022120210048
HROV.vOTU55083	Responder_Status	Responder	-1.81560751189424	1.07851456380636	0.103410010205189	0.668370056668412	sample_2022120210048
HROV.vOTU20726	Responder_Status	Responder	1.52274676623269	0.90404094136405	0.103225563089534	0.668370056668412	sample_2022120210048
HROV.vOTU64652	Responder_Status	Responder	0.896023392874653	0.532183277547925	0.103362928268405	0.668370056668412	sample_2022120210048
HROV.vOTU29016	Responder_Status	Responder	-0.997771726892981	0.591833770021406	0.102929253191643	0.668370056668412	sample_2022120210048
HROV.vOTU02759	Responder_Status	Responder	2.22678536411692	1.32203228475015	0.103228052617848	0.668370056668412	sample_2022120210048
HROV.vOTU46469	Responder_Status	Responder	-0.840524456253577	0.499245500969431	0.103379535288572	0.668370056668412	sample_2022120210048
HROV.vOTU25646	Responder_Status	Responder	1.21272355953878	0.720177686710112	0.103314448196096	0.668370056668412	sample_2022120210048
HROV.vOTU13618	Responder_Status	Responder	-0.84576724166437	0.50180758913149	0.103018293560474	0.668370056668412	sample_2022120210048
HROV.vOTU05358	Responder_Status	Responder	-0.738726977018256	0.43835855277242	0.103063019591573	0.668370056668412	sample_2022120210048
HROV.vOTU36919	Responder_Status	Responder	-1.99856805207574	1.1901124088386	0.104218320848885	0.671092728164824	sample_2022120210048
HROV.vOTU08567	Responder_Status	Responder	2.4625785793353	1.46862434692551	0.104714478068185	0.672231038171913	sample_2022120210048
HROV.vOTU00352	Responder_Status	Responder	-2.00737867547148	1.20541621332002	0.10700471350176	0.675640550814062	sample_2022120210048
HROV.vOTU50049	Responder_Status	Responder	-1.6437145933165	0.98631014965255	0.106757654095538	0.675640550814062	sample_2022120210048
HROV.vOTU02748	Responder_Status	Responder	1.76870848389726	1.06125753973801	0.10674028056081	0.675640550814062	sample_2022120210048
HROV.vOTU01828	Responder_Status	Responder	-1.62059388862952	0.97419278957509	0.107361987250026	0.675640550814062	sample_2022120210048
HROV.vOTU28350	Responder_Status	Responder	0.363183925356285	0.218285711228282	0.10730636857013	0.675640550814062	sample_2022120210048
HROV.vOTU18294	Responder_Status	Responder	-0.446201954390091	0.268255418324428	0.107397764881462	0.675640550814062	sample_2022120210048
HROV.vOTU19228	Responder_Status	Responder	1.09379516281021	0.657888353603646	0.107551668456841	0.675881758715527	sample_2022120210048
HROV.vOTU11570	Responder_Status	Responder	-1.42355753096917	0.856427474910206	0.107628497020512	0.675957488058404	sample_2022120210048
HROV.vOTU03705	Responder_Status	Responder	-1.294223961547	0.779181231118365	0.107871053836162	0.676411149326595	sample_2022120210048
HROV.vOTU63584	Responder_Status	Responder	1.01835721236575	0.61327978253827	0.107971304867939	0.676411149326595	sample_2022120210048
HROV.vOTU49292	Responder_Status	Responder	1.52817250782342	0.922010730594874	0.10859583148157	0.677962561905582	sample_2022120210048
HROV.vOTU19413	Responder_Status	Responder	1.08852179968696	0.65656844863342	0.108502072078609	0.677962561905582	sample_2022120210048
HROV.vOTU28970	Responder_Status	Responder	-1.77945474971605	1.07538568370562	0.109151015019076	0.678851578010734	sample_2022120210048
HROV.vOTU37128	Responder_Status	Responder	-0.621357570507448	0.375511115594372	0.109154053720708	0.678851578010734	sample_2022120210048
HROV.vOTU15928	Responder_Status	Responder	-0.838419742756007	0.508295476634005	0.110226597246823	0.680101420539788	sample_2022120210048
HROV.vOTU33361	Responder_Status	Responder	1.77871510993377	1.07894875198662	0.110414295802381	0.680186909860918	sample_2022120210048
HROV.vOTU26724	Responder_Status	Responder	-1.80866936136628	1.09725303397912	0.110455969896322	0.680205397384548	sample_2022120210048
HROV.vOTU55586	Responder_Status	Responder	1.37047049215691	0.83193077198197	0.110667567152266	0.680905697661494	sample_2022120210048
HROV.vOTU50928	Responder_Status	Responder	0.903219186836891	0.549261425182129	0.111271161547322	0.681506011487554	sample_2022120210048
HROV.vOTU21384	Responder_Status	Responder	-1.39684093174589	0.849109295994912	0.11113803620756	0.681506011487554	sample_2022120210048
HROV.vOTU50143	Responder_Status	Responder	-0.954445034586774	0.580603110484502	0.111383266950782	0.681506011487554	sample_2022120210048
HROV.vOTU22508	Responder_Status	Responder	-1.22992980551498	0.747692897421757	0.111158700266321	0.681506011487554	sample_2022120210048
HROV.vOTU42154	Responder_Status	Responder	0.382698810190792	0.232921267926351	0.111559299734232	0.681549671467838	sample_2022120210048
HROV.vOTU14986	Responder_Status	Responder	-0.873958058431578	0.53249305874232	0.11193082210497	0.682149884899915	sample_2022120210048
HROV.vOTU03487	Responder_Status	Responder	-1.96983497645331	1.20742267193069	0.113996323017736	0.682149884899915	sample_2022120210048
HROV.vOTU56526	Responder_Status	Responder	-1.63057844654413	0.999395004111369	0.113969249962829	0.682149884899915	sample_2022120210048
HROV.vOTU06241	Responder_Status	Responder	-1.0593842736062	0.647667386629541	0.113097630257541	0.682149884899915	sample_2022120210048
HROV.vOTU72279	Responder_Status	Responder	-1.14624895370372	0.701177921733783	0.113296591658395	0.682149884899915	sample_2022120210048
HROV.vOTU05768	Responder_Status	Responder	-1.36500625249735	0.835915730309319	0.113676776742046	0.682149884899915	sample_2022120210048
HROV.vOTU01231	Responder_Status	Responder	2.14726492022393	1.31616166647323	0.11399164681574	0.682149884899915	sample_2022120210048
HROV.vOTU00515	Responder_Status	Responder	1.75271271529452	1.07132058079633	0.113026429419964	0.682149884899915	sample_2022120210048
HROV.vOTU08300	Responder_Status	Responder	-0.911256089665682	0.557273169177034	0.113200101010147	0.682149884899915	sample_2022120210048
HROV.vOTU32359	Responder_Status	Responder	0.997451875793785	0.610891701026825	0.113712094085375	0.682149884899915	sample_2022120210048
HROV.vOTU29574	Responder_Status	Responder	-0.611452350612126	0.37463111095732	0.113846480584077	0.682149884899915	sample_2022120210048
HROV.vOTU68141	Responder_Status	Responder	-0.98239658996642	0.602535772341714	0.114208613368621	0.682765328273592	sample_2022120210048
HROV.vOTU16097	Responder_Status	Responder	1.43283949851405	0.879355602004147	0.114424684482696	0.683295218330687	sample_2022120210048
HROV.vOTU02539	Responder_Status	Responder	1.46621673134354	0.900167886476914	0.114551036785852	0.683637442871239	sample_2022120210048
HROV.vOTU39751	Responder_Status	Responder	-0.955736621898211	0.586867002374644	0.11461179759664	0.68380452139562	sample_2022120210048
HROV.vOTU32413	Responder_Status	Responder	2.03412983558895	1.24949666381423	0.114735547197031	0.683903184415976	sample_2022120210048
HROV.vOTU35480	Responder_Status	Responder	-1.00307275102926	0.616106800080815	0.114709299951742	0.683903184415976	sample_2022120210048
HROV.vOTU64574	Responder_Status	Responder	-1.79307888381246	1.10200627940325	0.11491793170109	0.683963187108931	sample_2022120210048
HROV.vOTU68778	Responder_Status	Responder	2.20034067368112	1.3525300334425	0.11497574965485	0.684020494668393	sample_2022120210048
HROV.vOTU25911	Responder_Status	Responder	1.69358665837338	1.04356697860745	0.11582160082453	0.685729591264663	sample_2022120210048
HROV.vOTU53073	Responder_Status	Responder	1.75695783276635	1.08448535702834	0.116423822766408	0.686104179581207	sample_2022120210048
HROV.vOTU52161	Responder_Status	Responder	0.843604485698716	0.520198005196057	0.116076055770182	0.686104179581207	sample_2022120210048
HROV.vOTU43848	Responder_Status	Responder	-0.517866064620868	0.319823679279067	0.116609600808928	0.686104179581207	sample_2022120210048
HROV.vOTU18349	Responder_Status	Responder	-0.699811661413206	0.432462638370583	0.116830540666872	0.686104179581207	sample_2022120210048
HROV.vOTU18880	Responder_Status	Responder	-0.489661727196708	0.302347742032195	0.116543104908787	0.686104179581207	sample_2022120210048
HROV.vOTU58235	Responder_Status	Responder	0.878571011164409	0.544490117755956	0.117836681078241	0.68865406243342	sample_2022120210048
HROV.vOTU48382	Responder_Status	Responder	1.82509480777393	1.13308441600374	0.118455610421013	0.689586775310051	sample_2022120210048
HROV.vOTU37858	Responder_Status	Responder	-1.87872368576301	1.16787959453736	0.118909098761689	0.690236530280724	sample_2022120210048
HROV.vOTU00652	Responder_Status	Responder	1.30739083616889	0.813938347416922	0.119438863283443	0.69035669973251	sample_2022120210048
HROV.vOTU01819	Responder_Status	Responder	1.75488505560885	1.09266355330099	0.119480996618775	0.69035669973251	sample_2022120210048
HROV.vOTU08600	Responder_Status	Responder	1.98549852602429	1.23700823370797	0.119697236709813	0.69084107581134	sample_2022120210048
HROV.vOTU03533	Responder_Status	Responder	-1.82940073378431	1.14110640888286	0.12011704830061	0.691161510348422	sample_2022120210048
HROV.vOTU24576	Responder_Status	Responder	1.31747110007732	0.823282297155869	0.120763647939655	0.692400366071595	sample_2022120210048
HROV.vOTU59893	Responder_Status	Responder	1.52545616592226	0.954680056932962	0.121297024286683	0.693437375163771	sample_2022120210048
HROV.vOTU67952	Responder_Status	Responder	-1.18504156050895	0.741778611663092	0.121364846060796	0.693560880966267	sample_2022120210048
HROV.vOTU49966	Responder_Status	Responder	1.84520989437566	1.15525494882312	0.121439856991235	0.693799566221483	sample_2022120210048
HROV.vOTU46010	Responder_Status	Responder	1.45099448369614	0.909254738240086	0.121758544100701	0.694787854537795	sample_2022120210048
HROV.vOTU60600	Responder_Status	Responder	1.16190676340194	0.728345988957188	0.121879172758163	0.694787854537795	sample_2022120210048
HROV.vOTU73219	Responder_Status	Responder	-1.73968987187272	1.09166101267424	0.122249304534367	0.694986068892814	sample_2022120210048
HROV.vOTU75719	Responder_Status	Responder	1.50242809120956	0.942788285134181	0.122253026748418	0.694986068892814	sample_2022120210048
HROV.vOTU53891	Responder_Status	Responder	1.0109318263836	0.634208064634923	0.1221619133231	0.694986068892814	sample_2022120210048
HROV.vOTU19710	Responder_Status	Responder	-1.36589693262392	0.857528271470739	0.122426159278393	0.694986068892814	sample_2022120210048
HROV.vOTU62131	Responder_Status	Responder	-0.685268557729463	0.43030875555271	0.122499442489739	0.695096075247651	sample_2022120210048
HROV.vOTU17661	Responder_Status	Responder	-1.44511298405689	0.907803237339122	0.12264015213332	0.69513850489473	sample_2022120210048
HROV.vOTU35164	Responder_Status	Responder	-1.84188812552179	1.15768185546343	0.122835037266599	0.695597067202717	sample_2022120210048
HROV.vOTU37850	Responder_Status	Responder	-1.99254607226163	1.25255877109703	0.122887704205866	0.695597067202717	sample_2022120210048
HROV.vOTU23300	Responder_Status	Responder	2.08408989891289	1.31141542977679	0.123246556795507	0.696117899951887	sample_2022120210048
HROV.vOTU58984	Responder_Status	Responder	-2.73957675585426	1.73219777646227	0.124981424387793	0.696118795903982	sample_2022120210048
HROV.vOTU72226	Responder_Status	Responder	-1.12469724343535	0.708423620337364	0.123605465801085	0.696118795903982	sample_2022120210048
HROV.vOTU15797	Responder_Status	Responder	-1.25595261770824	0.791696880359713	0.123877550231759	0.696118795903982	sample_2022120210048
HROV.vOTU09661	Responder_Status	Responder	-1.49747938134428	0.945520648612348	0.124479039471873	0.696118795903982	sample_2022120210048
HROV.vOTU68597	Responder_Status	Responder	2.03206803213231	1.28444962168401	0.124868878825162	0.696118795903982	sample_2022120210048
HROV.vOTU04446	Responder_Status	Responder	-0.712728775413892	0.449359454413253	0.123947145043387	0.696118795903982	sample_2022120210048
HROV.vOTU57852	Responder_Status	Responder	1.848646927282	1.16824522040913	0.124786654678361	0.696118795903982	sample_2022120210048
HROV.vOTU43341	Responder_Status	Responder	-1.5040354198564	0.946567362836613	0.123304156933684	0.696118795903982	sample_2022120210048
HROV.vOTU04934	Responder_Status	Responder	-1.71577387981984	1.08693762055199	0.125674016656855	0.696118795903982	sample_2022120210048
HROV.vOTU01204	Responder_Status	Responder	-1.70352940282866	1.07419934119502	0.124001612806647	0.696118795903982	sample_2022120210048
HROV.vOTU35657	Responder_Status	Responder	-1.58333594686565	1.0024386079477	0.125457132328396	0.696118795903982	sample_2022120210048
HROV.vOTU12871	Responder_Status	Responder	-0.945578530359043	0.597746819009825	0.12490287681655	0.696118795903982	sample_2022120210048
HROV.vOTU04811	Responder_Status	Responder	0.572432296752218	0.3624179408721	0.125457838809455	0.696118795903982	sample_2022120210048
HROV.vOTU54452	Responder_Status	Responder	1.20708184252458	0.763487428497205	0.125107346079639	0.696118795903982	sample_2022120210048
HROV.vOTU17653	Responder_Status	Responder	0.801888240485997	0.506589807125329	0.12467230918053	0.696118795903982	sample_2022120210048
HROV.vOTU04671	Responder_Status	Responder	1.70510159326475	1.07717941346265	0.124668301570237	0.696118795903982	sample_2022120210048
HROV.vOTU16913	Responder_Status	Responder	0.942726643198915	0.597484753526265	0.125838121751894	0.696246447763	sample_2022120210048
HROV.vOTU39035	Responder_Status	Responder	-1.5337816105631	0.972416917462647	0.125961747649521	0.696561121739667	sample_2022120210048
HROV.vOTU01280	Responder_Status	Responder	2.27472783265946	1.44536444769055	0.126764522630572	0.69914788247887	sample_2022120210048
HROV.vOTU07046	Responder_Status	Responder	0.84814247201272	0.539368877004225	0.127074191845705	0.699746275414211	sample_2022120210048
HROV.vOTU36422	Responder_Status	Responder	-1.4449543443266	0.920281683577487	0.127619980108419	0.700262205890199	sample_2022120210048
HROV.vOTU41394	Responder_Status	Responder	-0.959839798068346	0.611784681879523	0.127900360283076	0.700262205890199	sample_2022120210048
HROV.vOTU15477	Responder_Status	Responder	-0.802093423441957	0.51174730554614	0.128263274971956	0.700930753774473	sample_2022120210048
HROV.vOTU75522	Responder_Status	Responder	-2.01671078449326	1.288219839365	0.128698427101636	0.700966308284553	sample_2022120210048
HROV.vOTU66003	Responder_Status	Responder	-0.989129163290109	0.631719120853152	0.128634812194342	0.700966308284553	sample_2022120210048
HROV.vOTU28941	Responder_Status	Responder	2.27405938305231	1.4526929051374	0.12872008791525	0.700966308284553	sample_2022120210048
HROV.vOTU21251	Responder_Status	Responder	0.484232315314561	0.309208528367644	0.128572922288947	0.700966308284553	sample_2022120210048
HROV.vOTU54379	Responder_Status	Responder	-0.581257930798976	0.371718653344126	0.129120186234615	0.701754762165732	sample_2022120210048
HROV.vOTU19800	Responder_Status	Responder	-1.53576114877448	0.982964987058471	0.129432342092364	0.702759033534833	sample_2022120210048
HROV.vOTU48965	Responder_Status	Responder	-2.1444421523092	1.37508181119895	0.130110334233531	0.704391603772474	sample_2022120210048
HROV.vOTU74149	Responder_Status	Responder	-0.945087551082194	0.606002084054189	0.130100042224468	0.704391603772474	sample_2022120210048
HROV.vOTU39924	Responder_Status	Responder	1.45879319164452	0.936300749711969	0.13045634362112	0.70439752832139	sample_2022120210048
HROV.vOTU56685	Responder_Status	Responder	1.65619550117373	1.06414164990136	0.130852773728777	0.704688685924547	sample_2022120210048
HROV.vOTU16151	Responder_Status	Responder	0.628587586079086	0.404177993508356	0.131124375312736	0.704962413715485	sample_2022120210048
HROV.vOTU01314	Responder_Status	Responder	-1.75241399423191	1.12721317902786	0.131262804949498	0.705015826748424	sample_2022120210048
HROV.vOTU16562	Responder_Status	Responder	-1.25142885439292	0.805650742271573	0.131579397435993	0.705015826748424	sample_2022120210048
HROV.vOTU03127	Responder_Status	Responder	-0.852986507301656	0.548776888424227	0.13133465819078	0.705015826748424	sample_2022120210048
HROV.vOTU21960	Responder_Status	Responder	-1.91787910345831	1.23749323295931	0.13241750926764	0.706960655583853	sample_2022120210048
HROV.vOTU01387	Responder_Status	Responder	-1.09399051288565	0.705433607223131	0.132178874274933	0.706960655583853	sample_2022120210048
HROV.vOTU00181	Responder_Status	Responder	-0.585541995293779	0.377905569959324	0.132506199819689	0.706960655583853	sample_2022120210048
HROV.vOTU69410	Responder_Status	Responder	-1.21378411977302	0.78461199468431	0.133095867827621	0.70715650752608	sample_2022120210048
HROV.vOTU05127	Responder_Status	Responder	-1.59131049855817	1.0282855527238	0.132963233262893	0.70715650752608	sample_2022120210048
HROV.vOTU44282	Responder_Status	Responder	-0.992997462751164	0.64163813204547	0.13294884980342	0.70715650752608	sample_2022120210048
HROV.vOTU67194	Responder_Status	Responder	-0.610305650145296	0.394550921269023	0.133132044772446	0.707168687808846	sample_2022120210048
HROV.vOTU07285	Responder_Status	Responder	-1.72168140715754	1.11330009424556	0.133221079977982	0.707228936615665	sample_2022120210048
HROV.vOTU57502	Responder_Status	Responder	-1.1848686050537	0.766918964728335	0.133581520560179	0.707228936615665	sample_2022120210048
HROV.vOTU58926	Responder_Status	Responder	-1.09366670286707	0.707640119702169	0.133451118538123	0.707228936615665	sample_2022120210048
HROV.vOTU63450	Responder_Status	Responder	-0.510419986541205	0.330473330911614	0.133692758261298	0.707446213213308	sample_2022120210048
HROV.vOTU61540	Responder_Status	Responder	2.15348308458173	1.39523382805521	0.133947927926447	0.708078332275825	sample_2022120210048
HROV.vOTU31026	Responder_Status	Responder	-0.883569430356379	0.57243225813632	0.13392890639972	0.708078332275825	sample_2022120210048
HROV.vOTU22514	Responder_Status	Responder	-0.88433325609617	0.575357913671676	0.135514627881933	0.709657330259097	sample_2022120210048
HROV.vOTU10604	Responder_Status	Responder	-0.817933848393106	0.531822811842773	0.135278349714197	0.709657330259097	sample_2022120210048
HROV.vOTU40817	Responder_Status	Responder	-1.28316585817107	0.835944865234918	0.136010263787619	0.709657330259097	sample_2022120210048
HROV.vOTU22477	Responder_Status	Responder	-0.770417196993928	0.502007380479399	0.136087615987015	0.709657330259097	sample_2022120210048
HROV.vOTU30640	Responder_Status	Responder	-1.68784263700574	1.09771546907939	0.135372586864902	0.709657330259097	sample_2022120210048
HROV.vOTU44777	Responder_Status	Responder	-0.773574967310452	0.502806612985338	0.13514859413574	0.709657330259097	sample_2022120210048
HROV.vOTU11494	Responder_Status	Responder	-1.77139962015193	1.15400867865769	0.136008261988293	0.709657330259097	sample_2022120210048
HROV.vOTU74136	Responder_Status	Responder	1.48917443098228	0.971543932278366	0.136549517218775	0.710731576245716	sample_2022120210048
HROV.vOTU06760	Responder_Status	Responder	-2.17244394701209	1.41760974592605	0.136628693917794	0.710731576245716	sample_2022120210048
HROV.vOTU71569	Responder_Status	Responder	1.44517070084774	0.943608745247795	0.136858518249197	0.710981055702158	sample_2022120210048
HROV.vOTU66788	Responder_Status	Responder	1.56570532544168	1.02275361072163	0.137022014427418	0.711532580517595	sample_2022120210048
HROV.vOTU46696	Responder_Status	Responder	-0.983286440646712	0.643320366991019	0.13761898741249	0.71156407884421	sample_2022120210048
HROV.vOTU48679	Responder_Status	Responder	1.40931626787479	0.921517333102622	0.137399457769068	0.71156407884421	sample_2022120210048
HROV.vOTU53011	Responder_Status	Responder	-1.51854305463319	0.993604491208147	0.137653109835969	0.71156407884421	sample_2022120210048
HROV.vOTU67940	Responder_Status	Responder	-1.12094504145565	0.732881182867037	0.137359615370944	0.71156407884421	sample_2022120210048
HROV.vOTU09968	Responder_Status	Responder	-1.26983198835753	0.831465862366022	0.137924692039995	0.71156407884421	sample_2022120210048
HROV.vOTU45109	Responder_Status	Responder	0.926050043308034	0.605411576585076	0.137330918587241	0.71156407884421	sample_2022120210048
HROV.vOTU13935	Responder_Status	Responder	0.537917561370949	0.352133714275174	0.137832075319325	0.71156407884421	sample_2022120210048
HROV.vOTU12936	Responder_Status	Responder	-0.675178809737911	0.442213822623136	0.138025248982897	0.71156407884421	sample_2022120210048
HROV.vOTU01021	Responder_Status	Responder	1.67120241791499	1.09559024694085	0.138379086373479	0.711849034413238	sample_2022120210048
HROV.vOTU16624	Responder_Status	Responder	1.02640298271793	0.673151710484161	0.13853270720327	0.712151292357011	sample_2022120210048
HROV.vOTU11379	Responder_Status	Responder	-0.809119582515696	0.531238452754601	0.138953712524921	0.712269152673601	sample_2022120210048
HROV.vOTU62203	Responder_Status	Responder	-1.47096815651187	0.96537790626134	0.138793973927954	0.712269152673601	sample_2022120210048
HROV.vOTU71419	Responder_Status	Responder	-1.72023559008489	1.13075943084014	0.139396091428048	0.713213147365375	sample_2022120210048
HROV.vOTU49935	Responder_Status	Responder	1.02368470678507	0.67286897925226	0.139380329677444	0.713213147365375	sample_2022120210048
HROV.vOTU68950	Responder_Status	Responder	-1.35154477457766	0.889442411203357	0.139838751413824	0.713844320091913	sample_2022120210048
HROV.vOTU27780	Responder_Status	Responder	-1.92253533543989	1.26751939719337	0.140534869977038	0.714115030120833	sample_2022120210048
HROV.vOTU45052	Responder_Status	Responder	1.96226627251453	1.29398973723696	0.140616276437178	0.714115030120833	sample_2022120210048
HROV.vOTU43068	Responder_Status	Responder	-1.82665905843783	1.20422206346791	0.140507450295123	0.714115030120833	sample_2022120210048
HROV.vOTU37583	Responder_Status	Responder	-1.9755302427769	1.30278793364047	0.14063135613895	0.714115030120833	sample_2022120210048
HROV.vOTU30268	Responder_Status	Responder	0.929761295259837	0.613182487693306	0.140656180917533	0.714115030120833	sample_2022120210048
HROV.vOTU03335	Responder_Status	Responder	-0.860522415385954	0.568626955809025	0.141401759598578	0.714338675089906	sample_2022120210048
HROV.vOTU53592	Responder_Status	Responder	-0.511973144046498	0.337928949357378	0.14097281545949	0.714338675089906	sample_2022120210048
HROV.vOTU26712	Responder_Status	Responder	-1.66191847221365	1.09642208276235	0.140787902141633	0.714338675089906	sample_2022120210048
HROV.vOTU05795	Responder_Status	Responder	-1.09991361853758	0.728378973133666	0.142225571968428	0.714409828645721	sample_2022120210048
HROV.vOTU15151	Responder_Status	Responder	1.14151932734417	0.755724336118542	0.142120725793199	0.714409828645721	sample_2022120210048
HROV.vOTU54655	Responder_Status	Responder	-1.2363418701086	0.818736562190308	0.142231568664253	0.714409828645721	sample_2022120210048
HROV.vOTU24869	Responder_Status	Responder	-1.37976869735544	0.914680981342101	0.142636282484643	0.714830323702124	sample_2022120210048
HROV.vOTU07569	Responder_Status	Responder	2.12692435439404	1.41020624815895	0.142695764383283	0.714848920470262	sample_2022120210048
HROV.vOTU50704	Responder_Status	Responder	-2.07754187893054	1.37875507352416	0.143055869262615	0.715793812397693	sample_2022120210048
HROV.vOTU16132	Responder_Status	Responder	-1.38373091206991	0.919142521498507	0.14340495986502	0.715860076527236	sample_2022120210048
HROV.vOTU03678	Responder_Status	Responder	1.05319657654206	0.699137557725251	0.143158514341384	0.715860076527236	sample_2022120210048
HROV.vOTU09591	Responder_Status	Responder	-1.00707891773026	0.669257619168062	0.143581122067801	0.716245435080612	sample_2022120210048
HROV.vOTU33387	Responder_Status	Responder	-0.626518620949301	0.416367075112508	0.143592280803895	0.716245435080612	sample_2022120210048
HROV.vOTU43325	Responder_Status	Responder	1.25044094456715	0.831445543531283	0.143794841843878	0.716386476821189	sample_2022120210048
HROV.vOTU40350	Responder_Status	Responder	1.78200738300859	1.18516930210588	0.143883875533858	0.716386476821189	sample_2022120210048
HROV.vOTU67958	Responder_Status	Responder	1.06204460863931	0.706442873869337	0.143940178331508	0.716439666534361	sample_2022120210048
HROV.vOTU35216	Responder_Status	Responder	1.57338032603136	1.04806944823734	0.144493150645318	0.717291552764171	sample_2022120210048
HROV.vOTU31384	Responder_Status	Responder	0.777613618910018	0.518564289012651	0.144922611634239	0.718114584081329	sample_2022120210048
HROV.vOTU67214	Responder_Status	Responder	-2.16669673794394	1.44727858679976	0.14556039068724	0.719333340698929	sample_2022120210048
HROV.vOTU25132	Responder_Status	Responder	-1.98976929859992	1.32924528403747	0.145603587464837	0.719333340698929	sample_2022120210048
HROV.vOTU10518	Responder_Status	Responder	1.14245050256704	0.763134576441906	0.145569075991553	0.719333340698929	sample_2022120210048
HROV.vOTU41466	Responder_Status	Responder	1.12114297076124	0.749267539052941	0.145758510238322	0.719392999612495	sample_2022120210048
HROV.vOTU35959	Responder_Status	Responder	-1.0866411810452	0.726626905815121	0.14598130524078	0.719903081374075	sample_2022120210048
HROV.vOTU68963	Responder_Status	Responder	-1.49527219619808	1.0009867301382	0.1464129779256	0.720329761741462	sample_2022120210048
HROV.vOTU34659	Responder_Status	Responder	-1.27178910714765	0.85197025839682	0.146682652261328	0.720976672796493	sample_2022120210048
HROV.vOTU65601	Responder_Status	Responder	-0.950272831432633	0.637293342706345	0.147114306937676	0.721490183708489	sample_2022120210048
HROV.vOTU31047	Responder_Status	Responder	1.12230169798753	0.752558946239613	0.14706036604938	0.721490183708489	sample_2022120210048
HROV.vOTU27399	Responder_Status	Responder	-1.52279972034955	1.02207709398022	0.147428080465286	0.721514892890704	sample_2022120210048
HROV.vOTU42183	Responder_Status	Responder	-0.912866051527082	0.613652794936044	0.148034185979154	0.72195310352784	sample_2022120210048
HROV.vOTU59729	Responder_Status	Responder	0.862104592907561	0.580135428205076	0.148442361703794	0.723154082343179	sample_2022120210048
HROV.vOTU70683	Responder_Status	Responder	0.903118944079012	0.607915620829171	0.14855841673393	0.72355056178229	sample_2022120210048
HROV.vOTU02921	Responder_Status	Responder	-0.630158230458203	0.424619570792032	0.14896565025302	0.723712366947429	sample_2022120210048
HROV.vOTU56207	Responder_Status	Responder	1.47943618085355	0.996789950501982	0.148926911491609	0.723712366947429	sample_2022120210048
HROV.vOTU26869	Responder_Status	Responder	-0.961747077694174	0.647648127902351	0.148720416545556	0.723712366947429	sample_2022120210048
HROV.vOTU06892	Responder_Status	Responder	-0.746737960126894	0.503883683651274	0.149517441815674	0.723936483433087	sample_2022120210048
HROV.vOTU53580	Responder_Status	Responder	1.4334806784581	0.966707263760505	0.149283756391661	0.723936483433087	sample_2022120210048
HROV.vOTU45378	Responder_Status	Responder	0.592886243841162	0.39995582204046	0.149407842073535	0.723936483433087	sample_2022120210048
HROV.vOTU68419	Responder_Status	Responder	-0.688831002362719	0.465571511371099	0.150160505238318	0.72542818155641	sample_2022120210048
HROV.vOTU22948	Responder_Status	Responder	0.931832270709041	0.629990070182241	0.150271086639103	0.725450475743246	sample_2022120210048
HROV.vOTU09691	Responder_Status	Responder	-1.81252179640109	1.22679732276006	0.150717961220028	0.725945135490129	sample_2022120210048
HROV.vOTU41365	Responder_Status	Responder	-1.22420286922131	0.829075549442081	0.150945524079726	0.725954429087696	sample_2022120210048
HROV.vOTU23522	Responder_Status	Responder	0.920692657907885	0.623393651423761	0.150861218398505	0.725954429087696	sample_2022120210048
HROV.vOTU03004	Responder_Status	Responder	-1.05036030117975	0.711367488220066	0.150959120147058	0.725954429087696	sample_2022120210048
HROV.vOTU49194	Responder_Status	Responder	-0.868376050688639	0.588383760529301	0.151137853428293	0.725954429087696	sample_2022120210048
HROV.vOTU13265	Responder_Status	Responder	1.90023464117904	1.28999316525181	0.151888960883016	0.727046471015721	sample_2022120210048
HROV.vOTU60614	Responder_Status	Responder	-0.824094275737043	0.560240263984298	0.152450343999473	0.727705645264487	sample_2022120210048
HROV.vOTU03842	Responder_Status	Responder	1.05073863259223	0.713994267306604	0.152270717978336	0.727705645264487	sample_2022120210048
HROV.vOTU14206	Responder_Status	Responder	0.620193390701177	0.421459429454064	0.152296753033475	0.727705645264487	sample_2022120210048
HROV.vOTU75697	Responder_Status	Responder	-1.35717150150954	0.92405774288042	0.15305791357939	0.729463040968687	sample_2022120210048
HROV.vOTU09258	Responder_Status	Responder	1.43963961701269	0.981087660883606	0.153413327814286	0.730089957521825	sample_2022120210048
HROV.vOTU28323	Responder_Status	Responder	1.02815461888565	0.700650583087121	0.153403319258046	0.730089957521825	sample_2022120210048
HROV.vOTU13781	Responder_Status	Responder	-1.58112042312962	1.07858605242394	0.153811271490154	0.730883705828671	sample_2022120210048
HROV.vOTU29517	Responder_Status	Responder	-0.79081663482341	0.539977732180993	0.154186207672772	0.731177814041168	sample_2022120210048
HROV.vOTU54933	Responder_Status	Responder	1.44689018438082	0.987450252245222	0.153984709609948	0.731177814041168	sample_2022120210048
HROV.vOTU51003	Responder_Status	Responder	-0.515149176448035	0.35162169934888	0.154042299170013	0.731177814041168	sample_2022120210048
HROV.vOTU23782	Responder_Status	Responder	-0.668289827221205	0.456317777517818	0.154188479137287	0.731177814041168	sample_2022120210048
HROV.vOTU21802	Responder_Status	Responder	-1.92360440638896	1.3141718192524	0.154402392750592	0.731324953834537	sample_2022120210048
HROV.vOTU56875	Responder_Status	Responder	0.597260191940295	0.40806441964965	0.154428721094278	0.731324953834537	sample_2022120210048
HROV.vOTU74488	Responder_Status	Responder	-1.80940976808786	1.23638550499378	0.154476138784436	0.731378633491647	sample_2022120210048
HROV.vOTU12748	Responder_Status	Responder	0.740702972629282	0.506793541522601	0.154998171377093	0.731432864490008	sample_2022120210048
HROV.vOTU36179	Responder_Status	Responder	-0.285087217034222	0.195050600748855	0.154982191892986	0.731432864490008	sample_2022120210048
HROV.vOTU24697	Responder_Status	Responder	0.779014034718842	0.532919949866889	0.154933760531958	0.731432864490008	sample_2022120210048
HROV.vOTU52624	Responder_Status	Responder	-1.60278451178571	1.09763305428902	0.155360400529228	0.73174713587113	sample_2022120210048
HROV.vOTU51501	Responder_Status	Responder	-0.817680101854444	0.560927388246297	0.156040924953169	0.731791744420123	sample_2022120210048
HROV.vOTU06438	Responder_Status	Responder	1.37031808041574	0.939770511817812	0.155928098291704	0.731791744420123	sample_2022120210048
HROV.vOTU27744	Responder_Status	Responder	-1.55733305297105	1.06680958596173	0.155473588831399	0.731791744420123	sample_2022120210048
HROV.vOTU28315	Responder_Status	Responder	-0.566599995408458	0.389550579762738	0.156927922921698	0.731791744420123	sample_2022120210048
HROV.vOTU26908	Responder_Status	Responder	1.86070886247974	1.27956802339679	0.157017893220571	0.731791744420123	sample_2022120210048
HROV.vOTU44351	Responder_Status	Responder	-1.06064225897105	0.728785013735996	0.156691469911102	0.731791744420123	sample_2022120210048
HROV.vOTU22570	Responder_Status	Responder	-0.355236289541198	0.243467173001276	0.155673388469352	0.731791744420123	sample_2022120210048
HROV.vOTU18924	Responder_Status	Responder	-1.87621744144919	1.28533751845286	0.155499840518351	0.731791744420123	sample_2022120210048
HROV.vOTU33355	Responder_Status	Responder	1.54602069096507	1.06135801293893	0.156338227663824	0.731791744420123	sample_2022120210048
HROV.vOTU60167	Responder_Status	Responder	-1.02289179741017	0.703294409045059	0.156946511998537	0.731791744420123	sample_2022120210048
HROV.vOTU26728	Responder_Status	Responder	-0.479617387055293	0.328904685425086	0.155904870120764	0.731791744420123	sample_2022120210048
HROV.vOTU67169	Responder_Status	Responder	-1.20475608960763	0.828981291900225	0.157258110172027	0.731884185568305	sample_2022120210048
HROV.vOTU17559	Responder_Status	Responder	1.05452795336326	0.725472805869316	0.157182006868887	0.731884185568305	sample_2022120210048
HROV.vOTU22923	Responder_Status	Responder	-1.01277899056242	0.696615811373715	0.157104223904362	0.731884185568305	sample_2022120210048
HROV.vOTU43885	Responder_Status	Responder	1.6316789039496	1.12444993377432	0.15786688243696	0.732297206716579	sample_2022120210048
HROV.vOTU53287	Responder_Status	Responder	-0.540517814961134	0.372743463663608	0.1581389952927	0.732436935587803	sample_2022120210048
HROV.vOTU57796	Responder_Status	Responder	1.41186507881949	0.974504915908563	0.158500270756178	0.732809182694161	sample_2022120210048
HROV.vOTU26654	Responder_Status	Responder	-0.701841532411536	0.484697570232928	0.158723166147718	0.733027766652551	sample_2022120210048
HROV.vOTU40909	Responder_Status	Responder	0.656396133319071	0.453412441050338	0.158811678649488	0.733119052632528	sample_2022120210048
HROV.vOTU69880	Responder_Status	Responder	-0.783844944670889	0.541512096252867	0.158858499101176	0.733166049589019	sample_2022120210048
HROV.vOTU65186	Responder_Status	Responder	1.5197231724153	1.05231474817786	0.159788211356214	0.734850912215478	sample_2022120210048
HROV.vOTU32680	Responder_Status	Responder	-1.54406920416724	1.07165053111995	0.160722030222323	0.736054900443178	sample_2022120210048
HROV.vOTU30007	Responder_Status	Responder	1.00791542515142	0.70038182189211	0.161209983167563	0.736054900443178	sample_2022120210048
HROV.vOTU60099	Responder_Status	Responder	1.84221312013332	1.28164057061909	0.161690366835513	0.736054900443178	sample_2022120210048
HROV.vOTU54368	Responder_Status	Responder	0.969868091576191	0.674475878477753	0.161529470159388	0.736054900443178	sample_2022120210048
HROV.vOTU36599	Responder_Status	Responder	-1.62414993807492	1.12966256483427	0.161593650069021	0.736054900443178	sample_2022120210048
HROV.vOTU08541	Responder_Status	Responder	-1.0332471758208	0.719682112856108	0.162166187917053	0.736060970384711	sample_2022120210048
HROV.vOTU30612	Responder_Status	Responder	-1.43074066574925	0.997288680218131	0.162468218834981	0.73634727979276	sample_2022120210048
HROV.vOTU67925	Responder_Status	Responder	-1.14758999141555	0.800005707886551	0.162511527107113	0.73634727979276	sample_2022120210048
HROV.vOTU52612	Responder_Status	Responder	-1.78873210759346	1.2487180963498	0.163084321646342	0.737341809523213	sample_2022120210048
HROV.vOTU08671	Responder_Status	Responder	1.83153145783221	1.28064600798995	0.163735517651907	0.737771912128853	sample_2022120210048
HROV.vOTU67068	Responder_Status	Responder	-1.31223363570092	0.918114189147814	0.163989315911292	0.737889333792611	sample_2022120210048
HROV.vOTU03830	Responder_Status	Responder	0.700895860637665	0.49046497589584	0.164053977422028	0.737889333792611	sample_2022120210048
HROV.vOTU60965	Responder_Status	Responder	-1.23846516015272	0.866984871311032	0.164216418880729	0.738232765786468	sample_2022120210048
HROV.vOTU00662	Responder_Status	Responder	1.61770175555909	1.13479307629351	0.165052490334277	0.739670490289106	sample_2022120210048
HROV.vOTU70085	Responder_Status	Responder	1.24435087945299	0.872851254555626	0.165032905854821	0.739670490289106	sample_2022120210048
HROV.vOTU32342	Responder_Status	Responder	-1.10446333659102	0.775131451741455	0.165245980675059	0.740145869276566	sample_2022120210048
HROV.vOTU09933	Responder_Status	Responder	-2.13870663261604	1.50201997862231	0.165528558296266	0.74017855187057	sample_2022120210048
HROV.vOTU11450	Responder_Status	Responder	-0.93088784191183	0.653865910280554	0.165591454656622	0.74017855187057	sample_2022120210048
HROV.vOTU15056	Responder_Status	Responder	-1.76802239215632	1.24399440756498	0.166287732657831	0.740268264405625	sample_2022120210048
HROV.vOTU38393	Responder_Status	Responder	0.575837187764978	0.405824850822817	0.16695581133607	0.740268264405625	sample_2022120210048
HROV.vOTU69117	Responder_Status	Responder	-0.727334075252104	0.512832360509961	0.167147066966505	0.740268264405625	sample_2022120210048
HROV.vOTU66985	Responder_Status	Responder	-1.10419728609717	0.777823072883457	0.166762540621507	0.740268264405625	sample_2022120210048
HROV.vOTU72129	Responder_Status	Responder	0.86732449404863	0.611046410306302	0.166817685919058	0.740268264405625	sample_2022120210048
HROV.vOTU37929	Responder_Status	Responder	0.52389679097267	0.369126808694067	0.166852853146318	0.740268264405625	sample_2022120210048
HROV.vOTU33455	Responder_Status	Responder	-0.508820620500367	0.358411191082649	0.166746228612645	0.740268264405625	sample_2022120210048
HROV.vOTU39627	Responder_Status	Responder	-2.01232852628521	1.42120785017845	0.167824949175204	0.741114407381824	sample_2022120210048
HROV.vOTU52240	Responder_Status	Responder	-2.20888871183732	1.56047217218874	0.167941760273978	0.741320415222886	sample_2022120210048
HROV.vOTU29370	Responder_Status	Responder	0.829625132790841	0.586109446321819	0.167955600744012	0.741320415222886	sample_2022120210048
HROV.vOTU13481	Responder_Status	Responder	-1.7543390345149	1.24049990856336	0.168321338620308	0.742207128038418	sample_2022120210048
HROV.vOTU14813	Responder_Status	Responder	-1.09332922409144	0.774403390495994	0.169016071357819	0.743856054246664	sample_2022120210048
HROV.vOTU00606	Responder_Status	Responder	1.65275945042383	1.17129308776889	0.169243414512718	0.744542592934324	sample_2022120210048
HROV.vOTU35300	Responder_Status	Responder	1.33935038805829	0.950346652382381	0.169748440220526	0.745193510181401	sample_2022120210048
HROV.vOTU42025	Responder_Status	Responder	1.55879458775369	1.10579727129435	0.169652295376201	0.745193510181401	sample_2022120210048
HROV.vOTU31601	Responder_Status	Responder	0.650781829902985	0.461567778284164	0.169570089141021	0.745193510181401	sample_2022120210048
HROV.vOTU07726	Responder_Status	Responder	-0.772688181410947	0.548495851125389	0.169920646165208	0.745471629589928	sample_2022120210048
HROV.vOTU37886	Responder_Status	Responder	-1.13734762887745	0.807688816689783	0.170093421986952	0.745472329482712	sample_2022120210048
HROV.vOTU23360	Responder_Status	Responder	0.592039240408684	0.42044265350452	0.170098586810714	0.745472329482712	sample_2022120210048
HROV.vOTU72107	Responder_Status	Responder	0.734407030278628	0.522292434122829	0.170689030895776	0.74602724079473	sample_2022120210048
HROV.vOTU67290	Responder_Status	Responder	-0.635032818356033	0.451598903728694	0.170669801081106	0.74602724079473	sample_2022120210048
HROV.vOTU61921	Responder_Status	Responder	-2.37094040316123	1.69017092058872	0.171673565008666	0.746889983710236	sample_2022120210048
HROV.vOTU08280	Responder_Status	Responder	-1.18896946967287	0.847802123899135	0.171782156392231	0.746889983710236	sample_2022120210048
HROV.vOTU69449	Responder_Status	Responder	0.280469282506575	0.200007146415081	0.171816905212882	0.746889983710236	sample_2022120210048
HROV.vOTU34716	Responder_Status	Responder	-0.806526728042301	0.57610549732112	0.172507451194301	0.747254496085565	sample_2022120210048
HROV.vOTU20618	Responder_Status	Responder	-0.705732183062248	0.503500531371453	0.172007621569823	0.747254496085565	sample_2022120210048
HROV.vOTU48896	Responder_Status	Responder	-0.571263327735934	0.407963885835882	0.172413909470014	0.747254496085565	sample_2022120210048
HROV.vOTU66047	Responder_Status	Responder	-1.28163286449988	0.915820011407001	0.172663495657308	0.747611442814943	sample_2022120210048
HROV.vOTU07214	Responder_Status	Responder	-1.12529444384438	0.804968172312298	0.173109286553269	0.748209471767227	sample_2022120210048
HROV.vOTU17332	Responder_Status	Responder	1.84397124545622	1.3196760805422	0.173301364970896	0.748209471767227	sample_2022120210048
HROV.vOTU32399	Responder_Status	Responder	-1.27792311372273	0.914971545545415	0.173482983300433	0.748297603805746	sample_2022120210048
HROV.vOTU10841	Responder_Status	Responder	1.28631131724222	0.921253624883178	0.173607755690838	0.748466383129258	sample_2022120210048
HROV.vOTU62321	Responder_Status	Responder	1.72891440296405	1.23909567567155	0.173893555629794	0.748549108115086	sample_2022120210048
HROV.vOTU43358	Responder_Status	Responder	-1.16438993691953	0.83511256255853	0.17419583044133	0.748574432558804	sample_2022120210048
HROV.vOTU60122	Responder_Status	Responder	1.61023469326088	1.15461514050192	0.174101351480807	0.748574432558804	sample_2022120210048
HROV.vOTU21496	Responder_Status	Responder	-0.915704957847075	0.657940265449754	0.174948776728501	0.748651588719973	sample_2022120210048
HROV.vOTU74737	Responder_Status	Responder	-1.64594388316412	1.18174715333541	0.17464012994334	0.748651588719973	sample_2022120210048
HROV.vOTU49004	Responder_Status	Responder	1.34619395082421	0.966434158109799	0.17459701850188	0.748651588719973	sample_2022120210048
HROV.vOTU50460	Responder_Status	Responder	-0.842392822819024	0.604475625639286	0.174404568046248	0.748651588719973	sample_2022120210048
HROV.vOTU04949	Responder_Status	Responder	1.6080962364827	1.15375421961064	0.174344239987049	0.748651588719973	sample_2022120210048
HROV.vOTU06106	Responder_Status	Responder	1.18074422620415	0.847868706853478	0.174700848044971	0.748651588719973	sample_2022120210048
HROV.vOTU62066	Responder_Status	Responder	-1.77448046317102	1.27719591402164	0.175675079410558	0.749211776043374	sample_2022120210048
HROV.vOTU72947	Responder_Status	Responder	1.36647183363889	0.984478412371819	0.176078622579568	0.750257422057079	sample_2022120210048
HROV.vOTU07700	Responder_Status	Responder	1.36187109652194	0.98152881028206	0.176234209860425	0.750767087117183	sample_2022120210048
HROV.vOTU37071	Responder_Status	Responder	-1.17061683716981	0.845163582202101	0.17696589094693	0.751104704721338	sample_2022120210048
HROV.vOTU41617	Responder_Status	Responder	-0.346520039927985	0.250200309958305	0.176998191787002	0.751104704721338	sample_2022120210048
HROV.vOTU54203	Responder_Status	Responder	-1.00053874167068	0.722803377691135	0.177217045327243	0.751273560020225	sample_2022120210048
HROV.vOTU52184	Responder_Status	Responder	-1.47937278541116	1.06886236754584	0.177272936054062	0.75135787478641	sample_2022120210048
HROV.vOTU61708	Responder_Status	Responder	-1.51221773898048	1.09309151358603	0.177464152346297	0.751721738920489	sample_2022120210048
HROV.vOTU33624	Responder_Status	Responder	1.60322290540381	1.1588811241705	0.177466842724545	0.751721738920489	sample_2022120210048
HROV.vOTU27969	Responder_Status	Responder	-2.00110382867547	1.44870793228187	0.17811069582091	0.753165984627295	sample_2022120210048
HROV.vOTU05159	Responder_Status	Responder	1.13896910773766	0.825994512989025	0.178840380898811	0.754007876532416	sample_2022120210048
HROV.vOTU49444	Responder_Status	Responder	1.40866023691446	1.02237630141466	0.179169088486631	0.754007876532416	sample_2022120210048
HROV.vOTU66684	Responder_Status	Responder	-1.96236565130997	1.42314939074691	0.178845552726695	0.754007876532416	sample_2022120210048
HROV.vOTU15774	Responder_Status	Responder	0.9000237514953	0.653906705356662	0.179612454863092	0.754007876532416	sample_2022120210048
HROV.vOTU25193	Responder_Status	Responder	1.47850118205635	1.07409507871722	0.179572911786897	0.754007876532416	sample_2022120210048
HROV.vOTU38046	Responder_Status	Responder	1.98303017948231	1.44120016773034	0.179741630704589	0.754314866841902	sample_2022120210048
HROV.vOTU40468	Responder_Status	Responder	1.53635225528773	1.11745069908557	0.180074121524403	0.754647975143432	sample_2022120210048
HROV.vOTU10994	Responder_Status	Responder	1.76632310339991	1.28464500683047	0.18005025334046	0.754647975143432	sample_2022120210048
HROV.vOTU01595	Responder_Status	Responder	1.37024313554555	0.997498212535051	0.180440185897129	0.754696785858104	sample_2022120210048
HROV.vOTU07805	Responder_Status	Responder	1.53826406892604	1.1213396601155	0.181015467425237	0.754696785858104	sample_2022120210048
HROV.vOTU30980	Responder_Status	Responder	-1.19548061067852	0.87150242382439	0.181034702391879	0.754696785858104	sample_2022120210048
HROV.vOTU25354	Responder_Status	Responder	1.42268779700544	1.0388161196122	0.181718963323337	0.754696785858104	sample_2022120210048
HROV.vOTU53264	Responder_Status	Responder	1.84703869073378	1.34819452758671	0.181570446839407	0.754696785858104	sample_2022120210048
HROV.vOTU37302	Responder_Status	Responder	1.30723949000199	0.954493629723469	0.181708056576648	0.754696785858104	sample_2022120210048
HROV.vOTU46503	Responder_Status	Responder	0.527185872947558	0.384712976551337	0.181469683579405	0.754696785858104	sample_2022120210048
HROV.vOTU11909	Responder_Status	Responder	-0.897098261557291	0.655144755512351	0.181785373383262	0.754696785858104	sample_2022120210048
HROV.vOTU47859	Responder_Status	Responder	-0.963486349438757	0.702464687235895	0.18108612924595	0.754696785858104	sample_2022120210048
HROV.vOTU07878	Responder_Status	Responder	1.17100682922721	0.854293465045566	0.18134760570177	0.754696785858104	sample_2022120210048
HROV.vOTU16803	Responder_Status	Responder	-1.18212874455128	0.863489483932475	0.181877942234365	0.754829337249413	sample_2022120210048
HROV.vOTU21834	Responder_Status	Responder	-1.71615046048329	1.25404116975275	0.182037902512349	0.754994241938141	sample_2022120210048
HROV.vOTU07154	Responder_Status	Responder	1.18690380668254	0.867963874765797	0.182359314813675	0.755279488556548	sample_2022120210048
HROV.vOTU74217	Responder_Status	Responder	0.663720160427167	0.485278851827221	0.182281529060101	0.755279488556548	sample_2022120210048
HROV.vOTU67153	Responder_Status	Responder	1.09696883880199	0.803520021050318	0.183058291971789	0.755784097550907	sample_2022120210048
HROV.vOTU00758	Responder_Status	Responder	1.87404334783112	1.37485585976329	0.183717960020029	0.755872672649266	sample_2022120210048
HROV.vOTU07258	Responder_Status	Responder	-1.15810867313233	0.850376778060793	0.184094066260141	0.755872672649266	sample_2022120210048
HROV.vOTU08533	Responder_Status	Responder	0.502310157482572	0.36837278927424	0.183559637944912	0.755872672649266	sample_2022120210048
HROV.vOTU05302	Responder_Status	Responder	-1.01727117848171	0.745802427158643	0.18343402475248	0.755872672649266	sample_2022120210048
HROV.vOTU72566	Responder_Status	Responder	1.9577639345577	1.43519288608109	0.183397769290185	0.755872672649266	sample_2022120210048
HROV.vOTU72168	Responder_Status	Responder	-0.867378603072402	0.636653628963644	0.183930145293757	0.755872672649266	sample_2022120210048
HROV.vOTU03367	Responder_Status	Responder	0.462343174911918	0.339543361155859	0.184161301659728	0.755872672649266	sample_2022120210048
HROV.vOTU74508	Responder_Status	Responder	-1.08584844830547	0.797938032407433	0.184424747937321	0.755880693136662	sample_2022120210048
HROV.vOTU30149	Responder_Status	Responder	-1.65236601037151	1.2140990557995	0.184373761049668	0.755880693136662	sample_2022120210048
HROV.vOTU19336	Responder_Status	Responder	1.62142260857136	1.19136389621786	0.184374095791237	0.755880693136662	sample_2022120210048
HROV.vOTU28965	Responder_Status	Responder	-0.810643428903944	0.595547028416566	0.184313390869424	0.755880693136662	sample_2022120210048
HROV.vOTU10186	Responder_Status	Responder	1.48920737774702	1.09454154244063	0.184500255443396	0.75604169077237	sample_2022120210048
HROV.vOTU11438	Responder_Status	Responder	1.3871605883922	1.02040851733716	0.184862926079465	0.756483941618345	sample_2022120210048
HROV.vOTU37626	Responder_Status	Responder	0.943577038369207	0.69452800631213	0.185122707096639	0.756483941618345	sample_2022120210048
HROV.vOTU15386	Responder_Status	Responder	-1.15243573476941	0.850202611030214	0.186097340413657	0.75665922655108	sample_2022120210048
HROV.vOTU52417	Responder_Status	Responder	-0.812723737204483	0.599848534119456	0.186286854332578	0.75665922655108	sample_2022120210048
HROV.vOTU03107	Responder_Status	Responder	1.1749008870217	0.865315123873709	0.185378296799557	0.75665922655108	sample_2022120210048
HROV.vOTU35510	Responder_Status	Responder	0.759418615927629	0.56040354671987	0.186209228101388	0.75665922655108	sample_2022120210048
HROV.vOTU10154	Responder_Status	Responder	-0.870022317667418	0.642282769085404	0.186382373569266	0.756770454550696	sample_2022120210048
HROV.vOTU39549	Responder_Status	Responder	1.81184826858888	1.33778965924186	0.186451288306807	0.756903012441756	sample_2022120210048
HROV.vOTU04385	Responder_Status	Responder	-1.58320629285333	1.17164415551606	0.187427219345971	0.757916308418992	sample_2022120210048
HROV.vOTU21466	Responder_Status	Responder	-0.566742695660033	0.419470719343995	0.187483825195372	0.75793333209249	sample_2022120210048
HROV.vOTU22698	Responder_Status	Responder	-1.71810106517236	1.27197978460651	0.187597832660549	0.75793333209249	sample_2022120210048
HROV.vOTU27032	Responder_Status	Responder	-1.35635643481264	1.00527627203453	0.188070819535389	0.758461449991029	sample_2022120210048
HROV.vOTU05314	Responder_Status	Responder	-1.09189284296783	0.810375560490236	0.188657285675355	0.759359219295016	sample_2022120210048
HROV.vOTU66740	Responder_Status	Responder	-1.14874702166031	0.853365061117192	0.189056174544412	0.759959655807672	sample_2022120210048
HROV.vOTU07603	Responder_Status	Responder	-1.72179778632466	1.27910896506656	0.1890709240817	0.759959655807672	sample_2022120210048
HROV.vOTU51929	Responder_Status	Responder	-1.69263775944665	1.25810067839845	0.189294089126399	0.760211138839314	sample_2022120210048
HROV.vOTU27429	Responder_Status	Responder	-0.675799224298706	0.502794183167739	0.189710273657522	0.760832505385115	sample_2022120210048
HROV.vOTU36175	Responder_Status	Responder	-0.483745000582378	0.359881119122307	0.189680636338785	0.760832505385115	sample_2022120210048
HROV.vOTU34791	Responder_Status	Responder	-0.728956437851643	0.543060938472289	0.190278382110372	0.76152793469709	sample_2022120210048
HROV.vOTU01043	Responder_Status	Responder	-0.847972988739173	0.631972075076765	0.190445510316312	0.761562006303877	sample_2022120210048
HROV.vOTU32094	Responder_Status	Responder	-1.22238797529545	0.911543019461364	0.190695215276885	0.761685960349968	sample_2022120210048
HROV.vOTU40683	Responder_Status	Responder	-1.26949400196274	0.946821895237352	0.190764076743442	0.761815208885502	sample_2022120210048
HROV.vOTU59097	Responder_Status	Responder	-1.15213164344309	0.859878246391001	0.191058493911234	0.762115972463198	sample_2022120210048
HROV.vOTU42965	Responder_Status	Responder	-0.750922815566528	0.560415083206273	0.191038339117426	0.762115972463198	sample_2022120210048
HROV.vOTU59570	Responder_Status	Responder	-1.25579946465946	0.939004165012867	0.191863973009766	0.762155834590433	sample_2022120210048
HROV.vOTU56128	Responder_Status	Responder	-1.18979531158713	0.889585183091813	0.191832285101749	0.762155834590433	sample_2022120210048
HROV.vOTU50574	Responder_Status	Responder	-0.939175371695107	0.70115493284743	0.191189735312139	0.762155834590433	sample_2022120210048
HROV.vOTU16108	Responder_Status	Responder	-0.993576077166307	0.743402629348514	0.192137630821996	0.762630725609559	sample_2022120210048
HROV.vOTU70414	Responder_Status	Responder	0.867232202257321	0.649471563850492	0.192536602965713	0.763298979566074	sample_2022120210048
HROV.vOTU18920	Responder_Status	Responder	1.27466287453982	0.955223131798695	0.192819527591799	0.763449732658101	sample_2022120210048
HROV.vOTU54408	Responder_Status	Responder	1.08899527903551	0.81647820573149	0.193027380262481	0.763548412827519	sample_2022120210048
HROV.vOTU10505	Responder_Status	Responder	-0.820151872044455	0.614779424079479	0.192934375419673	0.763548412827519	sample_2022120210048
HROV.vOTU15604	Responder_Status	Responder	-1.11989582356727	0.840058714147905	0.193239593730181	0.763953461100373	sample_2022120210048
HROV.vOTU19606	Responder_Status	Responder	-1.33959555712559	1.00561679574649	0.193564702630326	0.763958139728095	sample_2022120210048
HROV.vOTU15270	Responder_Status	Responder	-0.464653705930032	0.348707600810638	0.193438527786413	0.763958139728095	sample_2022120210048
HROV.vOTU25638	Responder_Status	Responder	0.760275081401872	0.570909343977258	0.193701617453317	0.764043234974624	sample_2022120210048
HROV.vOTU74833	Responder_Status	Responder	-1.5581066438571	1.17017272452068	0.193757752798935	0.764120238267907	sample_2022120210048
HROV.vOTU21852	Responder_Status	Responder	-1.02115129273555	0.767390036195638	0.194029833840199	0.764470951905788	sample_2022120210048
HROV.vOTU37432	Responder_Status	Responder	-0.948210658142394	0.712994755641055	0.194284270238998	0.76493265643966	sample_2022120210048
HROV.vOTU62550	Responder_Status	Responder	-0.87051510944412	0.655066897967998	0.194610980574628	0.765460076251882	sample_2022120210048
HROV.vOTU74285	Responder_Status	Responder	1.26504620308118	0.952446865835896	0.194835338645527	0.765621072779541	sample_2022120210048
HROV.vOTU03889	Responder_Status	Responder	0.931430225868091	0.702071493390866	0.19533079625654	0.765981532858697	sample_2022120210048
HROV.vOTU72239	Responder_Status	Responder	1.34115683850844	1.01068581680467	0.195236580730722	0.765981532858697	sample_2022120210048
HROV.vOTU23838	Responder_Status	Responder	0.726140436176786	0.54747869010317	0.195446164026631	0.766146026152478	sample_2022120210048
HROV.vOTU19481	Responder_Status	Responder	-1.37869727968318	1.03963590313683	0.195511802750749	0.766259403456926	sample_2022120210048
HROV.vOTU35198	Responder_Status	Responder	-0.796306838486785	0.600752999430849	0.195714647295309	0.766334838471499	sample_2022120210048
HROV.vOTU58212	Responder_Status	Responder	-0.739228655546159	0.558259354159508	0.196155924711047	0.767070112357422	sample_2022120210048
HROV.vOTU08922	Responder_Status	Responder	-0.366173929461419	0.276593574828829	0.196253323176584	0.767148689772485	sample_2022120210048
HROV.vOTU74002	Responder_Status	Responder	1.02536926543592	0.77578589587536	0.19696031745142	0.767757828410464	sample_2022120210048
HROV.vOTU74913	Responder_Status	Responder	1.06941468174183	0.809283174047648	0.197053172668569	0.767757828410464	sample_2022120210048
HROV.vOTU72437	Responder_Status	Responder	-1.52993800359235	1.15780198263523	0.197059265214136	0.767757828410464	sample_2022120210048
HROV.vOTU08559	Responder_Status	Responder	-0.589652985225262	0.446765514761544	0.197582611842709	0.767853905471873	sample_2022120210048
HROV.vOTU51043	Responder_Status	Responder	-0.727630063221869	0.551316268941752	0.197589656237305	0.767853905471873	sample_2022120210048
HROV.vOTU75084	Responder_Status	Responder	-1.57522029593523	1.19448522675904	0.197939657626434	0.768415300346666	sample_2022120210048
HROV.vOTU25966	Responder_Status	Responder	0.774934722984084	0.587740603031204	0.198020935392194	0.76852063324701	sample_2022120210048
HROV.vOTU01625	Responder_Status	Responder	1.675652425063	1.27216764900984	0.198461976554469	0.768528334270527	sample_2022120210048
HROV.vOTU74846	Responder_Status	Responder	-0.514532782018903	0.390372420458213	0.198166804626906	0.768528334270527	sample_2022120210048
HROV.vOTU04807	Responder_Status	Responder	-0.63728279997755	0.483892675907149	0.198518597405292	0.768528334270527	sample_2022120210048
HROV.vOTU46802	Responder_Status	Responder	0.822037975161262	0.624234799936388	0.198557967340042	0.768528334270527	sample_2022120210048
HROV.vOTU26158	Responder_Status	Responder	-0.765669316195381	0.582284235445664	0.199198056207125	0.769324799588534	sample_2022120210048
HROV.vOTU13070	Responder_Status	Responder	-1.32432788789245	1.00763782281935	0.199414157407013	0.769558702863234	sample_2022120210048
HROV.vOTU28353	Responder_Status	Responder	1.54606983880019	1.17753886502231	0.199853527651312	0.770122051400064	sample_2022120210048
HROV.vOTU73771	Responder_Status	Responder	-1.03238710577215	0.78635213367794	0.199882034146249	0.770122051400064	sample_2022120210048
HROV.vOTU17948	Responder_Status	Responder	1.04730110938503	0.798343353714216	0.20022761526169	0.770219906899028	sample_2022120210048
HROV.vOTU48715	Responder_Status	Responder	-0.935390874922304	0.713251082579552	0.20035956038107	0.770371368467714	sample_2022120210048
HROV.vOTU05573	Responder_Status	Responder	0.888784497015459	0.677996975547185	0.200542669602354	0.770371368467714	sample_2022120210048
HROV.vOTU39907	Responder_Status	Responder	-0.531164442225144	0.405098205534673	0.200442079446393	0.770371368467714	sample_2022120210048
HROV.vOTU72034	Responder_Status	Responder	-1.68045371842454	1.28475651444795	0.201512519450113	0.770816337466835	sample_2022120210048
HROV.vOTU09255	Responder_Status	Responder	2.02624681587755	1.54748443325601	0.201048729109896	0.770816337466835	sample_2022120210048
HROV.vOTU04595	Responder_Status	Responder	1.11324395126056	0.850736145371265	0.201321321341021	0.770816337466835	sample_2022120210048
HROV.vOTU45611	Responder_Status	Responder	0.704055332710602	0.538301332349074	0.201537102018576	0.770816337466835	sample_2022120210048
HROV.vOTU24816	Responder_Status	Responder	0.821116496458307	0.627499567676534	0.201325465123191	0.770816337466835	sample_2022120210048
HROV.vOTU63677	Responder_Status	Responder	-0.691731680231957	0.529825133549344	0.202319941310301	0.771757528661048	sample_2022120210048
HROV.vOTU36564	Responder_Status	Responder	1.08233794241228	0.829162598223854	0.202402623825651	0.771757528661048	sample_2022120210048
HROV.vOTU73633	Responder_Status	Responder	0.416517918197245	0.319016230905535	0.202303997896144	0.771757528661048	sample_2022120210048
HROV.vOTU41480	Responder_Status	Responder	-1.07080890459787	0.821333200623707	0.202938329570544	0.77284643086651	sample_2022120210048
HROV.vOTU13136	Responder_Status	Responder	-1.02927757719028	0.789379920012602	0.202883948530363	0.77284643086651	sample_2022120210048
HROV.vOTU07204	Responder_Status	Responder	0.610621003938396	0.468717679531442	0.203273947575362	0.772901326821499	sample_2022120210048
HROV.vOTU70215	Responder_Status	Responder	-1.31102121371474	1.00987916251194	0.204811868764945	0.773014694644702	sample_2022120210048
HROV.vOTU67718	Responder_Status	Responder	1.04321589362216	0.802223049289996	0.204064016461696	0.773014694644702	sample_2022120210048
HROV.vOTU54041	Responder_Status	Responder	-0.695981472842648	0.536224859328589	0.204902601378749	0.773014694644702	sample_2022120210048
HROV.vOTU09229	Responder_Status	Responder	1.63157254862832	1.25436299579649	0.203958703656712	0.773014694644702	sample_2022120210048
HROV.vOTU19142	Responder_Status	Responder	-1.39131280709218	1.07160760075433	0.204762553907658	0.773014694644702	sample_2022120210048
HROV.vOTU15902	Responder_Status	Responder	-1.12792965949755	0.868418266758212	0.204596404194315	0.773014694644702	sample_2022120210048
HROV.vOTU64505	Responder_Status	Responder	-0.543506882362936	0.418224453209635	0.204350843861848	0.773014694644702	sample_2022120210048
HROV.vOTU35627	Responder_Status	Responder	1.61521457434833	1.2432903794606	0.204490514424765	0.773014694644702	sample_2022120210048
HROV.vOTU50165	Responder_Status	Responder	0.773633822121357	0.594379066192327	0.203666629732933	0.773014694644702	sample_2022120210048
HROV.vOTU05033	Responder_Status	Responder	1.39297234893759	1.0710927746598	0.204027243243462	0.773014694644702	sample_2022120210048
HROV.vOTU48193	Responder_Status	Responder	1.62647362129087	1.25032973369448	0.203918939741972	0.773014694644702	sample_2022120210048
HROV.vOTU65200	Responder_Status	Responder	0.65585601321175	0.505078035880443	0.204700751073995	0.773014694644702	sample_2022120210048
HROV.vOTU61322	Responder_Status	Responder	-1.158210486214	0.89248548552144	0.204967846656823	0.773069665622567	sample_2022120210048
HROV.vOTU32214	Responder_Status	Responder	1.38094630320587	1.06749094646534	0.206361009401734	0.775712223741747	sample_2022120210048
HROV.vOTU16199	Responder_Status	Responder	1.73428857177329	1.34059745649074	0.206350472241282	0.775712223741747	sample_2022120210048
HROV.vOTU24040	Responder_Status	Responder	0.808850641911588	0.625774828471341	0.206728948155468	0.776116774240801	sample_2022120210048
HROV.vOTU06807	Responder_Status	Responder	-1.70406348012048	1.31906443328306	0.206963092210679	0.776390316282458	sample_2022120210048
HROV.vOTU55324	Responder_Status	Responder	-0.441460885612841	0.341774694875535	0.207031610195223	0.776390316282458	sample_2022120210048
HROV.vOTU31817	Responder_Status	Responder	0.939128236062902	0.726841572344732	0.206896666184627	0.776390316282458	sample_2022120210048
HROV.vOTU32087	Responder_Status	Responder	1.72605024540835	1.33770368017962	0.207497985242023	0.777010449824402	sample_2022120210048
HROV.vOTU08091	Responder_Status	Responder	0.654285243831822	0.50739779575346	0.207777627409611	0.777062752181297	sample_2022120210048
HROV.vOTU71692	Responder_Status	Responder	0.874982238143523	0.678690785821431	0.207870470674523	0.777062752181297	sample_2022120210048
HROV.vOTU37055	Responder_Status	Responder	-0.497276635215326	0.386061457085267	0.20826294791754	0.777556206541124	sample_2022120210048
HROV.vOTU18875	Responder_Status	Responder	1.36251472634883	1.05871257850166	0.208648310540679	0.77781812456709	sample_2022120210048
HROV.vOTU46641	Responder_Status	Responder	-1.08991865201064	0.847515769005381	0.208971069690832	0.77781812456709	sample_2022120210048
HROV.vOTU55792	Responder_Status	Responder	-1.21809492376782	0.948738353780249	0.209696527390397	0.778303113413125	sample_2022120210048
HROV.vOTU35103	Responder_Status	Responder	-1.78062824772253	1.38752699488334	0.209903463277514	0.778303113413125	sample_2022120210048
HROV.vOTU42180	Responder_Status	Responder	-1.1491398228013	0.894247242493739	0.209308446773783	0.778303113413125	sample_2022120210048
HROV.vOTU61919	Responder_Status	Responder	-1.0621448579689	0.827633788414567	0.209889464673206	0.778303113413125	sample_2022120210048
HROV.vOTU20653	Responder_Status	Responder	-1.13448972802771	0.88386329048872	0.209818120688506	0.778303113413125	sample_2022120210048
HROV.vOTU00799	Responder_Status	Responder	-0.901772878927832	0.702260957622625	0.209631284081304	0.778303113413125	sample_2022120210048
HROV.vOTU07547	Responder_Status	Responder	-1.10924446430877	0.863980892710664	0.209708301364424	0.778303113413125	sample_2022120210048
HROV.vOTU08281	Responder_Status	Responder	1.41004193736282	1.09979412592194	0.210323093381891	0.778862560238586	sample_2022120210048
HROV.vOTU35715	Responder_Status	Responder	-0.516100831383208	0.402498615839754	0.210272529422193	0.778862560238586	sample_2022120210048
HROV.vOTU57885	Responder_Status	Responder	-1.83078122586888	1.42941929600205	0.21077630559972	0.779240730969391	sample_2022120210048
HROV.vOTU49317	Responder_Status	Responder	-1.04810994921216	0.818394078284216	0.210809447391144	0.779240730969391	sample_2022120210048
HROV.vOTU16592	Responder_Status	Responder	1.39413115954844	1.08911208916485	0.21102737918371	0.77940007294982	sample_2022120210048
HROV.vOTU31955	Responder_Status	Responder	1.58872793510442	1.24081723672793	0.210914314620878	0.77940007294982	sample_2022120210048
HROV.vOTU38452	Responder_Status	Responder	-1.57563256041333	1.23146356899002	0.211229396640991	0.779688275185264	sample_2022120210048
HROV.vOTU38906	Responder_Status	Responder	-1.40153833132426	1.09602731090001	0.21148473506444	0.779903340474139	sample_2022120210048
HROV.vOTU23600	Responder_Status	Responder	-1.11735284491567	0.874852495640669	0.212024888493048	0.780000430641428	sample_2022120210048
HROV.vOTU09774	Responder_Status	Responder	-0.549818385045212	0.430326957712392	0.211855875044228	0.780000430641428	sample_2022120210048
HROV.vOTU22888	Responder_Status	Responder	0.88519179797436	0.693202119403625	0.212104706908301	0.780022067520042	sample_2022120210048
HROV.vOTU05577	Responder_Status	Responder	-1.02004318011845	0.79967353635457	0.212587522266305	0.780535654345658	sample_2022120210048
HROV.vOTU72028	Responder_Status	Responder	-0.297402914293811	0.233314005674824	0.212896232171946	0.780731745814183	sample_2022120210048
HROV.vOTU38220	Responder_Status	Responder	-1.08107761655015	0.848516499904214	0.213109156802895	0.780826562934765	sample_2022120210048
HROV.vOTU55776	Responder_Status	Responder	-0.694681230958389	0.545232808007334	0.213101983057776	0.780826562934765	sample_2022120210048
HROV.vOTU55299	Responder_Status	Responder	-1.30848396679193	1.02752917841498	0.213337019050654	0.781249971501519	sample_2022120210048
HROV.vOTU37069	Responder_Status	Responder	0.904920652342888	0.710851657296842	0.213483321671791	0.78136622242336	sample_2022120210048
HROV.vOTU56546	Responder_Status	Responder	1.41885517932862	1.11548498731935	0.213849584107523	0.781755267178842	sample_2022120210048
HROV.vOTU32613	Responder_Status	Responder	-1.68252832800889	1.32413276763621	0.214304594773746	0.782011793473592	sample_2022120210048
HROV.vOTU02293	Responder_Status	Responder	-1.17622042742667	0.92771322619481	0.215286229756979	0.782011793473592	sample_2022120210048
HROV.vOTU41002	Responder_Status	Responder	-1.13947300688434	0.898761656731527	0.215302120397894	0.782011793473592	sample_2022120210048
HROV.vOTU24955	Responder_Status	Responder	-0.979038128771108	0.772108091881111	0.215238414721402	0.782011793473592	sample_2022120210048
HROV.vOTU24409	Responder_Status	Responder	-1.45936959645423	1.15448158451222	0.216619831083113	0.782011793473592	sample_2022120210048
HROV.vOTU17285	Responder_Status	Responder	1.62717647166036	1.28651935017818	0.216372777210764	0.782011793473592	sample_2022120210048
HROV.vOTU01529	Responder_Status	Responder	1.71417898054543	1.35090612665254	0.214920467471671	0.782011793473592	sample_2022120210048
HROV.vOTU16732	Responder_Status	Responder	1.48596618965702	1.1707713414309	0.214811754948081	0.782011793473592	sample_2022120210048
HROV.vOTU51259	Responder_Status	Responder	1.41614578267645	1.117336737285	0.215441498288852	0.782011793473592	sample_2022120210048
HROV.vOTU38862	Responder_Status	Responder	1.33823175169198	1.05537590022714	0.215235686154928	0.782011793473592	sample_2022120210048
HROV.vOTU73249	Responder_Status	Responder	1.66484751567204	1.31052925863787	0.214410423527919	0.782011793473592	sample_2022120210048
HROV.vOTU11934	Responder_Status	Responder	1.87812099091658	1.48521219712235	0.216458472280339	0.782011793473592	sample_2022120210048
HROV.vOTU62380	Responder_Status	Responder	1.21613447396977	0.959341358465124	0.215354606167803	0.782011793473592	sample_2022120210048
HROV.vOTU01295	Responder_Status	Responder	-1.54539652731403	1.22065804694679	0.21593291114881	0.782011793473592	sample_2022120210048
HROV.vOTU34299	Responder_Status	Responder	-0.926019978018909	0.730962608690528	0.215645738821963	0.782011793473592	sample_2022120210048
HROV.vOTU61489	Responder_Status	Responder	-1.22788347818682	0.970315937156956	0.216140604704135	0.782011793473592	sample_2022120210048
HROV.vOTU37726	Responder_Status	Responder	-1.07013639212453	0.843665551853943	0.215087059001123	0.782011793473592	sample_2022120210048
HROV.vOTU10758	Responder_Status	Responder	0.675847484932053	0.531701992540671	0.214151116535932	0.782011793473592	sample_2022120210048
HROV.vOTU20490	Responder_Status	Responder	0.936693359782636	0.740635974538096	0.216399217999652	0.782011793473592	sample_2022120210048
HROV.vOTU19975	Responder_Status	Responder	-0.656928193151278	0.519677793790004	0.216614214217199	0.782011793473592	sample_2022120210048
HROV.vOTU01645	Responder_Status	Responder	1.31428896218077	1.03842872068938	0.21606841454121	0.782011793473592	sample_2022120210048
HROV.vOTU74076	Responder_Status	Responder	-1.02745537835729	0.809402986519373	0.214748781628549	0.782011793473592	sample_2022120210048
HROV.vOTU24679	Responder_Status	Responder	-0.485779518439582	0.384083538089327	0.216377744081761	0.782011793473592	sample_2022120210048
HROV.vOTU06556	Responder_Status	Responder	0.687394993511622	0.540935997233077	0.214274186864438	0.782011793473592	sample_2022120210048
HROV.vOTU15791	Responder_Status	Responder	0.958475239110503	0.759251840599401	0.217220412675613	0.782101130207788	sample_2022120210048
HROV.vOTU27225	Responder_Status	Responder	1.2257839926482	0.971444878804002	0.217425703422244	0.782101130207788	sample_2022120210048
HROV.vOTU09438	Responder_Status	Responder	-0.521230908668642	0.41298357977959	0.217321028841641	0.782101130207788	sample_2022120210048
HROV.vOTU08400	Responder_Status	Responder	-0.559620219907268	0.443400191593392	0.217320879836114	0.782101130207788	sample_2022120210048
HROV.vOTU23303	Responder_Status	Responder	0.776311870483015	0.614714580346967	0.217047712609961	0.782101130207788	sample_2022120210048
HROV.vOTU15372	Responder_Status	Responder	1.53771646551951	1.21981121918728	0.217850481507528	0.782239075300859	sample_2022120210048
HROV.vOTU24353	Responder_Status	Responder	1.39466477974252	1.10649940795779	0.217917488442702	0.782239075300859	sample_2022120210048
HROV.vOTU43167	Responder_Status	Responder	1.15850717658568	0.919812619671061	0.218246743031122	0.782519052526366	sample_2022120210048
HROV.vOTU52970	Responder_Status	Responder	-0.315495392044881	0.250544726405922	0.218341239057988	0.782519052526366	sample_2022120210048
HROV.vOTU12872	Responder_Status	Responder	0.769558248673214	0.611457696703192	0.218581291505453	0.783140180895931	sample_2022120210048
HROV.vOTU64261	Responder_Status	Responder	1.2411763547033	0.986486078985427	0.218718076400428	0.783226879628847	sample_2022120210048
HROV.vOTU09277	Responder_Status	Responder	1.20501560545094	0.957911045638325	0.218795526901796	0.783235445358575	sample_2022120210048
HROV.vOTU30073	Responder_Status	Responder	-1.29590380502266	1.03015334456326	0.218792019653262	0.783235445358575	sample_2022120210048
HROV.vOTU10515	Responder_Status	Responder	-1.73068459368425	1.37729466131687	0.219287414665134	0.784189229619832	sample_2022120210048
HROV.vOTU22193	Responder_Status	Responder	-0.772284276096448	0.615011519941503	0.219594328639345	0.784282553173776	sample_2022120210048
HROV.vOTU22961	Responder_Status	Responder	1.19256726429749	0.949892484342715	0.219682677500161	0.784282553173776	sample_2022120210048
HROV.vOTU18026	Responder_Status	Responder	-1.29453577160223	1.03106936545862	0.219664347892203	0.784282553173776	sample_2022120210048
HROV.vOTU61047	Responder_Status	Responder	-0.661350226519618	0.527048936964378	0.219918157781529	0.784440564130409	sample_2022120210048
HROV.vOTU30486	Responder_Status	Responder	-1.81009243328148	1.44334246701224	0.220175762239116	0.784605906749239	sample_2022120210048
HROV.vOTU64807	Responder_Status	Responder	1.07901027542955	0.860706127056774	0.220341899477638	0.784605906749239	sample_2022120210048
HROV.vOTU73958	Responder_Status	Responder	-0.696402902607648	0.555488162522113	0.220326307555835	0.784605906749239	sample_2022120210048
HROV.vOTU21661	Responder_Status	Responder	1.42984370803389	1.14166011790057	0.220775239857523	0.78511145699069	sample_2022120210048
HROV.vOTU45209	Responder_Status	Responder	1.19689203643608	0.955684072795933	0.22078673411971	0.78511145699069	sample_2022120210048
HROV.vOTU52476	Responder_Status	Responder	-1.65412233515597	1.32199203125386	0.221202597442307	0.785512251805726	sample_2022120210048
HROV.vOTU45737	Responder_Status	Responder	1.48151336195919	1.18780301255731	0.222629869049804	0.787070603563851	sample_2022120210048
HROV.vOTU05518	Responder_Status	Responder	0.879322214953775	0.705210081755487	0.222766353958127	0.787070603563851	sample_2022120210048
HROV.vOTU07151	Responder_Status	Responder	1.20711441194384	0.968810036271586	0.223097995153647	0.787293736702166	sample_2022120210048
HROV.vOTU66925	Responder_Status	Responder	0.425592166628145	0.341640326167624	0.223186503577162	0.787339812314973	sample_2022120210048
HROV.vOTU37360	Responder_Status	Responder	0.811351399258216	0.65126796176062	0.223160795746238	0.787339812314973	sample_2022120210048
HROV.vOTU55832	Responder_Status	Responder	-1.09154995326191	0.877758069887028	0.223970965492585	0.78791877922616	sample_2022120210048
HROV.vOTU46389	Responder_Status	Responder	-1.31443692539053	1.05712901110302	0.224030188592623	0.78791877922616	sample_2022120210048
HROV.vOTU08851	Responder_Status	Responder	-1.24508643348884	1.00019060090558	0.223505891619554	0.78791877922616	sample_2022120210048
HROV.vOTU20831	Responder_Status	Responder	-0.319457505966501	0.256895546344742	0.223983700716148	0.78791877922616	sample_2022120210048
HROV.vOTU30877	Responder_Status	Responder	1.51658548251312	1.21802168746759	0.223407145041978	0.78791877922616	sample_2022120210048
HROV.vOTU14828	Responder_Status	Responder	0.459994821682484	0.369590930347359	0.223594220377191	0.78791877922616	sample_2022120210048
HROV.vOTU75194	Responder_Status	Responder	1.03577903031171	0.832706324400267	0.223860405644406	0.78791877922616	sample_2022120210048
HROV.vOTU02205	Responder_Status	Responder	-0.462112483355609	0.37125894579792	0.223553595869222	0.78791877922616	sample_2022120210048
HROV.vOTU10823	Responder_Status	Responder	-1.38713240689245	1.11788904307004	0.224957655918646	0.789794020400136	sample_2022120210048
HROV.vOTU19375	Responder_Status	Responder	0.577880513570804	0.465736197498142	0.224979657464246	0.789794020400136	sample_2022120210048
HROV.vOTU46262	Responder_Status	Responder	-1.29569381501019	1.04564587276757	0.225583203412059	0.7899398205602	sample_2022120210048
HROV.vOTU11329	Responder_Status	Responder	1.07163958603943	0.864841478672534	0.225588947318581	0.7899398205602	sample_2022120210048
HROV.vOTU02103	Responder_Status	Responder	1.56101063748691	1.25953153955588	0.225500954687795	0.7899398205602	sample_2022120210048
HROV.vOTU12202	Responder_Status	Responder	-1.48450958283621	1.19830546494674	0.225689636429532	0.790027291560605	sample_2022120210048
HROV.vOTU32051	Responder_Status	Responder	-1.42293101117496	1.14980335018244	0.22616340545077	0.790889790844097	sample_2022120210048
HROV.vOTU72401	Responder_Status	Responder	1.3321063338211	1.07666405699851	0.226269182652809	0.791127130501613	sample_2022120210048
HROV.vOTU49012	Responder_Status	Responder	-0.85706736773709	0.693370925613897	0.22669549893283	0.791324276386454	sample_2022120210048
HROV.vOTU73241	Responder_Status	Responder	-1.15629838374025	0.936107856651416	0.227013592294481	0.791955001877511	sample_2022120210048
HROV.vOTU43365	Responder_Status	Responder	-1.15442993322873	0.935884709428348	0.227637799517918	0.792441664959885	sample_2022120210048
HROV.vOTU19378	Responder_Status	Responder	-1.73115786759645	1.40302983426834	0.227507939770626	0.792441664959885	sample_2022120210048
HROV.vOTU21204	Responder_Status	Responder	-1.03528341584459	0.839139741844327	0.227554651638102	0.792441664959885	sample_2022120210048
HROV.vOTU72092	Responder_Status	Responder	-1.06340413828323	0.8632616461478	0.228252546842408	0.793541671264544	sample_2022120210048
HROV.vOTU14148	Responder_Status	Responder	2.04626487784638	1.66522644871501	0.229366976661723	0.79407527621821	sample_2022120210048
HROV.vOTU39986	Responder_Status	Responder	0.910852216028425	0.740916236086322	0.2291682294277	0.79407527621821	sample_2022120210048
HROV.vOTU54723	Responder_Status	Responder	-0.346210854605779	0.281712941446974	0.229319618190094	0.79407527621821	sample_2022120210048
HROV.vOTU28588	Responder_Status	Responder	-0.456021177220223	0.370984540381466	0.229220047188781	0.79407527621821	sample_2022120210048
HROV.vOTU16938	Responder_Status	Responder	-0.576103577974135	0.468278265784295	0.228836380658178	0.79407527621821	sample_2022120210048
HROV.vOTU21405	Responder_Status	Responder	0.664371782064489	0.541029864308097	0.229678996184192	0.794234601865636	sample_2022120210048
HROV.vOTU49020	Responder_Status	Responder	-0.801259063596988	0.652703489430812	0.22981791769126	0.794234601865636	sample_2022120210048
HROV.vOTU31815	Responder_Status	Responder	1.27795148637019	1.04127345133737	0.229930233553948	0.794306959943427	sample_2022120210048
HROV.vOTU01853	Responder_Status	Responder	1.08397554359371	0.883426510291301	0.23003531420993	0.794306959943427	sample_2022120210048
HROV.vOTU07014	Responder_Status	Responder	1.63967173785441	1.33786338517057	0.230562288983629	0.79515296523302	sample_2022120210048
HROV.vOTU16890	Responder_Status	Responder	-0.46313048221624	0.377971840659094	0.230668178949399	0.795178833710639	sample_2022120210048
HROV.vOTU03562	Responder_Status	Responder	1.85203003415121	1.51236998945297	0.230933886980901	0.795180699767595	sample_2022120210048
HROV.vOTU26471	Responder_Status	Responder	-0.57709240534182	0.471229994172148	0.230910385128538	0.795180699767595	sample_2022120210048
HROV.vOTU03632	Responder_Status	Responder	-1.96954500149826	1.61067796799212	0.231596299388935	0.795361982597841	sample_2022120210048
HROV.vOTU18429	Responder_Status	Responder	-0.911697585953717	0.745049091228991	0.231273061990218	0.795361982597841	sample_2022120210048
HROV.vOTU46976	Responder_Status	Responder	0.542586166089292	0.443540078140473	0.231409230282961	0.795361982597841	sample_2022120210048
HROV.vOTU52600	Responder_Status	Responder	1.19722755852173	0.978591732504869	0.231368069459043	0.795361982597841	sample_2022120210048
HROV.vOTU14912	Responder_Status	Responder	-0.426182527728007	0.348526857248935	0.231593995011592	0.795361982597841	sample_2022120210048
HROV.vOTU18938	Responder_Status	Responder	0.822058914781884	0.672373184496484	0.231663982593919	0.795463526938975	sample_2022120210048
HROV.vOTU64011	Responder_Status	Responder	-1.11663144899629	0.914187038304133	0.232101585495087	0.795672234297745	sample_2022120210048
HROV.vOTU45672	Responder_Status	Responder	1.69955605508923	1.39051989835272	0.23180461148886	0.795672234297745	sample_2022120210048
HROV.vOTU28293	Responder_Status	Responder	-1.35984864979651	1.11256248856517	0.231796361960102	0.795672234297745	sample_2022120210048
HROV.vOTU59173	Responder_Status	Responder	1.23019876152739	1.00749951135446	0.232252841332668	0.795672234297745	sample_2022120210048
HROV.vOTU34025	Responder_Status	Responder	1.03635050370108	0.848079419401753	0.231896941119415	0.795672234297745	sample_2022120210048
HROV.vOTU02995	Responder_Status	Responder	1.03240213914595	0.845477999914213	0.232235925314029	0.795672234297745	sample_2022120210048
HROV.vOTU09281	Responder_Status	Responder	2.01316881289938	1.65050273155237	0.232741798387725	0.795877165689122	sample_2022120210048
HROV.vOTU15938	Responder_Status	Responder	-1.0519336222934	0.862611914424058	0.23283727396219	0.795877165689122	sample_2022120210048
HROV.vOTU69621	Responder_Status	Responder	-0.729812453476497	0.598147457324757	0.23259601438582	0.795877165689122	sample_2022120210048
HROV.vOTU43318	Responder_Status	Responder	-0.580472699485646	0.476484776580529	0.233298848478212	0.795969751142762	sample_2022120210048
HROV.vOTU73601	Responder_Status	Responder	-0.971203748454293	0.797216144384994	0.233297279536199	0.795969751142762	sample_2022120210048
HROV.vOTU64911	Responder_Status	Responder	1.72060199521093	1.41372511985544	0.233736717518939	0.796789013377275	sample_2022120210048
HROV.vOTU55676	Responder_Status	Responder	-0.717984893525783	0.58995546787532	0.233757047181264	0.796789013377275	sample_2022120210048
HROV.vOTU65868	Responder_Status	Responder	-0.74605845497818	0.613547448392462	0.234146875555661	0.797219416213079	sample_2022120210048
HROV.vOTU23940	Responder_Status	Responder	0.429588576516226	0.353287201575938	0.234146752369019	0.797219416213079	sample_2022120210048
HROV.vOTU36366	Responder_Status	Responder	1.50601894367087	1.24002546422877	0.234698087122151	0.797614244950218	sample_2022120210048
HROV.vOTU41630	Responder_Status	Responder	-1.22388620212075	1.00769961461858	0.234687461607782	0.797614244950218	sample_2022120210048
HROV.vOTU29337	Responder_Status	Responder	-0.522812506844791	0.430803868703875	0.235048435407828	0.797802184468671	sample_2022120210048
HROV.vOTU53381	Responder_Status	Responder	-0.4099699999105	0.337828242482897	0.235059206147478	0.797802184468671	sample_2022120210048
HROV.vOTU33661	Responder_Status	Responder	-0.743307574312668	0.612925434142837	0.235369472702359	0.797848689211608	sample_2022120210048
HROV.vOTU36685	Responder_Status	Responder	1.14450526532102	0.943626046032038	0.235309599774172	0.797848689211608	sample_2022120210048
HROV.vOTU20117	Responder_Status	Responder	-1.14360762953365	0.943271061454802	0.235496021853494	0.797848689211608	sample_2022120210048
HROV.vOTU37640	Responder_Status	Responder	-1.57753146117622	1.30334591090328	0.236255546541957	0.798618421717566	sample_2022120210048
HROV.vOTU11679	Responder_Status	Responder	0.547633184621776	0.452501891064662	0.236307075313139	0.798618421717566	sample_2022120210048
HROV.vOTU41621	Responder_Status	Responder	1.37858543880872	1.13879892047477	0.236183687531588	0.798618421717566	sample_2022120210048
HROV.vOTU55876	Responder_Status	Responder	-0.586275073521532	0.484443777220204	0.236318975243602	0.798618421717566	sample_2022120210048
HROV.vOTU22540	Responder_Status	Responder	1.9023501484559	1.57276496098398	0.236562486011404	0.798618421717566	sample_2022120210048
HROV.vOTU25387	Responder_Status	Responder	-0.668071800252228	0.552043146074758	0.236327318822775	0.798618421717566	sample_2022120210048
HROV.vOTU66680	Responder_Status	Responder	-0.669558510939613	0.553521804678015	0.236533893337999	0.798618421717566	sample_2022120210048
HROV.vOTU03725	Responder_Status	Responder	-0.851396570693261	0.703564927242334	0.236350890528887	0.798618421717566	sample_2022120210048
HROV.vOTU56605	Responder_Status	Responder	-0.944266785033339	0.781071147333305	0.236796682077406	0.798778832365418	sample_2022120210048
HROV.vOTU01872	Responder_Status	Responder	-0.8538913002366	0.70654628796916	0.236946321289526	0.798778832365418	sample_2022120210048
HROV.vOTU63272	Responder_Status	Responder	0.834144542902525	0.690118426302297	0.236887662609021	0.798778832365418	sample_2022120210048
HROV.vOTU39286	Responder_Status	Responder	-1.58924308901429	1.31621210089872	0.23736490058372	0.798997033771014	sample_2022120210048
HROV.vOTU72761	Responder_Status	Responder	1.24868546143325	1.0339182411383	0.237257053406537	0.798997033771014	sample_2022120210048
HROV.vOTU30807	Responder_Status	Responder	-1.53698616301339	1.27396950420147	0.237737298449788	0.799166782791562	sample_2022120210048
HROV.vOTU02501	Responder_Status	Responder	0.908741326656469	0.753205102011327	0.237720336050508	0.799166782791562	sample_2022120210048
HROV.vOTU67350	Responder_Status	Responder	-0.90932654412816	0.753994777342389	0.237905244344535	0.79936783588351	sample_2022120210048
HROV.vOTU03270	Responder_Status	Responder	1.08589614977796	0.900615709901268	0.238013527390502	0.79936783588351	sample_2022120210048
HROV.vOTU40737	Responder_Status	Responder	0.86519647574573	0.717909146792542	0.238228026564893	0.79936783588351	sample_2022120210048
HROV.vOTU43584	Responder_Status	Responder	1.11725244348387	0.926956187385968	0.238178644893688	0.79936783588351	sample_2022120210048
HROV.vOTU58654	Responder_Status	Responder	-1.0113021052935	0.838607056561375	0.237935942394466	0.79936783588351	sample_2022120210048
HROV.vOTU24776	Responder_Status	Responder	-0.633665999325331	0.526013083189957	0.238419245335995	0.79936783588351	sample_2022120210048
HROV.vOTU50244	Responder_Status	Responder	0.869373819610993	0.721483302944745	0.238296523481237	0.79936783588351	sample_2022120210048
HROV.vOTU55519	Responder_Status	Responder	-0.878756830345633	0.730775593039397	0.239241003816668	0.799897428653294	sample_2022120210048
HROV.vOTU51625	Responder_Status	Responder	-0.927173342993385	0.77156961918747	0.239556363625917	0.800306127120764	sample_2022120210048
HROV.vOTU03566	Responder_Status	Responder	1.11481100704736	0.928027061534445	0.239709623319116	0.800438374187192	sample_2022120210048
HROV.vOTU04846	Responder_Status	Responder	-0.854650666767138	0.711419848003317	0.239686348799246	0.800438374187192	sample_2022120210048
HROV.vOTU69542	Responder_Status	Responder	-1.5534812358834	1.29468485862509	0.240236093617052	0.801170865098733	sample_2022120210048
HROV.vOTU53179	Responder_Status	Responder	1.47710036173809	1.23122422767264	0.240309057431626	0.801176517039533	sample_2022120210048
HROV.vOTU51937	Responder_Status	Responder	0.737354292778065	0.614867246763763	0.240497054483801	0.801504344281526	sample_2022120210048
HROV.vOTU43612	Responder_Status	Responder	0.894656179607873	0.746259032127372	0.240632569151378	0.801543855735639	sample_2022120210048
HROV.vOTU55024	Responder_Status	Responder	1.54716807377029	1.29266227082649	0.24138724426163	0.802956931421776	sample_2022120210048
HROV.vOTU22418	Responder_Status	Responder	1.44497066026799	1.20767507557932	0.241538946442808	0.803301961366859	sample_2022120210048
HROV.vOTU75179	Responder_Status	Responder	1.42446829797296	1.19098802180618	0.24171185423583	0.803396464070995	sample_2022120210048
HROV.vOTU12769	Responder_Status	Responder	0.591466077001316	0.494508927251794	0.241700952032171	0.803396464070995	sample_2022120210048
HROV.vOTU74328	Responder_Status	Responder	-0.669558978175714	0.560305737104487	0.242115466175312	0.803848402096443	sample_2022120210048
HROV.vOTU64997	Responder_Status	Responder	0.908919884530874	0.760612933274943	0.242117443966375	0.803848402096443	sample_2022120210048
HROV.vOTU47690	Responder_Status	Responder	-0.885587237707086	0.741204914210369	0.242190265061243	0.803908070589229	sample_2022120210048
HROV.vOTU08935	Responder_Status	Responder	-1.0143905357262	0.85186070239385	0.243732049475138	0.805180556825829	sample_2022120210048
HROV.vOTU31699	Responder_Status	Responder	-0.979980256832955	0.825336757969558	0.245057420813542	0.805180556825829	sample_2022120210048
HROV.vOTU16293	Responder_Status	Responder	1.53141644942481	1.28926239073365	0.244881544352895	0.805180556825829	sample_2022120210048
HROV.vOTU11091	Responder_Status	Responder	1.27785909060766	1.07662520676085	0.245235296572537	0.805180556825829	sample_2022120210048
HROV.vOTU06489	Responder_Status	Responder	1.72296906352517	1.45189302884573	0.245315446675616	0.805180556825829	sample_2022120210048
HROV.vOTU27306	Responder_Status	Responder	1.11372401327764	0.937842685223876	0.244992255164036	0.805180556825829	sample_2022120210048
HROV.vOTU73925	Responder_Status	Responder	1.22139415784866	1.0291661098486	0.245286274573947	0.805180556825829	sample_2022120210048
HROV.vOTU71398	Responder_Status	Responder	-0.973240073327218	0.818406156573466	0.244352444936565	0.805180556825829	sample_2022120210048
HROV.vOTU49753	Responder_Status	Responder	-0.725911613342058	0.609648132252016	0.243766061646668	0.805180556825829	sample_2022120210048
HROV.vOTU28637	Responder_Status	Responder	0.68383220985625	0.575484493267865	0.244707731381556	0.805180556825829	sample_2022120210048
HROV.vOTU24063	Responder_Status	Responder	0.642805937420372	0.540469819902122	0.244291677272653	0.805180556825829	sample_2022120210048
HROV.vOTU50719	Responder_Status	Responder	0.458598522336202	0.385599519767124	0.244304676042182	0.805180556825829	sample_2022120210048
HROV.vOTU37931	Responder_Status	Responder	0.871853336764367	0.732669902575088	0.244051495434489	0.805180556825829	sample_2022120210048
HROV.vOTU39206	Responder_Status	Responder	0.71403491794961	0.600445106100784	0.244357695734758	0.805180556825829	sample_2022120210048
HROV.vOTU72586	Responder_Status	Responder	-0.845792120880661	0.711290682549123	0.244389095304657	0.805180556825829	sample_2022120210048
HROV.vOTU10958	Responder_Status	Responder	-1.45590744754138	1.23054851483681	0.246703514269066	0.805936564694341	sample_2022120210048
HROV.vOTU70050	Responder_Status	Responder	-0.491967648068671	0.415361954472719	0.24619939650545	0.805936564694341	sample_2022120210048
HROV.vOTU14817	Responder_Status	Responder	-1.45624227526859	1.23318802715355	0.247585997874277	0.805936564694341	sample_2022120210048
HROV.vOTU29992	Responder_Status	Responder	-1.38367389731035	1.17075496349795	0.247199856472129	0.805936564694341	sample_2022120210048
HROV.vOTU59691	Responder_Status	Responder	1.67586147383952	1.416830881838	0.24682556564359	0.805936564694341	sample_2022120210048
HROV.vOTU09659	Responder_Status	Responder	1.08925516731539	0.922548331301728	0.247653837955303	0.805936564694341	sample_2022120210048
HROV.vOTU06769	Responder_Status	Responder	-0.90671822437581	0.76714332566454	0.247170010493857	0.805936564694341	sample_2022120210048
HROV.vOTU04247	Responder_Status	Responder	1.40065424259674	1.1840013527969	0.246763287804704	0.805936564694341	sample_2022120210048
HROV.vOTU31463	Responder_Status	Responder	-0.722520201596908	0.610046293382331	0.246223417123125	0.805936564694341	sample_2022120210048
HROV.vOTU30278	Responder_Status	Responder	-0.952534944774506	0.807433049829103	0.248042993095216	0.805936564694341	sample_2022120210048
HROV.vOTU13318	Responder_Status	Responder	-0.513042566906203	0.434032809053198	0.247132821375913	0.805936564694341	sample_2022120210048
HROV.vOTU04196	Responder_Status	Responder	-0.550737405788673	0.467444323875175	0.248638178878831	0.806067027095768	sample_2022120210048
HROV.vOTU71080	Responder_Status	Responder	0.914314825279322	0.775566657317352	0.248359593251151	0.806067027095768	sample_2022120210048
HROV.vOTU09977	Responder_Status	Responder	-1.01961234220515	0.865803021529446	0.248849537881075	0.806067027095768	sample_2022120210048
HROV.vOTU06552	Responder_Status	Responder	0.837956954076097	0.712456421479367	0.249437520284251	0.80664289239781	sample_2022120210048
HROV.vOTU56428	Responder_Status	Responder	-0.91842573228588	0.781661761322653	0.24990401676722	0.807227492637653	sample_2022120210048
HROV.vOTU55704	Responder_Status	Responder	0.304671776961073	0.259288911029481	0.249879416551372	0.807227492637653	sample_2022120210048
HROV.vOTU59588	Responder_Status	Responder	-1.17870934430871	1.00502316091042	0.250750223103203	0.807371499474375	sample_2022120210048
HROV.vOTU34787	Responder_Status	Responder	1.20485585828867	1.02702840827902	0.250620270836935	0.807371499474375	sample_2022120210048
HROV.vOTU23237	Responder_Status	Responder	-0.305566550170308	0.260496648399153	0.250672435092447	0.807371499474375	sample_2022120210048
HROV.vOTU69166	Responder_Status	Responder	1.04298980650123	0.889535235363112	0.250871416154568	0.807371499474375	sample_2022120210048
HROV.vOTU05414	Responder_Status	Responder	-0.47117906257945	0.401123386949788	0.250028780523375	0.807371499474375	sample_2022120210048
HROV.vOTU41415	Responder_Status	Responder	-1.40807870218057	1.20203732070032	0.251306140281163	0.807880336979033	sample_2022120210048
HROV.vOTU06228	Responder_Status	Responder	1.16025134590616	0.991171164619574	0.251631860652518	0.808227154190687	sample_2022120210048
HROV.vOTU16355	Responder_Status	Responder	-1.14301093142717	0.976725130236748	0.25176555946134	0.808227154190687	sample_2022120210048
HROV.vOTU67833	Responder_Status	Responder	-1.21633058003504	1.0388497804952	0.251530101560527	0.808227154190687	sample_2022120210048
HROV.vOTU36687	Responder_Status	Responder	-0.63088937138281	0.539187712219045	0.251834650506327	0.808227154190687	sample_2022120210048
HROV.vOTU33570	Responder_Status	Responder	-0.625258040126034	0.534261772543565	0.251736598448119	0.808227154190687	sample_2022120210048
HROV.vOTU45865	Responder_Status	Responder	0.978514206964379	0.836728346272728	0.25208052906326	0.808501712240701	sample_2022120210048
HROV.vOTU46353	Responder_Status	Responder	-1.07449045961537	0.919196446575864	0.252281499066796	0.808538874000414	sample_2022120210048
HROV.vOTU06938	Responder_Status	Responder	0.990783077755821	0.847415922726619	0.25218792149914	0.808538874000414	sample_2022120210048
HROV.vOTU10071	Responder_Status	Responder	-1.07665876872989	0.920952668898087	0.252231853754698	0.808538874000414	sample_2022120210048
HROV.vOTU47351	Responder_Status	Responder	0.758918110908353	0.649274549604565	0.252311034523932	0.808538874000414	sample_2022120210048
HROV.vOTU37364	Responder_Status	Responder	1.0173637305885	0.870881363647228	0.252576965514188	0.808850893092083	sample_2022120210048
HROV.vOTU05388	Responder_Status	Responder	-0.979117371262824	0.838274657000393	0.252650406370462	0.808961948596432	sample_2022120210048
HROV.vOTU42804	Responder_Status	Responder	-1.12040005311679	0.959989244328931	0.253014995079813	0.809756624339166	sample_2022120210048
HROV.vOTU43750	Responder_Status	Responder	1.12632853566372	0.966331748261295	0.253621231109514	0.809874612712224	sample_2022120210048
HROV.vOTU34202	Responder_Status	Responder	0.507178145070363	0.435333463428903	0.253835175623792	0.809963304044735	sample_2022120210048
HROV.vOTU41648	Responder_Status	Responder	-0.929663930632449	0.798351204499402	0.254055692995264	0.810105777358466	sample_2022120210048
HROV.vOTU09573	Responder_Status	Responder	-0.413418969949315	0.354996956752189	0.254019620883654	0.810105777358466	sample_2022120210048
HROV.vOTU32825	Responder_Status	Responder	1.11758062179563	0.960019174035786	0.254197795737048	0.810160982837399	sample_2022120210048
HROV.vOTU53204	Responder_Status	Responder	1.29371746503862	1.11112067783876	0.254113139982738	0.810160982837399	sample_2022120210048
HROV.vOTU47918	Responder_Status	Responder	-0.459046602600052	0.394663430468183	0.254592075707489	0.810426021239775	sample_2022120210048
HROV.vOTU74004	Responder_Status	Responder	-0.665985899986019	0.572912375823391	0.254862490872201	0.810426021239775	sample_2022120210048
HROV.vOTU08942	Responder_Status	Responder	1.24925148445377	1.07609884304284	0.255481526395998	0.811346131165465	sample_2022120210048
HROV.vOTU04018	Responder_Status	Responder	-0.630174678412476	0.543169925524007	0.25577287812447	0.811510718521483	sample_2022120210048
HROV.vOTU48140	Responder_Status	Responder	0.735055646618403	0.633733699107033	0.255892457341662	0.811622429288828	sample_2022120210048
HROV.vOTU15658	Responder_Status	Responder	1.09455759221925	0.943920524398917	0.256010348349363	0.811749615626132	sample_2022120210048
HROV.vOTU72768	Responder_Status	Responder	1.49191812243181	1.29126307769538	0.257693689512842	0.814027539747123	sample_2022120210048
HROV.vOTU57831	Responder_Status	Responder	-1.04957379481541	0.907654702953603	0.257306040293251	0.814027539747123	sample_2022120210048
HROV.vOTU61220	Responder_Status	Responder	0.596978890268892	0.516221019057013	0.257272882152056	0.814027539747123	sample_2022120210048
HROV.vOTU13293	Responder_Status	Responder	1.64136499826575	1.4214898403455	0.257981605970694	0.814131187654181	sample_2022120210048
HROV.vOTU28243	Responder_Status	Responder	-1.09884750913483	0.951894366259918	0.258102354964333	0.814131187654181	sample_2022120210048
HROV.vOTU39835	Responder_Status	Responder	0.578161332505791	0.500953452791763	0.258206260624544	0.814131187654181	sample_2022120210048
HROV.vOTU02138	Responder_Status	Responder	1.27132109836661	1.10189480154171	0.258352537465483	0.814131610852538	sample_2022120210048
HROV.vOTU33936	Responder_Status	Responder	-0.907560259348421	0.787306493137866	0.258763420358793	0.81453885111433	sample_2022120210048
HROV.vOTU65644	Responder_Status	Responder	-0.773182426772919	0.670848836162626	0.258843078082286	0.814549568009765	sample_2022120210048
HROV.vOTU26067	Responder_Status	Responder	-1.14210411206678	0.991361389809932	0.259039857325956	0.814968637629413	sample_2022120210048
HROV.vOTU35834	Responder_Status	Responder	0.876742904471634	0.761202717313345	0.259148932614911	0.814977047938972	sample_2022120210048
HROV.vOTU74797	Responder_Status	Responder	0.550378642849196	0.477827807978108	0.259129400464063	0.814977047938972	sample_2022120210048
HROV.vOTU69975	Responder_Status	Responder	-1.25845701049974	1.09486245332523	0.260106539746477	0.815707284709923	sample_2022120210048
HROV.vOTU34848	Responder_Status	Responder	1.48350975910841	1.29099854021573	0.260228993847564	0.815707284709923	sample_2022120210048
HROV.vOTU08175	Responder_Status	Responder	-0.830260332572032	0.721559492189144	0.259609680147594	0.815707284709923	sample_2022120210048
HROV.vOTU07335	Responder_Status	Responder	0.424210393922226	0.368942704800839	0.259952575220755	0.815707284709923	sample_2022120210048
HROV.vOTU37143	Responder_Status	Responder	1.57612966783145	1.37184788438395	0.260313381552782	0.815739233432756	sample_2022120210048
HROV.vOTU13532	Responder_Status	Responder	0.749753163852366	0.65259487217417	0.260325541721194	0.815739233432756	sample_2022120210048
HROV.vOTU10459	Responder_Status	Responder	-0.810281117821544	0.705668194066613	0.260582451219125	0.815756349474771	sample_2022120210048
HROV.vOTU17427	Responder_Status	Responder	-1.24665470671541	1.08574625698411	0.260601049986092	0.815756349474771	sample_2022120210048
HROV.vOTU37537	Responder_Status	Responder	1.15270346398051	1.0052800728408	0.261231314012356	0.815756349474771	sample_2022120210048
HROV.vOTU54797	Responder_Status	Responder	-0.976533189039607	0.851193601022169	0.260986467281766	0.815756349474771	sample_2022120210048
HROV.vOTU37401	Responder_Status	Responder	0.79832503246763	0.695142609622605	0.260506640134804	0.815756349474771	sample_2022120210048
HROV.vOTU45888	Responder_Status	Responder	0.933746154603215	0.813472292095455	0.260742442837494	0.815756349474771	sample_2022120210048
HROV.vOTU65125	Responder_Status	Responder	0.476485110708198	0.41551339871128	0.26119505985424	0.815756349474771	sample_2022120210048
HROV.vOTU34499	Responder_Status	Responder	-0.938205768799394	0.823099383104813	0.264008034626228	0.815888631342551	sample_2022120210048
HROV.vOTU28745	Responder_Status	Responder	1.03912172206336	0.911383233384768	0.263879479778511	0.815888631342551	sample_2022120210048
HROV.vOTU44591	Responder_Status	Responder	-1.22059868359095	1.06891247686399	0.263164282948904	0.815888631342551	sample_2022120210048
HROV.vOTU08173	Responder_Status	Responder	-0.412230165572879	0.361709486929343	0.264078950872972	0.815888631342551	sample_2022120210048
HROV.vOTU04024	Responder_Status	Responder	1.50352497746596	1.31736946040494	0.263408996307	0.815888631342551	sample_2022120210048
HROV.vOTU15439	Responder_Status	Responder	-1.08026989579407	0.943275050799552	0.261807376118656	0.815888631342551	sample_2022120210048
HROV.vOTU18091	Responder_Status	Responder	1.28907742965782	1.13006963465904	0.263655425981965	0.815888631342551	sample_2022120210048
HROV.vOTU31698	Responder_Status	Responder	0.911814858428122	0.795564950886089	0.261445462498661	0.815888631342551	sample_2022120210048
HROV.vOTU01546	Responder_Status	Responder	1.14692652530522	1.0062111082044	0.264007317836111	0.815888631342551	sample_2022120210048
HROV.vOTU31606	Responder_Status	Responder	0.719661047536477	0.629050374753535	0.262292089445142	0.815888631342551	sample_2022120210048
HROV.vOTU00623	Responder_Status	Responder	1.49154024696827	1.30567351496985	0.262981997437297	0.815888631342551	sample_2022120210048
HROV.vOTU01806	Responder_Status	Responder	-0.305513107377898	0.267928466970594	0.263830454937545	0.815888631342551	sample_2022120210048
HROV.vOTU01220	Responder_Status	Responder	-0.911730999162839	0.798653414443373	0.263295807836838	0.815888631342551	sample_2022120210048
HROV.vOTU08794	Responder_Status	Responder	-0.700205607513797	0.611725763244789	0.262049108050939	0.815888631342551	sample_2022120210048
HROV.vOTU32022	Responder_Status	Responder	0.993482987464626	0.868565110663562	0.262382869324756	0.815888631342551	sample_2022120210048
HROV.vOTU56119	Responder_Status	Responder	1.19561132260025	1.04742240651775	0.263339023407702	0.815888631342551	sample_2022120210048
HROV.vOTU09655	Responder_Status	Responder	-0.468733292240942	0.409738649180035	0.262317547060514	0.815888631342551	sample_2022120210048
HROV.vOTU58176	Responder_Status	Responder	-0.920450831888764	0.805639701832095	0.262918222046254	0.815888631342551	sample_2022120210048
HROV.vOTU21744	Responder_Status	Responder	-0.702253175066184	0.616171861538483	0.264066068599716	0.815888631342551	sample_2022120210048
HROV.vOTU10023	Responder_Status	Responder	-0.592533388562802	0.520559939136925	0.26465731517584	0.815979866833417	sample_2022120210048
HROV.vOTU34922	Responder_Status	Responder	-0.832663130341524	0.731633384013008	0.264728592655025	0.815979866833417	sample_2022120210048
HROV.vOTU65507	Responder_Status	Responder	0.917162374277584	0.805366001747549	0.264430527173248	0.815979866833417	sample_2022120210048
HROV.vOTU74685	Responder_Status	Responder	0.861801088717726	0.757256731910005	0.264741420814048	0.815979866833417	sample_2022120210048
HROV.vOTU01875	Responder_Status	Responder	1.06226900409911	0.932699070003376	0.264387477882854	0.815979866833417	sample_2022120210048
HROV.vOTU10545	Responder_Status	Responder	0.928506902961921	0.815350668189698	0.264443683192672	0.815979866833417	sample_2022120210048
HROV.vOTU02423	Responder_Status	Responder	1.21717932648331	1.06990513327708	0.2649077318094	0.816033116289621	sample_2022120210048
HROV.vOTU49285	Responder_Status	Responder	-0.983771519740088	0.867986370142058	0.266660013951763	0.816744324954628	sample_2022120210048
HROV.vOTU31834	Responder_Status	Responder	-0.880905898984634	0.776988538197113	0.266516179527483	0.816744324954628	sample_2022120210048
HROV.vOTU43965	Responder_Status	Responder	1.74975763971371	1.54054601343559	0.265667502991432	0.816744324954628	sample_2022120210048
HROV.vOTU48984	Responder_Status	Responder	0.486138196058888	0.429537535388323	0.26733076214209	0.816744324954628	sample_2022120210048
HROV.vOTU33018	Responder_Status	Responder	1.18452895022815	1.04450494689566	0.266386671028649	0.816744324954628	sample_2022120210048
HROV.vOTU47257	Responder_Status	Responder	1.37408300600734	1.21181046678245	0.266447949149708	0.816744324954628	sample_2022120210048
HROV.vOTU13650	Responder_Status	Responder	0.808661472126446	0.71432652145953	0.267210800995137	0.816744324954628	sample_2022120210048
HROV.vOTU09021	Responder_Status	Responder	1.06723230298197	0.940960533700256	0.266330276674347	0.816744324954628	sample_2022120210048
HROV.vOTU74870	Responder_Status	Responder	0.637055107534633	0.562870400715521	0.267320024870604	0.816744324954628	sample_2022120210048
HROV.vOTU65784	Responder_Status	Responder	-0.648133463538657	0.571613996219918	0.266465908403813	0.816744324954628	sample_2022120210048
HROV.vOTU07693	Responder_Status	Responder	-0.568491324319827	0.502286337367356	0.267315838821598	0.816744324954628	sample_2022120210048
HROV.vOTU46268	Responder_Status	Responder	-0.844714330380442	0.74451791190587	0.266171836794957	0.816744324954628	sample_2022120210048
HROV.vOTU16167	Responder_Status	Responder	0.360145868232939	0.317586936740036	0.266407529927842	0.816744324954628	sample_2022120210048
HROV.vOTU53941	Responder_Status	Responder	0.960541213507272	0.847022908757296	0.266402102166424	0.816744324954628	sample_2022120210048
HROV.vOTU73192	Responder_Status	Responder	1.05337735109268	0.930517298903393	0.267222060948715	0.816744324954628	sample_2022120210048
HROV.vOTU62984	Responder_Status	Responder	1.04675115990668	0.922567760618917	0.266160569494329	0.816744324954628	sample_2022120210048
HROV.vOTU10047	Responder_Status	Responder	-1.2450383970269	1.09660086711275	0.265849475387847	0.816744324954628	sample_2022120210048
HROV.vOTU50804	Responder_Status	Responder	-1.06995323232274	0.946790429643862	0.26802868333428	0.817678799253501	sample_2022120210048
HROV.vOTU01537	Responder_Status	Responder	1.1156877621482	0.987423908809373	0.268106182237264	0.817678799253501	sample_2022120210048
HROV.vOTU47874	Responder_Status	Responder	1.48354738849754	1.31330013494088	0.268215687778374	0.817893250136567	sample_2022120210048
HROV.vOTU03709	Responder_Status	Responder	-0.63271189984191	0.560817075525093	0.268811491590038	0.818746010182088	sample_2022120210048
HROV.vOTU31580	Responder_Status	Responder	0.726520480923278	0.644430126460305	0.269148741630367	0.819063026804573	sample_2022120210048
HROV.vOTU32957	Responder_Status	Responder	0.959691358180685	0.851151577595164	0.269091963430068	0.819063026804573	sample_2022120210048
HROV.vOTU22790	Responder_Status	Responder	-0.566300501021352	0.502726550352214	0.269533683390327	0.819484446460436	sample_2022120210048
HROV.vOTU59708	Responder_Status	Responder	-0.804068572542443	0.714264534381646	0.269836948542219	0.819484446460436	sample_2022120210048
HROV.vOTU27815	Responder_Status	Responder	-1.38384432965994	1.22963068245544	0.269967984638096	0.819643852108969	sample_2022120210048
HROV.vOTU74065	Responder_Status	Responder	0.874554297636769	0.777255310009058	0.270064515522591	0.819649066574874	sample_2022120210048
HROV.vOTU48102	Responder_Status	Responder	-0.966292863115625	0.859357172831346	0.27037530648749	0.820037684478665	sample_2022120210048
HROV.vOTU29071	Responder_Status	Responder	1.35493941333289	1.20511012476055	0.270420551105465	0.820037684478665	sample_2022120210048
HROV.vOTU34183	Responder_Status	Responder	1.25375118539544	1.11518454328442	0.270451335997444	0.820037684478665	sample_2022120210048
HROV.vOTU24435	Responder_Status	Responder	-0.768507957093502	0.684248169677277	0.270915338476589	0.820133901074328	sample_2022120210048
HROV.vOTU10330	Responder_Status	Responder	-1.63844170124673	1.45998765622601	0.271296342937514	0.820298870584492	sample_2022120210048
HROV.vOTU21580	Responder_Status	Responder	-0.530968539161628	0.472980380936187	0.271141030640955	0.820298870584492	sample_2022120210048
HROV.vOTU74035	Responder_Status	Responder	-0.996228310370245	0.887773742677481	0.271323579475072	0.820298870584492	sample_2022120210048
HROV.vOTU07170	Responder_Status	Responder	0.855144937797525	0.761802636611592	0.271171696904181	0.820298870584492	sample_2022120210048
HROV.vOTU68484	Responder_Status	Responder	0.718614800146551	0.640142536905804	0.271147715191804	0.820298870584492	sample_2022120210048
HROV.vOTU28339	Responder_Status	Responder	0.770547079113622	0.686935463284852	0.271510749345003	0.820419317802953	sample_2022120210048
HROV.vOTU66623	Responder_Status	Responder	0.643679885920714	0.574118607170633	0.271742844940059	0.820615420908556	sample_2022120210048
HROV.vOTU29144	Responder_Status	Responder	1.87818699540645	1.6755895477415	0.27184774295115	0.820694690494793	sample_2022120210048
HROV.vOTU66406	Responder_Status	Responder	1.13622195579677	1.01469211632459	0.272325488287412	0.821493264484481	sample_2022120210048
HROV.vOTU37867	Responder_Status	Responder	0.901147997263358	0.805470495199648	0.272738639012081	0.821591338037982	sample_2022120210048
HROV.vOTU24682	Responder_Status	Responder	0.859617684729634	0.769362043436105	0.273356682655603	0.822279658451804	sample_2022120210048
HROV.vOTU53720	Responder_Status	Responder	1.09497458305599	0.979612828617365	0.273167553639612	0.822279658451804	sample_2022120210048
HROV.vOTU53606	Responder_Status	Responder	-0.676623983750861	0.605627445661588	0.273392075970308	0.822279658451804	sample_2022120210048
HROV.vOTU28477	Responder_Status	Responder	0.552196241194291	0.494346934794274	0.273478806339418	0.822279658451804	sample_2022120210048
HROV.vOTU67522	Responder_Status	Responder	-1.234078110623	1.10579775980287	0.273905445358108	0.822404090348499	sample_2022120210048
HROV.vOTU28238	Responder_Status	Responder	1.52433284107653	1.36583939523382	0.273891143853018	0.822404090348499	sample_2022120210048
HROV.vOTU67736	Responder_Status	Responder	1.1351487265862	1.0171259354775	0.273893450516256	0.822404090348499	sample_2022120210048
HROV.vOTU03100	Responder_Status	Responder	0.682006637271591	0.610852920924804	0.273705438825076	0.822404090348499	sample_2022120210048
HROV.vOTU24826	Responder_Status	Responder	0.575518587952301	0.516435874036336	0.274580188684547	0.822430933411406	sample_2022120210048
HROV.vOTU49413	Responder_Status	Responder	1.04627903899625	0.938612331071617	0.274452230872177	0.822430933411406	sample_2022120210048
HROV.vOTU63482	Responder_Status	Responder	-0.73720727657176	0.661802254568994	0.274776581138437	0.822430933411406	sample_2022120210048
HROV.vOTU59611	Responder_Status	Responder	-1.30888517636513	1.17519639691862	0.274852591237966	0.822430933411406	sample_2022120210048
HROV.vOTU57910	Responder_Status	Responder	-1.17632248475374	1.05477370446077	0.274229643686499	0.822430933411406	sample_2022120210048
HROV.vOTU36327	Responder_Status	Responder	-1.01215223207192	0.907354549135792	0.2741196625522	0.822430933411406	sample_2022120210048
HROV.vOTU06122	Responder_Status	Responder	-0.822434782950209	0.738668227270397	0.275002998729943	0.822430933411406	sample_2022120210048
HROV.vOTU38135	Responder_Status	Responder	-0.341235411868647	0.306726314541003	0.275380553223843	0.822636970605767	sample_2022120210048
HROV.vOTU65452	Responder_Status	Responder	-0.994518668317124	0.893988842822543	0.275404590280987	0.822636970605767	sample_2022120210048
HROV.vOTU11852	Responder_Status	Responder	-0.603135019297869	0.544741330071128	0.277630935374901	0.822759102930537	sample_2022120210048
HROV.vOTU57557	Responder_Status	Responder	-1.37721670641872	1.24033522457867	0.276289421133604	0.822759102930537	sample_2022120210048
HROV.vOTU65887	Responder_Status	Responder	-1.46589600904862	1.32330617293323	0.277394178859441	0.822759102930537	sample_2022120210048
HROV.vOTU37579	Responder_Status	Responder	0.709495402513162	0.639271805231898	0.276505015487092	0.822759102930537	sample_2022120210048
HROV.vOTU46022	Responder_Status	Responder	1.33528664507004	1.20587249077083	0.277577973839612	0.822759102930537	sample_2022120210048
HROV.vOTU07055	Responder_Status	Responder	-1.03619425765626	0.934699634467668	0.277040851477252	0.822759102930537	sample_2022120210048
HROV.vOTU27268	Responder_Status	Responder	-1.2638383032624	1.13967762430391	0.276888850724223	0.822759102930537	sample_2022120210048
HROV.vOTU18475	Responder_Status	Responder	-0.205187836006943	0.184600129437488	0.275795461493687	0.822759102930537	sample_2022120210048
HROV.vOTU49836	Responder_Status	Responder	-0.797838577756031	0.718238658210973	0.27609129489438	0.822759102930537	sample_2022120210048
HROV.vOTU35711	Responder_Status	Responder	0.746527512885381	0.671738847013185	0.275875820098192	0.822759102930537	sample_2022120210048
HROV.vOTU36207	Responder_Status	Responder	1.47091665502493	1.33003115995621	0.278170346424316	0.822862465467816	sample_2022120210048
HROV.vOTU49842	Responder_Status	Responder	0.889738232481815	0.804887349068306	0.278386051325342	0.822934403847009	sample_2022120210048
HROV.vOTU15021	Responder_Status	Responder	-1.16778318615473	1.05735812642188	0.278805435134855	0.823289161070417	sample_2022120210048
HROV.vOTU51674	Responder_Status	Responder	0.642477267387747	0.581682784592051	0.278771359965908	0.823289161070417	sample_2022120210048
HROV.vOTU01972	Responder_Status	Responder	1.02706415288853	0.93016863282929	0.278918387586307	0.823289161070417	sample_2022120210048
HROV.vOTU23188	Responder_Status	Responder	-0.532213189470145	0.482340887167413	0.279248216389346	0.823289161070417	sample_2022120210048
HROV.vOTU57826	Responder_Status	Responder	-0.902527192070599	0.817405415508069	0.278932580613631	0.823289161070417	sample_2022120210048
HROV.vOTU04006	Responder_Status	Responder	0.714081726688457	0.646881017869378	0.279040167658224	0.823289161070417	sample_2022120210048
HROV.vOTU55149	Responder_Status	Responder	-0.63834811907405	0.578744806029803	0.279422813147522	0.823338290093943	sample_2022120210048
HROV.vOTU21557	Responder_Status	Responder	-0.797225738998613	0.722954057929006	0.27953106532165	0.823403434476052	sample_2022120210048
HROV.vOTU37292	Responder_Status	Responder	1.12122263680678	1.01789665993477	0.280054101904404	0.823602765635208	sample_2022120210048
HROV.vOTU75934	Responder_Status	Responder	-0.827983834109638	0.751710246361279	0.280072296488408	0.823602765635208	sample_2022120210048
HROV.vOTU00172	Responder_Status	Responder	-0.912394764664193	0.82786793167217	0.279800879113431	0.823602765635208	sample_2022120210048
HROV.vOTU49583	Responder_Status	Responder	0.940378760544622	0.853527857646639	0.279948992311431	0.823602765635208	sample_2022120210048
HROV.vOTU42481	Responder_Status	Responder	0.852890174732242	0.773804976923271	0.27975765671611	0.823602765635208	sample_2022120210048
HROV.vOTU13759	Responder_Status	Responder	-0.835850146796009	0.760015295882296	0.280793771802906	0.824252862842351	sample_2022120210048
HROV.vOTU73863	Responder_Status	Responder	-0.260139379168099	0.236603549849255	0.280925280948617	0.824252862842351	sample_2022120210048
HROV.vOTU15867	Responder_Status	Responder	0.554681870984845	0.504475927330732	0.280905018082027	0.824252862842351	sample_2022120210048
HROV.vOTU16350	Responder_Status	Responder	-0.951883050294741	0.865956605944847	0.281030907503319	0.82444687090164	sample_2022120210048
HROV.vOTU21018	Responder_Status	Responder	1.67336185434708	1.52360764352414	0.281433092176104	0.824930987881361	sample_2022120210048
HROV.vOTU34031	Responder_Status	Responder	-0.57357698802144	0.522386628276868	0.281560088159674	0.825071474289862	sample_2022120210048
HROV.vOTU21438	Responder_Status	Responder	-0.446852298609779	0.407125682656749	0.28173821359263	0.825361667276558	sample_2022120210048
HROV.vOTU52452	Responder_Status	Responder	-1.49732620913999	1.36475852133372	0.281927977902285	0.825547397886251	sample_2022120210048
HROV.vOTU59175	Responder_Status	Responder	1.22162266358531	1.11435590604495	0.282305033999926	0.825547397886251	sample_2022120210048
HROV.vOTU35709	Responder_Status	Responder	0.801510720016066	0.730687078514115	0.282017723687438	0.825547397886251	sample_2022120210048
HROV.vOTU26829	Responder_Status	Responder	0.825399216167057	0.75496695394932	0.283582813539727	0.826886272074388	sample_2022120210048
HROV.vOTU60343	Responder_Status	Responder	-1.73996899765965	1.59157284348097	0.283605746790056	0.826886272074388	sample_2022120210048
HROV.vOTU74691	Responder_Status	Responder	-1.19110749421159	1.09015428084264	0.28387939647997	0.827106380641766	sample_2022120210048
HROV.vOTU20977	Responder_Status	Responder	1.65034264664659	1.51172711432067	0.284272848598089	0.827905993614585	sample_2022120210048
HROV.vOTU30351	Responder_Status	Responder	1.32346285479708	1.21451357718263	0.285132502260084	0.828916035168323	sample_2022120210048
HROV.vOTU56198	Responder_Status	Responder	-0.899204041141775	0.825389140696891	0.285251894060114	0.829022006549865	sample_2022120210048
HROV.vOTU31714	Responder_Status	Responder	0.837883660042097	0.769050309461344	0.285219872701116	0.829022006549865	sample_2022120210048
HROV.vOTU22265	Responder_Status	Responder	1.48312138728647	1.36192650962987	0.285443651512775	0.829232879603511	sample_2022120210048
HROV.vOTU66841	Responder_Status	Responder	-0.954383425585192	0.87774081605067	0.28616791779731	0.82923422384277	sample_2022120210048
HROV.vOTU05778	Responder_Status	Responder	-0.433042238045838	0.39829266059125	0.286199047165284	0.82923422384277	sample_2022120210048
HROV.vOTU46856	Responder_Status	Responder	-0.785112206616306	0.721233720040613	0.285625471611589	0.82923422384277	sample_2022120210048
HROV.vOTU21746	Responder_Status	Responder	1.02606322601473	0.943286704833516	0.285978999193755	0.82923422384277	sample_2022120210048
HROV.vOTU73023	Responder_Status	Responder	-0.734494337654601	0.674816303235996	0.285682873175432	0.82923422384277	sample_2022120210048
HROV.vOTU61223	Responder_Status	Responder	1.03417648345156	0.95087148528459	0.286041576244528	0.82923422384277	sample_2022120210048
HROV.vOTU31167	Responder_Status	Responder	-0.910503767297992	0.837304832921918	0.286122751058385	0.82923422384277	sample_2022120210048
HROV.vOTU14822	Responder_Status	Responder	0.831107080321793	0.764189914070303	0.286060219929535	0.82923422384277	sample_2022120210048
HROV.vOTU12887	Responder_Status	Responder	-0.866454935130868	0.797418962331785	0.286490944594991	0.829619260954274	sample_2022120210048
HROV.vOTU66467	Responder_Status	Responder	-1.0048014111115	0.925163875022178	0.286706029419547	0.829623184587021	sample_2022120210048
HROV.vOTU14202	Responder_Status	Responder	1.11608303109546	1.02734466855056	0.286576918621083	0.829623184587021	sample_2022120210048
HROV.vOTU27563	Responder_Status	Responder	1.02000362339792	0.939361859796894	0.286806894817533	0.829623184587021	sample_2022120210048
HROV.vOTU25593	Responder_Status	Responder	-0.876562735061759	0.807335262429173	0.286850067080975	0.829623184587021	sample_2022120210048
HROV.vOTU14997	Responder_Status	Responder	0.865261754433805	0.796896512762429	0.286832128744086	0.829623184587021	sample_2022120210048
HROV.vOTU01504	Responder_Status	Responder	0.926885708483609	0.853970663640979	0.287008637916608	0.829851797356555	sample_2022120210048
HROV.vOTU22926	Responder_Status	Responder	-0.665009881913712	0.612812977168774	0.28709897914777	0.829880483252377	sample_2022120210048
HROV.vOTU70292	Responder_Status	Responder	0.752742506379611	0.694597804590861	0.287737419401329	0.830317900709621	sample_2022120210048
HROV.vOTU55067	Responder_Status	Responder	-0.936045650470002	0.864105503936598	0.287936204873462	0.830348016541269	sample_2022120210048
HROV.vOTU63708	Responder_Status	Responder	0.930735771385665	0.860373133677525	0.288578730947922	0.831626362176626	sample_2022120210048
HROV.vOTU26399	Responder_Status	Responder	-0.727655849330878	0.672825850675961	0.288705154707588	0.831713082694343	sample_2022120210048
HROV.vOTU23225	Responder_Status	Responder	0.597635537893503	0.552769787822902	0.288847935954413	0.831713082694343	sample_2022120210048
HROV.vOTU74625	Responder_Status	Responder	0.37938939351271	0.350802381655201	0.288705920151314	0.831713082694343	sample_2022120210048
HROV.vOTU12421	Responder_Status	Responder	-0.957400481555138	0.885987669388346	0.289093993843887	0.831882945161861	sample_2022120210048
HROV.vOTU09854	Responder_Status	Responder	-1.00805438000027	0.933949833490878	0.289644117801173	0.832225574519939	sample_2022120210048
HROV.vOTU12134	Responder_Status	Responder	-0.277514278885522	0.257425814963503	0.290217878794123	0.832248018840481	sample_2022120210048
HROV.vOTU16410	Responder_Status	Responder	-1.18666459257029	1.10027139610147	0.290005716521635	0.832248018840481	sample_2022120210048
HROV.vOTU07037	Responder_Status	Responder	-0.907104156331077	0.842372283193089	0.290740553205307	0.832250293056473	sample_2022120210048
HROV.vOTU21688	Responder_Status	Responder	0.588165012019994	0.54667749679288	0.291159823314297	0.832250293056473	sample_2022120210048
HROV.vOTU49221	Responder_Status	Responder	-1.23670585482533	1.14794022475087	0.290529301229573	0.832250293056473	sample_2022120210048
HROV.vOTU29721	Responder_Status	Responder	0.992157050019998	0.920763264662667	0.290436450755888	0.832250293056473	sample_2022120210048
HROV.vOTU47915	Responder_Status	Responder	0.667745330334067	0.620002406587872	0.290670448499934	0.832250293056473	sample_2022120210048
HROV.vOTU56647	Responder_Status	Responder	0.787441300334603	0.730875470602608	0.290499190987861	0.832250293056473	sample_2022120210048
HROV.vOTU67096	Responder_Status	Responder	-1.22014038224702	1.13583919390894	0.291894895543852	0.832269624161432	sample_2022120210048
HROV.vOTU21634	Responder_Status	Responder	-0.91926493389055	0.856088738273257	0.292081174146732	0.832636812517729	sample_2022120210048
HROV.vOTU69775	Responder_Status	Responder	-1.00997007917678	0.942494976508426	0.293053302897554	0.833174701467224	sample_2022120210048
HROV.vOTU24417	Responder_Status	Responder	1.1860550483856	1.10634955176509	0.29285392003058	0.833174701467224	sample_2022120210048
HROV.vOTU04675	Responder_Status	Responder	1.52016731871218	1.41814127623732	0.29289813642449	0.833174701467224	sample_2022120210048
HROV.vOTU28484	Responder_Status	Responder	-0.600619441201101	0.560260892975297	0.292857630165276	0.833174701467224	sample_2022120210048
HROV.vOTU60459	Responder_Status	Responder	1.2599082442592	1.17685356929346	0.29350324724524	0.833375257047659	sample_2022120210048
HROV.vOTU63216	Responder_Status	Responder	0.990018416150148	0.92481816673229	0.293535464298071	0.833375257047659	sample_2022120210048
HROV.vOTU34273	Responder_Status	Responder	0.369059840320138	0.345013743206348	0.293891267544166	0.833826402689411	sample_2022120210048
HROV.vOTU57974	Responder_Status	Responder	-0.552239498387995	0.516695130737895	0.294291541445403	0.834152447367317	sample_2022120210048
HROV.vOTU04455	Responder_Status	Responder	0.966977153045627	0.904822423975662	0.294335396067822	0.834163459524096	sample_2022120210048
HROV.vOTU63664	Responder_Status	Responder	1.06291332406565	0.994860839829747	0.294463285842801	0.834186069708058	sample_2022120210048
HROV.vOTU07138	Responder_Status	Responder	-0.465694557043226	0.43714896646431	0.295840977545731	0.835028563886854	sample_2022120210048
HROV.vOTU55711	Responder_Status	Responder	0.486769399654327	0.45713775135004	0.296054168402434	0.835178493452123	sample_2022120210048
HROV.vOTU49692	Responder_Status	Responder	-0.645861626131149	0.606688579881785	0.296165955613074	0.835179179273506	sample_2022120210048
HROV.vOTU53334	Responder_Status	Responder	1.03648255505087	0.975341265997213	0.297003777243507	0.836049208399244	sample_2022120210048
HROV.vOTU41168	Responder_Status	Responder	1.202606801297	1.13191755867212	0.297109069740804	0.836156575222984	sample_2022120210048
HROV.vOTU60207	Responder_Status	Responder	1.29924077849566	1.22400459386589	0.297547839446158	0.836227229900529	sample_2022120210048
HROV.vOTU25738	Responder_Status	Responder	0.387879529143496	0.366093989198605	0.298423133803903	0.837628092272008	sample_2022120210048
HROV.vOTU35084	Responder_Status	Responder	1.19326814161974	1.12701663635748	0.298746691003311	0.838016591564396	sample_2022120210048
HROV.vOTU50642	Responder_Status	Responder	1.55756344146783	1.47133166010978	0.298825858627734	0.838126013917593	sample_2022120210048
HROV.vOTU17592	Responder_Status	Responder	0.788170775109303	0.745249164706095	0.299280173739967	0.838520312091176	sample_2022120210048
HROV.vOTU72662	Responder_Status	Responder	0.610094432210805	0.577776013194487	0.300023704900989	0.839117491461222	sample_2022120210048
HROV.vOTU22520	Responder_Status	Responder	0.910283577687845	0.864092878498633	0.301138541712681	0.839991736274584	sample_2022120210048
HROV.vOTU20502	Responder_Status	Responder	1.31313746235667	1.24644491609482	0.301115812546383	0.839991736274584	sample_2022120210048
HROV.vOTU07429	Responder_Status	Responder	0.237593329882747	0.225456776560496	0.30096968452151	0.839991736274584	sample_2022120210048
HROV.vOTU01659	Responder_Status	Responder	-0.224644395503255	0.213363024629478	0.301400409726916	0.840124492785877	sample_2022120210048
HROV.vOTU12830	Responder_Status	Responder	-0.763066333556626	0.725539924499857	0.301919545154468	0.840124492785877	sample_2022120210048
HROV.vOTU73532	Responder_Status	Responder	-0.977969422840551	0.93025301492526	0.302112590379125	0.840230511888638	sample_2022120210048
HROV.vOTU23857	Responder_Status	Responder	0.700284078070358	0.666620975938056	0.302471772388323	0.840399916478798	sample_2022120210048
HROV.vOTU20596	Responder_Status	Responder	0.966101206630257	0.921305317731964	0.303319543902956	0.840531468599355	sample_2022120210048
HROV.vOTU71847	Responder_Status	Responder	1.21427680188486	1.15783537231468	0.303262923460286	0.840531468599355	sample_2022120210048
HROV.vOTU67752	Responder_Status	Responder	-0.862102743369396	0.821607268845621	0.30301840885288	0.840531468599355	sample_2022120210048
HROV.vOTU29773	Responder_Status	Responder	-0.521118392231667	0.496759126511955	0.303132225029387	0.840531468599355	sample_2022120210048
HROV.vOTU23270	Responder_Status	Responder	0.57784893815234	0.551066744066895	0.303329297747571	0.840531468599355	sample_2022120210048
HROV.vOTU46374	Responder_Status	Responder	0.724742923303196	0.690367027511952	0.302789940400369	0.840531468599355	sample_2022120210048
HROV.vOTU03409	Responder_Status	Responder	1.0988215921558	1.04879254705626	0.303736208397468	0.840601335267889	sample_2022120210048
HROV.vOTU37604	Responder_Status	Responder	0.950431479953024	0.907382184422206	0.3038531217657	0.840798025780633	sample_2022120210048
HROV.vOTU55097	Responder_Status	Responder	1.02075315344344	0.974833900030894	0.304006556538528	0.840810026588167	sample_2022120210048
HROV.vOTU19575	Responder_Status	Responder	1.06085988832312	1.01406183840125	0.304439733907495	0.841346628297507	sample_2022120210048
HROV.vOTU20308	Responder_Status	Responder	1.03593847290624	0.990633353916819	0.30462827371304	0.841346628297507	sample_2022120210048
HROV.vOTU22379	Responder_Status	Responder	-0.880980281742056	0.84345270922771	0.305191579243425	0.841371004556553	sample_2022120210048
HROV.vOTU37447	Responder_Status	Responder	-1.05935934372836	1.01498064301893	0.305541140309711	0.841371004556553	sample_2022120210048
HROV.vOTU29117	Responder_Status	Responder	-0.689329439177118	0.661506961805272	0.306298596792431	0.841371004556553	sample_2022120210048
HROV.vOTU14671	Responder_Status	Responder	0.841998720671984	0.80557993535413	0.304866698584186	0.841371004556553	sample_2022120210048
HROV.vOTU38097	Responder_Status	Responder	1.00344337200995	0.961558267513492	0.305615751317737	0.841371004556553	sample_2022120210048
HROV.vOTU64793	Responder_Status	Responder	-0.60457883567508	0.578292384163789	0.304754517099104	0.841371004556553	sample_2022120210048
HROV.vOTU46391	Responder_Status	Responder	-0.851390455552818	0.814986213961967	0.305111745767866	0.841371004556553	sample_2022120210048
HROV.vOTU74179	Responder_Status	Responder	-0.834734781682585	0.801572814757411	0.306612124900678	0.841419467018692	sample_2022120210048
HROV.vOTU02979	Responder_Status	Responder	-0.85732032454792	0.82320035606686	0.306577107735611	0.841419467018692	sample_2022120210048
HROV.vOTU51492	Responder_Status	Responder	-1.17112119683007	1.12496241348615	0.306766996376298	0.8415828848829	sample_2022120210048
HROV.vOTU67577	Responder_Status	Responder	0.875886766175492	0.84197907011541	0.307113650319957	0.8415828848829	sample_2022120210048
HROV.vOTU09198	Responder_Status	Responder	-1.20405785363303	1.15683843554472	0.306864471665124	0.8415828848829	sample_2022120210048
HROV.vOTU30867	Responder_Status	Responder	0.668627824506518	0.642745788516486	0.307115249222241	0.8415828848829	sample_2022120210048
HROV.vOTU44915	Responder_Status	Responder	-1.07777959358323	1.03684824640879	0.307476446251234	0.842064707734363	sample_2022120210048
HROV.vOTU26021	Responder_Status	Responder	-0.932304036909719	0.898893986301866	0.308532097776713	0.842666375202446	sample_2022120210048
HROV.vOTU03969	Responder_Status	Responder	1.06197354359965	1.0258103006565	0.309409449539486	0.842666375202446	sample_2022120210048
HROV.vOTU67441	Responder_Status	Responder	-0.682420592785201	0.659734604328089	0.309807226155341	0.842666375202446	sample_2022120210048
HROV.vOTU25949	Responder_Status	Responder	-0.522308364334363	0.504935548688695	0.309798287879032	0.842666375202446	sample_2022120210048
HROV.vOTU49981	Responder_Status	Responder	1.03027209124989	0.99404481264921	0.308863496053198	0.842666375202446	sample_2022120210048
HROV.vOTU33603	Responder_Status	Responder	0.68734237430172	0.663826016019045	0.309330496557747	0.842666375202446	sample_2022120210048
HROV.vOTU62662	Responder_Status	Responder	0.533017232094356	0.51519982443296	0.309716813701845	0.842666375202446	sample_2022120210048
HROV.vOTU56492	Responder_Status	Responder	0.964124227714084	0.930865506525859	0.309191407460862	0.842666375202446	sample_2022120210048
HROV.vOTU51131	Responder_Status	Responder	0.433538538743724	0.419005473459555	0.309670374524946	0.842666375202446	sample_2022120210048
HROV.vOTU51691	Responder_Status	Responder	1.35487877488344	1.30671232682116	0.308672736121746	0.842666375202446	sample_2022120210048
HROV.vOTU74611	Responder_Status	Responder	0.40681516188712	0.393326675130416	0.30985001382897	0.842666375202446	sample_2022120210048
HROV.vOTU74254	Responder_Status	Responder	0.519748251909843	0.501838597394331	0.309210084793738	0.842666375202446	sample_2022120210048
HROV.vOTU13792	Responder_Status	Responder	0.248804778492131	0.240490020173868	0.309721061883278	0.842666375202446	sample_2022120210048
HROV.vOTU22887	Responder_Status	Responder	-0.502045465007932	0.485826003264661	0.310267121846616	0.842992200749582	sample_2022120210048
HROV.vOTU59484	Responder_Status	Responder	-0.717960314572047	0.694667920763391	0.310200521817379	0.842992200749582	sample_2022120210048
HROV.vOTU05377	Responder_Status	Responder	-0.48013605524123	0.464652132311488	0.310295452139832	0.842992200749582	sample_2022120210048
HROV.vOTU21543	Responder_Status	Responder	1.06312349140374	1.02955354110789	0.310625283152262	0.843294529448525	sample_2022120210048
HROV.vOTU73181	Responder_Status	Responder	-0.813203295424061	0.787638375167419	0.310693650712391	0.843294529448525	sample_2022120210048
HROV.vOTU47446	Responder_Status	Responder	0.711328548108163	0.688939091903019	0.310674897233712	0.843294529448525	sample_2022120210048
HROV.vOTU30549	Responder_Status	Responder	0.722690078066306	0.700024210308958	0.310729991924253	0.843294529448525	sample_2022120210048
HROV.vOTU04125	Responder_Status	Responder	0.82821812917574	0.802673217965316	0.3109848873774	0.843407346217338	sample_2022120210048
HROV.vOTU00850	Responder_Status	Responder	-0.665683551112647	0.645464594365245	0.311215169793374	0.843407346217338	sample_2022120210048
HROV.vOTU44375	Responder_Status	Responder	1.09671261878336	1.06316995275564	0.311111548582674	0.843407346217338	sample_2022120210048
HROV.vOTU29703	Responder_Status	Responder	0.34238228915824	0.332444983673238	0.31187566781435	0.843661074178287	sample_2022120210048
HROV.vOTU16249	Responder_Status	Responder	0.579228035335126	0.56254919648591	0.31198771702843	0.843753385355699	sample_2022120210048
HROV.vOTU41452	Responder_Status	Responder	-0.763477603722102	0.745282295890574	0.314409237709058	0.843802124458512	sample_2022120210048
HROV.vOTU59313	Responder_Status	Responder	-0.447039758004785	0.434930091624047	0.312821635705718	0.843802124458512	sample_2022120210048
HROV.vOTU49179	Responder_Status	Responder	0.78053512653348	0.763432795657646	0.315343473973835	0.843802124458512	sample_2022120210048
HROV.vOTU22345	Responder_Status	Responder	-1.15350311352342	1.12984633970319	0.316024353444774	0.843802124458512	sample_2022120210048
HROV.vOTU08781	Responder_Status	Responder	0.934694670478093	0.914441052284977	0.315461196109326	0.843802124458512	sample_2022120210048
HROV.vOTU44598	Responder_Status	Responder	-1.5228620380371	1.48855942871871	0.315045047026452	0.843802124458512	sample_2022120210048
HROV.vOTU21127	Responder_Status	Responder	1.46963374926431	1.4333504956063	0.313992160104553	0.843802124458512	sample_2022120210048
HROV.vOTU74263	Responder_Status	Responder	0.660559114687966	0.644862682629131	0.314443212543123	0.843802124458512	sample_2022120210048
HROV.vOTU17535	Responder_Status	Responder	-0.554877255678128	0.540678335549395	0.313553198048251	0.843802124458512	sample_2022120210048
HROV.vOTU28914	Responder_Status	Responder	-0.591474572887482	0.579601975360664	0.316235727175159	0.843802124458512	sample_2022120210048
HROV.vOTU15369	Responder_Status	Responder	0.678373410127369	0.664190536893141	0.315830951651362	0.843802124458512	sample_2022120210048
HROV.vOTU38116	Responder_Status	Responder	1.12437666947734	1.09559416854599	0.313548649041259	0.843802124458512	sample_2022120210048
HROV.vOTU70158	Responder_Status	Responder	0.362746568726088	0.355338862139824	0.316066791164848	0.843802124458512	sample_2022120210048
HROV.vOTU60828	Responder_Status	Responder	0.881896834865562	0.863728165018032	0.315979145398264	0.843802124458512	sample_2022120210048
HROV.vOTU07555	Responder_Status	Responder	1.89973997696991	1.86289217582351	0.316563771286201	0.843802124458512	sample_2022120210048
HROV.vOTU60854	Responder_Status	Responder	0.649807595048781	0.636409118338107	0.315970733588684	0.843802124458512	sample_2022120210048
HROV.vOTU23269	Responder_Status	Responder	-0.762505255721219	0.741605521513293	0.312664997287608	0.843802124458512	sample_2022120210048
HROV.vOTU49084	Responder_Status	Responder	0.663281097042318	0.646268531916654	0.313524037476701	0.843802124458512	sample_2022120210048
HROV.vOTU72148	Responder_Status	Responder	1.45051022244283	1.4240280518869	0.317115522992766	0.844222270951813	sample_2022120210048
HROV.vOTU30746	Responder_Status	Responder	0.663865073541999	0.651963440796016	0.31727493951243	0.844367251673605	sample_2022120210048
HROV.vOTU14873	Responder_Status	Responder	1.22155273502979	1.20080591552965	0.317731488182393	0.844978556747344	sample_2022120210048
HROV.vOTU24656	Responder_Status	Responder	-0.369803589064039	0.363535152249872	0.317747566523869	0.844978556747344	sample_2022120210048
HROV.vOTU48328	Responder_Status	Responder	-1.19440352147425	1.17589928666052	0.318452115786675	0.845208417288355	sample_2022120210048
HROV.vOTU10491	Responder_Status	Responder	-1.20679791823966	1.18827756524083	0.318522482126158	0.845208417288355	sample_2022120210048
HROV.vOTU27008	Responder_Status	Responder	0.58272545468432	0.573669472626824	0.318428802571831	0.845208417288355	sample_2022120210048
HROV.vOTU07517	Responder_Status	Responder	0.866782662127281	0.853991390916289	0.318806968166011	0.845456327689382	sample_2022120210048
HROV.vOTU07005	Responder_Status	Responder	-1.08393134948209	1.06870134758056	0.319147685061666	0.845655174427611	sample_2022120210048
HROV.vOTU59291	Responder_Status	Responder	-0.98105248896848	0.967705159976841	0.319362462878472	0.845655174427611	sample_2022120210048
HROV.vOTU51836	Responder_Status	Responder	-0.839726197003099	0.828402257415208	0.319420207954617	0.845655174427611	sample_2022120210048
HROV.vOTU60930	Responder_Status	Responder	0.891250978644249	0.880017695032691	0.319844680380052	0.846236660777537	sample_2022120210048
HROV.vOTU25602	Responder_Status	Responder	-0.508585588171672	0.502443133578747	0.320098047139493	0.846236660777537	sample_2022120210048
HROV.vOTU09011	Responder_Status	Responder	1.28879069260358	1.27290578298366	0.319978743768564	0.846236660777537	sample_2022120210048
HROV.vOTU65027	Responder_Status	Responder	1.31001544282129	1.29449238975278	0.320207743812773	0.84623725634704	sample_2022120210048
HROV.vOTU34262	Responder_Status	Responder	-1.15506717213862	1.14324399623341	0.320983364937356	0.846678672064261	sample_2022120210048
HROV.vOTU44513	Responder_Status	Responder	-0.792600840833987	0.785286780986739	0.321467258621107	0.847043207388425	sample_2022120210048
HROV.vOTU35661	Responder_Status	Responder	-1.3044139272537	1.29278737105234	0.321618224197164	0.847043207388425	sample_2022120210048
HROV.vOTU53637	Responder_Status	Responder	0.530344394340664	0.525433303013422	0.321451775048533	0.847043207388425	sample_2022120210048
HROV.vOTU21529	Responder_Status	Responder	0.6355404224371	0.629549094090513	0.321371662236025	0.847043207388425	sample_2022120210048
HROV.vOTU72684	Responder_Status	Responder	0.731071917237242	0.725301165481849	0.322107088144143	0.847043207388425	sample_2022120210048
HROV.vOTU62317	Responder_Status	Responder	-0.989044445125248	0.984005202540079	0.323446205928889	0.84707643877133	sample_2022120210048
HROV.vOTU58202	Responder_Status	Responder	1.23108156626223	1.22192493223703	0.322325387386586	0.84707643877133	sample_2022120210048
HROV.vOTU49591	Responder_Status	Responder	0.77216506318784	0.766786726674335	0.322551697165097	0.84707643877133	sample_2022120210048
HROV.vOTU60823	Responder_Status	Responder	-1.02735779070569	1.02247552402836	0.323609987844936	0.84707643877133	sample_2022120210048
HROV.vOTU53340	Responder_Status	Responder	0.575966726035344	0.572965938446048	0.323391278842514	0.84707643877133	sample_2022120210048
HROV.vOTU13656	Responder_Status	Responder	-0.564031624698139	0.560516311111901	0.322902385452302	0.84707643877133	sample_2022120210048
HROV.vOTU11240	Responder_Status	Responder	1.39160989214327	1.38581423900789	0.32389056780619	0.847105967951766	sample_2022120210048
HROV.vOTU54685	Responder_Status	Responder	0.824658526819256	0.820960270361254	0.323737830375627	0.847105967951766	sample_2022120210048
HROV.vOTU46443	Responder_Status	Responder	-0.621409312524854	0.619116821471787	0.324117535782918	0.847189020047873	sample_2022120210048
HROV.vOTU48844	Responder_Status	Responder	0.250436242238474	0.249512353396608	0.32411756557042	0.847189020047873	sample_2022120210048
HROV.vOTU17684	Responder_Status	Responder	-0.478031352659023	0.477031582978782	0.324879344424053	0.847683416951646	sample_2022120210048
HROV.vOTU17808	Responder_Status	Responder	0.48433241071013	0.483376316010761	0.324935265712268	0.847683416951646	sample_2022120210048
HROV.vOTU11306	Responder_Status	Responder	1.17735910751348	1.17562078343497	0.325172239689421	0.847763228272107	sample_2022120210048
HROV.vOTU66093	Responder_Status	Responder	-1.21326926428864	1.2116072450633	0.325222988508882	0.847789629050759	sample_2022120210048
HROV.vOTU07068	Responder_Status	Responder	-0.914744395783809	0.913947721600337	0.325460465178498	0.847944824653673	sample_2022120210048
HROV.vOTU51628	Responder_Status	Responder	1.10155395384781	1.10082115612538	0.325558328701017	0.847944824653673	sample_2022120210048
HROV.vOTU31186	Responder_Status	Responder	0.900669859217024	0.900317779393341	0.325688821965685	0.847944824653673	sample_2022120210048
HROV.vOTU11072	Responder_Status	Responder	0.851640322574953	0.850905959332594	0.325464572976366	0.847944824653673	sample_2022120210048
HROV.vOTU12747	Responder_Status	Responder	-0.358223416697102	0.357927209485661	0.325481424104854	0.847944824653673	sample_2022120210048
HROV.vOTU06146	Responder_Status	Responder	0.836905341820422	0.836799973324386	0.325814845657669	0.847955584097212	sample_2022120210048
HROV.vOTU04461	Responder_Status	Responder	1.13107249083342	1.1311786606982	0.325919331455725	0.848121751556232	sample_2022120210048
HROV.vOTU66180	Responder_Status	Responder	0.784267418903074	0.784471663588711	0.325998504914147	0.848139314734009	sample_2022120210048
HROV.vOTU30124	Responder_Status	Responder	-0.991192769407961	0.992149405498675	0.326333337182455	0.8487757660765	sample_2022120210048
HROV.vOTU51286	Responder_Status	Responder	0.899982990721136	0.90082429845628	0.326318930124048	0.8487757660765	sample_2022120210048
HROV.vOTU42685	Responder_Status	Responder	0.691588292565686	0.692385738213103	0.326422588514496	0.848860440487535	sample_2022120210048
HROV.vOTU07783	Responder_Status	Responder	1.26258394048284	1.26458238408229	0.326626626716912	0.848903823111077	sample_2022120210048
HROV.vOTU60443	Responder_Status	Responder	-1.19307294169334	1.1960078015231	0.327042778963784	0.849456477532566	sample_2022120210048
HROV.vOTU06214	Responder_Status	Responder	0.746217181472275	0.748185449562713	0.327127068194113	0.849569675611141	sample_2022120210048
HROV.vOTU26648	Responder_Status	Responder	0.932546118804351	0.936410179396071	0.327840585724212	0.849657241302467	sample_2022120210048
HROV.vOTU18440	Responder_Status	Responder	1.27626064055862	1.28195075424314	0.327989637886725	0.849657241302467	sample_2022120210048
HROV.vOTU68918	Responder_Status	Responder	1.1742061827137	1.17904919975416	0.327831563113887	0.849657241302467	sample_2022120210048
HROV.vOTU01013	Responder_Status	Responder	0.578792015503216	0.58082788751625	0.327544056378143	0.849657241302467	sample_2022120210048
HROV.vOTU11730	Responder_Status	Responder	0.948991474792113	0.953406092825743	0.328081203978039	0.849657241302467	sample_2022120210048
HROV.vOTU53190	Responder_Status	Responder	0.57094231990871	0.573946653397628	0.328369851122548	0.849836159837249	sample_2022120210048
HROV.vOTU31976	Responder_Status	Responder	0.845967789273613	0.850733901026335	0.328545678080749	0.849974997092504	sample_2022120210048
HROV.vOTU48027	Responder_Status	Responder	-1.22001027529531	1.22863814428236	0.329225022501424	0.85052918241945	sample_2022120210048
HROV.vOTU10151	Responder_Status	Responder	1.06426132854981	1.0718416571724	0.329248934583936	0.85052918241945	sample_2022120210048
HROV.vOTU69031	Responder_Status	Responder	0.447216734148547	0.450065834560651	0.328893880572116	0.85052918241945	sample_2022120210048
HROV.vOTU21315	Responder_Status	Responder	0.546936198286727	0.550421635246791	0.328894787492782	0.85052918241945	sample_2022120210048
HROV.vOTU08686	Responder_Status	Responder	0.7298958070684	0.735393818305471	0.329442421248761	0.850818380331844	sample_2022120210048
HROV.vOTU64354	Responder_Status	Responder	1.09034162127474	1.1005319564258	0.330297289690963	0.851539328598916	sample_2022120210048
HROV.vOTU54102	Responder_Status	Responder	-0.924468168740542	0.933328823247702	0.330409650728266	0.851539328598916	sample_2022120210048
HROV.vOTU18241	Responder_Status	Responder	0.553954550026796	0.559723397857822	0.330800000806991	0.851689614710326	sample_2022120210048
HROV.vOTU02585	Responder_Status	Responder	1.1470594179055	1.15975977473617	0.331109549503825	0.85173173170672	sample_2022120210048
HROV.vOTU75492	Responder_Status	Responder	-1.00399469054106	1.01480597054334	0.330966674217929	0.85173173170672	sample_2022120210048
HROV.vOTU10006	Responder_Status	Responder	-0.667747277886412	0.675105216099528	0.331084604722343	0.85173173170672	sample_2022120210048
HROV.vOTU36894	Responder_Status	Responder	0.68865494268894	0.696403193675129	0.331193787061217	0.85173173170672	sample_2022120210048
HROV.vOTU08866	Responder_Status	Responder	0.642629795874129	0.650959574119344	0.331997275982544	0.852878280373671	sample_2022120210048
HROV.vOTU09847	Responder_Status	Responder	1.26726171747446	1.28422154249978	0.332194810884001	0.853021064119003	sample_2022120210048
HROV.vOTU62835	Responder_Status	Responder	0.819811644684561	0.831215721739725	0.332442205791716	0.853141516242503	sample_2022120210048
HROV.vOTU41294	Responder_Status	Responder	-0.708414046641178	0.718695891663758	0.332724950949274	0.853591853265071	sample_2022120210048
HROV.vOTU11195	Responder_Status	Responder	1.70465595554608	1.73041474938329	0.333004558600446	0.853650724635869	sample_2022120210048
HROV.vOTU11474	Responder_Status	Responder	-0.800810676727265	0.813245703113299	0.333199871516285	0.853865584300697	sample_2022120210048
HROV.vOTU72585	Responder_Status	Responder	-0.846865791135674	0.86062347909628	0.333535514913901	0.853953245640783	sample_2022120210048
HROV.vOTU09408	Responder_Status	Responder	0.695812872015959	0.707145898420043	0.333555179834819	0.853953245640783	sample_2022120210048
HROV.vOTU38735	Responder_Status	Responder	0.890012298694852	0.905398834263436	0.334022885909311	0.854281249064451	sample_2022120210048
HROV.vOTU01838	Responder_Status	Responder	-0.80543131286141	0.820215875218852	0.334521638629739	0.854289036631812	sample_2022120210048
HROV.vOTU59995	Responder_Status	Responder	1.24513526880742	1.268069480671	0.334551027131482	0.854289036631812	sample_2022120210048
HROV.vOTU09115	Responder_Status	Responder	1.10662916752924	1.12620600624464	0.33421090699439	0.854289036631812	sample_2022120210048
HROV.vOTU05001	Responder_Status	Responder	0.393088310025038	0.400282701596694	0.334496503897082	0.854289036631812	sample_2022120210048
HROV.vOTU07548	Responder_Status	Responder	-1.49424789683494	1.52607955876209	0.335894842567005	0.854941985845655	sample_2022120210048
HROV.vOTU04541	Responder_Status	Responder	-0.561547929204777	0.573770291826263	0.336110085603214	0.854941985845655	sample_2022120210048
HROV.vOTU63698	Responder_Status	Responder	-0.755083189895706	0.771109684509529	0.335858550411429	0.854941985845655	sample_2022120210048
HROV.vOTU27327	Responder_Status	Responder	0.528832551569572	0.54015686227354	0.335946486749224	0.854941985845655	sample_2022120210048
HROV.vOTU08849	Responder_Status	Responder	-0.505955246742738	0.517174886379964	0.336300584546796	0.855195954610898	sample_2022120210048
HROV.vOTU05092	Responder_Status	Responder	0.611985385106153	0.625957138139077	0.33660501319839	0.855407795762622	sample_2022120210048
HROV.vOTU05478	Responder_Status	Responder	-0.638712737483903	0.654435859647503	0.337434332427303	0.855598672594688	sample_2022120210048
HROV.vOTU68750	Responder_Status	Responder	0.803820145500646	0.823226425086956	0.337214312978513	0.855598672594688	sample_2022120210048
HROV.vOTU47756	Responder_Status	Responder	1.34575109970706	1.38113612776876	0.33821136308636	0.855598672594688	sample_2022120210048
HROV.vOTU31842	Responder_Status	Responder	1.10792030799112	1.13776384466436	0.338508780048603	0.855598672594688	sample_2022120210048
HROV.vOTU71923	Responder_Status	Responder	0.755922485638736	0.774319419193275	0.337304545452352	0.855598672594688	sample_2022120210048
HROV.vOTU04156	Responder_Status	Responder	-0.951748909801291	0.97698669399756	0.338314766855249	0.855598672594688	sample_2022120210048
HROV.vOTU50222	Responder_Status	Responder	-1.25292243528927	1.28287492669851	0.337104588692257	0.855598672594688	sample_2022120210048
HROV.vOTU48561	Responder_Status	Responder	0.935649699288606	0.957552592875304	0.3368739689537	0.855598672594688	sample_2022120210048
HROV.vOTU40120	Responder_Status	Responder	-0.484431546485769	0.496892085286396	0.337946521381083	0.855598672594688	sample_2022120210048
HROV.vOTU16021	Responder_Status	Responder	0.937582285366263	0.962598056153847	0.338390609361003	0.855598672594688	sample_2022120210048
HROV.vOTU26832	Responder_Status	Responder	1.11628044688565	1.14499032038461	0.337945247258663	0.855598672594688	sample_2022120210048
HROV.vOTU34692	Responder_Status	Responder	-0.926706097267157	0.950997833567531	0.338173909350494	0.855598672594688	sample_2022120210048
HROV.vOTU64126	Responder_Status	Responder	0.522849624270174	0.536278685820052	0.337929097615509	0.855598672594688	sample_2022120210048
HROV.vOTU12196	Responder_Status	Responder	1.50827207657122	1.55081579620469	0.3390961387276	0.855767342956564	sample_2022120210048
HROV.vOTU39510	Responder_Status	Responder	0.919869642895043	0.945841094365638	0.339108573370905	0.855767342956564	sample_2022120210048
HROV.vOTU07267	Responder_Status	Responder	1.0708782553112	1.10092456700499	0.339027154259727	0.855767342956564	sample_2022120210048
HROV.vOTU28412	Responder_Status	Responder	0.508238801857183	0.522361779810348	0.338902568991737	0.855767342956564	sample_2022120210048
HROV.vOTU20111	Responder_Status	Responder	1.16340994865356	1.19659282694964	0.33924173299043	0.855999875167485	sample_2022120210048
HROV.vOTU21077	Responder_Status	Responder	-0.82045269529189	0.845193696146777	0.339995479672668	0.856640573402366	sample_2022120210048
HROV.vOTU70272	Responder_Status	Responder	-0.594378519277401	0.612269415402295	0.339970056397134	0.856640573402366	sample_2022120210048
HROV.vOTU64068	Responder_Status	Responder	0.848779638425442	0.874588146700803	0.3401113460092	0.856640573402366	sample_2022120210048
HROV.vOTU32309	Responder_Status	Responder	0.362744210264673	0.37356994137157	0.339851897783042	0.856640573402366	sample_2022120210048
HROV.vOTU05652	Responder_Status	Responder	-0.327684136802995	0.337702402759118	0.340188018075069	0.856730292895704	sample_2022120210048
HROV.vOTU27154	Responder_Status	Responder	1.02939005822454	1.06139872694506	0.340428490831148	0.856744653481536	sample_2022120210048
HROV.vOTU05156	Responder_Status	Responder	0.894747545841601	0.922671681665094	0.34048108078466	0.856744653481536	sample_2022120210048
HROV.vOTU19997	Responder_Status	Responder	0.442944766765579	0.457209042200793	0.340938860421714	0.85706986473153	sample_2022120210048
HROV.vOTU01236	Responder_Status	Responder	1.30392514529099	1.34580794609679	0.340900791757597	0.85706986473153	sample_2022120210048
HROV.vOTU37713	Responder_Status	Responder	0.501212412893519	0.517498154411749	0.341072015166846	0.857198092067927	sample_2022120210048
HROV.vOTU30159	Responder_Status	Responder	0.943307112713321	0.97427762749969	0.341228005094531	0.85738363427918	sample_2022120210048
HROV.vOTU38884	Responder_Status	Responder	-0.766391848519369	0.792164310323978	0.341594115923109	0.857787173542928	sample_2022120210048
HROV.vOTU29919	Responder_Status	Responder	-0.816344960848721	0.843765411185033	0.341576188556407	0.857787173542928	sample_2022120210048
HROV.vOTU67547	Responder_Status	Responder	1.25903568383198	1.30259029731384	0.342037444704165	0.857867984526741	sample_2022120210048
HROV.vOTU41782	Responder_Status	Responder	0.474632138789858	0.491529585647584	0.342499682370779	0.857979163125377	sample_2022120210048
HROV.vOTU14209	Responder_Status	Responder	-0.835833677010998	0.866353508490184	0.34291818842996	0.858014937361619	sample_2022120210048
HROV.vOTU38578	Responder_Status	Responder	-0.539055263238704	0.558686161129473	0.342873742444586	0.858014937361619	sample_2022120210048
HROV.vOTU66452	Responder_Status	Responder	0.961380068428205	0.996437363123192	0.342895901813279	0.858014937361619	sample_2022120210048
HROV.vOTU45998	Responder_Status	Responder	0.656695578620676	0.682635830818961	0.34428446918964	0.859219785930426	sample_2022120210048
HROV.vOTU25215	Responder_Status	Responder	-0.591186476819349	0.614595491132742	0.344328076136195	0.859219785930426	sample_2022120210048
HROV.vOTU16714	Responder_Status	Responder	-0.604224157971957	0.631887053220392	0.347143951143398	0.861470797871319	sample_2022120210048
HROV.vOTU67500	Responder_Status	Responder	-0.782810445178607	0.821614264723854	0.348859137430885	0.861470797871319	sample_2022120210048
HROV.vOTU34240	Responder_Status	Responder	1.11834695332762	1.17275414434779	0.348443014145285	0.861470797871319	sample_2022120210048
HROV.vOTU00059	Responder_Status	Responder	0.855674711799628	0.896560291059904	0.3480501578434	0.861470797871319	sample_2022120210048
HROV.vOTU75805	Responder_Status	Responder	1.22108981993902	1.28020450870681	0.348335220110535	0.861470797871319	sample_2022120210048
HROV.vOTU06937	Responder_Status	Responder	0.49380186438213	0.518756576724511	0.349295532513646	0.861470797871319	sample_2022120210048
HROV.vOTU22046	Responder_Status	Responder	-0.788318037782457	0.827504140003223	0.348921783791319	0.861470797871319	sample_2022120210048
HROV.vOTU23542	Responder_Status	Responder	-0.735602488926191	0.771206065524938	0.34833030949905	0.861470797871319	sample_2022120210048
HROV.vOTU15731	Responder_Status	Responder	-0.751775369385879	0.787947602888607	0.348201401685754	0.861470797871319	sample_2022120210048
HROV.vOTU10264	Responder_Status	Responder	-0.816672964036872	0.857712388180863	0.349167319275191	0.861470797871319	sample_2022120210048
HROV.vOTU45982	Responder_Status	Responder	0.711818078759949	0.747638136404456	0.349198915741836	0.861470797871319	sample_2022120210048
HROV.vOTU62126	Responder_Status	Responder	1.11234506164368	1.16304331227989	0.34705105886752	0.861470797871319	sample_2022120210048
HROV.vOTU11680	Responder_Status	Responder	0.920384097386934	0.964445398069254	0.348091383656122	0.861470797871319	sample_2022120210048
HROV.vOTU16567	Responder_Status	Responder	0.527102931614692	0.55074411463527	0.34672114602451	0.861470797871319	sample_2022120210048
HROV.vOTU58027	Responder_Status	Responder	0.727253510448014	0.759139936813687	0.346263907015998	0.861470797871319	sample_2022120210048
HROV.vOTU03337	Responder_Status	Responder	0.85606937241974	0.900424779692812	0.349871743841207	0.861978903785385	sample_2022120210048
HROV.vOTU46602	Responder_Status	Responder	0.993551898704295	1.0459431409415	0.350285676289418	0.862382066653578	sample_2022120210048
HROV.vOTU63559	Responder_Status	Responder	-0.414798337269097	0.437116799611493	0.350769383249738	0.862569491788543	sample_2022120210048
HROV.vOTU34795	Responder_Status	Responder	0.804119240283115	0.847748874298744	0.350972775567937	0.862826806399205	sample_2022120210048
HROV.vOTU06013	Responder_Status	Responder	-0.764553003719247	0.808742726444082	0.352562280098099	0.862957580695986	sample_2022120210048
HROV.vOTU04065	Responder_Status	Responder	-0.492664620159146	0.521026449720574	0.352459249112298	0.862957580695986	sample_2022120210048
HROV.vOTU09585	Responder_Status	Responder	-1.07878239522547	1.13932661383675	0.35181083922052	0.862957580695986	sample_2022120210048
HROV.vOTU24081	Responder_Status	Responder	1.46164414019011	1.54603023759338	0.352533404543252	0.862957580695986	sample_2022120210048
HROV.vOTU35902	Responder_Status	Responder	-0.701411571474351	0.74214820279824	0.352687717928166	0.862957580695986	sample_2022120210048
HROV.vOTU54587	Responder_Status	Responder	-0.795710911099931	0.841094991629373	0.352220570065382	0.862957580695986	sample_2022120210048
HROV.vOTU31916	Responder_Status	Responder	0.718480175443507	0.759330194660627	0.352139953265175	0.862957580695986	sample_2022120210048
HROV.vOTU26844	Responder_Status	Responder	1.05330759018331	1.11472006420107	0.352789103511666	0.862957580695986	sample_2022120210048
HROV.vOTU11697	Responder_Status	Responder	0.410591138631137	0.433944213748127	0.35214917629495	0.862957580695986	sample_2022120210048
HROV.vOTU44891	Responder_Status	Responder	-1.04925623495383	1.11355194504588	0.354118625305932	0.863169033321039	sample_2022120210048
HROV.vOTU23169	Responder_Status	Responder	0.820108100231807	0.868956832266027	0.353352792259247	0.863169033321039	sample_2022120210048
HROV.vOTU31729	Responder_Status	Responder	-0.733022090621892	0.77737023742708	0.353771554715543	0.863169033321039	sample_2022120210048
HROV.vOTU11572	Responder_Status	Responder	-0.27172167529137	0.288242975158401	0.353906427067852	0.863169033321039	sample_2022120210048
HROV.vOTU64808	Responder_Status	Responder	1.25839405071771	1.3341633704548	0.353642256920673	0.863169033321039	sample_2022120210048
HROV.vOTU66013	Responder_Status	Responder	-0.599584380946144	0.636645969938544	0.3543573116524	0.863347781249778	sample_2022120210048
HROV.vOTU70645	Responder_Status	Responder	0.467508222473464	0.496689502003416	0.354627932309785	0.863726147655642	sample_2022120210048
HROV.vOTU61977	Responder_Status	Responder	-0.764282240882415	0.812158034979227	0.354727264974782	0.863744956250578	sample_2022120210048
HROV.vOTU08443	Responder_Status	Responder	0.700007722129762	0.743987004879946	0.354809895453185	0.863845370754546	sample_2022120210048
HROV.vOTU19199	Responder_Status	Responder	0.913024387153725	0.971092979004029	0.355154527757015	0.864205804243306	sample_2022120210048
HROV.vOTU34553	Responder_Status	Responder	-1.04283751415081	1.11031292124289	0.355645721205313	0.864735088996005	sample_2022120210048
HROV.vOTU06759	Responder_Status	Responder	-0.56592675955047	0.602629462172599	0.355712671518982	0.864735088996005	sample_2022120210048
HROV.vOTU05380	Responder_Status	Responder	-0.605523903071712	0.644892135281877	0.355784284876618	0.864805267339275	sample_2022120210048
HROV.vOTU32570	Responder_Status	Responder	1.42353786929414	1.51709868497525	0.356099500285057	0.865111666284855	sample_2022120210048
HROV.vOTU27793	Responder_Status	Responder	-0.439508986578353	0.468572450777695	0.356278556177061	0.865111666284855	sample_2022120210048
HROV.vOTU60061	Responder_Status	Responder	-0.461193593376022	0.492132780441433	0.356703889174954	0.865285027613841	sample_2022120210048
HROV.vOTU48814	Responder_Status	Responder	1.01028426576176	1.07818987778421	0.356761281549087	0.865285027613841	sample_2022120210048
HROV.vOTU08930	Responder_Status	Responder	-0.748694733106845	0.799695553890601	0.357162801102377	0.865434536050925	sample_2022120210048
HROV.vOTU49399	Responder_Status	Responder	0.718750798609628	0.767586636748063	0.357085564366753	0.865434536050925	sample_2022120210048
HROV.vOTU44189	Responder_Status	Responder	-0.935921576232696	1.00037253703926	0.357492495287334	0.865831307490618	sample_2022120210048
HROV.vOTU28419	Responder_Status	Responder	-0.684144438630599	0.731377368856345	0.357570353207112	0.865905787448579	sample_2022120210048
HROV.vOTU57616	Responder_Status	Responder	0.670355608657613	0.716781200011567	0.357665899086158	0.865949804400014	sample_2022120210048
HROV.vOTU71213	Responder_Status	Responder	-0.638860750449695	0.683586981034226	0.357999714067964	0.866355987082377	sample_2022120210048
HROV.vOTU11756	Responder_Status	Responder	0.501632947247605	0.537375651773188	0.358549462282824	0.866523007239743	sample_2022120210048
HROV.vOTU06939	Responder_Status	Responder	-1.32714770558883	1.42349387631632	0.359142781041417	0.866523007239743	sample_2022120210048
HROV.vOTU60571	Responder_Status	Responder	0.997940218945356	1.07029638680434	0.359102667976917	0.866523007239743	sample_2022120210048
HROV.vOTU61467	Responder_Status	Responder	0.89211183434167	0.955976278254272	0.358697561832509	0.866523007239743	sample_2022120210048
HROV.vOTU74953	Responder_Status	Responder	0.642511013436336	0.689432991687017	0.359333638213016	0.866523007239743	sample_2022120210048
HROV.vOTU29849	Responder_Status	Responder	-0.66213640649628	0.708904881243928	0.358275410723316	0.866523007239743	sample_2022120210048
HROV.vOTU03762	Responder_Status	Responder	0.389778243441397	0.418092645645139	0.35916304111745	0.866523007239743	sample_2022120210048
HROV.vOTU29100	Responder_Status	Responder	0.450893282795275	0.483410334046946	0.358931169787299	0.866523007239743	sample_2022120210048
HROV.vOTU10108	Responder_Status	Responder	-0.61392920845376	0.658624680228969	0.359233623805587	0.866523007239743	sample_2022120210048
HROV.vOTU21435	Responder_Status	Responder	1.08282361055388	1.16319015142733	0.35985830388553	0.867158415099452	sample_2022120210048
HROV.vOTU44531	Responder_Status	Responder	0.660909152882375	0.71017927870303	0.360003460792933	0.867383078590224	sample_2022120210048
HROV.vOTU08830	Responder_Status	Responder	0.518445466045945	0.557144899729254	0.36004578563794	0.867384918188135	sample_2022120210048
HROV.vOTU52595	Responder_Status	Responder	1.37188404405468	1.47499787834672	0.360273384792731	0.867565594671208	sample_2022120210048
HROV.vOTU18809	Responder_Status	Responder	0.468064491614625	0.503632221740622	0.360637036357449	0.868007720998726	sample_2022120210048
HROV.vOTU64696	Responder_Status	Responder	0.686075498583869	0.739259950979403	0.361309571603331	0.868624669895349	sample_2022120210048
HROV.vOTU13760	Responder_Status	Responder	-0.511453566487477	0.551431315611738	0.36159266599491	0.869107765391872	sample_2022120210048
HROV.vOTU75708	Responder_Status	Responder	-0.747016670018874	0.805930878286283	0.361900066418465	0.869274474894718	sample_2022120210048
HROV.vOTU42454	Responder_Status	Responder	0.335435971828142	0.361846916986535	0.361843159817608	0.869274474894718	sample_2022120210048
HROV.vOTU35590	Responder_Status	Responder	0.459587032784689	0.496132090839441	0.362185404646062	0.869652538481756	sample_2022120210048
HROV.vOTU36670	Responder_Status	Responder	-0.750094248773609	0.809879011773413	0.362266800044589	0.869652538481756	sample_2022120210048
HROV.vOTU23603	Responder_Status	Responder	-0.785878770100062	0.849315844741444	0.362712482007651	0.870078903582518	sample_2022120210048
HROV.vOTU52072	Responder_Status	Responder	0.906122810088848	0.981271879925983	0.363679744447754	0.870601036207267	sample_2022120210048
HROV.vOTU03088	Responder_Status	Responder	0.495025731008729	0.536196544446035	0.363781988819164	0.870601036207267	sample_2022120210048
HROV.vOTU74209	Responder_Status	Responder	0.383522863681761	0.41562472924611	0.364014751137204	0.870681244163366	sample_2022120210048
HROV.vOTU48171	Responder_Status	Responder	1.34464614045015	1.45886266061112	0.364554771886419	0.870908664064739	sample_2022120210048
HROV.vOTU31772	Responder_Status	Responder	0.933361083211033	1.01260983547342	0.364539597271047	0.870908664064739	sample_2022120210048
HROV.vOTU67877	Responder_Status	Responder	0.777852808500461	0.845139486954341	0.365234263465549	0.871387232206182	sample_2022120210048
HROV.vOTU16111	Responder_Status	Responder	0.850585447744369	0.9243894175491	0.365349621700288	0.871387232206182	sample_2022120210048
HROV.vOTU12221	Responder_Status	Responder	1.39701804126752	1.51867253771603	0.365485708975094	0.871436849801234	sample_2022120210048
HROV.vOTU35796	Responder_Status	Responder	0.987799977353843	1.07594124471932	0.36641821350588	0.871765985090181	sample_2022120210048
HROV.vOTU09249	Responder_Status	Responder	-0.944509795729982	1.02812198640531	0.366112240879147	0.871765985090181	sample_2022120210048
HROV.vOTU11972	Responder_Status	Responder	1.01179224681177	1.10109230477753	0.365997179712871	0.871765985090181	sample_2022120210048
HROV.vOTU73450	Responder_Status	Responder	0.634025750120896	0.69116326028406	0.366803354041298	0.871780633184727	sample_2022120210048
HROV.vOTU23476	Responder_Status	Responder	0.768638150384074	0.838048178267241	0.366883052288522	0.871780633184727	sample_2022120210048
HROV.vOTU44933	Responder_Status	Responder	0.765536035677035	0.837186684831858	0.368306599155401	0.871903709106176	sample_2022120210048
HROV.vOTU41054	Responder_Status	Responder	1.25423614604643	1.36859885814017	0.367263358402087	0.871903709106176	sample_2022120210048
HROV.vOTU14305	Responder_Status	Responder	1.00990547653722	1.1019349920398	0.367239861908272	0.871903709106176	sample_2022120210048
HROV.vOTU33822	Responder_Status	Responder	1.12870544970375	1.23277331525172	0.367704412534235	0.871903709106176	sample_2022120210048
HROV.vOTU05683	Responder_Status	Responder	0.591416360586124	0.645524631238501	0.367396660229388	0.871903709106176	sample_2022120210048
HROV.vOTU07976	Responder_Status	Responder	-0.919942623312586	1.00514027798069	0.367881941079632	0.871903709106176	sample_2022120210048
HROV.vOTU75544	Responder_Status	Responder	0.911748616629634	0.995928617466638	0.367759298294545	0.871903709106176	sample_2022120210048
HROV.vOTU03622	Responder_Status	Responder	0.998922619207401	1.09056504132689	0.367505626323799	0.871903709106176	sample_2022120210048
HROV.vOTU45907	Responder_Status	Responder	-0.252559081361332	0.276132043928235	0.368194821034661	0.871903709106176	sample_2022120210048
HROV.vOTU16271	Responder_Status	Responder	-0.83915641411233	0.917628999783141	0.368271321527928	0.871903709106176	sample_2022120210048
HROV.vOTU02638	Responder_Status	Responder	0.839609863465542	0.917557518921753	0.367979576018634	0.871903709106176	sample_2022120210048
HROV.vOTU19674	Responder_Status	Responder	0.366150821453574	0.400101606299907	0.367930140911796	0.871903709106176	sample_2022120210048
HROV.vOTU46144	Responder_Status	Responder	0.607458521132503	0.662654203084526	0.367125800927934	0.871903709106176	sample_2022120210048
HROV.vOTU38772	Responder_Status	Responder	-0.796841386267091	0.873550221178913	0.369457572458239	0.872163605843097	sample_2022120210048
HROV.vOTU13869	Responder_Status	Responder	0.608408670067201	0.66712968515316	0.369564979730901	0.872163605843097	sample_2022120210048
HROV.vOTU34151	Responder_Status	Responder	1.18366008765505	1.29833478498432	0.369722285657388	0.872163605843097	sample_2022120210048
HROV.vOTU04448	Responder_Status	Responder	0.542513955258986	0.595174540837373	0.369802383713731	0.872163605843097	sample_2022120210048
HROV.vOTU12957	Responder_Status	Responder	-0.638135660015539	0.698978960068933	0.369061145550866	0.872163605843097	sample_2022120210048
HROV.vOTU60831	Responder_Status	Responder	-0.728730548322341	0.798433899694534	0.369192498437897	0.872163605843097	sample_2022120210048
HROV.vOTU34583	Responder_Status	Responder	-1.12159232945012	1.22953577855495	0.369446866613206	0.872163605843097	sample_2022120210048
HROV.vOTU71891	Responder_Status	Responder	0.430719959151245	0.472446474375094	0.369720033116684	0.872163605843097	sample_2022120210048
HROV.vOTU10220	Responder_Status	Responder	0.651444578196549	0.7145368470853	0.369708671379468	0.872163605843097	sample_2022120210048
HROV.vOTU64423	Responder_Status	Responder	-0.501284931849134	0.550028805585674	0.369875539682638	0.872237572110356	sample_2022120210048
HROV.vOTU51786	Responder_Status	Responder	0.955510516874275	1.0495854867626	0.370398537861477	0.872780567366945	sample_2022120210048
HROV.vOTU07540	Responder_Status	Responder	0.739365380073718	0.812662344744469	0.370690295430871	0.872879459164397	sample_2022120210048
HROV.vOTU16798	Responder_Status	Responder	0.338696119877508	0.372228850110851	0.370634682520055	0.872879459164397	sample_2022120210048
HROV.vOTU74668	Responder_Status	Responder	1.07079514151063	1.17684545915517	0.370649053398478	0.872879459164397	sample_2022120210048
HROV.vOTU11401	Responder_Status	Responder	-0.358622408690655	0.394362561673653	0.370915304491629	0.873012563972065	sample_2022120210048
HROV.vOTU34569	Responder_Status	Responder	-0.788018822970852	0.866523089865072	0.370899335746471	0.873012563972065	sample_2022120210048
HROV.vOTU39947	Responder_Status	Responder	-0.869958213174864	0.962361679509035	0.373716926044561	0.873857849746134	sample_2022120210048
HROV.vOTU15017	Responder_Status	Responder	-0.784006754177475	0.870381537683124	0.375397501644776	0.873857849746134	sample_2022120210048
HROV.vOTU55957	Responder_Status	Responder	-0.268354847895917	0.298934657818347	0.376997924075919	0.873857849746134	sample_2022120210048
HROV.vOTU06484	Responder_Status	Responder	-0.98087016677088	1.08794536588701	0.374970064922738	0.873857849746134	sample_2022120210048
HROV.vOTU54818	Responder_Status	Responder	-1.16737722474866	1.29878068211839	0.376410496049105	0.873857849746134	sample_2022120210048
HROV.vOTU43804	Responder_Status	Responder	0.977959754935619	1.08066641555916	0.373207905500119	0.873857849746134	sample_2022120210048
HROV.vOTU04691	Responder_Status	Responder	1.152435200712	1.27556716694464	0.373984695500992	0.873857849746134	sample_2022120210048
HROV.vOTU34447	Responder_Status	Responder	1.36915981678035	1.50927547981666	0.37206174484079	0.873857849746134	sample_2022120210048
HROV.vOTU21886	Responder_Status	Responder	0.952834380950439	1.05894439069833	0.375902423307124	0.873857849746134	sample_2022120210048
HROV.vOTU62742	Responder_Status	Responder	0.966772178476117	1.07532715053065	0.376293326595724	0.873857849746134	sample_2022120210048
HROV.vOTU10057	Responder_Status	Responder	1.13846620141598	1.2549211322653	0.37204212146277	0.873857849746134	sample_2022120210048
HROV.vOTU69794	Responder_Status	Responder	-0.689750714647945	0.763953329003265	0.374296859084945	0.873857849746134	sample_2022120210048
HROV.vOTU29426	Responder_Status	Responder	1.42801595954663	1.58118057322984	0.374159939912351	0.873857849746134	sample_2022120210048
HROV.vOTU20558	Responder_Status	Responder	-0.754170212639106	0.837375331750934	0.375463535794976	0.873857849746134	sample_2022120210048
HROV.vOTU44129	Responder_Status	Responder	-1.32160338559871	1.46839486343033	0.375778853599361	0.873857849746134	sample_2022120210048
HROV.vOTU31912	Responder_Status	Responder	-0.918872773954363	1.02447214942471	0.377407303590609	0.873857849746134	sample_2022120210048
HROV.vOTU53362	Responder_Status	Responder	-0.760790239229894	0.845528908196467	0.375910869323273	0.873857849746134	sample_2022120210048
HROV.vOTU04413	Responder_Status	Responder	-0.573063558334256	0.639379362576048	0.377744169209747	0.873857849746134	sample_2022120210048
HROV.vOTU15979	Responder_Status	Responder	0.968282264607092	1.07075055598393	0.373550323838599	0.873857849746134	sample_2022120210048
HROV.vOTU26281	Responder_Status	Responder	-0.436672247569571	0.484859487784363	0.375473853645351	0.873857849746134	sample_2022120210048
HROV.vOTU55368	Responder_Status	Responder	-0.782348010926779	0.868782385771233	0.375528825988573	0.873857849746134	sample_2022120210048
HROV.vOTU20950	Responder_Status	Responder	-0.563303171973214	0.625613908195652	0.375586459413689	0.873857849746134	sample_2022120210048
HROV.vOTU03570	Responder_Status	Responder	-0.63838817820086	0.712267574677944	0.377746893502477	0.873857849746134	sample_2022120210048
HROV.vOTU49546	Responder_Status	Responder	-0.49385073067679	0.544521231916909	0.372175423223128	0.873857849746134	sample_2022120210048
HROV.vOTU08743	Responder_Status	Responder	-0.611062870319084	0.678072914534515	0.37518139386347	0.873857849746134	sample_2022120210048
HROV.vOTU69490	Responder_Status	Responder	0.440961046089195	0.489681005957232	0.37553100247661	0.873857849746134	sample_2022120210048
HROV.vOTU11151	Responder_Status	Responder	0.271087125461355	0.299264972358279	0.372748244422744	0.873857849746134	sample_2022120210048
HROV.vOTU71160	Responder_Status	Responder	0.488420806810241	0.542521711851788	0.375650155101239	0.873857849746134	sample_2022120210048
HROV.vOTU46527	Responder_Status	Responder	0.586818270862826	0.649119121023848	0.373696151020541	0.873857849746134	sample_2022120210048
HROV.vOTU41249	Responder_Status	Responder	0.79714284114065	0.885225514488962	0.375536140294621	0.873857849746134	sample_2022120210048
HROV.vOTU05258	Responder_Status	Responder	0.587182692584927	0.654165597826538	0.377049520053604	0.873857849746134	sample_2022120210048
HROV.vOTU54184	Responder_Status	Responder	-0.714093292201727	0.796584863855724	0.377658913765529	0.873857849746134	sample_2022120210048
HROV.vOTU05048	Responder_Status	Responder	0.704861269573709	0.780914755872582	0.374432744123981	0.873857849746134	sample_2022120210048
HROV.vOTU33743	Responder_Status	Responder	-0.558254570392068	0.618796938064306	0.374666828678846	0.873857849746134	sample_2022120210048
HROV.vOTU25012	Responder_Status	Responder	0.366445271733711	0.405726489579596	0.374133731141106	0.873857849746134	sample_2022120210048
HROV.vOTU11217	Responder_Status	Responder	-0.280823179471216	0.311160882482606	0.374489195306617	0.873857849746134	sample_2022120210048
HROV.vOTU40204	Responder_Status	Responder	0.891231436764393	0.994323063884017	0.377723803565806	0.873857849746134	sample_2022120210048
HROV.vOTU06659	Responder_Status	Responder	-0.761053283681869	0.84425717208469	0.375039592165506	0.873857849746134	sample_2022120210048
HROV.vOTU54557	Responder_Status	Responder	0.355257302626433	0.391965890046503	0.372485944074474	0.873857849746134	sample_2022120210048
HROV.vOTU52333	Responder_Status	Responder	-1.24440030952413	1.39029136441003	0.378382894367646	0.874569268851067	sample_2022120210048
HROV.vOTU36535	Responder_Status	Responder	-0.656338129088717	0.733332290831479	0.378412622638554	0.874569268851067	sample_2022120210048
HROV.vOTU19022	Responder_Status	Responder	-1.38165043523154	1.543859116333	0.378451937359962	0.874569268851067	sample_2022120210048
HROV.vOTU15594	Responder_Status	Responder	0.593099854389833	0.66279980846196	0.378500728357635	0.874569268851067	sample_2022120210048
HROV.vOTU29822	Responder_Status	Responder	-0.802164112937174	0.910873887922466	0.386002279565092	0.875289806035798	sample_2022120210048
HROV.vOTU39150	Responder_Status	Responder	-0.653585558258764	0.733146655627458	0.380268867792752	0.875289806035798	sample_2022120210048
HROV.vOTU33821	Responder_Status	Responder	0.923689759812748	1.04039527209274	0.382197793897122	0.875289806035798	sample_2022120210048
HROV.vOTU27016	Responder_Status	Responder	-0.568785526417061	0.640423401677369	0.382031780419722	0.875289806035798	sample_2022120210048
HROV.vOTU44696	Responder_Status	Responder	-1.5101425599911	1.71455376622917	0.385935527302192	0.875289806035798	sample_2022120210048
HROV.vOTU56283	Responder_Status	Responder	0.312254334873925	0.352786139917851	0.383635777682759	0.875289806035798	sample_2022120210048
HROV.vOTU48092	Responder_Status	Responder	-0.518022934405554	0.580603586620467	0.379881898264118	0.875289806035798	sample_2022120210048
HROV.vOTU50896	Responder_Status	Responder	-1.03067098783555	1.16531410908631	0.383981322127859	0.875289806035798	sample_2022120210048
HROV.vOTU60217	Responder_Status	Responder	-0.757677713547964	0.848925252753861	0.379724156576088	0.875289806035798	sample_2022120210048
HROV.vOTU28078	Responder_Status	Responder	-0.431766512867498	0.489197148835193	0.384966096583542	0.875289806035798	sample_2022120210048
HROV.vOTU57119	Responder_Status	Responder	1.18950400490476	1.34296787147898	0.383308104062084	0.875289806035798	sample_2022120210048
HROV.vOTU66091	Responder_Status	Responder	-0.860785015844429	0.976967308274763	0.385776005668332	0.875289806035798	sample_2022120210048
HROV.vOTU43948	Responder_Status	Responder	-0.449968859404492	0.505788593762484	0.381240286260057	0.875289806035798	sample_2022120210048
HROV.vOTU17770	Responder_Status	Responder	0.476523057364094	0.537976726302831	0.383286339040502	0.875289806035798	sample_2022120210048
HROV.vOTU22862	Responder_Status	Responder	-1.22187170873619	1.37857001493626	0.382987760527826	0.875289806035798	sample_2022120210048
HROV.vOTU01741	Responder_Status	Responder	0.886595675897029	0.992507133800173	0.379316289720537	0.875289806035798	sample_2022120210048
HROV.vOTU23941	Responder_Status	Responder	-0.965138492224282	1.09672677639076	0.386340837117619	0.875289806035798	sample_2022120210048
HROV.vOTU09380	Responder_Status	Responder	-0.975841345575808	1.09307123899674	0.379598975507847	0.875289806035798	sample_2022120210048
HROV.vOTU51134	Responder_Status	Responder	-0.649627053597751	0.737397800814668	0.385832554429364	0.875289806035798	sample_2022120210048
HROV.vOTU10672	Responder_Status	Responder	-0.826963350290596	0.935910268772626	0.384440282643843	0.875289806035798	sample_2022120210048
HROV.vOTU37639	Responder_Status	Responder	1.07680670503378	1.2148101206083	0.38295256967066	0.875289806035798	sample_2022120210048
HROV.vOTU46852	Responder_Status	Responder	-0.523038129116089	0.58793755309337	0.381252482209696	0.875289806035798	sample_2022120210048
HROV.vOTU08388	Responder_Status	Responder	1.06231776320929	1.19406257001383	0.381225222303093	0.875289806035798	sample_2022120210048
HROV.vOTU69010	Responder_Status	Responder	0.687039523300515	0.773545804762834	0.38201627633271	0.875289806035798	sample_2022120210048
HROV.vOTU24034	Responder_Status	Responder	1.09814779811977	1.23494314509793	0.381456107328748	0.875289806035798	sample_2022120210048
HROV.vOTU04957	Responder_Status	Responder	1.39198724189738	1.57541005910528	0.384451523048406	0.875289806035798	sample_2022120210048
HROV.vOTU12337	Responder_Status	Responder	-0.462659074632223	0.519665154207914	0.380889840991725	0.875289806035798	sample_2022120210048
HROV.vOTU56372	Responder_Status	Responder	-0.464220100407068	0.522574005385058	0.381929308012007	0.875289806035798	sample_2022120210048
HROV.vOTU22687	Responder_Status	Responder	0.653048068747715	0.736476308668116	0.382782900201998	0.875289806035798	sample_2022120210048
HROV.vOTU50399	Responder_Status	Responder	0.469545997917245	0.532106822624197	0.385058636531115	0.875289806035798	sample_2022120210048
HROV.vOTU53418	Responder_Status	Responder	0.753873664925571	0.848268186432638	0.381724712314633	0.875289806035798	sample_2022120210048
HROV.vOTU36677	Responder_Status	Responder	1.24320805326414	1.403102471777	0.383141572543663	0.875289806035798	sample_2022120210048
HROV.vOTU67808	Responder_Status	Responder	0.99639620645043	1.13318620700844	0.386729626327556	0.875289806035798	sample_2022120210048
HROV.vOTU06874	Responder_Status	Responder	-0.522693094270648	0.587614856259176	0.381304552185217	0.875289806035798	sample_2022120210048
HROV.vOTU03165	Responder_Status	Responder	0.407901738621519	0.45737664024259	0.380084970940017	0.875289806035798	sample_2022120210048
HROV.vOTU34727	Responder_Status	Responder	0.377979707692906	0.428924094521572	0.385696822515453	0.875289806035798	sample_2022120210048
HROV.vOTU32776	Responder_Status	Responder	0.27913604261982	0.314990973849753	0.38307309032444	0.875289806035798	sample_2022120210048
HROV.vOTU55684	Responder_Status	Responder	0.477999981437271	0.539706144386572	0.383340264179757	0.875289806035798	sample_2022120210048
HROV.vOTU21098	Responder_Status	Responder	0.803973828876826	0.912860328148155	0.385967101038507	0.875289806035798	sample_2022120210048
HROV.vOTU22654	Responder_Status	Responder	-0.755689377317122	0.861201564036217	0.387691871870535	0.875808170644054	sample_2022120210048
HROV.vOTU19365	Responder_Status	Responder	-0.629487833932973	0.716684542899918	0.387238134749042	0.875808170644054	sample_2022120210048
HROV.vOTU20938	Responder_Status	Responder	0.791978079555315	0.901712321024012	0.387253389362775	0.875808170644054	sample_2022120210048
HROV.vOTU66953	Responder_Status	Responder	-0.861311822631121	0.981367376581845	0.387594528036437	0.875808170644054	sample_2022120210048
HROV.vOTU49689	Responder_Status	Responder	0.612535019245412	0.69787084155069	0.387565331868383	0.875808170644054	sample_2022120210048
HROV.vOTU15022	Responder_Status	Responder	0.655622108362922	0.747744641306617	0.388056505172804	0.876196941641461	sample_2022120210048
HROV.vOTU16373	Responder_Status	Responder	-1.26572423391659	1.46218180862667	0.394043951230372	0.876353083987329	sample_2022120210048
HROV.vOTU37103	Responder_Status	Responder	-0.699920195758045	0.809551984906775	0.394617709449465	0.876353083987329	sample_2022120210048
HROV.vOTU53131	Responder_Status	Responder	-1.17283482725067	1.34851554171942	0.391846806640158	0.876353083987329	sample_2022120210048
HROV.vOTU50753	Responder_Status	Responder	-0.699380576461942	0.800290446948725	0.389602122223698	0.876353083987329	sample_2022120210048
HROV.vOTU49771	Responder_Status	Responder	-0.825123550531855	0.943050263930119	0.389043848130695	0.876353083987329	sample_2022120210048
HROV.vOTU37684	Responder_Status	Responder	1.03876755295222	1.20363709223046	0.395456613967882	0.876353083987329	sample_2022120210048
HROV.vOTU02992	Responder_Status	Responder	1.05842607580238	1.21116886345831	0.389613002363963	0.876353083987329	sample_2022120210048
HROV.vOTU60216	Responder_Status	Responder	0.816554467238056	0.932508984336626	0.388668864629888	0.876353083987329	sample_2022120210048
HROV.vOTU20504	Responder_Status	Responder	-0.516657859461421	0.599865858961333	0.396394915819256	0.876353083987329	sample_2022120210048
HROV.vOTU48450	Responder_Status	Responder	1.04594443264513	1.20819887747794	0.394009058438325	0.876353083987329	sample_2022120210048
HROV.vOTU70413	Responder_Status	Responder	0.913147462087639	1.05687520173486	0.394925585956062	0.876353083987329	sample_2022120210048
HROV.vOTU45038	Responder_Status	Responder	-0.947631615009046	1.10099844449611	0.396712679556905	0.876353083987329	sample_2022120210048
HROV.vOTU24574	Responder_Status	Responder	-1.38115527960064	1.58507097448306	0.390971967218848	0.876353083987329	sample_2022120210048
HROV.vOTU14316	Responder_Status	Responder	-0.825791947747021	0.949497608789716	0.391851249625216	0.876353083987329	sample_2022120210048
HROV.vOTU18901	Responder_Status	Responder	-0.793263342909438	0.92029267632612	0.396027212594221	0.876353083987329	sample_2022120210048
HROV.vOTU46506	Responder_Status	Responder	-0.278484323004116	0.319801707848936	0.391266696683295	0.876353083987329	sample_2022120210048
HROV.vOTU59597	Responder_Status	Responder	0.690232547671724	0.792345264435675	0.391093414414003	0.876353083987329	sample_2022120210048
HROV.vOTU26939	Responder_Status	Responder	-0.796028089764824	0.92244236532177	0.395492762830561	0.876353083987329	sample_2022120210048
HROV.vOTU50051	Responder_Status	Responder	-0.757158733931809	0.871835724655439	0.392523063785502	0.876353083987329	sample_2022120210048
HROV.vOTU35604	Responder_Status	Responder	-0.476619832957296	0.553373028894053	0.396389305385154	0.876353083987329	sample_2022120210048
HROV.vOTU34003	Responder_Status	Responder	-0.564189244721802	0.650972064954761	0.393479915697626	0.876353083987329	sample_2022120210048
HROV.vOTU18567	Responder_Status	Responder	0.875334346045715	1.01690486466016	0.396668882400354	0.876353083987329	sample_2022120210048
HROV.vOTU25355	Responder_Status	Responder	-0.630512970165472	0.729217211113312	0.394581897214809	0.876353083987329	sample_2022120210048
HROV.vOTU09805	Responder_Status	Responder	-1.21761443252079	1.40720084482976	0.394241714227064	0.876353083987329	sample_2022120210048
HROV.vOTU69853	Responder_Status	Responder	-0.646386492955377	0.743392395303847	0.391961650471824	0.876353083987329	sample_2022120210048
HROV.vOTU52390	Responder_Status	Responder	-0.910894591334316	1.05074068963907	0.393361524092153	0.876353083987329	sample_2022120210048
HROV.vOTU69548	Responder_Status	Responder	-0.705886508647278	0.816211797730983	0.394479930908725	0.876353083987329	sample_2022120210048
HROV.vOTU21431	Responder_Status	Responder	1.04811265626203	1.19874497272172	0.389370267232699	0.876353083987329	sample_2022120210048
HROV.vOTU06360	Responder_Status	Responder	-0.605590987368213	0.699597963910724	0.394051315919243	0.876353083987329	sample_2022120210048
HROV.vOTU48052	Responder_Status	Responder	0.682632118926576	0.782365508338944	0.390344060161961	0.876353083987329	sample_2022120210048
HROV.vOTU23789	Responder_Status	Responder	-0.570227705173796	0.661920788026883	0.396294659119592	0.876353083987329	sample_2022120210048
HROV.vOTU75872	Responder_Status	Responder	-0.699203276830204	0.80660772080735	0.393395382328197	0.876353083987329	sample_2022120210048
HROV.vOTU23568	Responder_Status	Responder	0.522310460207718	0.599244821750294	0.390831337594787	0.876353083987329	sample_2022120210048
HROV.vOTU24074	Responder_Status	Responder	0.567373888979399	0.648902380389965	0.389360774518868	0.876353083987329	sample_2022120210048
HROV.vOTU60846	Responder_Status	Responder	0.335649705460498	0.384269531216975	0.389834361815913	0.876353083987329	sample_2022120210048
HROV.vOTU61017	Responder_Status	Responder	0.478199636276301	0.551877444272793	0.393582961381709	0.876353083987329	sample_2022120210048
HROV.vOTU73713	Responder_Status	Responder	0.330162577186252	0.382359798291909	0.395206573284283	0.876353083987329	sample_2022120210048
HROV.vOTU22759	Responder_Status	Responder	0.73534279595869	0.840966885214144	0.389338184415437	0.876353083987329	sample_2022120210048
HROV.vOTU09782	Responder_Status	Responder	0.810682322973628	0.938865855665	0.395215664194838	0.876353083987329	sample_2022120210048
HROV.vOTU57313	Responder_Status	Responder	0.608137241115543	0.696971118403672	0.39033351338917	0.876353083987329	sample_2022120210048
HROV.vOTU29297	Responder_Status	Responder	0.640176154936062	0.741770409271546	0.395448906757116	0.876353083987329	sample_2022120210048
HROV.vOTU07520	Responder_Status	Responder	0.387558599809844	0.44686550111294	0.393159413651826	0.876353083987329	sample_2022120210048
HROV.vOTU75876	Responder_Status	Responder	0.498123383159892	0.576762420908483	0.395115970951857	0.876353083987329	sample_2022120210048
HROV.vOTU21986	Responder_Status	Responder	0.529105058637833	0.606700323485342	0.390569454840225	0.876353083987329	sample_2022120210048
HROV.vOTU07437	Responder_Status	Responder	0.510865504894977	0.586488134790401	0.391129600917177	0.876353083987329	sample_2022120210048
HROV.vOTU09393	Responder_Status	Responder	0.62224379898952	0.722774624328926	0.39660015477863	0.876353083987329	sample_2022120210048
HROV.vOTU40521	Responder_Status	Responder	0.41014246345314	0.471446336328312	0.391715994667754	0.876353083987329	sample_2022120210048
HROV.vOTU23118	Responder_Status	Responder	0.54004297374893	0.628109278219541	0.397205998336933	0.876722342641045	sample_2022120210048
HROV.vOTU43907	Responder_Status	Responder	-0.941120012985102	1.09539789269746	0.397549307878843	0.877051812985321	sample_2022120210048
HROV.vOTU02038	Responder_Status	Responder	-1.14266118551083	1.33022107111529	0.397634539958069	0.877077768188453	sample_2022120210048
HROV.vOTU08563	Responder_Status	Responder	-1.00639601972771	1.17388097713373	0.398544809456852	0.877171274541575	sample_2022120210048
HROV.vOTU35828	Responder_Status	Responder	1.00013882006495	1.16603854492064	0.39832765331287	0.877171274541575	sample_2022120210048
HROV.vOTU04146	Responder_Status	Responder	0.53396830278068	0.623262818641986	0.398867052965958	0.877171274541575	sample_2022120210048
HROV.vOTU67791	Responder_Status	Responder	0.819650736149122	0.95600692460048	0.398520203990023	0.877171274541575	sample_2022120210048
HROV.vOTU74340	Responder_Status	Responder	0.463369065811973	0.540217305842742	0.398315679475364	0.877171274541575	sample_2022120210048
HROV.vOTU69573	Responder_Status	Responder	-0.351090949555392	0.409781121953292	0.398841937898323	0.877171274541575	sample_2022120210048
HROV.vOTU64708	Responder_Status	Responder	0.82686173458652	0.963160718815735	0.397912900864832	0.877171274541575	sample_2022120210048
HROV.vOTU56066	Responder_Status	Responder	0.949398554569792	1.10764363640294	0.398648092451954	0.877171274541575	sample_2022120210048
HROV.vOTU69480	Responder_Status	Responder	0.939465591193043	1.09479944711239	0.398114332881967	0.877171274541575	sample_2022120210048
HROV.vOTU36400	Responder_Status	Responder	0.337475810404586	0.39308815433704	0.397892994528156	0.877171274541575	sample_2022120210048
HROV.vOTU74826	Responder_Status	Responder	0.31409535474209	0.366931243302614	0.399260883380464	0.877482585946745	sample_2022120210048
HROV.vOTU75402	Responder_Status	Responder	-0.315543625358799	0.368813434139679	0.399501083351949	0.877733193973595	sample_2022120210048
HROV.vOTU15775	Responder_Status	Responder	0.777450817124491	0.908877841489035	0.399592453756897	0.877841527358572	sample_2022120210048
HROV.vOTU01119	Responder_Status	Responder	0.514241729124629	0.601710510229312	0.400007821685231	0.878291143876543	sample_2022120210048
HROV.vOTU59392	Responder_Status	Responder	-0.441689213087165	0.517156294979907	0.400312827246312	0.878601439162206	sample_2022120210048
HROV.vOTU74463	Responder_Status	Responder	0.604594585456891	0.708007525596429	0.400386299718709	0.878601439162206	sample_2022120210048
HROV.vOTU04874	Responder_Status	Responder	-0.333117166263919	0.39071199600516	0.401120995092984	0.878978913018751	sample_2022120210048
HROV.vOTU04677	Responder_Status	Responder	0.421242110529546	0.493895473088806	0.400953476161099	0.878978913018751	sample_2022120210048
HROV.vOTU57880	Responder_Status	Responder	0.381130464880288	0.446996583763947	0.401089741490112	0.878978913018751	sample_2022120210048
HROV.vOTU01582	Responder_Status	Responder	1.2053091019994	1.4182077027759	0.402599563246641	0.87930796785507	sample_2022120210048
HROV.vOTU29751	Responder_Status	Responder	-1.11971794042988	1.31664687247237	0.402299249697488	0.87930796785507	sample_2022120210048
HROV.vOTU16004	Responder_Status	Responder	0.77709844475026	0.913462433146162	0.402143017957442	0.87930796785507	sample_2022120210048
HROV.vOTU27690	Responder_Status	Responder	-0.789761283672301	0.929421918919269	0.402680500361973	0.87930796785507	sample_2022120210048
HROV.vOTU74522	Responder_Status	Responder	-0.797996924162759	0.938612577946131	0.402432417461029	0.87930796785507	sample_2022120210048
HROV.vOTU01539	Responder_Status	Responder	-0.335886780793423	0.394657695055618	0.401942936987585	0.87930796785507	sample_2022120210048
HROV.vOTU29655	Responder_Status	Responder	-0.776302654376026	0.913688755613682	0.402734128534511	0.87930796785507	sample_2022120210048
HROV.vOTU64636	Responder_Status	Responder	-0.896177827094791	1.0558211866722	0.403192886866724	0.879456056533081	sample_2022120210048
HROV.vOTU36307	Responder_Status	Responder	-1.10372188800676	1.30339492414718	0.404283428595704	0.879588292057235	sample_2022120210048
HROV.vOTU34779	Responder_Status	Responder	-0.527933768624897	0.623461835952659	0.404298455250939	0.879588292057235	sample_2022120210048
HROV.vOTU61599	Responder_Status	Responder	0.490042226038324	0.578642663758067	0.404241300324858	0.879588292057235	sample_2022120210048
HROV.vOTU66410	Responder_Status	Responder	1.11516991942819	1.3154401378105	0.403763653313652	0.879588292057235	sample_2022120210048
HROV.vOTU56306	Responder_Status	Responder	0.306667658654403	0.361621648226282	0.403610147271356	0.879588292057235	sample_2022120210048
HROV.vOTU09000	Responder_Status	Responder	-0.581709173843101	0.68660527438283	0.404053503313661	0.879588292057235	sample_2022120210048
HROV.vOTU42917	Responder_Status	Responder	-0.269323599828302	0.318070673543401	0.404318529613608	0.879588292057235	sample_2022120210048
HROV.vOTU50724	Responder_Status	Responder	0.534959721619911	0.632194306615177	0.40461800550966	0.879783391048095	sample_2022120210048
HROV.vOTU26417	Responder_Status	Responder	-0.653586779193642	0.772267175713585	0.40454836710159	0.879783391048095	sample_2022120210048
HROV.vOTU57832	Responder_Status	Responder	0.374599361182692	0.442688813560895	0.404620162817459	0.879783391048095	sample_2022120210048
HROV.vOTU23382	Responder_Status	Responder	-0.18863830516685	0.22317031041021	0.405127592252136	0.880208400912057	sample_2022120210048
HROV.vOTU53736	Responder_Status	Responder	0.309079055186875	0.365980139998688	0.405534917647081	0.880332195890844	sample_2022120210048
HROV.vOTU41573	Responder_Status	Responder	-0.979627483477208	1.16013628128624	0.405599097354627	0.880379944024032	sample_2022120210048
HROV.vOTU32961	Responder_Status	Responder	0.731706284948673	0.866681185778643	0.405678682133642	0.880443221355133	sample_2022120210048
HROV.vOTU70759	Responder_Status	Responder	0.883239932998744	1.04714181377753	0.40611022169979	0.880573540454507	sample_2022120210048
HROV.vOTU67651	Responder_Status	Responder	-0.841986747856864	1.00021808639666	0.407030781742742	0.880779755213259	sample_2022120210048
HROV.vOTU20282	Responder_Status	Responder	-0.878950147655195	1.04481010197261	0.407333386832685	0.880779755213259	sample_2022120210048
HROV.vOTU02863	Responder_Status	Responder	0.471971093877149	0.561296052855991	0.407550399663734	0.880779755213259	sample_2022120210048
HROV.vOTU01022	Responder_Status	Responder	-0.855884356858211	1.01655466228537	0.406952047523502	0.880779755213259	sample_2022120210048
HROV.vOTU23140	Responder_Status	Responder	0.329907644614982	0.392422309192801	0.407640753750854	0.88084965326368	sample_2022120210048
HROV.vOTU74372	Responder_Status	Responder	0.391516232985301	0.466007300833104	0.407941075370651	0.880869989904758	sample_2022120210048
HROV.vOTU24068	Responder_Status	Responder	-0.726912950976208	0.865814934944413	0.408260616893642	0.880873077891349	sample_2022120210048
HROV.vOTU61992	Responder_Status	Responder	0.553606961824096	0.659865578075963	0.408592400280112	0.88098704952906	sample_2022120210048
HROV.vOTU56860	Responder_Status	Responder	0.512253413270342	0.610725969816929	0.408707073001454	0.88098704952906	sample_2022120210048
HROV.vOTU70281	Responder_Status	Responder	-0.80234918332754	0.956491083438712	0.408660162934269	0.88098704952906	sample_2022120210048
HROV.vOTU43676	Responder_Status	Responder	-0.870925048239768	1.03912137483093	0.409052301825945	0.881031500663355	sample_2022120210048
HROV.vOTU27192	Responder_Status	Responder	-0.70774918266048	0.845812320142359	0.409807706482936	0.881031500663355	sample_2022120210048
HROV.vOTU12762	Responder_Status	Responder	-1.10498788463657	1.31998254317938	0.409611778596831	0.881031500663355	sample_2022120210048
HROV.vOTU47777	Responder_Status	Responder	0.999170939842279	1.19401920001421	0.409783089571425	0.881031500663355	sample_2022120210048
HROV.vOTU59666	Responder_Status	Responder	0.669697892696298	0.799156575023229	0.409124165713849	0.881031500663355	sample_2022120210048
HROV.vOTU47122	Responder_Status	Responder	-0.511455442373241	0.612331395104379	0.410642541397417	0.881031500663355	sample_2022120210048
HROV.vOTU60373	Responder_Status	Responder	-0.803338610612975	0.962002874860532	0.410747923510155	0.881031500663355	sample_2022120210048
HROV.vOTU25340	Responder_Status	Responder	-0.510932009727926	0.611911746245001	0.410798957683928	0.881031500663355	sample_2022120210048
HROV.vOTU01543	Responder_Status	Responder	-0.527732398613972	0.631103195248785	0.410118645876905	0.881031500663355	sample_2022120210048
HROV.vOTU50809	Responder_Status	Responder	0.703875080550567	0.843595585442152	0.411132088486412	0.881031500663355	sample_2022120210048
HROV.vOTU27190	Responder_Status	Responder	-0.433254488686935	0.519193107546478	0.411075838358761	0.881031500663355	sample_2022120210048
HROV.vOTU63352	Responder_Status	Responder	-0.587328441651384	0.701974042673224	0.409856046676605	0.881031500663355	sample_2022120210048
HROV.vOTU05759	Responder_Status	Responder	-0.601281337932217	0.719347063593833	0.410304044897095	0.881031500663355	sample_2022120210048
HROV.vOTU05761	Responder_Status	Responder	0.976729464400608	1.16906378356587	0.410520334548306	0.881031500663355	sample_2022120210048
HROV.vOTU71269	Responder_Status	Responder	-0.695511740037962	0.830304711294426	0.40931603470889	0.881031500663355	sample_2022120210048
HROV.vOTU10976	Responder_Status	Responder	-0.392323024159529	0.470509060172333	0.411435844353099	0.881135564048146	sample_2022120210048
HROV.vOTU16315	Responder_Status	Responder	1.34992560164298	1.61936259916288	0.411552949067641	0.881205503954209	sample_2022120210048
HROV.vOTU63750	Responder_Status	Responder	-0.785584901248677	0.942689141088652	0.411703051883153	0.881293657214834	sample_2022120210048
HROV.vOTU15709	Responder_Status	Responder	1.02231320032368	1.22680640062619	0.411720802963327	0.881293657214834	sample_2022120210048
HROV.vOTU27610	Responder_Status	Responder	-0.545911363376614	0.656291242871995	0.4125528255379	0.881770226922462	sample_2022120210048
HROV.vOTU19533	Responder_Status	Responder	1.28645072148222	1.54702185458433	0.412689769969689	0.881830193433747	sample_2022120210048
HROV.vOTU12570	Responder_Status	Responder	-0.855409971919917	1.03117377924092	0.413810064691952	0.881877318461134	sample_2022120210048
HROV.vOTU19045	Responder_Status	Responder	0.952270068959259	1.14660248994154	0.413273741457372	0.881877318461134	sample_2022120210048
HROV.vOTU14680	Responder_Status	Responder	0.759157212677958	0.916189341968113	0.414336805091891	0.881877318461134	sample_2022120210048
HROV.vOTU09633	Responder_Status	Responder	0.344620849285216	0.415286586039945	0.41364944720713	0.881877318461134	sample_2022120210048
HROV.vOTU10158	Responder_Status	Responder	-0.329227873709337	0.396446588650821	0.413311295745917	0.881877318461134	sample_2022120210048
HROV.vOTU20022	Responder_Status	Responder	-0.53698442453695	0.649760846634539	0.415545091305164	0.882492064919038	sample_2022120210048
HROV.vOTU31921	Responder_Status	Responder	0.851972207094371	1.03074419558284	0.415474660468056	0.882492064919038	sample_2022120210048
HROV.vOTU73302	Responder_Status	Responder	0.906449830646541	1.0963225298095	0.415335756249455	0.882492064919038	sample_2022120210048
HROV.vOTU73961	Responder_Status	Responder	0.651689352726456	0.788292144004165	0.415390942373492	0.882492064919038	sample_2022120210048
HROV.vOTU39417	Responder_Status	Responder	0.70070820532981	0.84824843163622	0.415750928993711	0.882601560455429	sample_2022120210048
HROV.vOTU29576	Responder_Status	Responder	-0.218640877072467	0.265337085149363	0.416897004095341	0.882809321949227	sample_2022120210048
HROV.vOTU53268	Responder_Status	Responder	0.404162022322935	0.490389596192798	0.416811299491513	0.882809321949227	sample_2022120210048
HROV.vOTU30770	Responder_Status	Responder	0.532503874182626	0.646314806263149	0.416955030496096	0.882809321949227	sample_2022120210048
HROV.vOTU29003	Responder_Status	Responder	0.305163209037499	0.370355283674711	0.416917970310397	0.882809321949227	sample_2022120210048
HROV.vOTU50037	Responder_Status	Responder	-0.632339707428981	0.76613216958308	0.416140624153922	0.882809321949227	sample_2022120210048
HROV.vOTU23394	Responder_Status	Responder	0.293566170369486	0.356300499558722	0.416943466239458	0.882809321949227	sample_2022120210048
HROV.vOTU38064	Responder_Status	Responder	0.782962450822816	0.950640656992979	0.417118385909994	0.88283568002688	sample_2022120210048
HROV.vOTU04217	Responder_Status	Responder	-0.731773348596901	0.888797325460602	0.417278104108893	0.882898197241696	sample_2022120210048
HROV.vOTU18501	Responder_Status	Responder	0.318156183782384	0.386531165611759	0.417403148969922	0.882951927731835	sample_2022120210048
HROV.vOTU05574	Responder_Status	Responder	-0.565420446741588	0.687580199334549	0.41783512334157	0.883407762612712	sample_2022120210048
HROV.vOTU16998	Responder_Status	Responder	-0.438621353426812	0.533429815487664	0.417872903908128	0.883407762612712	sample_2022120210048
HROV.vOTU71437	Responder_Status	Responder	-0.876292747655076	1.0679870120319	0.418856952205172	0.883597768474483	sample_2022120210048
HROV.vOTU63778	Responder_Status	Responder	-0.928117226078159	1.13226617565883	0.41931097366259	0.883597768474483	sample_2022120210048
HROV.vOTU03657	Responder_Status	Responder	1.07057051835668	1.30559401919495	0.419149228319609	0.883597768474483	sample_2022120210048
HROV.vOTU56750	Responder_Status	Responder	0.798649442851711	0.973961846128057	0.419141691085382	0.883597768474483	sample_2022120210048
HROV.vOTU20326	Responder_Status	Responder	0.546698093054211	0.66677069997229	0.419187410771747	0.883597768474483	sample_2022120210048
HROV.vOTU57817	Responder_Status	Responder	0.997166901930499	1.21526978664505	0.418844346213588	0.883597768474483	sample_2022120210048
HROV.vOTU08586	Responder_Status	Responder	0.575872320753019	0.701995097026105	0.418953411183927	0.883597768474483	sample_2022120210048
HROV.vOTU51876	Responder_Status	Responder	-0.391546631099639	0.477798320574175	0.419433123511996	0.883663364394847	sample_2022120210048
HROV.vOTU73653	Responder_Status	Responder	0.793971642379481	0.970608505636558	0.420256138183556	0.883943046960672	sample_2022120210048
HROV.vOTU26589	Responder_Status	Responder	0.922342663345001	1.13021534803254	0.421344826788935	0.883943046960672	sample_2022120210048
HROV.vOTU07848	Responder_Status	Responder	-0.862900370894598	1.05717559678305	0.421257715040798	0.883943046960672	sample_2022120210048
HROV.vOTU35245	Responder_Status	Responder	-0.491899038460387	0.602552815542843	0.421186558878254	0.883943046960672	sample_2022120210048
HROV.vOTU02754	Responder_Status	Responder	-0.326806925913989	0.399395705496975	0.420121857726243	0.883943046960672	sample_2022120210048
HROV.vOTU17514	Responder_Status	Responder	-0.633619959994454	0.775375075661372	0.420725508965552	0.883943046960672	sample_2022120210048
HROV.vOTU23984	Responder_Status	Responder	0.699264073979604	0.855143470515561	0.420423932209496	0.883943046960672	sample_2022120210048
HROV.vOTU68414	Responder_Status	Responder	0.522394808086853	0.639739996234904	0.421065544569704	0.883943046960672	sample_2022120210048
HROV.vOTU33140	Responder_Status	Responder	-0.729834398606136	0.894894626657242	0.421639286083524	0.8841165377839	sample_2022120210048
HROV.vOTU23130	Responder_Status	Responder	0.239817907894759	0.294053731478183	0.421636658639229	0.8841165377839	sample_2022120210048
HROV.vOTU01261	Responder_Status	Responder	-0.40448792152492	0.496215545019609	0.421868788884199	0.884349992293761	sample_2022120210048
HROV.vOTU27937	Responder_Status	Responder	-1.11671712469771	1.3701494559321	0.421932126783308	0.884375161792472	sample_2022120210048
HROV.vOTU23954	Responder_Status	Responder	-1.04262823771201	1.27968768892876	0.42209029577337	0.884426323095195	sample_2022120210048
HROV.vOTU02961	Responder_Status	Responder	-0.687928972053586	0.844511219922687	0.422182515680414	0.884443374853894	sample_2022120210048
HROV.vOTU04672	Responder_Status	Responder	-0.230537792787241	0.283171261246004	0.422441479802857	0.88464315507582	sample_2022120210048
HROV.vOTU50690	Responder_Status	Responder	0.650890760343087	0.799626239963759	0.422517385826571	0.884706100300536	sample_2022120210048
HROV.vOTU70497	Responder_Status	Responder	-0.617991843051441	0.763450386180971	0.425069376571851	0.884741062955353	sample_2022120210048
HROV.vOTU32676	Responder_Status	Responder	0.638319538575733	0.785976351908367	0.423564866503497	0.884741062955353	sample_2022120210048
HROV.vOTU56168	Responder_Status	Responder	-0.704892381301936	0.869042121836395	0.424141531313175	0.884741062955353	sample_2022120210048
HROV.vOTU05381	Responder_Status	Responder	0.783313487246541	0.964701590334652	0.42365565288675	0.884741062955353	sample_2022120210048
HROV.vOTU47873	Responder_Status	Responder	0.623341645404561	0.767421610707127	0.423497909344979	0.884741062955353	sample_2022120210048
HROV.vOTU42023	Responder_Status	Responder	-0.805997427680926	0.995620139455749	0.425029264282989	0.884741062955353	sample_2022120210048
HROV.vOTU55544	Responder_Status	Responder	-0.507168591277075	0.625961224902685	0.424644581473122	0.884741062955353	sample_2022120210048
HROV.vOTU38942	Responder_Status	Responder	0.535093010293027	0.658533704343249	0.423329970715203	0.884741062955353	sample_2022120210048
HROV.vOTU49969	Responder_Status	Responder	0.489516672028568	0.603526929996313	0.424153296487416	0.884741062955353	sample_2022120210048
HROV.vOTU63882	Responder_Status	Responder	0.133305458827779	0.164007778046819	0.423190437220665	0.884741062955353	sample_2022120210048
HROV.vOTU33245	Responder_Status	Responder	-1.25852647915431	1.55599274670327	0.425435183244303	0.884962850025775	sample_2022120210048
HROV.vOTU46129	Responder_Status	Responder	-0.697942752343888	0.862731140576214	0.425340838296769	0.884962850025775	sample_2022120210048
HROV.vOTU56542	Responder_Status	Responder	0.882394683902931	1.09111807011125	0.425502251003558	0.884972634092804	sample_2022120210048
HROV.vOTU28506	Responder_Status	Responder	-0.500853030057267	0.619356176822133	0.425524694926751	0.884972634092804	sample_2022120210048
HROV.vOTU08073	Responder_Status	Responder	0.676825884846742	0.838622762952901	0.42642996138068	0.885294592470141	sample_2022120210048
HROV.vOTU02550	Responder_Status	Responder	0.872611104432617	1.0810141861758	0.426346751785017	0.885294592470141	sample_2022120210048
HROV.vOTU12710	Responder_Status	Responder	0.702615451015993	0.87000513256336	0.426129261712379	0.885294592470141	sample_2022120210048
HROV.vOTU48553	Responder_Status	Responder	-0.319036523093131	0.395251358617398	0.426370242401807	0.885294592470141	sample_2022120210048
HROV.vOTU38231	Responder_Status	Responder	-0.259089859383631	0.320822587765864	0.426140217661972	0.885294592470141	sample_2022120210048
HROV.vOTU65332	Responder_Status	Responder	0.803346906246698	0.995417444689716	0.426443054053777	0.885294592470141	sample_2022120210048
HROV.vOTU69656	Responder_Status	Responder	-0.881976464481049	1.10125385526279	0.42994269736172	0.885467106379612	sample_2022120210048
HROV.vOTU12354	Responder_Status	Responder	-0.989881800097077	1.23432506702001	0.429329061336482	0.885467106379612	sample_2022120210048
HROV.vOTU10034	Responder_Status	Responder	-0.605276730433077	0.754893450271871	0.429418850207041	0.885467106379612	sample_2022120210048
HROV.vOTU70315	Responder_Status	Responder	0.804679117790633	1.00308049898718	0.429189167249674	0.885467106379612	sample_2022120210048
HROV.vOTU68402	Responder_Status	Responder	0.837471847068739	1.0412912006535	0.428021263811032	0.885467106379612	sample_2022120210048
HROV.vOTU56218	Responder_Status	Responder	-0.789309769628327	0.980769050386432	0.427723931184475	0.885467106379612	sample_2022120210048
HROV.vOTU74783	Responder_Status	Responder	-0.460065550469358	0.572489962166011	0.428385260939871	0.885467106379612	sample_2022120210048
HROV.vOTU49510	Responder_Status	Responder	-0.780203190504441	0.968497845637745	0.427273308352765	0.885467106379612	sample_2022120210048
HROV.vOTU42808	Responder_Status	Responder	0.393563768907669	0.489506292133551	0.428169728352353	0.885467106379612	sample_2022120210048
HROV.vOTU20675	Responder_Status	Responder	0.751495226050166	0.939171301974541	0.430350211279604	0.885478547708306	sample_2022120210048
HROV.vOTU01835	Responder_Status	Responder	-0.516167851939219	0.645617256379706	0.430733930959968	0.885576275070537	sample_2022120210048
HROV.vOTU57134	Responder_Status	Responder	-0.461330693784861	0.578260824172358	0.431706643530058	0.885576275070537	sample_2022120210048
HROV.vOTU30514	Responder_Status	Responder	-0.590828889489496	0.739380165330879	0.430966774780184	0.885576275070537	sample_2022120210048
HROV.vOTU34386	Responder_Status	Responder	-0.762826390409817	0.954092739284809	0.430713680804591	0.885576275070537	sample_2022120210048
HROV.vOTU37715	Responder_Status	Responder	-0.77513711810563	0.969683258319438	0.430804436215859	0.885576275070537	sample_2022120210048
HROV.vOTU04551	Responder_Status	Responder	0.978171294692479	1.22563191343776	0.431532270526173	0.885576275070537	sample_2022120210048
HROV.vOTU56260	Responder_Status	Responder	1.06306258232286	1.32977016463941	0.430769165113899	0.885576275070537	sample_2022120210048
HROV.vOTU38489	Responder_Status	Responder	-0.307192297393581	0.385743617805259	0.432521185294741	0.885937663481845	sample_2022120210048
HROV.vOTU29269	Responder_Status	Responder	0.469990000161836	0.589942981942488	0.432346155612309	0.885937663481845	sample_2022120210048
HROV.vOTU04830	Responder_Status	Responder	0.567212040938089	0.711815537150022	0.432241968987179	0.885937663481845	sample_2022120210048
HROV.vOTU36922	Responder_Status	Responder	-0.9117866918545	1.14850298683862	0.433935632033385	0.885996524977605	sample_2022120210048
HROV.vOTU15004	Responder_Status	Responder	-1.08698823779653	1.36587834412187	0.432834225573409	0.885996524977605	sample_2022120210048
HROV.vOTU60532	Responder_Status	Responder	0.803132465031924	1.01146185854372	0.43385549570111	0.885996524977605	sample_2022120210048
HROV.vOTU49506	Responder_Status	Responder	-0.449878360190848	0.567067461011965	0.434250411951964	0.885996524977605	sample_2022120210048
HROV.vOTU44691	Responder_Status	Responder	1.26630496200923	1.59136028542287	0.432879310053138	0.885996524977605	sample_2022120210048
HROV.vOTU21643	Responder_Status	Responder	-0.269137188570987	0.339221993547861	0.434219712904149	0.885996524977605	sample_2022120210048
HROV.vOTU59791	Responder_Status	Responder	0.217323754605122	0.273079694418536	0.432829022537535	0.885996524977605	sample_2022120210048
HROV.vOTU33026	Responder_Status	Responder	0.494972693881022	0.622552782944454	0.433261372758676	0.885996524977605	sample_2022120210048
HROV.vOTU13246	Responder_Status	Responder	-0.684776857328284	0.861768614371896	0.433519688897527	0.885996524977605	sample_2022120210048
HROV.vOTU41035	Responder_Status	Responder	-0.26330557921372	0.332116482756968	0.434554649930192	0.886230728481264	sample_2022120210048
HROV.vOTU73104	Responder_Status	Responder	-0.684547249786475	0.863515730898458	0.434592791882422	0.886230728481264	sample_2022120210048
HROV.vOTU62404	Responder_Status	Responder	0.205909228037998	0.259969891057856	0.434990741753758	0.886461945161696	sample_2022120210048
HROV.vOTU05701	Responder_Status	Responder	-0.558069952550252	0.704920842645613	0.435204582328673	0.886567210761607	sample_2022120210048
HROV.vOTU71984	Responder_Status	Responder	1.12867328241409	1.42665047615464	0.435515785917371	0.886686165859219	sample_2022120210048
HROV.vOTU46349	Responder_Status	Responder	-1.05990182789463	1.34151686838917	0.436123222044328	0.887300356706411	sample_2022120210048
HROV.vOTU75566	Responder_Status	Responder	-0.528884564640843	0.671296268085383	0.437400386669648	0.887300356706411	sample_2022120210048
HROV.vOTU54265	Responder_Status	Responder	0.779267373796271	0.988124396930587	0.436953304019496	0.887300356706411	sample_2022120210048
HROV.vOTU00478	Responder_Status	Responder	0.996357075437029	1.26206540722421	0.43647465304057	0.887300356706411	sample_2022120210048
HROV.vOTU12520	Responder_Status	Responder	0.481112043140862	0.610454684480024	0.437247827005125	0.887300356706411	sample_2022120210048
HROV.vOTU37079	Responder_Status	Responder	0.462672807028153	0.587059322917486	0.437248674389798	0.887300356706411	sample_2022120210048
HROV.vOTU32612	Responder_Status	Responder	0.227868447596402	0.288961456425375	0.436985253144927	0.887300356706411	sample_2022120210048
HROV.vOTU18413	Responder_Status	Responder	-0.389358121700462	0.493089749678598	0.436380506767237	0.887300356706411	sample_2022120210048
HROV.vOTU38840	Responder_Status	Responder	-0.282038149882405	0.357123000093751	0.436310744823672	0.887300356706411	sample_2022120210048
HROV.vOTU35482	Responder_Status	Responder	-1.09606646924302	1.3914419564199	0.437478531100122	0.887313577803302	sample_2022120210048
HROV.vOTU34131	Responder_Status	Responder	-0.560560131532647	0.713070378032145	0.438398810992863	0.887428049022411	sample_2022120210048
HROV.vOTU02440	Responder_Status	Responder	1.10671921854991	1.40761997065336	0.438333911261323	0.887428049022411	sample_2022120210048
HROV.vOTU63000	Responder_Status	Responder	0.538436647243944	0.683994063022141	0.437780696127323	0.887428049022411	sample_2022120210048
HROV.vOTU36813	Responder_Status	Responder	0.928239215367915	1.17942458370095	0.437877265739139	0.887428049022411	sample_2022120210048
HROV.vOTU65849	Responder_Status	Responder	-0.48658851880361	0.618522266828605	0.438068432872901	0.887428049022411	sample_2022120210048
HROV.vOTU63670	Responder_Status	Responder	-0.590232964590467	0.751288090044308	0.4386833699304	0.88765100310088	sample_2022120210048
HROV.vOTU53162	Responder_Status	Responder	0.710096954483626	0.904334448683112	0.438921497651572	0.887711178989079	sample_2022120210048
HROV.vOTU72891	Responder_Status	Responder	-0.391535208162661	0.499793135301954	0.439971993299606	0.888716173070342	sample_2022120210048
HROV.vOTU51319	Responder_Status	Responder	-0.481186527207314	0.616028149413799	0.441291706160949	0.888936947030016	sample_2022120210048
HROV.vOTU66995	Responder_Status	Responder	-0.601308259286179	0.769298911213281	0.440990805489944	0.888936947030016	sample_2022120210048
HROV.vOTU14934	Responder_Status	Responder	-1.15763394075424	1.48144955698973	0.441113264950853	0.888936947030016	sample_2022120210048
HROV.vOTU46996	Responder_Status	Responder	0.911997562015808	1.16793234641963	0.441434153821559	0.888936947030016	sample_2022120210048
HROV.vOTU28292	Responder_Status	Responder	0.749379169697167	0.958117609978608	0.440698580454547	0.888936947030016	sample_2022120210048
HROV.vOTU41535	Responder_Status	Responder	0.600671580071089	0.768822570419083	0.441189671133	0.888936947030016	sample_2022120210048
HROV.vOTU45180	Responder_Status	Responder	0.359568810854273	0.460144710768889	0.441109938419402	0.888936947030016	sample_2022120210048
HROV.vOTU67358	Responder_Status	Responder	0.377535667226126	0.482892814557177	0.440881318863958	0.888936947030016	sample_2022120210048
HROV.vOTU47048	Responder_Status	Responder	0.307997569049501	0.394305574688754	0.441290176310918	0.888936947030016	sample_2022120210048
HROV.vOTU50000	Responder_Status	Responder	-0.869001043007823	1.11328184182808	0.441601454643352	0.888936947030016	sample_2022120210048
HROV.vOTU04657	Responder_Status	Responder	0.512075156491964	0.656679263935152	0.442053628853405	0.88930133597239	sample_2022120210048
HROV.vOTU35570	Responder_Status	Responder	-1.12118942068965	1.43959899974633	0.442618070427012	0.889326959642991	sample_2022120210048
HROV.vOTU07508	Responder_Status	Responder	0.227032054891071	0.291490463987068	0.442591698536183	0.889326959642991	sample_2022120210048
HROV.vOTU07931	Responder_Status	Responder	0.729780201879778	0.937249532425207	0.442722633451581	0.889361382417013	sample_2022120210048
HROV.vOTU75519	Responder_Status	Responder	1.07779740688146	1.3858382097135	0.443254855926941	0.889563561127082	sample_2022120210048
HROV.vOTU69180	Responder_Status	Responder	0.280268222671536	0.360454206529923	0.443359602557602	0.889563561127082	sample_2022120210048
HROV.vOTU02658	Responder_Status	Responder	0.542565031889379	0.699538587032348	0.444484605443255	0.890729792838063	sample_2022120210048
HROV.vOTU19384	Responder_Status	Responder	0.520613827954585	0.671631676018789	0.444749799292963	0.890832084436254	sample_2022120210048
HROV.vOTU66429	Responder_Status	Responder	0.295202231200301	0.381061446702297	0.445019401305602	0.890978022376048	sample_2022120210048
HROV.vOTU38298	Responder_Status	Responder	-0.752293497223565	0.972100708080785	0.445484564414452	0.891054519774737	sample_2022120210048
HROV.vOTU56474	Responder_Status	Responder	0.424325603607923	0.54803383207521	0.445260787725764	0.891054519774737	sample_2022120210048
HROV.vOTU72056	Responder_Status	Responder	-0.253056514525995	0.326791133518871	0.445203349101609	0.891054519774737	sample_2022120210048
HROV.vOTU30964	Responder_Status	Responder	-0.303064777790941	0.392532571288692	0.446537728523411	0.891083051421514	sample_2022120210048
HROV.vOTU73002	Responder_Status	Responder	-0.825988848455289	1.07018951962734	0.44668923300745	0.891083051421514	sample_2022120210048
HROV.vOTU28920	Responder_Status	Responder	0.533943309305548	0.692269522357653	0.44699321827177	0.891083051421514	sample_2022120210048
HROV.vOTU03587	Responder_Status	Responder	-0.730057789279331	0.944441822719977	0.445996634401388	0.891083051421514	sample_2022120210048
HROV.vOTU14106	Responder_Status	Responder	-0.6899717982886	0.89350779363993	0.446461875008374	0.891083051421514	sample_2022120210048
HROV.vOTU10315	Responder_Status	Responder	0.241945142442947	0.313414220240972	0.446601487918739	0.891083051421514	sample_2022120210048
HROV.vOTU04210	Responder_Status	Responder	0.387362542098838	0.501375748548357	0.446232607157179	0.891083051421514	sample_2022120210048
HROV.vOTU56590	Responder_Status	Responder	0.290643365137099	0.376098111977059	0.446123852692021	0.891083051421514	sample_2022120210048
HROV.vOTU21175	Responder_Status	Responder	-0.677222996457739	0.878333021088305	0.44714587772397	0.891234287031368	sample_2022120210048
HROV.vOTU50156	Responder_Status	Responder	0.537036769312079	0.697329148926977	0.44766989134915	0.89175056146385	sample_2022120210048
HROV.vOTU62209	Responder_Status	Responder	-0.862239460299786	1.11981360412537	0.44775685794096	0.891825795255224	sample_2022120210048
HROV.vOTU15527	Responder_Status	Responder	0.373561913563978	0.485509629668808	0.448085235671085	0.892067048407474	sample_2022120210048
HROV.vOTU02203	Responder_Status	Responder	-0.586804568688154	0.765272245268466	0.449622554823942	0.89216915111552	sample_2022120210048
HROV.vOTU16260	Responder_Status	Responder	-0.448328450170836	0.583276378059435	0.448543206461321	0.89216915111552	sample_2022120210048
HROV.vOTU72571	Responder_Status	Responder	-0.67649818608271	0.881723450848248	0.449357336825678	0.89216915111552	sample_2022120210048
HROV.vOTU40394	Responder_Status	Responder	-0.782057041115593	1.02038871567319	0.449834026484844	0.892229246601283	sample_2022120210048
HROV.vOTU30551	Responder_Status	Responder	0.47848449048016	0.625181519680174	0.450464926086297	0.892801805073221	sample_2022120210048
HROV.vOTU24427	Responder_Status	Responder	-0.548804415087065	0.717306590183051	0.450618668045058	0.89300096583237	sample_2022120210048
HROV.vOTU12384	Responder_Status	Responder	-0.410892355451907	0.537694593857223	0.451155597996159	0.893511559090588	sample_2022120210048
HROV.vOTU62071	Responder_Status	Responder	-0.325166898786496	0.425441512394157	0.451079185044291	0.893511559090588	sample_2022120210048
HROV.vOTU41636	Responder_Status	Responder	-0.607619555657139	0.79540015980372	0.451306525720145	0.893705967528175	sample_2022120210048
HROV.vOTU09951	Responder_Status	Responder	0.687743594915143	0.900491429058168	0.451408730800841	0.893713302734255	sample_2022120210048
HROV.vOTU05205	Responder_Status	Responder	-0.465620330431219	0.610802369981556	0.452249695167392	0.894233307867165	sample_2022120210048
HROV.vOTU41694	Responder_Status	Responder	-0.744360925827356	0.976324108130744	0.452189580777365	0.894233307867165	sample_2022120210048
HROV.vOTU17126	Responder_Status	Responder	-0.370037206826622	0.485233692106133	0.45208147719925	0.894233307867165	sample_2022120210048
HROV.vOTU40887	Responder_Status	Responder	-0.358913566883539	0.471129531290934	0.452539925087104	0.894306641587474	sample_2022120210048
HROV.vOTU27418	Responder_Status	Responder	-0.235339696464348	0.30904264993233	0.452717912630712	0.894306641587474	sample_2022120210048
HROV.vOTU47236	Responder_Status	Responder	-0.511892538028818	0.672259199277348	0.452753681214429	0.894306641587474	sample_2022120210048
HROV.vOTU53502	Responder_Status	Responder	-0.70291313912474	0.922712618096905	0.452554704441997	0.894306641587474	sample_2022120210048
HROV.vOTU14008	Responder_Status	Responder	0.299654857807342	0.393247532569943	0.452430952475329	0.894306641587474	sample_2022120210048
HROV.vOTU72030	Responder_Status	Responder	-0.660046720304031	0.869013338447547	0.453879759908867	0.895170843851558	sample_2022120210048
HROV.vOTU71255	Responder_Status	Responder	-0.421711830261153	0.555334524037819	0.453969403817257	0.895170843851558	sample_2022120210048
HROV.vOTU18560	Responder_Status	Responder	-0.411071789645972	0.541584202531195	0.454184855418633	0.895243476821578	sample_2022120210048
HROV.vOTU69332	Responder_Status	Responder	0.72726502117065	0.958460081555354	0.454321676381543	0.895339068224946	sample_2022120210048
HROV.vOTU50443	Responder_Status	Responder	0.291285917949822	0.384433787403409	0.454959934907055	0.895840536042101	sample_2022120210048
HROV.vOTU49611	Responder_Status	Responder	-0.560433866979425	0.739792142511535	0.455045539210669	0.895904280187951	sample_2022120210048
HROV.vOTU65851	Responder_Status	Responder	0.629103817803697	0.830864112360719	0.45527404407714	0.895921915664867	sample_2022120210048
HROV.vOTU31632	Responder_Status	Responder	-0.747283828500887	0.987483984198665	0.455517355146918	0.896177149501902	sample_2022120210048
HROV.vOTU61421	Responder_Status	Responder	0.695066575365416	0.919891879377663	0.45620128099914	0.896424134681485	sample_2022120210048
HROV.vOTU25173	Responder_Status	Responder	0.402501949707115	0.532538614710418	0.456070606038219	0.896424134681485	sample_2022120210048
HROV.vOTU57768	Responder_Status	Responder	-0.367175424219082	0.485859940328681	0.456126436351588	0.896424134681485	sample_2022120210048
HROV.vOTU02633	Responder_Status	Responder	-0.753098137003802	0.998154580378894	0.456853928357079	0.896748089358148	sample_2022120210048
HROV.vOTU43577	Responder_Status	Responder	-0.92426638645264	1.22745403001339	0.45773789795022	0.897072886460119	sample_2022120210048
HROV.vOTU42910	Responder_Status	Responder	0.600861592505858	0.797653596611586	0.457565444960514	0.897072886460119	sample_2022120210048
HROV.vOTU71149	Responder_Status	Responder	-0.900968716349859	1.20735493127694	0.461746195066751	0.897094435138783	sample_2022120210048
HROV.vOTU61101	Responder_Status	Responder	-1.38183179468098	1.8498585034159	0.461294774020103	0.897094435138783	sample_2022120210048
HROV.vOTU39116	Responder_Status	Responder	-0.634194065897394	0.850143618664767	0.461894143075085	0.897094435138783	sample_2022120210048
HROV.vOTU45238	Responder_Status	Responder	0.919126763290813	1.22478677535228	0.459251078678392	0.897094435138783	sample_2022120210048
HROV.vOTU10215	Responder_Status	Responder	-0.987950779738196	1.31525721017076	0.458831569199963	0.897094435138783	sample_2022120210048
HROV.vOTU04464	Responder_Status	Responder	-0.702757846046035	0.93870973637857	0.460315790442966	0.897094435138783	sample_2022120210048
HROV.vOTU05189	Responder_Status	Responder	-0.29882522441533	0.397749995118182	0.458747118905893	0.897094435138783	sample_2022120210048
HROV.vOTU68801	Responder_Status	Responder	0.771437713251349	1.03228437504627	0.461105899069925	0.897094435138783	sample_2022120210048
HROV.vOTU43749	Responder_Status	Responder	-0.285917816311938	0.382722745308565	0.461253624066385	0.897094435138783	sample_2022120210048
HROV.vOTU08060	Responder_Status	Responder	0.937343319493375	1.25348144166384	0.46082047198843	0.897094435138783	sample_2022120210048
HROV.vOTU58430	Responder_Status	Responder	0.320149194503559	0.427886914397556	0.460572427805352	0.897094435138783	sample_2022120210048
HROV.vOTU07581	Responder_Status	Responder	-0.668642090037381	0.888991788086743	0.458246252722091	0.897094435138783	sample_2022120210048
HROV.vOTU22903	Responder_Status	Responder	-0.42884718514554	0.573945472024442	0.461177004240068	0.897094435138783	sample_2022120210048
HROV.vOTU33539	Responder_Status	Responder	-0.660872169166273	0.886262924553133	0.462072817742165	0.897094435138783	sample_2022120210048
HROV.vOTU44418	Responder_Status	Responder	-0.591935276118496	0.791591719642436	0.4608284455198	0.897094435138783	sample_2022120210048
HROV.vOTU60429	Responder_Status	Responder	-0.356288883614393	0.477569644810115	0.461857705428181	0.897094435138783	sample_2022120210048
HROV.vOTU19163	Responder_Status	Responder	0.289356617472964	0.388138425396749	0.462183178455882	0.897094435138783	sample_2022120210048
HROV.vOTU60677	Responder_Status	Responder	-0.388051442100579	0.516603322290048	0.458823898326249	0.897094435138783	sample_2022120210048
HROV.vOTU35161	Responder_Status	Responder	0.364719334778428	0.488367931367441	0.461402072224332	0.897094435138783	sample_2022120210048
HROV.vOTU12508	Responder_Status	Responder	0.569996517963365	0.763421120565592	0.461507923783666	0.897094435138783	sample_2022120210048
HROV.vOTU70727	Responder_Status	Responder	-0.62850096842078	0.84497125800695	0.463185925739273	0.897172558878043	sample_2022120210048
HROV.vOTU58024	Responder_Status	Responder	-0.429151721792616	0.577286104802962	0.46343499792788	0.897172558878043	sample_2022120210048
HROV.vOTU32626	Responder_Status	Responder	-0.714290276227058	0.959736900891185	0.46292223507914	0.897172558878043	sample_2022120210048
HROV.vOTU28448	Responder_Status	Responder	0.957627663164	1.29014517409478	0.464109379609386	0.897300595228319	sample_2022120210048
HROV.vOTU56971	Responder_Status	Responder	0.984045718591632	1.32541166530555	0.464000977030056	0.897300595228319	sample_2022120210048
HROV.vOTU57988	Responder_Status	Responder	-0.729059542595097	0.982315501180515	0.464156349051446	0.897300595228319	sample_2022120210048
HROV.vOTU22134	Responder_Status	Responder	-0.728697494227229	0.982127990074453	0.464291656694221	0.897362473151005	sample_2022120210048
HROV.vOTU58184	Responder_Status	Responder	0.250990417872991	0.338350626860851	0.464382349908649	0.897375892832733	sample_2022120210048
HROV.vOTU60923	Responder_Status	Responder	-0.123240833973983	0.16643118252587	0.465166608941836	0.897758758443615	sample_2022120210048
HROV.vOTU33246	Responder_Status	Responder	0.530702745350404	0.716687439958171	0.465164969035424	0.897758758443615	sample_2022120210048
HROV.vOTU36109	Responder_Status	Responder	-0.522959823379844	0.706728313149948	0.465476074460977	0.897909758203216	sample_2022120210048
HROV.vOTU01832	Responder_Status	Responder	0.233213265752285	0.315489870479182	0.465931815640478	0.897918672010867	sample_2022120210048
HROV.vOTU45376	Responder_Status	Responder	0.476020192439001	0.644268479466524	0.466144698716635	0.897918672010867	sample_2022120210048
HROV.vOTU14834	Responder_Status	Responder	-0.361835137430262	0.4900721517312	0.466457603168982	0.897957555893238	sample_2022120210048
HROV.vOTU43810	Responder_Status	Responder	1.15895738903082	1.56997434262347	0.466534650926178	0.897957555893238	sample_2022120210048
HROV.vOTU08786	Responder_Status	Responder	-0.732562994108298	0.992442586371568	0.466570559694451	0.897957555893238	sample_2022120210048
HROV.vOTU21114	Responder_Status	Responder	0.375923487584748	0.509481167642583	0.466741559909609	0.897957555893238	sample_2022120210048
HROV.vOTU71676	Responder_Status	Responder	0.365086621959622	0.495203795146251	0.467106687071278	0.898232429667149	sample_2022120210048
HROV.vOTU16611	Responder_Status	Responder	-0.610352312924933	0.828201299448173	0.467276587914946	0.898278540931	sample_2022120210048
HROV.vOTU16313	Responder_Status	Responder	-0.691387007375644	0.938525692870459	0.467448867812263	0.898347995077402	sample_2022120210048
HROV.vOTU14404	Responder_Status	Responder	-0.220001446098083	0.298999279197256	0.467976422029407	0.898695692875493	sample_2022120210048
HROV.vOTU27295	Responder_Status	Responder	-0.537646110030518	0.730620831903767	0.467926625331008	0.898695692875493	sample_2022120210048
HROV.vOTU60699	Responder_Status	Responder	-0.481929966911831	0.656202715336672	0.468797648589715	0.899412293258628	sample_2022120210048
HROV.vOTU42274	Responder_Status	Responder	0.151213834800835	0.206013837680264	0.469051919740509	0.899580510543658	sample_2022120210048
HROV.vOTU19339	Responder_Status	Responder	0.688459786624924	0.938270970627006	0.469198746169579	0.899666351360569	sample_2022120210048
HROV.vOTU49134	Responder_Status	Responder	0.923268676303763	1.25902269776078	0.469457961545638	0.899686653577362	sample_2022120210048
HROV.vOTU17724	Responder_Status	Responder	-0.727255473167299	0.992221185182864	0.46967686859456	0.899693125442021	sample_2022120210048
HROV.vOTU50822	Responder_Status	Responder	0.702264709861256	0.958219289356021	0.469719994960051	0.899693125442021	sample_2022120210048
HROV.vOTU40564	Responder_Status	Responder	0.825428428063061	1.12733828971558	0.470136064737022	0.900015940483025	sample_2022120210048
HROV.vOTU65229	Responder_Status	Responder	0.78320360505951	1.0696965397584	0.470147282374027	0.900015940483025	sample_2022120210048
HROV.vOTU04013	Responder_Status	Responder	-0.269738883627627	0.368646969717211	0.470432002265489	0.90016901214943	sample_2022120210048
HROV.vOTU70738	Responder_Status	Responder	-0.544077777491453	0.744108959215455	0.470744200154099	0.900463522530544	sample_2022120210048
HROV.vOTU19387	Responder_Status	Responder	0.877599626183041	1.20055262302917	0.470854734694221	0.900463522530544	sample_2022120210048
HROV.vOTU66557	Responder_Status	Responder	0.413334068289107	0.566004629578942	0.471293819625793	0.900463522530544	sample_2022120210048
HROV.vOTU11158	Responder_Status	Responder	0.21539195434942	0.29512813006947	0.471559138758409	0.900541399914975	sample_2022120210048
HROV.vOTU40101	Responder_Status	Responder	0.272469528575615	0.373491752678984	0.471743102473077	0.900562859368681	sample_2022120210048
HROV.vOTU36113	Responder_Status	Responder	0.595947045636309	0.817966165249993	0.472313728753341	0.90113205796171	sample_2022120210048
HROV.vOTU60746	Responder_Status	Responder	-0.499882829541682	0.686447688850945	0.472527460932674	0.901183232172614	sample_2022120210048
HROV.vOTU37178	Responder_Status	Responder	-0.856055076524358	1.1759712976449	0.472684817520804	0.90123626362682	sample_2022120210048
HROV.vOTU67176	Responder_Status	Responder	-0.753652408565551	1.03560801159318	0.472815395575576	0.90140287801793	sample_2022120210048
HROV.vOTU18260	Responder_Status	Responder	-0.244782536335289	0.341640190971691	0.479621464756494	0.901912000332631	sample_2022120210048
HROV.vOTU59792	Responder_Status	Responder	-1.20264953812631	1.67133888704564	0.477751820209874	0.901912000332631	sample_2022120210048
HROV.vOTU07124	Responder_Status	Responder	-0.779838854999474	1.081610079031	0.476887942454126	0.901912000332631	sample_2022120210048
HROV.vOTU63059	Responder_Status	Responder	0.777473129651614	1.07942755022756	0.477332512290347	0.901912000332631	sample_2022120210048
HROV.vOTU44212	Responder_Status	Responder	-0.510433617381146	0.704306034881892	0.474629198856353	0.901912000332631	sample_2022120210048
HROV.vOTU37291	Responder_Status	Responder	-0.732158627062753	1.01847914200061	0.478175161488456	0.901912000332631	sample_2022120210048
HROV.vOTU36749	Responder_Status	Responder	-0.825894946562093	1.14804658236169	0.477861581549062	0.901912000332631	sample_2022120210048
HROV.vOTU65540	Responder_Status	Responder	0.774580044219575	1.06727517435064	0.47401211566204	0.901912000332631	sample_2022120210048
HROV.vOTU62981	Responder_Status	Responder	-0.404875129860219	0.564377997161734	0.47908040923032	0.901912000332631	sample_2022120210048
HROV.vOTU33222	Responder_Status	Responder	-0.753471874401515	1.05007817710647	0.478985726918637	0.901912000332631	sample_2022120210048
HROV.vOTU05391	Responder_Status	Responder	0.592514362607218	0.819828800996715	0.475840079816971	0.901912000332631	sample_2022120210048
HROV.vOTU62616	Responder_Status	Responder	0.735992747015407	1.02150980660937	0.477192702656095	0.901912000332631	sample_2022120210048
HROV.vOTU74323	Responder_Status	Responder	0.633174187152963	0.872684610188918	0.474137183022427	0.901912000332631	sample_2022120210048
HROV.vOTU18411	Responder_Status	Responder	0.69624380839985	0.97513381267875	0.481138311814588	0.901912000332631	sample_2022120210048
HROV.vOTU14994	Responder_Status	Responder	0.644852473890192	0.893918806793592	0.476658512718865	0.901912000332631	sample_2022120210048
HROV.vOTU31655	Responder_Status	Responder	-0.630500980207841	0.880747864577095	0.479999632830137	0.901912000332631	sample_2022120210048
HROV.vOTU02249	Responder_Status	Responder	0.726692253693012	1.00886259212951	0.477305757076889	0.901912000332631	sample_2022120210048
HROV.vOTU41053	Responder_Status	Responder	0.421137580147637	0.583477030382934	0.476419181990809	0.901912000332631	sample_2022120210048
HROV.vOTU39613	Responder_Status	Responder	-0.586680492056431	0.810461611153669	0.475141745670518	0.901912000332631	sample_2022120210048
HROV.vOTU17300	Responder_Status	Responder	-0.602656177596759	0.839623127284975	0.4788454630107	0.901912000332631	sample_2022120210048
HROV.vOTU68967	Responder_Status	Responder	-0.613127211452154	0.85224594749448	0.477841143798903	0.901912000332631	sample_2022120210048
HROV.vOTU05939	Responder_Status	Responder	-0.657355322077294	0.910039238907561	0.476077253666669	0.901912000332631	sample_2022120210048
HROV.vOTU51830	Responder_Status	Responder	0.228690315410437	0.319234924322869	0.479695744348387	0.901912000332631	sample_2022120210048
HROV.vOTU15898	Responder_Status	Responder	-0.866652545914814	1.2005501802522	0.476354327418496	0.901912000332631	sample_2022120210048
HROV.vOTU02957	Responder_Status	Responder	0.756872800135767	1.04932725959669	0.476709152605773	0.901912000332631	sample_2022120210048
HROV.vOTU36004	Responder_Status	Responder	-0.544071836470381	0.753544226206344	0.476271023191302	0.901912000332631	sample_2022120210048
HROV.vOTU13689	Responder_Status	Responder	-0.57070529485642	0.792454317138311	0.477387005221261	0.901912000332631	sample_2022120210048
HROV.vOTU51026	Responder_Status	Responder	1.06167876867213	1.48124484305038	0.479466259517761	0.901912000332631	sample_2022120210048
HROV.vOTU02798	Responder_Status	Responder	0.803468416383363	1.12305987301775	0.480268416856694	0.901912000332631	sample_2022120210048
HROV.vOTU37099	Responder_Status	Responder	0.497893825119598	0.688708984303707	0.475713962179897	0.901912000332631	sample_2022120210048
HROV.vOTU11263	Responder_Status	Responder	-0.610982056537174	0.843456028802853	0.474842701980069	0.901912000332631	sample_2022120210048
HROV.vOTU00410	Responder_Status	Responder	0.359647569986325	0.503240608495496	0.480733570735114	0.901912000332631	sample_2022120210048
HROV.vOTU31272	Responder_Status	Responder	0.330612295485851	0.456539461843028	0.474968987478254	0.901912000332631	sample_2022120210048
HROV.vOTU63385	Responder_Status	Responder	-0.464691807065305	0.64533025197285	0.477441948549923	0.901912000332631	sample_2022120210048
HROV.vOTU38654	Responder_Status	Responder	0.99800042915012	1.38886714542424	0.47835891024379	0.901912000332631	sample_2022120210048
HROV.vOTU25800	Responder_Status	Responder	0.531192647742352	0.735249074433714	0.475999253855207	0.901912000332631	sample_2022120210048
HROV.vOTU55466	Responder_Status	Responder	0.437860156463477	0.612855587729519	0.480857892656797	0.901912000332631	sample_2022120210048
HROV.vOTU65595	Responder_Status	Responder	-0.377446846180915	0.523641077115965	0.47700060017606	0.901912000332631	sample_2022120210048
HROV.vOTU52056	Responder_Status	Responder	0.261869911559625	0.363586820373569	0.477347004668858	0.901912000332631	sample_2022120210048
HROV.vOTU32330	Responder_Status	Responder	0.331362057766496	0.463483785784884	0.480566563360426	0.901912000332631	sample_2022120210048
HROV.vOTU43556	Responder_Status	Responder	-0.736886678758392	1.03229117318501	0.481237025293	0.901968272821277	sample_2022120210048
HROV.vOTU50006	Responder_Status	Responder	-0.436902057460551	0.612677462848212	0.481683536307892	0.902070225186792	sample_2022120210048
HROV.vOTU13649	Responder_Status	Responder	0.738474642017959	1.03644183908058	0.482045073172879	0.902348253396537	sample_2022120210048
HROV.vOTU33520	Responder_Status	Responder	-0.452082253205255	0.6353428818697	0.482626133108286	0.902587312048894	sample_2022120210048
HROV.vOTU18869	Responder_Status	Responder	-0.366939697898925	0.515526300886816	0.482491654167515	0.902587312048894	sample_2022120210048
HROV.vOTU53100	Responder_Status	Responder	-0.544855405932365	0.767855852281595	0.483832027199005	0.902685113695794	sample_2022120210048
HROV.vOTU30941	Responder_Status	Responder	-0.796780815264432	1.12612457281652	0.485077546436535	0.902685113695794	sample_2022120210048
HROV.vOTU40942	Responder_Status	Responder	-0.984832484649182	1.3891164107259	0.48420896144102	0.902685113695794	sample_2022120210048
HROV.vOTU14207	Responder_Status	Responder	-0.613634328240078	0.864106060318706	0.483491678866356	0.902685113695794	sample_2022120210048
HROV.vOTU00255	Responder_Status	Responder	0.85113878477775	1.2000516011077	0.484032669199976	0.902685113695794	sample_2022120210048
HROV.vOTU08111	Responder_Status	Responder	-0.611014695246863	0.86051818370205	0.483542577746729	0.902685113695794	sample_2022120210048
HROV.vOTU71281	Responder_Status	Responder	-0.469113950317891	0.663940064757082	0.485678136434731	0.902685113695794	sample_2022120210048
HROV.vOTU50930	Responder_Status	Responder	-0.571308489843734	0.803763036387201	0.483092261363797	0.902685113695794	sample_2022120210048
HROV.vOTU04808	Responder_Status	Responder	-0.656372407357758	0.928748273389959	0.485575744978947	0.902685113695794	sample_2022120210048
HROV.vOTU72658	Responder_Status	Responder	-0.308027323451261	0.433620409992778	0.483354985850159	0.902685113695794	sample_2022120210048
HROV.vOTU30481	Responder_Status	Responder	-0.383163882344962	0.541962542511	0.485413410657764	0.902685113695794	sample_2022120210048
HROV.vOTU09248	Responder_Status	Responder	0.343859298650065	0.484638855507315	0.48387096377634	0.902685113695794	sample_2022120210048
HROV.vOTU25865	Responder_Status	Responder	-0.965152161295421	1.36146949514456	0.484244717816119	0.902685113695794	sample_2022120210048
HROV.vOTU54132	Responder_Status	Responder	-0.277239066019934	0.39013809808411	0.483198693186518	0.902685113695794	sample_2022120210048
HROV.vOTU52028	Responder_Status	Responder	0.587430860377381	0.830448853058551	0.485185714493791	0.902685113695794	sample_2022120210048
HROV.vOTU54197	Responder_Status	Responder	0.431608223939266	0.608748010473738	0.484180602314742	0.902685113695794	sample_2022120210048
HROV.vOTU69101	Responder_Status	Responder	0.252472849375503	0.35599480652192	0.484062038584747	0.902685113695794	sample_2022120210048
HROV.vOTU32042	Responder_Status	Responder	-0.865488278989801	1.23077705481041	0.487734554610685	0.902704236002436	sample_2022120210048
HROV.vOTU44842	Responder_Status	Responder	-0.508975476170654	0.721035240289532	0.4860853989819	0.902704236002436	sample_2022120210048
HROV.vOTU59949	Responder_Status	Responder	0.750659140320295	1.06844900476432	0.488124689907996	0.902704236002436	sample_2022120210048
HROV.vOTU42214	Responder_Status	Responder	-0.368388492235487	0.523011453537805	0.48702592662576	0.902704236002436	sample_2022120210048
HROV.vOTU25853	Responder_Status	Responder	-0.71149361169971	1.00916814341033	0.486615608688535	0.902704236002436	sample_2022120210048
HROV.vOTU04280	Responder_Status	Responder	0.784854306394079	1.11231630060255	0.486264152467874	0.902704236002436	sample_2022120210048
HROV.vOTU19549	Responder_Status	Responder	-0.571569055727295	0.813610034494217	0.488160997006396	0.902704236002436	sample_2022120210048
HROV.vOTU39970	Responder_Status	Responder	1.12979959860275	1.60014106750352	0.485983101264042	0.902704236002436	sample_2022120210048
HROV.vOTU35881	Responder_Status	Responder	-0.927760221367381	1.32436923514864	0.489377182792096	0.902738086532839	sample_2022120210048
HROV.vOTU71934	Responder_Status	Responder	0.738036564575587	1.05320844437742	0.489241453703624	0.902738086532839	sample_2022120210048
HROV.vOTU17468	Responder_Status	Responder	-0.799568805524961	1.14175062547672	0.489518043709038	0.902738086532839	sample_2022120210048
HROV.vOTU00724	Responder_Status	Responder	-0.591379312601571	0.843454733364915	0.489002627624443	0.902738086532839	sample_2022120210048
HROV.vOTU38921	Responder_Status	Responder	0.497686413597341	0.710322407242576	0.489304199279107	0.902738086532839	sample_2022120210048
HROV.vOTU61158	Responder_Status	Responder	0.665675817784321	0.9499730588325	0.489253407560807	0.902738086532839	sample_2022120210048
HROV.vOTU09705	Responder_Status	Responder	0.23715424833794	0.338445017870965	0.48926204277475	0.902738086532839	sample_2022120210048
HROV.vOTU74655	Responder_Status	Responder	0.594126672627821	0.849686851800659	0.490176467278856	0.902918577012506	sample_2022120210048
HROV.vOTU41906	Responder_Status	Responder	0.758087405075487	1.08407906203004	0.490138653373823	0.902918577012506	sample_2022120210048
HROV.vOTU25110	Responder_Status	Responder	-0.701467538604231	1.00316157400725	0.490160084928425	0.902918577012506	sample_2022120210048
HROV.vOTU01559	Responder_Status	Responder	0.423092167305861	0.606422053746953	0.491127044428853	0.902954829127296	sample_2022120210048
HROV.vOTU66895	Responder_Status	Responder	0.333896920839506	0.478494580468788	0.491052442270427	0.902954829127296	sample_2022120210048
HROV.vOTU08856	Responder_Status	Responder	0.38666009980399	0.553679944049581	0.490720700914224	0.902954829127296	sample_2022120210048
HROV.vOTU61114	Responder_Status	Responder	0.545565990737803	0.785503897056861	0.493065242321555	0.903360575719998	sample_2022120210048
HROV.vOTU50793	Responder_Status	Responder	0.50469103812433	0.724992936531046	0.492084495834178	0.903360575719998	sample_2022120210048
HROV.vOTU48273	Responder_Status	Responder	0.298329509366091	0.42930472313281	0.49283657088406	0.903360575719998	sample_2022120210048
HROV.vOTU64702	Responder_Status	Responder	-0.529499262316868	0.760935964490074	0.492257015439595	0.903360575719998	sample_2022120210048
HROV.vOTU50639	Responder_Status	Responder	0.619257823279575	0.891784740978625	0.493151600107467	0.903360575719998	sample_2022120210048
HROV.vOTU51342	Responder_Status	Responder	-0.283185790309121	0.407953015710227	0.493299807179149	0.903360575719998	sample_2022120210048
HROV.vOTU68315	Responder_Status	Responder	-0.780758810169001	1.12160438416678	0.492098947794408	0.903360575719998	sample_2022120210048
HROV.vOTU73417	Responder_Status	Responder	-0.364174170673908	0.525131295161653	0.493714288947646	0.903360575719998	sample_2022120210048
HROV.vOTU66937	Responder_Status	Responder	0.385339722743781	0.556182011868455	0.494122972485655	0.903360575719998	sample_2022120210048
HROV.vOTU49493	Responder_Status	Responder	-0.289945011699293	0.418569664390275	0.494200811628216	0.903360575719998	sample_2022120210048
HROV.vOTU34620	Responder_Status	Responder	0.994066317673819	1.43053459483643	0.492849954645374	0.903360575719998	sample_2022120210048
HROV.vOTU66601	Responder_Status	Responder	0.573209894857047	0.827518454110491	0.494212543937544	0.903360575719998	sample_2022120210048
HROV.vOTU24371	Responder_Status	Responder	-0.628885216934508	0.908346652830695	0.494425686015864	0.90348166247711	sample_2022120210048
HROV.vOTU72186	Responder_Status	Responder	0.897564787412674	1.2967573717891	0.494536742672616	0.903526378322463	sample_2022120210048
HROV.vOTU11046	Responder_Status	Responder	0.260393502435143	0.376456582176131	0.4948242896003	0.903829924939836	sample_2022120210048
HROV.vOTU02911	Responder_Status	Responder	0.544717147499299	0.7875251763329	0.494832808929687	0.903829924939836	sample_2022120210048
HROV.vOTU01502	Responder_Status	Responder	0.702179425774922	1.01563657116994	0.495026691119864	0.903946718319325	sample_2022120210048
HROV.vOTU72559	Responder_Status	Responder	0.635066112963561	0.919798699826211	0.495601304947959	0.904521139856922	sample_2022120210048
HROV.vOTU01747	Responder_Status	Responder	0.799698616597325	1.15882603930502	0.495815886485459	0.904676402259027	sample_2022120210048
HROV.vOTU37097	Responder_Status	Responder	0.260863063153054	0.378119869362774	0.495938882518929	0.90474165018969	sample_2022120210048
HROV.vOTU35848	Responder_Status	Responder	-0.61677006711174	0.894430557813868	0.496141948951839	0.904884386847603	sample_2022120210048
HROV.vOTU04488	Responder_Status	Responder	0.750537466153601	1.08925382524198	0.496469788770623	0.904998208720666	sample_2022120210048
HROV.vOTU00029	Responder_Status	Responder	0.390416241420883	0.5665915786075	0.496455553962103	0.904998208720666	sample_2022120210048
HROV.vOTU37096	Responder_Status	Responder	-0.662238016066189	0.960904352482841	0.496380643089855	0.904998208720666	sample_2022120210048
HROV.vOTU17342	Responder_Status	Responder	-0.639039815688843	0.930030449968997	0.49766108443484	0.90517877052395	sample_2022120210048
HROV.vOTU04221	Responder_Status	Responder	-0.919515924215369	1.33896076613137	0.497896035447889	0.90517877052395	sample_2022120210048
HROV.vOTU29429	Responder_Status	Responder	-0.649263080794946	0.943033283156644	0.496813437950475	0.90517877052395	sample_2022120210048
HROV.vOTU24821	Responder_Status	Responder	0.318318193088586	0.463970170457931	0.498308161163094	0.90517877052395	sample_2022120210048
HROV.vOTU04039	Responder_Status	Responder	0.869795981877388	1.26340245365022	0.496831134044967	0.90517877052395	sample_2022120210048
HROV.vOTU03133	Responder_Status	Responder	0.671304560770689	0.977781638220591	0.498007606785484	0.90517877052395	sample_2022120210048
HROV.vOTU31355	Responder_Status	Responder	-0.806767777801064	1.17479768323697	0.497901865821467	0.90517877052395	sample_2022120210048
HROV.vOTU32970	Responder_Status	Responder	0.90812583082591	1.32391034314052	0.498390509276708	0.90517877052395	sample_2022120210048
HROV.vOTU54353	Responder_Status	Responder	-0.200823464859101	0.292306675902135	0.497715108113603	0.90517877052395	sample_2022120210048
HROV.vOTU50395	Responder_Status	Responder	0.455758835657275	0.664314873691018	0.498318246111895	0.90517877052395	sample_2022120210048
HROV.vOTU63563	Responder_Status	Responder	0.676494933693463	0.986038078340187	0.498308690149425	0.90517877052395	sample_2022120210048
HROV.vOTU14451	Responder_Status	Responder	0.296377144195873	0.431975416012761	0.498294155946899	0.90517877052395	sample_2022120210048
HROV.vOTU65362	Responder_Status	Responder	0.687537817771385	1.00164497480141	0.498100777239352	0.90517877052395	sample_2022120210048
HROV.vOTU70425	Responder_Status	Responder	0.52815281717853	0.769774988786117	0.498284220964133	0.90517877052395	sample_2022120210048
HROV.vOTU37315	Responder_Status	Responder	0.24951123924461	0.362967561378374	0.497473004372579	0.90517877052395	sample_2022120210048
HROV.vOTU22982	Responder_Status	Responder	-0.541645429176611	0.790404178896994	0.498803951693308	0.905378193758857	sample_2022120210048
HROV.vOTU14589	Responder_Status	Responder	0.338208139133334	0.493988128682968	0.49919436562883	0.905692985366746	sample_2022120210048
HROV.vOTU05947	Responder_Status	Responder	-0.532947592534403	0.779250197772254	0.499644971227785	0.905944282397049	sample_2022120210048
HROV.vOTU30121	Responder_Status	Responder	-0.759611869900995	1.11135221595021	0.499906976204168	0.905969585244946	sample_2022120210048
HROV.vOTU29180	Responder_Status	Responder	-0.604700052077438	0.885065320028723	0.500078630042037	0.906115732677315	sample_2022120210048
HROV.vOTU28132	Responder_Status	Responder	0.504375724846099	0.738376526393849	0.500165145358728	0.906193817487339	sample_2022120210048
HROV.vOTU08296	Responder_Status	Responder	0.541351810989371	0.793175422773296	0.500523244727658	0.906370509107698	sample_2022120210048
HROV.vOTU57374	Responder_Status	Responder	-1.02786555166276	1.50684919790418	0.500761751779958	0.906580996106312	sample_2022120210048
HROV.vOTU61440	Responder_Status	Responder	0.516950787414733	0.758330845938319	0.50103168632526	0.90681912181148	sample_2022120210048
HROV.vOTU69633	Responder_Status	Responder	-0.625237522217193	0.918582851496666	0.501680413500499	0.907047556099556	sample_2022120210048
HROV.vOTU24695	Responder_Status	Responder	-0.471982513667206	0.693816594996772	0.501920188561664	0.907047556099556	sample_2022120210048
HROV.vOTU45833	Responder_Status	Responder	-0.479771558971846	0.704498974332505	0.50145819556461	0.907047556099556	sample_2022120210048
HROV.vOTU63816	Responder_Status	Responder	-0.856120407762303	1.25848346798761	0.501914222056132	0.907047556099556	sample_2022120210048
HROV.vOTU43917	Responder_Status	Responder	0.368516854519015	0.541046394286054	0.501391045127111	0.907047556099556	sample_2022120210048
HROV.vOTU64638	Responder_Status	Responder	-0.551205954648015	0.810524844448335	0.502050711946248	0.907090153087888	sample_2022120210048
HROV.vOTU47851	Responder_Status	Responder	-0.200352768651569	0.295069646735042	0.502711278778247	0.907341035034334	sample_2022120210048
HROV.vOTU07160	Responder_Status	Responder	0.751761648181591	1.10774283823815	0.502935258493898	0.907431386251201	sample_2022120210048
HROV.vOTU55361	Responder_Status	Responder	-0.888394331945818	1.31059301741302	0.503426012306254	0.907627771339342	sample_2022120210048
HROV.vOTU07600	Responder_Status	Responder	1.04593772606381	1.543146812432	0.503464367233459	0.907627771339342	sample_2022120210048
HROV.vOTU50707	Responder_Status	Responder	-0.60620133059578	0.894970140060279	0.503747231218266	0.907865579945204	sample_2022120210048
HROV.vOTU11096	Responder_Status	Responder	0.337703479827493	0.498752907427908	0.503901410316148	0.907865579945204	sample_2022120210048
HROV.vOTU66515	Responder_Status	Responder	-0.394048987189032	0.582498052233346	0.504285506831209	0.907965050895597	sample_2022120210048
HROV.vOTU49234	Responder_Status	Responder	-0.529972570628423	0.783567484287821	0.504362186633093	0.907965050895597	sample_2022120210048
HROV.vOTU27546	Responder_Status	Responder	0.270127541515397	0.399769345380564	0.504768688560978	0.908226789401466	sample_2022120210048
HROV.vOTU26634	Responder_Status	Responder	0.461313402649525	0.683069048408546	0.504990449513645	0.908324534203696	sample_2022120210048
HROV.vOTU50739	Responder_Status	Responder	0.50950376776354	0.754938385514996	0.505277954200789	0.908383178091208	sample_2022120210048
HROV.vOTU70059	Responder_Status	Responder	-0.89757189906567	1.33174992970116	0.505850879972591	0.908428080363292	sample_2022120210048
HROV.vOTU67626	Responder_Status	Responder	-0.589612604862927	0.874380487682669	0.505637307094253	0.908428080363292	sample_2022120210048
HROV.vOTU02568	Responder_Status	Responder	0.556646730789487	0.826142692850813	0.505969401385651	0.908428080363292	sample_2022120210048
HROV.vOTU20351	Responder_Status	Responder	0.446552460918945	0.665441044380946	0.50767931668273	0.908755090209096	sample_2022120210048
HROV.vOTU48991	Responder_Status	Responder	0.435969229175892	0.649165670243343	0.507352132520976	0.908755090209096	sample_2022120210048
HROV.vOTU40997	Responder_Status	Responder	-0.50959262991187	0.76007464236939	0.508063169971976	0.908755090209096	sample_2022120210048
HROV.vOTU07169	Responder_Status	Responder	0.666887642716563	0.993949299510187	0.507751509925777	0.908755090209096	sample_2022120210048
HROV.vOTU01116	Responder_Status	Responder	0.379149036787037	0.565293292602159	0.507899157237097	0.908755090209096	sample_2022120210048
HROV.vOTU29846	Responder_Status	Responder	0.195329053519664	0.290779325932539	0.507252194243771	0.908755090209096	sample_2022120210048
HROV.vOTU43434	Responder_Status	Responder	-0.512073544514524	0.765021072876865	0.508748921553662	0.908861443702837	sample_2022120210048
HROV.vOTU60030	Responder_Status	Responder	-0.211562281312104	0.316102115595443	0.508795493160938	0.908861443702837	sample_2022120210048
HROV.vOTU63801	Responder_Status	Responder	0.436215017219434	0.651910016735546	0.508890250614434	0.908861443702837	sample_2022120210048
HROV.vOTU44039	Responder_Status	Responder	-0.255617259748768	0.382766463327538	0.509719084799674	0.908951213493526	sample_2022120210048
HROV.vOTU26109	Responder_Status	Responder	0.493732810132341	0.738784868020559	0.509411807776494	0.908951213493526	sample_2022120210048
HROV.vOTU45720	Responder_Status	Responder	-0.747340880272774	1.11828035433871	0.509417566639168	0.908951213493526	sample_2022120210048
HROV.vOTU09635	Responder_Status	Responder	-0.391200202476128	0.585031218302772	0.509173763911518	0.908951213493526	sample_2022120210048
HROV.vOTU13053	Responder_Status	Responder	0.450462957110874	0.674232153667663	0.509532114744482	0.908951213493526	sample_2022120210048
HROV.vOTU47141	Responder_Status	Responder	-0.719552064446968	1.07875618822551	0.510219218349095	0.908999644532485	sample_2022120210048
HROV.vOTU45031	Responder_Status	Responder	0.428991831671458	0.643303175806098	0.510321255941935	0.90903927782626	sample_2022120210048
HROV.vOTU49365	Responder_Status	Responder	-0.548464198777069	0.82262702021476	0.510406293554103	0.909044149724708	sample_2022120210048
HROV.vOTU03607	Responder_Status	Responder	-0.689101048067745	1.03380328467924	0.51050320100204	0.909061587449879	sample_2022120210048
HROV.vOTU56948	Responder_Status	Responder	-0.905413243618569	1.36296438141003	0.511934131200899	0.909329819580556	sample_2022120210048
HROV.vOTU17878	Responder_Status	Responder	0.811965017041596	1.22120166764762	0.511560321229785	0.909329819580556	sample_2022120210048
HROV.vOTU27737	Responder_Status	Responder	0.56259061714373	0.84529365361372	0.511140623724858	0.909329819580556	sample_2022120210048
HROV.vOTU14490	Responder_Status	Responder	-0.747464758818879	1.12372281710482	0.51138512332608	0.909329819580556	sample_2022120210048
HROV.vOTU30475	Responder_Status	Responder	0.623069657996281	0.9368817592109	0.51146202463069	0.909329819580556	sample_2022120210048
HROV.vOTU06941	Responder_Status	Responder	0.201831665125751	0.303564454435428	0.51157145680381	0.909329819580556	sample_2022120210048
HROV.vOTU04724	Responder_Status	Responder	-0.239842967596246	0.361053457371288	0.511940740942678	0.909329819580556	sample_2022120210048
HROV.vOTU30174	Responder_Status	Responder	-0.398831973271205	0.600904226090158	0.512298153020156	0.909505915623092	sample_2022120210048
HROV.vOTU70227	Responder_Status	Responder	0.323658286501825	0.48814239712843	0.51272642232648	0.909605613222853	sample_2022120210048
HROV.vOTU17004	Responder_Status	Responder	0.485102519959867	0.731788596767959	0.512815327999588	0.909622899286571	sample_2022120210048
HROV.vOTU37802	Responder_Status	Responder	-0.955564984793926	1.44995127991198	0.515258636947042	0.909676549012235	sample_2022120210048
HROV.vOTU69424	Responder_Status	Responder	0.699930417591655	1.05924052291839	0.5141505354287	0.909676549012235	sample_2022120210048
HROV.vOTU50288	Responder_Status	Responder	0.409296231805519	0.617792239843258	0.513058559460102	0.909676549012235	sample_2022120210048
HROV.vOTU33173	Responder_Status	Responder	0.194778772518581	0.294886931434569	0.514317972459158	0.909676549012235	sample_2022120210048
HROV.vOTU46509	Responder_Status	Responder	-0.581956411640839	0.878809116598409	0.513250506342275	0.909676549012235	sample_2022120210048
HROV.vOTU74563	Responder_Status	Responder	-0.610640097836316	0.922520120194194	0.513429931237378	0.909676549012235	sample_2022120210048
HROV.vOTU69870	Responder_Status	Responder	0.348242100180059	0.528570149976582	0.515381673000511	0.909676549012235	sample_2022120210048
HROV.vOTU67701	Responder_Status	Responder	0.563027198363208	0.850321765062929	0.513298462253464	0.909676549012235	sample_2022120210048
HROV.vOTU31229	Responder_Status	Responder	0.438082422209133	0.664856109180542	0.515334137832954	0.909676549012235	sample_2022120210048
HROV.vOTU01791	Responder_Status	Responder	0.253568772283279	0.384826031828924	0.515331103320143	0.909676549012235	sample_2022120210048
HROV.vOTU62802	Responder_Status	Responder	-0.543185958200174	0.825216303317985	0.515763487010723	0.910196513945019	sample_2022120210048
HROV.vOTU41561	Responder_Status	Responder	-0.42005510809382	0.639125158260463	0.516396729380609	0.910467157402493	sample_2022120210048
HROV.vOTU26340	Responder_Status	Responder	0.620063996728908	0.944048415723244	0.516663250004691	0.910700709351369	sample_2022120210048
HROV.vOTU54484	Responder_Status	Responder	-0.478866245258266	0.732219997797416	0.518452467790386	0.910871606146073	sample_2022120210048
HROV.vOTU21801	Responder_Status	Responder	-0.660001278883427	1.00856877306749	0.518197576630825	0.910871606146073	sample_2022120210048
HROV.vOTU10146	Responder_Status	Responder	-0.659895395174166	1.00864331767821	0.518294887053374	0.910871606146073	sample_2022120210048
HROV.vOTU72898	Responder_Status	Responder	0.492573385623792	0.750920519210243	0.51720467688747	0.910871606146073	sample_2022120210048
HROV.vOTU62816	Responder_Status	Responder	-0.581903214501563	0.886919070725827	0.517118699609605	0.910871606146073	sample_2022120210048
HROV.vOTU62383	Responder_Status	Responder	-0.419361833164046	0.640249835224796	0.517814847928584	0.910871606146073	sample_2022120210048
HROV.vOTU38904	Responder_Status	Responder	-0.493383471797181	0.751707236390035	0.516956754300931	0.910871606146073	sample_2022120210048
HROV.vOTU06436	Responder_Status	Responder	0.395010838682737	0.603054625472659	0.51780247538678	0.910871606146073	sample_2022120210048
HROV.vOTU27507	Responder_Status	Responder	-0.198576259405203	0.303594413234104	0.518394244272089	0.910871606146073	sample_2022120210048
HROV.vOTU70220	Responder_Status	Responder	0.622727321103235	0.953217235784781	0.518898334788009	0.910976100969577	sample_2022120210048
HROV.vOTU62011	Responder_Status	Responder	-0.763033525504373	1.16818442539109	0.51896885407523	0.911000082811847	sample_2022120210048
HROV.vOTU55142	Responder_Status	Responder	-0.585234252259357	0.896430526242507	0.519178111231203	0.911137502640028	sample_2022120210048
HROV.vOTU71745	Responder_Status	Responder	-0.684107346298909	1.0492556681714	0.519722363694536	0.911173196430189	sample_2022120210048
HROV.vOTU60669	Responder_Status	Responder	-0.513503594442786	0.787190510602687	0.5195117360704	0.911173196430189	sample_2022120210048
HROV.vOTU40973	Responder_Status	Responder	-0.159378093814047	0.244522931633832	0.519850114784611	0.91120444326481	sample_2022120210048
HROV.vOTU58937	Responder_Status	Responder	0.279857415050323	0.429630591650556	0.520105189306453	0.91120444326481	sample_2022120210048
HROV.vOTU02279	Responder_Status	Responder	0.589332255100837	0.906163449498955	0.52076098690667	0.911462747126988	sample_2022120210048
HROV.vOTU16708	Responder_Status	Responder	0.946993086750573	1.45818451323845	0.521350879428997	0.911883410466239	sample_2022120210048
HROV.vOTU10300	Responder_Status	Responder	-0.628901899874053	0.969389138059489	0.52177877105837	0.912335376088815	sample_2022120210048
HROV.vOTU57545	Responder_Status	Responder	-0.225508492763507	0.347649309262176	0.521838928174414	0.912354731590854	sample_2022120210048
HROV.vOTU63604	Responder_Status	Responder	-0.174335248615608	0.268991915455988	0.522196149389663	0.91235482703724	sample_2022120210048
HROV.vOTU59140	Responder_Status	Responder	-0.209734267300872	0.323380465461131	0.52190164316659	0.91235482703724	sample_2022120210048
HROV.vOTU03135	Responder_Status	Responder	0.524969962202193	0.810334928796169	0.522363575863344	0.91235482703724	sample_2022120210048
HROV.vOTU63780	Responder_Status	Responder	0.339974582079754	0.524901204284196	0.522459608476018	0.912416005892583	sample_2022120210048
HROV.vOTU48727	Responder_Status	Responder	-0.378063117527787	0.583745087635064	0.522486041515202	0.912416005892583	sample_2022120210048
HROV.vOTU61314	Responder_Status	Responder	-0.619349322713918	0.956666329581277	0.522643718357053	0.912519146422305	sample_2022120210048
HROV.vOTU70013	Responder_Status	Responder	-0.490644544449761	0.758191700016599	0.522821632308412	0.912696567651741	sample_2022120210048
HROV.vOTU04717	Responder_Status	Responder	-0.631405269176698	0.977291292174526	0.523489998320338	0.912946959550886	sample_2022120210048
HROV.vOTU48533	Responder_Status	Responder	0.391682670166579	0.606624139024133	0.523745777851209	0.913087827562838	sample_2022120210048
HROV.vOTU48190	Responder_Status	Responder	0.512132828353621	0.793624071650599	0.523980010759259	0.913116447283485	sample_2022120210048
HROV.vOTU63713	Responder_Status	Responder	-0.623977104315099	0.968127608134439	0.524484234429562	0.913195340467964	sample_2022120210048
HROV.vOTU12599	Responder_Status	Responder	0.639413810716767	0.992437307084774	0.524633156005166	0.913261653668181	sample_2022120210048
HROV.vOTU51500	Responder_Status	Responder	-0.369598383288859	0.573609619111871	0.524600262820279	0.913261653668181	sample_2022120210048
HROV.vOTU36178	Responder_Status	Responder	0.742422095755156	1.15261735331034	0.524740427128008	0.913296031537113	sample_2022120210048
HROV.vOTU20181	Responder_Status	Responder	-0.403871653773351	0.628018871761597	0.525398750611778	0.913832146451188	sample_2022120210048
HROV.vOTU31336	Responder_Status	Responder	-0.618167794465998	0.968240864348787	0.528372477244903	0.914448372570976	sample_2022120210048
HROV.vOTU55589	Responder_Status	Responder	0.471006928048361	0.737480616608451	0.528227547002351	0.914448372570976	sample_2022120210048
HROV.vOTU23807	Responder_Status	Responder	-0.680511728099325	1.06464188851299	0.527892368605404	0.914448372570976	sample_2022120210048
HROV.vOTU68369	Responder_Status	Responder	0.56497919937363	0.88125814628768	0.526667503766359	0.914448372570976	sample_2022120210048
HROV.vOTU07041	Responder_Status	Responder	0.547645470124336	0.855017184523757	0.527049810781016	0.914448372570976	sample_2022120210048
HROV.vOTU11662	Responder_Status	Responder	0.740252331497789	1.1554792189365	0.52696197677575	0.914448372570976	sample_2022120210048
HROV.vOTU30687	Responder_Status	Responder	-0.468840794923054	0.734387342278513	0.528393930331104	0.914448372570976	sample_2022120210048
HROV.vOTU73274	Responder_Status	Responder	0.424421170973212	0.663018752677348	0.527289136516988	0.914448372570976	sample_2022120210048
HROV.vOTU01617	Responder_Status	Responder	-0.604205347438534	0.94239721165975	0.526647414308939	0.914448372570976	sample_2022120210048
HROV.vOTU51173	Responder_Status	Responder	1.01279859553725	1.58633691537468	0.528368053554797	0.914448372570976	sample_2022120210048
HROV.vOTU08027	Responder_Status	Responder	-0.39503347671056	0.616494700349768	0.526879875614889	0.914448372570976	sample_2022120210048
HROV.vOTU58622	Responder_Status	Responder	0.24995372602336	0.389591774123974	0.526364538485034	0.914448372570976	sample_2022120210048
HROV.vOTU04632	Responder_Status	Responder	0.300009023888112	0.46751838774979	0.526283430622467	0.914448372570976	sample_2022120210048
HROV.vOTU01917	Responder_Status	Responder	0.345472652368347	0.541823138553476	0.528906654553478	0.914605195926025	sample_2022120210048
HROV.vOTU71928	Responder_Status	Responder	0.144807422868685	0.22704338174931	0.528788090754014	0.914605195926025	sample_2022120210048
HROV.vOTU71516	Responder_Status	Responder	-0.548006468963013	0.860761913897917	0.52952197661589	0.915229838297963	sample_2022120210048
HROV.vOTU63905	Responder_Status	Responder	0.556505339703628	0.87696873724693	0.530854755747674	0.915638715605877	sample_2022120210048
HROV.vOTU67751	Responder_Status	Responder	-0.320271537291465	0.504470106254372	0.530669029407348	0.915638715605877	sample_2022120210048
HROV.vOTU10032	Responder_Status	Responder	0.732642564557317	1.15522464915887	0.531098506259533	0.915638715605877	sample_2022120210048
HROV.vOTU51920	Responder_Status	Responder	-0.541441396824502	0.852775609273076	0.53063728897177	0.915638715605877	sample_2022120210048
HROV.vOTU20422	Responder_Status	Responder	-0.593522396847742	0.93382724221554	0.530210651107614	0.915638715605877	sample_2022120210048
HROV.vOTU03584	Responder_Status	Responder	0.261225515182504	0.411360991134374	0.530566056142453	0.915638715605877	sample_2022120210048
HROV.vOTU69467	Responder_Status	Responder	-0.387370172025111	0.613675034815011	0.533009628553466	0.915646457044155	sample_2022120210048
HROV.vOTU55790	Responder_Status	Responder	-0.95631349089158	1.51077199129677	0.531872174248322	0.915646457044155	sample_2022120210048
HROV.vOTU35718	Responder_Status	Responder	-0.719364031998443	1.13936281293056	0.532916952649064	0.915646457044155	sample_2022120210048
HROV.vOTU50767	Responder_Status	Responder	-0.692921165464042	1.0976263385881	0.532970683371853	0.915646457044155	sample_2022120210048
HROV.vOTU11108	Responder_Status	Responder	0.541473841998519	0.856916946034931	0.532587131188981	0.915646457044155	sample_2022120210048
HROV.vOTU40608	Responder_Status	Responder	-0.391879242679157	0.620343930921947	0.532698654274918	0.915646457044155	sample_2022120210048
HROV.vOTU21222	Responder_Status	Responder	-0.500900447241764	0.790611679247599	0.531509225604008	0.915646457044155	sample_2022120210048
HROV.vOTU62525	Responder_Status	Responder	-0.574058389033874	0.907349979014149	0.532078619632139	0.915646457044155	sample_2022120210048
HROV.vOTU53512	Responder_Status	Responder	0.430078755969758	0.680291980934855	0.532386681545486	0.915646457044155	sample_2022120210048
HROV.vOTU48788	Responder_Status	Responder	0.217498404415676	0.343580437650388	0.531847514712211	0.915646457044155	sample_2022120210048
HROV.vOTU20980	Responder_Status	Responder	-0.57805001579487	0.916457447744338	0.533322901391839	0.915705849723927	sample_2022120210048
HROV.vOTU58307	Responder_Status	Responder	-0.353646158360277	0.560778797199979	0.53339380389315	0.915705849723927	sample_2022120210048
HROV.vOTU67177	Responder_Status	Responder	0.78950809732511	1.25296709553258	0.533731063877217	0.915958169814778	sample_2022120210048
HROV.vOTU33751	Responder_Status	Responder	-0.439225817133829	0.697180459908728	0.533800536971742	0.916002072570322	sample_2022120210048
HROV.vOTU57492	Responder_Status	Responder	-0.441544239551036	0.700983274816154	0.533871701576238	0.916048870500376	sample_2022120210048
HROV.vOTU36848	Responder_Status	Responder	0.546044260883188	0.870797431642967	0.535698511846684	0.916300611119328	sample_2022120210048
HROV.vOTU01273	Responder_Status	Responder	0.677658282628537	1.07946712150172	0.535240720739624	0.916300611119328	sample_2022120210048
HROV.vOTU38162	Responder_Status	Responder	-0.493382740491063	0.786959075250515	0.535772105257186	0.916300611119328	sample_2022120210048
HROV.vOTU24693	Responder_Status	Responder	-0.261862924360089	0.416997525351424	0.535110776008742	0.916300611119328	sample_2022120210048
HROV.vOTU62699	Responder_Status	Responder	0.598554543150492	0.951653603722535	0.534471632633349	0.916300611119328	sample_2022120210048
HROV.vOTU21507	Responder_Status	Responder	-0.222270648170758	0.353965843228714	0.535129237796909	0.916300611119328	sample_2022120210048
HROV.vOTU46426	Responder_Status	Responder	0.380593322136957	0.606680974079175	0.53552118791258	0.916300611119328	sample_2022120210048
HROV.vOTU25269	Responder_Status	Responder	-0.494387482061895	0.789098235989488	0.536047568352982	0.91639193574105	sample_2022120210048
HROV.vOTU14110	Responder_Status	Responder	-0.479701297864433	0.765592856796664	0.53601342034533	0.91639193574105	sample_2022120210048
HROV.vOTU56181	Responder_Status	Responder	0.513246127274367	0.819850981158653	0.536369719060314	0.916492225052297	sample_2022120210048
HROV.vOTU04356	Responder_Status	Responder	0.325172420742678	0.520038430175748	0.536847112037041	0.916759743556066	sample_2022120210048
HROV.vOTU38300	Responder_Status	Responder	0.500622118065643	0.800702408043899	0.536883768513209	0.916759743556066	sample_2022120210048
HROV.vOTU13448	Responder_Status	Responder	0.410216008098349	0.656136992800084	0.536903152873431	0.916759743556066	sample_2022120210048
HROV.vOTU00904	Responder_Status	Responder	0.883406120200655	1.41529833720796	0.537559884514107	0.916859637575936	sample_2022120210048
HROV.vOTU43200	Responder_Status	Responder	-0.356201062211143	0.571213808655278	0.537946634504903	0.916859637575936	sample_2022120210048
HROV.vOTU57856	Responder_Status	Responder	-0.377069814378808	0.605276466981833	0.538344904986842	0.917089067592474	sample_2022120210048
HROV.vOTU07278	Responder_Status	Responder	0.772190246978008	1.2469806398423	0.540759324974248	0.917440153893369	sample_2022120210048
HROV.vOTU08578	Responder_Status	Responder	0.925855171591016	1.49690942754327	0.541237818653811	0.917440153893369	sample_2022120210048
HROV.vOTU38618	Responder_Status	Responder	-0.484546883615695	0.783074119167094	0.541066288916128	0.917440153893369	sample_2022120210048
HROV.vOTU72225	Responder_Status	Responder	0.2641606788847	0.427179087045937	0.541320462627837	0.917440153893369	sample_2022120210048
HROV.vOTU58516	Responder_Status	Responder	-0.429247819877065	0.690367412150728	0.539125045819208	0.917440153893369	sample_2022120210048
HROV.vOTU72000	Responder_Status	Responder	-0.208813298546385	0.335756230755127	0.539026429520506	0.917440153893369	sample_2022120210048
HROV.vOTU61773	Responder_Status	Responder	0.287208476041931	0.464432320531435	0.541305082004887	0.917440153893369	sample_2022120210048
HROV.vOTU13956	Responder_Status	Responder	-0.416851041237828	0.672281402016916	0.540235900651099	0.917440153893369	sample_2022120210048
HROV.vOTU51564	Responder_Status	Responder	-0.471232950499299	0.760675055551908	0.540600196013077	0.917440153893369	sample_2022120210048
HROV.vOTU06299	Responder_Status	Responder	0.255554732074266	0.413135291922939	0.541197024023546	0.917440153893369	sample_2022120210048
HROV.vOTU30358	Responder_Status	Responder	0.612463581996181	0.984299280858041	0.538823105865667	0.917440153893369	sample_2022120210048
HROV.vOTU03761	Responder_Status	Responder	-0.462560704936808	0.744339304503787	0.53933848433927	0.917440153893369	sample_2022120210048
HROV.vOTU46313	Responder_Status	Responder	0.67386420480721	1.09046201537542	0.541594507487625	0.917576382969351	sample_2022120210048
HROV.vOTU07299	Responder_Status	Responder	-0.562807900763323	0.911007549404641	0.541708806570649	0.917576382969351	sample_2022120210048
HROV.vOTU74700	Responder_Status	Responder	-0.746574643023973	1.20863834906117	0.541765510794395	0.917576382969351	sample_2022120210048
HROV.vOTU56010	Responder_Status	Responder	-0.331929084760793	0.537903617524109	0.542168411937715	0.917603073065441	sample_2022120210048
HROV.vOTU18238	Responder_Status	Responder	-0.454818435025219	0.737318266643778	0.542314143456984	0.917603073065441	sample_2022120210048
HROV.vOTU02117	Responder_Status	Responder	0.0865465925548079	0.140537314151443	0.542983137401764	0.918054977435569	sample_2022120210048
HROV.vOTU27152	Responder_Status	Responder	-0.496362380623232	0.806878976016924	0.54341465124272	0.918304758820694	sample_2022120210048
HROV.vOTU27585	Responder_Status	Responder	-0.431753454821278	0.70205890958252	0.543532834323443	0.918428204694964	sample_2022120210048
HROV.vOTU60075	Responder_Status	Responder	-0.396062772106698	0.644092549630187	0.543575715591384	0.918428204694964	sample_2022120210048
HROV.vOTU01833	Responder_Status	Responder	-0.221034891501897	0.359994102738822	0.544174867165737	0.919068501881439	sample_2022120210048
HROV.vOTU05763	Responder_Status	Responder	-0.749314203448301	1.22033849023799	0.5441580995755	0.919068501881439	sample_2022120210048
HROV.vOTU08081	Responder_Status	Responder	-0.598449500156584	0.97826778563788	0.545642717934073	0.919112385988197	sample_2022120210048
HROV.vOTU28591	Responder_Status	Responder	0.79017965557069	1.29235333778401	0.545849590590312	0.919112385988197	sample_2022120210048
HROV.vOTU20527	Responder_Status	Responder	0.813599751026716	1.32612246548427	0.544486317009199	0.919112385988197	sample_2022120210048
HROV.vOTU36489	Responder_Status	Responder	-0.544352094560421	0.890900898866182	0.546119654884682	0.919112385988197	sample_2022120210048
HROV.vOTU03578	Responder_Status	Responder	0.683284456161673	1.11755310500024	0.545859881365473	0.919112385988197	sample_2022120210048
HROV.vOTU57904	Responder_Status	Responder	0.520401185656357	0.854002508604407	0.547194266486535	0.919112385988197	sample_2022120210048
HROV.vOTU11457	Responder_Status	Responder	0.489274201985345	0.803216519551578	0.547340402529694	0.919112385988197	sample_2022120210048
HROV.vOTU03114	Responder_Status	Responder	0.307695752693836	0.501409034094565	0.544392262338257	0.919112385988197	sample_2022120210048
HROV.vOTU67968	Responder_Status	Responder	0.420785877645871	0.688494136430968	0.546018273896657	0.919112385988197	sample_2022120210048
HROV.vOTU56171	Responder_Status	Responder	-0.619625389533746	1.01166254117756	0.545161268600814	0.919112385988197	sample_2022120210048
HROV.vOTU48546	Responder_Status	Responder	0.88341019590584	1.44521626544229	0.545955222688452	0.919112385988197	sample_2022120210048
HROV.vOTU47271	Responder_Status	Responder	0.745590039767562	1.22044668680346	0.546183203565972	0.919112385988197	sample_2022120210048
HROV.vOTU56596	Responder_Status	Responder	0.612418994371766	1.00102719622692	0.545612377809634	0.919112385988197	sample_2022120210048
HROV.vOTU09885	Responder_Status	Responder	0.15590278342759	0.255647191443707	0.546888302876227	0.919112385988197	sample_2022120210048
HROV.vOTU17850	Responder_Status	Responder	0.612333034065974	1.00500119469267	0.547247446851887	0.919112385988197	sample_2022120210048
HROV.vOTU09662	Responder_Status	Responder	0.396566271881296	0.649556128967155	0.546442227398687	0.919112385988197	sample_2022120210048
HROV.vOTU05942	Responder_Status	Responder	-0.307367317286106	0.501301955326291	0.544733775457724	0.919112385988197	sample_2022120210048
HROV.vOTU36038	Responder_Status	Responder	0.204577644344591	0.335052606003376	0.546399934755691	0.919112385988197	sample_2022120210048
HROV.vOTU26524	Responder_Status	Responder	-0.26857739102453	0.439511041133126	0.546074516503403	0.919112385988197	sample_2022120210048
HROV.vOTU19927	Responder_Status	Responder	-0.476058025744042	0.782241501711122	0.54770745969599	0.919149800642323	sample_2022120210048
HROV.vOTU73871	Responder_Status	Responder	0.197606192759307	0.324619148188677	0.547609103697737	0.919149800642323	sample_2022120210048
HROV.vOTU08459	Responder_Status	Responder	-0.372627025470026	0.612378112174076	0.547766392594264	0.919149800642323	sample_2022120210048
HROV.vOTU42317	Responder_Status	Responder	0.527696376961297	0.867282055603908	0.547794725790151	0.919149800642323	sample_2022120210048
HROV.vOTU59505	Responder_Status	Responder	-0.524457252382323	0.863265546723142	0.548397079022435	0.91948364117755	sample_2022120210048
HROV.vOTU22441	Responder_Status	Responder	0.487847484242579	0.803025356276431	0.548407029485487	0.91948364117755	sample_2022120210048
HROV.vOTU44410	Responder_Status	Responder	0.421385064474762	0.694796908498527	0.54907779735064	0.919499535115827	sample_2022120210048
HROV.vOTU31353	Responder_Status	Responder	-0.287835393465706	0.474383625696288	0.548901160570951	0.919499535115827	sample_2022120210048
HROV.vOTU63928	Responder_Status	Responder	-0.481337494017819	0.794510886657747	0.549508498057096	0.919584201512976	sample_2022120210048
HROV.vOTU26544	Responder_Status	Responder	0.163070619878919	0.269140955079331	0.549466399593141	0.919584201512976	sample_2022120210048
HROV.vOTU75081	Responder_Status	Responder	0.766753090082283	1.26613829638422	0.549668718693072	0.919698544794927	sample_2022120210048
HROV.vOTU43884	Responder_Status	Responder	-0.395725898160254	0.653910514645801	0.549940975341258	0.919730924527057	sample_2022120210048
HROV.vOTU02040	Responder_Status	Responder	-0.679502058478367	1.12313118649407	0.5500467132556	0.919744938702661	sample_2022120210048
HROV.vOTU04109	Responder_Status	Responder	-0.76017746644914	1.25671099736129	0.550120363305895	0.919744938702661	sample_2022120210048
HROV.vOTU27814	Responder_Status	Responder	0.718654473563527	1.18822169066402	0.550172295867946	0.919744938702661	sample_2022120210048
HROV.vOTU40169	Responder_Status	Responder	-0.374548411263834	0.619613462997104	0.550387159234799	0.920030437583521	sample_2022120210048
HROV.vOTU42430	Responder_Status	Responder	-0.57558919879579	0.953043386898348	0.550740159852191	0.920073781497991	sample_2022120210048
HROV.vOTU59704	Responder_Status	Responder	0.628615505239359	1.0410274875626	0.550810409361313	0.920074695323403	sample_2022120210048
HROV.vOTU47642	Responder_Status	Responder	-0.21755330257087	0.360460591134697	0.551006339705558	0.920282789847761	sample_2022120210048
HROV.vOTU61652	Responder_Status	Responder	0.316987980850869	0.525292068855262	0.55106641649544	0.920282789847761	sample_2022120210048
HROV.vOTU03486	Responder_Status	Responder	-0.246576526824414	0.409044900574212	0.551486463554377	0.920420886441607	sample_2022120210048
HROV.vOTU23806	Responder_Status	Responder	-0.482742114170506	0.800852194625905	0.551502787970881	0.920420886441607	sample_2022120210048
HROV.vOTU62918	Responder_Status	Responder	-0.195378579090926	0.32477383013165	0.552291547422777	0.920849900173237	sample_2022120210048
HROV.vOTU73260	Responder_Status	Responder	-0.408974647760814	0.679868182065913	0.55231359676374	0.920849900173237	sample_2022120210048
HROV.vOTU56332	Responder_Status	Responder	-0.426047528290591	0.710160683197082	0.553376750626068	0.920892698080376	sample_2022120210048
HROV.vOTU40888	Responder_Status	Responder	-0.380215471982837	0.633490574988694	0.553205893134158	0.920892698080376	sample_2022120210048
HROV.vOTU02236	Responder_Status	Responder	0.686502899570891	1.14328976645997	0.553027514294885	0.920892698080376	sample_2022120210048
HROV.vOTU66553	Responder_Status	Responder	0.593622135318084	0.988220107329615	0.552872787582511	0.920892698080376	sample_2022120210048
HROV.vOTU58889	Responder_Status	Responder	-0.54634928473599	0.915695237296177	0.555535180592798	0.920944636241205	sample_2022120210048
HROV.vOTU41845	Responder_Status	Responder	-0.660774765017914	1.10984927723581	0.556375833371874	0.920944636241205	sample_2022120210048
HROV.vOTU69787	Responder_Status	Responder	0.410646519431275	0.685397347423395	0.553899102356074	0.920944636241205	sample_2022120210048
HROV.vOTU21945	Responder_Status	Responder	0.360299460371431	0.603005574763393	0.554971505435749	0.920944636241205	sample_2022120210048
HROV.vOTU71045	Responder_Status	Responder	0.668112644065925	1.12104063457911	0.555979241420016	0.920944636241205	sample_2022120210048
HROV.vOTU37335	Responder_Status	Responder	-0.441410753488259	0.737723072333875	0.554421455944765	0.920944636241205	sample_2022120210048
HROV.vOTU23061	Responder_Status	Responder	-0.642573752564798	1.07972556019609	0.556538272749117	0.920944636241205	sample_2022120210048
HROV.vOTU22387	Responder_Status	Responder	-0.254470978613078	0.427562702251135	0.556512220232263	0.920944636241205	sample_2022120210048
HROV.vOTU70480	Responder_Status	Responder	0.314216834281724	0.527960168060038	0.556521392723426	0.920944636241205	sample_2022120210048
HROV.vOTU06266	Responder_Status	Responder	-0.301234817321496	0.506147746195005	0.556521781661814	0.920944636241205	sample_2022120210048
HROV.vOTU41784	Responder_Status	Responder	0.701762772832683	1.17158654393713	0.553998656177657	0.920944636241205	sample_2022120210048
HROV.vOTU56648	Responder_Status	Responder	-0.316737011583612	0.532020845141966	0.556393248737348	0.920944636241205	sample_2022120210048
HROV.vOTU19568	Responder_Status	Responder	0.508478985961367	0.850644791908447	0.554806270059652	0.920944636241205	sample_2022120210048
HROV.vOTU03023	Responder_Status	Responder	0.598278812065364	1.00145619883608	0.55503544159733	0.920944636241205	sample_2022120210048
HROV.vOTU61032	Responder_Status	Responder	0.303029678657826	0.509023263473263	0.556413691855366	0.920944636241205	sample_2022120210048
HROV.vOTU18620	Responder_Status	Responder	0.372781643581361	0.625874253068345	0.556215030625801	0.920944636241205	sample_2022120210048
HROV.vOTU14647	Responder_Status	Responder	-0.187120571634762	0.313301061856753	0.555136821812752	0.920944636241205	sample_2022120210048
HROV.vOTU37764	Responder_Status	Responder	-0.419929604970871	0.705712936461614	0.556593525616988	0.92096304444831	sample_2022120210048
HROV.vOTU21695	Responder_Status	Responder	-0.494469266655007	0.833915432937735	0.557974593692043	0.921003092272947	sample_2022120210048
HROV.vOTU22577	Responder_Status	Responder	-0.602366422600618	1.01684007021626	0.558343153868709	0.921003092272947	sample_2022120210048
HROV.vOTU58536	Responder_Status	Responder	-0.512843622054546	0.865407534985617	0.558202504427477	0.921003092272947	sample_2022120210048
HROV.vOTU73366	Responder_Status	Responder	-0.395615580254376	0.66819091430636	0.558554974142587	0.921003092272947	sample_2022120210048
HROV.vOTU29060	Responder_Status	Responder	0.729458814015835	1.23069691410431	0.558125604368057	0.921003092272947	sample_2022120210048
HROV.vOTU37908	Responder_Status	Responder	0.617758804642036	1.03902878687821	0.556915862768996	0.921003092272947	sample_2022120210048
HROV.vOTU34352	Responder_Status	Responder	-0.840344985746571	1.41975073378057	0.558669557748564	0.921003092272947	sample_2022120210048
HROV.vOTU33528	Responder_Status	Responder	-0.458857791961887	0.77368636740441	0.557888206870393	0.921003092272947	sample_2022120210048
HROV.vOTU11782	Responder_Status	Responder	0.164534004872284	0.276568321413842	0.55667946819666	0.921003092272947	sample_2022120210048
HROV.vOTU30602	Responder_Status	Responder	0.3894727386627	0.656228011171191	0.557609580625397	0.921003092272947	sample_2022120210048
HROV.vOTU34214	Responder_Status	Responder	-0.40590038311575	0.683723693406818	0.557504516570813	0.921003092272947	sample_2022120210048
HROV.vOTU20020	Responder_Status	Responder	0.463717580467214	0.783737408325364	0.558815806667645	0.921030028145089	sample_2022120210048
HROV.vOTU72645	Responder_Status	Responder	-0.683576438442542	1.15678728138103	0.559309926670679	0.921030028145089	sample_2022120210048
HROV.vOTU03839	Responder_Status	Responder	0.833706340237229	1.41061053145711	0.559244832901778	0.921030028145089	sample_2022120210048
HROV.vOTU05290	Responder_Status	Responder	-0.52565089599274	0.889774484831595	0.559414309380314	0.921030028145089	sample_2022120210048
HROV.vOTU63649	Responder_Status	Responder	-0.452521864875417	0.766692826349446	0.559773108973203	0.921135024507635	sample_2022120210048
HROV.vOTU24406	Responder_Status	Responder	-0.246368068512948	0.419744004871386	0.561941581568755	0.921174058437672	sample_2022120210048
HROV.vOTU48856	Responder_Status	Responder	0.914330058484351	1.55616800643391	0.561541699077852	0.921174058437672	sample_2022120210048
HROV.vOTU25935	Responder_Status	Responder	0.688448921782743	1.17058802276454	0.561164374450881	0.921174058437672	sample_2022120210048
HROV.vOTU52475	Responder_Status	Responder	-0.581748708745387	0.986628223426825	0.560164897823343	0.921174058437672	sample_2022120210048
HROV.vOTU07697	Responder_Status	Responder	0.292097593979636	0.497508333949566	0.56182726419426	0.921174058437672	sample_2022120210048
HROV.vOTU60000	Responder_Status	Responder	0.811608711465731	1.38227793715355	0.561806042182901	0.921174058437672	sample_2022120210048
HROV.vOTU46619	Responder_Status	Responder	-0.276363424512145	0.469415540080646	0.560756032105103	0.921174058437672	sample_2022120210048
HROV.vOTU04734	Responder_Status	Responder	-0.605900281406267	1.02974344608632	0.560981089311965	0.921174058437672	sample_2022120210048
HROV.vOTU48740	Responder_Status	Responder	-0.227765096960383	0.388164049272052	0.56205619119152	0.921174058437672	sample_2022120210048
HROV.vOTU70611	Responder_Status	Responder	0.343589509551751	0.586115106981878	0.562427366640465	0.921174058437672	sample_2022120210048
HROV.vOTU52334	Responder_Status	Responder	-0.891274508880316	1.51097130166662	0.560009230586074	0.921174058437672	sample_2022120210048
HROV.vOTU05711	Responder_Status	Responder	0.609998569292629	1.04123320413268	0.562674317344215	0.921309666010809	sample_2022120210048
HROV.vOTU17802	Responder_Status	Responder	-0.189301901886128	0.323306879833688	0.562889533972193	0.92132646581879	sample_2022120210048
HROV.vOTU15866	Responder_Status	Responder	0.387930819795438	0.662678026853901	0.562968456373836	0.92132646581879	sample_2022120210048
HROV.vOTU74699	Responder_Status	Responder	-0.471683314328574	0.808421060646898	0.564252751809453	0.922149579781659	sample_2022120210048
HROV.vOTU06709	Responder_Status	Responder	-0.592468668054884	1.0162592338824	0.564566536497783	0.922207117326633	sample_2022120210048
HROV.vOTU61207	Responder_Status	Responder	0.606975375725427	1.04407273729332	0.565653272234089	0.922527562052557	sample_2022120210048
HROV.vOTU11617	Responder_Status	Responder	-0.615968433008928	1.05898173178142	0.565448936329568	0.922527562052557	sample_2022120210048
HROV.vOTU65890	Responder_Status	Responder	0.242868599819861	0.417630690040055	0.56552992844005	0.922527562052557	sample_2022120210048
HROV.vOTU48924	Responder_Status	Responder	0.415381390300428	0.714412562213831	0.565602000636083	0.922527562052557	sample_2022120210048
HROV.vOTU37690	Responder_Status	Responder	-0.201864715601416	0.348144077909032	0.566665508834677	0.922643755259272	sample_2022120210048
HROV.vOTU48198	Responder_Status	Responder	-0.413249446915014	0.712908389703769	0.566774587894401	0.922643755259272	sample_2022120210048
HROV.vOTU10126	Responder_Status	Responder	0.217162726170573	0.374820221797772	0.56696658285675	0.922643755259272	sample_2022120210048
HROV.vOTU07934	Responder_Status	Responder	-0.666210084585056	1.153631205782	0.568223842982623	0.923072595199486	sample_2022120210048
HROV.vOTU21304	Responder_Status	Responder	-0.657221390290975	1.13773988671958	0.568113570099209	0.923072595199486	sample_2022120210048
HROV.vOTU00058	Responder_Status	Responder	0.43173950873557	0.747815910950038	0.568327557134748	0.923072595199486	sample_2022120210048
HROV.vOTU07922	Responder_Status	Responder	-0.292941983794154	0.507203984153432	0.568175347389228	0.923072595199486	sample_2022120210048
HROV.vOTU11476	Responder_Status	Responder	0.408628048302587	0.707308394775541	0.568068697446081	0.923072595199486	sample_2022120210048
HROV.vOTU02846	Responder_Status	Responder	0.356817698501952	0.620271436293079	0.569709488397357	0.923248185574751	sample_2022120210048
HROV.vOTU33454	Responder_Status	Responder	-0.530424467646188	0.920744737179999	0.569161792586624	0.923248185574751	sample_2022120210048
HROV.vOTU43876	Responder_Status	Responder	-0.273677168036739	0.475273937331323	0.569329538264572	0.923248185574751	sample_2022120210048
HROV.vOTU69434	Responder_Status	Responder	-0.199903456120593	0.347674865688283	0.569901681458861	0.923248185574751	sample_2022120210048
HROV.vOTU08047	Responder_Status	Responder	0.408798108707235	0.71132208484404	0.570082178509012	0.923248185574751	sample_2022120210048
HROV.vOTU31636	Responder_Status	Responder	-0.224803545058152	0.391929463426519	0.570829751040907	0.923248185574751	sample_2022120210048
HROV.vOTU47996	Responder_Status	Responder	0.334030950609151	0.582086009653251	0.570649589712404	0.923248185574751	sample_2022120210048
HROV.vOTU41205	Responder_Status	Responder	0.547774641633137	0.95205971660531	0.569644883826772	0.923248185574751	sample_2022120210048
HROV.vOTU08375	Responder_Status	Responder	0.311063537845063	0.54236530741993	0.57086328718531	0.923248185574751	sample_2022120210048
HROV.vOTU09913	Responder_Status	Responder	0.609236053524374	1.06275017560562	0.571042049845874	0.923335036481457	sample_2022120210048
HROV.vOTU35521	Responder_Status	Responder	-0.690805339250518	1.21703616744636	0.574821372673354	0.923430053196397	sample_2022120210048
HROV.vOTU44478	Responder_Status	Responder	-0.457319304580381	0.805189027467965	0.574585373540358	0.923430053196397	sample_2022120210048
HROV.vOTU60665	Responder_Status	Responder	0.491466845966633	0.86730173326958	0.575458586246614	0.923430053196397	sample_2022120210048
HROV.vOTU17050	Responder_Status	Responder	0.59277667625201	1.03554675305551	0.571599694431263	0.923430053196397	sample_2022120210048
HROV.vOTU23304	Responder_Status	Responder	0.19964008012481	0.352515463254125	0.575681076378658	0.923430053196397	sample_2022120210048
HROV.vOTU74677	Responder_Status	Responder	-0.540775548830135	0.950615274521636	0.573980164404101	0.923430053196397	sample_2022120210048
HROV.vOTU68953	Responder_Status	Responder	-0.252973432525342	0.445733536015314	0.574867423408086	0.923430053196397	sample_2022120210048
HROV.vOTU33749	Responder_Status	Responder	-0.540111758036332	0.952677033082176	0.575271462372856	0.923430053196397	sample_2022120210048
HROV.vOTU43190	Responder_Status	Responder	-0.292166529330434	0.511401131799125	0.572349942831029	0.923430053196397	sample_2022120210048
HROV.vOTU56079	Responder_Status	Responder	-0.413165007431754	0.723216418049806	0.572361832617732	0.923430053196397	sample_2022120210048
HROV.vOTU42245	Responder_Status	Responder	-0.373107096258632	0.654481967491307	0.573169756424171	0.923430053196397	sample_2022120210048
HROV.vOTU03138	Responder_Status	Responder	-0.25358949873595	0.447163715259249	0.575160542467402	0.923430053196397	sample_2022120210048
HROV.vOTU63466	Responder_Status	Responder	-0.209525137349138	0.369653110404556	0.575355589233672	0.923430053196397	sample_2022120210048
HROV.vOTU44975	Responder_Status	Responder	0.23565937538418	0.415721887932091	0.575320544419879	0.923430053196397	sample_2022120210048
HROV.vOTU60252	Responder_Status	Responder	0.265232418167216	0.465665640374563	0.573506332760503	0.923430053196397	sample_2022120210048
HROV.vOTU66463	Responder_Status	Responder	0.300832219362208	0.530996470766067	0.575538427900491	0.923430053196397	sample_2022120210048
HROV.vOTU01844	Responder_Status	Responder	0.267694359948487	0.472020778958375	0.575148821722614	0.923430053196397	sample_2022120210048
HROV.vOTU47650	Responder_Status	Responder	-0.407390910278541	0.712390916716966	0.571976810942847	0.923430053196397	sample_2022120210048
HROV.vOTU24201	Responder_Status	Responder	0.26018252644534	0.459580349836206	0.575814719927391	0.923430053196397	sample_2022120210048
HROV.vOTU16457	Responder_Status	Responder	-0.221512625775307	0.387229928742705	0.571856593195782	0.923430053196397	sample_2022120210048
HROV.vOTU05119	Responder_Status	Responder	-0.354807788966217	0.625681234031967	0.575182149864214	0.923430053196397	sample_2022120210048
HROV.vOTU04128	Responder_Status	Responder	-0.260530011580478	0.461246455872178	0.576681049215062	0.924078211643363	sample_2022120210048
HROV.vOTU21900	Responder_Status	Responder	0.154133213352849	0.273097811181271	0.576983529527989	0.924078211643363	sample_2022120210048
HROV.vOTU52804	Responder_Status	Responder	0.556105800180626	0.987648551312621	0.57787511154283	0.924186252701867	sample_2022120210048
HROV.vOTU56918	Responder_Status	Responder	-0.835340875118959	1.48432975871337	0.57806810185112	0.924186252701867	sample_2022120210048
HROV.vOTU71347	Responder_Status	Responder	0.858040497306345	1.52335765722114	0.57774367756617	0.924186252701867	sample_2022120210048
HROV.vOTU68703	Responder_Status	Responder	0.42703802750721	0.758453393007551	0.577890213086861	0.924186252701867	sample_2022120210048
HROV.vOTU17233	Responder_Status	Responder	0.210783589142661	0.374503451031402	0.578026634680493	0.924186252701867	sample_2022120210048
HROV.vOTU58363	Responder_Status	Responder	0.417028386687649	0.74118685961784	0.578151171536496	0.924186252701867	sample_2022120210048
HROV.vOTU46545	Responder_Status	Responder	-0.172169727212453	0.305556102776674	0.577604362051853	0.924186252701867	sample_2022120210048
HROV.vOTU43123	Responder_Status	Responder	-0.476628380532539	0.84974224033795	0.579320818905468	0.924283733161389	sample_2022120210048
HROV.vOTU28376	Responder_Status	Responder	-0.46942675498081	0.837104653143066	0.579411671954268	0.924283733161389	sample_2022120210048
HROV.vOTU01908	Responder_Status	Responder	-0.451971786959942	0.805640058281656	0.579253428407483	0.924283733161389	sample_2022120210048
HROV.vOTU17609	Responder_Status	Responder	-0.35084233179438	0.624218294135099	0.578553507956661	0.924283733161389	sample_2022120210048
HROV.vOTU46317	Responder_Status	Responder	-0.489149824100403	0.871382600740294	0.579025141115588	0.924283733161389	sample_2022120210048
HROV.vOTU27519	Responder_Status	Responder	-0.230474821216504	0.410643062524006	0.579089464509206	0.924283733161389	sample_2022120210048
HROV.vOTU63797	Responder_Status	Responder	0.456619597450277	0.81377807369442	0.579185416237485	0.924283733161389	sample_2022120210048
HROV.vOTU20478	Responder_Status	Responder	-0.435749954904795	0.778158018272735	0.579948563650124	0.92441291577382	sample_2022120210048
HROV.vOTU57517	Responder_Status	Responder	-0.600967728740913	1.07391704330249	0.580199360988285	0.924442207374573	sample_2022120210048
HROV.vOTU07478	Responder_Status	Responder	0.34961529663637	0.625078075656745	0.580393803423053	0.924442207374573	sample_2022120210048
HROV.vOTU06722	Responder_Status	Responder	0.408714326088187	0.731069158638272	0.580562616317154	0.924484355311614	sample_2022120210048
HROV.vOTU02230	Responder_Status	Responder	-0.444698183809207	0.79542162682984	0.580556928552305	0.924484355311614	sample_2022120210048
HROV.vOTU03192	Responder_Status	Responder	0.540924848182114	0.968592675395664	0.58096601455153	0.924555700446516	sample_2022120210048
HROV.vOTU19458	Responder_Status	Responder	0.285474399368476	0.511245169889027	0.58101606842545	0.924555700446516	sample_2022120210048
HROV.vOTU02349	Responder_Status	Responder	-0.66630539190411	1.1957920289672	0.581812383295993	0.924654882247541	sample_2022120210048
HROV.vOTU52191	Responder_Status	Responder	-0.71407668893523	1.28139455889723	0.581774071124799	0.924654882247541	sample_2022120210048
HROV.vOTU67265	Responder_Status	Responder	0.40212798469385	0.721800091565763	0.58187317439676	0.924654882247541	sample_2022120210048
HROV.vOTU25310	Responder_Status	Responder	0.635617313966495	1.14193000105041	0.582211232525842	0.924654882247541	sample_2022120210048
HROV.vOTU12682	Responder_Status	Responder	0.383871262991852	0.689120477845899	0.581922382787481	0.924654882247541	sample_2022120210048
HROV.vOTU36805	Responder_Status	Responder	-0.269292032100278	0.484121639468161	0.582459354980753	0.92466319341422	sample_2022120210048
HROV.vOTU57371	Responder_Status	Responder	0.438997323642495	0.790048391813061	0.582857209562696	0.92466319341422	sample_2022120210048
HROV.vOTU43228	Responder_Status	Responder	0.489657145961021	0.881984066328398	0.583182322340647	0.924711168834848	sample_2022120210048
HROV.vOTU16149	Responder_Status	Responder	-0.642638182522936	1.15822764259942	0.583405460471895	0.924711168834848	sample_2022120210048
HROV.vOTU06297	Responder_Status	Responder	0.468795679990383	0.8465709670648	0.584139852821553	0.924888573181777	sample_2022120210048
HROV.vOTU12978	Responder_Status	Responder	-0.763718124273589	1.3780293567386	0.583834628090537	0.924888573181777	sample_2022120210048
HROV.vOTU58571	Responder_Status	Responder	0.259421320879151	0.468360053258076	0.584048932084802	0.924888573181777	sample_2022120210048
HROV.vOTU07570	Responder_Status	Responder	-0.250660717295678	0.452431174292491	0.583955974125929	0.924888573181777	sample_2022120210048
HROV.vOTU31620	Responder_Status	Responder	0.420013056311357	0.758672401228006	0.584236041026177	0.924903753031655	sample_2022120210048
HROV.vOTU02362	Responder_Status	Responder	-0.288244755079361	0.520988384035098	0.58447283907753	0.925068114026091	sample_2022120210048
HROV.vOTU62233	Responder_Status	Responder	-0.630877990947188	1.14109853822581	0.584740508943109	0.925308612968245	sample_2022120210048
HROV.vOTU27575	Responder_Status	Responder	0.538963614509174	0.976400203818092	0.585334178649103	0.925308612968245	sample_2022120210048
HROV.vOTU27141	Responder_Status	Responder	-0.274021716543974	0.497166092126273	0.585890692715457	0.925361707830183	sample_2022120210048
HROV.vOTU12828	Responder_Status	Responder	0.858730308098365	1.55771696306443	0.585817943059046	0.925361707830183	sample_2022120210048
HROV.vOTU03824	Responder_Status	Responder	0.425983917133287	0.773028843559821	0.585964476888803	0.925361707830183	sample_2022120210048
HROV.vOTU73063	Responder_Status	Responder	-0.373262940699109	0.677233987750139	0.585897003922812	0.925361707830183	sample_2022120210048
HROV.vOTU67200	Responder_Status	Responder	0.16186468850399	0.293312616687375	0.585428857562421	0.925361707830183	sample_2022120210048
HROV.vOTU75469	Responder_Status	Responder	-0.362917197750479	0.659007931359999	0.586205209481566	0.925563831281607	sample_2022120210048
HROV.vOTU75484	Responder_Status	Responder	0.72166450048683	1.31148509100925	0.586500982664213	0.925820702534009	sample_2022120210048
HROV.vOTU28978	Responder_Status	Responder	0.394777992019077	0.717958581028135	0.586773903973346	0.926041392613713	sample_2022120210048
HROV.vOTU57710	Responder_Status	Responder	-0.48459501955822	0.881932543278193	0.58703942817271	0.926180289232269	sample_2022120210048
HROV.vOTU01341	Responder_Status	Responder	-0.41547985374408	0.757840886739728	0.587870912423349	0.926212338178039	sample_2022120210048
HROV.vOTU24158	Responder_Status	Responder	0.497752384437269	0.908376758914186	0.588062933767805	0.926212338178039	sample_2022120210048
HROV.vOTU32744	Responder_Status	Responder	0.343562203035658	0.626340757340213	0.587680391469948	0.926212338178039	sample_2022120210048
HROV.vOTU02709	Responder_Status	Responder	0.404221108698081	0.738692313232959	0.588568664538436	0.926212338178039	sample_2022120210048
HROV.vOTU40992	Responder_Status	Responder	-0.493823597381889	0.903846227974442	0.589147451178073	0.92646467153885	sample_2022120210048
HROV.vOTU19773	Responder_Status	Responder	0.284816421751112	0.521335872797257	0.589172933429019	0.92646467153885	sample_2022120210048
HROV.vOTU51944	Responder_Status	Responder	-0.715775077203206	1.31257595284198	0.589850893073713	0.926751726969902	sample_2022120210048
HROV.vOTU01715	Responder_Status	Responder	0.387841841562334	0.711240996629683	0.589863033412942	0.926751726969902	sample_2022120210048
HROV.vOTU43842	Responder_Status	Responder	-0.780659007277572	1.43546739608508	0.590858694686909	0.92688412480936	sample_2022120210048
HROV.vOTU19474	Responder_Status	Responder	-0.220873545593141	0.407282197745847	0.591894864087495	0.92688412480936	sample_2022120210048
HROV.vOTU47932	Responder_Status	Responder	-0.655994501417158	1.20946955630756	0.591846503550976	0.92688412480936	sample_2022120210048
HROV.vOTU72267	Responder_Status	Responder	-0.778247072920287	1.43073735291996	0.590782553757263	0.92688412480936	sample_2022120210048
HROV.vOTU05602	Responder_Status	Responder	-0.686169361133361	1.264538217196	0.591681735862069	0.92688412480936	sample_2022120210048
HROV.vOTU61630	Responder_Status	Responder	0.444604102275713	0.820433181571901	0.592164687811739	0.92688412480936	sample_2022120210048
HROV.vOTU17522	Responder_Status	Responder	-0.271152366151105	0.500031494521751	0.591922220383794	0.92688412480936	sample_2022120210048
HROV.vOTU42166	Responder_Status	Responder	0.328096129196018	0.603656714380029	0.591077155677121	0.92688412480936	sample_2022120210048
HROV.vOTU42674	Responder_Status	Responder	0.149804572188144	0.274873853803392	0.590072767264304	0.92688412480936	sample_2022120210048
HROV.vOTU18330	Responder_Status	Responder	-0.360622857013844	0.667068261110904	0.593052254755875	0.927039766372626	sample_2022120210048
HROV.vOTU41963	Responder_Status	Responder	-0.51674738195546	0.954931279504407	0.592693778522542	0.927039766372626	sample_2022120210048
HROV.vOTU13413	Responder_Status	Responder	0.338269828531212	0.6266282832621	0.593585206146404	0.927091731685881	sample_2022120210048
HROV.vOTU71479	Responder_Status	Responder	-0.417182036862735	0.774376173112714	0.594328796706186	0.927091731685881	sample_2022120210048
HROV.vOTU19271	Responder_Status	Responder	0.284278842242849	0.527429721256316	0.594154484039086	0.927091731685881	sample_2022120210048
HROV.vOTU47637	Responder_Status	Responder	0.201865380177019	0.373811598786674	0.593453393498333	0.927091731685881	sample_2022120210048
HROV.vOTU12914	Responder_Status	Responder	0.178803244645968	0.331852760738744	0.594281201211228	0.927091731685881	sample_2022120210048
HROV.vOTU74567	Responder_Status	Responder	-0.441418113497515	0.819877143395768	0.594558719773551	0.927265578253188	sample_2022120210048
HROV.vOTU63903	Responder_Status	Responder	0.602152531879823	1.12060751400864	0.595274562330267	0.927497835415138	sample_2022120210048
HROV.vOTU59579	Responder_Status	Responder	-0.486498441469728	0.905105629885982	0.595165610165857	0.927497835415138	sample_2022120210048
HROV.vOTU52384	Responder_Status	Responder	0.280192187309697	0.521308088215641	0.595183007425319	0.927497835415138	sample_2022120210048
HROV.vOTU13727	Responder_Status	Responder	-0.382196670618159	0.711800323524237	0.595547910606559	0.927612873674071	sample_2022120210048
HROV.vOTU66996	Responder_Status	Responder	-0.684644591439481	1.28298941705216	0.597807112953439	0.927632584303003	sample_2022120210048
HROV.vOTU00617	Responder_Status	Responder	0.355246647946791	0.665428508044462	0.59765062003128	0.927632584303003	sample_2022120210048
HROV.vOTU57404	Responder_Status	Responder	0.409350959426793	0.766570431760374	0.597553951110637	0.927632584303003	sample_2022120210048
HROV.vOTU67011	Responder_Status	Responder	-0.480532051779679	0.898141489812293	0.596853467194002	0.927632584303003	sample_2022120210048
HROV.vOTU31297	Responder_Status	Responder	0.367580830126157	0.687159144672966	0.59692245938902	0.927632584303003	sample_2022120210048
HROV.vOTU44398	Responder_Status	Responder	-0.3576805743277	0.667509013551351	0.596297834902494	0.927632584303003	sample_2022120210048
HROV.vOTU67775	Responder_Status	Responder	0.182332288834373	0.341599086261771	0.59771919075052	0.927632584303003	sample_2022120210048
HROV.vOTU34175	Responder_Status	Responder	0.321947437952093	0.604666673035505	0.598623024633099	0.9277870231042	sample_2022120210048
HROV.vOTU25224	Responder_Status	Responder	-0.166903894826593	0.313479581386146	0.598632849193937	0.9277870231042	sample_2022120210048
HROV.vOTU17386	Responder_Status	Responder	0.228551002996603	0.429521471277551	0.598849741349513	0.927908092803054	sample_2022120210048
HROV.vOTU50677	Responder_Status	Responder	-0.298151666658597	0.563206391804723	0.600712500249959	0.928061008647751	sample_2022120210048
HROV.vOTU55005	Responder_Status	Responder	-0.210220318303548	0.397771790345758	0.601320321818152	0.928061008647751	sample_2022120210048
HROV.vOTU02348	Responder_Status	Responder	-0.700744625936316	1.32379394217579	0.600737762906385	0.928061008647751	sample_2022120210048
HROV.vOTU45051	Responder_Status	Responder	0.669714864109061	1.26516005307153	0.600733524025219	0.928061008647751	sample_2022120210048
HROV.vOTU52532	Responder_Status	Responder	-0.268726068300511	0.505480831528481	0.599178845429572	0.928061008647751	sample_2022120210048
HROV.vOTU33092	Responder_Status	Responder	-0.335122936318622	0.633469263392728	0.600955281072497	0.928061008647751	sample_2022120210048
HROV.vOTU36381	Responder_Status	Responder	-0.280546807548519	0.529291374569451	0.600261058465207	0.928061008647751	sample_2022120210048
HROV.vOTU55741	Responder_Status	Responder	0.581027133713079	1.09391598583418	0.599507332697328	0.928061008647751	sample_2022120210048
HROV.vOTU29143	Responder_Status	Responder	0.530919333580915	1.00343376675658	0.600904222518146	0.928061008647751	sample_2022120210048
HROV.vOTU15078	Responder_Status	Responder	0.242177551452054	0.457974677869477	0.601110523351697	0.928061008647751	sample_2022120210048
HROV.vOTU46569	Responder_Status	Responder	0.172367907041132	0.326485227217733	0.601693377278908	0.92823186091333	sample_2022120210048
HROV.vOTU54272	Responder_Status	Responder	-0.41700712141785	0.79004307014132	0.601776782671642	0.928239575340514	sample_2022120210048
HROV.vOTU23983	Responder_Status	Responder	-0.300634104952991	0.570279745680814	0.602228172751009	0.928240146194697	sample_2022120210048
HROV.vOTU66226	Responder_Status	Responder	-0.513961909234584	0.975184505476165	0.602316470689363	0.928240146194697	sample_2022120210048
HROV.vOTU05840	Responder_Status	Responder	0.519156754455066	0.984732916773133	0.602203422048397	0.928240146194697	sample_2022120210048
HROV.vOTU13086	Responder_Status	Responder	0.280506247481098	0.533294293990608	0.603038306635272	0.928359598768238	sample_2022120210048
HROV.vOTU43519	Responder_Status	Responder	0.304907784384134	0.579789034697738	0.603102322808886	0.928359598768238	sample_2022120210048
HROV.vOTU72977	Responder_Status	Responder	-0.196438770723372	0.373889727175339	0.603446684084954	0.928482180540622	sample_2022120210048
HROV.vOTU59157	Responder_Status	Responder	-0.506867637686612	0.966551248421118	0.604121703786321	0.928699171922549	sample_2022120210048
HROV.vOTU09663	Responder_Status	Responder	-0.627227038364732	1.19756968621331	0.604573725490964	0.928877731414096	sample_2022120210048
HROV.vOTU08951	Responder_Status	Responder	-0.413818783862683	0.790206434408367	0.604618713885761	0.928877731414096	sample_2022120210048
HROV.vOTU42450	Responder_Status	Responder	0.560686966187345	1.07224158680225	0.605149789323922	0.928877731414096	sample_2022120210048
HROV.vOTU04431	Responder_Status	Responder	0.290297758270842	0.555101719721463	0.605113981899282	0.928877731414096	sample_2022120210048
HROV.vOTU31635	Responder_Status	Responder	-0.18667850183405	0.356938156737311	0.605088986602372	0.928877731414096	sample_2022120210048
HROV.vOTU16478	Responder_Status	Responder	-0.366601347780609	0.701883600382712	0.605562171724149	0.928944894332341	sample_2022120210048
HROV.vOTU30954	Responder_Status	Responder	-0.502295776977037	0.961820614193046	0.605614653721232	0.928944894332341	sample_2022120210048
HROV.vOTU59165	Responder_Status	Responder	0.323869069838442	0.620487264100989	0.605803696700437	0.929163162353062	sample_2022120210048
HROV.vOTU63233	Responder_Status	Responder	-0.443702312954696	0.850966898070923	0.606181475500383	0.929440401983891	sample_2022120210048
HROV.vOTU65967	Responder_Status	Responder	-0.406887842973972	0.780844075443756	0.606403126038176	0.929527676677722	sample_2022120210048
HROV.vOTU17856	Responder_Status	Responder	-0.590893977812039	1.13944936245095	0.608129047314423	0.930150466633771	sample_2022120210048
HROV.vOTU05407	Responder_Status	Responder	0.275719157402768	0.532244066130814	0.608505749183896	0.930367398202777	sample_2022120210048
HROV.vOTU50950	Responder_Status	Responder	0.542316203369156	1.04704102693686	0.608560973089132	0.930383672139051	sample_2022120210048
HROV.vOTU59262	Responder_Status	Responder	-0.52897367448697	1.02445702808312	0.609667351402401	0.93047767421174	sample_2022120210048
HROV.vOTU43151	Responder_Status	Responder	-0.645987656978057	1.25314005108776	0.61025350862209	0.93047767421174	sample_2022120210048
HROV.vOTU42542	Responder_Status	Responder	-0.727869422673475	1.41147795522436	0.610126815361608	0.93047767421174	sample_2022120210048
HROV.vOTU66910	Responder_Status	Responder	-0.55633766960216	1.08159160749293	0.611030020367604	0.93047767421174	sample_2022120210048
HROV.vOTU31990	Responder_Status	Responder	0.606054872828363	1.17331510368278	0.609538697146315	0.93047767421174	sample_2022120210048
HROV.vOTU30479	Responder_Status	Responder	0.692663765097032	1.34536564104358	0.610697322711544	0.93047767421174	sample_2022120210048
HROV.vOTU22737	Responder_Status	Responder	-0.607932276518953	1.17532265041391	0.609045965821553	0.93047767421174	sample_2022120210048
HROV.vOTU46594	Responder_Status	Responder	-0.608207694916186	1.18068674853608	0.610505042116397	0.93047767421174	sample_2022120210048
HROV.vOTU04775	Responder_Status	Responder	-0.441628772955728	0.858065544992185	0.610816079674888	0.93047767421174	sample_2022120210048
HROV.vOTU59311	Responder_Status	Responder	-0.248089781016399	0.479895290677965	0.609239331993063	0.93047767421174	sample_2022120210048
HROV.vOTU19602	Responder_Status	Responder	0.293535414175095	0.573279799756346	0.612646446658451	0.930934950413025	sample_2022120210048
HROV.vOTU00728	Responder_Status	Responder	-0.278358949532369	0.5430841721888	0.612284535181032	0.930934950413025	sample_2022120210048
HROV.vOTU35173	Responder_Status	Responder	0.494872647582133	0.965995678581681	0.612463640779882	0.930934950413025	sample_2022120210048
HROV.vOTU17656	Responder_Status	Responder	-0.276096961348308	0.540088083798878	0.613213675914429	0.931288707344937	sample_2022120210048
HROV.vOTU29531	Responder_Status	Responder	-0.378243421317994	0.741922986360999	0.614176321492774	0.931395133669103	sample_2022120210048
HROV.vOTU16189	Responder_Status	Responder	0.559180725747575	1.09634766250372	0.614020944525929	0.931395133669103	sample_2022120210048
HROV.vOTU47526	Responder_Status	Responder	-0.200995957234411	0.394416175264837	0.614322403327689	0.931403045828332	sample_2022120210048
HROV.vOTU56612	Responder_Status	Responder	0.257726904063449	0.506545141126198	0.614882935120486	0.931427262165786	sample_2022120210048
HROV.vOTU07688	Responder_Status	Responder	0.456769628125385	0.900066654780816	0.615789310996048	0.931861020270736	sample_2022120210048
HROV.vOTU51983	Responder_Status	Responder	-0.511582684710732	1.00773586586961	0.615670690963271	0.931861020270736	sample_2022120210048
HROV.vOTU00966	Responder_Status	Responder	-0.52288938986266	1.03062216299215	0.61588008767549	0.931861020270736	sample_2022120210048
HROV.vOTU65171	Responder_Status	Responder	0.59729757978227	1.17748396963623	0.615940437411252	0.931861020270736	sample_2022120210048
HROV.vOTU00709	Responder_Status	Responder	-0.467021691087597	0.919777597805066	0.615601805022932	0.931861020270736	sample_2022120210048
HROV.vOTU04693	Responder_Status	Responder	0.215912242646411	0.426296057909775	0.616481946719225	0.931996155256258	sample_2022120210048
HROV.vOTU01160	Responder_Status	Responder	-0.168672639231156	0.333392207527804	0.616867012343196	0.932034801473514	sample_2022120210048
HROV.vOTU57265	Responder_Status	Responder	-0.686211407619846	1.35739650075164	0.617139808827603	0.932038967113183	sample_2022120210048
HROV.vOTU12943	Responder_Status	Responder	0.412926965324222	0.817222751158432	0.617316010643074	0.932038967113183	sample_2022120210048
HROV.vOTU12753	Responder_Status	Responder	0.446877574313173	0.88399534294699	0.617149995144933	0.932038967113183	sample_2022120210048
HROV.vOTU59318	Responder_Status	Responder	0.236831204920839	0.469403060577462	0.617831776338042	0.932053449350271	sample_2022120210048
HROV.vOTU49019	Responder_Status	Responder	0.395413368534613	0.784694555382308	0.618268511444667	0.932114703015979	sample_2022120210048
HROV.vOTU39186	Responder_Status	Responder	-0.551091884550247	1.09591617400906	0.618995667605211	0.932166033141	sample_2022120210048
HROV.vOTU28719	Responder_Status	Responder	0.305613920239273	0.607800597367312	0.619023532029129	0.932166033141	sample_2022120210048
HROV.vOTU69810	Responder_Status	Responder	0.691532379730445	1.37425624548259	0.618755997444242	0.932166033141	sample_2022120210048
HROV.vOTU64692	Responder_Status	Responder	0.269359282256978	0.535110992291276	0.618640771878778	0.932166033141	sample_2022120210048
HROV.vOTU65832	Responder_Status	Responder	-0.45226854720973	0.906637213192333	0.621787415614103	0.932312401064246	sample_2022120210048
HROV.vOTU50713	Responder_Status	Responder	0.498814135440143	1.0023486792217	0.622619915757875	0.932312401064246	sample_2022120210048
HROV.vOTU43245	Responder_Status	Responder	0.358195058320936	0.717670347711667	0.621602226744492	0.932312401064246	sample_2022120210048
HROV.vOTU69059	Responder_Status	Responder	-0.40624594248351	0.810416121097551	0.620092055652606	0.932312401064246	sample_2022120210048
HROV.vOTU61483	Responder_Status	Responder	0.457461099038016	0.915283086391193	0.6211190992328	0.932312401064246	sample_2022120210048
HROV.vOTU28595	Responder_Status	Responder	-0.630891607619288	1.26803922931441	0.62269796243329	0.932312401064246	sample_2022120210048
HROV.vOTU07891	Responder_Status	Responder	-0.309491392273749	0.621041252961862	0.622134608757142	0.932312401064246	sample_2022120210048
HROV.vOTU52852	Responder_Status	Responder	-0.423299378815734	0.846665666311849	0.621009512037745	0.932312401064246	sample_2022120210048
HROV.vOTU75577	Responder_Status	Responder	-0.413870460105818	0.831284780302914	0.622464634042948	0.932312401064246	sample_2022120210048
HROV.vOTU30360	Responder_Status	Responder	0.313543523191591	0.629507655340789	0.622319238933241	0.932312401064246	sample_2022120210048
HROV.vOTU07059	Responder_Status	Responder	0.447258390382878	0.896629268056137	0.621801205259029	0.932312401064246	sample_2022120210048
HROV.vOTU26162	Responder_Status	Responder	-0.699137727327379	1.39334853189632	0.619753541690691	0.932312401064246	sample_2022120210048
HROV.vOTU39131	Responder_Status	Responder	0.318242376341131	0.633914777886892	0.619573634249256	0.932312401064246	sample_2022120210048
HROV.vOTU27652	Responder_Status	Responder	-0.336261837476327	0.672003796795944	0.620713172770928	0.932312401064246	sample_2022120210048
HROV.vOTU04898	Responder_Status	Responder	-0.335944879875171	0.670479999705276	0.620251410728488	0.932312401064246	sample_2022120210048
HROV.vOTU01364	Responder_Status	Responder	-0.243788167864606	0.491560429561391	0.623802116749979	0.932969211235765	sample_2022120210048
HROV.vOTU32409	Responder_Status	Responder	0.284249330488028	0.573290224656191	0.62389024504935	0.932969211235765	sample_2022120210048
HROV.vOTU21972	Responder_Status	Responder	-0.128836531432953	0.260017418914126	0.624119512048083	0.933182718304349	sample_2022120210048
HROV.vOTU64705	Responder_Status	Responder	0.419672133375912	0.848481458306042	0.624730268952702	0.933494717050396	sample_2022120210048
HROV.vOTU05726	Responder_Status	Responder	0.425213017295477	0.860104106172894	0.624898739760278	0.933502048699068	sample_2022120210048
HROV.vOTU12546	Responder_Status	Responder	0.17313219155636	0.350908927443973	0.625590340757462	0.933710248988646	sample_2022120210048
HROV.vOTU45083	Responder_Status	Responder	-0.211618802452069	0.429520275834743	0.626075695970246	0.933765393783252	sample_2022120210048
HROV.vOTU07424	Responder_Status	Responder	-0.310951935150926	0.633271996570317	0.627235939730562	0.933765393783252	sample_2022120210048
HROV.vOTU00572	Responder_Status	Responder	-0.493901401759728	1.00605210358099	0.627301622846847	0.933765393783252	sample_2022120210048
HROV.vOTU55384	Responder_Status	Responder	-0.761708648438368	1.55038576128478	0.627041557934199	0.933765393783252	sample_2022120210048
HROV.vOTU34657	Responder_Status	Responder	-0.538163161304511	1.09404902669371	0.626624245678024	0.933765393783252	sample_2022120210048
HROV.vOTU60666	Responder_Status	Responder	-0.386616361811147	0.785421479818948	0.626386779784825	0.933765393783252	sample_2022120210048
HROV.vOTU55043	Responder_Status	Responder	-0.260961311410304	0.530912949318723	0.6268806320723	0.933765393783252	sample_2022120210048
HROV.vOTU67216	Responder_Status	Responder	0.794854024085726	1.62047560627113	0.627597497288336	0.933765393783252	sample_2022120210048
HROV.vOTU22789	Responder_Status	Responder	0.576239296496454	1.17483220665991	0.627611580923766	0.933765393783252	sample_2022120210048
HROV.vOTU37106	Responder_Status	Responder	-0.74709209104459	1.52024622706916	0.626953799752141	0.933765393783252	sample_2022120210048
HROV.vOTU29883	Responder_Status	Responder	-0.468224282202616	0.955290135439119	0.627854808457673	0.933884245778037	sample_2022120210048
HROV.vOTU22906	Responder_Status	Responder	-0.375075952797656	0.765667820648814	0.628043860481926	0.934032307294078	sample_2022120210048
HROV.vOTU59281	Responder_Status	Responder	-0.462425612200124	0.94620807713267	0.628849908583106	0.93482575104776	sample_2022120210048
HROV.vOTU67860	Responder_Status	Responder	-0.268131597727885	0.548872113408385	0.628990245374831	0.934840223684142	sample_2022120210048
HROV.vOTU73220	Responder_Status	Responder	-0.735264699818785	1.50503059224016	0.628973289038319	0.934840223684142	sample_2022120210048
HROV.vOTU22859	Responder_Status	Responder	0.275408326749779	0.564021788612229	0.629144098198559	0.934869158376926	sample_2022120210048
HROV.vOTU44031	Responder_Status	Responder	-0.523726841075593	1.07341474768828	0.629414419024785	0.934900560214412	sample_2022120210048
HROV.vOTU09858	Responder_Status	Responder	0.581953882392871	1.19242559307794	0.629320109675482	0.934900560214412	sample_2022120210048
HROV.vOTU20362	Responder_Status	Responder	-0.337431384762393	0.692085907437252	0.629659365167947	0.934900560214412	sample_2022120210048
HROV.vOTU37184	Responder_Status	Responder	-0.325453438174033	0.667649530179306	0.629726235080718	0.934900560214412	sample_2022120210048
HROV.vOTU15351	Responder_Status	Responder	-0.450004954671436	0.92279771006727	0.629592354032862	0.934900560214412	sample_2022120210048
HROV.vOTU06205	Responder_Status	Responder	0.476010211503269	0.977449346059954	0.630054587973057	0.934961599355741	sample_2022120210048
HROV.vOTU50467	Responder_Status	Responder	0.380475076244302	0.781021526532494	0.629943779150785	0.934961599355741	sample_2022120210048
HROV.vOTU09082	Responder_Status	Responder	-0.226821293010431	0.467105088422587	0.63103653955472	0.935168287744187	sample_2022120210048
HROV.vOTU10969	Responder_Status	Responder	0.363402740482277	0.747743178750806	0.63074948194287	0.935168287744187	sample_2022120210048
HROV.vOTU18898	Responder_Status	Responder	0.230669658186837	0.475043783956053	0.631046241158385	0.935168287744187	sample_2022120210048
HROV.vOTU75022	Responder_Status	Responder	-0.382689002120733	0.787516358006054	0.630788136390582	0.935168287744187	sample_2022120210048
HROV.vOTU30498	Responder_Status	Responder	-0.33521590375115	0.68968688425671	0.63072056389661	0.935168287744187	sample_2022120210048
HROV.vOTU01415	Responder_Status	Responder	0.474740546104967	0.990933748705488	0.635599310350346	0.935210367259946	sample_2022120210048
HROV.vOTU00854	Responder_Status	Responder	-0.334150105626767	0.697369072510921	0.635547218640587	0.935210367259946	sample_2022120210048
HROV.vOTU48934	Responder_Status	Responder	0.322794875029337	0.666164410117389	0.631759425413897	0.935210367259946	sample_2022120210048
HROV.vOTU53905	Responder_Status	Responder	-0.32465026576827	0.670686701786026	0.63211037624112	0.935210367259946	sample_2022120210048
HROV.vOTU18912	Responder_Status	Responder	0.257015230838605	0.531264865154254	0.63230427854872	0.935210367259946	sample_2022120210048
HROV.vOTU30674	Responder_Status	Responder	-0.788435857858046	1.63543721066271	0.633485751146566	0.935210367259946	sample_2022120210048
HROV.vOTU71472	Responder_Status	Responder	-0.602913134485384	1.25932066351112	0.635826540539117	0.935210367259946	sample_2022120210048
HROV.vOTU75320	Responder_Status	Responder	0.424066611938317	0.882428172837086	0.634557297013535	0.935210367259946	sample_2022120210048
HROV.vOTU43598	Responder_Status	Responder	0.231395962787645	0.47953613665137	0.633172656556936	0.935210367259946	sample_2022120210048
HROV.vOTU44787	Responder_Status	Responder	0.561187384723866	1.1669311290266	0.63431801115778	0.935210367259946	sample_2022120210048
HROV.vOTU47269	Responder_Status	Responder	-0.306168304132339	0.636976739247794	0.634493641828033	0.935210367259946	sample_2022120210048
HROV.vOTU21230	Responder_Status	Responder	-0.219600308738141	0.456478007289864	0.634201092097305	0.935210367259946	sample_2022120210048
HROV.vOTU07984	Responder_Status	Responder	0.298124296662258	0.620522674301324	0.634646618693419	0.935210367259946	sample_2022120210048
HROV.vOTU53150	Responder_Status	Responder	-0.380010368762582	0.793226295184471	0.635609664649142	0.935210367259946	sample_2022120210048
HROV.vOTU15513	Responder_Status	Responder	0.366772546004784	0.762596404035541	0.634287393663811	0.935210367259946	sample_2022120210048
HROV.vOTU21069	Responder_Status	Responder	0.4522825024754	0.935218489901717	0.632422204945365	0.935210367259946	sample_2022120210048
HROV.vOTU59600	Responder_Status	Responder	-0.513472442616041	1.06055764890117	0.632042578831542	0.935210367259946	sample_2022120210048
HROV.vOTU56723	Responder_Status	Responder	0.228328309184655	0.472073861699115	0.632380753257219	0.935210367259946	sample_2022120210048
HROV.vOTU36786	Responder_Status	Responder	-0.51564200995882	1.07733672435471	0.635920707549118	0.93528295747358	sample_2022120210048
HROV.vOTU54766	Responder_Status	Responder	-0.347427256715906	0.726573118648973	0.636239850316045	0.935378128445698	sample_2022120210048
HROV.vOTU73512	Responder_Status	Responder	0.404368388094332	0.845636531016347	0.636232963330664	0.935378128445698	sample_2022120210048
HROV.vOTU12284	Responder_Status	Responder	-0.438980648925471	0.919217674545105	0.636671091359284	0.935601795043555	sample_2022120210048
HROV.vOTU64693	Responder_Status	Responder	-0.333216913182595	0.698613227164066	0.63708586416002	0.93576125307064	sample_2022120210048
HROV.vOTU53278	Responder_Status	Responder	-0.275315774915477	0.577353807758624	0.637163996087025	0.93576125307064	sample_2022120210048
HROV.vOTU40319	Responder_Status	Responder	-0.322706370382861	0.679844539227547	0.6386988630728	0.93645033122945	sample_2022120210048
HROV.vOTU31555	Responder_Status	Responder	0.50722169706429	1.06904729502251	0.638850443373157	0.93645033122945	sample_2022120210048
HROV.vOTU43426	Responder_Status	Responder	-0.365895682998285	0.770698750348473	0.638641373842531	0.93645033122945	sample_2022120210048
HROV.vOTU40626	Responder_Status	Responder	-0.575382501415235	1.21877697526814	0.640515304644005	0.93684500968999	sample_2022120210048
HROV.vOTU02735	Responder_Status	Responder	0.325383895058311	0.689251910737285	0.640526288248063	0.93684500968999	sample_2022120210048
HROV.vOTU56622	Responder_Status	Responder	-0.512596327350332	1.08902680177052	0.641506861595133	0.936938337405233	sample_2022120210048
HROV.vOTU02169	Responder_Status	Responder	0.597143541759907	1.26652818474995	0.640950733223183	0.936938337405233	sample_2022120210048
HROV.vOTU07684	Responder_Status	Responder	0.322768972661937	0.685323548914532	0.641308652217454	0.936938337405233	sample_2022120210048
HROV.vOTU26649	Responder_Status	Responder	0.64061306605421	1.3602757322831	0.641329519182272	0.936938337405233	sample_2022120210048
HROV.vOTU08333	Responder_Status	Responder	-0.529386071911615	1.1233552602808	0.641110305465683	0.936938337405233	sample_2022120210048
HROV.vOTU16495	Responder_Status	Responder	-0.202660577627168	0.430355245212181	0.641349914041871	0.936938337405233	sample_2022120210048
HROV.vOTU49736	Responder_Status	Responder	0.51896167123859	1.1016393220716	0.641232365879223	0.936938337405233	sample_2022120210048
HROV.vOTU36455	Responder_Status	Responder	-0.526850763662132	1.12065466825672	0.641905074180033	0.937018877956025	sample_2022120210048
HROV.vOTU29204	Responder_Status	Responder	-0.384788373634312	0.818774914217942	0.642026040732046	0.93706437303852	sample_2022120210048
HROV.vOTU58030	Responder_Status	Responder	0.418616315200691	0.895223394139153	0.643681871787213	0.937507228976149	sample_2022120210048
HROV.vOTU35076	Responder_Status	Responder	-0.334714061067637	0.714657704284551	0.643155833620268	0.937507228976149	sample_2022120210048
HROV.vOTU10378	Responder_Status	Responder	0.499009980899983	1.06742251101503	0.64376694290643	0.937507228976149	sample_2022120210048
HROV.vOTU55389	Responder_Status	Responder	0.501257654427573	1.07205486476544	0.643712845475447	0.937507228976149	sample_2022120210048
HROV.vOTU42914	Responder_Status	Responder	0.312932066174661	0.668296424138555	0.643228136749776	0.937507228976149	sample_2022120210048
HROV.vOTU49940	Responder_Status	Responder	-0.462713747812437	0.98996051144623	0.64382651741972	0.937528477452527	sample_2022120210048
HROV.vOTU11952	Responder_Status	Responder	0.412399508510661	0.882747732250025	0.643988449816569	0.93763352502245	sample_2022120210048
HROV.vOTU67099	Responder_Status	Responder	0.572583920769818	1.22587616983093	0.644056079632773	0.937666577044714	sample_2022120210048
HROV.vOTU53569	Responder_Status	Responder	0.300581602433427	0.645846053534773	0.645239343044592	0.937933238843587	sample_2022120210048
HROV.vOTU41596	Responder_Status	Responder	-0.21677474103694	0.465893383923585	0.645323647545879	0.937933238843587	sample_2022120210048
HROV.vOTU38896	Responder_Status	Responder	0.175362410515976	0.375830682213366	0.644396615248528	0.937933238843587	sample_2022120210048
HROV.vOTU41183	Responder_Status	Responder	-0.493144719169127	1.06088027657838	0.645637311852641	0.938070920242593	sample_2022120210048
HROV.vOTU13703	Responder_Status	Responder	-0.566203572093912	1.22198316975384	0.646696456261764	0.938570518629514	sample_2022120210048
HROV.vOTU70820	Responder_Status	Responder	-0.552623390789841	1.19313939910906	0.646824302363207	0.938570518629514	sample_2022120210048
HROV.vOTU42209	Responder_Status	Responder	0.463620338119966	0.999074057242919	0.646199654751638	0.938570518629514	sample_2022120210048
HROV.vOTU19804	Responder_Status	Responder	-0.34505724771636	0.744640831991647	0.646668566837093	0.938570518629514	sample_2022120210048
HROV.vOTU58577	Responder_Status	Responder	0.251078140402131	0.541386437784413	0.646398671918538	0.938570518629514	sample_2022120210048
HROV.vOTU07116	Responder_Status	Responder	-0.22544040413393	0.4868198318483	0.646880610444031	0.938570518629514	sample_2022120210048
HROV.vOTU67292	Responder_Status	Responder	-0.359517446496268	0.781797556615888	0.649167652678871	0.939061887234942	sample_2022120210048
HROV.vOTU06121	Responder_Status	Responder	-0.332724664889275	0.723696976635345	0.649240791711204	0.939061887234942	sample_2022120210048
HROV.vOTU09777	Responder_Status	Responder	-0.333547771916357	0.726975145003195	0.649908166338088	0.939481355295097	sample_2022120210048
HROV.vOTU40298	Responder_Status	Responder	-0.528922045414139	1.15271125949835	0.649883693972185	0.939481355295097	sample_2022120210048
HROV.vOTU46573	Responder_Status	Responder	-0.266485170981279	0.580657536851956	0.649822345297317	0.939481355295097	sample_2022120210048
HROV.vOTU53328	Responder_Status	Responder	-0.270617639117899	0.590673200972795	0.650379795409038	0.939662605066571	sample_2022120210048
HROV.vOTU04797	Responder_Status	Responder	0.45166912360389	0.986306328248576	0.650529677955551	0.939683996326989	sample_2022120210048
HROV.vOTU30919	Responder_Status	Responder	-0.315279957148992	0.689487660106444	0.651007381056819	0.93995277077029	sample_2022120210048
HROV.vOTU33866	Responder_Status	Responder	0.385035927527704	0.845853003487973	0.652472452986077	0.93995277077029	sample_2022120210048
HROV.vOTU22382	Responder_Status	Responder	0.362446542535371	0.797068380489039	0.652813426198741	0.93995277077029	sample_2022120210048
HROV.vOTU29546	Responder_Status	Responder	0.487753077165899	1.0691347040107	0.651755879398382	0.93995277077029	sample_2022120210048
HROV.vOTU69384	Responder_Status	Responder	0.527598557312498	1.15520401355952	0.65139958656975	0.93995277077029	sample_2022120210048
HROV.vOTU27630	Responder_Status	Responder	-0.421523097691594	0.926151639018661	0.652522414329178	0.93995277077029	sample_2022120210048
HROV.vOTU28892	Responder_Status	Responder	-0.714296848416307	1.58640626544099	0.655989286628218	0.939986679828326	sample_2022120210048
HROV.vOTU02128	Responder_Status	Responder	-0.334006849790962	0.741431366142078	0.655826723861565	0.939986679828326	sample_2022120210048
HROV.vOTU59373	Responder_Status	Responder	0.536375257750706	1.19018681124764	0.655701722990992	0.939986679828326	sample_2022120210048
HROV.vOTU25786	Responder_Status	Responder	-0.302816868336562	0.6734360125338	0.656417787974696	0.939986679828326	sample_2022120210048
HROV.vOTU23010	Responder_Status	Responder	-0.2549252555199	0.566371105399582	0.656101914016139	0.939986679828326	sample_2022120210048
HROV.vOTU01448	Responder_Status	Responder	0.509880791079077	1.13032594491643	0.655397637174581	0.939986679828326	sample_2022120210048
HROV.vOTU14422	Responder_Status	Responder	0.580373054744574	1.2832309374358	0.654555596683605	0.939986679828326	sample_2022120210048
HROV.vOTU72167	Responder_Status	Responder	-0.361475604659935	0.800189164089719	0.654937864847989	0.939986679828326	sample_2022120210048
HROV.vOTU48889	Responder_Status	Responder	0.157117836096673	0.34676876600718	0.653974874123165	0.939986679828326	sample_2022120210048
HROV.vOTU63062	Responder_Status	Responder	-0.225092598248492	0.501052108812071	0.656716727109828	0.940039396698213	sample_2022120210048
HROV.vOTU60573	Responder_Status	Responder	0.364908617668937	0.814669338538606	0.657655866834591	0.940538473298014	sample_2022120210048
HROV.vOTU40089	Responder_Status	Responder	-0.315822649281738	0.707161180496822	0.658594519790234	0.940546913137545	sample_2022120210048
HROV.vOTU42795	Responder_Status	Responder	-0.198742361080981	0.445382012636034	0.658863753517159	0.940546913137545	sample_2022120210048
HROV.vOTU28582	Responder_Status	Responder	0.138437738148622	0.309316005430835	0.657913647172377	0.940546913137545	sample_2022120210048
HROV.vOTU33001	Responder_Status	Responder	-0.273406911545482	0.613783698841679	0.659423244729602	0.940744091081123	sample_2022120210048
HROV.vOTU05029	Responder_Status	Responder	0.547938272967101	1.23085133172008	0.659619489857626	0.940744091081123	sample_2022120210048
HROV.vOTU28487	Responder_Status	Responder	-0.483794999177703	1.08774293678819	0.659905472077353	0.940773868496055	sample_2022120210048
HROV.vOTU43813	Responder_Status	Responder	-0.396636209348768	0.892789974930122	0.660265132520555	0.940981470424886	sample_2022120210048
HROV.vOTU22458	Responder_Status	Responder	-0.296912257629286	0.66857149635247	0.660384046924767	0.9410224675215	sample_2022120210048
HROV.vOTU16351	Responder_Status	Responder	0.391561699149846	0.883478926339948	0.66102354954382	0.941240552241943	sample_2022120210048
HROV.vOTU30563	Responder_Status	Responder	0.400843238947445	0.905414431296552	0.661371133413379	0.941657494497013	sample_2022120210048
HROV.vOTU17254	Responder_Status	Responder	-0.374527888197231	0.847865389755421	0.662077153204379	0.941959018200594	sample_2022120210048
HROV.vOTU52308	Responder_Status	Responder	0.407488078225536	0.92242321016446	0.662057202754266	0.941959018200594	sample_2022120210048
HROV.vOTU05395	Responder_Status	Responder	-0.236400621576232	0.535192530924679	0.66209074154241	0.941959018200594	sample_2022120210048
HROV.vOTU22902	Responder_Status	Responder	-0.616086645999819	1.40057658063013	0.663400275418302	0.942093252848849	sample_2022120210048
HROV.vOTU52589	Responder_Status	Responder	-0.255105509590559	0.58001138621228	0.663437687451823	0.942093252848849	sample_2022120210048
HROV.vOTU18422	Responder_Status	Responder	0.225443555990125	0.512424234956637	0.663347191699275	0.942093252848849	sample_2022120210048
HROV.vOTU12009	Responder_Status	Responder	-0.256849623630456	0.583242870129438	0.663041631821494	0.942093252848849	sample_2022120210048
HROV.vOTU42122	Responder_Status	Responder	-0.253739759132029	0.576765986713424	0.663361170183659	0.942093252848849	sample_2022120210048
HROV.vOTU25694	Responder_Status	Responder	0.52306633688119	1.19060246517951	0.663795076034724	0.942184332386073	sample_2022120210048
HROV.vOTU19129	Responder_Status	Responder	-0.483657718137809	1.10272151140223	0.664314444229088	0.942184332386073	sample_2022120210048
HROV.vOTU65880	Responder_Status	Responder	0.288308500731466	0.658315964917324	0.664783649055954	0.942394178349085	sample_2022120210048
HROV.vOTU02552	Responder_Status	Responder	-0.494752885164763	1.13231465276541	0.66550660942462	0.942859397503726	sample_2022120210048
HROV.vOTU50916	Responder_Status	Responder	0.451828236391213	1.03466196180557	0.665684156902944	0.942859397503726	sample_2022120210048
HROV.vOTU33134	Responder_Status	Responder	-0.524443658219286	1.20366215481125	0.66639020033659	0.943333343351057	sample_2022120210048
HROV.vOTU14264	Responder_Status	Responder	-0.420496761671919	0.965764674676266	0.666608015755807	0.943364443993801	sample_2022120210048
HROV.vOTU33181	Responder_Status	Responder	-0.189735124179833	0.436185882920198	0.666906401409705	0.943488109911913	sample_2022120210048
HROV.vOTU15896	Responder_Status	Responder	0.459463567710106	1.06047220621366	0.668143123183249	0.944085780692918	sample_2022120210048
HROV.vOTU53214	Responder_Status	Responder	-0.305761886451941	0.707772518005393	0.669045837850309	0.944288126629166	sample_2022120210048
HROV.vOTU73755	Responder_Status	Responder	-0.264725809552431	0.612940253955459	0.669125492889642	0.944323034663703	sample_2022120210048
HROV.vOTU39862	Responder_Status	Responder	0.462017970428482	1.07142645158675	0.669612037075023	0.944362115409224	sample_2022120210048
HROV.vOTU43603	Responder_Status	Responder	-0.171009532292371	0.396531954887394	0.669579490331375	0.944362115409224	sample_2022120210048
HROV.vOTU15039	Responder_Status	Responder	0.466726950137385	1.08236244041866	0.669616558208074	0.944362115409224	sample_2022120210048
HROV.vOTU64647	Responder_Status	Responder	0.308591702042576	0.714776497942042	0.66924272588176	0.944362115409224	sample_2022120210048
HROV.vOTU69314	Responder_Status	Responder	0.299611583089924	0.695366342026236	0.669862742201906	0.944381139240927	sample_2022120210048
HROV.vOTU48486	Responder_Status	Responder	-0.442429001583562	1.02720907781169	0.66997692295387	0.944389893452979	sample_2022120210048
HROV.vOTU70449	Responder_Status	Responder	0.421366374729118	0.978770177946496	0.670123410749674	0.944454050671644	sample_2022120210048
HROV.vOTU42657	Responder_Status	Responder	-0.639925343557949	1.48719772484849	0.670279069747376	0.944474004217119	sample_2022120210048
HROV.vOTU40808	Responder_Status	Responder	-0.454814637911368	1.05748079733486	0.670420503499727	0.944490070746544	sample_2022120210048
HROV.vOTU13303	Responder_Status	Responder	0.309752143617791	0.720373087316584	0.670495311349705	0.944507412650896	sample_2022120210048
HROV.vOTU24413	Responder_Status	Responder	0.195153360020933	0.454976345119691	0.671255793223029	0.944589442628763	sample_2022120210048
HROV.vOTU33597	Responder_Status	Responder	-0.376317337905142	0.87774796460152	0.671399821993612	0.944594464406545	sample_2022120210048
HROV.vOTU34476	Responder_Status	Responder	0.357803396191987	0.836742631438669	0.672202577356757	0.944959436173751	sample_2022120210048
HROV.vOTU33881	Responder_Status	Responder	-0.788118884397263	1.84405559283564	0.672368923673042	0.944977796054865	sample_2022120210048
HROV.vOTU32153	Responder_Status	Responder	-0.551600022260685	1.29051341255072	0.672337742090177	0.944977796054865	sample_2022120210048
HROV.vOTU43815	Responder_Status	Responder	-0.242011981306475	0.56759707214941	0.673091298871937	0.945430190103446	sample_2022120210048
HROV.vOTU37414	Responder_Status	Responder	-0.380127527774558	0.891524492254344	0.673091778268012	0.945430190103446	sample_2022120210048
HROV.vOTU42746	Responder_Status	Responder	0.516730146466203	1.21353317879739	0.673504274007833	0.94570639834108	sample_2022120210048
HROV.vOTU65659	Responder_Status	Responder	-0.62415605787919	1.46788556720558	0.673935542785839	0.946073577655553	sample_2022120210048
HROV.vOTU64884	Responder_Status	Responder	0.227239278756918	0.534806439495645	0.674157080386351	0.946094776745816	sample_2022120210048
HROV.vOTU75686	Responder_Status	Responder	-0.226657464669997	0.533303570999393	0.674080413522631	0.946094776745816	sample_2022120210048
HROV.vOTU32540	Responder_Status	Responder	0.219905398754674	0.51785550417206	0.674339928018696	0.94613771396753	sample_2022120210048
HROV.vOTU28607	Responder_Status	Responder	0.399044350946185	0.940250929671363	0.674515940790274	0.946235644571688	sample_2022120210048
HROV.vOTU04911	Responder_Status	Responder	-0.440199005349198	1.03954050767311	0.675198192480083	0.946760558220444	sample_2022120210048
HROV.vOTU22312	Responder_Status	Responder	-0.418776950980479	0.98858610332599	0.675085270677284	0.946760558220444	sample_2022120210048
HROV.vOTU13787	Responder_Status	Responder	0.463837509943806	1.09641806422372	0.675491853618872	0.946840955405055	sample_2022120210048
HROV.vOTU29891	Responder_Status	Responder	0.221438799305602	0.523872330424262	0.675745611382007	0.946940710285534	sample_2022120210048
HROV.vOTU73396	Responder_Status	Responder	-0.254455711501175	0.602614685950292	0.676065358147822	0.946940710285534	sample_2022120210048
HROV.vOTU08286	Responder_Status	Responder	-0.160260231166476	0.380328147369737	0.676699595257284	0.947188838948749	sample_2022120210048
HROV.vOTU45592	Responder_Status	Responder	0.260747924886024	0.618976269998004	0.676783898725623	0.947188838948749	sample_2022120210048
HROV.vOTU11143	Responder_Status	Responder	0.465025447890688	1.10408200790399	0.676833920784157	0.947195328020207	sample_2022120210048
HROV.vOTU73093	Responder_Status	Responder	-0.269129831206861	0.639275896523157	0.676975171018371	0.947202455025033	sample_2022120210048
HROV.vOTU74911	Responder_Status	Responder	-0.289619472831395	0.688163147057907	0.67707110983936	0.947225200359649	sample_2022120210048
HROV.vOTU30321	Responder_Status	Responder	0.322022400761428	0.766212291377176	0.677490059283232	0.94729000223916	sample_2022120210048
HROV.vOTU58198	Responder_Status	Responder	0.451768501854855	1.08449519530534	0.680168909991746	0.94729000223916	sample_2022120210048
HROV.vOTU12483	Responder_Status	Responder	0.301186180528326	0.718073040461529	0.678097708067349	0.94729000223916	sample_2022120210048
HROV.vOTU18061	Responder_Status	Responder	0.376988021021492	0.899364810268793	0.678289284905949	0.94729000223916	sample_2022120210048
HROV.vOTU43832	Responder_Status	Responder	0.423177887708197	1.00850959323062	0.67797458120444	0.94729000223916	sample_2022120210048
HROV.vOTU55191	Responder_Status	Responder	-0.310429155129549	0.739738032810539	0.677945541752354	0.94729000223916	sample_2022120210048
HROV.vOTU66549	Responder_Status	Responder	-0.433793799606981	1.03853001661122	0.679352440953945	0.94729000223916	sample_2022120210048
HROV.vOTU01091	Responder_Status	Responder	-0.489882248534782	1.17794956181632	0.680670196847163	0.94729000223916	sample_2022120210048
HROV.vOTU03041	Responder_Status	Responder	-0.283850811249811	0.682181527437761	0.680514211954865	0.94729000223916	sample_2022120210048
HROV.vOTU45464	Responder_Status	Responder	-0.281443271502285	0.675285987943444	0.680019899731427	0.94729000223916	sample_2022120210048
HROV.vOTU01454	Responder_Status	Responder	0.395122599393339	0.942771038084704	0.678335304128395	0.94729000223916	sample_2022120210048
HROV.vOTU67206	Responder_Status	Responder	0.191896411576484	0.461534139157067	0.680740822023988	0.94729000223916	sample_2022120210048
HROV.vOTU07216	Responder_Status	Responder	-0.385483968374442	0.919879857138257	0.678370448373415	0.94729000223916	sample_2022120210048
HROV.vOTU04429	Responder_Status	Responder	0.15362855899991	0.368996458004754	0.680334316438528	0.94729000223916	sample_2022120210048
HROV.vOTU56502	Responder_Status	Responder	-0.151558631502544	0.364516474290355	0.68074048176578	0.94729000223916	sample_2022120210048
HROV.vOTU05179	Responder_Status	Responder	-0.513255413257045	1.23704192450141	0.68137309747727	0.947493425193164	sample_2022120210048
HROV.vOTU37618	Responder_Status	Responder	-0.218753650157645	0.527355257675876	0.681440205269936	0.947493425193164	sample_2022120210048
HROV.vOTU63635	Responder_Status	Responder	-0.153604535852483	0.370674119664545	0.681744343753411	0.947602691002713	sample_2022120210048
HROV.vOTU27155	Responder_Status	Responder	0.0416218634072137	0.100560870627223	0.682102750772623	0.94764241836138	sample_2022120210048
HROV.vOTU20060	Responder_Status	Responder	0.533726002564523	1.29744321476016	0.683934862625833	0.948700331345569	sample_2022120210048
HROV.vOTU24834	Responder_Status	Responder	0.131771387870454	0.320187907083801	0.683807041343294	0.948700331345569	sample_2022120210048
HROV.vOTU03985	Responder_Status	Responder	0.465307107361136	1.1317743325194	0.684106524368701	0.948713624155982	sample_2022120210048
HROV.vOTU11370	Responder_Status	Responder	0.420446417907208	1.02518372065091	0.684840464804669	0.948856170780949	sample_2022120210048
HROV.vOTU02401	Responder_Status	Responder	0.175047496604399	0.427847195746788	0.685552993318853	0.949057037631894	sample_2022120210048
HROV.vOTU13279	Responder_Status	Responder	0.518610779330316	1.26703916291493	0.685427048407079	0.949057037631894	sample_2022120210048
HROV.vOTU70245	Responder_Status	Responder	-0.511409929594246	1.25132673914842	0.685873169816328	0.949057037631894	sample_2022120210048
HROV.vOTU01038	Responder_Status	Responder	-0.114437235862593	0.28041833298874	0.686308103052999	0.949188211445732	sample_2022120210048
HROV.vOTU52786	Responder_Status	Responder	-0.619916299227498	1.52104060036012	0.686695671621285	0.949267527148765	sample_2022120210048
HROV.vOTU28752	Responder_Status	Responder	0.361462412019523	0.886871114086938	0.686688598963173	0.949267527148765	sample_2022120210048
HROV.vOTU14865	Responder_Status	Responder	0.280342494067803	0.688158977428685	0.686826488018527	0.949338949926926	sample_2022120210048
HROV.vOTU31292	Responder_Status	Responder	0.346774531224522	0.853465115765082	0.687600976402495	0.949396253935335	sample_2022120210048
HROV.vOTU10903	Responder_Status	Responder	-0.387066064008246	0.950876385933352	0.687057309426157	0.949396253935335	sample_2022120210048
HROV.vOTU67636	Responder_Status	Responder	-0.295107480807292	0.727416501444563	0.688052042769394	0.949396253935335	sample_2022120210048
HROV.vOTU44071	Responder_Status	Responder	0.155045115803012	0.381876601290103	0.687822645427342	0.949396253935335	sample_2022120210048
HROV.vOTU58813	Responder_Status	Responder	-0.225194477899883	0.554319791359764	0.687644500170023	0.949396253935335	sample_2022120210048
HROV.vOTU11859	Responder_Status	Responder	-0.326367974534146	0.804431615843903	0.688037565839378	0.949396253935335	sample_2022120210048
HROV.vOTU19194	Responder_Status	Responder	-0.361517441748449	0.892510585088035	0.688513949269328	0.949484104474253	sample_2022120210048
HROV.vOTU19515	Responder_Status	Responder	0.394754845211511	0.982841724062159	0.690993528641595	0.949484104474253	sample_2022120210048
HROV.vOTU26706	Responder_Status	Responder	0.342273515266184	0.85280964473563	0.691210598578005	0.949484104474253	sample_2022120210048
HROV.vOTU02493	Responder_Status	Responder	-0.467545016907896	1.16160929053202	0.690374276723594	0.949484104474253	sample_2022120210048
HROV.vOTU06912	Responder_Status	Responder	-0.431701382848302	1.07746499740959	0.691708496618425	0.949484104474253	sample_2022120210048
HROV.vOTU33392	Responder_Status	Responder	-0.346013947960677	0.854946003108917	0.688758467822412	0.949484104474253	sample_2022120210048
HROV.vOTU10940	Responder_Status	Responder	0.463913388991535	1.15733200834155	0.691575058423111	0.949484104474253	sample_2022120210048
HROV.vOTU42631	Responder_Status	Responder	0.392489738065634	0.976836457320945	0.690884124666257	0.949484104474253	sample_2022120210048
HROV.vOTU71610	Responder_Status	Responder	-0.389958756852865	0.967463288649316	0.689955539632773	0.949484104474253	sample_2022120210048
HROV.vOTU08785	Responder_Status	Responder	0.196565461625993	0.488365133434517	0.690374812837127	0.949484104474253	sample_2022120210048
HROV.vOTU48623	Responder_Status	Responder	0.395643486020828	0.978724680272528	0.689104633695019	0.949484104474253	sample_2022120210048
HROV.vOTU18316	Responder_Status	Responder	0.507641524111029	1.27328542120638	0.693148543912689	0.949784248325268	sample_2022120210048
HROV.vOTU65964	Responder_Status	Responder	-0.375611156609172	0.941960859094424	0.693098883405245	0.949784248325268	sample_2022120210048
HROV.vOTU16799	Responder_Status	Responder	0.318685144534807	0.801175574252883	0.693814815948163	0.950176497753466	sample_2022120210048
HROV.vOTU65018	Responder_Status	Responder	-0.307409348849422	0.774825954095549	0.694562374748273	0.950176497753466	sample_2022120210048
HROV.vOTU20183	Responder_Status	Responder	0.336039084604241	0.846155116365545	0.694277934238278	0.950176497753466	sample_2022120210048
HROV.vOTU12294	Responder_Status	Responder	-0.241119617153661	0.606953056136711	0.694186178596493	0.950176497753466	sample_2022120210048
HROV.vOTU02792	Responder_Status	Responder	-0.127323299821793	0.320324659411962	0.694026075246398	0.950176497753466	sample_2022120210048
HROV.vOTU74280	Responder_Status	Responder	-0.211244136471428	0.532398456278885	0.694539086989152	0.950176497753466	sample_2022120210048
HROV.vOTU06179	Responder_Status	Responder	-0.421274009214371	1.05984273722631	0.694022256193424	0.950176497753466	sample_2022120210048
HROV.vOTU33744	Responder_Status	Responder	0.294909315367251	0.741451499814958	0.693833755508959	0.950176497753466	sample_2022120210048
HROV.vOTU12921	Responder_Status	Responder	-0.356298780483856	0.900475976688402	0.695341212662885	0.950635858073975	sample_2022120210048
HROV.vOTU02898	Responder_Status	Responder	-0.283630319442394	0.71689624119675	0.695371682288323	0.950635858073975	sample_2022120210048
HROV.vOTU49589	Responder_Status	Responder	0.390134704191034	0.986521971329377	0.695496929348561	0.950682533108755	sample_2022120210048
HROV.vOTU31882	Responder_Status	Responder	-0.402099825160025	1.01834693022385	0.695941467226527	0.950877131702788	sample_2022120210048
HROV.vOTU53029	Responder_Status	Responder	0.404352995031941	1.02699103537968	0.696765771513118	0.950963593994026	sample_2022120210048
HROV.vOTU64208	Responder_Status	Responder	-0.435222802692715	1.10359390014343	0.696296695673515	0.950963593994026	sample_2022120210048
HROV.vOTU23013	Responder_Status	Responder	0.48093917620638	1.22337443914248	0.69720441223867	0.951023273426212	sample_2022120210048
HROV.vOTU43070	Responder_Status	Responder	-0.425858196346743	1.08654721826612	0.698071982221427	0.951327968667391	sample_2022120210048
HROV.vOTU10480	Responder_Status	Responder	0.398533083667209	1.0166843285792	0.698031209813692	0.951327968667391	sample_2022120210048
HROV.vOTU31335	Responder_Status	Responder	-0.169597532495983	0.432775963737631	0.698111540016343	0.951327968667391	sample_2022120210048
HROV.vOTU39467	Responder_Status	Responder	-0.316758717233602	0.809087695260345	0.698390525777914	0.951336046154873	sample_2022120210048
HROV.vOTU62186	Responder_Status	Responder	0.21827489443756	0.557601383434739	0.698425453780452	0.951336046154873	sample_2022120210048
HROV.vOTU15208	Responder_Status	Responder	0.224333945886813	0.573030465704616	0.698400863335304	0.951336046154873	sample_2022120210048
HROV.vOTU72013	Responder_Status	Responder	-0.194276789887283	0.496939834068212	0.698795908098507	0.951432754814885	sample_2022120210048
HROV.vOTU38248	Responder_Status	Responder	-0.351319770549128	0.900372018665776	0.699345743948946	0.951498363817583	sample_2022120210048
HROV.vOTU15544	Responder_Status	Responder	0.362313392525591	0.928646497104675	0.699376372829982	0.951498363817583	sample_2022120210048
HROV.vOTU60097	Responder_Status	Responder	0.190085540502223	0.487918378448589	0.699791194516322	0.951566473127159	sample_2022120210048
HROV.vOTU33272	Responder_Status	Responder	-0.284502108628242	0.729708442415911	0.699571912332505	0.951566473127159	sample_2022120210048
HROV.vOTU72521	Responder_Status	Responder	0.444692832140862	1.14076391436666	0.699619009804524	0.951566473127159	sample_2022120210048
HROV.vOTU19088	Responder_Status	Responder	-0.383145636244835	0.983681025974759	0.699851739139976	0.951586800172734	sample_2022120210048
HROV.vOTU31978	Responder_Status	Responder	-0.311869098757701	0.810047756436518	0.703145844368296	0.951910597558792	sample_2022120210048
HROV.vOTU59839	Responder_Status	Responder	0.341212109103277	0.880389548263204	0.701265282113798	0.951910597558792	sample_2022120210048
HROV.vOTU54798	Responder_Status	Responder	0.307298062608151	0.794402810989037	0.701807193806127	0.951910597558792	sample_2022120210048
HROV.vOTU41638	Responder_Status	Responder	0.266754563690374	0.687972965162311	0.701140575940928	0.951910597558792	sample_2022120210048
HROV.vOTU41376	Responder_Status	Responder	0.304305022913912	0.784212819825782	0.700921854410467	0.951910597558792	sample_2022120210048
HROV.vOTU14774	Responder_Status	Responder	-0.160204911590208	0.414503374123784	0.70204918201934	0.951910597558792	sample_2022120210048
HROV.vOTU16733	Responder_Status	Responder	-0.386194777678246	0.99609775269463	0.70116412532379	0.951910597558792	sample_2022120210048
HROV.vOTU17607	Responder_Status	Responder	-0.359505934609539	0.929534174131827	0.70185827064285	0.951910597558792	sample_2022120210048
HROV.vOTU16406	Responder_Status	Responder	0.262432991084001	0.67849032543224	0.70183606161503	0.951910597558792	sample_2022120210048
HROV.vOTU03404	Responder_Status	Responder	0.368705472133088	0.948581383480262	0.700444441520845	0.951910597558792	sample_2022120210048
HROV.vOTU49629	Responder_Status	Responder	0.266038128319375	0.689796273102469	0.70265109972636	0.951910597558792	sample_2022120210048
HROV.vOTU13912	Responder_Status	Responder	-0.34426275569624	0.893937121272472	0.703067035889726	0.951910597558792	sample_2022120210048
HROV.vOTU42398	Responder_Status	Responder	-0.535758497379355	1.39203394783759	0.703238354083626	0.951912339455524	sample_2022120210048
HROV.vOTU39462	Responder_Status	Responder	-0.495580533474239	1.29485122490265	0.704808836565091	0.95196247621148	sample_2022120210048
HROV.vOTU65815	Responder_Status	Responder	0.343778591237242	0.896864160959281	0.704383549892295	0.95196247621148	sample_2022120210048
HROV.vOTU24412	Responder_Status	Responder	0.348730246436687	0.910834519455312	0.704708175846636	0.95196247621148	sample_2022120210048
HROV.vOTU10512	Responder_Status	Responder	-0.140139202171075	0.365664730339334	0.704432449635688	0.95196247621148	sample_2022120210048
HROV.vOTU23863	Responder_Status	Responder	0.398909021133234	1.04087566180119	0.704433461046766	0.95196247621148	sample_2022120210048
HROV.vOTU49322	Responder_Status	Responder	0.313718033210294	0.819256737040153	0.704663365475541	0.95196247621148	sample_2022120210048
HROV.vOTU26082	Responder_Status	Responder	-0.39785312263544	1.04165589658347	0.705387172931269	0.952176397319841	sample_2022120210048
HROV.vOTU66843	Responder_Status	Responder	-0.359299877040895	0.941123027945701	0.705508296747972	0.952176490881967	sample_2022120210048
HROV.vOTU06005	Responder_Status	Responder	0.328822649137554	0.861540783905928	0.705588742975765	0.952191210210425	sample_2022120210048
HROV.vOTU04512	Responder_Status	Responder	-0.36044348676855	0.947927505935802	0.70663379375697	0.952450909191259	sample_2022120210048
HROV.vOTU44668	Responder_Status	Responder	-0.365690872167901	0.961779049239208	0.706648732109153	0.952450909191259	sample_2022120210048
HROV.vOTU24328	Responder_Status	Responder	-0.185440817800609	0.486773638042138	0.706108907565653	0.952450909191259	sample_2022120210048
HROV.vOTU24665	Responder_Status	Responder	-0.179129333006079	0.471471560264327	0.706859154226196	0.952450909191259	sample_2022120210048
HROV.vOTU25315	Responder_Status	Responder	0.3080936888849	0.809451006141451	0.706357266236925	0.952450909191259	sample_2022120210048
HROV.vOTU63834	Responder_Status	Responder	-0.166100440621913	0.437987038106644	0.707373516553382	0.952628592015814	sample_2022120210048
HROV.vOTU43438	Responder_Status	Responder	0.222344797369742	0.587022955296985	0.707718015274972	0.952732466855742	sample_2022120210048
HROV.vOTU65351	Responder_Status	Responder	0.104015200793886	0.274770738451301	0.707875237728025	0.95280550027329	sample_2022120210048
HROV.vOTU07149	Responder_Status	Responder	-0.335940599535703	0.890842421441184	0.708939116348112	0.952816759274714	sample_2022120210048
HROV.vOTU19551	Responder_Status	Responder	0.431840621887908	1.14448561514089	0.708778580537692	0.952816759274714	sample_2022120210048
HROV.vOTU30335	Responder_Status	Responder	0.427725358708176	1.13306919268687	0.708653816007045	0.952816759274714	sample_2022120210048
HROV.vOTU49449	Responder_Status	Responder	0.208153876179636	0.553029757244107	0.7094654443197	0.952816759274714	sample_2022120210048
HROV.vOTU05459	Responder_Status	Responder	-0.266665403929115	0.706189206620263	0.708566296999959	0.952816759274714	sample_2022120210048
HROV.vOTU49553	Responder_Status	Responder	-0.230192162255215	0.612401321772009	0.709835700077673	0.952816759274714	sample_2022120210048
HROV.vOTU13271	Responder_Status	Responder	-0.155839868017117	0.412576560723319	0.708484257075294	0.952816759274714	sample_2022120210048
HROV.vOTU19754	Responder_Status	Responder	-0.276385078014284	0.738154780227947	0.710907459928958	0.952998890865117	sample_2022120210048
HROV.vOTU64280	Responder_Status	Responder	-0.367813611113513	0.980951451556515	0.710518408386444	0.952998890865117	sample_2022120210048
HROV.vOTU05852	Responder_Status	Responder	0.116872970981206	0.31146097738731	0.710308715259416	0.952998890865117	sample_2022120210048
HROV.vOTU07438	Responder_Status	Responder	-0.290092743745508	0.773972892106112	0.710625797775497	0.952998890865117	sample_2022120210048
HROV.vOTU41921	Responder_Status	Responder	-0.352103668870225	0.940114308919872	0.710829619447247	0.952998890865117	sample_2022120210048
HROV.vOTU75509	Responder_Status	Responder	-0.405683156560944	1.08142018573915	0.71038363590839	0.952998890865117	sample_2022120210048
HROV.vOTU55238	Responder_Status	Responder	-0.211867803265075	0.566731332354386	0.711338025363488	0.953047735719216	sample_2022120210048
HROV.vOTU21564	Responder_Status	Responder	0.215413420651777	0.576649181107006	0.711544835758771	0.953056829436923	sample_2022120210048
HROV.vOTU71805	Responder_Status	Responder	0.400260534887186	1.07151378159182	0.711555004575066	0.953056829436923	sample_2022120210048
HROV.vOTU12693	Responder_Status	Responder	-0.348871066818554	0.935855918919047	0.712117170310364	0.953142639772024	sample_2022120210048
HROV.vOTU35803	Responder_Status	Responder	0.351109185250026	0.941443388402659	0.711995835469337	0.953142639772024	sample_2022120210048
HROV.vOTU62093	Responder_Status	Responder	-0.22364409554275	0.601122066509431	0.712660784889041	0.953473336793018	sample_2022120210048
HROV.vOTU09006	Responder_Status	Responder	-0.268973146193824	0.724197415238862	0.71312893100989	0.953610609994003	sample_2022120210048
HROV.vOTU03489	Responder_Status	Responder	-0.188671486211155	0.508453360050452	0.713378728775588	0.953883525726969	sample_2022120210048
HROV.vOTU69300	Responder_Status	Responder	-0.542555718501001	1.46327295397007	0.713590189776586	0.953948025794004	sample_2022120210048
HROV.vOTU66914	Responder_Status	Responder	-0.238009923773956	0.642089477490513	0.713665321723931	0.95396113907503	sample_2022120210048
HROV.vOTU61142	Responder_Status	Responder	0.260960606376033	0.704556716384272	0.713879337920813	0.954124994070277	sample_2022120210048
HROV.vOTU39080	Responder_Status	Responder	-0.123917539219621	0.335469599810346	0.714619467824262	0.954303569120881	sample_2022120210048
HROV.vOTU12643	Responder_Status	Responder	-0.163294008595923	0.441765017030336	0.71443179172946	0.954303569120881	sample_2022120210048
HROV.vOTU32394	Responder_Status	Responder	-0.235425356424164	0.639125903936217	0.715378764963937	0.954331378449915	sample_2022120210048
HROV.vOTU24010	Responder_Status	Responder	0.211767107240413	0.576039759986305	0.715916566418611	0.954331378449915	sample_2022120210048
HROV.vOTU71296	Responder_Status	Responder	0.164109660994997	0.446170141373471	0.715774452477043	0.954331378449915	sample_2022120210048
HROV.vOTU13262	Responder_Status	Responder	0.360699985610838	0.984642153752288	0.716875423458974	0.954787327497237	sample_2022120210048
HROV.vOTU00780	Responder_Status	Responder	-0.324530467661702	0.886189795942332	0.71696190010935	0.954787327497237	sample_2022120210048
HROV.vOTU70339	Responder_Status	Responder	0.161418764345258	0.440425402246917	0.716742237199203	0.954787327497237	sample_2022120210048
HROV.vOTU44417	Responder_Status	Responder	-0.33220971790172	0.907826156926371	0.717160369660472	0.954886076682202	sample_2022120210048
HROV.vOTU47867	Responder_Status	Responder	0.39441426414186	1.07846519893747	0.717323958896242	0.954886076682202	sample_2022120210048
HROV.vOTU07698	Responder_Status	Responder	-0.367722702698564	1.00510758396471	0.717223628545824	0.954886076682202	sample_2022120210048
HROV.vOTU46449	Responder_Status	Responder	0.396046953553229	1.08348969077403	0.717463498813431	0.954891658553739	sample_2022120210048
HROV.vOTU68836	Responder_Status	Responder	0.28347809877317	0.775554810146164	0.717472740669918	0.954891658553739	sample_2022120210048
HROV.vOTU65619	Responder_Status	Responder	-0.506745602238226	1.38724719828631	0.717640959979653	0.954932850980322	sample_2022120210048
HROV.vOTU67392	Responder_Status	Responder	-0.337406488112974	0.926254047720346	0.718393015823633	0.955138242524178	sample_2022120210048
HROV.vOTU12907	Responder_Status	Responder	0.390935781929758	1.07361447850015	0.718495962763262	0.955138242524178	sample_2022120210048
HROV.vOTU05941	Responder_Status	Responder	0.280036193609283	0.76873538671932	0.718384356046683	0.955138242524178	sample_2022120210048
HROV.vOTU61871	Responder_Status	Responder	-0.341860964955407	0.940903872763348	0.719085320603253	0.955575335306583	sample_2022120210048
HROV.vOTU31923	Responder_Status	Responder	-0.124733584552002	0.343733861552492	0.719420800241994	0.955656043603234	sample_2022120210048
HROV.vOTU17055	Responder_Status	Responder	0.128943297843898	0.355921551378908	0.719862838906314	0.955858160147754	sample_2022120210048
HROV.vOTU39614	Responder_Status	Responder	0.168399875677146	0.467291371985885	0.721271515735288	0.956462916238176	sample_2022120210048
HROV.vOTU73846	Responder_Status	Responder	0.247850544436084	0.691085259551974	0.722554808113811	0.957077865278956	sample_2022120210048
HROV.vOTU54747	Responder_Status	Responder	0.263290574936335	0.736939243771041	0.723564191700108	0.957564025414157	sample_2022120210048
HROV.vOTU67273	Responder_Status	Responder	-0.316727803732566	0.8868663111057	0.723671117144971	0.957580344845352	sample_2022120210048
HROV.vOTU56568	Responder_Status	Responder	0.274157832723945	0.768510836250958	0.723961609057945	0.957634857680155	sample_2022120210048
HROV.vOTU47902	Responder_Status	Responder	-0.309755771343859	0.869223957217835	0.724243057994014	0.957674293428297	sample_2022120210048
HROV.vOTU04552	Responder_Status	Responder	-0.570724833719807	1.60847832507894	0.72538101392999	0.958206327028222	sample_2022120210048
HROV.vOTU07654	Responder_Status	Responder	0.309267611202101	0.871988153020529	0.725494626433126	0.958264889565136	sample_2022120210048
HROV.vOTU17618	Responder_Status	Responder	0.325310793044391	0.917384492245546	0.725541085978377	0.958264889565136	sample_2022120210048
HROV.vOTU44615	Responder_Status	Responder	-0.288405987467959	0.813573322650756	0.72562548515407	0.958264889565136	sample_2022120210048
HROV.vOTU24461	Responder_Status	Responder	0.207607152353145	0.586011703108511	0.725789702877545	0.958295016402529	sample_2022120210048
HROV.vOTU55195	Responder_Status	Responder	-0.16882480958353	0.47670056468916	0.725877607515804	0.958314624827098	sample_2022120210048
HROV.vOTU24645	Responder_Status	Responder	0.143963991150827	0.406571590544026	0.725922180349381	0.958314624827098	sample_2022120210048
HROV.vOTU47188	Responder_Status	Responder	0.2939083655632	0.83175710497597	0.726466426543016	0.958527568122312	sample_2022120210048
HROV.vOTU17408	Responder_Status	Responder	0.297198000805982	0.841164388777259	0.726496841042584	0.958527568122312	sample_2022120210048
HROV.vOTU03613	Responder_Status	Responder	0.273725951799376	0.774534276173792	0.726430288822893	0.958527568122312	sample_2022120210048
HROV.vOTU63440	Responder_Status	Responder	-0.410344796762745	1.16290153209843	0.726833827704418	0.958540451921429	sample_2022120210048
HROV.vOTU18479	Responder_Status	Responder	-0.260359278875701	0.737961693633358	0.726874038912723	0.958540451921429	sample_2022120210048
HROV.vOTU60005	Responder_Status	Responder	0.349485821535387	0.991820113902438	0.727200718495046	0.958801635592617	sample_2022120210048
HROV.vOTU47801	Responder_Status	Responder	-0.264406227463276	0.752441575819518	0.727920595404876	0.958951068432001	sample_2022120210048
HROV.vOTU43798	Responder_Status	Responder	0.300064557678017	0.855087493240445	0.728277409136881	0.959360571147302	sample_2022120210048
HROV.vOTU02851	Responder_Status	Responder	0.377939059427243	1.08104876684954	0.729251726682469	0.959829157328267	sample_2022120210048
HROV.vOTU19405	Responder_Status	Responder	0.221935024919708	0.635337397487158	0.729463846103103	0.959832953040273	sample_2022120210048
HROV.vOTU68499	Responder_Status	Responder	0.162819473061525	0.468933493532768	0.731028141201361	0.960014932473722	sample_2022120210048
HROV.vOTU07672	Responder_Status	Responder	0.337001728973821	0.971135612251964	0.731172365317929	0.960083507247086	sample_2022120210048
HROV.vOTU25189	Responder_Status	Responder	-0.289932068911364	0.837912989982935	0.731916534512176	0.96045636791179	sample_2022120210048
HROV.vOTU07537	Responder_Status	Responder	-0.327120894662877	0.944981741355867	0.731805444499802	0.96045636791179	sample_2022120210048
HROV.vOTU13371	Responder_Status	Responder	-0.209768728313005	0.606206934974394	0.731903200456228	0.96045636791179	sample_2022120210048
HROV.vOTU18043	Responder_Status	Responder	0.225946521160957	0.653678847901849	0.732186539014176	0.960569089088877	sample_2022120210048
HROV.vOTU32660	Responder_Status	Responder	0.554803263217287	1.60762809449915	0.732593237014567	0.96074028254958	sample_2022120210048
HROV.vOTU74367	Responder_Status	Responder	-0.293995017930272	0.853882397750681	0.733190313510772	0.960895839108988	sample_2022120210048
HROV.vOTU15261	Responder_Status	Responder	0.431942065030005	1.25488065893955	0.733260379907607	0.960895839108988	sample_2022120210048
HROV.vOTU74791	Responder_Status	Responder	0.337627097260173	0.980587077930361	0.733184877121178	0.960895839108988	sample_2022120210048
HROV.vOTU14287	Responder_Status	Responder	-0.383462845091777	1.1129855877185	0.73301817089627	0.960895839108988	sample_2022120210048
HROV.vOTU32445	Responder_Status	Responder	-0.222718437584391	0.646257776944027	0.732949342377333	0.960895839108988	sample_2022120210048
HROV.vOTU01552	Responder_Status	Responder	-0.0999183085983589	0.29024930259831	0.733230421389838	0.960895839108988	sample_2022120210048
HROV.vOTU04933	Responder_Status	Responder	0.314584236377675	0.915934371665193	0.733820182759402	0.961201733144337	sample_2022120210048
HROV.vOTU00473	Responder_Status	Responder	0.413192367193206	1.21087167548855	0.735473843650924	0.961313468380012	sample_2022120210048
HROV.vOTU03559	Responder_Status	Responder	-0.312455409099369	0.920677074564138	0.736859117023817	0.961313468380012	sample_2022120210048
HROV.vOTU55105	Responder_Status	Responder	0.316260210238703	0.931850113253351	0.736848767543725	0.961313468380012	sample_2022120210048
HROV.vOTU68660	Responder_Status	Responder	-0.321690934597509	0.940115710141018	0.734768959117148	0.961313468380012	sample_2022120210048
HROV.vOTU42257	Responder_Status	Responder	0.360373217311265	1.0641967430122	0.737411801039566	0.961313468380012	sample_2022120210048
HROV.vOTU36939	Responder_Status	Responder	0.210711065603036	0.619100016955428	0.736132827361022	0.961313468380012	sample_2022120210048
HROV.vOTU06113	Responder_Status	Responder	-0.33380160891051	0.985640032988924	0.737388840074231	0.961313468380012	sample_2022120210048
HROV.vOTU01491	Responder_Status	Responder	0.331123427898395	0.965599056851339	0.734219743734274	0.961313468380012	sample_2022120210048
HROV.vOTU06386	Responder_Status	Responder	-0.190308564050978	0.562302046693888	0.737552349297545	0.961313468380012	sample_2022120210048
HROV.vOTU15132	Responder_Status	Responder	-0.311632591185281	0.911550650176696	0.735000790309147	0.961313468380012	sample_2022120210048
HROV.vOTU27480	Responder_Status	Responder	0.248049103076922	0.728299592217071	0.735957034139508	0.961313468380012	sample_2022120210048
HROV.vOTU69935	Responder_Status	Responder	-0.40846474560514	1.19315666763398	0.734651876365688	0.961313468380012	sample_2022120210048
HROV.vOTU26115	Responder_Status	Responder	0.434198237362071	1.27534910590501	0.736055504875541	0.961313468380012	sample_2022120210048
HROV.vOTU66926	Responder_Status	Responder	-0.06808754592091	0.199339013843606	0.735227308366137	0.961313468380012	sample_2022120210048
HROV.vOTU53233	Responder_Status	Responder	0.1317566266868	0.385157419495262	0.734841271681965	0.961313468380012	sample_2022120210048
HROV.vOTU54276	Responder_Status	Responder	0.202000914105733	0.594024848333824	0.736353276315443	0.961313468380012	sample_2022120210048
HROV.vOTU24290	Responder_Status	Responder	-0.2485636145313	0.730390883303653	0.736158694214821	0.961313468380012	sample_2022120210048
HROV.vOTU30169	Responder_Status	Responder	0.255146456113257	0.755275138729663	0.73801914964151	0.961417196751437	sample_2022120210048
HROV.vOTU52792	Responder_Status	Responder	-0.243173516893635	0.720260770908381	0.738168628753517	0.961417386622108	sample_2022120210048
HROV.vOTU25762	Responder_Status	Responder	-0.234574413931426	0.696727485983075	0.738868389043398	0.961785636818935	sample_2022120210048
HROV.vOTU63277	Responder_Status	Responder	-0.295601781796464	0.887639829082488	0.741599986265371	0.961875773868122	sample_2022120210048
HROV.vOTU47892	Responder_Status	Responder	-0.27486083337651	0.818723347564953	0.739585575617033	0.961875773868122	sample_2022120210048
HROV.vOTU14459	Responder_Status	Responder	-0.204150891727671	0.606985284426319	0.739125313485244	0.961875773868122	sample_2022120210048
HROV.vOTU05144	Responder_Status	Responder	0.285957364849342	0.85049864094617	0.739209323526368	0.961875773868122	sample_2022120210048
HROV.vOTU04630	Responder_Status	Responder	-0.341227066706531	1.02444479538643	0.741551513207368	0.961875773868122	sample_2022120210048
HROV.vOTU70250	Responder_Status	Responder	0.290703054774126	0.870343376335423	0.740861097784699	0.961875773868122	sample_2022120210048
HROV.vOTU71894	Responder_Status	Responder	-0.269752162641954	0.807548464465818	0.740839640914244	0.961875773868122	sample_2022120210048
HROV.vOTU14222	Responder_Status	Responder	-0.180306940610694	0.537786641007804	0.739915981185502	0.961875773868122	sample_2022120210048
HROV.vOTU16677	Responder_Status	Responder	-0.316575623816481	0.942037544620382	0.739335417762135	0.961875773868122	sample_2022120210048
HROV.vOTU47485	Responder_Status	Responder	-0.217021280044662	0.652486576458348	0.741908753077186	0.962008875854765	sample_2022120210048
HROV.vOTU19905	Responder_Status	Responder	0.115558007216878	0.348079712188717	0.742371332839004	0.962375906351327	sample_2022120210048
HROV.vOTU16763	Responder_Status	Responder	-0.213495033085507	0.644168923864134	0.742789773307975	0.962619384558957	sample_2022120210048
HROV.vOTU27248	Responder_Status	Responder	0.348187203210789	1.06097875586169	0.745220566098199	0.962880469333165	sample_2022120210048
HROV.vOTU00293	Responder_Status	Responder	-0.400942301046741	1.21872823271184	0.74461575834319	0.962880469333165	sample_2022120210048
HROV.vOTU35072	Responder_Status	Responder	0.266293163669653	0.814985557918735	0.746290133991963	0.962880469333165	sample_2022120210048
HROV.vOTU41729	Responder_Status	Responder	-0.447823830427736	1.37110330771625	0.746387565647552	0.962880469333165	sample_2022120210048
HROV.vOTU37593	Responder_Status	Responder	0.348880720749932	1.06791139654342	0.746328616405958	0.962880469333165	sample_2022120210048
HROV.vOTU60079	Responder_Status	Responder	-0.292049226255982	0.895485456472741	0.746747252495601	0.962880469333165	sample_2022120210048
HROV.vOTU06071	Responder_Status	Responder	-0.174378978712007	0.532309812637544	0.74565908025878	0.962880469333165	sample_2022120210048
HROV.vOTU54639	Responder_Status	Responder	-0.115780960219651	0.352943060828337	0.745318679407103	0.962880469333165	sample_2022120210048
HROV.vOTU15698	Responder_Status	Responder	-0.321833070063566	0.98660615201945	0.746697039380456	0.962880469333165	sample_2022120210048
HROV.vOTU39185	Responder_Status	Responder	-0.306716056562207	0.939074936692283	0.746387993155741	0.962880469333165	sample_2022120210048
HROV.vOTU74439	Responder_Status	Responder	-0.222104288661135	0.678012443232701	0.745664936374437	0.962880469333165	sample_2022120210048
HROV.vOTU06950	Responder_Status	Responder	0.225735653475649	0.686502533501409	0.744738645809767	0.962880469333165	sample_2022120210048
HROV.vOTU09525	Responder_Status	Responder	0.341701268925207	1.03841544336845	0.744558854727272	0.962880469333165	sample_2022120210048
HROV.vOTU57641	Responder_Status	Responder	0.111311060684456	0.341594170744928	0.74695494925512	0.962988636220413	sample_2022120210048
HROV.vOTU49079	Responder_Status	Responder	-0.351479192500199	1.08123621622602	0.747543401260946	0.963022783698535	sample_2022120210048
HROV.vOTU28184	Responder_Status	Responder	-0.204302900951003	0.628691823859793	0.747623150047133	0.963022783698535	sample_2022120210048
HROV.vOTU24198	Responder_Status	Responder	-0.344203511300712	1.06354226126545	0.748616505959648	0.963342865263499	sample_2022120210048
HROV.vOTU65654	Responder_Status	Responder	0.226844492810138	0.701057189460344	0.748664372426081	0.963342865263499	sample_2022120210048
HROV.vOTU46311	Responder_Status	Responder	0.466756432368777	1.44636443911683	0.749312288792684	0.963490858151731	sample_2022120210048
HROV.vOTU41807	Responder_Status	Responder	0.354036598543565	1.09833734366068	0.749590647386396	0.963535157117153	sample_2022120210048
HROV.vOTU20399	Responder_Status	Responder	0.166148692749657	0.519573227946073	0.751509665549594	0.963608313219172	sample_2022120210048
HROV.vOTU04890	Responder_Status	Responder	0.377964957055015	1.18028616860924	0.75117031031776	0.963608313219172	sample_2022120210048
HROV.vOTU14163	Responder_Status	Responder	-0.212388392955285	0.661658633785598	0.750598692376425	0.963608313219172	sample_2022120210048
HROV.vOTU18806	Responder_Status	Responder	-0.227128139308315	0.706241252054051	0.750143295258533	0.963608313219172	sample_2022120210048
HROV.vOTU27530	Responder_Status	Responder	-0.224236115364994	0.701447294905835	0.751586781149098	0.963608313219172	sample_2022120210048
HROV.vOTU02645	Responder_Status	Responder	0.168170058222064	0.524330531119646	0.750794392266326	0.963608313219172	sample_2022120210048
HROV.vOTU72529	Responder_Status	Responder	0.213253481864837	0.664080459442367	0.750499679861879	0.963608313219172	sample_2022120210048
HROV.vOTU44644	Responder_Status	Responder	-0.400097992700307	1.24559890133658	0.75043717968517	0.963608313219172	sample_2022120210048
HROV.vOTU00374	Responder_Status	Responder	0.318879068083535	0.99419271524352	0.750787797961219	0.963608313219172	sample_2022120210048
HROV.vOTU10675	Responder_Status	Responder	0.34056410737761	1.06531151992869	0.75158030160826	0.963608313219172	sample_2022120210048
HROV.vOTU14654	Responder_Status	Responder	0.0815165862901489	0.253676385623519	0.75033857793047	0.963608313219172	sample_2022120210048
HROV.vOTU15157	Responder_Status	Responder	0.158096747234539	0.493857902212085	0.751249537999999	0.963608313219172	sample_2022120210048
HROV.vOTU02437	Responder_Status	Responder	0.101084222200783	0.314896714548499	0.750588468100876	0.963608313219172	sample_2022120210048
HROV.vOTU25877	Responder_Status	Responder	0.118890427603882	0.372242724049911	0.751801943120579	0.963647374580917	sample_2022120210048
HROV.vOTU19110	Responder_Status	Responder	-0.158014787938584	0.495454838795964	0.752147639711676	0.963794513463663	sample_2022120210048
HROV.vOTU29421	Responder_Status	Responder	-0.303296777413644	0.954663214649889	0.753069521314027	0.963969633821378	sample_2022120210048
HROV.vOTU72513	Responder_Status	Responder	-0.125117040476908	0.394334655514819	0.753380169915374	0.964071625858965	sample_2022120210048
HROV.vOTU40962	Responder_Status	Responder	0.409329047918189	1.29036597686969	0.753430542248783	0.964076972209203	sample_2022120210048
HROV.vOTU45112	Responder_Status	Responder	0.35259800837262	1.11452267715817	0.754070620603772	0.964358159162406	sample_2022120210048
HROV.vOTU23521	Responder_Status	Responder	0.18751427407023	0.592583283567927	0.754019200811393	0.964358159162406	sample_2022120210048
HROV.vOTU66687	Responder_Status	Responder	0.227746952514209	0.720320153329343	0.754214958901167	0.964371167275294	sample_2022120210048
HROV.vOTU67786	Responder_Status	Responder	-0.35821905189679	1.13599716833125	0.754845980370754	0.964455507088857	sample_2022120210048
HROV.vOTU49708	Responder_Status	Responder	-0.142482276293412	0.452188217132489	0.755025812055437	0.964455507088857	sample_2022120210048
HROV.vOTU02375	Responder_Status	Responder	0.115882878725858	0.36883559856748	0.755709040613057	0.964455507088857	sample_2022120210048
HROV.vOTU08500	Responder_Status	Responder	-0.278732082495662	0.890081408446601	0.756484857772408	0.964551161835055	sample_2022120210048
HROV.vOTU17380	Responder_Status	Responder	0.284310539861618	0.908258062073296	0.75657889923629	0.964557216069723	sample_2022120210048
HROV.vOTU61213	Responder_Status	Responder	0.191481257798409	0.612100240227314	0.75673055533572	0.964632707662868	sample_2022120210048
HROV.vOTU49421	Responder_Status	Responder	0.30524367691996	0.977173286120228	0.757070748224149	0.964771723480368	sample_2022120210048
HROV.vOTU11316	Responder_Status	Responder	-0.282012416774698	0.90485132269013	0.757602412176153	0.964794786922087	sample_2022120210048
HROV.vOTU65053	Responder_Status	Responder	-0.274314147366609	0.879853988543455	0.757523281504349	0.964794786922087	sample_2022120210048
HROV.vOTU04091	Responder_Status	Responder	0.0738084993782991	0.236820515229629	0.757604544450229	0.964794786922087	sample_2022120210048
HROV.vOTU27906	Responder_Status	Responder	0.334541819414494	1.0771493280114	0.758419602461298	0.964967062545236	sample_2022120210048
HROV.vOTU65765	Responder_Status	Responder	0.273813115802924	0.883039294122431	0.758796093120741	0.964967062545236	sample_2022120210048
HROV.vOTU51416	Responder_Status	Responder	0.0984539173972606	0.317475126984213	0.758769725393021	0.964967062545236	sample_2022120210048
HROV.vOTU52822	Responder_Status	Responder	0.169465847562734	0.546400136716229	0.758743884008498	0.964967062545236	sample_2022120210048
HROV.vOTU57308	Responder_Status	Responder	-0.309908437832505	1.00037268632729	0.759012317124645	0.965065618276553	sample_2022120210048
HROV.vOTU45294	Responder_Status	Responder	-0.268734238708739	0.878235155709133	0.761873228693556	0.965259997420905	sample_2022120210048
HROV.vOTU58162	Responder_Status	Responder	-0.228875200892214	0.745524085227669	0.761115718063995	0.965259997420905	sample_2022120210048
HROV.vOTU67004	Responder_Status	Responder	-0.185578397444711	0.605733628312952	0.761589838410652	0.965259997420905	sample_2022120210048
HROV.vOTU49471	Responder_Status	Responder	0.224362823955048	0.731967613214247	0.76147645985112	0.965259997420905	sample_2022120210048
HROV.vOTU51810	Responder_Status	Responder	-0.12040205373689	0.3941612402505	0.762272221260691	0.965259997420905	sample_2022120210048
HROV.vOTU50116	Responder_Status	Responder	0.206719350242198	0.669813213575645	0.759893376636817	0.965259997420905	sample_2022120210048
HROV.vOTU00955	Responder_Status	Responder	-0.382643750791347	1.24393828600771	0.760658104135034	0.965259997420905	sample_2022120210048
HROV.vOTU27047	Responder_Status	Responder	-0.390088831948774	1.2773934474518	0.762336422579578	0.965259997420905	sample_2022120210048
HROV.vOTU14210	Responder_Status	Responder	-0.270488278696785	0.886298375157858	0.762479628295407	0.965259997420905	sample_2022120210048
HROV.vOTU24358	Responder_Status	Responder	0.168856969452045	0.549000715465849	0.760684616720718	0.965259997420905	sample_2022120210048
HROV.vOTU18749	Responder_Status	Responder	0.226795145591143	0.736453504099402	0.76039521401887	0.965259997420905	sample_2022120210048
HROV.vOTU64916	Responder_Status	Responder	-0.343618132873515	1.11431182161699	0.760084866452047	0.965259997420905	sample_2022120210048
HROV.vOTU06225	Responder_Status	Responder	-0.334410634076959	1.09453542285228	0.762224367569074	0.965259997420905	sample_2022120210048
HROV.vOTU22105	Responder_Status	Responder	-0.235850537469955	0.762924954200072	0.759503829890624	0.965259997420905	sample_2022120210048
HROV.vOTU30978	Responder_Status	Responder	0.231827183103236	0.753868312232977	0.760725791142054	0.965259997420905	sample_2022120210048
HROV.vOTU49059	Responder_Status	Responder	-0.240376598495611	0.787002450179072	0.762295476345553	0.965259997420905	sample_2022120210048
HROV.vOTU30403	Responder_Status	Responder	0.156809400455089	0.514024476674573	0.762575042652031	0.965259997420905	sample_2022120210048
HROV.vOTU05887	Responder_Status	Responder	0.326776517450424	1.05717525192772	0.759531258624563	0.965259997420905	sample_2022120210048
HROV.vOTU46097	Responder_Status	Responder	-0.210586870941125	0.694149911946757	0.763847810871071	0.965847820281447	sample_2022120210048
HROV.vOTU18571	Responder_Status	Responder	0.161471354566974	0.532119095772527	0.76379058759908	0.965847820281447	sample_2022120210048
HROV.vOTU10690	Responder_Status	Responder	-0.249726969687422	0.822081752532432	0.763546117471406	0.965847820281447	sample_2022120210048
HROV.vOTU39127	Responder_Status	Responder	-0.131080928691693	0.432947344259627	0.764307541805433	0.965913673094308	sample_2022120210048
HROV.vOTU04883	Responder_Status	Responder	-0.413020122809273	1.36687814984733	0.764760889033159	0.966369566125093	sample_2022120210048
HROV.vOTU17996	Responder_Status	Responder	0.295508627435816	0.979515535501311	0.765118870265838	0.966412323576108	sample_2022120210048
HROV.vOTU71363	Responder_Status	Responder	-0.242307290448398	0.813377354218721	0.767976780387857	0.966772767427026	sample_2022120210048
HROV.vOTU60555	Responder_Status	Responder	-0.263551486598564	0.880903537237096	0.767009800467853	0.966772767427026	sample_2022120210048
HROV.vOTU71430	Responder_Status	Responder	0.303522354567311	1.01156302438363	0.766353242176737	0.966772767427026	sample_2022120210048
HROV.vOTU09783	Responder_Status	Responder	-0.325041011200727	1.088599383356	0.76746037088419	0.966772767427026	sample_2022120210048
HROV.vOTU27668	Responder_Status	Responder	0.302862937959035	1.01176283370157	0.766889988095284	0.966772767427026	sample_2022120210048
HROV.vOTU67503	Responder_Status	Responder	-0.247711020055214	0.825474021146519	0.76633020016979	0.966772767427026	sample_2022120210048
HROV.vOTU05854	Responder_Status	Responder	-0.314114181834559	1.05264406985876	0.767597441860307	0.966772767427026	sample_2022120210048
HROV.vOTU14975	Responder_Status	Responder	-0.27423584003367	0.920652659462933	0.768000614654792	0.966772767427026	sample_2022120210048
HROV.vOTU17471	Responder_Status	Responder	0.220752068851648	0.737371926539541	0.766863564400379	0.966772767427026	sample_2022120210048
HROV.vOTU60104	Responder_Status	Responder	0.279699699472248	0.934434605540866	0.766902645083294	0.966772767427026	sample_2022120210048
HROV.vOTU05049	Responder_Status	Responder	0.111859136531135	0.375281602698916	0.767852513958672	0.966772767427026	sample_2022120210048
HROV.vOTU09333	Responder_Status	Responder	0.329149320739047	1.10559890366297	0.768121313203675	0.966798419889917	sample_2022120210048
HROV.vOTU09621	Responder_Status	Responder	-0.17541274002935	0.590028810789144	0.768435658319786	0.966798419889917	sample_2022120210048
HROV.vOTU37661	Responder_Status	Responder	-0.26045133292241	0.877325641233936	0.768757197686636	0.966969787591616	sample_2022120210048
HROV.vOTU53921	Responder_Status	Responder	-0.264862605202108	0.89321897044673	0.769016878841332	0.966970401192834	sample_2022120210048
HROV.vOTU29342	Responder_Status	Responder	-0.284880880855075	0.963657595201141	0.769698084623315	0.966970401192834	sample_2022120210048
HROV.vOTU34371	Responder_Status	Responder	0.270965710401003	0.915971127255213	0.769547802845543	0.966970401192834	sample_2022120210048
HROV.vOTU66475	Responder_Status	Responder	-0.244542083145035	0.82599504170295	0.76937083705267	0.966970401192834	sample_2022120210048
HROV.vOTU24480	Responder_Status	Responder	-0.146753093669362	0.498001006439605	0.770408885545829	0.96712833205657	sample_2022120210048
HROV.vOTU05596	Responder_Status	Responder	-0.349314536662762	1.18861059141453	0.771013493811664	0.967160473029047	sample_2022120210048
HROV.vOTU56072	Responder_Status	Responder	0.388075665087893	1.33271400008544	0.773050732084742	0.967279767572076	sample_2022120210048
HROV.vOTU34103	Responder_Status	Responder	0.334477837408699	1.14486288333417	0.772321697716071	0.967279767572076	sample_2022120210048
HROV.vOTU57111	Responder_Status	Responder	-0.0633784882492702	0.217226740989357	0.772619428387366	0.967279767572076	sample_2022120210048
HROV.vOTU57553	Responder_Status	Responder	-0.290282920282526	0.996808728388089	0.773035405332169	0.967279767572076	sample_2022120210048
HROV.vOTU74803	Responder_Status	Responder	0.157583238505046	0.537824049491935	0.771681573360981	0.967279767572076	sample_2022120210048
HROV.vOTU06750	Responder_Status	Responder	-0.316408800722078	1.08633776406208	0.772997833345519	0.967279767572076	sample_2022120210048
HROV.vOTU47242	Responder_Status	Responder	-0.19791310288909	0.674947501206796	0.771510672358595	0.967279767572076	sample_2022120210048
HROV.vOTU32491	Responder_Status	Responder	-0.421442202915498	1.45206638040364	0.773774272349719	0.967645842357869	sample_2022120210048
HROV.vOTU07118	Responder_Status	Responder	-0.221620498412834	0.764801968630839	0.774123444464992	0.967770233975343	sample_2022120210048
HROV.vOTU15990	Responder_Status	Responder	0.400349312759717	1.38774910813906	0.775097957061054	0.968466405068801	sample_2022120210048
HROV.vOTU46243	Responder_Status	Responder	0.250568580799417	0.870817836331075	0.775665280918318	0.968497432261733	sample_2022120210048
HROV.vOTU69519	Responder_Status	Responder	0.271576957396648	0.947484973769231	0.776506469408295	0.968653957283533	sample_2022120210048
HROV.vOTU17933	Responder_Status	Responder	-0.26057727859012	0.910948164503247	0.776945099049123	0.968653957283533	sample_2022120210048
HROV.vOTU25148	Responder_Status	Responder	0.307638303052372	1.07467905989183	0.776785903702773	0.968653957283533	sample_2022120210048
HROV.vOTU49325	Responder_Status	Responder	-0.199761584088211	0.696323956421005	0.776316290207519	0.968653957283533	sample_2022120210048
HROV.vOTU15595	Responder_Status	Responder	-0.248233420124701	0.866467445526594	0.776612782770767	0.968653957283533	sample_2022120210048
HROV.vOTU37086	Responder_Status	Responder	-0.136087549224046	0.475174553779399	0.776684161162754	0.968653957283533	sample_2022120210048
HROV.vOTU08302	Responder_Status	Responder	-0.143324981391231	0.504396976862356	0.77838535321538	0.968919379792734	sample_2022120210048
HROV.vOTU10652	Responder_Status	Responder	0.139291209254565	0.48968138615987	0.77815662544761	0.968919379792734	sample_2022120210048
HROV.vOTU57556	Responder_Status	Responder	0.321411322663613	1.1341101217092	0.778952111055562	0.969301478236907	sample_2022120210048
HROV.vOTU71614	Responder_Status	Responder	0.173911785244856	0.614832055832102	0.779364338161514	0.969551362528989	sample_2022120210048
HROV.vOTU47534	Responder_Status	Responder	0.381381964786379	1.35386216408073	0.780245674266017	0.969919725595048	sample_2022120210048
HROV.vOTU08868	Responder_Status	Responder	-0.362941443161523	1.28994127914278	0.780501084577093	0.969919725595048	sample_2022120210048
HROV.vOTU26023	Responder_Status	Responder	-0.245630533009495	0.873367647599708	0.780590260964236	0.969919725595048	sample_2022120210048
HROV.vOTU07559	Responder_Status	Responder	0.295268998814342	1.04833132061971	0.780278366718009	0.969919725595048	sample_2022120210048
HROV.vOTU37946	Responder_Status	Responder	0.205074168264306	0.729236426389346	0.780611224091361	0.969919725595048	sample_2022120210048
HROV.vOTU36674	Responder_Status	Responder	0.188217624592014	0.669353058648318	0.780629690024917	0.969919725595048	sample_2022120210048
HROV.vOTU73667	Responder_Status	Responder	0.149257972351595	0.530754104867872	0.780610451817817	0.969919725595048	sample_2022120210048
HROV.vOTU48217	Responder_Status	Responder	0.155170261132129	0.55330680659255	0.78120038857624	0.970091908417141	sample_2022120210048
HROV.vOTU22635	Responder_Status	Responder	-0.148828757564515	0.530644039746978	0.78118024267673	0.970091908417141	sample_2022120210048
HROV.vOTU23491	Responder_Status	Responder	-0.183496671121126	0.654922378831464	0.781398441684546	0.970109412675777	sample_2022120210048
HROV.vOTU01788	Responder_Status	Responder	0.535977782056365	1.91417049521715	0.781531742824867	0.970174129952116	sample_2022120210048
HROV.vOTU12648	Responder_Status	Responder	-0.43041758204296	1.53823300731862	0.781677739021159	0.970218910262573	sample_2022120210048
HROV.vOTU51606	Responder_Status	Responder	0.0924232587546193	0.330738651772253	0.781957222048454	0.970218910262573	sample_2022120210048
HROV.vOTU05157	Responder_Status	Responder	-0.221700638373119	0.794641555353301	0.782299373978804	0.970261361795782	sample_2022120210048
HROV.vOTU03141	Responder_Status	Responder	0.191824400193304	0.687808588775186	0.782377151462903	0.970288144260719	sample_2022120210048
HROV.vOTU53866	Responder_Status	Responder	0.314220188501496	1.13427048828581	0.783796565226314	0.97046003319717	sample_2022120210048
HROV.vOTU72935	Responder_Status	Responder	0.288762226066557	1.05109753566028	0.785544854966591	0.97046003319717	sample_2022120210048
HROV.vOTU20031	Responder_Status	Responder	-0.31030918930487	1.12746476337767	0.785162406122744	0.97046003319717	sample_2022120210048
HROV.vOTU75616	Responder_Status	Responder	0.156332411831704	0.566671980494304	0.784667616453397	0.97046003319717	sample_2022120210048
HROV.vOTU52664	Responder_Status	Responder	-0.0915769239959018	0.333679346561834	0.785756741619894	0.97046003319717	sample_2022120210048
HROV.vOTU22959	Responder_Status	Responder	0.165408031833013	0.600685696768884	0.785057499051941	0.97046003319717	sample_2022120210048
HROV.vOTU73950	Responder_Status	Responder	-0.227671786395022	0.82824764945977	0.785423761572562	0.97046003319717	sample_2022120210048
HROV.vOTU71791	Responder_Status	Responder	0.0934548408222818	0.339956576238914	0.78540963256999	0.97046003319717	sample_2022120210048
HROV.vOTU40801	Responder_Status	Responder	0.216115290251899	0.784019166839632	0.78484067591923	0.97046003319717	sample_2022120210048
HROV.vOTU34381	Responder_Status	Responder	-0.246956049959693	0.897656044471363	0.7852500702398	0.97046003319717	sample_2022120210048
HROV.vOTU03737	Responder_Status	Responder	0.119026945382397	0.427922223357068	0.782940270657865	0.97046003319717	sample_2022120210048
HROV.vOTU05957	Responder_Status	Responder	-0.0969604232032859	0.352820816625158	0.785476078562821	0.97046003319717	sample_2022120210048
HROV.vOTU02549	Responder_Status	Responder	-0.173437343479689	0.628797689784807	0.784708959733828	0.97046003319717	sample_2022120210048
HROV.vOTU07677	Responder_Status	Responder	0.165792292698544	0.603950637133728	0.785705707357798	0.97046003319717	sample_2022120210048
HROV.vOTU63975	Responder_Status	Responder	0.386530106070684	1.41111169842289	0.786157619314351	0.970605153519315	sample_2022120210048
HROV.vOTU75635	Responder_Status	Responder	0.351936416347768	1.28547444663011	0.786263710903523	0.970678713194707	sample_2022120210048
HROV.vOTU73110	Responder_Status	Responder	0.229407706650321	0.838527478641662	0.786412352597951	0.970751821861007	sample_2022120210048
HROV.vOTU37133	Responder_Status	Responder	-0.206122020237127	0.760552101111539	0.788366483606481	0.97078227207709	sample_2022120210048
HROV.vOTU49565	Responder_Status	Responder	-0.333097293800605	1.22471324634371	0.7876330383968	0.97078227207709	sample_2022120210048
HROV.vOTU16750	Responder_Status	Responder	-0.358592986942967	1.31838298564224	0.787621830645417	0.97078227207709	sample_2022120210048
HROV.vOTU72850	Responder_Status	Responder	0.256572597744031	0.941994465032589	0.787334822895416	0.97078227207709	sample_2022120210048
HROV.vOTU58106	Responder_Status	Responder	0.305157800973186	1.11774640455657	0.786847810418897	0.97078227207709	sample_2022120210048
HROV.vOTU54487	Responder_Status	Responder	-0.190744226293722	0.7011310993334	0.787577987591001	0.97078227207709	sample_2022120210048
HROV.vOTU71719	Responder_Status	Responder	-0.248649212711285	0.914341135547659	0.787660615522374	0.97078227207709	sample_2022120210048
HROV.vOTU30661	Responder_Status	Responder	0.23197565635291	0.853058285431667	0.787667822895481	0.97078227207709	sample_2022120210048
HROV.vOTU75645	Responder_Status	Responder	-0.1928194335904	0.714626448400263	0.789278549240511	0.970889711595662	sample_2022120210048
HROV.vOTU03164	Responder_Status	Responder	0.129378959832924	0.480136971248844	0.789549598222987	0.970889711595662	sample_2022120210048
HROV.vOTU05590	Responder_Status	Responder	-0.0896025408909813	0.331974969480148	0.789210751549617	0.970889711595662	sample_2022120210048
HROV.vOTU38073	Responder_Status	Responder	-0.107031763186403	0.40069637709248	0.791338705104901	0.971320185639785	sample_2022120210048
HROV.vOTU39607	Responder_Status	Responder	-0.320554115412855	1.19990597410974	0.791312041757561	0.971320185639785	sample_2022120210048
HROV.vOTU40093	Responder_Status	Responder	-0.271721380629266	1.01623746368958	0.791136414029149	0.971320185639785	sample_2022120210048
HROV.vOTU50340	Responder_Status	Responder	0.186116640527022	0.696393301156413	0.791229290175577	0.971320185639785	sample_2022120210048
HROV.vOTU27263	Responder_Status	Responder	-0.0883053030199039	0.329981103508652	0.790963166105658	0.971320185639785	sample_2022120210048
HROV.vOTU37691	Responder_Status	Responder	0.0753127668829288	0.28203702718829	0.791401879683597	0.971320185639785	sample_2022120210048
HROV.vOTU16529	Responder_Status	Responder	-0.307122584714043	1.15355982165806	0.792005967682518	0.9715037348968	sample_2022120210048
HROV.vOTU39652	Responder_Status	Responder	0.246198047418042	0.924409583023728	0.791936542217227	0.9715037348968	sample_2022120210048
HROV.vOTU63077	Responder_Status	Responder	-0.214081523711788	0.803960826538317	0.791972005513857	0.9715037348968	sample_2022120210048
HROV.vOTU39637	Responder_Status	Responder	-0.162007819468646	0.61046310144655	0.79265696627956	0.971606816830331	sample_2022120210048
HROV.vOTU13101	Responder_Status	Responder	0.19492100157503	0.738396011006216	0.793729383300924	0.971646530781305	sample_2022120210048
HROV.vOTU43100	Responder_Status	Responder	-0.322671707881933	1.22474082173112	0.794124335195818	0.971646530781305	sample_2022120210048
HROV.vOTU08070	Responder_Status	Responder	-0.214980867828523	0.812647830104138	0.793298619490569	0.971646530781305	sample_2022120210048
HROV.vOTU59060	Responder_Status	Responder	-0.159994549914322	0.604137730081105	0.793079323126261	0.971646530781305	sample_2022120210048
HROV.vOTU69966	Responder_Status	Responder	-0.301707839813313	1.14317694636793	0.793773961427209	0.971646530781305	sample_2022120210048
HROV.vOTU75092	Responder_Status	Responder	0.206124067369893	0.781445376397701	0.793886605061586	0.971646530781305	sample_2022120210048
HROV.vOTU41534	Responder_Status	Responder	-0.181359103489724	0.687635421282257	0.793909286745566	0.971646530781305	sample_2022120210048
HROV.vOTU62337	Responder_Status	Responder	0.222442032732179	0.844144802512297	0.794085821216116	0.971646530781305	sample_2022120210048
HROV.vOTU06467	Responder_Status	Responder	0.265710096944319	1.00975590710768	0.794367192887183	0.971715803033557	sample_2022120210048
HROV.vOTU47090	Responder_Status	Responder	0.107796035737626	0.409908559520103	0.794494679907626	0.971765742156298	sample_2022120210048
HROV.vOTU73429	Responder_Status	Responder	0.201384337163715	0.768816680201239	0.795284630317147	0.971820897988613	sample_2022120210048
HROV.vOTU51438	Responder_Status	Responder	0.131768572842232	0.501739513499018	0.794763530293012	0.971820897988613	sample_2022120210048
HROV.vOTU14756	Responder_Status	Responder	-0.171786968758584	0.657859174796907	0.795903165417657	0.971957536334361	sample_2022120210048
HROV.vOTU02808	Responder_Status	Responder	0.27406462500282	1.05140139027745	0.796257613182351	0.971989369941481	sample_2022120210048
HROV.vOTU58365	Responder_Status	Responder	-0.266685352451917	1.02341758402029	0.796320909450911	0.971989369941481	sample_2022120210048
HROV.vOTU04498	Responder_Status	Responder	0.411916969026094	1.59209321571108	0.797738673154148	0.972734030774642	sample_2022120210048
HROV.vOTU42326	Responder_Status	Responder	-0.172479588192822	0.668645804859379	0.798329270042887	0.972734030774642	sample_2022120210048
HROV.vOTU18853	Responder_Status	Responder	-0.0817613685539277	0.316145516172786	0.797820600891029	0.972734030774642	sample_2022120210048
HROV.vOTU20731	Responder_Status	Responder	0.189532368371643	0.733149198106691	0.797897965187149	0.972734030774642	sample_2022120210048
HROV.vOTU00253	Responder_Status	Responder	-0.226829668291549	0.881349316236828	0.798777972455986	0.972766244454252	sample_2022120210048
HROV.vOTU08096	Responder_Status	Responder	-0.190023426718437	0.739158553877758	0.798996243743741	0.972873489319246	sample_2022120210048
HROV.vOTU16618	Responder_Status	Responder	0.253732122605412	0.993799967011571	0.800345902565528	0.973267625366656	sample_2022120210048
HROV.vOTU10574	Responder_Status	Responder	-0.224153944435649	0.883437021716071	0.801558530628804	0.973564620594923	sample_2022120210048
HROV.vOTU23194	Responder_Status	Responder	0.225499089847304	0.888410044029763	0.801486775386472	0.973564620594923	sample_2022120210048
HROV.vOTU68446	Responder_Status	Responder	-0.184927123161027	0.728407304870678	0.801444308673578	0.973564620594923	sample_2022120210048
HROV.vOTU17949	Responder_Status	Responder	0.298861725682466	1.18725114419168	0.803091483748728	0.973676011710934	sample_2022120210048
HROV.vOTU23035	Responder_Status	Responder	-0.29882014902487	1.18709176987382	0.803092423712607	0.973676011710934	sample_2022120210048
HROV.vOTU69003	Responder_Status	Responder	0.116629083420283	0.461722364046868	0.80242581874419	0.973676011710934	sample_2022120210048
HROV.vOTU01193	Responder_Status	Responder	0.226340187833265	0.895432643062111	0.802291026459366	0.973676011710934	sample_2022120210048
HROV.vOTU19502	Responder_Status	Responder	-0.258803838399949	1.02602827907448	0.802699128700471	0.973676011710934	sample_2022120210048
HROV.vOTU15034	Responder_Status	Responder	-0.0942329165509716	0.37471678728789	0.80328134592296	0.973733469647241	sample_2022120210048
HROV.vOTU59223	Responder_Status	Responder	-0.227171842403057	0.905043600825673	0.803641985827555	0.973927660659722	sample_2022120210048
HROV.vOTU05286	Responder_Status	Responder	-0.131674927975709	0.527377806452197	0.80465863297538	0.973968498716872	sample_2022120210048
HROV.vOTU21813	Responder_Status	Responder	-0.171003004077414	0.685906545169529	0.804941246139679	0.974031646485481	sample_2022120210048
HROV.vOTU31641	Responder_Status	Responder	0.293514623929498	1.17963187530393	0.805316995646814	0.974264110691606	sample_2022120210048
HROV.vOTU14274	Responder_Status	Responder	0.217688330143789	0.876022705820853	0.805564084375426	0.974389107598986	sample_2022120210048
HROV.vOTU42860	Responder_Status	Responder	0.162149545110118	0.653155729067768	0.805748414226305	0.974443379782291	sample_2022120210048
HROV.vOTU72289	Responder_Status	Responder	-0.226108968247049	0.91199706288596	0.805999870940358	0.97459908655826	sample_2022120210048
HROV.vOTU64896	Responder_Status	Responder	-0.119249774303052	0.482259578561427	0.806501132554674	0.974701061415545	sample_2022120210048
HROV.vOTU08878	Responder_Status	Responder	0.258529775502845	1.04953524628881	0.807225359920911	0.975082126624539	sample_2022120210048
HROV.vOTU66481	Responder_Status	Responder	0.226349001564858	0.925373846518763	0.808547692491564	0.975082126624539	sample_2022120210048
HROV.vOTU50392	Responder_Status	Responder	0.207583271436825	0.84761814590007	0.808318377226625	0.975082126624539	sample_2022120210048
HROV.vOTU41414	Responder_Status	Responder	0.141496918326917	0.57628926005121	0.807836051492378	0.975082126624539	sample_2022120210048
HROV.vOTU30516	Responder_Status	Responder	-0.168466690387963	0.688656143851746	0.80852599018426	0.975082126624539	sample_2022120210048
HROV.vOTU24527	Responder_Status	Responder	-0.0915482553296514	0.371933781211942	0.807368356871977	0.975082126624539	sample_2022120210048
HROV.vOTU73786	Responder_Status	Responder	0.110979482374231	0.453138834162447	0.808310031083323	0.975082126624539	sample_2022120210048
HROV.vOTU04737	Responder_Status	Responder	-0.196552681659982	0.799804210678235	0.807667479382436	0.975082126624539	sample_2022120210048
HROV.vOTU06261	Responder_Status	Responder	0.126573260520692	0.517367384431897	0.808512470985682	0.975082126624539	sample_2022120210048
HROV.vOTU40926	Responder_Status	Responder	-0.228482104911264	0.936284858793653	0.808986440944125	0.975082126624539	sample_2022120210048
HROV.vOTU02275	Responder_Status	Responder	0.179339809683002	0.734723133051438	0.80893955713852	0.975082126624539	sample_2022120210048
HROV.vOTU53602	Responder_Status	Responder	-0.0993145169971237	0.407560336104451	0.809254849329582	0.975182461828348	sample_2022120210048
HROV.vOTU17167	Responder_Status	Responder	0.225235166603165	0.924299111078032	0.809253627030711	0.975182461828348	sample_2022120210048
HROV.vOTU60948	Responder_Status	Responder	-0.235669756509569	0.975096539313722	0.810782752057983	0.97546508323056	sample_2022120210048
HROV.vOTU48596	Responder_Status	Responder	-0.179772411373945	0.747229164357832	0.811629351229165	0.97546508323056	sample_2022120210048
HROV.vOTU15402	Responder_Status	Responder	0.212517856659302	0.878045348569355	0.810516885536126	0.97546508323056	sample_2022120210048
HROV.vOTU43532	Responder_Status	Responder	0.169336004259148	0.702596278391997	0.811299908783721	0.97546508323056	sample_2022120210048
HROV.vOTU30434	Responder_Status	Responder	-0.202376022288027	0.834455613968119	0.810141417186406	0.97546508323056	sample_2022120210048
HROV.vOTU22834	Responder_Status	Responder	-0.323092089436031	1.3421799049974	0.81152458171835	0.97546508323056	sample_2022120210048
HROV.vOTU25472	Responder_Status	Responder	0.236103208397802	0.974858205801873	0.810396295728044	0.97546508323056	sample_2022120210048
HROV.vOTU33099	Responder_Status	Responder	-0.271936787560163	1.12649688785764	0.811003921601457	0.97546508323056	sample_2022120210048
HROV.vOTU74481	Responder_Status	Responder	-0.142983069706516	0.588321806231827	0.809749560501832	0.97546508323056	sample_2022120210048
HROV.vOTU12129	Responder_Status	Responder	-0.20699254189485	0.86065069269093	0.811689481715578	0.97546508323056	sample_2022120210048
HROV.vOTU09276	Responder_Status	Responder	0.186866182487552	0.778800804568358	0.812123989804191	0.975652064656544	sample_2022120210048
HROV.vOTU20267	Responder_Status	Responder	0.086091954928903	0.359964108102576	0.812717206056738	0.97578517084297	sample_2022120210048
HROV.vOTU31478	Responder_Status	Responder	0.176597184261601	0.739333705015873	0.812953870705587	0.975924551916068	sample_2022120210048
HROV.vOTU22940	Responder_Status	Responder	0.165717670448502	0.698110921612202	0.814090236107175	0.976366641613932	sample_2022120210048
HROV.vOTU74379	Responder_Status	Responder	0.0996459787507238	0.420171166191724	0.814262644815069	0.976366641613932	sample_2022120210048
HROV.vOTU33700	Responder_Status	Responder	-0.183325634541028	0.774048536323572	0.814505153897469	0.976601319191094	sample_2022120210048
HROV.vOTU52078	Responder_Status	Responder	-0.190456880783712	0.804783515778587	0.814646449133257	0.976621437690922	sample_2022120210048
HROV.vOTU54255	Responder_Status	Responder	-0.28308291270652	1.20379803454102	0.81579735824939	0.976915932216248	sample_2022120210048
HROV.vOTU23074	Responder_Status	Responder	-0.160895388794125	0.684084698175416	0.815766689784311	0.976915932216248	sample_2022120210048
HROV.vOTU66534	Responder_Status	Responder	0.112716575569044	0.481105378415425	0.816467151743452	0.977274481671345	sample_2022120210048
HROV.vOTU53087	Responder_Status	Responder	0.439234930336362	1.87758968836052	0.816737069228568	0.977359149456923	sample_2022120210048
HROV.vOTU21542	Responder_Status	Responder	-0.189222486947093	0.809976952952159	0.816983737327065	0.977432285263506	sample_2022120210048
HROV.vOTU03179	Responder_Status	Responder	-0.108642871767345	0.465359829969759	0.817102691809645	0.977469516110701	sample_2022120210048
HROV.vOTU46108	Responder_Status	Responder	-0.290308123097263	1.26088105624532	0.819577400288882	0.977471088955806	sample_2022120210048
HROV.vOTU75152	Responder_Status	Responder	0.176636169066362	0.824197132357302	0.831856101688508	0.977471088955806	sample_2022120210048
HROV.vOTU29058	Responder_Status	Responder	-0.225495326798963	1.01579650155831	0.825933880829299	0.977471088955806	sample_2022120210048
HROV.vOTU32240	Responder_Status	Responder	0.210897637239835	0.959821906181071	0.82767875525024	0.977471088955806	sample_2022120210048
HROV.vOTU20479	Responder_Status	Responder	-0.221584400869944	1.03960755119308	0.83276022518511	0.977471088955806	sample_2022120210048
HROV.vOTU38736	Responder_Status	Responder	0.199911650495237	0.884926762448213	0.822914235666902	0.977471088955806	sample_2022120210048
HROV.vOTU06163	Responder_Status	Responder	0.273412799449479	1.27188324700132	0.831351190676841	0.977471088955806	sample_2022120210048
HROV.vOTU07900	Responder_Status	Responder	-0.170900258022393	0.812093094474354	0.834844976789711	0.977471088955806	sample_2022120210048
HROV.vOTU11718	Responder_Status	Responder	-0.214436062185528	0.963595251679825	0.825510844593258	0.977471088955806	sample_2022120210048
HROV.vOTU46316	Responder_Status	Responder	-0.112052737081383	0.481692352766962	0.81774616458402	0.977471088955806	sample_2022120210048
HROV.vOTU04021	Responder_Status	Responder	-0.201855419371365	0.867099476266867	0.817614822507585	0.977471088955806	sample_2022120210048
HROV.vOTU48056	Responder_Status	Responder	-0.164219488174926	0.716538277230792	0.820391331700143	0.977471088955806	sample_2022120210048
HROV.vOTU09844	Responder_Status	Responder	-0.15242458818638	0.696434267177921	0.828343293676556	0.977471088955806	sample_2022120210048
HROV.vOTU33154	Responder_Status	Responder	-0.20944468491205	0.984897598583806	0.833135679427856	0.977471088955806	sample_2022120210048
HROV.vOTU36027	Responder_Status	Responder	0.228698337440111	0.988580471659875	0.818732819415843	0.977471088955806	sample_2022120210048
HROV.vOTU32303	Responder_Status	Responder	0.220167127083593	0.979071552488566	0.823710849241754	0.977471088955806	sample_2022120210048
HROV.vOTU19159	Responder_Status	Responder	0.165774483293095	0.772464461359584	0.831630881097221	0.977471088955806	sample_2022120210048
HROV.vOTU21530	Responder_Status	Responder	0.0657197408232163	0.315274758376447	0.836384801484212	0.977471088955806	sample_2022120210048
HROV.vOTU69371	Responder_Status	Responder	0.165070971194079	0.728176225569329	0.822310927126649	0.977471088955806	sample_2022120210048
HROV.vOTU49630	Responder_Status	Responder	0.152972584970486	0.672951099602296	0.821829619410875	0.977471088955806	sample_2022120210048
HROV.vOTU25063	Responder_Status	Responder	-0.121051026627594	0.551453636574413	0.827843190755892	0.977471088955806	sample_2022120210048
HROV.vOTU67283	Responder_Status	Responder	0.214301874359284	0.945713182293857	0.82237831457652	0.977471088955806	sample_2022120210048
HROV.vOTU08406	Responder_Status	Responder	-0.322120516426812	1.38853698081623	0.818236403098903	0.977471088955806	sample_2022120210048
HROV.vOTU24222	Responder_Status	Responder	-0.221563860667797	0.957588825433318	0.818704596974817	0.977471088955806	sample_2022120210048
HROV.vOTU55034	Responder_Status	Responder	0.237890032624259	1.07924988855965	0.827142106562876	0.977471088955806	sample_2022120210048
HROV.vOTU31267	Responder_Status	Responder	-0.202265333067948	0.88147977481122	0.820178479675754	0.977471088955806	sample_2022120210048
HROV.vOTU18787	Responder_Status	Responder	-0.151270816881211	0.688992587787233	0.827811558314848	0.977471088955806	sample_2022120210048
HROV.vOTU48475	Responder_Status	Responder	0.231009837479563	1.02269201812306	0.822932330030037	0.977471088955806	sample_2022120210048
HROV.vOTU09667	Responder_Status	Responder	0.309788714114204	1.44773427376062	0.832111917576761	0.977471088955806	sample_2022120210048
HROV.vOTU08015	Responder_Status	Responder	0.162755039153322	0.767194705424011	0.833532179468012	0.977471088955806	sample_2022120210048
HROV.vOTU52407	Responder_Status	Responder	0.267801879687126	1.14967726546784	0.817505076744882	0.977471088955806	sample_2022120210048
HROV.vOTU14097	Responder_Status	Responder	0.267407693392966	1.16290011290622	0.81980307035431	0.977471088955806	sample_2022120210048
HROV.vOTU19348	Responder_Status	Responder	-0.177660012102838	0.767581482908324	0.818645026032598	0.977471088955806	sample_2022120210048
HROV.vOTU71081	Responder_Status	Responder	0.0696087547972227	0.324954032082488	0.831934814361969	0.977471088955806	sample_2022120210048
HROV.vOTU68572	Responder_Status	Responder	-0.290796187920595	1.33926987277581	0.829681143885609	0.977471088955806	sample_2022120210048
HROV.vOTU33468	Responder_Status	Responder	0.165444901915753	0.710853402078955	0.817655271192202	0.977471088955806	sample_2022120210048
HROV.vOTU51612	Responder_Status	Responder	0.169124874890649	0.780407343262316	0.830002819702945	0.977471088955806	sample_2022120210048
HROV.vOTU14852	Responder_Status	Responder	0.242074826611108	1.14784256358119	0.834496174878498	0.977471088955806	sample_2022120210048
HROV.vOTU26731	Responder_Status	Responder	-0.20472692926825	0.88520090260284	0.818781103135868	0.977471088955806	sample_2022120210048
HROV.vOTU34646	Responder_Status	Responder	-0.25738861358078	1.11895332460388	0.819743630521175	0.977471088955806	sample_2022120210048
HROV.vOTU05982	Responder_Status	Responder	-0.153993321014103	0.663922482331546	0.818267797636248	0.977471088955806	sample_2022120210048
HROV.vOTU75151	Responder_Status	Responder	0.0903780438700193	0.410161964346336	0.827199507399052	0.977471088955806	sample_2022120210048
HROV.vOTU40575	Responder_Status	Responder	0.222788016406372	1.06999439925323	0.83656889725807	0.977471088955806	sample_2022120210048
HROV.vOTU25856	Responder_Status	Responder	-0.131034934897699	0.625413025167916	0.835561300192388	0.977471088955806	sample_2022120210048
HROV.vOTU70483	Responder_Status	Responder	-0.173872253414481	0.774483252711594	0.823997742397338	0.977471088955806	sample_2022120210048
HROV.vOTU09873	Responder_Status	Responder	-0.144192546449379	0.688688600459782	0.835673240319022	0.977471088955806	sample_2022120210048
HROV.vOTU67489	Responder_Status	Responder	0.126875809668856	0.545870935539964	0.817895973770441	0.977471088955806	sample_2022120210048
HROV.vOTU25898	Responder_Status	Responder	-0.0749729423072148	0.337404958441241	0.825767417649568	0.977471088955806	sample_2022120210048
HROV.vOTU04983	Responder_Status	Responder	0.212521567331358	0.95408557316683	0.825347846192224	0.977471088955806	sample_2022120210048
HROV.vOTU30995	Responder_Status	Responder	0.0709365744907194	0.323245723182974	0.82789076579112	0.977471088955806	sample_2022120210048
HROV.vOTU72241	Responder_Status	Responder	0.089259735004762	0.396869597971604	0.823683037011055	0.977471088955806	sample_2022120210048
HROV.vOTU54100	Responder_Status	Responder	-0.171150461890633	0.751243374087354	0.821439383167646	0.977471088955806	sample_2022120210048
HROV.vOTU60366	Responder_Status	Responder	-0.0834307345449843	0.394450167306053	0.834020181205776	0.977471088955806	sample_2022120210048
HROV.vOTU07919	Responder_Status	Responder	-0.162403479022445	0.766961292808613	0.83383645299563	0.977471088955806	sample_2022120210048
HROV.vOTU25943	Responder_Status	Responder	-0.12414838501009	0.54767715017759	0.822318064966868	0.977471088955806	sample_2022120210048
HROV.vOTU14738	Responder_Status	Responder	0.25749538061454	1.15120684823531	0.824634717586951	0.977471088955806	sample_2022120210048
HROV.vOTU37012	Responder_Status	Responder	-0.21994374799086	1.03374884384198	0.833053077315885	0.977471088955806	sample_2022120210048
HROV.vOTU35858	Responder_Status	Responder	0.160363066371405	0.690312640301611	0.817990743605315	0.977471088955806	sample_2022120210048
HROV.vOTU01979	Responder_Status	Responder	-0.147060422145692	0.642838955487748	0.820712576530133	0.977471088955806	sample_2022120210048
HROV.vOTU46797	Responder_Status	Responder	0.142427187590101	0.66016533775286	0.830750678920521	0.977471088955806	sample_2022120210048
HROV.vOTU59663	Responder_Status	Responder	0.0710788456126122	0.311954225615629	0.821418352952139	0.977471088955806	sample_2022120210048
HROV.vOTU51360	Responder_Status	Responder	0.0960689616250332	0.461115710585069	0.836471423346536	0.977471088955806	sample_2022120210048
HROV.vOTU01432	Responder_Status	Responder	0.231863183777926	1.11239529879217	0.836397415682882	0.977471088955806	sample_2022120210048
HROV.vOTU45043	Responder_Status	Responder	0.231254633390746	1.08114406709561	0.832176539888324	0.977471088955806	sample_2022120210048
HROV.vOTU72882	Responder_Status	Responder	-0.117649159371413	0.531052108653459	0.826279962530382	0.977471088955806	sample_2022120210048
HROV.vOTU25231	Responder_Status	Responder	0.122915988014248	0.55249867706731	0.825560617909123	0.977471088955806	sample_2022120210048
HROV.vOTU70430	Responder_Status	Responder	0.251715904489662	1.08850101042169	0.818802117656667	0.977471088955806	sample_2022120210048
HROV.vOTU48854	Responder_Status	Responder	-0.10985242220488	0.509274687161214	0.830782365824134	0.977471088955806	sample_2022120210048
HROV.vOTU19056	Responder_Status	Responder	0.297727562669549	1.30572374557636	0.821289771581982	0.977471088955806	sample_2022120210048
HROV.vOTU59988	Responder_Status	Responder	0.171476345806306	0.779178811815542	0.827410850923914	0.977471088955806	sample_2022120210048
HROV.vOTU39302	Responder_Status	Responder	-0.125107784951391	0.537051243848362	0.817492320353224	0.977471088955806	sample_2022120210048
HROV.vOTU12405	Responder_Status	Responder	-0.157309430984587	0.690941157242713	0.821553928020448	0.977471088955806	sample_2022120210048
HROV.vOTU53729	Responder_Status	Responder	0.109391476780566	0.481008301953741	0.82174867459165	0.977471088955806	sample_2022120210048
HROV.vOTU57667	Responder_Status	Responder	0.135988848152924	0.621551542761385	0.828401114179881	0.977471088955806	sample_2022120210048
HROV.vOTU35278	Responder_Status	Responder	-0.092490916806063	0.417064554586178	0.826105217289174	0.977471088955806	sample_2022120210048
HROV.vOTU11407	Responder_Status	Responder	0.232386187032844	1.04745316603919	0.826034386044312	0.977471088955806	sample_2022120210048
HROV.vOTU61873	Responder_Status	Responder	0.121269882824712	0.555347926145068	0.828726629779069	0.977471088955806	sample_2022120210048
HROV.vOTU64000	Responder_Status	Responder	-0.172691240844975	0.740295688391391	0.817246151351922	0.977471088955806	sample_2022120210048
HROV.vOTU61745	Responder_Status	Responder	-0.117179154292693	0.546185975614859	0.831680233435637	0.977471088955806	sample_2022120210048
HROV.vOTU54503	Responder_Status	Responder	0.117646778358564	0.52854281929113	0.825472651852388	0.977471088955806	sample_2022120210048
HROV.vOTU58500	Responder_Status	Responder	-0.0670779366577588	0.296634405511733	0.822742927783606	0.977471088955806	sample_2022120210048
HROV.vOTU57244	Responder_Status	Responder	0.0409200476807313	0.182624257865325	0.824332210892427	0.977471088955806	sample_2022120210048
HROV.vOTU26337	Responder_Status	Responder	-0.125402970788178	0.565609351180903	0.826146373382935	0.977471088955806	sample_2022120210048
HROV.vOTU58282	Responder_Status	Responder	-0.0983691714932855	0.47337660531387	0.836886712356948	0.977489985596125	sample_2022120210048
HROV.vOTU14527	Responder_Status	Responder	-0.151481425222488	0.732736677168325	0.837713805135889	0.977843070771023	sample_2022120210048
HROV.vOTU50970	Responder_Status	Responder	0.222270443953575	1.07577146048246	0.837805739480087	0.977843070771023	sample_2022120210048
HROV.vOTU34201	Responder_Status	Responder	-0.137497001340937	0.665201582301972	0.837740128982676	0.977843070771023	sample_2022120210048
HROV.vOTU46032	Responder_Status	Responder	0.27569505080918	1.34024958830217	0.838510224769353	0.977935472157835	sample_2022120210048
HROV.vOTU12141	Responder_Status	Responder	-0.29261931887273	1.43697612973265	0.840111125185445	0.977935472157835	sample_2022120210048
HROV.vOTU21463	Responder_Status	Responder	0.207328419782407	1.01035495644755	0.838897631688503	0.977935472157835	sample_2022120210048
HROV.vOTU51623	Responder_Status	Responder	0.21113809343651	1.03466569464106	0.839779405916752	0.977935472157835	sample_2022120210048
HROV.vOTU36611	Responder_Status	Responder	0.190529111201136	0.926887034645841	0.838623328402247	0.977935472157835	sample_2022120210048
HROV.vOTU62395	Responder_Status	Responder	0.0918094749486991	0.449173250625853	0.839522076418242	0.977935472157835	sample_2022120210048
HROV.vOTU56498	Responder_Status	Responder	0.160690748107695	0.784634409342155	0.839212234461129	0.977935472157835	sample_2022120210048
HROV.vOTU10529	Responder_Status	Responder	-0.181031699802264	0.885817007478263	0.839545022050701	0.977935472157835	sample_2022120210048
HROV.vOTU37217	Responder_Status	Responder	0.0774989700341184	0.380157753899969	0.839937325845811	0.977935472157835	sample_2022120210048
HROV.vOTU16409	Responder_Status	Responder	0.193303856483797	0.937938896979596	0.838208480206049	0.977935472157835	sample_2022120210048
HROV.vOTU30012	Responder_Status	Responder	-0.109759468811747	0.532618840771617	0.838223347678611	0.977935472157835	sample_2022120210048
HROV.vOTU53401	Responder_Status	Responder	-0.236827149846887	1.14939870585788	0.838247091275812	0.977935472157835	sample_2022120210048
HROV.vOTU61851	Responder_Status	Responder	-0.158447151300346	0.772120567154154	0.838892347591611	0.977935472157835	sample_2022120210048
HROV.vOTU65289	Responder_Status	Responder	0.107525472029182	0.527244809763666	0.839876654824031	0.977935472157835	sample_2022120210048
HROV.vOTU17998	Responder_Status	Responder	0.0386124046068226	0.189599176833275	0.840097711132274	0.977935472157835	sample_2022120210048
HROV.vOTU63683	Responder_Status	Responder	-0.171741853137564	0.848156395046667	0.840999055847933	0.978025784780721	sample_2022120210048
HROV.vOTU01921	Responder_Status	Responder	0.126043381744043	0.625356633689459	0.841722240784008	0.978376617120814	sample_2022120210048
HROV.vOTU67787	Responder_Status	Responder	-0.173535184917882	0.869150748134784	0.843188958693649	0.978494596778693	sample_2022120210048
HROV.vOTU57650	Responder_Status	Responder	-0.120817902823212	0.606241834919895	0.843476117787392	0.978494596778693	sample_2022120210048
HROV.vOTU07511	Responder_Status	Responder	-0.163881617650177	0.817609082631404	0.842585219199726	0.978494596778693	sample_2022120210048
HROV.vOTU43064	Responder_Status	Responder	0.150380922443322	0.752991155953213	0.843149624515739	0.978494596778693	sample_2022120210048
HROV.vOTU25686	Responder_Status	Responder	-0.1147782894233	0.574910369449415	0.843200649571978	0.978494596778693	sample_2022120210048
HROV.vOTU05584	Responder_Status	Responder	0.21920513962049	1.09434423571477	0.842688049719181	0.978494596778693	sample_2022120210048
HROV.vOTU02175	Responder_Status	Responder	0.141867483186876	0.707142984473261	0.842445356860976	0.978494596778693	sample_2022120210048
HROV.vOTU66575	Responder_Status	Responder	-0.213947570197798	1.07534563463768	0.843734041722715	0.978588943578585	sample_2022120210048
HROV.vOTU14957	Responder_Status	Responder	-0.164019959881669	0.824348976204717	0.843724701025471	0.978588943578585	sample_2022120210048
HROV.vOTU10296	Responder_Status	Responder	-0.120215194522927	0.604959689953919	0.843920752437145	0.978642335020459	sample_2022120210048
HROV.vOTU23948	Responder_Status	Responder	-0.105264053675743	0.529632998299589	0.843895179494483	0.978642335020459	sample_2022120210048
HROV.vOTU34489	Responder_Status	Responder	0.10790011291965	0.544901953541642	0.844462033192727	0.978686205504043	sample_2022120210048
HROV.vOTU29943	Responder_Status	Responder	-0.144058850142186	0.726264623172187	0.844199823635481	0.978686205504043	sample_2022120210048
HROV.vOTU58977	Responder_Status	Responder	-0.142387200532702	0.717390958721779	0.844104242504634	0.978686205504043	sample_2022120210048
HROV.vOTU06818	Responder_Status	Responder	-0.15494626199356	0.780556148839624	0.844082320843962	0.978686205504043	sample_2022120210048
HROV.vOTU04579	Responder_Status	Responder	0.337178517245429	1.70425465915411	0.844595578046747	0.97874383230205	sample_2022120210048
HROV.vOTU56503	Responder_Status	Responder	-0.188581425192755	0.959213344073563	0.845560546182664	0.978872958780015	sample_2022120210048
HROV.vOTU64818	Responder_Status	Responder	-0.0967814643168442	0.494825978405292	0.846346003832218	0.979115515469097	sample_2022120210048
HROV.vOTU45763	Responder_Status	Responder	-0.264957682735976	1.37126362875009	0.848180256654559	0.979131393187403	sample_2022120210048
HROV.vOTU52385	Responder_Status	Responder	0.15863101998781	0.817118498323582	0.847472058310382	0.979131393187403	sample_2022120210048
HROV.vOTU25809	Responder_Status	Responder	0.157713112643948	0.814956849390585	0.847946232208935	0.979131393187403	sample_2022120210048
HROV.vOTU52059	Responder_Status	Responder	-0.107971558371107	0.554350840785409	0.846978467015712	0.979131393187403	sample_2022120210048
HROV.vOTU35221	Responder_Status	Responder	-0.203332982219055	1.04277535772717	0.846807133476255	0.979131393187403	sample_2022120210048
HROV.vOTU07230	Responder_Status	Responder	-0.124254956260357	0.6374385720557	0.84685645313483	0.979131393187403	sample_2022120210048
HROV.vOTU69859	Responder_Status	Responder	0.117502856634669	0.612206007381543	0.849179456203536	0.979468611763462	sample_2022120210048
HROV.vOTU42785	Responder_Status	Responder	-0.156007986018094	0.81625678488278	0.849805945381098	0.979480315905646	sample_2022120210048
HROV.vOTU22871	Responder_Status	Responder	0.125096725333877	0.6544414277125	0.849787116826549	0.979480315905646	sample_2022120210048
HROV.vOTU28977	Responder_Status	Responder	0.173613055062999	0.911871542466831	0.85037563948253	0.979866364620164	sample_2022120210048
HROV.vOTU71476	Responder_Status	Responder	-0.155048953785126	0.817152999655271	0.850879468127416	0.98000492870662	sample_2022120210048
HROV.vOTU35132	Responder_Status	Responder	0.0689909728067209	0.363775245098039	0.850949424008521	0.98000492870662	sample_2022120210048
HROV.vOTU20449	Responder_Status	Responder	0.108290317637588	0.57162363640807	0.851111931143576	0.980050678105627	sample_2022120210048
HROV.vOTU07483	Responder_Status	Responder	-0.142371323597153	0.757454481995143	0.8522633810182	0.98031787693871	sample_2022120210048
HROV.vOTU05936	Responder_Status	Responder	0.0859628511196537	0.456526819137436	0.852001528791553	0.98031787693871	sample_2022120210048
HROV.vOTU49528	Responder_Status	Responder	0.155346597618396	0.830378330480341	0.852947456369077	0.98031787693871	sample_2022120210048
HROV.vOTU18137	Responder_Status	Responder	-0.173969675360884	0.923929783623156	0.852004871394415	0.98031787693871	sample_2022120210048
HROV.vOTU14674	Responder_Status	Responder	0.144595541271502	0.772742346351196	0.85291585628472	0.98031787693871	sample_2022120210048
HROV.vOTU30252	Responder_Status	Responder	0.131333674358798	0.700437117038833	0.852618853970807	0.98031787693871	sample_2022120210048
HROV.vOTU16037	Responder_Status	Responder	0.151054273640248	0.810626281637528	0.853519556436678	0.98031787693871	sample_2022120210048
HROV.vOTU02943	Responder_Status	Responder	-0.159851831322703	0.857679472468976	0.853492805262778	0.98031787693871	sample_2022120210048
HROV.vOTU49166	Responder_Status	Responder	0.135055594117454	0.723731456607459	0.853311859726895	0.98031787693871	sample_2022120210048
HROV.vOTU43933	Responder_Status	Responder	0.0903735149447821	0.483741458663299	0.853147332181855	0.98031787693871	sample_2022120210048
HROV.vOTU71496	Responder_Status	Responder	0.208544930716725	1.12124662941796	0.853790537340516	0.980391114954419	sample_2022120210048
HROV.vOTU42036	Responder_Status	Responder	-0.139125449212842	0.749358634289343	0.854050327463353	0.980445836951857	sample_2022120210048
HROV.vOTU67606	Responder_Status	Responder	-0.152922927791271	0.825487448820946	0.854367043785407	0.980603010414801	sample_2022120210048
HROV.vOTU58927	Responder_Status	Responder	0.0826060855713835	0.445951111153695	0.854379416154396	0.980603010414801	sample_2022120210048
HROV.vOTU04981	Responder_Status	Responder	-0.18031807433335	0.974653165621453	0.854556793305706	0.980677459380297	sample_2022120210048
HROV.vOTU50866	Responder_Status	Responder	0.0685800450183707	0.371904633462865	0.855027000713817	0.980773828343049	sample_2022120210048
HROV.vOTU62594	Responder_Status	Responder	0.164080028348359	0.890606587486391	0.855157707444105	0.980773828343049	sample_2022120210048
HROV.vOTU22787	Responder_Status	Responder	-0.122746986875579	0.665650241398377	0.855027472637655	0.980773828343049	sample_2022120210048
HROV.vOTU15824	Responder_Status	Responder	0.0844906234219063	0.460126895360708	0.855631254908033	0.980919589231933	sample_2022120210048
HROV.vOTU41896	Responder_Status	Responder	-0.0671058332676948	0.365920592635093	0.855814311550379	0.980987789424749	sample_2022120210048
HROV.vOTU59845	Responder_Status	Responder	0.0833043143393457	0.455779585256751	0.856292917689674	0.980997595223335	sample_2022120210048
HROV.vOTU53543	Responder_Status	Responder	0.0817828335199778	0.447327199620607	0.856252278835738	0.980997595223335	sample_2022120210048
HROV.vOTU11253	Responder_Status	Responder	0.0931661697639617	0.512047156631449	0.856934056795439	0.981055384651818	sample_2022120210048
HROV.vOTU26057	Responder_Status	Responder	0.1530748052809	0.843172815816718	0.857246750497414	0.981102904106972	sample_2022120210048
HROV.vOTU09485	Responder_Status	Responder	0.132610024326655	0.73182884063473	0.857513084514388	0.981102904106972	sample_2022120210048
HROV.vOTU07415	Responder_Status	Responder	-0.0367456744075421	0.202413744829593	0.857253541330433	0.981102904106972	sample_2022120210048
HROV.vOTU29735	Responder_Status	Responder	0.222646109074297	1.23249562934785	0.857946183912719	0.98124465165436	sample_2022120210048
HROV.vOTU59942	Responder_Status	Responder	-0.227288963476737	1.26582479983807	0.858792691619454	0.981329581367609	sample_2022120210048
HROV.vOTU19608	Responder_Status	Responder	-0.14292191289767	0.795880852567738	0.858777894909672	0.981329581367609	sample_2022120210048
HROV.vOTU08970	Responder_Status	Responder	-0.161079898751741	0.895807939786273	0.858592653434273	0.981329581367609	sample_2022120210048
HROV.vOTU23614	Responder_Status	Responder	-0.122162784289077	0.68033999571702	0.858790064137503	0.981329581367609	sample_2022120210048
HROV.vOTU18653	Responder_Status	Responder	-0.12683289480686	0.707743618907369	0.859065360028704	0.98139810685752	sample_2022120210048
HROV.vOTU01367	Responder_Status	Responder	-0.153993323958163	0.863269458871932	0.859705937832932	0.981661515665377	sample_2022120210048
HROV.vOTU67333	Responder_Status	Responder	0.165778075761246	0.928444540501116	0.85957308536207	0.981661515665377	sample_2022120210048
HROV.vOTU01004	Responder_Status	Responder	0.146537442562206	0.830503542166406	0.861215095083438	0.981791386921326	sample_2022120210048
HROV.vOTU43787	Responder_Status	Responder	-0.188317386919156	1.06571390774417	0.861011772642899	0.981791386921326	sample_2022120210048
HROV.vOTU03667	Responder_Status	Responder	-0.160257311713337	0.907321034982275	0.861072835382566	0.981791386921326	sample_2022120210048
HROV.vOTU45767	Responder_Status	Responder	-0.185257610742502	1.0441928697649	0.860458056666722	0.981791386921326	sample_2022120210048
HROV.vOTU28517	Responder_Status	Responder	-0.124701324239999	0.705950124012999	0.861060121593729	0.981791386921326	sample_2022120210048
HROV.vOTU72046	Responder_Status	Responder	0.205124900651784	1.16039500597027	0.860960237756125	0.981791386921326	sample_2022120210048
HROV.vOTU52099	Responder_Status	Responder	-0.262146324863138	1.49402279340182	0.861978288500758	0.981791386921326	sample_2022120210048
HROV.vOTU42350	Responder_Status	Responder	-0.155481949988965	0.879371304602994	0.860930097199062	0.981791386921326	sample_2022120210048
HROV.vOTU25644	Responder_Status	Responder	-0.0708164901962171	0.401417478275059	0.86123690704594	0.981791386921326	sample_2022120210048
HROV.vOTU28313	Responder_Status	Responder	-0.0730326617454417	0.416927381843676	0.862207596525829	0.981791386921326	sample_2022120210048
HROV.vOTU26986	Responder_Status	Responder	0.0690882072256489	0.390374443342613	0.860798617667658	0.981791386921326	sample_2022120210048
HROV.vOTU54096	Responder_Status	Responder	-0.153690972545304	0.88080143683481	0.862736010383715	0.981896551095862	sample_2022120210048
HROV.vOTU12680	Responder_Status	Responder	-0.105792464846734	0.606869773605607	0.862864530287404	0.981896551095862	sample_2022120210048
HROV.vOTU27284	Responder_Status	Responder	0.071246189249969	0.409166924629592	0.863020087438849	0.981922785406324	sample_2022120210048
HROV.vOTU19713	Responder_Status	Responder	0.112249995896486	0.650675769774622	0.864275217303881	0.981956309292078	sample_2022120210048
HROV.vOTU33368	Responder_Status	Responder	0.160981617172084	0.926116806138662	0.863254170378262	0.981956309292078	sample_2022120210048
HROV.vOTU26492	Responder_Status	Responder	0.142056721883458	0.82529058222362	0.864573947451801	0.981956309292078	sample_2022120210048
HROV.vOTU35490	Responder_Status	Responder	-0.0753238552279215	0.435841361671738	0.864032992921853	0.981956309292078	sample_2022120210048
HROV.vOTU01040	Responder_Status	Responder	0.119038011705658	0.690074428451284	0.864285105799931	0.981956309292078	sample_2022120210048
HROV.vOTU42879	Responder_Status	Responder	0.051011215512165	0.296293716701512	0.864546680941089	0.981956309292078	sample_2022120210048
HROV.vOTU52394	Responder_Status	Responder	0.120108458777853	0.698319345806039	0.86467742521037	0.981978443932112	sample_2022120210048
HROV.vOTU32187	Responder_Status	Responder	0.128022342045512	0.745881909384119	0.864955906347955	0.982107589873719	sample_2022120210048
HROV.vOTU06476	Responder_Status	Responder	0.189642375948168	1.10727161147039	0.865243239513513	0.982215107061403	sample_2022120210048
HROV.vOTU04654	Responder_Status	Responder	0.168003271793358	0.984920671779356	0.865784231310907	0.982376293849425	sample_2022120210048
HROV.vOTU61105	Responder_Status	Responder	0.207538660431904	1.21872758907207	0.866005599214191	0.982417614589344	sample_2022120210048
HROV.vOTU28075	Responder_Status	Responder	0.0836110248587694	0.492338363396077	0.866369373426545	0.982563244398	sample_2022120210048
HROV.vOTU17993	Responder_Status	Responder	-0.138597424208126	0.82525572461164	0.867833884723546	0.982648557881923	sample_2022120210048
HROV.vOTU21560	Responder_Status	Responder	-0.211938669008861	1.25539762948249	0.867150365020746	0.982648557881923	sample_2022120210048
HROV.vOTU04428	Responder_Status	Responder	-0.138403460234548	0.822051098573909	0.867507548642111	0.982648557881923	sample_2022120210048
HROV.vOTU13389	Responder_Status	Responder	-0.120881977838502	0.716781071997815	0.867287773021979	0.982648557881923	sample_2022120210048
HROV.vOTU42535	Responder_Status	Responder	-0.188574544654797	1.11779116173491	0.867243173101132	0.982648557881923	sample_2022120210048
HROV.vOTU58773	Responder_Status	Responder	0.219763741086587	1.30872228199743	0.867851384538266	0.982648557881923	sample_2022120210048
HROV.vOTU20688	Responder_Status	Responder	0.228419287289104	1.35613772418909	0.867452904967885	0.982648557881923	sample_2022120210048
HROV.vOTU74110	Responder_Status	Responder	-0.131761329078782	0.784393084967044	0.867807482697205	0.982648557881923	sample_2022120210048
HROV.vOTU06110	Responder_Status	Responder	-0.0526733500146887	0.314142665695948	0.868045463014429	0.982648557881923	sample_2022120210048
HROV.vOTU00962	Responder_Status	Responder	0.0891316228356202	0.525780413813196	0.866604497318194	0.982648557881923	sample_2022120210048
HROV.vOTU25923	Responder_Status	Responder	-0.0677741466541189	0.401739450782176	0.86724402662772	0.982648557881923	sample_2022120210048
HROV.vOTU66731	Responder_Status	Responder	0.137555232769378	0.819414935387416	0.86789214962434	0.982648557881923	sample_2022120210048
HROV.vOTU01290	Responder_Status	Responder	-0.151826555746694	0.934579017848318	0.872114700344237	0.982845661110223	sample_2022120210048
HROV.vOTU52562	Responder_Status	Responder	-0.151393266581936	0.945201313447496	0.873896781699974	0.982845661110223	sample_2022120210048
HROV.vOTU29020	Responder_Status	Responder	0.160053575947389	0.998496669248117	0.873799894595249	0.982845661110223	sample_2022120210048
HROV.vOTU75949	Responder_Status	Responder	0.156050621813809	0.947941000585307	0.870425297473341	0.982845661110223	sample_2022120210048
HROV.vOTU04421	Responder_Status	Responder	-0.116887619783062	0.716878862157793	0.87164961854161	0.982845661110223	sample_2022120210048
HROV.vOTU02525	Responder_Status	Responder	-0.0858706098439231	0.532644305628754	0.873081156833024	0.982845661110223	sample_2022120210048
HROV.vOTU03137	Responder_Status	Responder	0.200203581507775	1.22334586334924	0.871180285355037	0.982845661110223	sample_2022120210048
HROV.vOTU22815	Responder_Status	Responder	-0.185480217984422	1.14859505449056	0.872871469496453	0.982845661110223	sample_2022120210048
HROV.vOTU23555	Responder_Status	Responder	0.182720393055192	1.12405616090258	0.872036681047699	0.982845661110223	sample_2022120210048
HROV.vOTU48334	Responder_Status	Responder	-0.167005657668579	1.02965041160855	0.872315978680563	0.982845661110223	sample_2022120210048
HROV.vOTU31171	Responder_Status	Responder	0.179434920197463	1.07598955667645	0.868755246624391	0.982845661110223	sample_2022120210048
HROV.vOTU12841	Responder_Status	Responder	0.170492621896954	1.05682239710733	0.872995304550965	0.982845661110223	sample_2022120210048
HROV.vOTU71829	Responder_Status	Responder	0.0984184076566974	0.614071297387636	0.873817527452919	0.982845661110223	sample_2022120210048
HROV.vOTU18958	Responder_Status	Responder	-0.147747827634392	0.901944777358574	0.871057214863794	0.982845661110223	sample_2022120210048
HROV.vOTU12973	Responder_Status	Responder	-0.136853176237716	0.824235243558514	0.869321307911559	0.982845661110223	sample_2022120210048
HROV.vOTU49385	Responder_Status	Responder	-0.184405661729111	1.1350513432951	0.872106812767927	0.982845661110223	sample_2022120210048
HROV.vOTU68816	Responder_Status	Responder	-0.180371348819794	1.12176303822234	0.87341115402302	0.982845661110223	sample_2022120210048
HROV.vOTU48734	Responder_Status	Responder	-0.068783411107925	0.418369833252472	0.870590967497626	0.982845661110223	sample_2022120210048
HROV.vOTU55435	Responder_Status	Responder	0.132823840321691	0.802896703469513	0.869793572545107	0.982845661110223	sample_2022120210048
HROV.vOTU11265	Responder_Status	Responder	0.247226452701897	1.53663359914965	0.873336545066815	0.982845661110223	sample_2022120210048
HROV.vOTU53400	Responder_Status	Responder	0.0869466820748558	0.531488172654829	0.871228231795657	0.982845661110223	sample_2022120210048
HROV.vOTU06580	Responder_Status	Responder	-0.101464123778775	0.608849011802122	0.868843815907999	0.982845661110223	sample_2022120210048
HROV.vOTU67070	Responder_Status	Responder	-0.0913673756328904	0.553222175109237	0.870008653366272	0.982845661110223	sample_2022120210048
HROV.vOTU52850	Responder_Status	Responder	-0.0741610534108063	0.462227981031426	0.87368437665654	0.982845661110223	sample_2022120210048
HROV.vOTU03800	Responder_Status	Responder	-0.244974032661325	1.54281664675298	0.874979080939712	0.983081318885962	sample_2022120210048
HROV.vOTU46735	Responder_Status	Responder	0.0659549543746763	0.414665432694477	0.874766625465457	0.983081318885962	sample_2022120210048
HROV.vOTU71968	Responder_Status	Responder	0.108719079989931	0.684939226829393	0.875022452305972	0.983081318885962	sample_2022120210048
HROV.vOTU47235	Responder_Status	Responder	-0.0985591039686113	0.622662030009353	0.875366990894924	0.983139005471122	sample_2022120210048
HROV.vOTU21814	Responder_Status	Responder	-0.15342641752839	0.971343888036526	0.875627679991208	0.983139005471122	sample_2022120210048
HROV.vOTU13478	Responder_Status	Responder	-0.174588614211599	1.10773261469312	0.875896029091274	0.983139005471122	sample_2022120210048
HROV.vOTU21563	Responder_Status	Responder	-0.146711590047893	0.929780360442091	0.875753416383546	0.983139005471122	sample_2022120210048
HROV.vOTU33056	Responder_Status	Responder	-0.0718315267709355	0.459335814216891	0.876854576400761	0.983307448115699	sample_2022120210048
HROV.vOTU33032	Responder_Status	Responder	-0.0875228106615392	0.557132990154617	0.876297305024076	0.983307448115699	sample_2022120210048
HROV.vOTU03488	Responder_Status	Responder	-0.120341775910729	0.778078158941771	0.878194601446155	0.983557671737388	sample_2022120210048
HROV.vOTU36831	Responder_Status	Responder	-0.182574426964063	1.17915173095666	0.878061830904592	0.983557671737388	sample_2022120210048
HROV.vOTU20840	Responder_Status	Responder	0.145373873749898	0.941587904493228	0.878407960633536	0.983557671737388	sample_2022120210048
HROV.vOTU35376	Responder_Status	Responder	-0.072142677261139	0.46396543486103	0.877549422005891	0.983557671737388	sample_2022120210048
HROV.vOTU47688	Responder_Status	Responder	-0.119255918899312	0.767266010660699	0.877597685576454	0.983557671737388	sample_2022120210048
HROV.vOTU60071	Responder_Status	Responder	0.170648169183435	1.09837718870706	0.877649062458525	0.983557671737388	sample_2022120210048
HROV.vOTU65305	Responder_Status	Responder	0.0921477803988522	0.595444619208325	0.878124955120896	0.983557671737388	sample_2022120210048
HROV.vOTU40109	Responder_Status	Responder	0.0581597111314133	0.377531809875731	0.878673360688384	0.983582548678747	sample_2022120210048
HROV.vOTU73206	Responder_Status	Responder	-0.0955876995175447	0.622072319030819	0.878979866488968	0.983711704109151	sample_2022120210048
HROV.vOTU29841	Responder_Status	Responder	0.137468241516871	0.900037380738472	0.879701705978238	0.983781293982222	sample_2022120210048
HROV.vOTU72848	Responder_Status	Responder	0.0606798118134563	0.397111544799577	0.879649520098754	0.983781293982222	sample_2022120210048
HROV.vOTU29302	Responder_Status	Responder	0.257215352209204	1.68839429728561	0.880008743102744	0.983863634679074	sample_2022120210048
HROV.vOTU63283	Responder_Status	Responder	-0.158393539211997	1.04121560686981	0.8801802584843	0.983873869552506	sample_2022120210048
HROV.vOTU73089	Responder_Status	Responder	-0.151785224512782	0.999740445919708	0.880413925978701	0.983947661731578	sample_2022120210048
HROV.vOTU18057	Responder_Status	Responder	-0.0710907619400159	0.476796903560302	0.88254288079625	0.984429178098223	sample_2022120210048
HROV.vOTU49358	Responder_Status	Responder	-0.108848585260822	0.728386461086155	0.882279254010799	0.984429178098223	sample_2022120210048
HROV.vOTU61603	Responder_Status	Responder	-0.224595967575853	1.50601418757187	0.882517878290024	0.984429178098223	sample_2022120210048
HROV.vOTU33481	Responder_Status	Responder	0.176687831737101	1.18394681808993	0.882436900500374	0.984429178098223	sample_2022120210048
HROV.vOTU37008	Responder_Status	Responder	-0.195510392780455	1.34681084450271	0.885620192739862	0.984530817125458	sample_2022120210048
HROV.vOTU07532	Responder_Status	Responder	-0.114459582385095	0.772961875800238	0.883341506598359	0.984530817125458	sample_2022120210048
HROV.vOTU31711	Responder_Status	Responder	0.0609489028872395	0.412111856674055	0.88348625630282	0.984530817125458	sample_2022120210048
HROV.vOTU02356	Responder_Status	Responder	0.125001542478566	0.870985212081558	0.886909465786727	0.984530817125458	sample_2022120210048
HROV.vOTU15737	Responder_Status	Responder	0.0961057403774094	0.657692707610807	0.884869199933337	0.984530817125458	sample_2022120210048
HROV.vOTU41996	Responder_Status	Responder	0.0702686364862238	0.486461525726252	0.886181027743299	0.984530817125458	sample_2022120210048
HROV.vOTU66879	Responder_Status	Responder	-0.102734943324315	0.697207948658902	0.883910166640135	0.984530817125458	sample_2022120210048
HROV.vOTU20641	Responder_Status	Responder	0.0783747984454042	0.531774338240054	0.883885435779756	0.984530817125458	sample_2022120210048
HROV.vOTU62538	Responder_Status	Responder	0.158577349216584	1.07740793408706	0.884041387841934	0.984530817125458	sample_2022120210048
HROV.vOTU70617	Responder_Status	Responder	-0.128296971868386	0.903061602423388	0.888042908992209	0.984530817125458	sample_2022120210048
HROV.vOTU59249	Responder_Status	Responder	0.0645833298989695	0.43692256913327	0.883548766080334	0.984530817125458	sample_2022120210048
HROV.vOTU29160	Responder_Status	Responder	-0.0860330917719029	0.604874620989419	0.887914545038872	0.984530817125458	sample_2022120210048
HROV.vOTU63699	Responder_Status	Responder	-0.0923847431123495	0.650651850885563	0.888106236856918	0.984530817125458	sample_2022120210048
HROV.vOTU50485	Responder_Status	Responder	0.171025692938034	1.19453661388332	0.887178743977906	0.984530817125458	sample_2022120210048
HROV.vOTU54940	Responder_Status	Responder	0.0967930786570813	0.677744591661339	0.887457928356778	0.984530817125458	sample_2022120210048
HROV.vOTU71313	Responder_Status	Responder	-0.125890317184118	0.877063652514528	0.886894824468356	0.984530817125458	sample_2022120210048
HROV.vOTU06882	Responder_Status	Responder	0.134476755210066	0.927990276197779	0.885818587883184	0.984530817125458	sample_2022120210048
HROV.vOTU10989	Responder_Status	Responder	0.113721065933241	0.774046332891778	0.884249775000285	0.984530817125458	sample_2022120210048
HROV.vOTU62711	Responder_Status	Responder	0.0885696411875311	0.60023343497045	0.883748523047791	0.984530817125458	sample_2022120210048
HROV.vOTU34831	Responder_Status	Responder	0.155381679233353	1.07542931044829	0.886153726566965	0.984530817125458	sample_2022120210048
HROV.vOTU43081	Responder_Status	Responder	-0.0649126470478822	0.440979682736855	0.884028201506722	0.984530817125458	sample_2022120210048
HROV.vOTU56533	Responder_Status	Responder	0.0871072024163074	0.58996316467307	0.883678240079369	0.984530817125458	sample_2022120210048
HROV.vOTU61960	Responder_Status	Responder	-0.177593156186222	1.27262276028937	0.890015331604787	0.984910116316314	sample_2022120210048
HROV.vOTU26676	Responder_Status	Responder	0.18013132646197	1.29658147319068	0.890501550103626	0.984910116316314	sample_2022120210048
HROV.vOTU51250	Responder_Status	Responder	0.106158480810847	0.762196440158153	0.890226123756469	0.984910116316314	sample_2022120210048
HROV.vOTU06429	Responder_Status	Responder	0.0659871448226143	0.471781127368208	0.889765453832824	0.984910116316314	sample_2022120210048
HROV.vOTU67284	Responder_Status	Responder	0.0879229020325512	0.630166195082267	0.890035360166905	0.984910116316314	sample_2022120210048
HROV.vOTU61881	Responder_Status	Responder	0.0366434225340351	0.265274186665502	0.891123033853886	0.984910116316314	sample_2022120210048
HROV.vOTU55256	Responder_Status	Responder	0.0920038617833522	0.669984302229557	0.891758671643516	0.98496975269649	sample_2022120210048
HROV.vOTU03303	Responder_Status	Responder	0.101889964290067	0.741609489075873	0.891705494770292	0.98496975269649	sample_2022120210048
HROV.vOTU62007	Responder_Status	Responder	-0.052821226567588	0.385068611549146	0.891875253861804	0.985017666346398	sample_2022120210048
HROV.vOTU33152	Responder_Status	Responder	-0.0488799865753061	0.357086920808107	0.892100911730213	0.985034973165947	sample_2022120210048
HROV.vOTU60486	Responder_Status	Responder	0.16980523650198	1.24997516173565	0.892914293376458	0.98506756085829	sample_2022120210048
HROV.vOTU35442	Responder_Status	Responder	-0.146065013613048	1.0768391359552	0.893074489124053	0.98506756085829	sample_2022120210048
HROV.vOTU69432	Responder_Status	Responder	-0.0443524576011496	0.32591257656651	0.89272624061862	0.98506756085829	sample_2022120210048
HROV.vOTU52432	Responder_Status	Responder	-0.125663538144405	0.926668737175729	0.893101543758539	0.98506756085829	sample_2022120210048
HROV.vOTU41142	Responder_Status	Responder	0.0987699524453938	0.727449961116126	0.892970134881465	0.98506756085829	sample_2022120210048
HROV.vOTU56004	Responder_Status	Responder	-0.065701773019966	0.485250204825113	0.893266124241372	0.98506756085829	sample_2022120210048
HROV.vOTU67198	Responder_Status	Responder	0.057219288480994	0.425290652789282	0.893936780004793	0.985250764548942	sample_2022120210048
HROV.vOTU00742	Responder_Status	Responder	0.16885151682208	1.25666667485872	0.894075452227228	0.985250764548942	sample_2022120210048
HROV.vOTU15154	Responder_Status	Responder	-0.0380607436410134	0.283859918822669	0.894296200103486	0.985286984000781	sample_2022120210048
HROV.vOTU62036	Responder_Status	Responder	-0.0857461711592158	0.640244089717206	0.89441804994027	0.985286984000781	sample_2022120210048
HROV.vOTU05429	Responder_Status	Responder	0.0626438087086174	0.468255223926971	0.894532423776307	0.985286984000781	sample_2022120210048
HROV.vOTU52091	Responder_Status	Responder	-0.166259799189853	1.24505530438888	0.894724587526168	0.985307979269064	sample_2022120210048
HROV.vOTU52139	Responder_Status	Responder	-0.158036062321902	1.18463182263235	0.894827121701983	0.98533435497918	sample_2022120210048
HROV.vOTU56560	Responder_Status	Responder	0.0722898136706603	0.542280837977631	0.894904103302721	0.985367132844137	sample_2022120210048
HROV.vOTU47530	Responder_Status	Responder	-0.100148570950286	0.753419683365759	0.895203132117667	0.985384460300406	sample_2022120210048
HROV.vOTU75404	Responder_Status	Responder	-0.0902761514971966	0.678409743149121	0.895089589300127	0.985384460300406	sample_2022120210048
HROV.vOTU18618	Responder_Status	Responder	-0.092543810855842	0.699303606069128	0.895664095572705	0.985683910282765	sample_2022120210048
HROV.vOTU40123	Responder_Status	Responder	0.133102617345728	1.00853403800984	0.895946824725081	0.985787127373073	sample_2022120210048
HROV.vOTU17525	Responder_Status	Responder	-0.0529766303892573	0.401236985671373	0.89590220014927	0.985787127373073	sample_2022120210048
HROV.vOTU61390	Responder_Status	Responder	0.0763355512344696	0.584620045835047	0.897046766208495	0.986477290060664	sample_2022120210048
HROV.vOTU66084	Responder_Status	Responder	0.150190744183289	1.1539899383803	0.897378996365422	0.986564712961204	sample_2022120210048
HROV.vOTU16598	Responder_Status	Responder	0.0576267313634715	0.452584182767653	0.899590678618988	0.986564712961204	sample_2022120210048
HROV.vOTU04887	Responder_Status	Responder	-0.118738964454081	0.921246210090281	0.898366460916533	0.986564712961204	sample_2022120210048
HROV.vOTU63038	Responder_Status	Responder	-0.110412114247848	0.871022354426204	0.900035083214441	0.986564712961204	sample_2022120210048
HROV.vOTU75427	Responder_Status	Responder	0.141400430321475	1.09250234514795	0.897944254831978	0.986564712961204	sample_2022120210048
HROV.vOTU22235	Responder_Status	Responder	-0.130386455812574	1.03084177528701	0.900251612813016	0.986564712961204	sample_2022120210048
HROV.vOTU48081	Responder_Status	Responder	-0.117193868330042	0.90631184227487	0.898037928246067	0.986564712961204	sample_2022120210048
HROV.vOTU47608	Responder_Status	Responder	-0.101020111449273	0.776706027296526	0.897447094583295	0.986564712961204	sample_2022120210048
HROV.vOTU40040	Responder_Status	Responder	-0.059621881426786	0.473764560106581	0.90075227434809	0.986564712961204	sample_2022120210048
HROV.vOTU34340	Responder_Status	Responder	-0.0399918396224232	0.310489784489171	0.89843472474943	0.986564712961204	sample_2022120210048
HROV.vOTU21646	Responder_Status	Responder	-0.119569885969058	0.943329956193563	0.90004177522171	0.986564712961204	sample_2022120210048
HROV.vOTU40970	Responder_Status	Responder	0.098011027613994	0.773873315110345	0.900122567690782	0.986564712961204	sample_2022120210048
HROV.vOTU20962	Responder_Status	Responder	-0.122690605552248	0.963478860178737	0.899580445966991	0.986564712961204	sample_2022120210048
HROV.vOTU59916	Responder_Status	Responder	0.0446225808737943	0.350514242656808	0.89960805815583	0.986564712961204	sample_2022120210048
HROV.vOTU43115	Responder_Status	Responder	0.0816182370604561	0.645578199169257	0.900297768431556	0.986564712961204	sample_2022120210048
HROV.vOTU58551	Responder_Status	Responder	-0.0487003795696013	0.383567693662914	0.899874058438687	0.986564712961204	sample_2022120210048
HROV.vOTU60277	Responder_Status	Responder	-0.0368097752479089	0.283186202452545	0.897508136158257	0.986564712961204	sample_2022120210048
HROV.vOTU16682	Responder_Status	Responder	0.0936095040566067	0.731580197646055	0.899099004458628	0.986564712961204	sample_2022120210048
HROV.vOTU24166	Responder_Status	Responder	0.0470408453219132	0.374754454649515	0.901005324824903	0.98663867092764	sample_2022120210048
HROV.vOTU25462	Responder_Status	Responder	-0.0944659807476413	0.755955789347893	0.901446264155333	0.986657553266851	sample_2022120210048
HROV.vOTU35203	Responder_Status	Responder	-0.110585891140426	0.886245088391915	0.901589070946256	0.986657553266851	sample_2022120210048
HROV.vOTU19767	Responder_Status	Responder	-0.0904376680635799	0.7236783888258	0.901440686395404	0.986657553266851	sample_2022120210048
HROV.vOTU20224	Responder_Status	Responder	0.0325806610127801	0.259861096664552	0.901120808156464	0.986657553266851	sample_2022120210048
HROV.vOTU09421	Responder_Status	Responder	0.0370505322055888	0.296952307594843	0.90159766549186	0.986657553266851	sample_2022120210048
HROV.vOTU44575	Responder_Status	Responder	-0.175248909168328	1.46640006740913	0.90572498752106	0.986702088583065	sample_2022120210048
HROV.vOTU32243	Responder_Status	Responder	-0.136422531111278	1.13909364500379	0.905525224944129	0.986702088583065	sample_2022120210048
HROV.vOTU09776	Responder_Status	Responder	0.200242569243576	1.66899100982224	0.905357159831561	0.986702088583065	sample_2022120210048
HROV.vOTU08028	Responder_Status	Responder	-0.134829332797863	1.13745747547668	0.906489516195678	0.986702088583065	sample_2022120210048
HROV.vOTU51519	Responder_Status	Responder	0.139730183490523	1.18325644307872	0.906839816205119	0.986702088583065	sample_2022120210048
HROV.vOTU36085	Responder_Status	Responder	-0.0997555114158663	0.85388092252564	0.907831869891703	0.986702088583065	sample_2022120210048
HROV.vOTU19005	Responder_Status	Responder	-0.0764788672521115	0.625946012127585	0.903628188511673	0.986702088583065	sample_2022120210048
HROV.vOTU37732	Responder_Status	Responder	-0.0763362586619846	0.614496986616017	0.902024183194648	0.986702088583065	sample_2022120210048
HROV.vOTU68286	Responder_Status	Responder	0.0581650121905755	0.486602000487769	0.905706607343861	0.986702088583065	sample_2022120210048
HROV.vOTU31896	Responder_Status	Responder	0.145346468869745	1.18673223052514	0.903396735420074	0.986702088583065	sample_2022120210048
HROV.vOTU44759	Responder_Status	Responder	-0.0741018957099219	0.610301754826012	0.904226788726589	0.986702088583065	sample_2022120210048
HROV.vOTU49670	Responder_Status	Responder	0.099746118822735	0.844543695747396	0.906826466372837	0.986702088583065	sample_2022120210048
HROV.vOTU02036	Responder_Status	Responder	-0.0529638296873492	0.452879105739152	0.907735181748819	0.986702088583065	sample_2022120210048
HROV.vOTU71482	Responder_Status	Responder	-0.0453107513660017	0.380240413171454	0.905996739358031	0.986702088583065	sample_2022120210048
HROV.vOTU30080	Responder_Status	Responder	-0.05500353433069	0.460522339221653	0.905781771447385	0.986702088583065	sample_2022120210048
HROV.vOTU02442	Responder_Status	Responder	0.126494302911054	1.03728532791029	0.903811655013898	0.986702088583065	sample_2022120210048
HROV.vOTU48645	Responder_Status	Responder	0.0486133599789935	0.395432033173741	0.903034914836567	0.986702088583065	sample_2022120210048
HROV.vOTU31098	Responder_Status	Responder	0.0977190719322787	0.790253809006775	0.902471602707563	0.986702088583065	sample_2022120210048
HROV.vOTU39228	Responder_Status	Responder	0.138013882556589	1.12821816865559	0.903512193496971	0.986702088583065	sample_2022120210048
HROV.vOTU04346	Responder_Status	Responder	0.0789376423677253	0.676411658401297	0.90793035984436	0.986702088583065	sample_2022120210048
HROV.vOTU24973	Responder_Status	Responder	0.0450974799402782	0.380030458077912	0.906385610723596	0.986702088583065	sample_2022120210048
HROV.vOTU02807	Responder_Status	Responder	0.0888350613836308	0.755637787300612	0.907253184876062	0.986702088583065	sample_2022120210048
HROV.vOTU20871	Responder_Status	Responder	0.123036407676062	0.992835442525518	0.902260583582462	0.986702088583065	sample_2022120210048
HROV.vOTU40876	Responder_Status	Responder	-0.0713858756101736	0.624939064152998	0.909871798912406	0.987001594453458	sample_2022120210048
HROV.vOTU49128	Responder_Status	Responder	0.141808155171791	1.2448831794545	0.910119789362914	0.987001594453458	sample_2022120210048
HROV.vOTU07463	Responder_Status	Responder	-0.149550013226226	1.32792950143999	0.911136208699082	0.987399163865648	sample_2022120210048
HROV.vOTU18513	Responder_Status	Responder	0.162108381267597	1.44744942518659	0.911625708896014	0.987523541194841	sample_2022120210048
HROV.vOTU11220	Responder_Status	Responder	-0.0759881419900574	0.692833769205953	0.91344760182965	0.987856329681044	sample_2022120210048
HROV.vOTU15726	Responder_Status	Responder	-0.0316654173905795	0.287915134439977	0.913208329810379	0.987856329681044	sample_2022120210048
HROV.vOTU21803	Responder_Status	Responder	0.114315069430053	1.05096645999559	0.914159593946424	0.987862889890675	sample_2022120210048
HROV.vOTU72545	Responder_Status	Responder	0.0659056928783583	0.607218363967669	0.914343765565972	0.987862889890675	sample_2022120210048
HROV.vOTU67635	Responder_Status	Responder	0.102708392768166	0.942677727861055	0.914016157559958	0.987862889890675	sample_2022120210048
HROV.vOTU04318	Responder_Status	Responder	0.113907237917457	1.04471760806246	0.913955067008425	0.987862889890675	sample_2022120210048
HROV.vOTU44564	Responder_Status	Responder	0.0926684080247174	0.851339703787809	0.91409772460031	0.987862889890675	sample_2022120210048
HROV.vOTU70862	Responder_Status	Responder	0.0628420559580678	0.576928423357616	0.914038679440791	0.987862889890675	sample_2022120210048
HROV.vOTU43683	Responder_Status	Responder	-0.056311050805557	0.51582302597736	0.913848353044414	0.987862889890675	sample_2022120210048
HROV.vOTU40810	Responder_Status	Responder	-0.0987038577838284	0.927030560853412	0.915966156501187	0.988241017017549	sample_2022120210048
HROV.vOTU66153	Responder_Status	Responder	-0.0959387617181244	0.918703779145195	0.917573847270517	0.98837073505079	sample_2022120210048
HROV.vOTU31651	Responder_Status	Responder	0.165065036568397	1.58108413532931	0.917596249154013	0.98837073505079	sample_2022120210048
HROV.vOTU41864	Responder_Status	Responder	0.162071423306376	1.53276768585564	0.916544312300925	0.98837073505079	sample_2022120210048
HROV.vOTU47931	Responder_Status	Responder	0.140645598200519	1.35373173331085	0.917993499638293	0.98837073505079	sample_2022120210048
HROV.vOTU06240	Responder_Status	Responder	0.103011533987192	0.992979254576452	0.918115287341922	0.98837073505079	sample_2022120210048
HROV.vOTU38487	Responder_Status	Responder	0.12461938557661	1.17884243599872	0.916563503309655	0.98837073505079	sample_2022120210048
HROV.vOTU38448	Responder_Status	Responder	-0.0826095070760409	0.779893556001901	0.916397824713821	0.98837073505079	sample_2022120210048
HROV.vOTU16572	Responder_Status	Responder	0.115512852203336	1.12721436930891	0.919108955926779	0.988721948895153	sample_2022120210048
HROV.vOTU21901	Responder_Status	Responder	0.170870929579308	1.67254380947051	0.919355985299721	0.988721948895153	sample_2022120210048
HROV.vOTU64915	Responder_Status	Responder	-0.0710025070373431	0.695071196071865	0.919364549125987	0.988721948895153	sample_2022120210048
HROV.vOTU03660	Responder_Status	Responder	-0.0928944002352647	0.911858867527896	0.919583016703247	0.988753094209003	sample_2022120210048
HROV.vOTU35802	Responder_Status	Responder	-0.0875413440077057	0.866164254825171	0.920216871776347	0.988877692834279	sample_2022120210048
HROV.vOTU40268	Responder_Status	Responder	-0.117593621010671	1.18240913351968	0.921487584636838	0.98942459697334	sample_2022120210048
HROV.vOTU07631	Responder_Status	Responder	0.0974080437029541	0.980327122128536	0.921558211104941	0.989449524938785	sample_2022120210048
HROV.vOTU02247	Responder_Status	Responder	0.111881244188492	1.12749476072244	0.921662733012138	0.989459940224451	sample_2022120210048
HROV.vOTU68906	Responder_Status	Responder	-0.0666142734651224	0.672741912272673	0.921828652096476	0.98954839791986	sample_2022120210048
HROV.vOTU36525	Responder_Status	Responder	0.0562095980866327	0.574399142320612	0.922742153842417	0.989815074864723	sample_2022120210048
HROV.vOTU23000	Responder_Status	Responder	0.160277001443154	1.65176488555356	0.923390804113914	0.98986158953587	sample_2022120210048
HROV.vOTU35660	Responder_Status	Responder	0.114998058088713	1.19091935813628	0.923761752014037	0.990032751221329	sample_2022120210048
HROV.vOTU06705	Responder_Status	Responder	-0.0825110792555791	0.882655343698142	0.926187534315732	0.990049510999555	sample_2022120210048
HROV.vOTU12112	Responder_Status	Responder	0.0785977874037549	0.853275695728577	0.927264145426526	0.990049510999555	sample_2022120210048
HROV.vOTU10171	Responder_Status	Responder	0.0515821539579083	0.566279923190156	0.928070018596839	0.990049510999555	sample_2022120210048
HROV.vOTU28659	Responder_Status	Responder	0.0637513453357706	0.69482420093406	0.927548565135729	0.990049510999555	sample_2022120210048
HROV.vOTU21336	Responder_Status	Responder	-0.0743141574227668	0.77586777783248	0.924375966970028	0.990049510999555	sample_2022120210048
HROV.vOTU40842	Responder_Status	Responder	0.0800857003937524	0.869343378891887	0.927257017516706	0.990049510999555	sample_2022120210048
HROV.vOTU62590	Responder_Status	Responder	-0.0903120392670892	0.95231649384512	0.925122064602933	0.990049510999555	sample_2022120210048
HROV.vOTU64823	Responder_Status	Responder	0.107563986866469	1.14577418372316	0.925873947801491	0.990049510999555	sample_2022120210048
HROV.vOTU36921	Responder_Status	Responder	0.0533592118678733	0.564152345759338	0.925319694351773	0.990049510999555	sample_2022120210048
HROV.vOTU25170	Responder_Status	Responder	0.125908543038609	1.33155354491289	0.92533965350763	0.990049510999555	sample_2022120210048
HROV.vOTU03278	Responder_Status	Responder	-0.0232752387600609	0.257869830850214	0.928723475367675	0.990049510999555	sample_2022120210048
HROV.vOTU61538	Responder_Status	Responder	-0.117925987664498	1.27902622688376	0.927195793090288	0.990049510999555	sample_2022120210048
HROV.vOTU57842	Responder_Status	Responder	-0.0712927025803288	0.757053509528142	0.925643763952067	0.990049510999555	sample_2022120210048
HROV.vOTU53048	Responder_Status	Responder	-0.0352951835041447	0.374179165173827	0.925521222089881	0.990049510999555	sample_2022120210048
HROV.vOTU63177	Responder_Status	Responder	-0.0902104904174143	0.944453409622642	0.924585248377031	0.990049510999555	sample_2022120210048
HROV.vOTU56302	Responder_Status	Responder	-0.0430196825968346	0.454022974758121	0.925186486353438	0.990049510999555	sample_2022120210048
HROV.vOTU41084	Responder_Status	Responder	0.0556905048691759	0.581327149975527	0.924362651128685	0.990049510999555	sample_2022120210048
HROV.vOTU43698	Responder_Status	Responder	0.0493687326111672	0.514761776798664	0.924278379438823	0.990049510999555	sample_2022120210048
HROV.vOTU16374	Responder_Status	Responder	0.0275530846533648	0.289415667542227	0.924832091556449	0.990049510999555	sample_2022120210048
HROV.vOTU72910	Responder_Status	Responder	-0.111869612867307	1.25590913751317	0.929656700890892	0.990426161672852	sample_2022120210048
HROV.vOTU00921	Responder_Status	Responder	-0.0862544604119131	0.965607510874347	0.929458225689103	0.990426161672852	sample_2022120210048
HROV.vOTU42045	Responder_Status	Responder	0.070796413833754	0.795779343399692	0.929743116980685	0.990441470644015	sample_2022120210048
HROV.vOTU40721	Responder_Status	Responder	0.0569297761337253	0.645919959634617	0.930394745943871	0.990597130677891	sample_2022120210048
HROV.vOTU15717	Responder_Status	Responder	0.0600611764737368	0.681611607848622	0.93041135388347	0.990597130677891	sample_2022120210048
HROV.vOTU63642	Responder_Status	Responder	-0.118739485691083	1.37136019937781	0.931617467150659	0.991274423342218	sample_2022120210048
HROV.vOTU49542	Responder_Status	Responder	-0.0786543456643416	0.906121394056793	0.931445642296837	0.991274423342218	sample_2022120210048
HROV.vOTU13976	Responder_Status	Responder	-0.0651528381473197	0.759681016948021	0.932264829233576	0.991479099850669	sample_2022120210048
HROV.vOTU38514	Responder_Status	Responder	-0.0702199051575545	0.818003128742908	0.932202072917379	0.991479099850669	sample_2022120210048
HROV.vOTU65612	Responder_Status	Responder	0.0621795036714616	0.721176234548471	0.931905484285449	0.991479099850669	sample_2022120210048
HROV.vOTU64197	Responder_Status	Responder	-0.101713164586624	1.19700194955568	0.932887320851886	0.991664971536641	sample_2022120210048
HROV.vOTU24598	Responder_Status	Responder	-0.0721078063327135	0.849478671499445	0.932957037403138	0.991688569349266	sample_2022120210048
HROV.vOTU67231	Responder_Status	Responder	-0.0535594974766926	0.637591580881594	0.933651903694812	0.991818950900819	sample_2022120210048
HROV.vOTU24122	Responder_Status	Responder	0.0598388953374097	0.727055392140713	0.93499125487966	0.992031900830631	sample_2022120210048
HROV.vOTU41690	Responder_Status	Responder	0.0546718113710221	0.669159976744064	0.935464808805974	0.992063683597239	sample_2022120210048
HROV.vOTU04745	Responder_Status	Responder	-0.0703279739877503	0.857907761387271	0.935248885715092	0.992063683597239	sample_2022120210048
HROV.vOTU65965	Responder_Status	Responder	0.0506545791285582	0.654954373192387	0.938902602618467	0.992063683597239	sample_2022120210048
HROV.vOTU17325	Responder_Status	Responder	-0.0890367905636553	1.15083088361643	0.938881494759635	0.992063683597239	sample_2022120210048
HROV.vOTU74408	Responder_Status	Responder	-0.0933860111183099	1.19581864265481	0.938308861746318	0.992063683597239	sample_2022120210048
HROV.vOTU45549	Responder_Status	Responder	-0.0596761463071179	0.73063735956946	0.935484762547785	0.992063683597239	sample_2022120210048
HROV.vOTU13420	Responder_Status	Responder	-0.0666732269680979	0.859861496983183	0.938745822648095	0.992063683597239	sample_2022120210048
HROV.vOTU07120	Responder_Status	Responder	0.0232175793135374	0.299521791283188	0.938764744967501	0.992063683597239	sample_2022120210048
HROV.vOTU02641	Responder_Status	Responder	0.106504356727952	1.35604214573517	0.937956652420379	0.992063683597239	sample_2022120210048
HROV.vOTU06176	Responder_Status	Responder	0.106564412802074	1.32273660037393	0.936362112204829	0.992063683597239	sample_2022120210048
HROV.vOTU62491	Responder_Status	Responder	-0.0957760802328197	1.18912378838244	0.936378022117077	0.992063683597239	sample_2022120210048
HROV.vOTU24052	Responder_Status	Responder	0.0813083127771161	0.99768064635431	0.935626221668821	0.992063683597239	sample_2022120210048
HROV.vOTU41338	Responder_Status	Responder	-0.0505824857195235	0.653133603808242	0.93881964896452	0.992063683597239	sample_2022120210048
HROV.vOTU37067	Responder_Status	Responder	0.0520593830803067	0.641539147332143	0.935901817873209	0.992063683597239	sample_2022120210048
HROV.vOTU34913	Responder_Status	Responder	-0.0415882431657108	0.526870486994502	0.937646175876403	0.992063683597239	sample_2022120210048
HROV.vOTU50048	Responder_Status	Responder	0.0539879087259137	0.666143043679305	0.935982294195981	0.992063683597239	sample_2022120210048
HROV.vOTU50805	Responder_Status	Responder	-0.0248003831095508	0.310334870188294	0.936873379499667	0.992063683597239	sample_2022120210048
HROV.vOTU29218	Responder_Status	Responder	-0.00966519773297318	0.11974559851248	0.936243231975383	0.992063683597239	sample_2022120210048
HROV.vOTU61935	Responder_Status	Responder	0.0312303964272539	0.386585552994113	0.936187445534985	0.992063683597239	sample_2022120210048
HROV.vOTU17706	Responder_Status	Responder	-0.0401656328959464	0.514133644284517	0.938285881966578	0.992063683597239	sample_2022120210048
HROV.vOTU53230	Responder_Status	Responder	0.0575292346294916	0.761681120471929	0.940330666089733	0.992258668008089	sample_2022120210048
HROV.vOTU17241	Responder_Status	Responder	0.0474125453657744	0.627331445525122	0.940292148288279	0.992258668008089	sample_2022120210048
HROV.vOTU57416	Responder_Status	Responder	0.0828862659515675	1.1036319987715	0.940666648127731	0.992474414352325	sample_2022120210048
HROV.vOTU17122	Responder_Status	Responder	0.0754909453493468	1.01316201893085	0.941134179752997	0.992630421240443	sample_2022120210048
HROV.vOTU18575	Responder_Status	Responder	0.0466905576802754	0.635024366634377	0.941910608698479	0.992962287393911	sample_2022120210048
HROV.vOTU12645	Responder_Status	Responder	-0.055412178717449	0.754547400014696	0.941979986946715	0.99298526758147	sample_2022120210048
HROV.vOTU11758	Responder_Status	Responder	0.0355567752517277	0.487007412256175	0.942316633174487	0.993059650706926	sample_2022120210048
HROV.vOTU68255	Responder_Status	Responder	0.0433919720510823	0.594032422181996	0.94228846129603	0.993059650706926	sample_2022120210048
HROV.vOTU47976	Responder_Status	Responder	0.0394861506760052	0.54175210157822	0.942415001151816	0.99309270760103	sample_2022120210048
HROV.vOTU13294	Responder_Status	Responder	-0.0317665006774826	0.442362809689314	0.943262840491045	0.993385980060183	sample_2022120210048
HROV.vOTU35144	Responder_Status	Responder	0.0580929939780657	0.812914202845671	0.943537564538662	0.993523157009176	sample_2022120210048
HROV.vOTU25356	Responder_Status	Responder	-0.0751180248347108	1.0572839320425	0.943864510767014	0.99366688557847	sample_2022120210048
HROV.vOTU01077	Responder_Status	Responder	-0.0567304248444362	0.800637246486486	0.944015569367993	0.993714951562999	sample_2022120210048
HROV.vOTU62225	Responder_Status	Responder	0.0670467914878646	0.956088082028023	0.944591699607309	0.993730515585788	sample_2022120210048
HROV.vOTU05340	Responder_Status	Responder	-0.0952928420165571	1.37404111887627	0.945202168837931	0.993730515585788	sample_2022120210048
HROV.vOTU13316	Responder_Status	Responder	0.0394719639291553	0.568563396543305	0.945145544066135	0.993730515585788	sample_2022120210048
HROV.vOTU70988	Responder_Status	Responder	-0.0624528182803242	0.908141015304501	0.945661506289214	0.993730515585788	sample_2022120210048
HROV.vOTU07479	Responder_Status	Responder	-0.021855411526907	0.315951634045485	0.945343343700953	0.993730515585788	sample_2022120210048
HROV.vOTU43272	Responder_Status	Responder	0.0830795042570324	1.22388278698977	0.946362070516306	0.993801621630295	sample_2022120210048
HROV.vOTU56910	Responder_Status	Responder	0.0621903053201762	0.920835671421943	0.94663432701976	0.993801621630295	sample_2022120210048
HROV.vOTU56795	Responder_Status	Responder	0.0800409347085047	1.18113919584191	0.946453611528423	0.993801621630295	sample_2022120210048
HROV.vOTU11247	Responder_Status	Responder	0.0368283945851087	0.545387642105802	0.946642062986568	0.993801621630295	sample_2022120210048
HROV.vOTU72414	Responder_Status	Responder	0.0847975670475383	1.26729723023394	0.947127160526734	0.993809198911288	sample_2022120210048
HROV.vOTU35575	Responder_Status	Responder	0.0390378920698292	0.586595236608654	0.947412905507404	0.993809198911288	sample_2022120210048
HROV.vOTU31042	Responder_Status	Responder	0.0780931561884866	1.18058894026888	0.947730347380045	0.993987531911599	sample_2022120210048
HROV.vOTU70525	Responder_Status	Responder	0.0664763379015074	1.08046649136368	0.951377717401155	0.994225098826793	sample_2022120210048
HROV.vOTU03083	Responder_Status	Responder	-0.0591727459520792	0.955001283235654	0.951034149765684	0.994225098826793	sample_2022120210048
HROV.vOTU24078	Responder_Status	Responder	-0.0480628497953478	0.763729578478072	0.950267950826839	0.994225098826793	sample_2022120210048
HROV.vOTU09645	Responder_Status	Responder	-0.0486255784519863	0.788254892537431	0.951249826133835	0.994225098826793	sample_2022120210048
HROV.vOTU60668	Responder_Status	Responder	0.0421739100593839	0.667772168308386	0.950090883633713	0.994225098826793	sample_2022120210048
HROV.vOTU01535	Responder_Status	Responder	0.0397747610962855	0.617311161347477	0.949083847355344	0.994225098826793	sample_2022120210048
HROV.vOTU29201	Responder_Status	Responder	0.0628223239355072	1.01154232455931	0.950920048315631	0.994225098826793	sample_2022120210048
HROV.vOTU49746	Responder_Status	Responder	0.0904804835573469	1.45994750797086	0.951022899475878	0.994225098826793	sample_2022120210048
HROV.vOTU54565	Responder_Status	Responder	-0.0801361655760059	1.23674092553958	0.948796643462813	0.994225098826793	sample_2022120210048
HROV.vOTU19538	Responder_Status	Responder	0.0125079443475371	0.197917680671559	0.950058074624053	0.994225098826793	sample_2022120210048
HROV.vOTU40104	Responder_Status	Responder	0.038004954567668	0.605813691954878	0.950424232684147	0.994225098826793	sample_2022120210048
HROV.vOTU27473	Responder_Status	Responder	-0.0175366370983096	0.279018708100594	0.950331596741955	0.994225098826793	sample_2022120210048
HROV.vOTU27058	Responder_Status	Responder	-0.0294765194639005	0.483808944312185	0.951850989233243	0.994266369077466	sample_2022120210048
HROV.vOTU32134	Responder_Status	Responder	0.0316647766757618	0.522944829104354	0.952147015362339	0.994266369077466	sample_2022120210048
HROV.vOTU48671	Responder_Status	Responder	-0.0243135548030128	0.398109792982946	0.95173533230171	0.994266369077466	sample_2022120210048
HROV.vOTU00965	Responder_Status	Responder	0.0515165394380535	0.914348563889948	0.955469227492552	0.994310953753738	sample_2022120210048
HROV.vOTU47152	Responder_Status	Responder	-0.0326145134922583	0.581435422461262	0.955666006620092	0.994310953753738	sample_2022120210048
HROV.vOTU17583	Responder_Status	Responder	-0.0396617863147479	0.66540501766364	0.952893245470973	0.994310953753738	sample_2022120210048
HROV.vOTU73171	Responder_Status	Responder	-0.0483552933620748	0.824693341052716	0.953659883227017	0.994310953753738	sample_2022120210048
HROV.vOTU50212	Responder_Status	Responder	0.0429478112744269	0.76528970501323	0.955645021251445	0.994310953753738	sample_2022120210048
HROV.vOTU52289	Responder_Status	Responder	-0.039889700713622	0.678261714297079	0.95351985192542	0.994310953753738	sample_2022120210048
HROV.vOTU19658	Responder_Status	Responder	-0.0385358660245779	0.647110282404519	0.952936491812705	0.994310953753738	sample_2022120210048
HROV.vOTU18688	Responder_Status	Responder	-0.0484537552219147	0.873093133773754	0.956136903299891	0.994310953753738	sample_2022120210048
HROV.vOTU48425	Responder_Status	Responder	0.0288914866857063	0.509211898415062	0.955157137048221	0.994310953753738	sample_2022120210048
HROV.vOTU69936	Responder_Status	Responder	0.0435061300614762	0.750581167880823	0.954189583368165	0.994310953753738	sample_2022120210048
HROV.vOTU16683	Responder_Status	Responder	0.0229420150463918	0.401848928342023	0.954878065000614	0.994310953753738	sample_2022120210048
HROV.vOTU07731	Responder_Status	Responder	-0.0404605372781933	0.71016550619352	0.954971026413538	0.994310953753738	sample_2022120210048
HROV.vOTU56015	Responder_Status	Responder	-0.0423670715666553	0.724060918352918	0.953755510218703	0.994310953753738	sample_2022120210048
HROV.vOTU72562	Responder_Status	Responder	-0.0242711220329722	0.439454431470198	0.95634734750941	0.994310953753738	sample_2022120210048
HROV.vOTU49568	Responder_Status	Responder	0.0305809034724695	0.508993508520525	0.952517804897534	0.994310953753738	sample_2022120210048
HROV.vOTU43692	Responder_Status	Responder	-0.0608028356195563	1.11852080175151	0.957034334228592	0.994593704101418	sample_2022120210048
HROV.vOTU53898	Responder_Status	Responder	0.0305671723752545	0.563634645500424	0.95713523936371	0.994642854430146	sample_2022120210048
HROV.vOTU01895	Responder_Status	Responder	-0.0542748174479196	1.0183612322609	0.95787432501902	0.994793013649775	sample_2022120210048
HROV.vOTU65577	Responder_Status	Responder	0.0693646252343182	1.3465008817816	0.959281126639822	0.994902527982301	sample_2022120210048
HROV.vOTU03210	Responder_Status	Responder	-0.0371066682683218	0.723046529160687	0.959434991766736	0.994902527982301	sample_2022120210048
HROV.vOTU26256	Responder_Status	Responder	-0.0387540928211439	0.750000854299253	0.959156876130933	0.994902527982301	sample_2022120210048
HROV.vOTU44936	Responder_Status	Responder	0.0450199900136755	0.860731774266503	0.958657592138315	0.994902527982301	sample_2022120210048
HROV.vOTU05876	Responder_Status	Responder	0.0588224550650282	1.14155781548712	0.959270462200775	0.994902527982301	sample_2022120210048
HROV.vOTU26597	Responder_Status	Responder	-0.0260049808922696	0.5237886306225	0.96075548419993	0.995123186198455	sample_2022120210048
HROV.vOTU73571	Responder_Status	Responder	-0.0707788547781265	1.41297171054364	0.96040455329911	0.995123186198455	sample_2022120210048
HROV.vOTU34645	Responder_Status	Responder	0.0407752189213957	0.828104989828113	0.961078243460281	0.995123186198455	sample_2022120210048
HROV.vOTU74409	Responder_Status	Responder	-0.0282151234482147	0.577270553700628	0.961364481371639	0.995320801975697	sample_2022120210048
HROV.vOTU17571	Responder_Status	Responder	-0.0174456610040672	0.364544555236727	0.96217069094287	0.995451631316484	sample_2022120210048
HROV.vOTU73012	Responder_Status	Responder	0.0609879822184695	1.28201454448362	0.962395056537241	0.995548194792179	sample_2022120210048
HROV.vOTU06011	Responder_Status	Responder	0.0301495481112408	0.635901328139698	0.962521186017352	0.995598248312248	sample_2022120210048
HROV.vOTU18825	Responder_Status	Responder	0.0431478645731193	0.929160901154486	0.963291215803355	0.995898684718855	sample_2022120210048
HROV.vOTU43747	Responder_Status	Responder	-0.0383660051527784	1.03421011730161	0.970670956714983	0.995939852389038	sample_2022120210048
HROV.vOTU22499	Responder_Status	Responder	-0.0397151192014648	0.918260926321676	0.965808920869009	0.995939852389038	sample_2022120210048
HROV.vOTU08847	Responder_Status	Responder	0.0427133095193693	1.07786544781898	0.968671167050989	0.995939852389038	sample_2022120210048
HROV.vOTU12852	Responder_Status	Responder	0.0342422988345515	0.859383586770665	0.968499307072523	0.995939852389038	sample_2022120210048
HROV.vOTU67370	Responder_Status	Responder	0.0533567555659975	1.41901730643869	0.970272458366582	0.995939852389038	sample_2022120210048
HROV.vOTU42237	Responder_Status	Responder	0.052345511229546	1.20719023301989	0.965721164965528	0.995939852389038	sample_2022120210048
HROV.vOTU60379	Responder_Status	Responder	0.0473553384562078	1.04153290656604	0.964057833325736	0.995939852389038	sample_2022120210048
HROV.vOTU53239	Responder_Status	Responder	-0.0442804389215384	0.986538320108155	0.964517827297683	0.995939852389038	sample_2022120210048
HROV.vOTU75148	Responder_Status	Responder	0.0270494642630039	0.721877012112864	0.970375333991319	0.995939852389038	sample_2022120210048
HROV.vOTU52590	Responder_Status	Responder	-0.0529315734379788	1.19368849532914	0.964945831792406	0.995939852389038	sample_2022120210048
HROV.vOTU75676	Responder_Status	Responder	0.0488093374675787	1.16096935267564	0.966763680540516	0.995939852389038	sample_2022120210048
HROV.vOTU75110	Responder_Status	Responder	-0.0339357864706151	0.825208514622365	0.967488971611199	0.995939852389038	sample_2022120210048
HROV.vOTU72250	Responder_Status	Responder	-0.0382851767995057	0.968675853345682	0.968753718049208	0.995939852389038	sample_2022120210048
HROV.vOTU53343	Responder_Status	Responder	-0.0291351441863385	0.790074655998535	0.970845180227742	0.995939852389038	sample_2022120210048
HROV.vOTU26839	Responder_Status	Responder	0.0573069297763074	1.31389404893336	0.965519984088497	0.995939852389038	sample_2022120210048
HROV.vOTU58942	Responder_Status	Responder	-0.0207212151635466	0.525995531768209	0.968855591125221	0.995939852389038	sample_2022120210048
HROV.vOTU35445	Responder_Status	Responder	0.0392723779015671	1.03440160288897	0.969983972129257	0.995939852389038	sample_2022120210048
HROV.vOTU55814	Responder_Status	Responder	-0.0459388913098222	0.998439466921872	0.963628321209744	0.995939852389038	sample_2022120210048
HROV.vOTU06637	Responder_Status	Responder	-0.0358965735180706	0.839370162609181	0.966191521026613	0.995939852389038	sample_2022120210048
HROV.vOTU19833	Responder_Status	Responder	-0.0445559855723796	1.0028732966342	0.964878319402057	0.995939852389038	sample_2022120210048
HROV.vOTU51865	Responder_Status	Responder	-0.0522179124247794	1.18391848766787	0.965132954877811	0.995939852389038	sample_2022120210048
HROV.vOTU57098	Responder_Status	Responder	0.0113666343030955	0.300472671126282	0.970092308276924	0.995939852389038	sample_2022120210048
HROV.vOTU02637	Responder_Status	Responder	-0.0234965872473612	0.640169773518628	0.970981704674641	0.995939852389038	sample_2022120210048
HROV.vOTU52324	Responder_Status	Responder	-0.0157184753846031	0.426795926812632	0.97088265747468	0.995939852389038	sample_2022120210048
HROV.vOTU55100	Responder_Status	Responder	0.0141904706611214	0.344436230995882	0.967429532153313	0.995939852389038	sample_2022120210048
HROV.vOTU64089	Responder_Status	Responder	0.0279853687390696	0.647869645089243	0.965851880222508	0.995939852389038	sample_2022120210048
HROV.vOTU14772	Responder_Status	Responder	0.0350118985736437	0.869278292038635	0.968158135976965	0.995939852389038	sample_2022120210048
HROV.vOTU58189	Responder_Status	Responder	0.00987236187975501	0.265797472940987	0.970634996068322	0.995939852389038	sample_2022120210048
HROV.vOTU59437	Responder_Status	Responder	0.00905152136747956	0.242045399387023	0.970434639648556	0.995939852389038	sample_2022120210048
HROV.vOTU52765	Responder_Status	Responder	-0.0354523904391194	0.78639042570616	0.96436159816524	0.995939852389038	sample_2022120210048
HROV.vOTU72573	Responder_Status	Responder	0.0316449745916738	0.738475308671502	0.966123823509848	0.995939852389038	sample_2022120210048
HROV.vOTU74610	Responder_Status	Responder	0.0355193136192617	0.88880548840384	0.968406235140904	0.995939852389038	sample_2022120210048
HROV.vOTU44289	Responder_Status	Responder	-0.0259833669069516	0.600954096386076	0.965819590929014	0.995939852389038	sample_2022120210048
HROV.vOTU27487	Responder_Status	Responder	0.0378574456317068	1.05695403001403	0.971682018210588	0.996087045339586	sample_2022120210048
HROV.vOTU04485	Responder_Status	Responder	-0.026437517389936	0.756800484025128	0.972380802982264	0.996087045339586	sample_2022120210048
HROV.vOTU07448	Responder_Status	Responder	-0.0156061953078914	0.450397054016953	0.972604782459515	0.996087045339586	sample_2022120210048
HROV.vOTU39594	Responder_Status	Responder	-0.023071416004152	0.662896867662397	0.9724830219069	0.996087045339586	sample_2022120210048
HROV.vOTU01702	Responder_Status	Responder	-0.0363777928878561	1.05963401390114	0.972857155199609	0.996094361862389	sample_2022120210048
HROV.vOTU37474	Responder_Status	Responder	0.0361890951477379	1.08347106178591	0.973591724950847	0.996094361862389	sample_2022120210048
HROV.vOTU21655	Responder_Status	Responder	0.040937839226981	1.21746370926468	0.973414343406306	0.996094361862389	sample_2022120210048
HROV.vOTU18579	Responder_Status	Responder	0.0211951218909386	0.632025463610553	0.973485692050027	0.996094361862389	sample_2022120210048
HROV.vOTU14344	Responder_Status	Responder	-0.0227948626466865	0.683301846085536	0.973624286403456	0.996094361862389	sample_2022120210048
HROV.vOTU49930	Responder_Status	Responder	0.0286684765824189	0.843120577206866	0.973116146930507	0.996094361862389	sample_2022120210048
HROV.vOTU39786	Responder_Status	Responder	0.0120364918397999	0.355684950135837	0.973244575308787	0.996094361862389	sample_2022120210048
HROV.vOTU64056	Responder_Status	Responder	0.0233681446395654	0.725084452316466	0.974518731999389	0.996146197577043	sample_2022120210048
HROV.vOTU56707	Responder_Status	Responder	0.035533679706806	1.07891039225356	0.973960253493797	0.996146197577043	sample_2022120210048
HROV.vOTU41050	Responder_Status	Responder	0.0456419600051221	1.40374764978077	0.974292535104414	0.996146197577043	sample_2022120210048
HROV.vOTU02899	Responder_Status	Responder	0.0579922952331304	1.74808746145584	0.973770627785951	0.996146197577043	sample_2022120210048
HROV.vOTU08341	Responder_Status	Responder	0.0199676095800591	0.607354196507285	0.974006409489653	0.996146197577043	sample_2022120210048
HROV.vOTU17675	Responder_Status	Responder	-0.0142297461042216	0.434985161984602	0.974135401335404	0.996146197577043	sample_2022120210048
HROV.vOTU12665	Responder_Status	Responder	-0.0361362565404253	1.12968577298899	0.974708647521516	0.996237302207456	sample_2022120210048
HROV.vOTU70896	Responder_Status	Responder	-0.0328461417518102	1.04598981037573	0.97517174221998	0.996367715258149	sample_2022120210048
HROV.vOTU02408	Responder_Status	Responder	0.0452490360611959	1.46312842732398	0.975547771642653	0.996414592874692	sample_2022120210048
HROV.vOTU69471	Responder_Status	Responder	0.0198610579322349	0.640872171753212	0.975496832732159	0.996414592874692	sample_2022120210048
HROV.vOTU66501	Responder_Status	Responder	0.0232458132715691	0.781924478243713	0.976494097053903	0.996453432237398	sample_2022120210048
HROV.vOTU47224	Responder_Status	Responder	0.0328034637750553	1.08911023928432	0.976185409736299	0.996453432237398	sample_2022120210048
HROV.vOTU41476	Responder_Status	Responder	-0.0328740160827515	1.12889209462884	0.976974979904539	0.99660138963819	sample_2022120210048
HROV.vOTU65910	Responder_Status	Responder	-0.0450357116944769	1.57723482179234	0.977423177884068	0.996989515904535	sample_2022120210048
HROV.vOTU54313	Responder_Status	Responder	-0.0102843149364636	0.363078915878351	0.97760363954399	0.996989515904535	sample_2022120210048
HROV.vOTU38991	Responder_Status	Responder	0.020198362406507	0.721956999073341	0.977878762980098	0.997078210177202	sample_2022120210048
HROV.vOTU31942	Responder_Status	Responder	0.0432269707578295	1.57051717502259	0.978237009248986	0.997126232242056	sample_2022120210048
HROV.vOTU08812	Responder_Status	Responder	-0.033728722362212	1.22487179449333	0.97822713046905	0.997126232242056	sample_2022120210048
HROV.vOTU70023	Responder_Status	Responder	0.00821584230490246	0.308178382877644	0.978920519668888	0.997209375126562	sample_2022120210048
HROV.vOTU55610	Responder_Status	Responder	0.0153299522898939	0.597308287898234	0.979706538143172	0.997209375126562	sample_2022120210048
HROV.vOTU37824	Responder_Status	Responder	0.0199866895880555	0.761792582310064	0.97925488807498	0.997209375126562	sample_2022120210048
HROV.vOTU34282	Responder_Status	Responder	0.0269693687716346	1.03579068196953	0.979412139552278	0.997209375126562	sample_2022120210048
HROV.vOTU49433	Responder_Status	Responder	0.0226525007563536	0.873184773056662	0.97948730114985	0.997209375126562	sample_2022120210048
HROV.vOTU56041	Responder_Status	Responder	0.0146072252584425	0.566850414748421	0.979624290798297	0.997209375126562	sample_2022120210048
HROV.vOTU05670	Responder_Status	Responder	-0.0167445339342538	0.66551907945798	0.980105714129343	0.997209375126562	sample_2022120210048
HROV.vOTU17311	Responder_Status	Responder	-0.0100592116964533	0.396190348038537	0.979924101686208	0.997209375126562	sample_2022120210048
HROV.vOTU56271	Responder_Status	Responder	0.0185664237770759	0.746466633015551	0.980333152994738	0.997246863183897	sample_2022120210048
HROV.vOTU21097	Responder_Status	Responder	0.0230045997707575	0.939103997828407	0.980630461907281	0.997257173141065	sample_2022120210048
HROV.vOTU24337	Responder_Status	Responder	-0.019701341771358	0.809716339782046	0.980761031748971	0.997257173141065	sample_2022120210048
HROV.vOTU26876	Responder_Status	Responder	-0.0233472587453589	0.985287877545219	0.981263264752491	0.997257173141065	sample_2022120210048
HROV.vOTU03401	Responder_Status	Responder	0.0177560218442741	0.725429473274433	0.980646085487618	0.997257173141065	sample_2022120210048
HROV.vOTU50705	Responder_Status	Responder	0.0212606814881038	0.875569484948725	0.980799805911238	0.997257173141065	sample_2022120210048
HROV.vOTU51039	Responder_Status	Responder	-0.0312682873588372	1.30557992499687	0.981062576671064	0.997257173141065	sample_2022120210048
HROV.vOTU61668	Responder_Status	Responder	0.021000482140839	0.943940109845657	0.982408171764708	0.997364264999538	sample_2022120210048
HROV.vOTU03672	Responder_Status	Responder	-0.0145252325124015	0.663631212053025	0.982692926745831	0.997364264999538	sample_2022120210048
HROV.vOTU29403	Responder_Status	Responder	0.0216682960352387	0.946883466198747	0.981905265056052	0.997364264999538	sample_2022120210048
HROV.vOTU22511	Responder_Status	Responder	-0.0304766539105448	1.34907976989137	0.982136989590232	0.997364264999538	sample_2022120210048
HROV.vOTU53025	Responder_Status	Responder	0.00883437240894333	0.385428676831142	0.981875937543731	0.997364264999538	sample_2022120210048
HROV.vOTU22969	Responder_Status	Responder	-0.0210687037953079	0.972655630329395	0.982871994481908	0.997448992211885	sample_2022120210048
HROV.vOTU28139	Responder_Status	Responder	0.0117025331387169	0.556394418353802	0.983368661326593	0.997491947999634	sample_2022120210048
HROV.vOTU32378	Responder_Status	Responder	-0.0195864342655952	0.955845009132955	0.983796841486659	0.997708347433139	sample_2022120210048
HROV.vOTU11831	Responder_Status	Responder	0.0195703214777373	0.995691648737071	0.98445798262966	0.99801192711192	sample_2022120210048
HROV.vOTU27520	Responder_Status	Responder	0.0239467890713236	1.20344269378803	0.984265409423109	0.99801192711192	sample_2022120210048
HROV.vOTU27624	Responder_Status	Responder	-0.015586219950586	0.824539579735272	0.985052596386125	0.99801192711192	sample_2022120210048
HROV.vOTU56296	Responder_Status	Responder	0.012021033147323	0.63538092446598	0.985039571105265	0.99801192711192	sample_2022120210048
HROV.vOTU73439	Responder_Status	Responder	0.0171142167843394	0.894754420182533	0.984875222122753	0.99801192711192	sample_2022120210048
HROV.vOTU43256	Responder_Status	Responder	-0.0155690976077805	0.829773432453731	0.985163181658873	0.998027688347666	sample_2022120210048
HROV.vOTU51722	Responder_Status	Responder	-0.0051685997412799	0.280102246709358	0.985408698245399	0.998078735643884	sample_2022120210048
HROV.vOTU15235	Responder_Status	Responder	0.0114106336880835	0.685496230642862	0.986837233536416	0.998396216278139	sample_2022120210048
HROV.vOTU49348	Responder_Status	Responder	-0.0198319555751652	1.17326254473883	0.98663367026781	0.998396216278139	sample_2022120210048
HROV.vOTU24582	Responder_Status	Responder	0.0180378843031019	1.07572595543465	0.98674053117326	0.998396216278139	sample_2022120210048
HROV.vOTU36712	Responder_Status	Responder	-0.00802155857007415	0.482195402733285	0.98684538316298	0.998396216278139	sample_2022120210048
HROV.vOTU54284	Responder_Status	Responder	0.0119655921039093	0.747649977771908	0.987344482082263	0.99843286276913	sample_2022120210048
HROV.vOTU12311	Responder_Status	Responder	-0.019259779427465	1.357783451474	0.988783200178541	0.998683867265363	sample_2022120210048
HROV.vOTU06271	Responder_Status	Responder	-0.0107987661651299	0.746961494947393	0.988567965951888	0.998683867265363	sample_2022120210048
HROV.vOTU33217	Responder_Status	Responder	0.00751312462811369	0.525027682699564	0.988684173126622	0.998683867265363	sample_2022120210048
HROV.vOTU68457	Responder_Status	Responder	-0.0056661783939014	0.394619965870132	0.98864573598059	0.998683867265363	sample_2022120210048
HROV.vOTU06783	Responder_Status	Responder	-0.0100807866795947	0.788358851403828	0.989888362911485	0.998968063603787	sample_2022120210048
HROV.vOTU68787	Responder_Status	Responder	0.013743449383734	1.12141215262299	0.990308690025455	0.998981936103135	sample_2022120210048
HROV.vOTU53949	Responder_Status	Responder	-0.00600455832127057	0.490421306924523	0.990318029517861	0.998981936103135	sample_2022120210048
HROV.vOTU33511	Responder_Status	Responder	-0.0115532529350773	0.953609958508516	0.990419553381769	0.999036059887749	sample_2022120210048
HROV.vOTU42975	Responder_Status	Responder	-0.011493242088145	0.9914340296769	0.990832901162169	0.999146947009119	sample_2022120210048
HROV.vOTU41713	Responder_Status	Responder	-0.0121098401898173	1.04824900590353	0.990864607678378	0.999146947009119	sample_2022120210048
HROV.vOTU59862	Responder_Status	Responder	-0.00281464093975427	0.239996075785349	0.990725899371506	0.999146947009119	sample_2022120210048
HROV.vOTU64525	Responder_Status	Responder	-0.0108132817876357	0.971793799266825	0.991200917891277	0.99919396699771	sample_2022120210048
HROV.vOTU42883	Responder_Status	Responder	0.00897421306090761	0.798505046448373	0.991112645634373	0.99919396699771	sample_2022120210048
HROV.vOTU46177	Responder_Status	Responder	0.0047195887585929	0.444048609976514	0.99159517975275	0.999304234943256	sample_2022120210048
HROV.vOTU56464	Responder_Status	Responder	0.00952912497937922	0.916535602062285	0.991778352829575	0.999399355231096	sample_2022120210048
HROV.vOTU01886	Responder_Status	Responder	0.00340781777351362	0.494645203478823	0.994551935274792	0.999542849721023	sample_2022120210048
HROV.vOTU07890	Responder_Status	Responder	0.00213857756375447	0.357420091998584	0.995268415337631	0.999542849721023	sample_2022120210048
HROV.vOTU42672	Responder_Status	Responder	0.00883544389961262	1.08230872050973	0.993544416911783	0.999542849721023	sample_2022120210048
HROV.vOTU62704	Responder_Status	Responder	0.00591812965070657	0.835708246377	0.99439998380041	0.999542849721023	sample_2022120210048
HROV.vOTU52713	Responder_Status	Responder	-0.00468658131678204	0.805852185575935	0.995401020343931	0.999542849721023	sample_2022120210048
HROV.vOTU73506	Responder_Status	Responder	-0.0105949764514168	1.19148963064725	0.992968191155684	0.999542849721023	sample_2022120210048
HROV.vOTU39338	Responder_Status	Responder	0.0100781278989091	1.15607233776474	0.993106299457562	0.999542849721023	sample_2022120210048
HROV.vOTU13816	Responder_Status	Responder	-0.00684794061694242	0.741314746569117	0.99269510118913	0.999542849721023	sample_2022120210048
HROV.vOTU01200	Responder_Status	Responder	0.00491292681764942	0.596383541128288	0.993485624125453	0.999542849721023	sample_2022120210048
HROV.vOTU04086	Responder_Status	Responder	-0.00281825606624694	0.517214234855289	0.995691054403861	0.999542849721023	sample_2022120210048
HROV.vOTU20868	Responder_Status	Responder	0.00754656889407042	0.787903555611869	0.992425868190734	0.999542849721023	sample_2022120210048
HROV.vOTU71058	Responder_Status	Responder	-0.00554462814661182	0.570769223347874	0.992318110447563	0.999542849721023	sample_2022120210048
HROV.vOTU03500	Responder_Status	Responder	0.0032704669682981	0.559319800901061	0.995376080497758	0.999542849721023	sample_2022120210048
HROV.vOTU17211	Responder_Status	Responder	0.0033818625474035	0.61790169363141	0.995671897113757	0.999542849721023	sample_2022120210048
HROV.vOTU08046	Responder_Status	Responder	-0.010753711695668	1.14325603746622	0.992561737378843	0.999542849721023	sample_2022120210048
HROV.vOTU03059	Responder_Status	Responder	-0.00580579600376713	1.07250483527481	0.995719213467176	0.999542849721023	sample_2022120210048
HROV.vOTU20279	Responder_Status	Responder	-0.00729913391252453	0.96545206628353	0.994021398795161	0.999542849721023	sample_2022120210048
HROV.vOTU12428	Responder_Status	Responder	-0.00369885617849689	0.421940213077875	0.993067753112692	0.999542849721023	sample_2022120210048
HROV.vOTU53756	Responder_Status	Responder	-0.00729691730519902	0.790523667984609	0.992700696606799	0.999542849721023	sample_2022120210048
HROV.vOTU34622	Responder_Status	Responder	0.0025373839158834	0.73022024680561	0.997252139620228	0.999706899096093	sample_2022120210048
HROV.vOTU66328	Responder_Status	Responder	-0.00379232249401724	0.887171166034183	0.996619665101254	0.999706899096093	sample_2022120210048
HROV.vOTU41060	Responder_Status	Responder	-0.00466158539198313	1.36453601765507	0.997298462372357	0.999706899096093	sample_2022120210048
HROV.vOTU12820	Responder_Status	Responder	0.00489365425652543	1.11768986983945	0.996537627529696	0.999706899096093	sample_2022120210048
HROV.vOTU14153	Responder_Status	Responder	-0.00406213462502466	0.871017056804203	0.996312013883599	0.999706899096093	sample_2022120210048
HROV.vOTU10232	Responder_Status	Responder	0.00123415139903231	0.354681427355824	0.997248355401224	0.999706899096093	sample_2022120210048
HROV.vOTU40750	Responder_Status	Responder	0.0014953097723544	0.646970090631748	0.99817227933314	0.999805720705094	sample_2022120210048
HROV.vOTU11334	Responder_Status	Responder	-0.000636321568847811	0.278686488082945	0.998194391477104	0.999805720705094	sample_2022120210048
HROV.vOTU17130	Responder_Status	Responder	0.00114117120293648	0.659230728517033	0.998631085285811	0.999841246519119	sample_2022120210048
HROV.vOTU09745	Responder_Status	Responder	-0.000748894893755081	1.10485738312743	0.99946398385863	0.999841246519119	sample_2022120210048
HROV.vOTU65585	Responder_Status	Responder	-1.01281169401998e-05	1.07636427185659	0.999992558976284	0.999992558976284	sample_2022120210048
