feature	metadata	value	coef	stderr	pval	qval	holdout
HROV.vOTU20811	Responder_Status	Responder	3.83307395588212	0.753332697018151	2.17936439606494e-05	0.0282636320114671	sample_2022120210026
HROV.vOTU03764	Responder_Status	Responder	-2.62978691071465	0.563211506453006	6.848285969858e-05	0.0592091391143973	sample_2022120210026
HROV.vOTU35149	Responder_Status	Responder	-1.20278514680865	0.26668179988362	0.000105681936265773	0.0812185250931403	sample_2022120210026
HROV.vOTU41492	Responder_Status	Responder	3.06366406900856	0.699014011734398	0.000149436211874118	0.0816000367470515	sample_2022120210026
HROV.vOTU75944	Responder_Status	Responder	-1.75409659890708	0.394176255479887	0.000124486288429439	0.0816000367470515	sample_2022120210026
HROV.vOTU72475	Responder_Status	Responder	-2.67859373390655	0.632017095057175	0.000221208865061084	0.102118563755407	sample_2022120210026
HROV.vOTU07618	Responder_Status	Responder	-3.71003250957102	0.881835117553463	0.000240548687646265	0.103742295868867	sample_2022120210026
HROV.vOTU53817	Responder_Status	Responder	-2.37663289540297	0.591999051998155	0.000404082247189866	0.139745110486495	sample_2022120210026
HROV.vOTU66954	Responder_Status	Responder	-2.44849003111266	0.640684074943554	0.000676407447582733	0.189025013492982	sample_2022120210026
HROV.vOTU26732	Responder_Status	Responder	-3.58723855213816	0.975582598410945	0.000991828325216935	0.228671530536127	sample_2022120210026
HROV.vOTU57623	Responder_Status	Responder	2.2259992309385	0.608182026618855	0.00103704512361654	0.236469080385089	sample_2022120210026
HROV.vOTU50963	Responder_Status	Responder	-2.44309752969604	0.671886356610765	0.00110432420951368	0.243773695185201	sample_2022120210026
HROV.vOTU09867	Responder_Status	Responder	-0.785678830938261	0.216590942636857	0.00112984082636083	0.246781022599866	sample_2022120210026
HROV.vOTU46906	Responder_Status	Responder	-3.67769198055084	1.02023358425901	0.00119923187051789	0.256536714569548	sample_2022120210026
HROV.vOTU01981	Responder_Status	Responder	2.61620807327044	0.747936020945195	0.00158508960371855	0.294493182641876	sample_2022120210026
HROV.vOTU66335	Responder_Status	Responder	-3.71690249920386	1.08340611579508	0.00188656650254991	0.300777842054358	sample_2022120210026
HROV.vOTU64653	Responder_Status	Responder	-1.74595300422594	0.511743428310827	0.00198140340579512	0.306353614671093	sample_2022120210026
HROV.vOTU29861	Responder_Status	Responder	-2.63288304509489	0.783126057824673	0.00225238015429207	0.312363669410636	sample_2022120210026
HROV.vOTU45963	Responder_Status	Responder	-1.87153362637028	0.55600689361932	0.00222928406600219	0.312363669410636	sample_2022120210026
HROV.vOTU70612	Responder_Status	Responder	-1.41676821342853	0.421270057808921	0.00224618791666977	0.312363669410636	sample_2022120210026
HROV.vOTU30890	Responder_Status	Responder	-2.60486532385432	0.784581373151728	0.00250829977360149	0.31835666781857	sample_2022120210026
HROV.vOTU08997	Responder_Status	Responder	-2.18750713264696	0.669032986549158	0.00285306004927087	0.330731821354025	sample_2022120210026
HROV.vOTU23447	Responder_Status	Responder	-2.79316490335242	0.874067768892609	0.00344330503597541	0.356815877460447	sample_2022120210026
HROV.vOTU28638	Responder_Status	Responder	-2.48209323674708	0.776370301533715	0.003430654467474	0.356815877460447	sample_2022120210026
HROV.vOTU12418	Responder_Status	Responder	2.50307106390714	0.788082523804807	0.00361666272100803	0.361806593019578	sample_2022120210026
HROV.vOTU38705	Responder_Status	Responder	2.44484564731076	0.776393799762844	0.00387309327108616	0.361806593019578	sample_2022120210026
HROV.vOTU04023	Responder_Status	Responder	2.73573963042622	0.87388595665673	0.0040568029733068	0.365994181287462	sample_2022120210026
HROV.vOTU32053	Responder_Status	Responder	-1.82696894971086	0.585084011867643	0.004138798169678	0.36700881205478	sample_2022120210026
HROV.vOTU71115	Responder_Status	Responder	-3.22910353319857	1.04261359544844	0.00441138135236838	0.370762668175731	sample_2022120210026
HROV.vOTU09864	Responder_Status	Responder	-1.74433169297589	0.564464709150342	0.00448799805573638	0.371019759587769	sample_2022120210026
HROV.vOTU21781	Responder_Status	Responder	-1.54729960746607	0.504318582249759	0.0047431432953459	0.371121785217321	sample_2022120210026
HROV.vOTU45175	Responder_Status	Responder	2.48304515354333	0.809993266469698	0.00477383265264575	0.371121785217321	sample_2022120210026
HROV.vOTU01892	Responder_Status	Responder	-4.07898228254224	1.33586877436849	0.00491974106146259	0.372249342990836	sample_2022120210026
HROV.vOTU26034	Responder_Status	Responder	3.30228324732923	1.10582615052953	0.00581147817625502	0.395371056253415	sample_2022120210026
HROV.vOTU13507	Responder_Status	Responder	-1.88011000169192	0.632056444736276	0.00598124695922022	0.39654625272678	sample_2022120210026
HROV.vOTU71826	Responder_Status	Responder	-2.02773309945636	0.680986230193048	0.00593641810360658	0.39654625272678	sample_2022120210026
HROV.vOTU74504	Responder_Status	Responder	-0.770802110824189	0.259010080088858	0.00596118568648219	0.39654625272678	sample_2022120210026
HROV.vOTU14455	Responder_Status	Responder	2.25413068631787	0.759040945815432	0.00605368867976856	0.39761542510686	sample_2022120210026
HROV.vOTU64982	Responder_Status	Responder	-2.93056681431652	0.992898739447859	0.00633082594384215	0.40352260124708	sample_2022120210026
HROV.vOTU47360	Responder_Status	Responder	-1.78196062867554	0.603166324880511	0.00628711067112439	0.40352260124708	sample_2022120210026
HROV.vOTU39537	Responder_Status	Responder	-1.60738515741621	0.544976469303655	0.00636310477873814	0.40352260124708	sample_2022120210026
HROV.vOTU74082	Responder_Status	Responder	-3.28775714825176	1.11818585274304	0.00650853876816809	0.404347842633197	sample_2022120210026
HROV.vOTU65727	Responder_Status	Responder	2.45093454564181	0.832731011670837	0.00646093911662197	0.404347842633197	sample_2022120210026
HROV.vOTU50435	Responder_Status	Responder	2.51136770331467	0.855287212956049	0.0065723472587472	0.404677168008915	sample_2022120210026
HROV.vOTU61707	Responder_Status	Responder	-2.27039730303998	0.773005882633638	0.00655919082215333	0.404677168008915	sample_2022120210026
HROV.vOTU43248	Responder_Status	Responder	-2.19462478929869	0.748239243801514	0.00662470113870799	0.405494243740976	sample_2022120210026
HROV.vOTU64497	Responder_Status	Responder	-1.49465814409254	0.509455566992462	0.00661200519682718	0.405494243740976	sample_2022120210026
HROV.vOTU06026	Responder_Status	Responder	2.45035666948754	0.836245738603388	0.00667141597100149	0.405958596475897	sample_2022120210026
HROV.vOTU20963	Responder_Status	Responder	-3.11190041426392	1.06669700812741	0.00688504123086431	0.406230121427164	sample_2022120210026
HROV.vOTU03523	Responder_Status	Responder	2.73889285790083	0.948618988860485	0.00741014153353587	0.406230121427164	sample_2022120210026
HROV.vOTU29848	Responder_Status	Responder	2.65134800086744	0.919116290389086	0.00745674247086244	0.406230121427164	sample_2022120210026
HROV.vOTU63613	Responder_Status	Responder	2.13357638667217	0.7428573950949	0.00768817991126732	0.406230121427164	sample_2022120210026
HROV.vOTU34455	Responder_Status	Responder	-1.8807169228081	0.648519640841483	0.00718270916672769	0.406230121427164	sample_2022120210026
HROV.vOTU56246	Responder_Status	Responder	-0.90391695446732	0.315277990802848	0.00778365764566533	0.406230121427164	sample_2022120210026
HROV.vOTU08478	Responder_Status	Responder	-1.78304921690871	0.614770618927772	0.00717686177007984	0.406230121427164	sample_2022120210026
HROV.vOTU40209	Responder_Status	Responder	1.85702804516034	0.650559797817346	0.00802445570223709	0.412951813121654	sample_2022120210026
HROV.vOTU01467	Responder_Status	Responder	1.68222091350241	0.590689871166804	0.00815431652824825	0.413696987680076	sample_2022120210026
HROV.vOTU08745	Responder_Status	Responder	2.46270017389395	0.866097790194678	0.00824274311198039	0.415138154304838	sample_2022120210026
HROV.vOTU15831	Responder_Status	Responder	1.91078165975542	0.673821265375994	0.00839802693141429	0.418117383919219	sample_2022120210026
HROV.vOTU19010	Responder_Status	Responder	-2.99448883521016	1.05831790156371	0.0085262341218723	0.420236004819122	sample_2022120210026
HROV.vOTU59503	Responder_Status	Responder	-2.21844353950487	0.788157180395696	0.00883579768189003	0.422847499550296	sample_2022120210026
HROV.vOTU09958	Responder_Status	Responder	-2.72285037183026	0.964626855811242	0.00866719810486047	0.422847499550296	sample_2022120210026
HROV.vOTU22200	Responder_Status	Responder	-2.05231071374516	0.730074495781794	0.00891343248721752	0.422847499550296	sample_2022120210026
HROV.vOTU43253	Responder_Status	Responder	-3.1727103467014	1.12924527691721	0.00894602661699181	0.422847499550296	sample_2022120210026
HROV.vOTU19048	Responder_Status	Responder	2.48652780465464	0.884010498880079	0.00887730077299484	0.422847499550296	sample_2022120210026
HROV.vOTU18970	Responder_Status	Responder	2.85857971440891	1.01997256208638	0.00909786936348456	0.427105858127386	sample_2022120210026
HROV.vOTU49726	Responder_Status	Responder	-0.421086110441032	0.150469863137775	0.0091888432408248	0.428468533139583	sample_2022120210026
HROV.vOTU13191	Responder_Status	Responder	2.5362873666946	0.908511381940542	0.0093400323648351	0.433569735056663	sample_2022120210026
HROV.vOTU02469	Responder_Status	Responder	1.9734337329932	0.707325602793901	0.00937836598011807	0.433798115624353	sample_2022120210026
HROV.vOTU44485	Responder_Status	Responder	2.29454225098584	0.824059637886821	0.00950450946157382	0.437291732433829	sample_2022120210026
HROV.vOTU18437	Responder_Status	Responder	-1.7838124221511	0.645022167197884	0.0099463837556187	0.448684816096511	sample_2022120210026
HROV.vOTU66454	Responder_Status	Responder	-1.50397472885805	0.544239205710808	0.0099956435284561	0.448684816096511	sample_2022120210026
HROV.vOTU15781	Responder_Status	Responder	-2.2405092742721	0.811578503300743	0.0100620403634747	0.449972710220045	sample_2022120210026
HROV.vOTU16270	Responder_Status	Responder	-2.97303032153444	1.08023176296448	0.0102680318528657	0.453322682865879	sample_2022120210026
HROV.vOTU15473	Responder_Status	Responder	2.66927497400339	0.979722059745574	0.0109698207019658	0.464982265184408	sample_2022120210026
HROV.vOTU26508	Responder_Status	Responder	2.46234224649781	0.904543316572675	0.0110308419301637	0.464982265184408	sample_2022120210026
HROV.vOTU11726	Responder_Status	Responder	2.82006723502228	1.0421723739203	0.0114653641392965	0.473779950480363	sample_2022120210026
HROV.vOTU23159	Responder_Status	Responder	2.63339854319341	0.9739663218915	0.0115244144195939	0.473779950480363	sample_2022120210026
HROV.vOTU62944	Responder_Status	Responder	2.80135576158745	1.03930534749278	0.0117558101945605	0.473779950480363	sample_2022120210026
HROV.vOTU51288	Responder_Status	Responder	1.88568979541678	0.69918149536314	0.0117117093443928	0.473779950480363	sample_2022120210026
HROV.vOTU06347	Responder_Status	Responder	-2.66407836049176	0.994802610190768	0.0122508490833301	0.477829170073496	sample_2022120210026
HROV.vOTU48360	Responder_Status	Responder	2.50607383909679	0.938438942220989	0.0124707558796603	0.479649492912796	sample_2022120210026
HROV.vOTU02712	Responder_Status	Responder	2.32304883911166	0.87366454462541	0.0128138909769141	0.48381711380945	sample_2022120210026
HROV.vOTU52875	Responder_Status	Responder	-2.60880234794375	0.98351910828058	0.013010274589968	0.485672189818836	sample_2022120210026
HROV.vOTU32200	Responder_Status	Responder	-0.859578797073093	0.324348286670179	0.0130823651997777	0.485672189818836	sample_2022120210026
HROV.vOTU09923	Responder_Status	Responder	-2.7142592218125	1.02473186952917	0.0131262260757099	0.486373555483895	sample_2022120210026
HROV.vOTU74507	Responder_Status	Responder	-1.93402819876644	0.732335038787129	0.0133707439656363	0.491940687245187	sample_2022120210026
HROV.vOTU02740	Responder_Status	Responder	-1.29347134385295	0.491467141507895	0.0136580789920503	0.494598846570757	sample_2022120210026
HROV.vOTU61744	Responder_Status	Responder	-1.55170308640821	0.593190001977123	0.0141800816799471	0.496763232144731	sample_2022120210026
HROV.vOTU02903	Responder_Status	Responder	2.31511301951094	0.881538822176526	0.0138400409614561	0.496763232144731	sample_2022120210026
HROV.vOTU00893	Responder_Status	Responder	2.25511564139908	0.86235164450442	0.0142061777735534	0.496763232144731	sample_2022120210026
HROV.vOTU21345	Responder_Status	Responder	-3.00828471818668	1.14718468094132	0.0139671453102336	0.496763232144731	sample_2022120210026
HROV.vOTU06547	Responder_Status	Responder	-2.25613335841597	0.860742392285823	0.0140055454292708	0.496763232144731	sample_2022120210026
HROV.vOTU39158	Responder_Status	Responder	-1.70633108800396	0.654778373564962	0.0145122067886634	0.499153582919774	sample_2022120210026
HROV.vOTU47170	Responder_Status	Responder	2.59053549006319	0.996143467176824	0.0146965962221327	0.500633854238822	sample_2022120210026
HROV.vOTU57091	Responder_Status	Responder	1.76422251362546	0.680740815685247	0.0150066057887562	0.500775899177485	sample_2022120210026
HROV.vOTU55776	Responder_Status	Responder	-0.830858942145705	0.32076753294812	0.0150556827858405	0.500775899177485	sample_2022120210026
HROV.vOTU09477	Responder_Status	Responder	-0.363023253713707	0.139892592651592	0.0148882938760834	0.500775899177485	sample_2022120210026
HROV.vOTU07961	Responder_Status	Responder	-1.1977721306007	0.461033230842762	0.014784300738464	0.500775899177485	sample_2022120210026
HROV.vOTU73077	Responder_Status	Responder	-2.31257541382374	0.890799961575764	0.0148517911327353	0.500775899177485	sample_2022120210026
HROV.vOTU56294	Responder_Status	Responder	-1.97975741254538	0.766934733574042	0.0153687232971552	0.506714854911384	sample_2022120210026
HROV.vOTU52833	Responder_Status	Responder	-0.874558327149686	0.339078904432424	0.0154466271206164	0.50714796321644	sample_2022120210026
HROV.vOTU01179	Responder_Status	Responder	2.50925476507269	0.977269363273937	0.015868912371928	0.51074613728084	sample_2022120210026
HROV.vOTU07359	Responder_Status	Responder	2.43647563294088	0.948622781135281	0.0158388479089991	0.51074613728084	sample_2022120210026
HROV.vOTU24359	Responder_Status	Responder	-1.08576572934962	0.422825902730617	0.0158593097299202	0.51074613728084	sample_2022120210026
HROV.vOTU45866	Responder_Status	Responder	-2.53679750330848	0.991227670088042	0.0161802580650255	0.512519027868485	sample_2022120210026
HROV.vOTU38195	Responder_Status	Responder	-2.63410495426109	1.0306172391825	0.0163081923852549	0.512519027868485	sample_2022120210026
HROV.vOTU03230	Responder_Status	Responder	2.18764056448489	0.858897776755847	0.016644796431306	0.512519027868485	sample_2022120210026
HROV.vOTU00884	Responder_Status	Responder	-1.31149699825135	0.513908542950913	0.016454243548312	0.512519027868485	sample_2022120210026
HROV.vOTU41116	Responder_Status	Responder	-2.71586991065213	1.06674546603309	0.0166869402305317	0.512519027868485	sample_2022120210026
HROV.vOTU73170	Responder_Status	Responder	-1.42299815554068	0.559207188478255	0.0167360237164927	0.512519027868485	sample_2022120210026
HROV.vOTU60687	Responder_Status	Responder	2.31939899709984	0.918321960076269	0.0174860366720139	0.515232317767258	sample_2022120210026
HROV.vOTU66152	Responder_Status	Responder	-1.03090416708355	0.410034483737437	0.0179556543181648	0.517672455517913	sample_2022120210026
HROV.vOTU13757	Responder_Status	Responder	-1.04832108746776	0.41669045657502	0.0178880814426094	0.517672455517913	sample_2022120210026
HROV.vOTU33117	Responder_Status	Responder	1.41629025913334	0.564731351390304	0.0182172482959859	0.52139020985063	sample_2022120210026
HROV.vOTU56634	Responder_Status	Responder	-3.19902496225775	1.27670400153829	0.0183100406953226	0.522636182884611	sample_2022120210026
HROV.vOTU43771	Responder_Status	Responder	2.42292088483973	0.967623782330004	0.0183816903854323	0.523343814734379	sample_2022120210026
HROV.vOTU07726	Responder_Status	Responder	-0.823959949992195	0.32938274771728	0.0184859832293811	0.524022065586964	sample_2022120210026
HROV.vOTU38546	Responder_Status	Responder	-0.717903136510855	0.28796054125724	0.0188486222285163	0.526479846713456	sample_2022120210026
HROV.vOTU12145	Responder_Status	Responder	-1.84086828090974	0.740157393042285	0.0191065058237599	0.52716761647833	sample_2022120210026
HROV.vOTU04694	Responder_Status	Responder	-1.41940823538196	0.571369437774878	0.0192342136676434	0.527225803967767	sample_2022120210026
HROV.vOTU71552	Responder_Status	Responder	-1.12339291941358	0.453480620622183	0.0195426432223563	0.527972534939781	sample_2022120210026
HROV.vOTU20073	Responder_Status	Responder	-1.82356112137572	0.737765080468512	0.0197912084525543	0.528529698057275	sample_2022120210026
HROV.vOTU70504	Responder_Status	Responder	-0.708886352607389	0.287588205364142	0.0201008576869995	0.528576646721426	sample_2022120210026
HROV.vOTU01795	Responder_Status	Responder	-2.2406724601096	0.907993203326713	0.0199735751092941	0.528576646721426	sample_2022120210026
HROV.vOTU56571	Responder_Status	Responder	2.16042192194487	0.876921953197682	0.0201602363514449	0.528576646721426	sample_2022120210026
HROV.vOTU05922	Responder_Status	Responder	2.07444585180839	0.841810467324113	0.0201315227281695	0.528576646721426	sample_2022120210026
HROV.vOTU71197	Responder_Status	Responder	-1.30266035648113	0.527907528037477	0.0199793875317556	0.528576646721426	sample_2022120210026
HROV.vOTU72708	Responder_Status	Responder	-1.65171177919804	0.670693490750427	0.0202039476954941	0.528576646721426	sample_2022120210026
HROV.vOTU43762	Responder_Status	Responder	3.26989951340664	1.33349851503235	0.0206964030439939	0.534911004439764	sample_2022120210026
HROV.vOTU26100	Responder_Status	Responder	1.78003012994009	0.729797557099814	0.0213193673174935	0.536268027386609	sample_2022120210026
HROV.vOTU51082	Responder_Status	Responder	1.89261052973614	0.778729699880614	0.021743891926616	0.537766099496164	sample_2022120210026
HROV.vOTU01904	Responder_Status	Responder	2.57738494770942	1.06088393308303	0.021788908544232	0.538237919396207	sample_2022120210026
HROV.vOTU00880	Responder_Status	Responder	-2.24736767339369	0.927167381267546	0.0220651440441666	0.538392491754214	sample_2022120210026
HROV.vOTU00231	Responder_Status	Responder	2.03814890257394	0.841873628784671	0.0222124202791803	0.538392491754214	sample_2022120210026
HROV.vOTU06856	Responder_Status	Responder	3.02448555380083	1.24977847818197	0.0222602328912287	0.538392491754214	sample_2022120210026
HROV.vOTU59956	Responder_Status	Responder	-1.1630265866497	0.479963912912556	0.022102784006524	0.538392491754214	sample_2022120210026
HROV.vOTU08968	Responder_Status	Responder	-1.63738075971054	0.678751499112157	0.0226498158941232	0.542821562992088	sample_2022120210026
HROV.vOTU70488	Responder_Status	Responder	-1.50070509960653	0.623594340305771	0.0229484168803485	0.543037714233842	sample_2022120210026
HROV.vOTU01210	Responder_Status	Responder	2.23241426512221	0.928431745154238	0.0230542937342488	0.544090738081921	sample_2022120210026
HROV.vOTU11025	Responder_Status	Responder	3.18890888389302	1.32712409075677	0.0231391136544951	0.544291923457196	sample_2022120210026
HROV.vOTU25214	Responder_Status	Responder	-1.09087262371665	0.45759776021695	0.0241478875832455	0.549925151441413	sample_2022120210026
HROV.vOTU04606	Responder_Status	Responder	1.8617388634287	0.783126528684589	0.0245081512414447	0.549925151441413	sample_2022120210026
HROV.vOTU24280	Responder_Status	Responder	-1.29956491911471	0.546265315847069	0.0244157127584244	0.549925151441413	sample_2022120210026
HROV.vOTU07899	Responder_Status	Responder	2.5922238992345	1.08545851085018	0.0239196436524608	0.549925151441413	sample_2022120210026
HROV.vOTU21008	Responder_Status	Responder	-1.37198760523281	0.574605608052122	0.0239430013258898	0.549925151441413	sample_2022120210026
HROV.vOTU27505	Responder_Status	Responder	3.54660681756566	1.49385889319977	0.0246842006203288	0.549925151441413	sample_2022120210026
HROV.vOTU10784	Responder_Status	Responder	-1.07294566548646	0.45014252375418	0.0241664936487647	0.549925151441413	sample_2022120210026
HROV.vOTU28137	Responder_Status	Responder	-1.76046420613594	0.739172302815272	0.0242697957021975	0.549925151441413	sample_2022120210026
HROV.vOTU24797	Responder_Status	Responder	1.99698107911625	0.843902271696368	0.0251170766425044	0.551926361138765	sample_2022120210026
HROV.vOTU23684	Responder_Status	Responder	2.13623337615628	0.903402919553625	0.0252136008522348	0.55219470562617	sample_2022120210026
HROV.vOTU23606	Responder_Status	Responder	-2.59732566810445	1.10106021445536	0.0255382912075016	0.554819100982095	sample_2022120210026
HROV.vOTU28343	Responder_Status	Responder	-2.62329272207804	1.11218280724416	0.0255521743802287	0.554819100982095	sample_2022120210026
HROV.vOTU19646	Responder_Status	Responder	-0.895898931072557	0.380296116336061	0.0257180530402985	0.555885000610618	sample_2022120210026
HROV.vOTU60083	Responder_Status	Responder	-1.82760056608813	0.777362357982071	0.0259931852485722	0.556364054362793	sample_2022120210026
HROV.vOTU39112	Responder_Status	Responder	-2.38713993850498	1.02085290100659	0.0267366275690611	0.556449166985102	sample_2022120210026
HROV.vOTU10197	Responder_Status	Responder	1.62790245353101	0.695267858180356	0.0265570874313318	0.556449166985102	sample_2022120210026
HROV.vOTU36861	Responder_Status	Responder	-1.8296687953154	0.781113333420313	0.0264990151924699	0.556449166985102	sample_2022120210026
HROV.vOTU75483	Responder_Status	Responder	-2.97355806873756	1.27316112833651	0.0269042035877572	0.556449166985102	sample_2022120210026
HROV.vOTU03095	Responder_Status	Responder	-1.35752996200589	0.580174262445294	0.0266481888741219	0.556449166985102	sample_2022120210026
HROV.vOTU21061	Responder_Status	Responder	1.79976152793875	0.769104982152949	0.026635920441979	0.556449166985102	sample_2022120210026
HROV.vOTU16744	Responder_Status	Responder	2.91980110473793	1.24667665812911	0.026517806345119	0.556449166985102	sample_2022120210026
HROV.vOTU10654	Responder_Status	Responder	2.22589910781292	0.953006987221851	0.0268989441112213	0.556449166985102	sample_2022120210026
HROV.vOTU03695	Responder_Status	Responder	2.10997310008612	0.900904249059885	0.0265181750411626	0.556449166985102	sample_2022120210026
HROV.vOTU01449	Responder_Status	Responder	-0.943665723630523	0.405364208301153	0.0273642641326583	0.557961644084324	sample_2022120210026
HROV.vOTU38878	Responder_Status	Responder	-1.08795566950255	0.468146926441744	0.0276074192231221	0.557961644084324	sample_2022120210026
HROV.vOTU23520	Responder_Status	Responder	2.04314857997423	0.877495627649637	0.0273374823500723	0.557961644084324	sample_2022120210026
HROV.vOTU02836	Responder_Status	Responder	2.34335869626348	1.00809683906138	0.027572181068069	0.557961644084324	sample_2022120210026
HROV.vOTU02014	Responder_Status	Responder	2.62677410190765	1.12989854940313	0.0275568635818633	0.557961644084324	sample_2022120210026
HROV.vOTU69623	Responder_Status	Responder	2.68584821849144	1.15644097934624	0.0276964093208122	0.557961644084324	sample_2022120210026
HROV.vOTU75024	Responder_Status	Responder	2.37599904997991	1.0204060701117	0.027331542600278	0.557961644084324	sample_2022120210026
HROV.vOTU37858	Responder_Status	Responder	-2.74277623185963	1.17737126233762	0.0272652669942551	0.557961644084324	sample_2022120210026
HROV.vOTU54421	Responder_Status	Responder	1.12198153583951	0.483878413353258	0.0279300173208719	0.558632492911787	sample_2022120210026
HROV.vOTU32551	Responder_Status	Responder	1.95511139943669	0.844781492152721	0.0282029103183765	0.558877089132056	sample_2022120210026
HROV.vOTU20363	Responder_Status	Responder	-1.04507839311151	0.452311854859793	0.028442130415588	0.558877089132056	sample_2022120210026
HROV.vOTU01482	Responder_Status	Responder	1.78332011841406	0.773891826982009	0.0288332610588335	0.559910987144093	sample_2022120210026
HROV.vOTU28082	Responder_Status	Responder	-0.62252817779265	0.270262479268145	0.0288927717925448	0.559910987144093	sample_2022120210026
HROV.vOTU08062	Responder_Status	Responder	2.33398867576589	1.01359829286978	0.028940358432107	0.559910987144093	sample_2022120210026
HROV.vOTU17545	Responder_Status	Responder	-0.369771885695803	0.16064372182099	0.0289955943503563	0.559910987144093	sample_2022120210026
HROV.vOTU50610	Responder_Status	Responder	2.73512489989513	1.1886317831075	0.0290432750214718	0.560081744140836	sample_2022120210026
HROV.vOTU00682	Responder_Status	Responder	1.7470754164496	0.762505820144149	0.029681096242085	0.561254323728189	sample_2022120210026
HROV.vOTU22514	Responder_Status	Responder	-1.30258612499032	0.568326329049133	0.0296327177836278	0.561254323728189	sample_2022120210026
HROV.vOTU55030	Responder_Status	Responder	1.93379396701975	0.843571795346254	0.0296053135651139	0.561254323728189	sample_2022120210026
HROV.vOTU22477	Responder_Status	Responder	-1.36655533029725	0.595341933397153	0.029408412926317	0.561254323728189	sample_2022120210026
HROV.vOTU39739	Responder_Status	Responder	-0.992616210002295	0.433655444987842	0.0298305123100486	0.561254323728189	sample_2022120210026
HROV.vOTU36129	Responder_Status	Responder	2.37564867142696	1.03829109324419	0.0298906709848605	0.561295405371815	sample_2022120210026
HROV.vOTU59107	Responder_Status	Responder	1.716992621546	0.751690546185163	0.0301460750368342	0.564558715716885	sample_2022120210026
HROV.vOTU70406	Responder_Status	Responder	-1.76400765104167	0.773943929086085	0.0304749494511077	0.564953679783789	sample_2022120210026
HROV.vOTU19710	Responder_Status	Responder	-2.12931689878079	0.934220472495041	0.0304749656140549	0.564953679783789	sample_2022120210026
HROV.vOTU62466	Responder_Status	Responder	2.31408330994861	1.01673806851632	0.0306940019882309	0.566673922347535	sample_2022120210026
HROV.vOTU39998	Responder_Status	Responder	2.31662578234133	1.01918582232857	0.0308950939363649	0.568327304237209	sample_2022120210026
HROV.vOTU07148	Responder_Status	Responder	2.72147200109363	1.20405338265229	0.0317720273984148	0.575311594575436	sample_2022120210026
HROV.vOTU02505	Responder_Status	Responder	1.83370570989076	0.813852954755329	0.032272711272115	0.576221875852413	sample_2022120210026
HROV.vOTU73091	Responder_Status	Responder	-1.93096336715297	0.857742999674377	0.0324072736925188	0.576221875852413	sample_2022120210026
HROV.vOTU03452	Responder_Status	Responder	1.52597481877213	0.675667182527699	0.0318966761519727	0.576221875852413	sample_2022120210026
HROV.vOTU64314	Responder_Status	Responder	-0.747844114711985	0.331336318243733	0.0319957802988836	0.576221875852413	sample_2022120210026
HROV.vOTU18867	Responder_Status	Responder	1.8163092546724	0.808228340607964	0.0326877190802754	0.577496797685329	sample_2022120210026
HROV.vOTU53426	Responder_Status	Responder	-0.678950949053666	0.30242260026962	0.0328474838748133	0.578104572012193	sample_2022120210026
HROV.vOTU17874	Responder_Status	Responder	1.72230610856125	0.768252553267721	0.033077150826205	0.579199054551692	sample_2022120210026
HROV.vOTU28648	Responder_Status	Responder	2.80979900613849	1.25866710664802	0.0337685103639046	0.585066009420155	sample_2022120210026
HROV.vOTU04802	Responder_Status	Responder	1.7438003998961	0.786147061134386	0.0348275571959571	0.591220798082806	sample_2022120210026
HROV.vOTU04572	Responder_Status	Responder	1.7062926664197	0.771755150621348	0.0353786086979429	0.591581332196103	sample_2022120210026
HROV.vOTU23255	Responder_Status	Responder	2.4168647832842	1.09205074140116	0.0352088313634267	0.591581332196103	sample_2022120210026
HROV.vOTU58173	Responder_Status	Responder	-0.715659524714067	0.323670688594208	0.0353672493087568	0.591581332196103	sample_2022120210026
HROV.vOTU44304	Responder_Status	Responder	-1.95059102391118	0.883378393386953	0.0355955859785542	0.591723844554005	sample_2022120210026
HROV.vOTU71707	Responder_Status	Responder	-1.82676272848684	0.827852460414258	0.0357095191044576	0.59230417379496	sample_2022120210026
HROV.vOTU03454	Responder_Status	Responder	-2.18005343674536	0.98844686307147	0.0357942280372019	0.592738272761442	sample_2022120210026
HROV.vOTU42695	Responder_Status	Responder	-0.907007274543765	0.411810093791239	0.0360309421036044	0.593838005281804	sample_2022120210026
HROV.vOTU00906	Responder_Status	Responder	1.5866672336019	0.720950758557469	0.0361629875321101	0.594597457441589	sample_2022120210026
HROV.vOTU67925	Responder_Status	Responder	-1.87571250149095	0.852286157724687	0.0361627544797573	0.594597457441589	sample_2022120210026
HROV.vOTU06779	Responder_Status	Responder	-1.00166392322983	0.455238409846361	0.0362014980556228	0.594759370272504	sample_2022120210026
HROV.vOTU00482	Responder_Status	Responder	1.82727149614407	0.836510905819468	0.03746662010154	0.598114255629322	sample_2022120210026
HROV.vOTU22120	Responder_Status	Responder	1.6028129196208	0.732032079876029	0.0370534085454554	0.598114255629322	sample_2022120210026
HROV.vOTU49658	Responder_Status	Responder	1.7398785485556	0.792877735988916	0.0366678425212121	0.598114255629322	sample_2022120210026
HROV.vOTU04129	Responder_Status	Responder	1.84157016248306	0.845575236521815	0.0379953039139626	0.598114255629322	sample_2022120210026
HROV.vOTU46686	Responder_Status	Responder	1.81092113701905	0.825867209685163	0.0367974207291124	0.598114255629322	sample_2022120210026
HROV.vOTU20726	Responder_Status	Responder	1.8282643219329	0.838254336437101	0.037738723346967	0.598114255629322	sample_2022120210026
HROV.vOTU36826	Responder_Status	Responder	2.1457159720287	0.979299462784379	0.0369310131068175	0.598114255629322	sample_2022120210026
HROV.vOTU58254	Responder_Status	Responder	-1.10056344092041	0.502944063860137	0.037157230223661	0.598114255629322	sample_2022120210026
HROV.vOTU14922	Responder_Status	Responder	-0.863397047512595	0.393063632670601	0.0364940475602051	0.598114255629322	sample_2022120210026
HROV.vOTU11502	Responder_Status	Responder	-0.935523465655231	0.430619969524401	0.0384380720939979	0.598114255629322	sample_2022120210026
HROV.vOTU18154	Responder_Status	Responder	3.32108343878587	1.528810274454	0.0384522610606995	0.598114255629322	sample_2022120210026
HROV.vOTU67371	Responder_Status	Responder	-1.06530740645176	0.490382557741953	0.038446581893174	0.598114255629322	sample_2022120210026
HROV.vOTU25654	Responder_Status	Responder	0.822931755074501	0.379277230386923	0.0386672938829785	0.599112050355974	sample_2022120210026
HROV.vOTU42956	Responder_Status	Responder	-2.39963689872374	1.10663564971884	0.0387778624184448	0.599136742503894	sample_2022120210026
HROV.vOTU50652	Responder_Status	Responder	1.6008550760853	0.739356394088799	0.0390457207478286	0.599364625074182	sample_2022120210026
HROV.vOTU02985	Responder_Status	Responder	1.51671115446694	0.700542179948135	0.0390580846618988	0.599364625074182	sample_2022120210026
HROV.vOTU39268	Responder_Status	Responder	1.7778817151267	0.82075735387021	0.0389664457851457	0.599364625074182	sample_2022120210026
HROV.vOTU04367	Responder_Status	Responder	1.73306064176583	0.803751735628637	0.0398052916515133	0.600271128167101	sample_2022120210026
HROV.vOTU52361	Responder_Status	Responder	-1.87784712534981	0.870251505735104	0.0396684807776725	0.600271128167101	sample_2022120210026
HROV.vOTU71326	Responder_Status	Responder	2.00800822071477	0.930494000126747	0.0396530874022323	0.600271128167101	sample_2022120210026
HROV.vOTU70637	Responder_Status	Responder	-0.441789470615989	0.20475923449288	0.039686888787905	0.600271128167101	sample_2022120210026
HROV.vOTU23315	Responder_Status	Responder	-1.58551664351951	0.738245534392429	0.040538598566245	0.6007938407347	sample_2022120210026
HROV.vOTU06274	Responder_Status	Responder	1.08783366463993	0.505175060838934	0.0400475695024803	0.6007938407347	sample_2022120210026
HROV.vOTU39819	Responder_Status	Responder	1.40489787665095	0.654552562445737	0.040654300336252	0.600988090193956	sample_2022120210026
HROV.vOTU14169	Responder_Status	Responder	1.6655655328425	0.779922020229284	0.0416017672335095	0.603262234096853	sample_2022120210026
HROV.vOTU58042	Responder_Status	Responder	1.74906018847924	0.816957404153797	0.0411262140519572	0.603262234096853	sample_2022120210026
HROV.vOTU01399	Responder_Status	Responder	2.49817938075817	1.16951029794209	0.0415542437348596	0.603262234096853	sample_2022120210026
HROV.vOTU13358	Responder_Status	Responder	1.41960484059577	0.66331395401986	0.0411941863862758	0.603262234096853	sample_2022120210026
HROV.vOTU09406	Responder_Status	Responder	1.98536229767064	0.932295427934224	0.0421379489605238	0.60560878882918	sample_2022120210026
HROV.vOTU13955	Responder_Status	Responder	-2.04886073250931	0.961204286872481	0.0419576498509892	0.60560878882918	sample_2022120210026
HROV.vOTU21612	Responder_Status	Responder	-0.894619191485771	0.419836937894526	0.042018716465274	0.60560878882918	sample_2022120210026
HROV.vOTU08820	Responder_Status	Responder	-2.51722761326956	1.18090033201042	0.041952166998203	0.60560878882918	sample_2022120210026
HROV.vOTU07510	Responder_Status	Responder	1.62918462986937	0.765857494692766	0.0423423057567111	0.606351169393896	sample_2022120210026
HROV.vOTU71677	Responder_Status	Responder	-2.307773034538	1.08902520601727	0.0430822433963578	0.607051404420311	sample_2022120210026
HROV.vOTU16615	Responder_Status	Responder	-1.63665990545215	0.773294093811644	0.0433243845731487	0.607051404420311	sample_2022120210026
HROV.vOTU01753	Responder_Status	Responder	1.74469099640952	0.827330103244639	0.0440335208427971	0.607051404420311	sample_2022120210026
HROV.vOTU64237	Responder_Status	Responder	1.68466126124184	0.797330533188841	0.0436566095061059	0.607051404420311	sample_2022120210026
HROV.vOTU10880	Responder_Status	Responder	1.68883736469859	0.799279952077187	0.0436499826628015	0.607051404420311	sample_2022120210026
HROV.vOTU14373	Responder_Status	Responder	1.61147807655529	0.769027423686499	0.0452941791244172	0.607051404420311	sample_2022120210026
HROV.vOTU05208	Responder_Status	Responder	1.60717633090619	0.765322724615096	0.0448633964843782	0.607051404420311	sample_2022120210026
HROV.vOTU23163	Responder_Status	Responder	1.73662069577635	0.818224196091682	0.0427805188788891	0.607051404420311	sample_2022120210026
HROV.vOTU01792	Responder_Status	Responder	-1.91823230887551	0.916107350466567	0.0454456073509676	0.607051404420311	sample_2022120210026
HROV.vOTU55031	Responder_Status	Responder	-1.03229163721259	0.490828136238189	0.0445641115115985	0.607051404420311	sample_2022120210026
HROV.vOTU34920	Responder_Status	Responder	1.60158004480773	0.764630988212441	0.0453799937698404	0.607051404420311	sample_2022120210026
HROV.vOTU43644	Responder_Status	Responder	2.12823359352452	1.01647258955151	0.0454600456826103	0.607051404420311	sample_2022120210026
HROV.vOTU20487	Responder_Status	Responder	2.15894364296202	1.02948726067432	0.0451384742279197	0.607051404420311	sample_2022120210026
HROV.vOTU71167	Responder_Status	Responder	2.23989922890131	1.06420551692462	0.0444136030343815	0.607051404420311	sample_2022120210026
HROV.vOTU75058	Responder_Status	Responder	1.65957364444078	0.785277906846019	0.0436120580653515	0.607051404420311	sample_2022120210026
HROV.vOTU00162	Responder_Status	Responder	1.95674897312185	0.931188028241872	0.044735651111738	0.607051404420311	sample_2022120210026
HROV.vOTU09376	Responder_Status	Responder	0.8832980081938	0.417824006659836	0.0435487599379896	0.607051404420311	sample_2022120210026
HROV.vOTU20008	Responder_Status	Responder	1.81953190162785	0.863601431647731	0.0442119407266577	0.607051404420311	sample_2022120210026
HROV.vOTU46834	Responder_Status	Responder	-1.12778258109566	0.536739482642996	0.044752082214221	0.607051404420311	sample_2022120210026
HROV.vOTU52112	Responder_Status	Responder	-1.78989301485919	0.851807598182236	0.0447412208157958	0.607051404420311	sample_2022120210026
HROV.vOTU15122	Responder_Status	Responder	-2.14381064465979	1.02740041615706	0.046146744237357	0.607152819492501	sample_2022120210026
HROV.vOTU10130	Responder_Status	Responder	1.76607904494228	0.846440579409757	0.0461621764743137	0.607152819492501	sample_2022120210026
HROV.vOTU08373	Responder_Status	Responder	-0.93118702475788	0.446223403914103	0.0461290444467554	0.607152819492501	sample_2022120210026
HROV.vOTU11625	Responder_Status	Responder	-1.7414334985736	0.833990713235221	0.0460071780751459	0.607152819492501	sample_2022120210026
HROV.vOTU52970	Responder_Status	Responder	-0.674144430216809	0.323205863528822	0.0462276097694685	0.607152819492501	sample_2022120210026
HROV.vOTU55731	Responder_Status	Responder	1.81638422771053	0.869352609091343	0.0458832101600573	0.607152819492501	sample_2022120210026
HROV.vOTU48330	Responder_Status	Responder	-0.648934497105384	0.312054074132656	0.046839662521749	0.608974309101687	sample_2022120210026
HROV.vOTU06486	Responder_Status	Responder	-1.4705300996442	0.70864222554396	0.0472770562012575	0.609038438379308	sample_2022120210026
HROV.vOTU05088	Responder_Status	Responder	1.77399937205893	0.854605711880168	0.0472102511167109	0.609038438379308	sample_2022120210026
HROV.vOTU24513	Responder_Status	Responder	1.69844092628216	0.818255572639727	0.0472226774663073	0.609038438379308	sample_2022120210026
HROV.vOTU46158	Responder_Status	Responder	-2.79774268500531	1.3484103109342	0.0473061112800801	0.609038438379308	sample_2022120210026
HROV.vOTU08294	Responder_Status	Responder	2.79175630274375	1.34355011771442	0.0470037635718629	0.609038438379308	sample_2022120210026
HROV.vOTU03930	Responder_Status	Responder	-0.994548935311249	0.480029789398731	0.0476048724027325	0.609038438379308	sample_2022120210026
HROV.vOTU22361	Responder_Status	Responder	-0.974785971024436	0.46948069895087	0.0471610067154831	0.609038438379308	sample_2022120210026
HROV.vOTU70703	Responder_Status	Responder	-1.02016251056802	0.491537216635442	0.0472456993172854	0.609038438379308	sample_2022120210026
HROV.vOTU02061	Responder_Status	Responder	0.968189852174828	0.467690915105287	0.0477750329368887	0.609752220668392	sample_2022120210026
HROV.vOTU43686	Responder_Status	Responder	-2.27813644083896	1.10368060037772	0.0483823883386163	0.612203268228579	sample_2022120210026
HROV.vOTU49263	Responder_Status	Responder	-0.829167823052127	0.40176431483228	0.0484138417490432	0.612203268228579	sample_2022120210026
HROV.vOTU59028	Responder_Status	Responder	-1.96913567183525	0.95354038504786	0.048285940968153	0.612203268228579	sample_2022120210026
HROV.vOTU02488	Responder_Status	Responder	1.78810253479931	0.86928635168362	0.0491122256393074	0.612365875989654	sample_2022120210026
HROV.vOTU63137	Responder_Status	Responder	-1.05459263067995	0.511925069360589	0.0487971002596786	0.612365875989654	sample_2022120210026
HROV.vOTU01913	Responder_Status	Responder	1.6321720945854	0.798257885421708	0.0503917784095009	0.61443332318993	sample_2022120210026
HROV.vOTU00314	Responder_Status	Responder	1.68965730669141	0.826077798403852	0.0503151233927443	0.61443332318993	sample_2022120210026
HROV.vOTU04583	Responder_Status	Responder	-1.56022056759288	0.763186786540892	0.0504252321540204	0.61443332318993	sample_2022120210026
HROV.vOTU15386	Responder_Status	Responder	-1.69174661609474	0.824051560775263	0.0495264221711024	0.61443332318993	sample_2022120210026
HROV.vOTU56128	Responder_Status	Responder	-1.94289591762207	0.949659193603683	0.0502636773056989	0.61443332318993	sample_2022120210026
HROV.vOTU07395	Responder_Status	Responder	-2.56796111596317	1.25657069771003	0.0505013473337697	0.61443332318993	sample_2022120210026
HROV.vOTU66207	Responder_Status	Responder	-2.41758213413421	1.18060888965087	0.0500695128615371	0.61443332318993	sample_2022120210026
HROV.vOTU48567	Responder_Status	Responder	1.22063092908279	0.595011811035334	0.0496842485310491	0.61443332318993	sample_2022120210026
HROV.vOTU02199	Responder_Status	Responder	-0.586304644393248	0.285667005672391	0.0495840373548384	0.61443332318993	sample_2022120210026
HROV.vOTU13785	Responder_Status	Responder	-2.88891772767937	1.4156790223134	0.0508148007502729	0.614655194835523	sample_2022120210026
HROV.vOTU16979	Responder_Status	Responder	1.31393437603175	0.644541932582144	0.0510380016268778	0.614655194835523	sample_2022120210026
HROV.vOTU03004	Responder_Status	Responder	-1.44869955268003	0.711599863370004	0.0513280004616839	0.614655194835523	sample_2022120210026
HROV.vOTU43196	Responder_Status	Responder	-1.16037378485811	0.569832828305735	0.0512739362233928	0.614655194835523	sample_2022120210026
HROV.vOTU75192	Responder_Status	Responder	-1.04028832287341	0.51135234804674	0.0514829266806814	0.614655194835523	sample_2022120210026
HROV.vOTU33883	Responder_Status	Responder	2.39794735211125	1.17818617005463	0.0513864992554974	0.614655194835523	sample_2022120210026
HROV.vOTU07317	Responder_Status	Responder	1.66017790992605	0.816313382577734	0.0515510864034421	0.614761518891623	sample_2022120210026
HROV.vOTU25132	Responder_Status	Responder	-2.6473481379588	1.30331669482139	0.0518210811991164	0.615505114414233	sample_2022120210026
HROV.vOTU58731	Responder_Status	Responder	-1.33735895963324	0.658965192695926	0.0520105942846123	0.6162976874581	sample_2022120210026
HROV.vOTU58420	Responder_Status	Responder	-1.40483817287639	0.693442513970021	0.0524003578761225	0.617437493429609	sample_2022120210026
HROV.vOTU39610	Responder_Status	Responder	-0.800403876577629	0.395145540875154	0.052432718328514	0.617468164197881	sample_2022120210026
HROV.vOTU68200	Responder_Status	Responder	-1.12065111282055	0.553409762883351	0.0524979924957891	0.617886185075226	sample_2022120210026
HROV.vOTU59733	Responder_Status	Responder	1.55578415285812	0.770064192544064	0.0530084093606215	0.618735517123556	sample_2022120210026
HROV.vOTU14574	Responder_Status	Responder	-0.517471766417096	0.256194420033232	0.053062338474192	0.618735517123556	sample_2022120210026
HROV.vOTU04832	Responder_Status	Responder	1.63034110380708	0.809370687097334	0.0536714666375915	0.619400963698567	sample_2022120210026
HROV.vOTU43341	Responder_Status	Responder	-1.87161660161383	0.928097229950191	0.0534180235966278	0.619400963698567	sample_2022120210026
HROV.vOTU09590	Responder_Status	Responder	-1.56245276325598	0.776574570554236	0.0539333667132722	0.620697370660232	sample_2022120210026
HROV.vOTU74139	Responder_Status	Responder	-2.45268971211805	1.22268094008576	0.0546052767461623	0.62095122969878	sample_2022120210026
HROV.vOTU62915	Responder_Status	Responder	-1.85310152863468	0.92256732212496	0.054307837325369	0.62095122969878	sample_2022120210026
HROV.vOTU34854	Responder_Status	Responder	1.84919095056844	0.922420750502348	0.0547496510916094	0.62095122969878	sample_2022120210026
HROV.vOTU29916	Responder_Status	Responder	2.03469246718321	1.01438675439914	0.0546231346427228	0.62095122969878	sample_2022120210026
HROV.vOTU73363	Responder_Status	Responder	-1.95428056348166	0.972702515238419	0.0542529421195222	0.62095122969878	sample_2022120210026
HROV.vOTU55301	Responder_Status	Responder	-1.59772768679864	0.797862127579599	0.0549994532614594	0.621589681468018	sample_2022120210026
HROV.vOTU73280	Responder_Status	Responder	-1.50839082640001	0.753814130272015	0.0551699467584025	0.621796510329282	sample_2022120210026
HROV.vOTU73912	Responder_Status	Responder	1.6500965395697	0.825174420134889	0.0553201254000685	0.621826978359383	sample_2022120210026
HROV.vOTU06193	Responder_Status	Responder	2.33721038056498	1.1685976955831	0.0552837744740594	0.621826978359383	sample_2022120210026
HROV.vOTU49879	Responder_Status	Responder	1.7899926236357	0.895607586964257	0.0554411448768629	0.622042391166945	sample_2022120210026
HROV.vOTU69478	Responder_Status	Responder	1.5357932693719	0.769338539898227	0.0557142844637602	0.622512564808405	sample_2022120210026
HROV.vOTU40255	Responder_Status	Responder	-0.520149111681227	0.261753836552181	0.0567660223019888	0.624092889589462	sample_2022120210026
HROV.vOTU03430	Responder_Status	Responder	1.6410044943702	0.826403953388742	0.0569357495789567	0.624092889589462	sample_2022120210026
HROV.vOTU53018	Responder_Status	Responder	-2.06608332547375	1.0406396266917	0.0569731746195912	0.624092889589462	sample_2022120210026
HROV.vOTU16455	Responder_Status	Responder	1.41094112112217	0.708645634794504	0.0563157719180022	0.624092889589462	sample_2022120210026
HROV.vOTU42142	Responder_Status	Responder	-0.663555322351882	0.334257718055748	0.0570009037948534	0.624092889589462	sample_2022120210026
HROV.vOTU05109	Responder_Status	Responder	1.58750343691699	0.800047476156636	0.05710635959813	0.624138643733274	sample_2022120210026
HROV.vOTU14113	Responder_Status	Responder	-1.93952939383593	0.980892427761133	0.057927221289366	0.625841088703717	sample_2022120210026
HROV.vOTU48965	Responder_Status	Responder	-2.66352342085172	1.34469473575063	0.0575180940090544	0.625841088703717	sample_2022120210026
HROV.vOTU31835	Responder_Status	Responder	-0.473631168525133	0.239521861475827	0.0579163288397852	0.625841088703717	sample_2022120210026
HROV.vOTU65644	Responder_Status	Responder	-0.762139469745609	0.385451837718672	0.057932984408268	0.625841088703717	sample_2022120210026
HROV.vOTU01761	Responder_Status	Responder	1.87608072721415	0.949649590050598	0.0581367710163908	0.626343716817295	sample_2022120210026
HROV.vOTU23687	Responder_Status	Responder	1.68025816721482	0.850459540426905	0.058118214922105	0.626343716817295	sample_2022120210026
HROV.vOTU32755	Responder_Status	Responder	1.59517843031305	0.807857498847959	0.0582526949633308	0.626941608137508	sample_2022120210026
HROV.vOTU23903	Responder_Status	Responder	-1.29598242250776	0.657304079571495	0.0586017944737786	0.628251986520762	sample_2022120210026
HROV.vOTU59361	Responder_Status	Responder	0.997742264853012	0.506550088962196	0.0588401695095971	0.628375459250715	sample_2022120210026
HROV.vOTU34617	Responder_Status	Responder	-0.73426625914635	0.37290247067055	0.0589154201411078	0.628502428144413	sample_2022120210026
HROV.vOTU61513	Responder_Status	Responder	-1.75907438976785	0.897899646319718	0.060127249966234	0.629485588697959	sample_2022120210026
HROV.vOTU22252	Responder_Status	Responder	-1.90153198269082	0.970398974741873	0.0600735959147652	0.629485588697959	sample_2022120210026
HROV.vOTU05758	Responder_Status	Responder	-0.892739940771527	0.454920314385944	0.0597219997929379	0.629485588697959	sample_2022120210026
HROV.vOTU28315	Responder_Status	Responder	-0.758829481443035	0.387106200555437	0.0599846469951216	0.629485588697959	sample_2022120210026
HROV.vOTU53337	Responder_Status	Responder	-1.87472935242984	0.954739970784258	0.0595765964537083	0.629485588697959	sample_2022120210026
HROV.vOTU32964	Responder_Status	Responder	1.6052627167063	0.818438669975788	0.0598487451685366	0.629485588697959	sample_2022120210026
HROV.vOTU50704	Responder_Status	Responder	-2.43027620977334	1.24011604356803	0.0600514541612042	0.629485588697959	sample_2022120210026
HROV.vOTU74890	Responder_Status	Responder	-0.574648938090412	0.293636676727	0.0603846371486046	0.631224796389695	sample_2022120210026
HROV.vOTU01212	Responder_Status	Responder	-1.24438717907398	0.637632005827563	0.0610571846523773	0.632377881580652	sample_2022120210026
HROV.vOTU71419	Responder_Status	Responder	-2.2007080575422	1.12717544791016	0.060953515497133	0.632377881580652	sample_2022120210026
HROV.vOTU71497	Responder_Status	Responder	-1.33429285606812	0.683092984387059	0.0608416257940495	0.632377881580652	sample_2022120210026
HROV.vOTU00144	Responder_Status	Responder	-1.96228698225458	1.0064383595438	0.0612867590426333	0.633001617787278	sample_2022120210026
HROV.vOTU08556	Responder_Status	Responder	1.52018363867574	0.780325204453584	0.0614858877287714	0.633032178228066	sample_2022120210026
HROV.vOTU24790	Responder_Status	Responder	-1.60864755232785	0.825835710932222	0.0615157563013371	0.633032178228066	sample_2022120210026
HROV.vOTU20894	Responder_Status	Responder	-1.41746801818759	0.730859513022327	0.0625820066024401	0.635143673296587	sample_2022120210026
HROV.vOTU13913	Responder_Status	Responder	1.98393727240777	1.02254005635152	0.0624865250911527	0.635143673296587	sample_2022120210026
HROV.vOTU00371	Responder_Status	Responder	1.72147126532743	0.889846076553139	0.0632053478038821	0.635561311094408	sample_2022120210026
HROV.vOTU06773	Responder_Status	Responder	1.76532183395912	0.911463206195355	0.0629201861263449	0.635561311094408	sample_2022120210026
HROV.vOTU38085	Responder_Status	Responder	-0.849371105850334	0.438733455082079	0.0630273545504393	0.635561311094408	sample_2022120210026
HROV.vOTU70060	Responder_Status	Responder	-0.868175497536423	0.448433348779895	0.0630200030240592	0.635561311094408	sample_2022120210026
HROV.vOTU62679	Responder_Status	Responder	-1.2891449367789	0.66718246627915	0.0635072900765852	0.635992407861555	sample_2022120210026
HROV.vOTU53890	Responder_Status	Responder	-1.64966866644449	0.856844864210251	0.0644064703314303	0.638222412468205	sample_2022120210026
HROV.vOTU33206	Responder_Status	Responder	-1.62162736275733	0.842427567663247	0.0644504215289092	0.638222412468205	sample_2022120210026
HROV.vOTU49378	Responder_Status	Responder	-2.09868197483968	1.08994913818567	0.0643799627390221	0.638222412468205	sample_2022120210026
HROV.vOTU43440	Responder_Status	Responder	-1.02743548841891	0.533563125834876	0.0643635815270769	0.638222412468205	sample_2022120210026
HROV.vOTU45018	Responder_Status	Responder	1.2521887623419	0.650384365129824	0.0644034756572648	0.638222412468205	sample_2022120210026
HROV.vOTU18266	Responder_Status	Responder	0.973419097366271	0.505631345949631	0.064423032010995	0.638222412468205	sample_2022120210026
HROV.vOTU05956	Responder_Status	Responder	1.79906136771297	0.935309895815983	0.0646402577176945	0.638752046501526	sample_2022120210026
HROV.vOTU53565	Responder_Status	Responder	-0.714080042335421	0.372096355338033	0.0652204585627876	0.641935287946626	sample_2022120210026
HROV.vOTU64162	Responder_Status	Responder	-0.651357135481773	0.339878351861676	0.0655680138655824	0.643093260602009	sample_2022120210026
HROV.vOTU69731	Responder_Status	Responder	-1.15653392518485	0.604197497291865	0.0658700535267144	0.644150198097463	sample_2022120210026
HROV.vOTU02260	Responder_Status	Responder	1.60339201711631	0.839077384709746	0.0663055379956409	0.644582825911869	sample_2022120210026
HROV.vOTU35112	Responder_Status	Responder	0.779419076144304	0.407719092078817	0.0662042355386786	0.644582825911869	sample_2022120210026
HROV.vOTU02021	Responder_Status	Responder	1.51271843305405	0.79212533408863	0.0664665545688288	0.645334247232474	sample_2022120210026
HROV.vOTU24292	Responder_Status	Responder	-1.56586243973371	0.820950196503976	0.0667777134295874	0.646064306968038	sample_2022120210026
HROV.vOTU07535	Responder_Status	Responder	1.54588936086515	0.811575916614063	0.0671253934125222	0.646635057246906	sample_2022120210026
HROV.vOTU17341	Responder_Status	Responder	-0.802502545017386	0.421260371437122	0.0670978043600956	0.646635057246906	sample_2022120210026
HROV.vOTU37702	Responder_Status	Responder	-0.981614315103412	0.516035564469394	0.0674744486715574	0.647892091594084	sample_2022120210026
HROV.vOTU05550	Responder_Status	Responder	-1.80249115673471	0.948078513433733	0.0676127159643644	0.648319711765509	sample_2022120210026
HROV.vOTU07112	Responder_Status	Responder	-1.85618555199149	0.979244738313182	0.0683884996216437	0.650412450646492	sample_2022120210026
HROV.vOTU42154	Responder_Status	Responder	0.413317312514493	0.21799849665073	0.0683285997436254	0.650412450646492	sample_2022120210026
HROV.vOTU15370	Responder_Status	Responder	-1.07808817453196	0.568709207745502	0.0683681924882265	0.650412450646492	sample_2022120210026
HROV.vOTU30640	Responder_Status	Responder	-2.04819209829846	1.07933818888466	0.0680993510038676	0.650412450646492	sample_2022120210026
HROV.vOTU16795	Responder_Status	Responder	-0.797592335518869	0.420708276221997	0.06834668306492	0.650412450646492	sample_2022120210026
HROV.vOTU73341	Responder_Status	Responder	-1.12065490601358	0.591905728076861	0.068695087163363	0.651111371715031	sample_2022120210026
HROV.vOTU43757	Responder_Status	Responder	-1.24515887562162	0.658169923397385	0.0688951774967307	0.651472204002013	sample_2022120210026
HROV.vOTU72961	Responder_Status	Responder	-2.09247185042396	1.10705976967278	0.0691351695479376	0.651859782227837	sample_2022120210026
HROV.vOTU74196	Responder_Status	Responder	-1.78624092655585	0.946690669547073	0.0695925827664988	0.651859782227837	sample_2022120210026
HROV.vOTU29692	Responder_Status	Responder	-1.90219307072397	1.0079368059812	0.0695384704134441	0.651859782227837	sample_2022120210026
HROV.vOTU09573	Responder_Status	Responder	-0.753895067851959	0.399639921186748	0.0696470533991296	0.651859782227837	sample_2022120210026
HROV.vOTU33631	Responder_Status	Responder	-1.32967268136672	0.70412485018573	0.0693728225571176	0.651859782227837	sample_2022120210026
HROV.vOTU35741	Responder_Status	Responder	-1.56324945967856	0.830122946365316	0.0701062234419791	0.652879112496384	sample_2022120210026
HROV.vOTU39035	Responder_Status	Responder	-1.78351867864209	0.947995139612899	0.0703585778246788	0.653802279382931	sample_2022120210026
HROV.vOTU60533	Responder_Status	Responder	-2.07650939123041	1.10497334595086	0.0706573969925387	0.655612631037235	sample_2022120210026
HROV.vOTU14470	Responder_Status	Responder	3.12418960078535	1.66236524038248	0.0706397713417483	0.655612631037235	sample_2022120210026
HROV.vOTU00252	Responder_Status	Responder	1.7141213461593	0.917928256542261	0.072349949846038	0.658091686485077	sample_2022120210026
HROV.vOTU70215	Responder_Status	Responder	-1.9085805995993	1.02304871513821	0.0726097709067804	0.658091686485077	sample_2022120210026
HROV.vOTU61734	Responder_Status	Responder	-2.06869245793045	1.10390724640283	0.0714047561931529	0.658091686485077	sample_2022120210026
HROV.vOTU09478	Responder_Status	Responder	-1.76225960426251	0.942100466524992	0.0718921263799357	0.658091686485077	sample_2022120210026
HROV.vOTU23716	Responder_Status	Responder	1.51400273830774	0.809552239057657	0.071948273887859	0.658091686485077	sample_2022120210026
HROV.vOTU64652	Responder_Status	Responder	0.943106390090472	0.503785382523039	0.0716807947676514	0.658091686485077	sample_2022120210026
HROV.vOTU65493	Responder_Status	Responder	1.71634709578788	0.919916547257126	0.07258336977782	0.658091686485077	sample_2022120210026
HROV.vOTU10518	Responder_Status	Responder	1.33060913972226	0.713079827072344	0.0725487985407792	0.658091686485077	sample_2022120210026
HROV.vOTU13259	Responder_Status	Responder	1.51897271640417	0.814670352792563	0.0727627870520673	0.658091686485077	sample_2022120210026
HROV.vOTU01633	Responder_Status	Responder	1.78953174378723	0.955653206317298	0.0716043901002189	0.658091686485077	sample_2022120210026
HROV.vOTU51433	Responder_Status	Responder	-1.53841521185428	0.822076573641242	0.0717756791343806	0.658091686485077	sample_2022120210026
HROV.vOTU41251	Responder_Status	Responder	-1.19694042460053	0.640821739788958	0.0722864347739207	0.658091686485077	sample_2022120210026
HROV.vOTU74848	Responder_Status	Responder	1.62728269869719	0.871476731852298	0.0723658306644033	0.658091686485077	sample_2022120210026
HROV.vOTU06373	Responder_Status	Responder	1.4383113867194	0.772589033376877	0.0731763438155094	0.658423243990594	sample_2022120210026
HROV.vOTU09476	Responder_Status	Responder	1.80502846942836	0.971834663457318	0.0738100646314353	0.660441322850758	sample_2022120210026
HROV.vOTU70799	Responder_Status	Responder	-1.87532899054725	1.01071283370246	0.0740876568321299	0.660580172654421	sample_2022120210026
HROV.vOTU01387	Responder_Status	Responder	-1.26410286802377	0.681383782820101	0.0741247988313925	0.660580172654421	sample_2022120210026
HROV.vOTU08567	Responder_Status	Responder	2.61645361977052	1.40990448411703	0.074041350093184	0.660580172654421	sample_2022120210026
HROV.vOTU02539	Responder_Status	Responder	1.47090555022241	0.79460193774149	0.0747271627535426	0.660848702477631	sample_2022120210026
HROV.vOTU15287	Responder_Status	Responder	-1.80843449576183	0.978877370170166	0.075272229397157	0.660848702477631	sample_2022120210026
HROV.vOTU04569	Responder_Status	Responder	1.61603716847836	0.871894892969959	0.0743787780113427	0.660848702477631	sample_2022120210026
HROV.vOTU39751	Responder_Status	Responder	-1.04682287572457	0.565138850864468	0.0745485269420876	0.660848702477631	sample_2022120210026
HROV.vOTU08189	Responder_Status	Responder	-1.36338177604991	0.736712899865844	0.0748004626963061	0.660848702477631	sample_2022120210026
HROV.vOTU02347	Responder_Status	Responder	-1.15123425528609	0.621657821880033	0.0746152721691607	0.660848702477631	sample_2022120210026
HROV.vOTU18442	Responder_Status	Responder	2.11685392036499	1.14602322755752	0.0753211229191377	0.660851289882498	sample_2022120210026
HROV.vOTU67091	Responder_Status	Responder	1.30401231054225	0.707056276595603	0.0757470569165117	0.661898435492309	sample_2022120210026
HROV.vOTU16041	Responder_Status	Responder	1.48939971117146	0.807328608304296	0.0756622274779099	0.661898435492309	sample_2022120210026
HROV.vOTU74692	Responder_Status	Responder	-1.36118414677043	0.738872095684125	0.0760532387726879	0.661965783539786	sample_2022120210026
HROV.vOTU03026	Responder_Status	Responder	2.14889431843828	1.16710137110159	0.0762072994853592	0.662186542848075	sample_2022120210026
HROV.vOTU25911	Responder_Status	Responder	1.58973608339633	0.865111131926627	0.0767539579412646	0.664155390859567	sample_2022120210026
HROV.vOTU35216	Responder_Status	Responder	1.82551915282686	0.99490012241257	0.0771694502467079	0.665449566469757	sample_2022120210026
HROV.vOTU69573	Responder_Status	Responder	-1.1567776740432	0.630663378324191	0.0772690608807905	0.665449566469757	sample_2022120210026
HROV.vOTU11598	Responder_Status	Responder	-1.96543038897619	1.07426118623201	0.0779827707674104	0.667774379641968	sample_2022120210026
HROV.vOTU11600	Responder_Status	Responder	1.8204962259338	0.996007386776088	0.0782555313775898	0.668232663553809	sample_2022120210026
HROV.vOTU54655	Responder_Status	Responder	-1.27179589606139	0.695809614599	0.0782556805993136	0.668232663553809	sample_2022120210026
HROV.vOTU05499	Responder_Status	Responder	-0.891173223247507	0.487728439042426	0.0783485158093704	0.668686676384635	sample_2022120210026
HROV.vOTU14986	Responder_Status	Responder	-0.931734447542717	0.510864616347481	0.078867767261563	0.669736648997592	sample_2022120210026
HROV.vOTU23563	Responder_Status	Responder	0.902340671651764	0.494810451703082	0.0789034194513234	0.669736648997592	sample_2022120210026
HROV.vOTU10396	Responder_Status	Responder	-0.897413823121242	0.492285373723627	0.0790051214687163	0.669736648997592	sample_2022120210026
HROV.vOTU36975	Responder_Status	Responder	-2.19850013767141	1.20642832997561	0.0791036364949341	0.669736648997592	sample_2022120210026
HROV.vOTU09500	Responder_Status	Responder	-2.19483047835031	1.20521092916721	0.079291292243219	0.669932932723621	sample_2022120210026
HROV.vOTU11783	Responder_Status	Responder	1.64805837291429	0.905909579532814	0.0795861130672942	0.670760294941655	sample_2022120210026
HROV.vOTU49540	Responder_Status	Responder	-1.01101909226446	0.556689140498262	0.0800728488036741	0.672083111184282	sample_2022120210026
HROV.vOTU68950	Responder_Status	Responder	-1.56669603208599	0.866644438718795	0.0813967490892497	0.674267648110139	sample_2022120210026
HROV.vOTU04917	Responder_Status	Responder	-2.65789948519312	1.46738411001591	0.0808327296425192	0.674267648110139	sample_2022120210026
HROV.vOTU73443	Responder_Status	Responder	1.71176808436679	0.94806759179587	0.0817546115177264	0.674267648110139	sample_2022120210026
HROV.vOTU61820	Responder_Status	Responder	-2.14200192820186	1.18575662040748	0.0816090908600632	0.674267648110139	sample_2022120210026
HROV.vOTU64611	Responder_Status	Responder	-1.65216631429784	0.916178824456165	0.0821093311148319	0.674267648110139	sample_2022120210026
HROV.vOTU04131	Responder_Status	Responder	2.26251670195116	1.25430012431957	0.0820313836293248	0.674267648110139	sample_2022120210026
HROV.vOTU38564	Responder_Status	Responder	-0.903473169199877	0.501073321759962	0.0821490729825738	0.674267648110139	sample_2022120210026
HROV.vOTU49842	Responder_Status	Responder	1.39282196179678	0.771586444840051	0.0818176149662183	0.674267648110139	sample_2022120210026
HROV.vOTU59590	Responder_Status	Responder	2.16212017090515	1.1993227799763	0.0821959711338549	0.674267648110139	sample_2022120210026
HROV.vOTU58814	Responder_Status	Responder	1.37705872416519	0.761173060485657	0.0811808961111214	0.674267648110139	sample_2022120210026
HROV.vOTU19720	Responder_Status	Responder	-1.64280368066845	0.911513416505913	0.0822769004826444	0.674267648110139	sample_2022120210026
HROV.vOTU20887	Responder_Status	Responder	-1.06753583558561	0.590047128765159	0.0811631855842788	0.674267648110139	sample_2022120210026
HROV.vOTU74833	Responder_Status	Responder	-2.04216873512374	1.12693785256569	0.0807025329932774	0.674267648110139	sample_2022120210026
HROV.vOTU13522	Responder_Status	Responder	-1.47843503133505	0.822065215737519	0.0828974332872203	0.675888492658684	sample_2022120210026
HROV.vOTU46902	Responder_Status	Responder	-1.31991064223117	0.734677167867577	0.0831983871413683	0.675888492658684	sample_2022120210026
HROV.vOTU45052	Responder_Status	Responder	2.26044317555581	1.25743338902369	0.0830232295651533	0.675888492658684	sample_2022120210026
HROV.vOTU34922	Responder_Status	Responder	-1.3891206348428	0.772529256866291	0.0829450527277647	0.675888492658684	sample_2022120210026
HROV.vOTU00812	Responder_Status	Responder	1.26345757742805	0.70470689536982	0.0838020715024174	0.677766047637886	sample_2022120210026
HROV.vOTU21547	Responder_Status	Responder	1.23619005460563	0.689876378662715	0.0839629869774988	0.677766047637886	sample_2022120210026
HROV.vOTU23301	Responder_Status	Responder	1.55169483574633	0.866239170194835	0.0840613586157738	0.678177757106262	sample_2022120210026
HROV.vOTU32103	Responder_Status	Responder	-1.75651206031162	0.982108073997833	0.084519773262653	0.679127249502842	sample_2022120210026
HROV.vOTU58320	Responder_Status	Responder	-1.6908868579131	0.945549258743841	0.0845614844263057	0.679127249502842	sample_2022120210026
HROV.vOTU01314	Responder_Status	Responder	-1.94792970977528	1.08887825821626	0.0844505111897921	0.679127249502842	sample_2022120210026
HROV.vOTU51034	Responder_Status	Responder	-1.51290110137952	0.847249247326892	0.0849903979077777	0.680252315986631	sample_2022120210026
HROV.vOTU02205	Responder_Status	Responder	-0.688288979350486	0.386389206494224	0.0857091952451727	0.681185013721311	sample_2022120210026
HROV.vOTU03533	Responder_Status	Responder	-1.95286246834344	1.09977969719095	0.0866558159221714	0.682401268654514	sample_2022120210026
HROV.vOTU17965	Responder_Status	Responder	1.41615149653162	0.797206914373454	0.0865370213598544	0.682401268654514	sample_2022120210026
HROV.vOTU07385	Responder_Status	Responder	1.50161167664133	0.845028189574892	0.0864354392292357	0.682401268654514	sample_2022120210026
HROV.vOTU65868	Responder_Status	Responder	-0.920552562177607	0.518536740180026	0.0867225130333472	0.682401268654514	sample_2022120210026
HROV.vOTU22948	Responder_Status	Responder	1.06172930593354	0.597368606536305	0.0863770627762546	0.682401268654514	sample_2022120210026
HROV.vOTU05007	Responder_Status	Responder	-2.69829355268933	1.5233326153499	0.0873949205242195	0.683123085393971	sample_2022120210026
HROV.vOTU38220	Responder_Status	Responder	-1.42849940559045	0.807562904429491	0.0878039133290589	0.683123085393971	sample_2022120210026
HROV.vOTU05373	Responder_Status	Responder	-2.53131211594785	1.42718691560348	0.087001040235058	0.683123085393971	sample_2022120210026
HROV.vOTU12851	Responder_Status	Responder	1.77015364974457	1.00127037293798	0.0879732240026438	0.683123085393971	sample_2022120210026
HROV.vOTU58235	Responder_Status	Responder	0.917157259387059	0.517943585572427	0.087486980064564	0.683123085393971	sample_2022120210026
HROV.vOTU27429	Responder_Status	Responder	-0.890219180269004	0.503503967048388	0.0879493173799087	0.683123085393971	sample_2022120210026
HROV.vOTU10893	Responder_Status	Responder	-0.446398185616598	0.252412575750511	0.0878678909279612	0.683123085393971	sample_2022120210026
HROV.vOTU32166	Responder_Status	Responder	-1.79003001658166	1.01446773155057	0.0885555145867804	0.684367570828936	sample_2022120210026
HROV.vOTU55586	Responder_Status	Responder	1.38159344079951	0.785693031044058	0.0896000345163662	0.687050565289795	sample_2022120210026
HROV.vOTU35520	Responder_Status	Responder	-1.27872781617786	0.728288240369593	0.0900581719904701	0.687783242106093	sample_2022120210026
HROV.vOTU08392	Responder_Status	Responder	-1.04129069660187	0.594007925614874	0.0905475840860934	0.68793053181597	sample_2022120210026
HROV.vOTU47480	Responder_Status	Responder	-1.42079352120839	0.809398863704085	0.0901330218208881	0.68793053181597	sample_2022120210026
HROV.vOTU67068	Responder_Status	Responder	-1.5658793599252	0.894607788814958	0.0910095060556745	0.689224655163457	sample_2022120210026
HROV.vOTU62516	Responder_Status	Responder	-1.55715670520448	0.890002467243685	0.0911400392727643	0.689224655163457	sample_2022120210026
HROV.vOTU50270	Responder_Status	Responder	-1.56049512323015	0.891814235586572	0.0911068465834838	0.689224655163457	sample_2022120210026
HROV.vOTU27588	Responder_Status	Responder	-0.607439912642982	0.347190180428709	0.0911437327117362	0.689224655163457	sample_2022120210026
HROV.vOTU69838	Responder_Status	Responder	-0.829097782813518	0.474144547298477	0.0913143121336329	0.68950945297412	sample_2022120210026
HROV.vOTU25750	Responder_Status	Responder	1.72758182853832	0.987870076943824	0.0912832819083697	0.68950945297412	sample_2022120210026
HROV.vOTU24172	Responder_Status	Responder	-0.924965978882824	0.529505985721448	0.0916264056032265	0.690609486475463	sample_2022120210026
HROV.vOTU56818	Responder_Status	Responder	-1.76502940378155	1.01082551181686	0.0917536032502861	0.690815409086878	sample_2022120210026
HROV.vOTU42137	Responder_Status	Responder	-1.67212565689504	0.958754159643409	0.0921191870952975	0.69113701937074	sample_2022120210026
HROV.vOTU02986	Responder_Status	Responder	-1.76393658900332	1.01266637997156	0.0925076667206943	0.691221492830732	sample_2022120210026
HROV.vOTU10321	Responder_Status	Responder	1.22414998329601	0.703072257447696	0.0926375136976322	0.691221492830732	sample_2022120210026
HROV.vOTU74328	Responder_Status	Responder	-0.948875432064327	0.545348126850437	0.0928513685833913	0.691568086984475	sample_2022120210026
HROV.vOTU15151	Responder_Status	Responder	1.24261906672284	0.714176443179749	0.0928534308596987	0.691568086984475	sample_2022120210026
HROV.vOTU25803	Responder_Status	Responder	-1.47118218350839	0.846822909027195	0.0933250021654661	0.692346726826393	sample_2022120210026
HROV.vOTU48715	Responder_Status	Responder	-1.22908311580125	0.707441063033935	0.0933127210136926	0.692346726826393	sample_2022120210026
HROV.vOTU57796	Responder_Status	Responder	1.59747817163892	0.920014827095862	0.0934926789621486	0.69289391800147	sample_2022120210026
HROV.vOTU43325	Responder_Status	Responder	1.36051369202743	0.783540301528921	0.0934916229533993	0.69289391800147	sample_2022120210026
HROV.vOTU70173	Responder_Status	Responder	-1.51501543526147	0.87336199129102	0.0937924535016394	0.693804265160046	sample_2022120210026
HROV.vOTU13935	Responder_Status	Responder	0.577969903573079	0.333286010677256	0.0938892711599715	0.693804265160046	sample_2022120210026
HROV.vOTU09505	Responder_Status	Responder	1.58777613749724	0.916672374421848	0.0942586939990744	0.693896056026049	sample_2022120210026
HROV.vOTU53214	Responder_Status	Responder	-1.5792343982479	0.912522097835395	0.0945270112142488	0.694702348301533	sample_2022120210026
HROV.vOTU34402	Responder_Status	Responder	-2.1332596336265	1.23708498285851	0.0956562484566307	0.695138767104865	sample_2022120210026
HROV.vOTU75522	Responder_Status	Responder	-2.09182456443718	1.20994858832061	0.0948484946523961	0.695138767104865	sample_2022120210026
HROV.vOTU01231	Responder_Status	Responder	2.1410537284827	1.23822589996079	0.0947983463456306	0.695138767104865	sample_2022120210026
HROV.vOTU00662	Responder_Status	Responder	1.87065189379327	1.08465563533554	0.0956148919173108	0.695138767104865	sample_2022120210026
HROV.vOTU15873	Responder_Status	Responder	-0.582605889886962	0.337823220837377	0.095626318662444	0.695138767104865	sample_2022120210026
HROV.vOTU10264	Responder_Status	Responder	-1.52152795448278	0.880382457285085	0.0949568715682212	0.695138767104865	sample_2022120210026
HROV.vOTU60600	Responder_Status	Responder	1.20668525789488	0.699064308324788	0.0953421073075919	0.695138767104865	sample_2022120210026
HROV.vOTU06820	Responder_Status	Responder	1.23639265460436	0.716843881139813	0.0955925664989591	0.695138767104865	sample_2022120210026
HROV.vOTU07496	Responder_Status	Responder	-1.51488392198212	0.879194579012078	0.0959106331048196	0.695156501352559	sample_2022120210026
HROV.vOTU62508	Responder_Status	Responder	-0.663564340432947	0.385833168132112	0.0965016838196604	0.695468768192278	sample_2022120210026
HROV.vOTU08657	Responder_Status	Responder	-1.33621389001955	0.777404272142614	0.0966875363815948	0.695542025871195	sample_2022120210026
HROV.vOTU08533	Responder_Status	Responder	0.588667490225668	0.34270575046592	0.0968925883704163	0.695542025871195	sample_2022120210026
HROV.vOTU54452	Responder_Status	Responder	1.24391435734637	0.724654103054682	0.0971041276514349	0.695964371383979	sample_2022120210026
HROV.vOTU38642	Responder_Status	Responder	2.38407140540803	1.38887531469297	0.09710685655344	0.695964371383979	sample_2022120210026
HROV.vOTU74136	Responder_Status	Responder	1.59212164465486	0.928611718830078	0.0974837281617596	0.69637768287051	sample_2022120210026
HROV.vOTU30268	Responder_Status	Responder	0.997120027498015	0.581763448467261	0.0975873235510604	0.69637768287051	sample_2022120210026
HROV.vOTU73219	Responder_Status	Responder	-1.78994893682312	1.04602074942382	0.0981027027327047	0.697114400213977	sample_2022120210026
HROV.vOTU23121	Responder_Status	Responder	-1.11768420011578	0.65269749851931	0.0978768393220246	0.697114400213977	sample_2022120210026
HROV.vOTU11450	Responder_Status	Responder	-1.08276760920339	0.632664988900574	0.0980576938114427	0.697114400213977	sample_2022120210026
HROV.vOTU22570	Responder_Status	Responder	-0.625474762231676	0.36583974177352	0.0983838797350597	0.69746002887	sample_2022120210026
HROV.vOTU05189	Responder_Status	Responder	-0.963093479834507	0.563592545071765	0.0985430798834115	0.698111610645541	sample_2022120210026
HROV.vOTU39839	Responder_Status	Responder	-2.46884260036049	1.44588615260664	0.0987971760595776	0.698652479833955	sample_2022120210026
HROV.vOTU50928	Responder_Status	Responder	0.882571416805939	0.518131169591824	0.0995745291358752	0.698652479833955	sample_2022120210026
HROV.vOTU03889	Responder_Status	Responder	0.986388149556917	0.580611535516469	0.100428790850068	0.698652479833955	sample_2022120210026
HROV.vOTU55544	Responder_Status	Responder	-1.32107801196368	0.773912630034877	0.0988879747876412	0.698652479833955	sample_2022120210026
HROV.vOTU69341	Responder_Status	Responder	-1.0887548918602	0.641035569066698	0.100513981693442	0.698652479833955	sample_2022120210026
HROV.vOTU04811	Responder_Status	Responder	0.587146239144979	0.345393642120672	0.100227698820225	0.698652479833955	sample_2022120210026
HROV.vOTU08559	Responder_Status	Responder	-0.745057454009877	0.439092342547168	0.100823221043215	0.698991592598303	sample_2022120210026
HROV.vOTU16151	Responder_Status	Responder	0.65306383319584	0.385112361884362	0.101021928459732	0.699901507692631	sample_2022120210026
HROV.vOTU16624	Responder_Status	Responder	1.0840169269171	0.639614788394244	0.10120951842889	0.700733235702193	sample_2022120210026
HROV.vOTU01728	Responder_Status	Responder	-1.53077380778305	0.90383800112977	0.101432180440853	0.701011688303442	sample_2022120210026
HROV.vOTU01773	Responder_Status	Responder	-1.62011962427736	0.956568746237137	0.10142433059644	0.701011688303442	sample_2022120210026
HROV.vOTU12748	Responder_Status	Responder	0.813274905101168	0.480229933483011	0.101456385558179	0.701011688303442	sample_2022120210026
HROV.vOTU00403	Responder_Status	Responder	-3.13472450287657	1.85476982850603	0.102116496733142	0.701163900467471	sample_2022120210026
HROV.vOTU37886	Responder_Status	Responder	-1.32893627084918	0.78584561471244	0.101922790532353	0.701163900467471	sample_2022120210026
HROV.vOTU47619	Responder_Status	Responder	1.51175365545027	0.893390961974207	0.101718024011629	0.701163900467471	sample_2022120210026
HROV.vOTU43506	Responder_Status	Responder	-1.20695275759023	0.713041312692877	0.101615850131433	0.701163900467471	sample_2022120210026
HROV.vOTU64477	Responder_Status	Responder	-0.772419580079951	0.457669948652526	0.102574882637484	0.702915724811025	sample_2022120210026
HROV.vOTU01986	Responder_Status	Responder	1.30864996107486	0.776039428749345	0.102847472031097	0.703586612150531	sample_2022120210026
HROV.vOTU31854	Responder_Status	Responder	1.72416161904735	1.02363515382082	0.103230713369319	0.703699083232474	sample_2022120210026
HROV.vOTU08918	Responder_Status	Responder	-0.965185679467558	0.57374776404199	0.103641991230317	0.703785692528782	sample_2022120210026
HROV.vOTU31047	Responder_Status	Responder	1.19945263314295	0.712771661506559	0.103533721978991	0.703785692528782	sample_2022120210026
HROV.vOTU10994	Responder_Status	Responder	1.66346180358012	0.988693284712736	0.103595447106244	0.703785692528782	sample_2022120210026
HROV.vOTU06760	Responder_Status	Responder	-2.28403593650163	1.35774182310923	0.103645120709471	0.703785692528782	sample_2022120210026
HROV.vOTU04934	Responder_Status	Responder	-1.73353635245905	1.03104871602611	0.103821108666535	0.703785692528782	sample_2022120210026
HROV.vOTU38393	Responder_Status	Responder	0.713014606403005	0.424349623256716	0.104033107121225	0.703965432034453	sample_2022120210026
HROV.vOTU70764	Responder_Status	Responder	1.4229617267549	0.848722339339203	0.104753965533916	0.70434484127909	sample_2022120210026
HROV.vOTU35510	Responder_Status	Responder	0.883193057248332	0.526969974507043	0.104874340435456	0.704481244427229	sample_2022120210026
HROV.vOTU72279	Responder_Status	Responder	-1.11894305442932	0.668102962562884	0.105107337045486	0.705361333665536	sample_2022120210026
HROV.vOTU25646	Responder_Status	Responder	1.13352607363128	0.676918833178939	0.105160564560179	0.705490370069095	sample_2022120210026
HROV.vOTU71569	Responder_Status	Responder	1.55302237556804	0.927774459822299	0.105282563682881	0.706080541829278	sample_2022120210026
HROV.vOTU33624	Responder_Status	Responder	1.86134359027396	1.11297757929163	0.105584915752533	0.706397282704349	sample_2022120210026
HROV.vOTU66047	Responder_Status	Responder	-1.48722774882937	0.889875272352386	0.105808460900625	0.70683760328477	sample_2022120210026
HROV.vOTU50600	Responder_Status	Responder	-1.83655776712728	1.09985248286139	0.106098559760312	0.706979402115296	sample_2022120210026
HROV.vOTU04595	Responder_Status	Responder	1.33295346803237	0.799018582237125	0.106415097402929	0.707411861527951	sample_2022120210026
HROV.vOTU52357	Responder_Status	Responder	1.04266579449305	0.625041205783901	0.1064317289486	0.707411861527951	sample_2022120210026
HROV.vOTU32220	Responder_Status	Responder	-1.25980089513388	0.75567288626044	0.106638199635532	0.707922799138672	sample_2022120210026
HROV.vOTU45109	Responder_Status	Responder	0.961221595461054	0.576694932481988	0.106708008641342	0.707922799138672	sample_2022120210026
HROV.vOTU17332	Responder_Status	Responder	2.11443200949719	1.26973928789928	0.107014821973813	0.708929678074332	sample_2022120210026
HROV.vOTU35391	Responder_Status	Responder	-1.81099526663989	1.08774219398455	0.107082551206965	0.708971209187933	sample_2022120210026
HROV.vOTU75309	Responder_Status	Responder	-1.59329173417433	0.958097499530616	0.107472991987437	0.709239507455716	sample_2022120210026
HROV.vOTU66997	Responder_Status	Responder	1.43271746519521	0.862966583764162	0.108029343849687	0.709239507455716	sample_2022120210026
HROV.vOTU59484	Responder_Status	Responder	-1.07352360151278	0.646777395616042	0.108114442577696	0.709239507455716	sample_2022120210026
HROV.vOTU43848	Responder_Status	Responder	-0.507972401305965	0.305407336922241	0.107415002427358	0.709239507455716	sample_2022120210026
HROV.vOTU26712	Responder_Status	Responder	-1.66650321751783	1.00402469817306	0.108110569717425	0.709239507455716	sample_2022120210026
HROV.vOTU30980	Responder_Status	Responder	-1.28010101933126	0.773126416196929	0.108940012085793	0.709468331241338	sample_2022120210026
HROV.vOTU37626	Responder_Status	Responder	1.08508920808116	0.655115424156721	0.108820300487798	0.709468331241338	sample_2022120210026
HROV.vOTU55788	Responder_Status	Responder	0.729576441232427	0.440889296366335	0.109136568343501	0.709468331241338	sample_2022120210026
HROV.vOTU07055	Responder_Status	Responder	-1.59496660540802	0.963596089746795	0.109046771267806	0.709468331241338	sample_2022120210026
HROV.vOTU35516	Responder_Status	Responder	-1.6598808461456	1.00440343325364	0.109582939837518	0.709468331241338	sample_2022120210026
HROV.vOTU04671	Responder_Status	Responder	1.67558930380989	1.01077649021978	0.108536766120042	0.709468331241338	sample_2022120210026
HROV.vOTU61514	Responder_Status	Responder	-0.724625386622585	0.438011298911835	0.109224607757493	0.709468331241338	sample_2022120210026
HROV.vOTU64657	Responder_Status	Responder	0.944613917320447	0.571731246080917	0.109665929957574	0.709477484639025	sample_2022120210026
HROV.vOTU69242	Responder_Status	Responder	-0.521124553653287	0.315456265046684	0.109712807152403	0.709477484639025	sample_2022120210026
HROV.vOTU58654	Responder_Status	Responder	-1.38675169858635	0.839822328977729	0.109862089137472	0.709504621725034	sample_2022120210026
HROV.vOTU43167	Responder_Status	Responder	1.45321628706983	0.880252416418088	0.109931072706304	0.709729234180402	sample_2022120210026
HROV.vOTU24682	Responder_Status	Responder	1.17032272926259	0.709268658501641	0.110109506997227	0.710188884292985	sample_2022120210026
HROV.vOTU03270	Responder_Status	Responder	1.38748111537408	0.841317953936656	0.11028792095868	0.710435573355267	sample_2022120210026
HROV.vOTU01021	Responder_Status	Responder	1.73615501110149	1.05399246835277	0.110692284622007	0.710902671345176	sample_2022120210026
HROV.vOTU52161	Responder_Status	Responder	0.823107678160407	0.499676804687974	0.110679362616154	0.710902671345176	sample_2022120210026
HROV.vOTU40670	Responder_Status	Responder	-0.593465206448271	0.360174933541704	0.110589708989964	0.710902671345176	sample_2022120210026
HROV.vOTU02547	Responder_Status	Responder	-0.538176354332682	0.327166787593594	0.111160011806211	0.71278437731115	sample_2022120210026
HROV.vOTU51043	Responder_Status	Responder	-0.862819606886533	0.524746196967528	0.111305260969877	0.713274912021295	sample_2022120210026
HROV.vOTU31384	Responder_Status	Responder	0.812114886968385	0.494340535406731	0.111603974914622	0.713943620958016	sample_2022120210026
HROV.vOTU17684	Responder_Status	Responder	-0.777214591152428	0.473332477898087	0.111774672596837	0.714297645945291	sample_2022120210026
HROV.vOTU00758	Responder_Status	Responder	2.19804023154265	1.33881177932434	0.111820818295693	0.714372530675992	sample_2022120210026
HROV.vOTU02748	Responder_Status	Responder	1.6556510670097	1.00893738827373	0.111987664810427	0.714881068757798	sample_2022120210026
HROV.vOTU35715	Responder_Status	Responder	-0.650595713216936	0.396641560588847	0.112138924624953	0.714881068757798	sample_2022120210026
HROV.vOTU53011	Responder_Status	Responder	-1.2042744774051	0.735111085176512	0.112566115254645	0.715389553302875	sample_2022120210026
HROV.vOTU22119	Responder_Status	Responder	-0.89603366775116	0.546794678785611	0.112465234312577	0.715389553302875	sample_2022120210026
HROV.vOTU15472	Responder_Status	Responder	1.5752837829491	0.96349963334737	0.113251726780282	0.716091434977628	sample_2022120210026
HROV.vOTU36685	Responder_Status	Responder	1.44029799732588	0.880742350359215	0.113175374318526	0.716091434977628	sample_2022120210026
HROV.vOTU28350	Responder_Status	Responder	0.28858880234348	0.176517076691222	0.11326323323357	0.716091434977628	sample_2022120210026
HROV.vOTU69864	Responder_Status	Responder	-1.42384878771306	0.872062145987119	0.113721073311847	0.716357418181172	sample_2022120210026
HROV.vOTU24869	Responder_Status	Responder	-1.39631743600605	0.855185252596669	0.11371509038513	0.716357418181172	sample_2022120210026
HROV.vOTU56207	Responder_Status	Responder	1.56539443973062	0.958074360522332	0.113476167849329	0.716357418181172	sample_2022120210026
HROV.vOTU72566	Responder_Status	Responder	2.26969562789193	1.39002686776163	0.113698814527474	0.716357418181172	sample_2022120210026
HROV.vOTU24040	Responder_Status	Responder	0.957812852028954	0.586298557819004	0.113526007963282	0.716357418181172	sample_2022120210026
HROV.vOTU16329	Responder_Status	Responder	1.86695658602382	1.14431717377608	0.113982561176959	0.716748602979973	sample_2022120210026
HROV.vOTU74213	Responder_Status	Responder	0.782616913464109	0.480318616029923	0.114435214356697	0.716979684770117	sample_2022120210026
HROV.vOTU67958	Responder_Status	Responder	1.10163034242504	0.676112918882043	0.114437731378578	0.716979684770117	sample_2022120210026
HROV.vOTU40432	Responder_Status	Responder	-0.631186561182479	0.387381849699007	0.114436279418655	0.716979684770117	sample_2022120210026
HROV.vOTU66742	Responder_Status	Responder	-0.972860305109743	0.597189909705077	0.114500467658601	0.717139964961051	sample_2022120210026
HROV.vOTU53530	Responder_Status	Responder	-1.48604632738148	0.912384687939457	0.114567235355059	0.717157488270205	sample_2022120210026
HROV.vOTU61322	Responder_Status	Responder	-1.21213605008848	0.744772706027525	0.114828185884224	0.717157488270205	sample_2022120210026
HROV.vOTU28224	Responder_Status	Responder	-1.69933460755949	1.04339792196677	0.1145875308267	0.717157488270205	sample_2022120210026
HROV.vOTU37929	Responder_Status	Responder	0.567237891568675	0.348877030588405	0.115175858263603	0.717687405096023	sample_2022120210026
HROV.vOTU16955	Responder_Status	Responder	-0.797626199684384	0.491074641716951	0.11552901984276	0.718808744149105	sample_2022120210026
HROV.vOTU59806	Responder_Status	Responder	-1.02412167322871	0.63102827832707	0.115809049819795	0.719257043927193	sample_2022120210026
HROV.vOTU63559	Responder_Status	Responder	-0.77690455070687	0.479546456564104	0.116424359420252	0.72015807718314	sample_2022120210026
HROV.vOTU18116	Responder_Status	Responder	-1.5631808604221	0.966234733750048	0.116915987606978	0.720969337736194	sample_2022120210026
HROV.vOTU38803	Responder_Status	Responder	-1.30779214386514	0.808876620112297	0.117133893811394	0.720969337736194	sample_2022120210026
HROV.vOTU56685	Responder_Status	Responder	1.64839591375034	1.01955210106083	0.117137393138869	0.720969337736194	sample_2022120210026
HROV.vOTU08851	Responder_Status	Responder	-1.60026113993541	0.989301741464729	0.116967995830917	0.720969337736194	sample_2022120210026
HROV.vOTU38933	Responder_Status	Responder	-1.06131713002731	0.657160561259457	0.117523802903247	0.721714920405492	sample_2022120210026
HROV.vOTU58984	Responder_Status	Responder	-2.68602959792569	1.66383244930614	0.117663262686912	0.721913867756779	sample_2022120210026
HROV.vOTU48368	Responder_Status	Responder	-1.42648804473482	0.887753593120463	0.11930709392958	0.724651349280468	sample_2022120210026
HROV.vOTU02746	Responder_Status	Responder	-1.19262541190748	0.74256564663981	0.119475303150094	0.724651349280468	sample_2022120210026
HROV.vOTU19378	Responder_Status	Responder	-2.11244522627591	1.31530853558807	0.119484582254138	0.724651349280468	sample_2022120210026
HROV.vOTU01819	Responder_Status	Responder	1.64735669892258	1.02466432655736	0.119119601179549	0.724651349280468	sample_2022120210026
HROV.vOTU37302	Responder_Status	Responder	1.45846262351557	0.909238835570536	0.119925432936343	0.724651349280468	sample_2022120210026
HROV.vOTU21384	Responder_Status	Responder	-1.30975650232613	0.814453963650478	0.119023610081459	0.724651349280468	sample_2022120210026
HROV.vOTU32359	Responder_Status	Responder	0.886865949365184	0.551150950808931	0.118809462892592	0.724651349280468	sample_2022120210026
HROV.vOTU13265	Responder_Status	Responder	1.95538315355199	1.21787900032267	0.119590618507844	0.724651349280468	sample_2022120210026
HROV.vOTU63584	Responder_Status	Responder	0.833349841428287	0.518320294324984	0.119100794195836	0.724651349280468	sample_2022120210026
HROV.vOTU38389	Responder_Status	Responder	-1.90831218021495	1.19236645564546	0.120724862402558	0.724768006549376	sample_2022120210026
HROV.vOTU27614	Responder_Status	Responder	-1.39398280934258	0.869606726832381	0.120156412697103	0.724768006549376	sample_2022120210026
HROV.vOTU55083	Responder_Status	Responder	-1.6530197064087	1.03291718437341	0.120747095163931	0.724768006549376	sample_2022120210026
HROV.vOTU28323	Responder_Status	Responder	1.07740687648147	0.671966290263171	0.12007656707021	0.724768006549376	sample_2022120210026
HROV.vOTU30787	Responder_Status	Responder	-0.865885335302965	0.540367063234705	0.120289653743894	0.724768006549376	sample_2022120210026
HROV.vOTU01885	Responder_Status	Responder	-0.758698893900893	0.474052747258591	0.120722314794976	0.724768006549376	sample_2022120210026
HROV.vOTU03842	Responder_Status	Responder	1.0906142099437	0.681021249800908	0.120503157046679	0.724768006549376	sample_2022120210026
HROV.vOTU08671	Responder_Status	Responder	1.92086761188485	1.20190290954747	0.121226301215295	0.726060643808208	sample_2022120210026
HROV.vOTU57537	Responder_Status	Responder	-2.35649996233583	1.47475946820986	0.121293443768172	0.726150882339751	sample_2022120210026
HROV.vOTU68778	Responder_Status	Responder	2.07895082324944	1.302116669028	0.121582503163368	0.726623542811024	sample_2022120210026
HROV.vOTU56629	Responder_Status	Responder	-0.60743398330002	0.380397631016784	0.121527475984134	0.726623542811024	sample_2022120210026
HROV.vOTU73863	Responder_Status	Responder	-0.384537617206783	0.240989150435652	0.121790495394585	0.727238209910111	sample_2022120210026
HROV.vOTU06556	Responder_Status	Responder	0.808823482510791	0.508155796157247	0.122684067299569	0.729634392796235	sample_2022120210026
HROV.vOTU32399	Responder_Status	Responder	-1.33502817662155	0.841697905874046	0.123944013251703	0.729762325397559	sample_2022120210026
HROV.vOTU52240	Responder_Status	Responder	-2.33889128888211	1.47415397182044	0.123833712645291	0.729762325397559	sample_2022120210026
HROV.vOTU27225	Responder_Status	Responder	1.4639246025772	0.921106149141984	0.123219368218558	0.729762325397559	sample_2022120210026
HROV.vOTU39425	Responder_Status	Responder	-1.46811051800851	0.923680683717582	0.123196324439828	0.729762325397559	sample_2022120210026
HROV.vOTU28637	Responder_Status	Responder	0.851724216389389	0.536803463194164	0.123820035048522	0.729762325397559	sample_2022120210026
HROV.vOTU70085	Responder_Status	Responder	1.32280323334748	0.833572960635843	0.123763711059712	0.729762325397559	sample_2022120210026
HROV.vOTU36687	Responder_Status	Responder	-0.734790027716094	0.463634044306068	0.124231379121387	0.729841765789576	sample_2022120210026
HROV.vOTU49200	Responder_Status	Responder	-1.31541848015602	0.832072797020268	0.125134185683766	0.73024880664942	sample_2022120210026
HROV.vOTU73162	Responder_Status	Responder	1.35184768962942	0.854090515303846	0.124700203759221	0.73024880664942	sample_2022120210026
HROV.vOTU08696	Responder_Status	Responder	1.91373184671925	1.21016414040593	0.125022393650776	0.73024880664942	sample_2022120210026
HROV.vOTU13481	Responder_Status	Responder	-1.87544193166872	1.18571010781639	0.124948861360493	0.73024880664942	sample_2022120210026
HROV.vOTU06241	Responder_Status	Responder	-0.96813290046682	0.612103987754325	0.124961626206276	0.73024880664942	sample_2022120210026
HROV.vOTU09258	Responder_Status	Responder	1.49347230522799	0.944197839287528	0.124941307791378	0.73024880664942	sample_2022120210026
HROV.vOTU42173	Responder_Status	Responder	1.53216309173341	0.96854365779112	0.124898326583345	0.73024880664942	sample_2022120210026
HROV.vOTU40468	Responder_Status	Responder	1.62841996412147	1.02994033388025	0.125091078365559	0.73024880664942	sample_2022120210026
HROV.vOTU69959	Responder_Status	Responder	-0.559897747859164	0.354071066694312	0.125037822270901	0.73024880664942	sample_2022120210026
HROV.vOTU48198	Responder_Status	Responder	-0.679190398405469	0.429624918933719	0.125134636099439	0.73024880664942	sample_2022120210026
HROV.vOTU29218	Responder_Status	Responder	-0.224267395687657	0.141675487366443	0.124660641637714	0.73024880664942	sample_2022120210026
HROV.vOTU07552	Responder_Status	Responder	1.60874687390952	1.01810069339485	0.125305588639298	0.730398058781721	sample_2022120210026
HROV.vOTU10186	Responder_Status	Responder	1.67204033122145	1.05906279797729	0.125615904769913	0.730398058781721	sample_2022120210026
HROV.vOTU59611	Responder_Status	Responder	-1.69700964475224	1.07524332038969	0.125739047726079	0.730398058781721	sample_2022120210026
HROV.vOTU18429	Responder_Status	Responder	-1.15669747749997	0.73241629247357	0.125501766608459	0.730398058781721	sample_2022120210026
HROV.vOTU52184	Responder_Status	Responder	-1.6271742266489	1.03214300729558	0.126143061058081	0.730398058781721	sample_2022120210026
HROV.vOTU63227	Responder_Status	Responder	-0.778991581159504	0.493187245937027	0.125452426895211	0.730398058781721	sample_2022120210026
HROV.vOTU07407	Responder_Status	Responder	1.27471877095357	0.80814359772516	0.125949357035785	0.730398058781721	sample_2022120210026
HROV.vOTU48102	Responder_Status	Responder	-1.36570565235808	0.867002232454213	0.126442085735109	0.730624694793512	sample_2022120210026
HROV.vOTU21259	Responder_Status	Responder	-0.818724588825212	0.519702127797602	0.126403193658401	0.730624694793512	sample_2022120210026
HROV.vOTU19336	Responder_Status	Responder	1.81003588315041	1.15044257581954	0.126873398062751	0.731690664202912	sample_2022120210026
HROV.vOTU12936	Responder_Status	Responder	-0.655038299344492	0.417204690757496	0.127633299495031	0.733206683075901	sample_2022120210026
HROV.vOTU28665	Responder_Status	Responder	-1.54694750574965	0.985534228207178	0.127728904722245	0.733266049792274	sample_2022120210026
HROV.vOTU14223	Responder_Status	Responder	-1.01743843605583	0.648288246920084	0.127782652339704	0.733266049792274	sample_2022120210026
HROV.vOTU67015	Responder_Status	Responder	-0.438665957264243	0.279594270052802	0.127895720514501	0.733372034914243	sample_2022120210026
HROV.vOTU45672	Responder_Status	Responder	2.06582820784176	1.31734901128942	0.128074528171274	0.733723484139686	sample_2022120210026
HROV.vOTU21496	Responder_Status	Responder	-0.960324843354562	0.615228295101502	0.129774395330106	0.734352868030099	sample_2022120210026
HROV.vOTU72226	Responder_Status	Responder	-1.05722711177764	0.677546442133695	0.129903815677937	0.734352868030099	sample_2022120210026
HROV.vOTU19481	Responder_Status	Responder	-1.54093547135402	0.98361840529961	0.128441710124638	0.734352868030099	sample_2022120210026
HROV.vOTU19145	Responder_Status	Responder	-2.38021079587376	1.52189445775019	0.129055626834279	0.734352868030099	sample_2022120210026
HROV.vOTU50560	Responder_Status	Responder	-1.0964162310698	0.703583749611963	0.130387268094637	0.734352868030099	sample_2022120210026
HROV.vOTU38801	Responder_Status	Responder	1.53815197111953	0.986496159681837	0.130179894287184	0.734352868030099	sample_2022120210026
HROV.vOTU54408	Responder_Status	Responder	1.19832901509685	0.768892795231485	0.13034426118356	0.734352868030099	sample_2022120210026
HROV.vOTU22790	Responder_Status	Responder	-0.786761414904437	0.504147823595485	0.129856384092597	0.734352868030099	sample_2022120210026
HROV.vOTU53580	Responder_Status	Responder	1.44781869095908	0.92613733956387	0.129218092911147	0.734352868030099	sample_2022120210026
HROV.vOTU28353	Responder_Status	Responder	1.77389523604638	1.13710654769519	0.129990685161311	0.734352868030099	sample_2022120210026
HROV.vOTU12593	Responder_Status	Responder	-1.18832915290685	0.758820356801571	0.128576742664932	0.734352868030099	sample_2022120210026
HROV.vOTU16132	Responder_Status	Responder	-1.24240902232296	0.795587391997678	0.129609281096856	0.734352868030099	sample_2022120210026
HROV.vOTU34520	Responder_Status	Responder	-1.00659371209621	0.644708374420715	0.129681980839952	0.734352868030099	sample_2022120210026
HROV.vOTU67169	Responder_Status	Responder	-1.23764904896535	0.794235840895071	0.130397143943244	0.734352868030099	sample_2022120210026
HROV.vOTU60923	Responder_Status	Responder	-0.325072005051212	0.207632263328938	0.128672172472067	0.734352868030099	sample_2022120210026
HROV.vOTU05159	Responder_Status	Responder	1.21799382072605	0.783134949660379	0.131111307358646	0.735211966915626	sample_2022120210026
HROV.vOTU05191	Responder_Status	Responder	-1.26297214115616	0.813130109195152	0.13160125938633	0.736044779586616	sample_2022120210026
HROV.vOTU61225	Responder_Status	Responder	-1.48168070885573	0.954088284992284	0.131658996630349	0.736169275149483	sample_2022120210026
HROV.vOTU54797	Responder_Status	Responder	-1.29589740259298	0.835012030856202	0.131905023276795	0.73675080295922	sample_2022120210026
HROV.vOTU41452	Responder_Status	Responder	-1.13632996937053	0.732887695804089	0.132256152059018	0.736819230924819	sample_2022120210026
HROV.vOTU35164	Responder_Status	Responder	-1.71356148541655	1.10487717742433	0.132154698583926	0.736819230924819	sample_2022120210026
HROV.vOTU56875	Responder_Status	Responder	0.604869331590627	0.390100889156506	0.13224110631391	0.736819230924819	sample_2022120210026
HROV.vOTU17653	Responder_Status	Responder	0.756258953231538	0.487806821138383	0.132294097532603	0.736819230924819	sample_2022120210026
HROV.vOTU49935	Responder_Status	Responder	1.0019740431905	0.645913434161835	0.132072248270265	0.736819230924819	sample_2022120210026
HROV.vOTU07285	Responder_Status	Responder	-1.4117167110559	0.913438298562252	0.133454728322554	0.73775649227122	sample_2022120210026
HROV.vOTU62380	Responder_Status	Responder	1.4078500819307	0.910921977989408	0.133448811088279	0.73775649227122	sample_2022120210026
HROV.vOTU56198	Responder_Status	Responder	-1.22316864073741	0.791910022100186	0.133676219533208	0.738100467087299	sample_2022120210026
HROV.vOTU06360	Responder_Status	Responder	-1.115899574915	0.723092455027907	0.134002281725515	0.738197672676275	sample_2022120210026
HROV.vOTU20414	Responder_Status	Responder	-1.7139727238713	1.11256925044711	0.134652040302726	0.738575161586458	sample_2022120210026
HROV.vOTU21886	Responder_Status	Responder	1.51142367067968	0.980746264272348	0.134520407553475	0.738575161586458	sample_2022120210026
HROV.vOTU21289	Responder_Status	Responder	-1.55684076952428	1.01145491855853	0.134979160245115	0.73861222971681	sample_2022120210026
HROV.vOTU40817	Responder_Status	Responder	-1.2259563792836	0.796237023274452	0.134862669404571	0.73861222971681	sample_2022120210026
HROV.vOTU67948	Responder_Status	Responder	-1.29915065113376	0.843909081848961	0.13492203377869	0.73861222971681	sample_2022120210026
HROV.vOTU12146	Responder_Status	Responder	-0.830925396743244	0.539817773450132	0.134964324504169	0.73861222971681	sample_2022120210026
HROV.vOTU66220	Responder_Status	Responder	-1.43814304248574	0.934737919674679	0.135139269651813	0.738889855369631	sample_2022120210026
HROV.vOTU07700	Responder_Status	Responder	1.43955690944085	0.936705587255554	0.135559716400717	0.739643469712036	sample_2022120210026
HROV.vOTU70773	Responder_Status	Responder	-0.607823914573683	0.39583131823693	0.135869574775615	0.740568053248316	sample_2022120210026
HROV.vOTU21960	Responder_Status	Responder	-1.52976674800509	0.998013167766942	0.136544468898861	0.740568053248316	sample_2022120210026
HROV.vOTU00489	Responder_Status	Responder	-0.630845333682593	0.411294958304953	0.136301127375139	0.740568053248316	sample_2022120210026
HROV.vOTU16293	Responder_Status	Responder	1.93978555249443	1.26526209357709	0.136471351329068	0.740568053248316	sample_2022120210026
HROV.vOTU28979	Responder_Status	Responder	-1.42176630097817	0.926242663032066	0.136011758511179	0.740568053248316	sample_2022120210026
HROV.vOTU07214	Responder_Status	Responder	-0.816557761878371	0.532411539125579	0.1363271874841	0.740568053248316	sample_2022120210026
HROV.vOTU08600	Responder_Status	Responder	1.76147818802143	1.14953599115113	0.136660976111147	0.740568053248316	sample_2022120210026
HROV.vOTU22508	Responder_Status	Responder	-1.09606943948865	0.714308136679606	0.136142543882929	0.740568053248316	sample_2022120210026
HROV.vOTU05358	Responder_Status	Responder	-0.374281114684142	0.243878058442474	0.136079542320006	0.740568053248316	sample_2022120210026
HROV.vOTU15791	Responder_Status	Responder	1.09919771832059	0.71776526480509	0.136887886472145	0.740901659906066	sample_2022120210026
HROV.vOTU50143	Responder_Status	Responder	-0.840223032632056	0.54872282761988	0.136932909192278	0.740901659906066	sample_2022120210026
HROV.vOTU31955	Responder_Status	Responder	1.82974907350083	1.19536920032696	0.137065063993134	0.741230147995186	sample_2022120210026
HROV.vOTU11248	Responder_Status	Responder	-0.757068805674523	0.494558303990078	0.137040398660361	0.741230147995186	sample_2022120210026
HROV.vOTU56580	Responder_Status	Responder	-0.986000227343874	0.644674028149869	0.13737171591241	0.741756942349274	sample_2022120210026
HROV.vOTU24353	Responder_Status	Responder	1.61475750555869	1.05640146521452	0.137596725324148	0.742352789070062	sample_2022120210026
HROV.vOTU03678	Responder_Status	Responder	1.01125639640092	0.661815496205463	0.137730811058976	0.742352789070062	sample_2022120210026
HROV.vOTU06759	Responder_Status	Responder	-0.930265057497382	0.609088416924678	0.137903314228706	0.74283922505095	sample_2022120210026
HROV.vOTU00352	Responder_Status	Responder	-1.71970632053946	1.12767231217308	0.13847470747601	0.74419844085139	sample_2022120210026
HROV.vOTU23940	Responder_Status	Responder	0.506732788409706	0.332241071871247	0.138427283279104	0.74419844085139	sample_2022120210026
HROV.vOTU41109	Responder_Status	Responder	-1.43014863554708	0.939227166006644	0.139052266936404	0.744686404888096	sample_2022120210026
HROV.vOTU46696	Responder_Status	Responder	-0.933759048115598	0.613081283680114	0.138959347921905	0.744686404888096	sample_2022120210026
HROV.vOTU09277	Responder_Status	Responder	1.3813005969784	0.906478769937611	0.13877243217361	0.744686404888096	sample_2022120210026
HROV.vOTU17514	Responder_Status	Responder	-1.21767682306715	0.799186882935712	0.138813399105916	0.744686404888096	sample_2022120210026
HROV.vOTU03693	Responder_Status	Responder	-1.94736262907628	1.28058290485143	0.13955252098496	0.746521689608385	sample_2022120210026
HROV.vOTU18349	Responder_Status	Responder	-0.62746503089611	0.412848394514035	0.13976305592756	0.746866703707669	sample_2022120210026
HROV.vOTU10686	Responder_Status	Responder	1.6090525237306	1.05906330584474	0.139895150132155	0.746945892847182	sample_2022120210026
HROV.vOTU49140	Responder_Status	Responder	1.40593686616562	0.925662739091607	0.140013817756171	0.747052383245193	sample_2022120210026
HROV.vOTU48404	Responder_Status	Responder	-1.75341696311336	1.15514625495196	0.140246264974837	0.747332235340716	sample_2022120210026
HROV.vOTU35103	Responder_Status	Responder	-2.03675548720239	1.34131076252256	0.140104694217108	0.747332235340716	sample_2022120210026
HROV.vOTU19142	Responder_Status	Responder	-1.54151488083712	1.01554596963836	0.140246348164663	0.747332235340716	sample_2022120210026
HROV.vOTU07994	Responder_Status	Responder	-1.40064626438606	0.925027793881051	0.141191247429639	0.749672053266379	sample_2022120210026
HROV.vOTU44910	Responder_Status	Responder	-0.959603488243655	0.633719186553003	0.141172509033702	0.749672053266379	sample_2022120210026
HROV.vOTU11329	Responder_Status	Responder	1.23639535994646	0.817808560811228	0.141780090214438	0.750302696238102	sample_2022120210026
HROV.vOTU15935	Responder_Status	Responder	-1.38513824635071	0.916728254416811	0.142003586465779	0.750764154684211	sample_2022120210026
HROV.vOTU51859	Responder_Status	Responder	-1.47563364186466	0.977331859212192	0.142282732587533	0.750764154684211	sample_2022120210026
HROV.vOTU31026	Responder_Status	Responder	-0.82915866624061	0.549079592322961	0.142224544813503	0.750764154684211	sample_2022120210026
HROV.vOTU44129	Responder_Status	Responder	-2.22222355507672	1.472737677246	0.142525088016004	0.751370827320146	sample_2022120210026
HROV.vOTU53073	Responder_Status	Responder	1.57782228202243	1.0468539954176	0.142959057847291	0.751410928616702	sample_2022120210026
HROV.vOTU03107	Responder_Status	Responder	1.24542128724288	0.825687071551615	0.142667989990392	0.751410928616702	sample_2022120210026
HROV.vOTU44282	Responder_Status	Responder	-0.929724924250664	0.616602013275086	0.14280185148872	0.751410928616702	sample_2022120210026
HROV.vOTU42804	Responder_Status	Responder	-1.41314466186033	0.93825378347646	0.143229859682155	0.752165267104444	sample_2022120210026
HROV.vOTU15797	Responder_Status	Responder	-1.14645644128243	0.762614905355382	0.143952116562378	0.752866447745133	sample_2022120210026
HROV.vOTU13293	Responder_Status	Responder	2.33297232006768	1.55194274444831	0.143968441082459	0.752866447745133	sample_2022120210026
HROV.vOTU05478	Responder_Status	Responder	-0.979504740521662	0.652117272834394	0.144282198505379	0.753288593039064	sample_2022120210026
HROV.vOTU53891	Responder_Status	Responder	0.95803002336573	0.637858314351284	0.144305262953729	0.753288593039064	sample_2022120210026
HROV.vOTU34716	Responder_Status	Responder	-0.823096729883126	0.548663666412208	0.14475925350558	0.75346754569073	sample_2022120210026
HROV.vOTU20831	Responder_Status	Responder	-0.324250326851934	0.216088021813285	0.14466572737971	0.75346754569073	sample_2022120210026
HROV.vOTU69410	Responder_Status	Responder	-1.12720621520721	0.755751281549759	0.147010718684024	0.754441839386428	sample_2022120210026
HROV.vOTU40972	Responder_Status	Responder	-1.15747424712497	0.774457465449294	0.146214550336267	0.754441839386428	sample_2022120210026
HROV.vOTU22888	Responder_Status	Responder	1.06772636455796	0.714658965689428	0.146351081373911	0.754441839386428	sample_2022120210026
HROV.vOTU56546	Responder_Status	Responder	1.59850202576283	1.06999976834357	0.14637936350287	0.754441839386428	sample_2022120210026
HROV.vOTU03705	Responder_Status	Responder	-1.18801478612889	0.795644706838749	0.146582372561442	0.754441839386428	sample_2022120210026
HROV.vOTU21557	Responder_Status	Responder	-1.06971355875763	0.716744344845514	0.146760962734581	0.754441839386428	sample_2022120210026
HROV.vOTU44352	Responder_Status	Responder	-1.315840060361	0.880315116934324	0.146168787674102	0.754441839386428	sample_2022120210026
HROV.vOTU73181	Responder_Status	Responder	-1.12681039913641	0.756222795028983	0.147390436546352	0.75546527722467	sample_2022120210026
HROV.vOTU07321	Responder_Status	Responder	-1.33420037001585	0.895918017782006	0.147613310621951	0.755544202122714	sample_2022120210026
HROV.vOTU64966	Responder_Status	Responder	-1.19343547948265	0.801344240217334	0.147589032991734	0.755544202122714	sample_2022120210026
HROV.vOTU58212	Responder_Status	Responder	-0.78975272416452	0.531994650943734	0.148844648667527	0.757809623619372	sample_2022120210026
HROV.vOTU51707	Responder_Status	Responder	-0.50351144545817	0.339189049035489	0.148859374740846	0.757809623619372	sample_2022120210026
HROV.vOTU32680	Responder_Status	Responder	-1.5080494450982	1.01973030358338	0.150337849789191	0.759103817927684	sample_2022120210026
HROV.vOTU46262	Responder_Status	Responder	-1.49944797287449	1.01357735730108	0.150207346243478	0.759103817927684	sample_2022120210026
HROV.vOTU60823	Responder_Status	Responder	-1.46740188652589	0.991992769819382	0.150238044017022	0.759103817927684	sample_2022120210026
HROV.vOTU72241	Responder_Status	Responder	-0.905787313335679	0.612606061194996	0.150415056258264	0.759103817927684	sample_2022120210026
HROV.vOTU45378	Responder_Status	Responder	0.568632479503108	0.384544517243494	0.150378768785496	0.759103817927684	sample_2022120210026
HROV.vOTU25193	Responder_Status	Responder	1.52058037363115	1.02870037587338	0.150527723572559	0.759103817927684	sample_2022120210026
HROV.vOTU06834	Responder_Status	Responder	-0.470423830889036	0.318205592371204	0.150472477962189	0.759103817927684	sample_2022120210026
HROV.vOTU22345	Responder_Status	Responder	-1.66691656489396	1.12865360608732	0.150860417149199	0.759480234335743	sample_2022120210026
HROV.vOTU40909	Responder_Status	Responder	0.643239963718907	0.435643322014789	0.150961231078817	0.759625694432221	sample_2022120210026
HROV.vOTU05573	Responder_Status	Responder	0.955809947741266	0.647933186411787	0.151324579980881	0.759625694432221	sample_2022120210026
HROV.vOTU09249	Responder_Status	Responder	-1.39493634599268	0.946456572509211	0.151676475134076	0.760214217157508	sample_2022120210026
HROV.vOTU20490	Responder_Status	Responder	1.03694599193275	0.703816894078723	0.151819327564997	0.760379205158991	sample_2022120210026
HROV.vOTU07037	Responder_Status	Responder	-1.1897968848382	0.80768123179223	0.151877133410184	0.760393503727067	sample_2022120210026
HROV.vOTU43584	Responder_Status	Responder	1.29845419436743	0.881483074756482	0.151895473395118	0.760393503727067	sample_2022120210026
HROV.vOTU03487	Responder_Status	Responder	-1.65794763418155	1.12779095187185	0.152687415502909	0.760808847663021	sample_2022120210026
HROV.vOTU16913	Responder_Status	Responder	1.00504541820284	0.683739192143927	0.152730215910722	0.760808847663021	sample_2022120210026
HROV.vOTU34214	Responder_Status	Responder	-1.20847072360869	0.822528093508139	0.152921390156342	0.760948726388982	sample_2022120210026
HROV.vOTU09661	Responder_Status	Responder	-1.31478018245282	0.895168348120945	0.153046234321568	0.761195916148738	sample_2022120210026
HROV.vOTU37447	Responder_Status	Responder	-1.45800181234833	0.993295987428817	0.153291602380125	0.761318664858587	sample_2022120210026
HROV.vOTU72107	Responder_Status	Responder	0.709002754315355	0.483057786246304	0.153319471201869	0.761318664858587	sample_2022120210026
HROV.vOTU08173	Responder_Status	Responder	-0.519172144161659	0.353927474476644	0.153549209699264	0.761387250625653	sample_2022120210026
HROV.vOTU38811	Responder_Status	Responder	1.0740527460451	0.73236647310101	0.153640467700432	0.761387250625653	sample_2022120210026
HROV.vOTU64337	Responder_Status	Responder	-0.722461072449315	0.492590289361068	0.153611750299943	0.761387250625653	sample_2022120210026
HROV.vOTU12864	Responder_Status	Responder	1.37452413255279	0.94033380167462	0.15494565644141	0.761639804124747	sample_2022120210026
HROV.vOTU55642	Responder_Status	Responder	-1.54425418534171	1.05468063661604	0.154279616817678	0.761639804124747	sample_2022120210026
HROV.vOTU28078	Responder_Status	Responder	-0.663168268691942	0.452899642840775	0.154257714350627	0.761639804124747	sample_2022120210026
HROV.vOTU25638	Responder_Status	Responder	0.795462757215475	0.543312486215476	0.154304908733036	0.761639804124747	sample_2022120210026
HROV.vOTU32214	Responder_Status	Responder	1.50932172460195	1.02988217265282	0.153917137655155	0.761639804124747	sample_2022120210026
HROV.vOTU01204	Responder_Status	Responder	-1.14139958051286	0.780979699278645	0.155011966572788	0.761639804124747	sample_2022120210026
HROV.vOTU37931	Responder_Status	Responder	1.01521097784481	0.694596765660239	0.154988518659343	0.761639804124747	sample_2022120210026
HROV.vOTU08281	Responder_Status	Responder	1.54809410566585	1.05980511278148	0.155219718111413	0.761677949176359	sample_2022120210026
HROV.vOTU72034	Responder_Status	Responder	-1.65435201313405	1.13512619356808	0.156126404876577	0.762623093500228	sample_2022120210026
HROV.vOTU06438	Responder_Status	Responder	1.3059357385034	0.897931071671117	0.156959154237235	0.762915637288581	sample_2022120210026
HROV.vOTU08930	Responder_Status	Responder	-1.11918527704696	0.769764664194171	0.157083341277259	0.762915637288581	sample_2022120210026
HROV.vOTU45542	Responder_Status	Responder	-1.61698456897617	1.11109118323468	0.156703731013725	0.762915637288581	sample_2022120210026
HROV.vOTU04446	Responder_Status	Responder	-0.633632295521874	0.43507174022606	0.156409023053247	0.762915637288581	sample_2022120210026
HROV.vOTU49004	Responder_Status	Responder	1.35102560186404	0.929126787789987	0.157042263381262	0.762915637288581	sample_2022120210026
HROV.vOTU03830	Responder_Status	Responder	0.683860559435694	0.470380182264741	0.157106817909324	0.762915637288581	sample_2022120210026
HROV.vOTU15752	Responder_Status	Responder	-0.625313800766633	0.429536581929127	0.15657332275781	0.762915637288581	sample_2022120210026
HROV.vOTU25966	Responder_Status	Responder	0.847628877767111	0.584526960867364	0.158137867286038	0.765062591259541	sample_2022120210026
HROV.vOTU26953	Responder_Status	Responder	-1.23428657078767	0.851452589094637	0.158272481868395	0.765163074502617	sample_2022120210026
HROV.vOTU61708	Responder_Status	Responder	-1.50874644210166	1.04132802515904	0.158482199651101	0.765302686236991	sample_2022120210026
HROV.vOTU04874	Responder_Status	Responder	-0.55165176074705	0.380854437115395	0.15859570149768	0.765494488503574	sample_2022120210026
HROV.vOTU22053	Responder_Status	Responder	-0.629793094607079	0.434908294226648	0.158693571888227	0.765788748065284	sample_2022120210026
HROV.vOTU00652	Responder_Status	Responder	1.14187404167247	0.789059721753814	0.158963739811402	0.766735844046163	sample_2022120210026
HROV.vOTU75697	Responder_Status	Responder	-1.18596261277413	0.820393103290469	0.159389275354291	0.767289121977691	sample_2022120210026
HROV.vOTU46268	Responder_Status	Responder	-1.04740713841197	0.724243412681852	0.159220630384561	0.767289121977691	sample_2022120210026
HROV.vOTU08185	Responder_Status	Responder	-0.573493282273134	0.396594276871059	0.159266110379344	0.767289121977691	sample_2022120210026
HROV.vOTU41365	Responder_Status	Responder	-1.14113679751169	0.789919896239808	0.159662201457683	0.767440793402385	sample_2022120210026
HROV.vOTU37296	Responder_Status	Responder	1.49642832225607	1.03603678350397	0.159730766268873	0.767440793402385	sample_2022120210026
HROV.vOTU01872	Responder_Status	Responder	-1.46534806459723	1.01425561121543	0.1596262888531	0.767440793402385	sample_2022120210026
HROV.vOTU55745	Responder_Status	Responder	-1.10864693461645	0.770717000918596	0.161387781867207	0.76948025509116	sample_2022120210026
HROV.vOTU74488	Responder_Status	Responder	-1.69711841852301	1.17985227815623	0.161400646951639	0.76948025509116	sample_2022120210026
HROV.vOTU67214	Responder_Status	Responder	-1.98289664519707	1.37731776915214	0.161045481944004	0.76948025509116	sample_2022120210026
HROV.vOTU52372	Responder_Status	Responder	1.53879322765606	1.0701224358719	0.16152895957878	0.76948025509116	sample_2022120210026
HROV.vOTU09021	Responder_Status	Responder	1.30060247721526	0.904724384784583	0.16163941664946	0.76948025509116	sample_2022120210026
HROV.vOTU47628	Responder_Status	Responder	-0.980110080812699	0.681019044829821	0.161185426998148	0.76948025509116	sample_2022120210026
HROV.vOTU10515	Responder_Status	Responder	-1.90004810999131	1.320058994344	0.161133607658864	0.76948025509116	sample_2022120210026
HROV.vOTU28535	Responder_Status	Responder	-0.897625843563026	0.624365460596761	0.161613134562069	0.76948025509116	sample_2022120210026
HROV.vOTU34493	Responder_Status	Responder	-0.832774892198024	0.579241150567402	0.161602194327284	0.76948025509116	sample_2022120210026
HROV.vOTU49836	Responder_Status	Responder	-1.00137255424326	0.695396504212702	0.16095497188975	0.76948025509116	sample_2022120210026
HROV.vOTU34588	Responder_Status	Responder	1.38194461543033	0.962466898905719	0.162127626648272	0.770415027401874	sample_2022120210026
HROV.vOTU11599	Responder_Status	Responder	-1.48341397293765	1.03698655123351	0.163638132091164	0.771494887629051	sample_2022120210026
HROV.vOTU10459	Responder_Status	Responder	-0.974682866513396	0.681131582809103	0.163504143877906	0.771494887629051	sample_2022120210026
HROV.vOTU10339	Responder_Status	Responder	-1.01135027015473	0.708441331454882	0.164474031860089	0.771494887629051	sample_2022120210026
HROV.vOTU37802	Responder_Status	Responder	-2.04269448722973	1.43003029982726	0.164229641609393	0.771494887629051	sample_2022120210026
HROV.vOTU04657	Responder_Status	Responder	0.923322551063492	0.645237318513259	0.163502597540162	0.771494887629051	sample_2022120210026
HROV.vOTU67940	Responder_Status	Responder	-0.665039844232778	0.464028705191722	0.162876785736	0.771494887629051	sample_2022120210026
HROV.vOTU29144	Responder_Status	Responder	2.34831274756184	1.64009895859978	0.163266780380242	0.771494887629051	sample_2022120210026
HROV.vOTU51101	Responder_Status	Responder	-2.52166536435441	1.7587573624085	0.162709739356843	0.771494887629051	sample_2022120210026
HROV.vOTU23600	Responder_Status	Responder	-1.18688497917587	0.828813913989811	0.163205285009755	0.771494887629051	sample_2022120210026
HROV.vOTU29016	Responder_Status	Responder	-0.826206683758496	0.578566096011513	0.164344516796649	0.771494887629051	sample_2022120210026
HROV.vOTU15928	Responder_Status	Responder	-0.70725190701867	0.494209490373429	0.163475368284368	0.771494887629051	sample_2022120210026
HROV.vOTU46469	Responder_Status	Responder	-0.694986445667148	0.486038022932302	0.163809718594135	0.771494887629051	sample_2022120210026
HROV.vOTU42025	Responder_Status	Responder	1.46624489506429	1.02423852781127	0.163342100324849	0.771494887629051	sample_2022120210026
HROV.vOTU23303	Responder_Status	Responder	0.846043912664187	0.592532766908806	0.16439630162461	0.771494887629051	sample_2022120210026
HROV.vOTU49493	Responder_Status	Responder	-0.514183037667582	0.360267065232823	0.164572138480699	0.771494887629051	sample_2022120210026
HROV.vOTU29574	Responder_Status	Responder	-0.520696991058412	0.363671233176755	0.163275917812984	0.771494887629051	sample_2022120210026
HROV.vOTU24697	Responder_Status	Responder	0.731784093575483	0.512954766433994	0.164749869600727	0.77155343650947	sample_2022120210026
HROV.vOTU01295	Responder_Status	Responder	-1.67621683923215	1.17558382201669	0.16496338758502	0.772161130699113	sample_2022120210026
HROV.vOTU62203	Responder_Status	Responder	-1.30445889205207	0.915298243345197	0.165159652613867	0.772556986415179	sample_2022120210026
HROV.vOTU17187	Responder_Status	Responder	-1.66914495836573	1.17256325302155	0.165639342310083	0.772814786640999	sample_2022120210026
HROV.vOTU02423	Responder_Status	Responder	1.43707209991327	1.01143931500796	0.166410850974142	0.772814786640999	sample_2022120210026
HROV.vOTU37143	Responder_Status	Responder	1.85920458258853	1.30810477225105	0.166273295179218	0.772814786640999	sample_2022120210026
HROV.vOTU46022	Responder_Status	Responder	1.6216866870915	1.14109092288782	0.166309064925076	0.772814786640999	sample_2022120210026
HROV.vOTU21204	Responder_Status	Responder	-1.14451115476076	0.805536033880173	0.166414310730705	0.772814786640999	sample_2022120210026
HROV.vOTU72129	Responder_Status	Responder	0.806501522926408	0.568644119713874	0.167141280814768	0.773284632532092	sample_2022120210026
HROV.vOTU45183	Responder_Status	Responder	-1.28148289058301	0.904587939419311	0.167616212561919	0.773756709824209	sample_2022120210026
HROV.vOTU22134	Responder_Status	Responder	-1.48978169880045	1.05127166198544	0.167478525280335	0.773756709824209	sample_2022120210026
HROV.vOTU70050	Responder_Status	Responder	-0.566200424367791	0.399838444724173	0.167782996747193	0.773757066628129	sample_2022120210026
HROV.vOTU01674	Responder_Status	Responder	1.39542179922081	0.986638824101656	0.168292446065526	0.774509043882527	sample_2022120210026
HROV.vOTU56218	Responder_Status	Responder	-1.4735586992423	1.0443268555634	0.16925582126061	0.775833456768575	sample_2022120210026
HROV.vOTU67194	Responder_Status	Responder	-0.538585908370845	0.38180737694886	0.169370016178974	0.775903270458119	sample_2022120210026
HROV.vOTU72000	Responder_Status	Responder	-0.539893406933496	0.383007237250609	0.169664008066645	0.775903270458119	sample_2022120210026
HROV.vOTU47690	Responder_Status	Responder	-0.959825179364829	0.680757782584546	0.169570480017995	0.775903270458119	sample_2022120210026
HROV.vOTU13532	Responder_Status	Responder	0.866740024668487	0.615461834090956	0.170056755547174	0.775903270458119	sample_2022120210026
HROV.vOTU18875	Responder_Status	Responder	1.35103118241813	0.960223742946354	0.170432220251415	0.7760519135872	sample_2022120210026
HROV.vOTU10604	Responder_Status	Responder	-0.719149950540406	0.511189090059409	0.170484603789006	0.776120124752496	sample_2022120210026
HROV.vOTU23300	Responder_Status	Responder	1.78110650720065	1.26692127029738	0.170767888346877	0.776642306648432	sample_2022120210026
HROV.vOTU04018	Responder_Status	Responder	-0.739580815388339	0.526094264711986	0.170785211009485	0.776642306648432	sample_2022120210026
HROV.vOTU09281	Responder_Status	Responder	2.21091491714216	1.57333462023672	0.170948195588935	0.776867073690408	sample_2022120210026
HROV.vOTU07046	Responder_Status	Responder	0.720880239601811	0.513053670163291	0.170996403838022	0.776916001672641	sample_2022120210026
HROV.vOTU32957	Responder_Status	Responder	1.15887995475311	0.825192825326596	0.17120347015472	0.776999348782837	sample_2022120210026
HROV.vOTU60746	Responder_Status	Responder	-0.947151398446258	0.674552671343727	0.171279215202364	0.777009994632497	sample_2022120210026
HROV.vOTU04464	Responder_Status	Responder	-1.27240246718321	0.907313218643318	0.171790686034616	0.778139431394518	sample_2022120210026
HROV.vOTU21634	Responder_Status	Responder	-1.17515324046228	0.839277720053618	0.172438580576208	0.778863854365762	sample_2022120210026
HROV.vOTU74217	Responder_Status	Responder	0.653348872183762	0.466459820632683	0.172302809443667	0.778863854365762	sample_2022120210026
HROV.vOTU55519	Responder_Status	Responder	-0.987400643663624	0.704800375885526	0.172210748102075	0.778863854365762	sample_2022120210026
HROV.vOTU20950	Responder_Status	Responder	-0.885720533247306	0.632727835459978	0.172542789980281	0.778995407330466	sample_2022120210026
HROV.vOTU31601	Responder_Status	Responder	0.571107587611447	0.408143714887385	0.172710049338168	0.779241905580994	sample_2022120210026
HROV.vOTU30149	Responder_Status	Responder	-1.60828584092319	1.14990273819413	0.172903895949504	0.779438592429331	sample_2022120210026
HROV.vOTU31606	Responder_Status	Responder	0.8330389029171	0.595774416550162	0.173017453548965	0.779442501333265	sample_2022120210026
HROV.vOTU60614	Responder_Status	Responder	-0.752950365500854	0.538801141906575	0.173252500244451	0.77989982351083	sample_2022120210026
HROV.vOTU40350	Responder_Status	Responder	1.55388588366071	1.11182410540117	0.173209237359773	0.77989982351083	sample_2022120210026
HROV.vOTU57885	Responder_Status	Responder	-1.87119037961456	1.33930902237755	0.173348871673345	0.779919576587578	sample_2022120210026
HROV.vOTU39835	Responder_Status	Responder	0.663610386135761	0.475417802743092	0.173731498498153	0.780794583893584	sample_2022120210026
HROV.vOTU35661	Responder_Status	Responder	-1.72853476399457	1.23868280071825	0.173846240833053	0.780846573722339	sample_2022120210026
HROV.vOTU12871	Responder_Status	Responder	-0.808844607526736	0.579638499005755	0.173855960028781	0.780846573722339	sample_2022120210026
HROV.vOTU06938	Responder_Status	Responder	1.12221296783252	0.80536711945686	0.174456849318467	0.782364767881141	sample_2022120210026
HROV.vOTU14813	Responder_Status	Responder	-1.023588214884	0.734589982193242	0.174457917155954	0.782364767881141	sample_2022120210026
HROV.vOTU28745	Responder_Status	Responder	1.20512616710561	0.868018851783798	0.175973787834601	0.784238603723806	sample_2022120210026
HROV.vOTU17285	Responder_Status	Responder	1.71839595429968	1.23819437705516	0.17613647732189	0.784269221558081	sample_2022120210026
HROV.vOTU35627	Responder_Status	Responder	1.60589983514175	1.15722127515728	0.17616765502083	0.784269221558081	sample_2022120210026
HROV.vOTU11570	Responder_Status	Responder	-1.12296689761023	0.809488349036677	0.176308005546155	0.78439051321843	sample_2022120210026
HROV.vOTU07151	Responder_Status	Responder	1.28558327326302	0.927432294592997	0.176634111323204	0.784494394254384	sample_2022120210026
HROV.vOTU48679	Responder_Status	Responder	1.23692134481504	0.892774488206195	0.176844033419783	0.784587062959266	sample_2022120210026
HROV.vOTU15439	Responder_Status	Responder	-1.25438195652294	0.905282025007769	0.176800063289711	0.784587062959266	sample_2022120210026
HROV.vOTU33361	Responder_Status	Responder	1.46509855425818	1.05742369053866	0.17682716274373	0.784587062959266	sample_2022120210026
HROV.vOTU50165	Responder_Status	Responder	0.791015581107084	0.570800151198668	0.176746965639935	0.784587062959266	sample_2022120210026
HROV.vOTU15270	Responder_Status	Responder	-0.45940319758389	0.33174115339826	0.177042431068706	0.78496377022984	sample_2022120210026
HROV.vOTU15782	Responder_Status	Responder	-0.846424622221477	0.61155210639699	0.17727391730854	0.785654254939927	sample_2022120210026
HROV.vOTU71692	Responder_Status	Responder	0.901893818230833	0.651805574128746	0.177387346631492	0.785654254939927	sample_2022120210026
HROV.vOTU68101	Responder_Status	Responder	-1.18933474389215	0.859821487293691	0.177524027478441	0.785755881010589	sample_2022120210026
HROV.vOTU46976	Responder_Status	Responder	0.583580378984366	0.421864984282662	0.177493709007033	0.785755881010589	sample_2022120210026
HROV.vOTU47351	Responder_Status	Responder	0.852597984433205	0.616283997072564	0.177458738901319	0.785755881010589	sample_2022120210026
HROV.vOTU74035	Responder_Status	Responder	-1.18118989686539	0.85410889527412	0.177610320725489	0.785798229155834	sample_2022120210026
HROV.vOTU15477	Responder_Status	Responder	-0.681920565436155	0.493795522548649	0.178209483058458	0.786780748674297	sample_2022120210026
HROV.vOTU52417	Responder_Status	Responder	-0.784434677804209	0.568033396915471	0.178213087317548	0.786780748674297	sample_2022120210026
HROV.vOTU09691	Responder_Status	Responder	-1.62943877127574	1.1799014906663	0.178204012879957	0.786780748674297	sample_2022120210026
HROV.vOTU46573	Responder_Status	Responder	-0.982549096548005	0.711692554994874	0.178330210532292	0.786806691164161	sample_2022120210026
HROV.vOTU00515	Responder_Status	Responder	1.44715002614915	1.04914240872928	0.178700621005963	0.786982631076303	sample_2022120210026
HROV.vOTU64807	Responder_Status	Responder	1.14121767374877	0.82770152855734	0.17887917011216	0.786982631076303	sample_2022120210026
HROV.vOTU75719	Responder_Status	Responder	1.26063007103675	0.914536176808508	0.178983743025928	0.786982631076303	sample_2022120210026
HROV.vOTU37747	Responder_Status	Responder	1.19939457468566	0.870200641479841	0.179026458335716	0.786982631076303	sample_2022120210026
HROV.vOTU03367	Responder_Status	Responder	0.449835876305576	0.326469399274661	0.179153459573332	0.787258425698144	sample_2022120210026
HROV.vOTU66788	Responder_Status	Responder	1.36577255248672	0.991888942474517	0.179440654763887	0.787400536702818	sample_2022120210026
HROV.vOTU30007	Responder_Status	Responder	0.914691475241803	0.664263252306723	0.179422162198383	0.787400536702818	sample_2022120210026
HROV.vOTU31463	Responder_Status	Responder	-0.808269490094321	0.58720108415321	0.1795822347148	0.787704934581094	sample_2022120210026
HROV.vOTU22193	Responder_Status	Responder	-0.771945689593171	0.560965112233753	0.179697125033202	0.787812242645031	sample_2022120210026
HROV.vOTU46624	Responder_Status	Responder	1.14730341553311	0.834482791585313	0.180075606413978	0.788891111800973	sample_2022120210026
HROV.vOTU45964	Responder_Status	Responder	-0.858440302206783	0.624600512625634	0.180224302524245	0.789123080265476	sample_2022120210026
HROV.vOTU09133	Responder_Status	Responder	1.25558765761516	0.913995160159079	0.180423054972344	0.789241708732101	sample_2022120210026
HROV.vOTU32413	Responder_Status	Responder	1.66511422536667	1.21229665521078	0.180489139364067	0.789241708732101	sample_2022120210026
HROV.vOTU04196	Responder_Status	Responder	-0.610096949604146	0.444965198170838	0.181230373771917	0.790665988395524	sample_2022120210026
HROV.vOTU36919	Responder_Status	Responder	-1.60764756681925	1.17253683608828	0.181238602208195	0.790665988395524	sample_2022120210026
HROV.vOTU36564	Responder_Status	Responder	1.09027349317982	0.796683873153913	0.182032190705394	0.79119563408817	sample_2022120210026
HROV.vOTU14206	Responder_Status	Responder	0.511078481881861	0.373322024416882	0.18188158702947	0.79119563408817	sample_2022120210026
HROV.vOTU21661	Responder_Status	Responder	1.50259665399814	1.09854681773219	0.182252080868786	0.791547935742082	sample_2022120210026
HROV.vOTU46802	Responder_Status	Responder	0.818564910044156	0.598365322775736	0.182190797473415	0.791547935742082	sample_2022120210026
HROV.vOTU67952	Responder_Status	Responder	-0.990007316352486	0.724624467515908	0.182738275265722	0.792426082484264	sample_2022120210026
HROV.vOTU47874	Responder_Status	Responder	1.71438546959895	1.25543633121852	0.182944839858855	0.792426082484264	sample_2022120210026
HROV.vOTU18294	Responder_Status	Responder	-0.355174675300789	0.259960860500983	0.182729866696908	0.792426082484264	sample_2022120210026
HROV.vOTU09933	Responder_Status	Responder	-1.9427563356204	1.42532989617902	0.183737049081456	0.792704206969209	sample_2022120210026
HROV.vOTU66623	Responder_Status	Responder	0.741998950578544	0.544297813014155	0.183674709003096	0.792704206969209	sample_2022120210026
HROV.vOTU67959	Responder_Status	Responder	-0.55088620938071	0.403905719214518	0.183464367277616	0.792704206969209	sample_2022120210026
HROV.vOTU74691	Responder_Status	Responder	-1.45548033851	1.06774494884841	0.183701970345343	0.792704206969209	sample_2022120210026
HROV.vOTU18362	Responder_Status	Responder	-1.6903128877894	1.240362133915	0.183819515418435	0.792819568682712	sample_2022120210026
HROV.vOTU05778	Responder_Status	Responder	-0.494346768318527	0.362826309782734	0.183903304630353	0.793016120340777	sample_2022120210026
HROV.vOTU03337	Responder_Status	Responder	1.22167084196035	0.897427010235391	0.18427299921309	0.793059373188563	sample_2022120210026
HROV.vOTU19280	Responder_Status	Responder	-1.75768260921527	1.29169489344677	0.184443874896547	0.793227714511829	sample_2022120210026
HROV.vOTU68141	Responder_Status	Responder	-0.797618952061591	0.586190203201571	0.184466985510571	0.793227714511829	sample_2022120210026
HROV.vOTU63664	Responder_Status	Responder	1.2783476830309	0.939788684648328	0.184602247391693	0.793227714511829	sample_2022120210026
HROV.vOTU60404	Responder_Status	Responder	-0.729261150791885	0.537253169038477	0.185498792540799	0.794058620389935	sample_2022120210026
HROV.vOTU69794	Responder_Status	Responder	-1.04323086027018	0.769630575205219	0.186093578164005	0.794058620389935	sample_2022120210026
HROV.vOTU16410	Responder_Status	Responder	-1.44650712870281	1.06721799332704	0.186123702482863	0.794058620389935	sample_2022120210026
HROV.vOTU05518	Responder_Status	Responder	0.912454284190914	0.672986906074451	0.185989108920286	0.794058620389935	sample_2022120210026
HROV.vOTU65186	Responder_Status	Responder	1.342992498112	0.990549193726469	0.185995945031571	0.794058620389935	sample_2022120210026
HROV.vOTU39549	Responder_Status	Responder	1.70671893223719	1.25721881251642	0.185452646416796	0.794058620389935	sample_2022120210026
HROV.vOTU24816	Responder_Status	Responder	0.801893952980578	0.589983037909013	0.184936666566283	0.794058620389935	sample_2022120210026
HROV.vOTU07207	Responder_Status	Responder	-1.93642498563525	1.42916677188094	0.186270718478578	0.794318476681695	sample_2022120210026
HROV.vOTU44351	Responder_Status	Responder	-0.953471255640161	0.703896040587678	0.186387325401829	0.794318476681695	sample_2022120210026
HROV.vOTU07878	Responder_Status	Responder	1.07738410991877	0.79538741353687	0.186394430521547	0.794318476681695	sample_2022120210026
HROV.vOTU51501	Responder_Status	Responder	-0.731036589730727	0.540506920697445	0.187037432160605	0.794888465874736	sample_2022120210026
HROV.vOTU55299	Responder_Status	Responder	-1.33450501561616	0.987530303693505	0.187399653037582	0.795126703105118	sample_2022120210026
HROV.vOTU21746	Responder_Status	Responder	1.22928510577671	0.909651722129027	0.187392078362508	0.795126703105118	sample_2022120210026
HROV.vOTU37850	Responder_Status	Responder	-1.64189338826043	1.21544052425391	0.187555741377983	0.795126703105118	sample_2022120210026
HROV.vOTU13650	Responder_Status	Responder	0.917750842476151	0.679359417672277	0.187542005298375	0.795126703105118	sample_2022120210026
HROV.vOTU03632	Responder_Status	Responder	-2.08681696652238	1.54534933595652	0.187706964348254	0.795206106620309	sample_2022120210026
HROV.vOTU46389	Responder_Status	Responder	-1.3662931527992	1.01203226516442	0.18781350421635	0.795332696426378	sample_2022120210026
HROV.vOTU59570	Responder_Status	Responder	-1.17091507271591	0.869171231721826	0.188729938337998	0.795828447427056	sample_2022120210026
HROV.vOTU01395	Responder_Status	Responder	-0.739348866541992	0.54899778527593	0.188869321962225	0.795828447427056	sample_2022120210026
HROV.vOTU20977	Responder_Status	Responder	1.96034005294021	1.45802862051036	0.189573957071485	0.796139193821701	sample_2022120210026
HROV.vOTU21405	Responder_Status	Responder	0.691911932794591	0.515234879690362	0.190087884436282	0.796511228201302	sample_2022120210026
HROV.vOTU45737	Responder_Status	Responder	1.52425407262982	1.13474910339909	0.189977158893734	0.796511228201302	sample_2022120210026
HROV.vOTU02979	Responder_Status	Responder	-1.06152831940762	0.79016934933078	0.189923866883386	0.796511228201302	sample_2022120210026
HROV.vOTU74065	Responder_Status	Responder	0.993344159305212	0.73943958132019	0.18993806414147	0.796511228201302	sample_2022120210026
HROV.vOTU01645	Responder_Status	Responder	1.33593196815549	0.995095461515883	0.190212499416623	0.796551488920467	sample_2022120210026
HROV.vOTU43885	Responder_Status	Responder	1.45815764710398	1.08783301826461	0.190883044167448	0.797395727256723	sample_2022120210026
HROV.vOTU41394	Responder_Status	Responder	-0.797258542192476	0.595274667858598	0.191240203860129	0.797960543310694	sample_2022120210026
HROV.vOTU57852	Responder_Status	Responder	1.5099267918192	1.1281217011714	0.191519617017326	0.798479415935203	sample_2022120210026
HROV.vOTU23522	Responder_Status	Responder	0.791559084710835	0.591489901951918	0.191583019365596	0.798583296873466	sample_2022120210026
HROV.vOTU27969	Responder_Status	Responder	-1.81226419890027	1.3582017446898	0.192852602217234	0.798805041858679	sample_2022120210026
HROV.vOTU70738	Responder_Status	Responder	-0.961901725227778	0.721698601533338	0.19333223640852	0.798805041858679	sample_2022120210026
HROV.vOTU27744	Responder_Status	Responder	-1.34467377141195	1.0085922302067	0.193206444813716	0.798805041858679	sample_2022120210026
HROV.vOTU46353	Responder_Status	Responder	-1.18495479880289	0.886076189215827	0.191885858749829	0.798805041858679	sample_2022120210026
HROV.vOTU11438	Responder_Status	Responder	1.30708932412506	0.978841848919736	0.192519235542852	0.798805041858679	sample_2022120210026
HROV.vOTU55832	Responder_Status	Responder	-1.11400063705767	0.8357545093768	0.193300535536184	0.798805041858679	sample_2022120210026
HROV.vOTU35974	Responder_Status	Responder	-1.29955974492372	0.975515934327599	0.193544102356395	0.798805041858679	sample_2022120210026
HROV.vOTU69975	Responder_Status	Responder	-1.40942614440225	1.05675014497012	0.193038707353295	0.798805041858679	sample_2022120210026
HROV.vOTU09659	Responder_Status	Responder	1.18222973003438	0.886212076246521	0.192945055358682	0.798805041858679	sample_2022120210026
HROV.vOTU45865	Responder_Status	Responder	1.06446275642335	0.799043732725291	0.193546053792081	0.798805041858679	sample_2022120210026
HROV.vOTU29721	Responder_Status	Responder	1.15849009176258	0.869650149696387	0.193558167439093	0.798805041858679	sample_2022120210026
HROV.vOTU48140	Responder_Status	Responder	0.807837554974608	0.605447217047617	0.19286201985152	0.798805041858679	sample_2022120210026
HROV.vOTU34090	Responder_Status	Responder	-0.969622257236106	0.726065545639424	0.192485454832419	0.798805041858679	sample_2022120210026
HROV.vOTU20277	Responder_Status	Responder	-0.51980569611335	0.390368371156039	0.193738638003173	0.798857268779391	sample_2022120210026
HROV.vOTU28970	Responder_Status	Responder	-1.40058871229558	1.05247981544403	0.194007018183859	0.799214934944426	sample_2022120210026
HROV.vOTU75400	Responder_Status	Responder	-0.839057344337104	0.632286983019931	0.195222605832721	0.799800571841788	sample_2022120210026
HROV.vOTU28941	Responder_Status	Responder	1.86609445813617	1.40760514253417	0.195646462306563	0.799800571841788	sample_2022120210026
HROV.vOTU39986	Responder_Status	Responder	0.943811947526453	0.71081888833994	0.194974085069116	0.799800571841788	sample_2022120210026
HROV.vOTU64261	Responder_Status	Responder	1.23528864072406	0.931636608763426	0.195577443394056	0.799800571841788	sample_2022120210026
HROV.vOTU26654	Responder_Status	Responder	-0.618178517443121	0.466960942993079	0.196265299539463	0.800728463516291	sample_2022120210026
HROV.vOTU61540	Responder_Status	Responder	1.78016219571341	1.34847797958221	0.19748359635186	0.80125832250204	sample_2022120210026
HROV.vOTU03409	Responder_Status	Responder	1.34854508021456	1.02154719140482	0.197492289855917	0.80125832250204	sample_2022120210026
HROV.vOTU27485	Responder_Status	Responder	0.77855575812776	0.589094956139625	0.196994340875545	0.80125832250204	sample_2022120210026
HROV.vOTU61220	Responder_Status	Responder	0.65247391239746	0.493452995435517	0.196781274722324	0.80125832250204	sample_2022120210026
HROV.vOTU29703	Responder_Status	Responder	0.413991959597981	0.313134499153098	0.196837673483926	0.80125832250204	sample_2022120210026
HROV.vOTU13792	Responder_Status	Responder	0.299213130190181	0.226401027480404	0.196996505221304	0.80125832250204	sample_2022120210026
HROV.vOTU57557	Responder_Status	Responder	-1.55384976294057	1.17819668080779	0.197908874025332	0.801635699844477	sample_2022120210026
HROV.vOTU36179	Responder_Status	Responder	-0.248337693811446	0.18857617162943	0.19854600438974	0.802413521429199	sample_2022120210026
HROV.vOTU03335	Responder_Status	Responder	-0.725446006184991	0.552320282086819	0.19969245451137	0.803798078413017	sample_2022120210026
HROV.vOTU35828	Responder_Status	Responder	1.43985698779637	1.09700003476149	0.19999543160603	0.803798078413017	sample_2022120210026
HROV.vOTU68597	Responder_Status	Responder	1.63678702230815	1.24556980119911	0.199481430267023	0.803798078413017	sample_2022120210026
HROV.vOTU49611	Responder_Status	Responder	-1.01013099567849	0.769683116530539	0.200042672282156	0.803798078413017	sample_2022120210026
HROV.vOTU06489	Responder_Status	Responder	1.82579101305791	1.39228605394265	0.200387829379785	0.803798078413017	sample_2022120210026
HROV.vOTU64997	Responder_Status	Responder	0.954224720472945	0.727021179528634	0.200004598592398	0.803798078413017	sample_2022120210026
HROV.vOTU63699	Responder_Status	Responder	-0.79374113755911	0.603549340843753	0.199137905375921	0.803798078413017	sample_2022120210026
HROV.vOTU04553	Responder_Status	Responder	-1.39143213857685	1.06030888500195	0.200078983060801	0.803798078413017	sample_2022120210026
HROV.vOTU28412	Responder_Status	Responder	0.64020569423358	0.487433877378078	0.199702786447185	0.803798078413017	sample_2022120210026
HROV.vOTU27008	Responder_Status	Responder	0.707853801807043	0.539576618177045	0.200218967111836	0.803798078413017	sample_2022120210026
HROV.vOTU49084	Responder_Status	Responder	0.799141731095907	0.608676022169151	0.199869855392578	0.803798078413017	sample_2022120210026
HROV.vOTU41002	Responder_Status	Responder	-1.09748953095792	0.837041155273567	0.200457274002273	0.803853683100919	sample_2022120210026
HROV.vOTU46503	Responder_Status	Responder	0.452834634605751	0.345807323836701	0.201009055560962	0.804555226851305	sample_2022120210026
HROV.vOTU37690	Responder_Status	Responder	-0.500951671137417	0.382721190305235	0.201202576374374	0.80471799766065	sample_2022120210026
HROV.vOTU06975	Responder_Status	Responder	-0.500196185772408	0.382736311661992	0.201880517665447	0.805399448751355	sample_2022120210026
HROV.vOTU49292	Responder_Status	Responder	1.18168102043366	0.904391084831775	0.201978062415628	0.805399448751355	sample_2022120210026
HROV.vOTU61223	Responder_Status	Responder	1.19943438433379	0.919162602421953	0.202542954978865	0.805977406229486	sample_2022120210026
HROV.vOTU01894	Responder_Status	Responder	-0.99993260573128	0.768105595526178	0.203587906966494	0.806405659146555	sample_2022120210026
HROV.vOTU17790	Responder_Status	Responder	-1.43672008031415	1.10288818039104	0.203293881042565	0.806405659146555	sample_2022120210026
HROV.vOTU05768	Responder_Status	Responder	-1.06911460429263	0.820690227444797	0.20328951441626	0.806405659146555	sample_2022120210026
HROV.vOTU51937	Responder_Status	Responder	0.76529435279963	0.588035481549324	0.203714121722766	0.806405659146555	sample_2022120210026
HROV.vOTU26829	Responder_Status	Responder	0.765724744994331	0.588843961290547	0.204070697031188	0.806405659146555	sample_2022120210026
HROV.vOTU69010	Responder_Status	Responder	0.960778133926798	0.738447643308644	0.203837073851053	0.806405659146555	sample_2022120210026
HROV.vOTU65200	Responder_Status	Responder	0.599428798406494	0.460550997134985	0.203678830366312	0.806405659146555	sample_2022120210026
HROV.vOTU17592	Responder_Status	Responder	0.918593636891108	0.706028024090694	0.203839004298699	0.806405659146555	sample_2022120210026
HROV.vOTU35198	Responder_Status	Responder	-0.717652050061163	0.551305942606022	0.20361676802092	0.806405659146555	sample_2022120210026
HROV.vOTU41480	Responder_Status	Responder	-1.01144184090526	0.778751771157515	0.204607743687506	0.807634842272877	sample_2022120210026
HROV.vOTU49194	Responder_Status	Responder	-0.741453610357131	0.571428885956792	0.2050332326922	0.807770555385051	sample_2022120210026
HROV.vOTU72761	Responder_Status	Responder	1.26098106471251	0.972173322665657	0.205192251930091	0.807770555385051	sample_2022120210026
HROV.vOTU02501	Responder_Status	Responder	0.952735158235417	0.735133283864468	0.205555931099664	0.808256592803405	sample_2022120210026
HROV.vOTU04125	Responder_Status	Responder	0.980951055133821	0.757479746844267	0.205890415569069	0.808413206246105	sample_2022120210026
HROV.vOTU17948	Responder_Status	Responder	0.90212969476242	0.697043661413232	0.206161655033382	0.808821013791393	sample_2022120210026
HROV.vOTU17559	Responder_Status	Responder	0.861023098235201	0.666256275426443	0.206806912745848	0.810280118452697	sample_2022120210026
HROV.vOTU18880	Responder_Status	Responder	-0.380898003397165	0.294872407820197	0.207009017525599	0.810280118452697	sample_2022120210026
HROV.vOTU07258	Responder_Status	Responder	-1.04105511800372	0.806386667871241	0.207257170289742	0.810513811442171	sample_2022120210026
HROV.vOTU74179	Responder_Status	Responder	-0.992264387260205	0.768844533616092	0.207401026517414	0.810618063709992	sample_2022120210026
HROV.vOTU20596	Responder_Status	Responder	1.1235777645206	0.87186367625611	0.208046222594877	0.811458480985659	sample_2022120210026
HROV.vOTU60406	Responder_Status	Responder	-1.06270869807871	0.824606219872515	0.208032915131818	0.811458480985659	sample_2022120210026
HROV.vOTU11379	Responder_Status	Responder	-0.668025300554213	0.518680503575697	0.208312442264127	0.812142534527441	sample_2022120210026
HROV.vOTU00606	Responder_Status	Responder	1.4544162256473	1.13222869636771	0.209472296875609	0.812775971154757	sample_2022120210026
HROV.vOTU12134	Responder_Status	Responder	-0.317986477470817	0.247944843159054	0.210187398272713	0.812775971154757	sample_2022120210026
HROV.vOTU66841	Responder_Status	Responder	-0.96051905169145	0.748182260309971	0.209733347558172	0.812775971154757	sample_2022120210026
HROV.vOTU40887	Responder_Status	Responder	-0.603045750166356	0.470472548175946	0.210429942210269	0.812775971154757	sample_2022120210026
HROV.vOTU28293	Responder_Status	Responder	-1.35359805350528	1.06052275015882	0.212317346877238	0.812775971154757	sample_2022120210026
HROV.vOTU08935	Responder_Status	Responder	-1.03057124546578	0.807405384334193	0.21230030649246	0.812775971154757	sample_2022120210026
HROV.vOTU71437	Responder_Status	Responder	-1.36205971878451	1.0651710175409	0.21149168329795	0.812775971154757	sample_2022120210026
HROV.vOTU16592	Responder_Status	Responder	1.33338758030528	1.04734532491267	0.213447453921633	0.812775971154757	sample_2022120210026
HROV.vOTU11091	Responder_Status	Responder	1.30906391274154	1.02604881217386	0.212498446208124	0.812775971154757	sample_2022120210026
HROV.vOTU10338	Responder_Status	Responder	0.980743334055278	0.765441197177083	0.210606023694817	0.812775971154757	sample_2022120210026
HROV.vOTU31714	Responder_Status	Responder	0.942112885733874	0.73604591395556	0.211061117845217	0.812775971154757	sample_2022120210026
HROV.vOTU07569	Responder_Status	Responder	1.75085884236181	1.36499936958985	0.210120945664521	0.812775971154757	sample_2022120210026
HROV.vOTU11679	Responder_Status	Responder	0.553574901306268	0.433405020644464	0.211997314605955	0.812775971154757	sample_2022120210026
HROV.vOTU46996	Responder_Status	Responder	1.38660406056849	1.08124186356651	0.210211849683873	0.812775971154757	sample_2022120210026
HROV.vOTU10151	Responder_Status	Responder	1.34383788150372	1.04513659551263	0.209044918210175	0.812775971154757	sample_2022120210026
HROV.vOTU31698	Responder_Status	Responder	0.974399789062158	0.760071066445513	0.210361532116773	0.812775971154757	sample_2022120210026
HROV.vOTU61537	Responder_Status	Responder	0.849544617076114	0.660799049949769	0.209103048180853	0.812775971154757	sample_2022120210026
HROV.vOTU73104	Responder_Status	Responder	-0.65941676559798	0.515935410309066	0.211708639887127	0.812775971154757	sample_2022120210026
HROV.vOTU74846	Responder_Status	Responder	-0.471967274854501	0.36798533046384	0.210159015784277	0.812775971154757	sample_2022120210026
HROV.vOTU54379	Responder_Status	Responder	-0.464613833265992	0.362805651404967	0.210836285659467	0.812775971154757	sample_2022120210026
HROV.vOTU20653	Responder_Status	Responder	-1.0344600565076	0.811114819513688	0.212663753008981	0.812775971154757	sample_2022120210026
HROV.vOTU46324	Responder_Status	Responder	-0.808068297254244	0.632215923380876	0.211690241084797	0.812775971154757	sample_2022120210026
HROV.vOTU63604	Responder_Status	Responder	-0.367194540446177	0.286209904285957	0.210026169121635	0.812775971154757	sample_2022120210026
HROV.vOTU16562	Responder_Status	Responder	-1.00034754094205	0.782054146991023	0.211351335838298	0.812775971154757	sample_2022120210026
HROV.vOTU07118	Responder_Status	Responder	-0.97844165372344	0.767154518031697	0.212642558934503	0.812775971154757	sample_2022120210026
HROV.vOTU63450	Responder_Status	Responder	-0.410104692700467	0.32214854439284	0.213476098447876	0.812775971154757	sample_2022120210026
HROV.vOTU17808	Responder_Status	Responder	0.583825068751759	0.456027580443503	0.210965485770443	0.812775971154757	sample_2022120210026
HROV.vOTU05001	Responder_Status	Responder	0.480053658734748	0.37638475623829	0.212636750443024	0.812775971154757	sample_2022120210026
HROV.vOTU54200	Responder_Status	Responder	-1.14518468638066	0.899746617118978	0.213561455030454	0.812951787173347	sample_2022120210026
HROV.vOTU74913	Responder_Status	Responder	0.978735845694503	0.769541576866696	0.213891570915942	0.813116289113545	sample_2022120210026
HROV.vOTU43612	Responder_Status	Responder	0.910824472183556	0.716902664690294	0.214362434232945	0.813116289113545	sample_2022120210026
HROV.vOTU04541	Responder_Status	Responder	-0.711343211684018	0.560147610470973	0.214565468064598	0.813289822605043	sample_2022120210026
HROV.vOTU14202	Responder_Status	Responder	1.25730935191481	0.991777819139387	0.215334748607169	0.813577429396767	sample_2022120210026
HROV.vOTU29071	Responder_Status	Responder	1.40218316409432	1.1049860400604	0.214903045060577	0.813577429396767	sample_2022120210026
HROV.vOTU57502	Responder_Status	Responder	-0.948432525713528	0.748328147092489	0.215451289648118	0.813577429396767	sample_2022120210026
HROV.vOTU37128	Responder_Status	Responder	-0.464923366023351	0.366801773027338	0.215414712173186	0.813577429396767	sample_2022120210026
HROV.vOTU43750	Responder_Status	Responder	1.02836945012682	0.813578124119261	0.216649044876643	0.81397097961084	sample_2022120210026
HROV.vOTU55149	Responder_Status	Responder	-0.657184532209927	0.52039544912569	0.217056847437346	0.81397097961084	sample_2022120210026
HROV.vOTU35480	Responder_Status	Responder	-0.760282275744461	0.601071816388716	0.216341734346258	0.81397097961084	sample_2022120210026
HROV.vOTU01617	Responder_Status	Responder	-1.26528598995014	1.00004286623861	0.216216638855489	0.81397097961084	sample_2022120210026
HROV.vOTU65027	Responder_Status	Responder	1.54787309707799	1.22526315906819	0.216900179004678	0.81397097961084	sample_2022120210026
HROV.vOTU15369	Responder_Status	Responder	0.671329630110686	0.53189634371108	0.217309248889937	0.814265661510675	sample_2022120210026
HROV.vOTU70414	Responder_Status	Responder	0.713695255060146	0.565744790073195	0.217532393159289	0.814437384414046	sample_2022120210026
HROV.vOTU46010	Responder_Status	Responder	1.10475601113758	0.876304066489151	0.217821713798964	0.81445000243709	sample_2022120210026
HROV.vOTU42481	Responder_Status	Responder	0.930386985510102	0.739163121306808	0.218531500789948	0.814831205676385	sample_2022120210026
HROV.vOTU10057	Responder_Status	Responder	1.47764555735827	1.17451422774017	0.21874959771603	0.814897927075047	sample_2022120210026
HROV.vOTU13070	Responder_Status	Responder	-1.18339340874597	0.940889777346604	0.218875102772787	0.814939598517015	sample_2022120210026
HROV.vOTU47122	Responder_Status	Responder	-0.763076071377412	0.606682440585944	0.218858572719143	0.814939598517015	sample_2022120210026
HROV.vOTU08443	Responder_Status	Responder	0.877132121858155	0.697488466594077	0.218939528463477	0.815033228492491	sample_2022120210026
HROV.vOTU36422	Responder_Status	Responder	-1.098951011008	0.875577559257926	0.219811557702383	0.815236602872673	sample_2022120210026
HROV.vOTU17661	Responder_Status	Responder	-1.07854402455551	0.863103204102736	0.221786253824327	0.815236602872673	sample_2022120210026
HROV.vOTU08682	Responder_Status	Responder	-1.67597033333464	1.34294752990772	0.222374693616662	0.815236602872673	sample_2022120210026
HROV.vOTU10330	Responder_Status	Responder	-1.72339167034205	1.3772461000535	0.221167765529139	0.815236602872673	sample_2022120210026
HROV.vOTU19575	Responder_Status	Responder	1.22443371375039	0.974967156243569	0.219541276722676	0.815236602872673	sample_2022120210026
HROV.vOTU51259	Responder_Status	Responder	1.31793686682512	1.05444564897073	0.221687583160387	0.815236602872673	sample_2022120210026
HROV.vOTU05156	Responder_Status	Responder	1.09568116051013	0.876184475071189	0.221461578775562	0.815236602872673	sample_2022120210026
HROV.vOTU59995	Responder_Status	Responder	1.5470507617168	1.23417461723644	0.220386089395817	0.815236602872673	sample_2022120210026
HROV.vOTU20502	Responder_Status	Responder	1.48200372576256	1.17977075558255	0.219431389095238	0.815236602872673	sample_2022120210026
HROV.vOTU35657	Responder_Status	Responder	-1.22450127030734	0.980000628582335	0.221830033384422	0.815236602872673	sample_2022120210026
HROV.vOTU23360	Responder_Status	Responder	0.462223764959046	0.368742413324557	0.220384824387981	0.815236602872673	sample_2022120210026
HROV.vOTU05033	Responder_Status	Responder	1.20596127978703	0.959942963410454	0.219393929560167	0.815236602872673	sample_2022120210026
HROV.vOTU48844	Responder_Status	Responder	0.295524881217176	0.236471451172506	0.221744626644126	0.815236602872673	sample_2022120210026
HROV.vOTU47859	Responder_Status	Responder	-0.837561079089407	0.666340766478973	0.21915415759719	0.815236602872673	sample_2022120210026
HROV.vOTU74076	Responder_Status	Responder	-0.93816202003574	0.750913724754605	0.221876734812965	0.815236602872673	sample_2022120210026
HROV.vOTU74254	Responder_Status	Responder	0.596825360480442	0.477290072102066	0.221486194836622	0.815236602872673	sample_2022120210026
HROV.vOTU23225	Responder_Status	Responder	0.667037502235473	0.533243325905128	0.221320577472497	0.815236602872673	sample_2022120210026
HROV.vOTU41617	Responder_Status	Responder	-0.30155094859043	0.241687070176005	0.222478358935843	0.815236602872673	sample_2022120210026
HROV.vOTU18026	Responder_Status	Responder	-1.17932768388497	0.941317090594676	0.220623359527374	0.815236602872673	sample_2022120210026
HROV.vOTU13745	Responder_Status	Responder	-1.61702338189127	1.30012832876851	0.223907313328654	0.815493244137369	sample_2022120210026
HROV.vOTU44039	Responder_Status	Responder	-0.459617831561388	0.369569086439376	0.223937267896035	0.815493244137369	sample_2022120210026
HROV.vOTU04691	Responder_Status	Responder	1.49727099519713	1.20652633335541	0.224911507959161	0.815493244137369	sample_2022120210026
HROV.vOTU49413	Responder_Status	Responder	1.12052841822916	0.901971271449107	0.224426589902485	0.815493244137369	sample_2022120210026
HROV.vOTU26908	Responder_Status	Responder	1.53078704045046	1.22880500561164	0.223178922033358	0.815493244137369	sample_2022120210026
HROV.vOTU07517	Responder_Status	Responder	0.962043339437049	0.772053869460738	0.223059374009222	0.815493244137369	sample_2022120210026
HROV.vOTU26471	Responder_Status	Responder	-0.562938779286142	0.451490086207817	0.22278355311983	0.815493244137369	sample_2022120210026
HROV.vOTU60207	Responder_Status	Responder	1.42668690955517	1.1497358732795	0.224945828915154	0.815493244137369	sample_2022120210026
HROV.vOTU36175	Responder_Status	Responder	-0.431563325278325	0.347612253838362	0.224718318094431	0.815493244137369	sample_2022120210026
HROV.vOTU66925	Responder_Status	Responder	0.386061716088439	0.311289769771167	0.225194038019621	0.815493244137369	sample_2022120210026
HROV.vOTU12428	Responder_Status	Responder	-0.802248091515857	0.643918256779591	0.223131041023083	0.815493244137369	sample_2022120210026
HROV.vOTU08922	Responder_Status	Responder	-0.331402324622087	0.266777149231448	0.224450745264736	0.815493244137369	sample_2022120210026
HROV.vOTU64126	Responder_Status	Responder	0.630131393439477	0.505950372357158	0.223291616885121	0.815493244137369	sample_2022120210026
HROV.vOTU16097	Responder_Status	Responder	1.07986134688127	0.868894475905619	0.224249148442254	0.815493244137369	sample_2022120210026
HROV.vOTU37096	Responder_Status	Responder	-1.17667007815109	0.950187058653977	0.225866406833816	0.816503125749423	sample_2022120210026
HROV.vOTU65125	Responder_Status	Responder	0.453885330477898	0.36651857866693	0.22586166708143	0.816503125749423	sample_2022120210026
HROV.vOTU11151	Responder_Status	Responder	0.922819090386796	0.745629975027278	0.226129116000268	0.816747397519571	sample_2022120210026
HROV.vOTU26648	Responder_Status	Responder	1.10339245618127	0.892236683731734	0.226486554644392	0.817036858287751	sample_2022120210026
HROV.vOTU14817	Responder_Status	Responder	-1.44976137585677	1.17378695661905	0.227051922933786	0.817654876930936	sample_2022120210026
HROV.vOTU05795	Responder_Status	Responder	-0.88224054257764	0.713845191850554	0.226764629317384	0.817654876930936	sample_2022120210026
HROV.vOTU60099	Responder_Status	Responder	1.5130756868408	1.22441565152587	0.226817962533059	0.817654876930936	sample_2022120210026
HROV.vOTU59893	Responder_Status	Responder	1.1682850998823	0.945632554662761	0.226927735437576	0.817654876930936	sample_2022120210026
HROV.vOTU34183	Responder_Status	Responder	1.31334269875522	1.06309625095201	0.226949560209097	0.817654876930936	sample_2022120210026
HROV.vOTU53190	Responder_Status	Responder	0.671414562043957	0.54349267737664	0.226958332104492	0.817654876930936	sample_2022120210026
HROV.vOTU74508	Responder_Status	Responder	-0.887351718094843	0.722000053138945	0.229293832466851	0.818162362126765	sample_2022120210026
HROV.vOTU26158	Responder_Status	Responder	-0.678092559994388	0.552286577638524	0.229747398298072	0.818162362126765	sample_2022120210026
HROV.vOTU52191	Responder_Status	Responder	-1.54474700215238	1.25890993901011	0.230021051373113	0.818162362126765	sample_2022120210026
HROV.vOTU03566	Responder_Status	Responder	1.09138101385398	0.888187664415803	0.229384625265032	0.818162362126765	sample_2022120210026
HROV.vOTU72168	Responder_Status	Responder	-0.756520724714638	0.616272513712487	0.229827313345789	0.818162362126765	sample_2022120210026
HROV.vOTU38452	Responder_Status	Responder	-1.43293596347996	1.16648657135704	0.229514829342003	0.818162362126765	sample_2022120210026
HROV.vOTU08091	Responder_Status	Responder	0.494903868385198	0.403145809796811	0.229816164220828	0.818162362126765	sample_2022120210026
HROV.vOTU49583	Responder_Status	Responder	0.972247167455309	0.790199305382118	0.228790991124258	0.818162362126765	sample_2022120210026
HROV.vOTU07335	Responder_Status	Responder	0.434888567479038	0.353918054685343	0.22938084789347	0.818162362126765	sample_2022120210026
HROV.vOTU14828	Responder_Status	Responder	0.40757083447465	0.33096191856565	0.228389072455395	0.818162362126765	sample_2022120210026
HROV.vOTU69880	Responder_Status	Responder	-0.6472848082098	0.528192170766066	0.230605898144911	0.818162362126765	sample_2022120210026
HROV.vOTU66044	Responder_Status	Responder	-0.577648647313554	0.47120410785924	0.230447700755656	0.818162362126765	sample_2022120210026
HROV.vOTU14997	Responder_Status	Responder	0.934234920235843	0.762614876562679	0.230765579339155	0.818247739454454	sample_2022120210026
HROV.vOTU71904	Responder_Status	Responder	-1.45973471393773	1.19181038112606	0.230853524506968	0.818399083966579	sample_2022120210026
HROV.vOTU58926	Responder_Status	Responder	-0.846610036665778	0.691803610442483	0.231236765867153	0.818399083966579	sample_2022120210026
HROV.vOTU58813	Responder_Status	Responder	-0.735854228687416	0.601463580013721	0.231360435014359	0.818399083966579	sample_2022120210026
HROV.vOTU30807	Responder_Status	Responder	-1.46779355131435	1.20033394382489	0.231590332986595	0.818774530223934	sample_2022120210026
HROV.vOTU75544	Responder_Status	Responder	1.17961398069303	0.964973394791483	0.231735185162367	0.818810617286603	sample_2022120210026
HROV.vOTU50244	Responder_Status	Responder	0.841165551607423	0.688392007182682	0.231922583524443	0.81885206876505	sample_2022120210026
HROV.vOTU61489	Responder_Status	Responder	-1.13276971211227	0.928283765511585	0.232535359757923	0.818925443818211	sample_2022120210026
HROV.vOTU11909	Responder_Status	Responder	-0.774217230454513	0.634369293490198	0.232472673115925	0.818925443818211	sample_2022120210026
HROV.vOTU57540	Responder_Status	Responder	-1.04404200618594	0.855822452766063	0.232668045459414	0.818975732533135	sample_2022120210026
HROV.vOTU31580	Responder_Status	Responder	0.755542761723335	0.619250728582664	0.232607006343228	0.818975732533135	sample_2022120210026
HROV.vOTU14671	Responder_Status	Responder	0.933665208796141	0.765299497354695	0.232641364124839	0.818975732533135	sample_2022120210026
HROV.vOTU48854	Responder_Status	Responder	-0.586869106194629	0.481726819985364	0.233290820882614	0.820193922960733	sample_2022120210026
HROV.vOTU27032	Responder_Status	Responder	-1.1619234748848	0.954879496335971	0.233827489281313	0.820730510694021	sample_2022120210026
HROV.vOTU13618	Responder_Status	Responder	-0.614265922970817	0.504935796985961	0.233941578621644	0.820813256642223	sample_2022120210026
HROV.vOTU42685	Responder_Status	Responder	0.795029909679983	0.654022219381747	0.234287296272255	0.821331542093138	sample_2022120210026
HROV.vOTU66091	Responder_Status	Responder	-1.14244636071468	0.940314559313481	0.234527056562226	0.821616819798445	sample_2022120210026
HROV.vOTU17802	Responder_Status	Responder	-0.383773093138197	0.316005835215347	0.234719528344722	0.821736158790786	sample_2022120210026
HROV.vOTU19228	Responder_Status	Responder	0.781705738208962	0.643599253038794	0.234668740054442	0.821736158790786	sample_2022120210026
HROV.vOTU01595	Responder_Status	Responder	1.16990495736438	0.963476376487733	0.234792970723423	0.821833795717442	sample_2022120210026
HROV.vOTU01828	Responder_Status	Responder	-1.18313132377539	0.974607491950498	0.23490465625122	0.821836372516626	sample_2022120210026
HROV.vOTU34131	Responder_Status	Responder	-0.84691461973766	0.697955380590657	0.23510560597817	0.82221327832974	sample_2022120210026
HROV.vOTU37640	Responder_Status	Responder	-1.51966766034471	1.25277423622816	0.235248708066698	0.822215724390151	sample_2022120210026
HROV.vOTU53381	Responder_Status	Responder	-0.392703144662332	0.323739371509786	0.235256011096869	0.822215724390151	sample_2022120210026
HROV.vOTU09115	Responder_Status	Responder	1.28566113194109	1.06065273754922	0.235587736659699	0.822515850377434	sample_2022120210026
HROV.vOTU45720	Responder_Status	Responder	-1.39217593102373	1.14899621521654	0.235774664002168	0.822515850377434	sample_2022120210026
HROV.vOTU18938	Responder_Status	Responder	0.699131577394775	0.576898760978437	0.235686556741913	0.822515850377434	sample_2022120210026
HROV.vOTU11240	Responder_Status	Responder	1.59681764932633	1.32068320459785	0.236741367079719	0.822861701044759	sample_2022120210026
HROV.vOTU03709	Responder_Status	Responder	-0.624313606779009	0.516284831915268	0.236681619747534	0.822861701044759	sample_2022120210026
HROV.vOTU03622	Responder_Status	Responder	1.25202383563629	1.03600551110152	0.236958363533533	0.822861701044759	sample_2022120210026
HROV.vOTU74625	Responder_Status	Responder	0.406661223872422	0.336416790701442	0.236848281064572	0.822861701044759	sample_2022120210026
HROV.vOTU12830	Responder_Status	Responder	-0.786189959400795	0.651306244798178	0.237493610249226	0.823130936836244	sample_2022120210026
HROV.vOTU44591	Responder_Status	Responder	-1.22851290664873	1.01881497586881	0.237975981420031	0.823616142131067	sample_2022120210026
HROV.vOTU53287	Responder_Status	Responder	-0.434809621500226	0.360737235013637	0.238161709300267	0.823677697211906	sample_2022120210026
HROV.vOTU69542	Responder_Status	Responder	-1.48308934063517	1.2317450846061	0.238648444190778	0.824032653275772	sample_2022120210026
HROV.vOTU30612	Responder_Status	Responder	-1.17015837506154	0.973015661229523	0.23919866011044	0.824032653275772	sample_2022120210026
HROV.vOTU18411	Responder_Status	Responder	1.28027256750047	1.06375398278471	0.238843786319125	0.824032653275772	sample_2022120210026
HROV.vOTU26399	Responder_Status	Responder	-0.77324519926824	0.643146076368676	0.239322321436697	0.824032653275772	sample_2022120210026
HROV.vOTU72662	Responder_Status	Responder	0.663192350491123	0.551404217125647	0.239151596973796	0.824032653275772	sample_2022120210026
HROV.vOTU02995	Responder_Status	Responder	0.977485557114266	0.813119679501364	0.239376905549288	0.824032653275772	sample_2022120210026
HROV.vOTU48984	Responder_Status	Responder	0.494493995493525	0.41152434563637	0.239577817724517	0.824301840118782	sample_2022120210026
HROV.vOTU42183	Responder_Status	Responder	-0.718301983222728	0.598322309749262	0.239993315517652	0.824301840118782	sample_2022120210026
HROV.vOTU51131	Responder_Status	Responder	0.485202027565109	0.404223009448996	0.240067531802486	0.824301840118782	sample_2022120210026
HROV.vOTU19800	Responder_Status	Responder	-0.996592126413144	0.830510218449273	0.240203855595903	0.824349297488893	sample_2022120210026
HROV.vOTU73633	Responder_Status	Responder	0.368628524779371	0.307242955691612	0.240272990419895	0.824349297488893	sample_2022120210026
HROV.vOTU41621	Responder_Status	Responder	1.22421774040939	1.02047671901084	0.240327311212615	0.824360955512811	sample_2022120210026
HROV.vOTU62616	Responder_Status	Responder	1.18857011994608	0.991177670458884	0.240519822656144	0.824514508527176	sample_2022120210026
HROV.vOTU08400	Responder_Status	Responder	-0.512103313597433	0.427346603712468	0.24083249565321	0.824904966128113	sample_2022120210026
HROV.vOTU74004	Responder_Status	Responder	-0.645003112122987	0.539471943439331	0.241873067134697	0.82710384690919	sample_2022120210026
HROV.vOTU67736	Responder_Status	Responder	1.10793708231199	0.927718390415057	0.242395644674796	0.827799477781767	sample_2022120210026
HROV.vOTU10023	Responder_Status	Responder	-0.594809384420396	0.498354317871166	0.242670082317397	0.827853341276949	sample_2022120210026
HROV.vOTU28238	Responder_Status	Responder	1.53802292663705	1.28863631634162	0.242677642454294	0.827853341276949	sample_2022120210026
HROV.vOTU18920	Responder_Status	Responder	1.09582099004585	0.918678573709556	0.242949045783545	0.828462235005516	sample_2022120210026
HROV.vOTU04675	Responder_Status	Responder	1.59597758884358	1.33920787624416	0.243369625747101	0.829078925341052	sample_2022120210026
HROV.vOTU53637	Responder_Status	Responder	0.598243116373353	0.501926420287448	0.243307296848674	0.829078925341052	sample_2022120210026
HROV.vOTU20022	Responder_Status	Responder	-0.764032598273926	0.641204777438808	0.243437035786216	0.829172438043989	sample_2022120210026
HROV.vOTU30877	Responder_Status	Responder	1.38707127833376	1.16437915309582	0.243554362346678	0.829435913128767	sample_2022120210026
HROV.vOTU52333	Responder_Status	Responder	-1.61368721751842	1.35830226981432	0.244806327372524	0.829565791996755	sample_2022120210026
HROV.vOTU32676	Responder_Status	Responder	0.861536093459283	0.725810294271793	0.245201430324195	0.829565791996755	sample_2022120210026
HROV.vOTU16004	Responder_Status	Responder	1.035283339706	0.871522028690167	0.24485094046259	0.829565791996755	sample_2022120210026
HROV.vOTU38046	Responder_Status	Responder	1.64770087619509	1.3864204026114	0.24463616615252	0.829565791996755	sample_2022120210026
HROV.vOTU01280	Responder_Status	Responder	1.68252706010187	1.41569760424253	0.24462754866786	0.829565791996755	sample_2022120210026
HROV.vOTU74263	Responder_Status	Responder	0.730131082141944	0.614578514667923	0.244805764234937	0.829565791996755	sample_2022120210026
HROV.vOTU53592	Responder_Status	Responder	-0.391088818191085	0.329565768941055	0.245325584171461	0.829565791996755	sample_2022120210026
HROV.vOTU33387	Responder_Status	Responder	-0.483510219877945	0.406470264370082	0.244219139436087	0.829565791996755	sample_2022120210026
HROV.vOTU48561	Responder_Status	Responder	1.07797129818992	0.906777006274045	0.244505495551417	0.829565791996755	sample_2022120210026
HROV.vOTU68484	Responder_Status	Responder	0.721747806007974	0.60824237862997	0.245351579059474	0.829565791996755	sample_2022120210026
HROV.vOTU03127	Responder_Status	Responder	-0.630053734586039	0.529089646637836	0.243719632026596	0.829565791996755	sample_2022120210026
HROV.vOTU26728	Responder_Status	Responder	-0.379270980134026	0.319558721886177	0.245255963424475	0.829565791996755	sample_2022120210026
HROV.vOTU63272	Responder_Status	Responder	0.639411905703169	0.537184679246665	0.243922213439159	0.829565791996755	sample_2022120210026
HROV.vOTU50642	Responder_Status	Responder	1.64587449954134	1.38720364090931	0.245407058365913	0.829618191771373	sample_2022120210026
HROV.vOTU14873	Responder_Status	Responder	1.36527116932385	1.15134024556916	0.245663021415526	0.829936635524724	sample_2022120210026
HROV.vOTU40737	Responder_Status	Responder	0.818878561887773	0.690621808434597	0.245701241061609	0.829936635524724	sample_2022120210026
HROV.vOTU49012	Responder_Status	Responder	-0.789115340813748	0.666008550057625	0.246039275192794	0.830412497539112	sample_2022120210026
HROV.vOTU29992	Responder_Status	Responder	-1.329331502008	1.12351599928185	0.246683328355282	0.830814830621172	sample_2022120210026
HROV.vOTU27154	Responder_Status	Responder	1.20001636239782	1.01451297553649	0.246815519600344	0.830814830621172	sample_2022120210026
HROV.vOTU09951	Responder_Status	Responder	1.02036397178357	0.863359903331504	0.247204637129516	0.830814830621172	sample_2022120210026
HROV.vOTU34386	Responder_Status	Responder	-1.1183029136267	0.945603831643672	0.246899774387069	0.830814830621172	sample_2022120210026
HROV.vOTU64708	Responder_Status	Responder	1.07270301915836	0.907576407818425	0.247169510051727	0.830814830621172	sample_2022120210026
HROV.vOTU05388	Responder_Status	Responder	-0.911139208390532	0.770841085495631	0.247144463402076	0.830814830621172	sample_2022120210026
HROV.vOTU54685	Responder_Status	Responder	0.927223190689032	0.783735663936569	0.246725127154241	0.830814830621172	sample_2022120210026
HROV.vOTU66684	Responder_Status	Responder	-1.62979275943215	1.37931808165436	0.247305873190256	0.830893275372055	sample_2022120210026
HROV.vOTU21529	Responder_Status	Responder	0.710126756192948	0.601242328029908	0.247498863890803	0.83127248716966	sample_2022120210026
HROV.vOTU65887	Responder_Status	Responder	-1.48900156477574	1.26226601104307	0.248075024659988	0.831385826720966	sample_2022120210026
HROV.vOTU59708	Responder_Status	Responder	-0.76199457684234	0.646044925001832	0.248133610837732	0.831385826720966	sample_2022120210026
HROV.vOTU59097	Responder_Status	Responder	-0.983578616654123	0.833528572607894	0.247921599118703	0.831385826720966	sample_2022120210026
HROV.vOTU43068	Responder_Status	Responder	-1.37582573916336	1.16777718777581	0.248650135356277	0.83163931473932	sample_2022120210026
HROV.vOTU18241	Responder_Status	Responder	0.630419368197575	0.535079945263588	0.248642231915379	0.83163931473932	sample_2022120210026
HROV.vOTU67290	Responder_Status	Responder	-0.51685825864845	0.439108645526943	0.249079890303331	0.8318699056485	sample_2022120210026
HROV.vOTU45982	Responder_Status	Responder	0.833842674492679	0.708536202223014	0.249162246835317	0.831901570118767	sample_2022120210026
HROV.vOTU06106	Responder_Status	Responder	0.879702915986266	0.747565616847256	0.249199872654607	0.831901570118767	sample_2022120210026
HROV.vOTU34240	Responder_Status	Responder	1.33530313896037	1.13628223767044	0.2498311125869	0.832369233490394	sample_2022120210026
HROV.vOTU18924	Responder_Status	Responder	-1.47848986745429	1.25848040155561	0.249960745763066	0.832667438526829	sample_2022120210026
HROV.vOTU11306	Responder_Status	Responder	1.32420047191719	1.12752565942235	0.250114708806676	0.832779237441997	sample_2022120210026
HROV.vOTU06892	Responder_Status	Responder	-0.573285529813636	0.488581763099114	0.250533888210819	0.832838542193928	sample_2022120210026
HROV.vOTU11697	Responder_Status	Responder	0.482595224771285	0.411247054690589	0.250484364607327	0.832838542193928	sample_2022120210026
HROV.vOTU07547	Responder_Status	Responder	-0.979285809419241	0.834744014728915	0.250616531084732	0.832870538138176	sample_2022120210026
HROV.vOTU55005	Responder_Status	Responder	-0.444818669220925	0.379976326846428	0.251607292712659	0.833561087181354	sample_2022120210026
HROV.vOTU36207	Responder_Status	Responder	1.47125964682789	1.25556515489602	0.251155765520052	0.833561087181354	sample_2022120210026
HROV.vOTU36599	Responder_Status	Responder	-1.27167815907424	1.08611073739426	0.251525590098105	0.833561087181354	sample_2022120210026
HROV.vOTU68419	Responder_Status	Responder	-0.533457892379744	0.455217067498912	0.251122153661726	0.833561087181354	sample_2022120210026
HROV.vOTU66406	Responder_Status	Responder	1.10791931646627	0.946750097309903	0.251771153080268	0.833801666440356	sample_2022120210026
HROV.vOTU47141	Responder_Status	Responder	-1.26068616763651	1.07773512654962	0.25196077181872	0.833963488938228	sample_2022120210026
HROV.vOTU08388	Responder_Status	Responder	1.35176248735797	1.15578672514156	0.252037833211163	0.833963488938228	sample_2022120210026
HROV.vOTU51929	Responder_Status	Responder	-1.19168630573818	1.02037619921712	0.25270033016181	0.83416134638046	sample_2022120210026
HROV.vOTU29517	Responder_Status	Responder	-0.61186333876026	0.524780298091495	0.253473817940591	0.83416134638046	sample_2022120210026
HROV.vOTU52476	Responder_Status	Responder	-1.46705341644579	1.2589767323981	0.253739342421081	0.83416134638046	sample_2022120210026
HROV.vOTU68918	Responder_Status	Responder	1.3129927239079	1.12627551463492	0.253537057147662	0.83416134638046	sample_2022120210026
HROV.vOTU03587	Responder_Status	Responder	-1.09400199133863	0.938525016285955	0.253585548009859	0.83416134638046	sample_2022120210026
HROV.vOTU69117	Responder_Status	Responder	-0.582976316889041	0.499295287334367	0.252815765533742	0.83416134638046	sample_2022120210026
HROV.vOTU49689	Responder_Status	Responder	0.774980539047407	0.663856156888308	0.252897544457435	0.83416134638046	sample_2022120210026
HROV.vOTU49966	Responder_Status	Responder	1.31994550067577	1.13254045717775	0.253660271648677	0.83416134638046	sample_2022120210026
HROV.vOTU60167	Responder_Status	Responder	-0.796353144440583	0.682270376079588	0.25296971194494	0.83416134638046	sample_2022120210026
HROV.vOTU37713	Responder_Status	Responder	0.574540556265744	0.493062918087356	0.253749886435332	0.83416134638046	sample_2022120210026
HROV.vOTU34791	Responder_Status	Responder	-0.612508520896969	0.526263860910039	0.254294327937587	0.834468479737169	sample_2022120210026
HROV.vOTU24417	Responder_Status	Responder	1.21212226142093	1.04197289461658	0.254527846011792	0.834468479737169	sample_2022120210026
HROV.vOTU02550	Responder_Status	Responder	1.23937436128495	1.06603919527768	0.254806381558592	0.834606537859635	sample_2022120210026
HROV.vOTU24409	Responder_Status	Responder	-1.25528910973507	1.08061937065129	0.255189352162498	0.835519087671004	sample_2022120210026
HROV.vOTU62131	Responder_Status	Responder	-0.481157023341008	0.415176367326278	0.256276676691334	0.837175856634948	sample_2022120210026
HROV.vOTU72030	Responder_Status	Responder	-0.971439359446042	0.838815232106367	0.25660279658848	0.837424582838581	sample_2022120210026
HROV.vOTU27815	Responder_Status	Responder	-1.33459275903694	1.15277097871875	0.256756519754525	0.837424582838581	sample_2022120210026
HROV.vOTU34003	Responder_Status	Responder	-0.734105312785774	0.634837803520164	0.257302539573698	0.837424582838581	sample_2022120210026
HROV.vOTU39510	Responder_Status	Responder	1.03181949831133	0.89184202985016	0.257066819320114	0.837424582838581	sample_2022120210026
HROV.vOTU33603	Responder_Status	Responder	0.738612396257077	0.637767816346409	0.256597869048694	0.837424582838581	sample_2022120210026
HROV.vOTU01043	Responder_Status	Responder	-0.650271805907048	0.562460921829516	0.257402119968408	0.837424582838581	sample_2022120210026
HROV.vOTU13759	Responder_Status	Responder	-0.82655734337151	0.716002657952447	0.258091983842281	0.837945979098757	sample_2022120210026
HROV.vOTU20282	Responder_Status	Responder	-1.18061278573399	1.02386603295759	0.258621215828037	0.837945979098757	sample_2022120210026
HROV.vOTU41678	Responder_Status	Responder	0.594307313848391	0.515155809754717	0.258398226313791	0.837945979098757	sample_2022120210026
HROV.vOTU12887	Responder_Status	Responder	-0.84148208617126	0.728641834771594	0.257907316334358	0.837945979098757	sample_2022120210026
HROV.vOTU10006	Responder_Status	Responder	-0.675125780895941	0.585072934244755	0.258288727374345	0.837945979098757	sample_2022120210026
HROV.vOTU74149	Responder_Status	Responder	-0.685747038975527	0.593678670819182	0.257819796321226	0.837945979098757	sample_2022120210026
HROV.vOTU72239	Responder_Status	Responder	1.07205923304612	0.928281878667155	0.257898602310995	0.837945979098757	sample_2022120210026
HROV.vOTU57616	Responder_Status	Responder	0.785060358061192	0.681462823596436	0.259053592430908	0.838459217429628	sample_2022120210026
HROV.vOTU66003	Responder_Status	Responder	-0.721217088880067	0.626614816484068	0.259477585782839	0.838991908350386	sample_2022120210026
HROV.vOTU16108	Responder_Status	Responder	-0.829451890163597	0.72125694591945	0.259868052836861	0.839486287906948	sample_2022120210026
HROV.vOTU67500	Responder_Status	Responder	-0.879352677220307	0.765722526682908	0.260521843392657	0.840503485311606	sample_2022120210026
HROV.vOTU72559	Responder_Status	Responder	0.988822344352844	0.861167479559102	0.260587305820244	0.840503485311606	sample_2022120210026
HROV.vOTU22913	Responder_Status	Responder	-0.196276191353238	0.170944034618579	0.26060552190782	0.840503485311606	sample_2022120210026
HROV.vOTU62321	Responder_Status	Responder	1.37369969017886	1.19819122911367	0.261300933080017	0.840877545252414	sample_2022120210026
HROV.vOTU04775	Responder_Status	Responder	-1.02542330941432	0.894402986281338	0.26129633823311	0.840877545252414	sample_2022120210026
HROV.vOTU35709	Responder_Status	Responder	0.789917586632868	0.68948810734814	0.261634430048845	0.841150302490778	sample_2022120210026
HROV.vOTU60343	Responder_Status	Responder	-1.74019269196547	1.51982404995363	0.261903906410813	0.841385053107968	sample_2022120210026
HROV.vOTU24955	Responder_Status	Responder	-0.853949801239818	0.746110604632737	0.26209172548705	0.841597540058231	sample_2022120210026
HROV.vOTU58202	Responder_Status	Responder	1.32794264583252	1.16242929808431	0.26296868527983	0.841619327564586	sample_2022120210026
HROV.vOTU02658	Responder_Status	Responder	0.586933802690167	0.513092499226279	0.262344843379031	0.841619327564586	sample_2022120210026
HROV.vOTU40683	Responder_Status	Responder	-1.05008456617893	0.919152231627787	0.262942833650298	0.841619327564586	sample_2022120210026
HROV.vOTU15604	Responder_Status	Responder	-0.918589649081845	0.804086107090444	0.262962003667851	0.841619327564586	sample_2022120210026
HROV.vOTU00181	Responder_Status	Responder	-0.413392272296197	0.361894413933299	0.263003388999507	0.841619327564586	sample_2022120210026
HROV.vOTU27327	Responder_Status	Responder	0.589160308591093	0.51513109338796	0.262428346834533	0.841619327564586	sample_2022120210026
HROV.vOTU04385	Responder_Status	Responder	-1.29551973135691	1.13623879472604	0.263869771705083	0.842011037517484	sample_2022120210026
HROV.vOTU66740	Responder_Status	Responder	-0.940849421331928	0.825147762691854	0.263854744520141	0.842011037517484	sample_2022120210026
HROV.vOTU01972	Responder_Status	Responder	0.990371320400156	0.868861011199754	0.264005966751265	0.842011037517484	sample_2022120210026
HROV.vOTU01013	Responder_Status	Responder	0.633061602670265	0.554889838139466	0.263585120766978	0.842011037517484	sample_2022120210026
HROV.vOTU34202	Responder_Status	Responder	0.434464280777119	0.380751365466627	0.263506215423172	0.842011037517484	sample_2022120210026
HROV.vOTU74323	Responder_Status	Responder	0.930877783453058	0.816865250525796	0.264119408592088	0.842113971771024	sample_2022120210026
HROV.vOTU53941	Responder_Status	Responder	0.792009352431679	0.695164673442186	0.264226541641324	0.842123496900743	sample_2022120210026
HROV.vOTU22458	Responder_Status	Responder	-0.693312704595345	0.609068945204339	0.264635138165686	0.842593082236917	sample_2022120210026
HROV.vOTU70158	Responder_Status	Responder	0.386175446160077	0.339716172246955	0.265274473470111	0.84261079712841	sample_2022120210026
HROV.vOTU10545	Responder_Status	Responder	0.595281709291244	0.523615738419936	0.265229913032448	0.84261079712841	sample_2022120210026
HROV.vOTU08300	Responder_Status	Responder	-0.64060823041475	0.56471826514161	0.266251542693825	0.843855126148903	sample_2022120210026
HROV.vOTU11852	Responder_Status	Responder	-0.592465981735015	0.522682630687897	0.26661261829349	0.843968983490635	sample_2022120210026
HROV.vOTU37604	Responder_Status	Responder	0.964388312167602	0.851725380889696	0.267122066564318	0.844754847224337	sample_2022120210026
HROV.vOTU34299	Responder_Status	Responder	-0.800849901387719	0.707389921431448	0.267186798184739	0.844754847224337	sample_2022120210026
HROV.vOTU60571	Responder_Status	Responder	1.17149516735633	1.03505798700243	0.267312235981929	0.844768324565814	sample_2022120210026
HROV.vOTU69166	Responder_Status	Responder	0.885070248331412	0.782060951321742	0.267353907827648	0.844768324565814	sample_2022120210026
HROV.vOTU09011	Responder_Status	Responder	1.36459239649388	1.20598617469121	0.26743635160085	0.844782791516907	sample_2022120210026
HROV.vOTU53264	Responder_Status	Responder	1.47109806054083	1.30091864998869	0.267726343457143	0.844868242324645	sample_2022120210026
HROV.vOTU69031	Responder_Status	Responder	0.485469055805469	0.429572941159454	0.268013918152115	0.84518066894474	sample_2022120210026
HROV.vOTU24679	Responder_Status	Responder	-0.419683205584458	0.371347110499834	0.267995697664293	0.84518066894474	sample_2022120210026
HROV.vOTU47756	Responder_Status	Responder	1.49522868785157	1.32361964150116	0.268208160619207	0.845536209791634	sample_2022120210026
HROV.vOTU02921	Responder_Status	Responder	-0.46537772635717	0.41207880157378	0.268336538802177	0.845683958102243	sample_2022120210026
HROV.vOTU06937	Responder_Status	Responder	0.557682735515834	0.494172162560811	0.26867763413465	0.846074183203072	sample_2022120210026
HROV.vOTU60854	Responder_Status	Responder	0.687331903052243	0.609414055896529	0.268952465312385	0.846354058687889	sample_2022120210026
HROV.vOTU43365	Responder_Status	Responder	-0.993693485688161	0.881832702821286	0.269370682980643	0.846867271541356	sample_2022120210026
HROV.vOTU74002	Responder_Status	Responder	0.841281821824195	0.746569633631031	0.269365353121455	0.846867271541356	sample_2022120210026
HROV.vOTU08866	Responder_Status	Responder	0.702538217417769	0.623611609555789	0.26948984763906	0.846867271541356	sample_2022120210026
HROV.vOTU07805	Responder_Status	Responder	1.21521869018676	1.0804757239627	0.270262686529128	0.847884813157677	sample_2022120210026
HROV.vOTU67350	Responder_Status	Responder	-0.812231498969058	0.722231546798482	0.270301592242797	0.847884813157677	sample_2022120210026
HROV.vOTU08541	Responder_Status	Responder	-0.789445380374126	0.704771059288324	0.272168707912397	0.848277975981824	sample_2022120210026
HROV.vOTU32094	Responder_Status	Responder	-0.972743003930107	0.867549674674524	0.271704561934226	0.848277975981824	sample_2022120210026
HROV.vOTU44878	Responder_Status	Responder	0.778785393709932	0.695529730700745	0.272354431648076	0.848277975981824	sample_2022120210026
HROV.vOTU56010	Responder_Status	Responder	-0.600761132828237	0.534579077976639	0.27063993323077	0.848277975981824	sample_2022120210026
HROV.vOTU56168	Responder_Status	Responder	-0.954999344303877	0.851364656429977	0.271506197312611	0.848277975981824	sample_2022120210026
HROV.vOTU16111	Responder_Status	Responder	0.994226396605756	0.885091526999595	0.270847999362611	0.848277975981824	sample_2022120210026
HROV.vOTU04957	Responder_Status	Responder	1.70273217075587	1.51962067541139	0.272020595107737	0.848277975981824	sample_2022120210026
HROV.vOTU23278	Responder_Status	Responder	0.564321056857778	0.502899365457092	0.271335904704855	0.848277975981824	sample_2022120210026
HROV.vOTU46374	Responder_Status	Responder	0.744407515544495	0.663348867645993	0.271310435294531	0.848277975981824	sample_2022120210026
HROV.vOTU19199	Responder_Status	Responder	1.05134123403024	0.93769534471372	0.271728133460611	0.848277975981824	sample_2022120210026
HROV.vOTU03165	Responder_Status	Responder	0.486043481396647	0.433562089736841	0.271790896697811	0.848277975981824	sample_2022120210026
HROV.vOTU48896	Responder_Status	Responder	-0.445885811587752	0.397574223241014	0.27159476913484	0.848277975981824	sample_2022120210026
HROV.vOTU41782	Responder_Status	Responder	0.5294574563997	0.472325832520863	0.271828104502984	0.848277975981824	sample_2022120210026
HROV.vOTU72028	Responder_Status	Responder	-0.252479202392944	0.225566170054679	0.272516974845877	0.848277975981824	sample_2022120210026
HROV.vOTU28477	Responder_Status	Responder	0.533483702611519	0.47485679237208	0.270781727005862	0.848277975981824	sample_2022120210026
HROV.vOTU43358	Responder_Status	Responder	-0.837558732312895	0.748681154986551	0.272769018969167	0.848405522470829	sample_2022120210026
HROV.vOTU35300	Responder_Status	Responder	1.04265542542171	0.933828838010334	0.273682110427093	0.848705517050645	sample_2022120210026
HROV.vOTU01625	Responder_Status	Responder	1.36854095970441	1.22387703123105	0.272983357715017	0.848705517050645	sample_2022120210026
HROV.vOTU55704	Responder_Status	Responder	0.250151949054945	0.223965115420556	0.27351997658625	0.848705517050645	sample_2022120210026
HROV.vOTU73771	Responder_Status	Responder	-0.851071589821243	0.763014590335164	0.274158118819818	0.848705517050645	sample_2022120210026
HROV.vOTU16199	Responder_Status	Responder	1.42060068331579	1.27213883962945	0.273612946094784	0.848705517050645	sample_2022120210026
HROV.vOTU19975	Responder_Status	Responder	-0.560107068659537	0.501892445786121	0.273912525531875	0.848705517050645	sample_2022120210026
HROV.vOTU03088	Responder_Status	Responder	0.570685602827093	0.510711970792819	0.273306646480944	0.848705517050645	sample_2022120210026
HROV.vOTU62742	Responder_Status	Responder	1.15978395838863	1.04064880555806	0.274547791892502	0.849391185592578	sample_2022120210026
HROV.vOTU03100	Responder_Status	Responder	0.640217008909842	0.574692726318487	0.274743984967111	0.849618135330485	sample_2022120210026
HROV.vOTU64574	Responder_Status	Responder	-1.20842487094799	1.0851730811688	0.274928801028093	0.849809715675991	sample_2022120210026
HROV.vOTU29426	Responder_Status	Responder	1.6983515295403	1.52667520181863	0.275404488173001	0.850646491454269	sample_2022120210026
HROV.vOTU15438	Responder_Status	Responder	-0.592105392005903	0.532972270535269	0.276039185945417	0.850749807041771	sample_2022120210026
HROV.vOTU25012	Responder_Status	Responder	0.428931903599549	0.385879419974184	0.275776932046449	0.850749807041771	sample_2022120210026
HROV.vOTU12769	Responder_Status	Responder	0.52809613994864	0.475140721202487	0.275826703030505	0.850749807041771	sample_2022120210026
HROV.vOTU27399	Responder_Status	Responder	-1.10991127516037	1.00008615471418	0.27651929046242	0.851107119081251	sample_2022120210026
HROV.vOTU05127	Responder_Status	Responder	-1.1197052657636	1.01050613554166	0.277262123533768	0.852071839947524	sample_2022120210026
HROV.vOTU70759	Responder_Status	Responder	1.10707586377962	1.00084749619241	0.278080185184591	0.853195895694259	sample_2022120210026
HROV.vOTU39907	Responder_Status	Responder	-0.435391080529741	0.393659598720219	0.27813521062233	0.853238560084765	sample_2022120210026
HROV.vOTU09977	Responder_Status	Responder	-0.922677618707091	0.834544091666172	0.278306366458355	0.853324850994064	sample_2022120210026
HROV.vOTU51003	Responder_Status	Responder	-0.375810282556674	0.339923106893469	0.278320156497931	0.853324850994064	sample_2022120210026
HROV.vOTU09774	Responder_Status	Responder	-0.460770599414959	0.416977969867115	0.27855453818102	0.853389438543654	sample_2022120210026
HROV.vOTU01875	Responder_Status	Responder	0.991043721323035	0.89682920529914	0.278542161677844	0.853389438543654	sample_2022120210026
HROV.vOTU22887	Responder_Status	Responder	-0.507743491082759	0.461532273128163	0.280646053198071	0.853546914922105	sample_2022120210026
HROV.vOTU67153	Responder_Status	Responder	0.865567773423621	0.787211608781903	0.280898440515508	0.853546914922105	sample_2022120210026
HROV.vOTU71847	Responder_Status	Responder	1.21070571647851	1.10026901888392	0.280540401043423	0.853546914922105	sample_2022120210026
HROV.vOTU55711	Responder_Status	Responder	0.48518562663556	0.439238556382355	0.278732439868883	0.853546914922105	sample_2022120210026
HROV.vOTU09438	Responder_Status	Responder	-0.44046830099377	0.399926472267133	0.280112285406467	0.853546914922105	sample_2022120210026
HROV.vOTU44777	Responder_Status	Responder	-0.531214135380219	0.482509054399929	0.280297003201427	0.853546914922105	sample_2022120210026
HROV.vOTU10154	Responder_Status	Responder	-0.691526501334532	0.628543533361875	0.280612242079331	0.853546914922105	sample_2022120210026
HROV.vOTU35959	Responder_Status	Responder	-0.773207177519924	0.700725551978189	0.279230476408372	0.853546914922105	sample_2022120210026
HROV.vOTU23270	Responder_Status	Responder	0.582913542844181	0.52907205253467	0.279944424546877	0.853546914922105	sample_2022120210026
HROV.vOTU33355	Responder_Status	Responder	1.08342590983268	0.981733215069827	0.279167818507669	0.853546914922105	sample_2022120210026
HROV.vOTU07555	Responder_Status	Responder	1.94486591840408	1.7669693507	0.280409245542892	0.853546914922105	sample_2022120210026
HROV.vOTU51416	Responder_Status	Responder	-0.570069478549831	0.516676468315167	0.279272547585462	0.853546914922105	sample_2022120210026
HROV.vOTU29100	Responder_Status	Responder	0.507802851403961	0.461749070423659	0.280812193748908	0.853546914922105	sample_2022120210026
HROV.vOTU04677	Responder_Status	Responder	0.514815368880432	0.466695621363762	0.279371541552723	0.853546914922105	sample_2022120210026
HROV.vOTU46177	Responder_Status	Responder	-0.59616941096669	0.540125125994601	0.279092410789434	0.853546914922105	sample_2022120210026
HROV.vOTU15774	Responder_Status	Responder	0.70687934017112	0.64038861221017	0.279063820097153	0.853546914922105	sample_2022120210026
HROV.vOTU04006	Responder_Status	Responder	0.683202380329396	0.620841848630152	0.280509299382037	0.853546914922105	sample_2022120210026
HROV.vOTU02638	Responder_Status	Responder	0.964285713257434	0.877261622234531	0.28104269004449	0.853546914922105	sample_2022120210026
HROV.vOTU09255	Responder_Status	Responder	1.63984912231146	1.49309327564214	0.281432842393438	0.854049330725571	sample_2022120210026
HROV.vOTU62383	Responder_Status	Responder	-0.7030304972432	0.640468104164763	0.281693551497019	0.85405219727116	sample_2022120210026
HROV.vOTU74797	Responder_Status	Responder	0.503367770434585	0.458505681913772	0.281624084496159	0.85405219727116	sample_2022120210026
HROV.vOTU45238	Responder_Status	Responder	1.28195334930044	1.16822232147222	0.281834540266902	0.854231187633394	sample_2022120210026
HROV.vOTU39627	Responder_Status	Responder	-1.53679946091657	1.40066690569689	0.281904408903786	0.854258212826371	sample_2022120210026
HROV.vOTU38772	Responder_Status	Responder	-0.862485297502914	0.786754939297692	0.282306053742723	0.854359397866879	sample_2022120210026
HROV.vOTU64354	Responder_Status	Responder	1.15699276412272	1.0569511148046	0.282996920325	0.854359397866879	sample_2022120210026
HROV.vOTU42450	Responder_Status	Responder	1.10104993056376	1.00441625291288	0.282326609489632	0.854359397866879	sample_2022120210026
HROV.vOTU04949	Responder_Status	Responder	1.19653170811121	1.09384447059412	0.283330336460305	0.854359397866879	sample_2022120210026
HROV.vOTU01806	Responder_Status	Responder	-0.281703959106392	0.257387118770166	0.283072478577455	0.854359397866879	sample_2022120210026
HROV.vOTU31772	Responder_Status	Responder	1.06003491569942	0.966869429457796	0.282262513090448	0.854359397866879	sample_2022120210026
HROV.vOTU07170	Responder_Status	Responder	0.760774158574905	0.693745731712501	0.282150638158019	0.854359397866879	sample_2022120210026
HROV.vOTU22923	Responder_Status	Responder	-0.739443949318627	0.675990169492264	0.283334415473376	0.854359397866879	sample_2022120210026
HROV.vOTU35796	Responder_Status	Responder	1.12443855970804	1.02882359633691	0.283736245060044	0.854771960868025	sample_2022120210026
HROV.vOTU01537	Responder_Status	Responder	1.03811807449356	0.949746012985708	0.283687965907675	0.854771960868025	sample_2022120210026
HROV.vOTU51628	Responder_Status	Responder	0.943531379629964	0.863534301327499	0.283864450774459	0.854782416018492	sample_2022120210026
HROV.vOTU66467	Responder_Status	Responder	-0.928481795499306	0.853944765244369	0.286182028375556	0.855109323547672	sample_2022120210026
HROV.vOTU21580	Responder_Status	Responder	-0.476733078753185	0.437584962505932	0.285237335685557	0.855109323547672	sample_2022120210026
HROV.vOTU32087	Responder_Status	Responder	1.4116317718795	1.29651477535511	0.285529573516164	0.855109323547672	sample_2022120210026
HROV.vOTU05391	Responder_Status	Responder	0.838447597320886	0.770946281805136	0.286064430911515	0.855109323547672	sample_2022120210026
HROV.vOTU38862	Responder_Status	Responder	1.09120851410539	1.00070565807113	0.284815251869473	0.855109323547672	sample_2022120210026
HROV.vOTU03657	Responder_Status	Responder	1.38341840269002	1.27187118058178	0.286000723064268	0.855109323547672	sample_2022120210026
HROV.vOTU75934	Responder_Status	Responder	-0.754373334675606	0.694590512538816	0.286710473750866	0.855109323547672	sample_2022120210026
HROV.vOTU01546	Responder_Status	Responder	1.03509675487686	0.951521676808932	0.285944381926856	0.855109323547672	sample_2022120210026
HROV.vOTU34025	Responder_Status	Responder	0.890541294084276	0.815576522256579	0.284176588077484	0.855109323547672	sample_2022120210026
HROV.vOTU09968	Responder_Status	Responder	-0.887623311107567	0.814248098880904	0.284955881246269	0.855109323547672	sample_2022120210026
HROV.vOTU62550	Responder_Status	Responder	-0.695439861917303	0.639739079565007	0.286276499305463	0.855109323547672	sample_2022120210026
HROV.vOTU11494	Responder_Status	Responder	-1.25212526182182	1.15287028182309	0.286699763656324	0.855109323547672	sample_2022120210026
HROV.vOTU46602	Responder_Status	Responder	1.08597661597935	0.999493061471963	0.28651130604465	0.855109323547672	sample_2022120210026
HROV.vOTU35711	Responder_Status	Responder	0.680903668411561	0.626999302006829	0.286752726285562	0.855109323547672	sample_2022120210026
HROV.vOTU45888	Responder_Status	Responder	0.697233017910474	0.640972064407538	0.285969832992219	0.855109323547672	sample_2022120210026
HROV.vOTU23984	Responder_Status	Responder	0.881181035614169	0.810069145993347	0.285965259906607	0.855109323547672	sample_2022120210026
HROV.vOTU50049	Responder_Status	Responder	-1.05963987433607	0.979706307731191	0.288662690720072	0.855515568813793	sample_2022120210026
HROV.vOTU14994	Responder_Status	Responder	0.950888078272285	0.879008879313657	0.288582456715933	0.855515568813793	sample_2022120210026
HROV.vOTU37401	Responder_Status	Responder	0.662765485532343	0.612827093639252	0.288706709809201	0.855515568813793	sample_2022120210026
HROV.vOTU23782	Responder_Status	Responder	-0.490282093071449	0.452122274703411	0.287436082739247	0.855515568813793	sample_2022120210026
HROV.vOTU22379	Responder_Status	Responder	-0.868711135877542	0.804408732916109	0.289384904192974	0.856064715101183	sample_2022120210026
HROV.vOTU21802	Responder_Status	Responder	-1.41070396042964	1.30760134153028	0.28986165250048	0.856064715101183	sample_2022120210026
HROV.vOTU62317	Responder_Status	Responder	-0.987389287099144	0.915607351299969	0.290059071811826	0.856064715101183	sample_2022120210026
HROV.vOTU08060	Responder_Status	Responder	1.32446665909619	1.228280831359	0.290098020005759	0.856064715101183	sample_2022120210026
HROV.vOTU72768	Responder_Status	Responder	1.3306024693822	1.23349601981379	0.289916021806124	0.856064715101183	sample_2022120210026
HROV.vOTU54933	Responder_Status	Responder	1.02716942976877	0.950540682154942	0.289088104419765	0.856064715101183	sample_2022120210026
HROV.vOTU23169	Responder_Status	Responder	0.900522127584727	0.836062979645733	0.290629177736761	0.856703328113047	sample_2022120210026
HROV.vOTU39116	Responder_Status	Responder	-0.864781875070051	0.803818500272825	0.291180954781232	0.857277022307104	sample_2022120210026
HROV.vOTU64911	Responder_Status	Responder	1.45716213614826	1.35526799114494	0.29147046706954	0.857277022307104	sample_2022120210026
HROV.vOTU27546	Responder_Status	Responder	0.422939748286931	0.393337527323749	0.291437339554239	0.857277022307104	sample_2022120210026
HROV.vOTU12384	Responder_Status	Responder	-0.560599960494781	0.521111339543048	0.291209309841318	0.857277022307104	sample_2022120210026
HROV.vOTU47915	Responder_Status	Responder	0.630929296300339	0.586752754602726	0.291423796459166	0.857277022307104	sample_2022120210026
HROV.vOTU10220	Responder_Status	Responder	0.734826108003838	0.683273634370482	0.291353717113413	0.857277022307104	sample_2022120210026
HROV.vOTU39286	Responder_Status	Responder	-1.3566750864181	1.26304820706251	0.291935220623782	0.857408703711603	sample_2022120210026
HROV.vOTU20558	Responder_Status	Responder	-0.852823524655904	0.793487301988316	0.29164851616283	0.857408703711603	sample_2022120210026
HROV.vOTU39127	Responder_Status	Responder	-0.284376857603989	0.26463443521115	0.291726155627957	0.857408703711603	sample_2022120210026
HROV.vOTU09229	Responder_Status	Responder	1.29029140317294	1.20505309410786	0.293432279908538	0.858242452050597	sample_2022120210026
HROV.vOTU11934	Responder_Status	Responder	1.53023091978146	1.42889459758288	0.293350391790782	0.858242452050597	sample_2022120210026
HROV.vOTU24574	Responder_Status	Responder	-1.63635779242759	1.52662238710388	0.29292564567475	0.858242452050597	sample_2022120210026
HROV.vOTU39613	Responder_Status	Responder	-0.837622043895073	0.781250589107655	0.292804616927793	0.858242452050597	sample_2022120210026
HROV.vOTU01236	Responder_Status	Responder	1.37333545044766	1.28213508629057	0.293256619392495	0.858242452050597	sample_2022120210026
HROV.vOTU63834	Responder_Status	Responder	-0.412924500726769	0.385243202656076	0.292937601316537	0.858242452050597	sample_2022120210026
HROV.vOTU31729	Responder_Status	Responder	-0.800219361783255	0.747571263190566	0.293568658748792	0.858448375005276	sample_2022120210026
HROV.vOTU36922	Responder_Status	Responder	-1.19803920585476	1.11970938612614	0.293776503300541	0.858902099650202	sample_2022120210026
HROV.vOTU12202	Responder_Status	Responder	-1.24343198975287	1.16250483016086	0.293927363839647	0.858902099650202	sample_2022120210026
HROV.vOTU16167	Responder_Status	Responder	0.230377208553129	0.215504418770918	0.294193200570941	0.858967538450918	sample_2022120210026
HROV.vOTU73249	Responder_Status	Responder	1.35859000732284	1.27143088685971	0.294397736068026	0.85905681668001	sample_2022120210026
HROV.vOTU15372	Responder_Status	Responder	1.24149688807411	1.16178309403571	0.294370571584285	0.85905681668001	sample_2022120210026
HROV.vOTU61467	Responder_Status	Responder	0.980591483442325	0.918622165608897	0.294882178801441	0.859102788957779	sample_2022120210026
HROV.vOTU34659	Responder_Status	Responder	-0.888799231554134	0.833016928098216	0.295101666370088	0.859102788957779	sample_2022120210026
HROV.vOTU22312	Responder_Status	Responder	-1.10224688598716	1.03256729145267	0.294872019648679	0.859102788957779	sample_2022120210026
HROV.vOTU26844	Responder_Status	Responder	1.03880879853737	0.973575677065789	0.295084158841207	0.859102788957779	sample_2022120210026
HROV.vOTU49981	Responder_Status	Responder	0.961463395840945	0.902358675676252	0.295751735437386	0.860074433638571	sample_2022120210026
HROV.vOTU68963	Responder_Status	Responder	-1.06823755756377	1.00358306230794	0.296230445257208	0.860411777587774	sample_2022120210026
HROV.vOTU14207	Responder_Status	Responder	-0.895719527177355	0.841362619131017	0.296149416638571	0.860411777587774	sample_2022120210026
HROV.vOTU33246	Responder_Status	Responder	0.71631315559479	0.672952224489354	0.29622589345084	0.860411777587774	sample_2022120210026
HROV.vOTU31976	Responder_Status	Responder	0.861309533860894	0.809558669093399	0.296452457188336	0.860574774294624	sample_2022120210026
HROV.vOTU41648	Responder_Status	Responder	-0.81945368630387	0.770697467713701	0.296747389686309	0.86090918896669	sample_2022120210026
HROV.vOTU20308	Responder_Status	Responder	0.998732068334229	0.93936403124617	0.296775104996565	0.86090918896669	sample_2022120210026
HROV.vOTU21972	Responder_Status	Responder	-0.198389906694181	0.186870579896936	0.297469252993682	0.861043444830268	sample_2022120210026
HROV.vOTU21852	Responder_Status	Responder	-0.792679197720393	0.748198760306665	0.298449084083325	0.861736855518387	sample_2022120210026
HROV.vOTU20504	Responder_Status	Responder	-0.613148142111957	0.579053491799683	0.29870412257408	0.861926094202776	sample_2022120210026
HROV.vOTU08073	Responder_Status	Responder	0.84111619805752	0.794827111592317	0.298991545050049	0.862338175031726	sample_2022120210026
HROV.vOTU13869	Responder_Status	Responder	0.677709443723131	0.640792047088304	0.299271885549888	0.862484947938914	sample_2022120210026
HROV.vOTU55324	Responder_Status	Responder	-0.351734673444195	0.332556042885453	0.29924578845003	0.862484947938914	sample_2022120210026
HROV.vOTU70315	Responder_Status	Responder	0.672215524366842	0.635925909645698	0.299516783285838	0.862683424506477	sample_2022120210026
HROV.vOTU37335	Responder_Status	Responder	-0.782925341150542	0.740667206261546	0.299522004472497	0.862683424506477	sample_2022120210026
HROV.vOTU46527	Responder_Status	Responder	0.654836905365259	0.619581447863517	0.299590205156322	0.862683424506477	sample_2022120210026
HROV.vOTU21801	Responder_Status	Responder	-1.04692474983959	0.992102424111724	0.300327798415501	0.862765691299065	sample_2022120210026
HROV.vOTU61919	Responder_Status	Responder	-0.824700084954673	0.782089426844343	0.300676379598563	0.862765691299065	sample_2022120210026
HROV.vOTU43810	Responder_Status	Responder	1.62496020643314	1.54022326677359	0.300436852118699	0.862765691299065	sample_2022120210026
HROV.vOTU25387	Responder_Status	Responder	-0.562523132687751	0.532682498272823	0.299986152826987	0.862765691299065	sample_2022120210026
HROV.vOTU24034	Responder_Status	Responder	1.24789839215349	1.18250141018444	0.300307493664056	0.862765691299065	sample_2022120210026
HROV.vOTU60965	Responder_Status	Responder	-0.889787645208257	0.843904544669951	0.300727227525702	0.862765691299065	sample_2022120210026
HROV.vOTU53204	Responder_Status	Responder	1.11031861488038	1.05088360734089	0.299744896779501	0.862765691299065	sample_2022120210026
HROV.vOTU02957	Responder_Status	Responder	1.04466364415661	0.991765046663369	0.301191600317942	0.862872924827679	sample_2022120210026
HROV.vOTU03562	Responder_Status	Responder	1.52241029836945	1.44597801115727	0.301407402311651	0.862886809874001	sample_2022120210026
HROV.vOTU37432	Responder_Status	Responder	-0.72860659365454	0.692132374665431	0.301479562434707	0.862974330324207	sample_2022120210026
HROV.vOTU67718	Responder_Status	Responder	0.823532529043553	0.783331302836879	0.302100484334643	0.863322551982351	sample_2022120210026
HROV.vOTU06214	Responder_Status	Responder	0.756322584872381	0.719367246869096	0.3020774080295	0.863322551982351	sample_2022120210026
HROV.vOTU16373	Responder_Status	Responder	-1.48086853700715	1.40980125629724	0.30251181245721	0.863665397425303	sample_2022120210026
HROV.vOTU22687	Responder_Status	Responder	0.737497891410839	0.702264478927451	0.302619418174704	0.863814916898461	sample_2022120210026
HROV.vOTU33661	Responder_Status	Responder	-0.622532970661426	0.593767973758311	0.303399780101099	0.864535215201565	sample_2022120210026
HROV.vOTU07603	Responder_Status	Responder	-1.3134968025933	1.25273906361114	0.303374863602116	0.864535215201565	sample_2022120210026
HROV.vOTU59588	Responder_Status	Responder	-0.995127392964724	0.949563144687092	0.303608144058757	0.864578180074661	sample_2022120210026
HROV.vOTU34151	Responder_Status	Responder	1.29737814745902	1.23836228442413	0.303756668640008	0.864578180074661	sample_2022120210026
HROV.vOTU49317	Responder_Status	Responder	-0.830769748338511	0.793030486136982	0.303787332443703	0.864578180074661	sample_2022120210026
HROV.vOTU12710	Responder_Status	Responder	0.860694528588723	0.82359031313664	0.304937694049808	0.865385056336302	sample_2022120210026
HROV.vOTU23941	Responder_Status	Responder	-1.1019108809212	1.05443344792894	0.304949182261737	0.865385056336302	sample_2022120210026
HROV.vOTU24776	Responder_Status	Responder	-0.532979725566389	0.50994626341354	0.304884743775279	0.865385056336302	sample_2022120210026
HROV.vOTU63482	Responder_Status	Responder	-0.724559575221794	0.693778557938178	0.305248642023238	0.865631701313121	sample_2022120210026
HROV.vOTU41294	Responder_Status	Responder	-0.718699625926849	0.688158039471566	0.305242081574686	0.865631701313121	sample_2022120210026
HROV.vOTU07540	Responder_Status	Responder	0.817790539279054	0.783106777389571	0.305283746590435	0.865631701313121	sample_2022120210026
HROV.vOTU04448	Responder_Status	Responder	0.595137217315299	0.570742782816537	0.305987929780164	0.866241763445648	sample_2022120210026
HROV.vOTU06146	Responder_Status	Responder	0.830702031855293	0.796746447635611	0.306044258690123	0.866241763445648	sample_2022120210026
HROV.vOTU27016	Responder_Status	Responder	-0.634853820812329	0.609017338835617	0.3061328397572	0.8662561605021	sample_2022120210026
HROV.vOTU29822	Responder_Status	Responder	-0.913952090495778	0.877419485407129	0.306491220222906	0.866510194365333	sample_2022120210026
HROV.vOTU15017	Responder_Status	Responder	-0.872407822578065	0.839404391972798	0.307549077128129	0.866510194365333	sample_2022120210026
HROV.vOTU07014	Responder_Status	Responder	1.23680915906852	1.1919052979926	0.308300489311598	0.866510194365333	sample_2022120210026
HROV.vOTU73023	Responder_Status	Responder	-0.66234926261327	0.637726837288315	0.307872589509332	0.866510194365333	sample_2022120210026
HROV.vOTU22520	Responder_Status	Responder	0.782041774258788	0.752627913615882	0.307656948650972	0.866510194365333	sample_2022120210026
HROV.vOTU07154	Responder_Status	Responder	0.856194386850892	0.824089833396813	0.307713584542905	0.866510194365333	sample_2022120210026
HROV.vOTU63677	Responder_Status	Responder	-0.535185820394436	0.515246323597985	0.307831778478622	0.866510194365333	sample_2022120210026
HROV.vOTU37583	Responder_Status	Responder	-1.3488059479648	1.30020659191332	0.308435869666619	0.866510194365333	sample_2022120210026
HROV.vOTU52612	Responder_Status	Responder	-1.26621181438922	1.22014981946041	0.308265222936182	0.866510194365333	sample_2022120210026
HROV.vOTU75577	Responder_Status	Responder	-0.860875364857847	0.829496737225142	0.308229806242697	0.866510194365333	sample_2022120210026
HROV.vOTU19674	Responder_Status	Responder	0.397674483205851	0.382983973350881	0.30798763311426	0.866510194365333	sample_2022120210026
HROV.vOTU21098	Responder_Status	Responder	0.906660300025222	0.872579182342081	0.307667747314376	0.866510194365333	sample_2022120210026
HROV.vOTU34787	Responder_Status	Responder	1.02532044423369	0.98978066214149	0.309109848667362	0.866554888134803	sample_2022120210026
HROV.vOTU00172	Responder_Status	Responder	-0.825459733264617	0.797722771498927	0.309631130398563	0.866554888134803	sample_2022120210026
HROV.vOTU71398	Responder_Status	Responder	-0.820457344176857	0.792878593073833	0.309625213726342	0.866554888134803	sample_2022120210026
HROV.vOTU12294	Responder_Status	Responder	-0.663312231976911	0.640722785514843	0.309408142317366	0.866554888134803	sample_2022120210026
HROV.vOTU54203	Responder_Status	Responder	-0.731428067478224	0.706473985684798	0.309377953392929	0.866554888134803	sample_2022120210026
HROV.vOTU20111	Responder_Status	Responder	1.10109148494183	1.06341777122961	0.309329796242394	0.866554888134803	sample_2022120210026
HROV.vOTU23568	Responder_Status	Responder	0.590799656763898	0.569879818488084	0.30874215445939	0.866554888134803	sample_2022120210026
HROV.vOTU56492	Responder_Status	Responder	0.918204834640868	0.885456927599255	0.308616230768502	0.866554888134803	sample_2022120210026
HROV.vOTU33026	Responder_Status	Responder	0.61047450920198	0.589696033584405	0.309417446852492	0.866554888134803	sample_2022120210026
HROV.vOTU06659	Responder_Status	Responder	-0.763422123334634	0.737514258233213	0.30946665878834	0.866554888134803	sample_2022120210026
HROV.vOTU37579	Responder_Status	Responder	0.63617648912895	0.615355556083524	0.310060229255605	0.866728515637397	sample_2022120210026
HROV.vOTU05414	Responder_Status	Responder	-0.401060276489315	0.388037447073211	0.310186508159183	0.866728515637397	sample_2022120210026
HROV.vOTU66985	Responder_Status	Responder	-0.778332460043504	0.753415328059096	0.310411035188998	0.866979762831481	sample_2022120210026
HROV.vOTU65332	Responder_Status	Responder	0.975084332798	0.944098060036864	0.31052653684376	0.866980791222319	sample_2022120210026
HROV.vOTU38298	Responder_Status	Responder	-0.974013331230817	0.944118198011019	0.311058630504868	0.867416485552191	sample_2022120210026
HROV.vOTU21543	Responder_Status	Responder	1.01348172462545	0.982506116532325	0.311121924618698	0.867416485552191	sample_2022120210026
HROV.vOTU00799	Responder_Status	Responder	-0.706764187214765	0.685700579531787	0.311494482927607	0.868162893490985	sample_2022120210026
HROV.vOTU66452	Responder_Status	Responder	0.94261310329333	0.914638067576606	0.311555533647426	0.868162893490985	sample_2022120210026
HROV.vOTU61921	Responder_Status	Responder	-1.56907362117653	1.5323292235236	0.314610836176981	0.868554048450189	sample_2022120210026
HROV.vOTU07548	Responder_Status	Responder	-1.46789928475994	1.43141126372433	0.313909984107337	0.868554048450189	sample_2022120210026
HROV.vOTU33936	Responder_Status	Responder	-0.782916232283554	0.760896392483137	0.312315087917257	0.868554048450189	sample_2022120210026
HROV.vOTU56283	Responder_Status	Responder	0.34581850165126	0.339716834553759	0.31741219663908	0.868554048450189	sample_2022120210026
HROV.vOTU06807	Responder_Status	Responder	-1.30545025053781	1.28251831240381	0.317449848580611	0.868554048450189	sample_2022120210026
HROV.vOTU65601	Responder_Status	Responder	-0.633669217995516	0.619006280474626	0.314746158282054	0.868554048450189	sample_2022120210026
HROV.vOTU63905	Responder_Status	Responder	0.851098557797863	0.829877958420896	0.313873010095994	0.868554048450189	sample_2022120210026
HROV.vOTU70413	Responder_Status	Responder	0.983525359115781	0.966217701088891	0.317434722486524	0.868554048450189	sample_2022120210026
HROV.vOTU47257	Responder_Status	Responder	1.18903473914081	1.16013710120561	0.314179777010038	0.868554048450189	sample_2022120210026
HROV.vOTU07931	Responder_Status	Responder	0.910745436395876	0.894288556050414	0.317206265326408	0.868554048450189	sample_2022120210026
HROV.vOTU55876	Responder_Status	Responder	-0.482479483780746	0.469024929343479	0.312431963173431	0.868554048450189	sample_2022120210026
HROV.vOTU31912	Responder_Status	Responder	-1.0006943555226	0.976920392857936	0.314445585880602	0.868554048450189	sample_2022120210026
HROV.vOTU15902	Responder_Status	Responder	-0.862464899528631	0.842595713500089	0.314795800409867	0.868554048450189	sample_2022120210026
HROV.vOTU16803	Responder_Status	Responder	-0.864677609795107	0.844700887673958	0.314763984314215	0.868554048450189	sample_2022120210026
HROV.vOTU38735	Responder_Status	Responder	0.857282859894742	0.841391711680151	0.31698019459387	0.868554048450189	sample_2022120210026
HROV.vOTU73241	Responder_Status	Responder	-0.931062458408496	0.910370899123885	0.315191592181344	0.868554048450189	sample_2022120210026
HROV.vOTU63801	Responder_Status	Responder	0.641347077219671	0.626793040950922	0.3149634550085	0.868554048450189	sample_2022120210026
HROV.vOTU57826	Responder_Status	Responder	-0.788053381171509	0.766761776256538	0.31285610570974	0.868554048450189	sample_2022120210026
HROV.vOTU35902	Responder_Status	Responder	-0.675724046789145	0.659319324334477	0.314192531682183	0.868554048450189	sample_2022120210026
HROV.vOTU04807	Responder_Status	Responder	-0.481606121556202	0.471785631777203	0.316081364023247	0.868554048450189	sample_2022120210026
HROV.vOTU44375	Responder_Status	Responder	0.998313284345507	0.974632497394564	0.314463433296005	0.868554048450189	sample_2022120210026
HROV.vOTU28965	Responder_Status	Responder	-0.591271915131337	0.575487143267281	0.313013144460846	0.868554048450189	sample_2022120210026
HROV.vOTU14008	Responder_Status	Responder	0.38112990314743	0.370550152409563	0.312494198938839	0.868554048450189	sample_2022120210026
HROV.vOTU09782	Responder_Status	Responder	0.922456054902995	0.903941887428796	0.316236873961074	0.868554048450189	sample_2022120210026
HROV.vOTU32309	Responder_Status	Responder	0.366271073653314	0.358960114443813	0.316290217467731	0.868554048450189	sample_2022120210026
HROV.vOTU40521	Responder_Status	Responder	0.463363200948031	0.450633719270273	0.312634403479114	0.868554048450189	sample_2022120210026
HROV.vOTU04221	Responder_Status	Responder	-1.29982777496076	1.2812454150691	0.319029404884188	0.868973302930686	sample_2022120210026
HROV.vOTU57374	Responder_Status	Responder	-1.49934961050796	1.4762542260064	0.318495008385587	0.868973302930686	sample_2022120210026
HROV.vOTU27780	Responder_Status	Responder	-1.3060995474609	1.28466619258546	0.318008830954397	0.868973302930686	sample_2022120210026
HROV.vOTU41168	Responder_Status	Responder	1.08408603882066	1.06857321257416	0.319022859795051	0.868973302930686	sample_2022120210026
HROV.vOTU03486	Responder_Status	Responder	-0.413096964462352	0.40706431237661	0.318881117481702	0.868973302930686	sample_2022120210026
HROV.vOTU49020	Responder_Status	Responder	-0.641879020600962	0.632153925478295	0.318616947582403	0.868973302930686	sample_2022120210026
HROV.vOTU37055	Responder_Status	Responder	-0.382814529761323	0.376745405984265	0.318277552316175	0.868973302930686	sample_2022120210026
HROV.vOTU20618	Responder_Status	Responder	-0.49656676733608	0.488445548539981	0.318035631713794	0.868973302930686	sample_2022120210026
HROV.vOTU50399	Responder_Status	Responder	0.51672393591689	0.508559173822234	0.318303119674089	0.868973302930686	sample_2022120210026
HROV.vOTU51632	Responder_Status	Responder	-0.400660360417959	0.394424517509367	0.318417611979814	0.868973302930686	sample_2022120210026
HROV.vOTU59949	Responder_Status	Responder	1.05218963484502	1.03816126164988	0.319493790787345	0.869328108947996	sample_2022120210026
HROV.vOTU05711	Responder_Status	Responder	1.02092499966131	1.00782457009469	0.319734918326631	0.869802749865727	sample_2022120210026
HROV.vOTU09591	Responder_Status	Responder	-0.65236821293126	0.644457389823553	0.320074569271266	0.869802749865727	sample_2022120210026
HROV.vOTU31817	Responder_Status	Responder	0.63530456145841	0.627256063442735	0.319813496418378	0.869802749865727	sample_2022120210026
HROV.vOTU26869	Responder_Status	Responder	-0.628952692313778	0.621865622405497	0.320487386227764	0.869815775506695	sample_2022120210026
HROV.vOTU32961	Responder_Status	Responder	0.812104746106663	0.803003570459337	0.320516785590537	0.869815775506695	sample_2022120210026
HROV.vOTU21744	Responder_Status	Responder	-0.602579571295798	0.595846664592766	0.320532854837619	0.869815775506695	sample_2022120210026
HROV.vOTU39150	Responder_Status	Responder	-0.711180573397895	0.705669963143181	0.322176569029878	0.870995224033234	sample_2022120210026
HROV.vOTU16714	Responder_Status	Responder	-0.611989694072555	0.607243000084358	0.322172914470621	0.870995224033234	sample_2022120210026
HROV.vOTU01833	Responder_Status	Responder	-0.352180870524965	0.349978312612921	0.322892063018282	0.870995224033234	sample_2022120210026
HROV.vOTU31834	Responder_Status	Responder	-0.756415702394126	0.751364991640112	0.322689604563657	0.870995224033234	sample_2022120210026
HROV.vOTU16890	Responder_Status	Responder	-0.361675040945872	0.359108189730099	0.322488570226603	0.870995224033234	sample_2022120210026
HROV.vOTU60459	Responder_Status	Responder	1.12500479300197	1.1163675810572	0.322210608580893	0.870995224033234	sample_2022120210026
HROV.vOTU54041	Responder_Status	Responder	-0.52573515959202	0.521958738555616	0.322447389502531	0.870995224033234	sample_2022120210026
HROV.vOTU04247	Responder_Status	Responder	1.15437441465379	1.14633314801083	0.322551390436084	0.870995224033234	sample_2022120210026
HROV.vOTU14305	Responder_Status	Responder	1.05304368123295	1.04604573118741	0.322704781693139	0.870995224033234	sample_2022120210026
HROV.vOTU22698	Responder_Status	Responder	-1.24371583040253	1.233790640954	0.322065530687456	0.870995224033234	sample_2022120210026
HROV.vOTU61047	Responder_Status	Responder	-0.516874834591476	0.513025977429725	0.322321305092513	0.870995224033234	sample_2022120210026
HROV.vOTU69853	Responder_Status	Responder	-0.701880257519109	0.697745635760769	0.323065822096816	0.870995224033234	sample_2022120210026
HROV.vOTU57545	Responder_Status	Responder	-0.278433667637501	0.276305998426336	0.322227818251193	0.870995224033234	sample_2022120210026
HROV.vOTU30867	Responder_Status	Responder	0.593936903842205	0.589877553040571	0.32261422501736	0.870995224033234	sample_2022120210026
HROV.vOTU33570	Responder_Status	Responder	-0.52050443726397	0.517281783674506	0.322922033214313	0.870995224033234	sample_2022120210026
HROV.vOTU14822	Responder_Status	Responder	0.622227458662498	0.618282826069315	0.322851166866572	0.870995224033234	sample_2022120210026
HROV.vOTU36677	Responder_Status	Responder	1.32652876981864	1.31985439040498	0.323476595995635	0.871480052831658	sample_2022120210026
HROV.vOTU36366	Responder_Status	Responder	1.21287502134694	1.20717555017783	0.323635359070816	0.871600142200695	sample_2022120210026
HROV.vOTU60443	Responder_Status	Responder	-1.13961822976949	1.13869435079201	0.325489126032298	0.871709394924152	sample_2022120210026
HROV.vOTU01838	Responder_Status	Responder	-0.777935305826521	0.775659868988331	0.324482063980835	0.871709394924152	sample_2022120210026
HROV.vOTU59291	Responder_Status	Responder	-0.914565095271255	0.914035706861445	0.325599430317041	0.871709394924152	sample_2022120210026
HROV.vOTU36535	Responder_Status	Responder	-0.707578502452231	0.70493059268254	0.324092228760372	0.871709394924152	sample_2022120210026
HROV.vOTU01529	Responder_Status	Responder	1.3210225077643	1.32171631830817	0.326124338929937	0.871709394924152	sample_2022120210026
HROV.vOTU14148	Responder_Status	Responder	1.60923215187665	1.60520729815942	0.324684128643542	0.871709394924152	sample_2022120210026
HROV.vOTU27306	Responder_Status	Responder	0.91223664511513	0.909384071450643	0.324385717391175	0.871709394924152	sample_2022120210026
HROV.vOTU62066	Responder_Status	Responder	-1.02666384057758	1.02564580325147	0.325403041003907	0.871709394924152	sample_2022120210026
HROV.vOTU49591	Responder_Status	Responder	0.734757355231674	0.732460703071333	0.324386328744416	0.871709394924152	sample_2022120210026
HROV.vOTU04156	Responder_Status	Responder	-0.925710677975832	0.921823200134694	0.323873981809625	0.871709394924152	sample_2022120210026
HROV.vOTU61017	Responder_Status	Responder	0.529968941144497	0.529258636392224	0.32523707650715	0.871709394924152	sample_2022120210026
HROV.vOTU63882	Responder_Status	Responder	0.155864679164635	0.155855946210288	0.325848068394958	0.871709394924152	sample_2022120210026
HROV.vOTU47642	Responder_Status	Responder	-0.357360018740576	0.356482752833642	0.324706171683905	0.871709394924152	sample_2022120210026
HROV.vOTU53736	Responder_Status	Responder	0.350391519460287	0.349569070058822	0.324757460987046	0.871709394924152	sample_2022120210026
HROV.vOTU68414	Responder_Status	Responder	0.613301895597773	0.611179309784202	0.324226447241312	0.871709394924152	sample_2022120210026
HROV.vOTU46641	Responder_Status	Responder	-0.822182158883206	0.821420477820994	0.325434060726385	0.871709394924152	sample_2022120210026
HROV.vOTU11756	Responder_Status	Responder	0.514269520816977	0.514856728421799	0.326417252935285	0.872155292094665	sample_2022120210026
HROV.vOTU52072	Responder_Status	Responder	0.94155183016532	0.942591531563058	0.326399403523651	0.872155292094665	sample_2022120210026
HROV.vOTU53131	Responder_Status	Responder	-1.29030159489552	1.29245966976431	0.326669210143131	0.872379164796649	sample_2022120210026
HROV.vOTU59505	Responder_Status	Responder	-0.850059691579987	0.852647942769288	0.327320077147893	0.872931839086787	sample_2022120210026
HROV.vOTU47918	Responder_Status	Responder	-0.380988764184258	0.382603815019904	0.327885819462285	0.872931839086787	sample_2022120210026
HROV.vOTU35834	Responder_Status	Responder	0.73034416939911	0.733079704818963	0.32765210409802	0.872931839086787	sample_2022120210026
HROV.vOTU74611	Responder_Status	Responder	0.376469965413753	0.378035125561336	0.327847168504509	0.872931839086787	sample_2022120210026
HROV.vOTU09393	Responder_Status	Responder	0.689663011187806	0.691814395433931	0.327355474564387	0.872931839086787	sample_2022120210026
HROV.vOTU49134	Responder_Status	Responder	1.19642998193414	1.2026720137835	0.328348641436861	0.872936859456974	sample_2022120210026
HROV.vOTU18475	Responder_Status	Responder	-0.177348007600691	0.178230849983348	0.328235502724611	0.872936859456974	sample_2022120210026
HROV.vOTU29337	Responder_Status	Responder	-0.416917246544859	0.419353119950092	0.328644314454269	0.873141835489227	sample_2022120210026
HROV.vOTU00059	Responder_Status	Responder	0.856058117127395	0.861653602356968	0.328972103577362	0.873141835489227	sample_2022120210026
HROV.vOTU58516	Responder_Status	Responder	-0.678785604389519	0.683049705958599	0.328851938609184	0.873141835489227	sample_2022120210026
HROV.vOTU55676	Responder_Status	Responder	-0.56865007239278	0.57206989696746	0.328725297220622	0.873141835489227	sample_2022120210026
HROV.vOTU22654	Responder_Status	Responder	-0.819864110690077	0.825844061034747	0.329329746574469	0.873595840657949	sample_2022120210026
HROV.vOTU51134	Responder_Status	Responder	-0.637571412577436	0.643527013214301	0.330294967772749	0.873595840657949	sample_2022120210026
HROV.vOTU49753	Responder_Status	Responder	-0.586927271043978	0.592224135634745	0.330145954193747	0.873595840657949	sample_2022120210026
HROV.vOTU25355	Responder_Status	Responder	-0.598431161256881	0.603489943445953	0.329876701068086	0.873595840657949	sample_2022120210026
HROV.vOTU36813	Responder_Status	Responder	1.11838719305016	1.12738310889177	0.329683498119137	0.873595840657949	sample_2022120210026
HROV.vOTU03138	Responder_Status	Responder	-0.347670018363973	0.350745740710349	0.330062052817462	0.873595840657949	sample_2022120210026
HROV.vOTU23140	Responder_Status	Responder	0.371583592852791	0.375105929130692	0.330360046457253	0.873595840657949	sample_2022120210026
HROV.vOTU71923	Responder_Status	Responder	0.678937562012887	0.685551644478923	0.330483673468951	0.873663281295557	sample_2022120210026
HROV.vOTU32776	Responder_Status	Responder	0.299582216323907	0.302499678196746	0.330482083214417	0.873663281295557	sample_2022120210026
HROV.vOTU28376	Responder_Status	Responder	-0.796497807737455	0.805261299391548	0.331076839183137	0.873798666091084	sample_2022120210026
HROV.vOTU61992	Responder_Status	Responder	0.618101652158266	0.624844265099025	0.331032662759806	0.873798666091084	sample_2022120210026
HROV.vOTU50804	Responder_Status	Responder	-0.878969475200452	0.889379797949602	0.331472226537115	0.874048610026956	sample_2022120210026
HROV.vOTU02437	Responder_Status	Responder	-0.441599237457172	0.446810273569525	0.331451833034986	0.874048610026956	sample_2022120210026
HROV.vOTU02293	Responder_Status	Responder	-0.85355754207062	0.867029351478658	0.333319247483864	0.874235964267239	sample_2022120210026
HROV.vOTU56526	Responder_Status	Responder	-0.97773772531258	0.991547794742591	0.332542478440427	0.874235964267239	sample_2022120210026
HROV.vOTU20527	Responder_Status	Responder	1.23838745910576	1.25616121956308	0.332649253384333	0.874235964267239	sample_2022120210026
HROV.vOTU54368	Responder_Status	Responder	0.666791418704674	0.678356117882929	0.33404895580994	0.874235964267239	sample_2022120210026
HROV.vOTU15022	Responder_Status	Responder	0.703418903036482	0.716969046133648	0.334944834134205	0.874235964267239	sample_2022120210026
HROV.vOTU27379	Responder_Status	Responder	-0.356207476488264	0.362998927324827	0.33485284414021	0.874235964267239	sample_2022120210026
HROV.vOTU08830	Responder_Status	Responder	0.52789892319532	0.535801333044669	0.332938392565499	0.874235964267239	sample_2022120210026
HROV.vOTU19997	Responder_Status	Responder	0.431529472003983	0.439657725790022	0.334745528742786	0.874235964267239	sample_2022120210026
HROV.vOTU75509	Responder_Status	Responder	-1.01864968645314	1.03873995896494	0.335158896180525	0.874235964267239	sample_2022120210026
HROV.vOTU21431	Responder_Status	Responder	1.11538618293542	1.1327665338853	0.333225292545782	0.874235964267239	sample_2022120210026
HROV.vOTU05683	Responder_Status	Responder	0.61080010531025	0.619946564937727	0.332940735906602	0.874235964267239	sample_2022120210026
HROV.vOTU41114	Responder_Status	Responder	1.03593191050292	1.05164298352821	0.333030442233305	0.874235964267239	sample_2022120210026
HROV.vOTU26832	Responder_Status	Responder	1.04488323791289	1.06330518517959	0.334182937710313	0.874235964267239	sample_2022120210026
HROV.vOTU34795	Responder_Status	Responder	0.637255098590527	0.647944952036881	0.333783066060612	0.874235964267239	sample_2022120210026
HROV.vOTU32612	Responder_Status	Responder	0.27118613057186	0.274699425714464	0.33199411957606	0.874235964267239	sample_2022120210026
HROV.vOTU04830	Responder_Status	Responder	0.67425703104839	0.687497412081763	0.335119064196787	0.874235964267239	sample_2022120210026
HROV.vOTU29297	Responder_Status	Responder	0.69788491926489	0.710842930707928	0.334620321583735	0.874235964267239	sample_2022120210026
HROV.vOTU23857	Responder_Status	Responder	0.514886457509332	0.524830209381493	0.334967798411629	0.874235964267239	sample_2022120210026
HROV.vOTU23188	Responder_Status	Responder	-0.456971011200602	0.466128536539697	0.335306690873041	0.874283802978982	sample_2022120210026
HROV.vOTU10505	Responder_Status	Responder	-0.584281255167929	0.597060368937111	0.336159395224844	0.874866104467015	sample_2022120210026
HROV.vOTU51786	Responder_Status	Responder	0.985939602270836	1.00833059868682	0.33654930802095	0.874967147991708	sample_2022120210026
HROV.vOTU32342	Responder_Status	Responder	-0.733446370022851	0.750032921099166	0.336504804771505	0.874967147991708	sample_2022120210026
HROV.vOTU26340	Responder_Status	Responder	0.903495800592496	0.924169149416637	0.336628847731034	0.874990428462852	sample_2022120210026
HROV.vOTU73713	Responder_Status	Responder	0.357833492698929	0.366324248385681	0.337022034739504	0.875451100464571	sample_2022120210026
HROV.vOTU16374	Responder_Status	Responder	-0.370007180382481	0.378842657374655	0.33709210580389	0.875451100464571	sample_2022120210026
HROV.vOTU30475	Responder_Status	Responder	0.877279206656746	0.898435196090318	0.337201736095443	0.875602055309778	sample_2022120210026
HROV.vOTU04461	Responder_Status	Responder	1.04419784353042	1.074275496599	0.339372185044943	0.875653488646365	sample_2022120210026
HROV.vOTU69775	Responder_Status	Responder	-0.877252439339615	0.904203933791429	0.34025700696127	0.875653488646365	sample_2022120210026
HROV.vOTU16355	Responder_Status	Responder	-0.91465280224878	0.940971402408415	0.339358268244704	0.875653488646365	sample_2022120210026
HROV.vOTU48934	Responder_Status	Responder	0.658161445132299	0.676599582321969	0.339007271784567	0.875653488646365	sample_2022120210026
HROV.vOTU01832	Responder_Status	Responder	0.291914763177223	0.299209451178104	0.337606910208749	0.875653488646365	sample_2022120210026
HROV.vOTU04883	Responder_Status	Responder	-1.27605735690021	1.31371999372142	0.339700052157654	0.875653488646365	sample_2022120210026
HROV.vOTU75492	Responder_Status	Responder	-0.908723983141368	0.936527481446756	0.340198739973975	0.875653488646365	sample_2022120210026
HROV.vOTU60373	Responder_Status	Responder	-0.889537077843329	0.915505103102667	0.339551399507263	0.875653488646365	sample_2022120210026
HROV.vOTU20117	Responder_Status	Responder	-0.890133505727935	0.916732457835509	0.339869425805929	0.875653488646365	sample_2022120210026
HROV.vOTU01220	Responder_Status	Responder	-0.742209319422322	0.763646969988175	0.33940866758097	0.875653488646365	sample_2022120210026
HROV.vOTU01119	Responder_Status	Responder	0.562594096291524	0.578670685474977	0.339266553227902	0.875653488646365	sample_2022120210026
HROV.vOTU16798	Responder_Status	Responder	0.345221284893862	0.355052613264346	0.339221525548289	0.875653488646365	sample_2022120210026
HROV.vOTU01559	Responder_Status	Responder	0.556718499701577	0.575596106573731	0.341722937639034	0.875852185059711	sample_2022120210026
HROV.vOTU48382	Responder_Status	Responder	1.12113711002466	1.15865348556859	0.341518056211591	0.875852185059711	sample_2022120210026
HROV.vOTU56860	Responder_Status	Responder	0.565143653273017	0.583564845374064	0.341119347939123	0.875852185059711	sample_2022120210026
HROV.vOTU43965	Responder_Status	Responder	1.43374212360161	1.47914515898112	0.340692251071711	0.875852185059711	sample_2022120210026
HROV.vOTU07688	Responder_Status	Responder	0.878855541660081	0.90821045145885	0.341489792846625	0.875852185059711	sample_2022120210026
HROV.vOTU37364	Responder_Status	Responder	0.793705818448918	0.819855357448339	0.341280558415276	0.875852185059711	sample_2022120210026
HROV.vOTU25738	Responder_Status	Responder	0.339519376253634	0.350330270186016	0.340772471939707	0.875852185059711	sample_2022120210026
HROV.vOTU02169	Responder_Status	Responder	1.15187811745942	1.19106104761038	0.341772474946737	0.875852643589576	sample_2022120210026
HROV.vOTU60122	Responder_Status	Responder	0.965033295672045	0.998112290018628	0.341892340244479	0.875943457225945	sample_2022120210026
HROV.vOTU15775	Responder_Status	Responder	0.845606445418582	0.874811103366901	0.342011421456757	0.876140369781198	sample_2022120210026
HROV.vOTU75876	Responder_Status	Responder	0.534864437878582	0.553402155758511	0.342067323171947	0.876175404989247	sample_2022120210026
HROV.vOTU49399	Responder_Status	Responder	0.696898267680045	0.721310129491419	0.342237387185944	0.876286498532617	sample_2022120210026
HROV.vOTU29846	Responder_Status	Responder	0.264158677094164	0.273451492831096	0.342306026567004	0.876354108731071	sample_2022120210026
HROV.vOTU13781	Responder_Status	Responder	-1.02518690338524	1.06268410934273	0.342946467631627	0.876679405662926	sample_2022120210026
HROV.vOTU42180	Responder_Status	Responder	-0.848345544449102	0.88024308744333	0.343415186260828	0.876679405662926	sample_2022120210026
HROV.vOTU22046	Responder_Status	Responder	-0.735538838676142	0.762916625440331	0.343242036838815	0.876679405662926	sample_2022120210026
HROV.vOTU09633	Responder_Status	Responder	0.383759647381756	0.397918808050791	0.343093004550187	0.876679405662926	sample_2022120210026
HROV.vOTU11158	Responder_Status	Responder	0.269427018972709	0.279392224376665	0.343134561474999	0.876679405662926	sample_2022120210026
HROV.vOTU49444	Responder_Status	Responder	0.96165815587922	0.99933748761309	0.344138499737104	0.876930539990186	sample_2022120210026
HROV.vOTU19045	Responder_Status	Responder	1.06075129853506	1.10220228336757	0.344090699255716	0.876930539990186	sample_2022120210026
HROV.vOTU41630	Responder_Status	Responder	-0.944407382490736	0.981218919891368	0.344045666089179	0.876930539990186	sample_2022120210026
HROV.vOTU32970	Responder_Status	Responder	1.22881743984896	1.27792771591757	0.344496468343421	0.876930539990186	sample_2022120210026
HROV.vOTU67877	Responder_Status	Responder	0.779938727410146	0.812059011038153	0.345051951638314	0.877380547387541	sample_2022120210026
HROV.vOTU75872	Responder_Status	Responder	-0.743869608165837	0.774450601742605	0.345018943952072	0.877380547387541	sample_2022120210026
HROV.vOTU73450	Responder_Status	Responder	0.637795941595929	0.664340923249387	0.345251044373739	0.877506022875439	sample_2022120210026
HROV.vOTU26724	Responder_Status	Responder	-1.04470252622498	1.08902563313341	0.345618502867446	0.877542298226927	sample_2022120210026
HROV.vOTU57856	Responder_Status	Responder	-0.558266293821679	0.582176266707214	0.345801710868771	0.877627152925377	sample_2022120210026
HROV.vOTU34692	Responder_Status	Responder	-0.84374945234164	0.87989478320278	0.345806245894838	0.877627152925377	sample_2022120210026
HROV.vOTU08280	Responder_Status	Responder	-0.790893312819131	0.825111318252307	0.346000125588765	0.877689805130424	sample_2022120210026
HROV.vOTU55792	Responder_Status	Responder	-0.894610023133469	0.933639965604736	0.346165182368975	0.877696060815454	sample_2022120210026
HROV.vOTU39970	Responder_Status	Responder	1.48091351335707	1.5455183297508	0.346163859785571	0.877696060815454	sample_2022120210026
HROV.vOTU02040	Responder_Status	Responder	-1.05925838145226	1.10613198933694	0.346448623154426	0.877861635175765	sample_2022120210026
HROV.vOTU62011	Responder_Status	Responder	-1.08139360799059	1.12977736745753	0.346671578348564	0.877992061428655	sample_2022120210026
HROV.vOTU03969	Responder_Status	Responder	0.946306467129894	0.988639194833898	0.346668238786889	0.877992061428655	sample_2022120210026
HROV.vOTU72401	Responder_Status	Responder	1.00780579700284	1.05336680913201	0.346883244667897	0.877992061428655	sample_2022120210026
HROV.vOTU21438	Responder_Status	Responder	-0.376138069872188	0.393684783382785	0.34753725438358	0.878581631147574	sample_2022120210026
HROV.vOTU31815	Responder_Status	Responder	0.949120244888842	0.993728138055769	0.347695690044441	0.878724681118681	sample_2022120210026
HROV.vOTU44478	Responder_Status	Responder	-0.741231506059864	0.777189839177555	0.348380557014463	0.878786355221262	sample_2022120210026
HROV.vOTU41906	Responder_Status	Responder	1.00437948358227	1.0527599519035	0.348225737841989	0.878786355221262	sample_2022120210026
HROV.vOTU54484	Responder_Status	Responder	-0.677568815104565	0.711291908273511	0.348949907507878	0.87923616170829	sample_2022120210026
HROV.vOTU07124	Responder_Status	Responder	-0.998044412185041	1.04801433772878	0.349084146597684	0.87923616170829	sample_2022120210026
HROV.vOTU50896	Responder_Status	Responder	-1.04787059715679	1.09984210012456	0.348871509418809	0.87923616170829	sample_2022120210026
HROV.vOTU06484	Responder_Status	Responder	-0.990980243721997	1.04252205430449	0.349961050602399	0.879258153484592	sample_2022120210026
HROV.vOTU63750	Responder_Status	Responder	-0.858198622261854	0.902339023953358	0.349700770888835	0.879258153484592	sample_2022120210026
HROV.vOTU37071	Responder_Status	Responder	-0.786604436879959	0.826730074416783	0.349510099813652	0.879258153484592	sample_2022120210026
HROV.vOTU17656	Responder_Status	Responder	-0.513029587212852	0.539507320377422	0.349780499058025	0.879258153484592	sample_2022120210026
HROV.vOTU47446	Responder_Status	Responder	0.596834233025755	0.627317298005865	0.349538707266526	0.879258153484592	sample_2022120210026
HROV.vOTU54723	Responder_Status	Responder	-0.259693086104768	0.273366438675864	0.350249955337873	0.879258153484592	sample_2022120210026
HROV.vOTU22759	Responder_Status	Responder	0.697405999749286	0.734276496298457	0.350347297012559	0.879258153484592	sample_2022120210026
HROV.vOTU55957	Responder_Status	Responder	-0.272428574256984	0.286858597718461	0.350392358984303	0.879264898890349	sample_2022120210026
HROV.vOTU40394	Responder_Status	Responder	-0.935405303625659	0.985478017766351	0.350645584041248	0.879528929610944	sample_2022120210026
HROV.vOTU53179	Responder_Status	Responder	1.13625813410812	1.19814017123917	0.351064333725669	0.879546069040121	sample_2022120210026
HROV.vOTU02759	Responder_Status	Responder	1.19176028417427	1.25644963152781	0.3509830465601	0.879546069040121	sample_2022120210026
HROV.vOTU60828	Responder_Status	Responder	0.750360270468949	0.791353075159787	0.351140585839851	0.879546069040121	sample_2022120210026
HROV.vOTU14451	Responder_Status	Responder	0.388318958316347	0.409361693703555	0.350942027385427	0.879546069040121	sample_2022120210026
HROV.vOTU66410	Responder_Status	Responder	1.20704332296546	1.27393799352887	0.351495380710012	0.879798449907448	sample_2022120210026
HROV.vOTU07693	Responder_Status	Responder	-0.459739502450142	0.485919509558176	0.352179942796189	0.880224846565193	sample_2022120210026
HROV.vOTU70059	Responder_Status	Responder	-0.906944167040004	0.959182231934989	0.352472541415706	0.880332839958582	sample_2022120210026
HROV.vOTU00854	Responder_Status	Responder	-0.639014710030728	0.675888107514858	0.352519886730951	0.880335556864082	sample_2022120210026
HROV.vOTU75519	Responder_Status	Responder	1.25367553582972	1.32612499042251	0.352558480845326	0.880335556864082	sample_2022120210026
HROV.vOTU59262	Responder_Status	Responder	-0.954481068204389	1.0215640679203	0.358120399591402	0.880820210352056	sample_2022120210026
HROV.vOTU60217	Responder_Status	Responder	-0.754777894935473	0.805540826180162	0.356779516152178	0.880820210352056	sample_2022120210026
HROV.vOTU07138	Responder_Status	Responder	-0.396384330697654	0.422076581105863	0.355695926299911	0.880820210352056	sample_2022120210026
HROV.vOTU19384	Responder_Status	Responder	0.597034127945784	0.635994690062873	0.35589176339847	0.880820210352056	sample_2022120210026
HROV.vOTU10841	Responder_Status	Responder	0.862613263989714	0.921400348558289	0.357176252185816	0.880820210352056	sample_2022120210026
HROV.vOTU11972	Responder_Status	Responder	0.987648479488708	1.05003866842946	0.354963032228004	0.880820210352056	sample_2022120210026
HROV.vOTU42910	Responder_Status	Responder	0.714244064438433	0.75979483620496	0.35523226236225	0.880820210352056	sample_2022120210026
HROV.vOTU33173	Responder_Status	Responder	0.261961107309781	0.278037313036136	0.354159370579248	0.880820210352056	sample_2022120210026
HROV.vOTU21018	Responder_Status	Responder	1.38250361087231	1.46623063100608	0.35379901749405	0.880820210352056	sample_2022120210026
HROV.vOTU07478	Responder_Status	Responder	0.569269904907085	0.604927202763372	0.354725205921754	0.880820210352056	sample_2022120210026
HROV.vOTU17770	Responder_Status	Responder	0.475471746499394	0.507904267312964	0.357203407223309	0.880820210352056	sample_2022120210026
HROV.vOTU47873	Responder_Status	Responder	0.689051050827291	0.731652365555524	0.354363528986638	0.880820210352056	sample_2022120210026
HROV.vOTU31655	Responder_Status	Responder	-0.795765656700547	0.849293777416983	0.356784277410824	0.880820210352056	sample_2022120210026
HROV.vOTU30073	Responder_Status	Responder	-0.955635611386666	1.01433461006855	0.354184088122189	0.880820210352056	sample_2022120210026
HROV.vOTU41535	Responder_Status	Responder	0.694291708728132	0.736431896515734	0.353858593756893	0.880820210352056	sample_2022120210026
HROV.vOTU64505	Responder_Status	Responder	-0.379873162017245	0.405359972402265	0.356707402272553	0.880820210352056	sample_2022120210026
HROV.vOTU13136	Responder_Status	Responder	-0.729261690736378	0.780516947707935	0.358121105339287	0.880820210352056	sample_2022120210026
HROV.vOTU08849	Responder_Status	Responder	-0.431723788145356	0.462150000395247	0.358206172636025	0.880820210352056	sample_2022120210026
HROV.vOTU12747	Responder_Status	Responder	-0.323542859737787	0.344917066705046	0.356250062727498	0.880820210352056	sample_2022120210026
HROV.vOTU63698	Responder_Status	Responder	-0.686251795443733	0.734296354408507	0.358000044019544	0.880820210352056	sample_2022120210026
HROV.vOTU15709	Responder_Status	Responder	1.09552330776353	1.16566323835783	0.355343286347401	0.880820210352056	sample_2022120210026
HROV.vOTU19163	Responder_Status	Responder	0.346777850499282	0.370778923627443	0.357646636148079	0.880820210352056	sample_2022120210026
HROV.vOTU28914	Responder_Status	Responder	-0.508741769330765	0.538959858365703	0.353278499462098	0.880820210352056	sample_2022120210026
HROV.vOTU62662	Responder_Status	Responder	0.537532860942323	0.573360072513716	0.356511312296747	0.880820210352056	sample_2022120210026
HROV.vOTU64808	Responder_Status	Responder	1.12947755383099	1.19701737170808	0.353457280765703	0.880820210352056	sample_2022120210026
HROV.vOTU01715	Responder_Status	Responder	0.625859935664803	0.669155452732057	0.357631570996018	0.880820210352056	sample_2022120210026
HROV.vOTU05761	Responder_Status	Responder	1.06152621842799	1.1239470244101	0.353012310485856	0.880820210352056	sample_2022120210026
HROV.vOTU55684	Responder_Status	Responder	0.486638549374423	0.518796033586808	0.356257995423127	0.880820210352056	sample_2022120210026
HROV.vOTU51286	Responder_Status	Responder	0.749267150266755	0.794901347455958	0.353952356676171	0.880820210352056	sample_2022120210026
HROV.vOTU08856	Responder_Status	Responder	0.490190413129063	0.523972066074886	0.357515411635025	0.880820210352056	sample_2022120210026
HROV.vOTU50156	Responder_Status	Responder	0.625298301379483	0.666174777219818	0.355942591895822	0.880820210352056	sample_2022120210026
HROV.vOTU72562	Responder_Status	Responder	-0.47995606212544	0.511283491682862	0.355898259857909	0.880820210352056	sample_2022120210026
HROV.vOTU55097	Responder_Status	Responder	0.794360402727974	0.851843542579322	0.359040240291305	0.881611716886891	sample_2022120210026
HROV.vOTU07520	Responder_Status	Responder	0.400501991638981	0.429621348870788	0.35919163593664	0.881621297100223	sample_2022120210026
HROV.vOTU38906	Responder_Status	Responder	-0.996533866592566	1.07133372237976	0.360228415952752	0.881668428246527	sample_2022120210026
HROV.vOTU53328	Responder_Status	Responder	-0.55305711674981	0.593749101107349	0.359574991409347	0.881668428246527	sample_2022120210026
HROV.vOTU48450	Responder_Status	Responder	1.06690409309228	1.14617275717797	0.35989284303208	0.881668428246527	sample_2022120210026
HROV.vOTU12221	Responder_Status	Responder	1.34943621811384	1.45010456201905	0.360026042223443	0.881668428246527	sample_2022120210026
HROV.vOTU24435	Responder_Status	Responder	-0.616489105297206	0.662329329296252	0.359918861324513	0.881668428246527	sample_2022120210026
HROV.vOTU67860	Responder_Status	Responder	-0.508914030502518	0.547369193036535	0.360449795807135	0.881892850253278	sample_2022120210026
HROV.vOTU25935	Responder_Status	Responder	1.04604961043297	1.12551577314428	0.360627768006858	0.882016287852701	sample_2022120210026
HROV.vOTU00473	Responder_Status	Responder	1.03311219154189	1.11300876047332	0.361228788822273	0.882302698993457	sample_2022120210026
HROV.vOTU17050	Responder_Status	Responder	0.899248505260491	0.968893619367213	0.361278098725751	0.882302698993457	sample_2022120210026
HROV.vOTU05302	Responder_Status	Responder	-0.690124738776521	0.743390141241258	0.361161377347077	0.882302698993457	sample_2022120210026
HROV.vOTU01853	Responder_Status	Responder	0.714779518456889	0.769872723752971	0.361115232190515	0.882302698993457	sample_2022120210026
HROV.vOTU07600	Responder_Status	Responder	1.38696547908395	1.49680819103213	0.362044885728466	0.882590504887476	sample_2022120210026
HROV.vOTU48273	Responder_Status	Responder	0.379121237426851	0.409575492276412	0.362540665248632	0.882603780986734	sample_2022120210026
HROV.vOTU05602	Responder_Status	Responder	-1.13809874650878	1.2289787513058	0.362332258407753	0.882603780986734	sample_2022120210026
HROV.vOTU14316	Responder_Status	Responder	-0.714009142334227	0.77070246961191	0.362134692990285	0.882603780986734	sample_2022120210026
HROV.vOTU75194	Responder_Status	Responder	0.722655753684099	0.780494841935334	0.362412983007827	0.882603780986734	sample_2022120210026
HROV.vOTU57817	Responder_Status	Responder	1.05809019410777	1.14284506855806	0.362441395589449	0.882603780986734	sample_2022120210026
HROV.vOTU19413	Responder_Status	Responder	0.642207819710215	0.694017648012883	0.362692075439206	0.882605217004579	sample_2022120210026
HROV.vOTU56605	Responder_Status	Responder	-0.705491817603195	0.763715365407902	0.363502619788543	0.882707167521219	sample_2022120210026
HROV.vOTU52595	Responder_Status	Responder	1.26270362206153	1.36870126131822	0.364120439385828	0.882707167521219	sample_2022120210026
HROV.vOTU32042	Responder_Status	Responder	-1.09099493852202	1.19189041378788	0.367825048546248	0.882707167521219	sample_2022120210026
HROV.vOTU08563	Responder_Status	Responder	-1.02675270679247	1.12124069644562	0.367628752178589	0.882707167521219	sample_2022120210026
HROV.vOTU56428	Responder_Status	Responder	-0.675488463787033	0.734400887485576	0.365543501510909	0.882707167521219	sample_2022120210026
HROV.vOTU30351	Responder_Status	Responder	1.07375960661181	1.1716038065606	0.367238192797358	0.882707167521219	sample_2022120210026
HROV.vOTU65540	Responder_Status	Responder	0.941013543881472	1.02886034946835	0.368202143717019	0.882707167521219	sample_2022120210026
HROV.vOTU00255	Responder_Status	Responder	1.0622470330645	1.15943157248593	0.367396781848442	0.882707167521219	sample_2022120210026
HROV.vOTU32825	Responder_Status	Responder	0.861072524367779	0.937939442883941	0.366435094111576	0.882707167521219	sample_2022120210026
HROV.vOTU24576	Responder_Status	Responder	0.784369081743988	0.849447519109461	0.363694758705574	0.882707167521219	sample_2022120210026
HROV.vOTU74285	Responder_Status	Responder	0.876896065221491	0.949510303544313	0.363624532577952	0.882707167521219	sample_2022120210026
HROV.vOTU19088	Responder_Status	Responder	-0.906236256317099	0.987622955986327	0.366668523445555	0.882707167521219	sample_2022120210026
HROV.vOTU59597	Responder_Status	Responder	0.703597251066312	0.761500950167835	0.363401144954076	0.882707167521219	sample_2022120210026
HROV.vOTU51674	Responder_Status	Responder	0.516871388786086	0.565162863337232	0.36823536366292	0.882707167521219	sample_2022120210026
HROV.vOTU36178	Responder_Status	Responder	1.0117151181654	1.10644433696063	0.368322527308423	0.882707167521219	sample_2022120210026
HROV.vOTU47271	Responder_Status	Responder	1.08390140390166	1.18632575014862	0.368695085344887	0.882707167521219	sample_2022120210026
HROV.vOTU56372	Responder_Status	Responder	-0.438738381598468	0.477971197254989	0.366501457541926	0.882707167521219	sample_2022120210026
HROV.vOTU45998	Responder_Status	Responder	0.603471985588182	0.655550759588507	0.365145323798229	0.882707167521219	sample_2022120210026
HROV.vOTU48193	Responder_Status	Responder	1.10009192474504	1.19570576573807	0.365413071235184	0.882707167521219	sample_2022120210026
HROV.vOTU34273	Responder_Status	Responder	0.23091777266919	0.252269514992006	0.367818332915241	0.882707167521219	sample_2022120210026
HROV.vOTU30549	Responder_Status	Responder	0.558169630892398	0.610839549523225	0.368637241602543	0.882707167521219	sample_2022120210026
HROV.vOTU41466	Responder_Status	Responder	0.611194656651811	0.662668444508739	0.364239595048378	0.882707167521219	sample_2022120210026
HROV.vOTU41249	Responder_Status	Responder	0.777014665194797	0.84459046777361	0.365436581111868	0.882707167521219	sample_2022120210026
HROV.vOTU01116	Responder_Status	Responder	0.494735284597023	0.538132769130908	0.365762447066499	0.882707167521219	sample_2022120210026
HROV.vOTU62126	Responder_Status	Responder	1.00962531729724	1.0920702288551	0.363122516468349	0.882707167521219	sample_2022120210026
HROV.vOTU42965	Responder_Status	Responder	-0.500782362015825	0.544328012167586	0.365430816412577	0.882707167521219	sample_2022120210026
HROV.vOTU45180	Responder_Status	Responder	0.403097287508863	0.440473780205267	0.367930036203941	0.882707167521219	sample_2022120210026
HROV.vOTU60061	Responder_Status	Responder	-0.432982853160243	0.472207099416116	0.367007826585398	0.882707167521219	sample_2022120210026
HROV.vOTU28588	Responder_Status	Responder	-0.332177167737188	0.359758989725726	0.363722828046418	0.882707167521219	sample_2022120210026
HROV.vOTU48814	Responder_Status	Responder	0.892576490913106	0.974671885648555	0.367607011451963	0.882707167521219	sample_2022120210026
HROV.vOTU31555	Responder_Status	Responder	0.926212688589147	1.01491395642454	0.369243022348631	0.883259814701893	sample_2022120210026
HROV.vOTU28132	Responder_Status	Responder	0.603291191641675	0.661432163021888	0.369503554413455	0.883419605263185	sample_2022120210026
HROV.vOTU58536	Responder_Status	Responder	-0.723975756104465	0.794180402538298	0.369760795422906	0.88366490846438	sample_2022120210026
HROV.vOTU58176	Responder_Status	Responder	-0.712776044368363	0.782210904357823	0.369951554379723	0.883777890096621	sample_2022120210026
HROV.vOTU59175	Responder_Status	Responder	0.981984128944329	1.0789643267425	0.370529144004901	0.884051562653261	sample_2022120210026
HROV.vOTU11859	Responder_Status	Responder	-0.747190741157289	0.82065056182145	0.370338206476191	0.884051562653261	sample_2022120210026
HROV.vOTU51836	Responder_Status	Responder	-0.707843609615937	0.778268252861163	0.370843365764573	0.884177851271387	sample_2022120210026
HROV.vOTU12520	Responder_Status	Responder	0.526141305604895	0.578933316000865	0.371206149217528	0.884737286741756	sample_2022120210026
HROV.vOTU08586	Responder_Status	Responder	0.612324978835347	0.674105053489581	0.371444394982146	0.884737286741756	sample_2022120210026
HROV.vOTU27690	Responder_Status	Responder	-0.804304771161408	0.885953244485491	0.371709853108402	0.884828925980259	sample_2022120210026
HROV.vOTU72947	Responder_Status	Responder	0.902875206225645	0.994549699916313	0.371719194001892	0.884828925980259	sample_2022120210026
HROV.vOTU22961	Responder_Status	Responder	0.819624955032775	0.903158829865256	0.37188221691308	0.884828925980259	sample_2022120210026
HROV.vOTU05092	Responder_Status	Responder	0.523689231747986	0.57748082088779	0.3722240460289	0.885333442812893	sample_2022120210026
HROV.vOTU59791	Responder_Status	Responder	0.237080933587911	0.261968890571951	0.373188834244073	0.885722856520696	sample_2022120210026
HROV.vOTU21069	Responder_Status	Responder	0.424066665242671	0.468253308419197	0.372856445786485	0.885722856520696	sample_2022120210026
HROV.vOTU03725	Responder_Status	Responder	-0.625820528131661	0.691478380985193	0.373162482714307	0.885722856520696	sample_2022120210026
HROV.vOTU38135	Responder_Status	Responder	-0.268202568265913	0.296450759268183	0.373336958170122	0.885746842217017	sample_2022120210026
HROV.vOTU55368	Responder_Status	Responder	-0.739956369200599	0.818855772672415	0.373891951322066	0.885848137695006	sample_2022120210026
HROV.vOTU12354	Responder_Status	Responder	-1.07046137369342	1.18479700335402	0.373969652400751	0.885895615915907	sample_2022120210026
HROV.vOTU03133	Responder_Status	Responder	0.715045692714707	0.792543076290814	0.374637784562028	0.885895615915907	sample_2022120210026
HROV.vOTU10823	Responder_Status	Responder	-0.99520202001246	1.10270303588831	0.374484076223794	0.885895615915907	sample_2022120210026
HROV.vOTU51830	Responder_Status	Responder	0.276354331282833	0.306224511544515	0.374512651680169	0.885895615915907	sample_2022120210026
HROV.vOTU04146	Responder_Status	Responder	0.534769552656248	0.593102583341349	0.374934919983941	0.885976436431837	sample_2022120210026
HROV.vOTU13689	Responder_Status	Responder	-0.665526557770478	0.738754456220205	0.37533772927316	0.886036164097618	sample_2022120210026
HROV.vOTU57831	Responder_Status	Responder	-0.798104319794663	0.887809605085393	0.376340688770418	0.886619964478871	sample_2022120210026
HROV.vOTU16708	Responder_Status	Responder	1.25172999763966	1.39277093025257	0.376458634754735	0.886619964478871	sample_2022120210026
HROV.vOTU02138	Responder_Status	Responder	0.964252102482875	1.07312172663396	0.376555452727431	0.886691516579006	sample_2022120210026
HROV.vOTU32613	Responder_Status	Responder	-1.17190997914614	1.30654349416046	0.377390891215765	0.88675202170044	sample_2022120210026
HROV.vOTU42209	Responder_Status	Responder	0.84583203266195	0.945843690096382	0.378804576312615	0.88675202170044	sample_2022120210026
HROV.vOTU21127	Responder_Status	Responder	1.23258769797422	1.37662637371378	0.378223245099438	0.88675202170044	sample_2022120210026
HROV.vOTU34848	Responder_Status	Responder	1.12505501451862	1.25480239042281	0.377577128546249	0.88675202170044	sample_2022120210026
HROV.vOTU08794	Responder_Status	Responder	-0.532148297568324	0.594025172093902	0.37797844795839	0.88675202170044	sample_2022120210026
HROV.vOTU67808	Responder_Status	Responder	0.934368716369649	1.04281313516615	0.377887523808937	0.88675202170044	sample_2022120210026
HROV.vOTU22418	Responder_Status	Responder	1.06136426440203	1.1878297953929	0.37918828721129	0.886952650167316	sample_2022120210026
HROV.vOTU12421	Responder_Status	Responder	-0.759850824883393	0.851094419228349	0.379577497064831	0.887024023703588	sample_2022120210026
HROV.vOTU74367	Responder_Status	Responder	-0.76502089673351	0.85716668212249	0.379731778436577	0.887024023703588	sample_2022120210026
HROV.vOTU10315	Responder_Status	Responder	0.267515615973394	0.299721836299527	0.379707175575174	0.887024023703588	sample_2022120210026
HROV.vOTU19339	Responder_Status	Responder	0.807110232542542	0.903624349199473	0.379367200637049	0.887024023703588	sample_2022120210026
HROV.vOTU18501	Responder_Status	Responder	0.331282781105949	0.371051355895416	0.379562083555999	0.887024023703588	sample_2022120210026
HROV.vOTU65362	Responder_Status	Responder	0.864029896203659	0.968380462063327	0.379867315740195	0.887140889320095	sample_2022120210026
HROV.vOTU59173	Responder_Status	Responder	0.884425542628264	0.991332175590819	0.379911326337011	0.887143824160812	sample_2022120210026
HROV.vOTU20675	Responder_Status	Responder	0.804188618675531	0.9014804525954	0.379955108253631	0.887146224402255	sample_2022120210026
HROV.vOTU65851	Responder_Status	Responder	0.53154239112923	0.595924665503697	0.380014682977782	0.887185494125672	sample_2022120210026
HROV.vOTU57974	Responder_Status	Responder	-0.443334287411551	0.497527491797065	0.380482351206571	0.887268812378879	sample_2022120210026
HROV.vOTU34499	Responder_Status	Responder	-0.692978248774518	0.779254493490551	0.381427501322678	0.887940208958541	sample_2022120210026
HROV.vOTU58430	Responder_Status	Responder	0.364130817455834	0.40934080303581	0.381284651943773	0.887940208958541	sample_2022120210026
HROV.vOTU19387	Responder_Status	Responder	1.02065075254806	1.14751036737757	0.381340724771774	0.887940208958541	sample_2022120210026
HROV.vOTU35881	Responder_Status	Responder	-1.12642647895871	1.27262902954501	0.383631388192754	0.888354208284494	sample_2022120210026
HROV.vOTU43804	Responder_Status	Responder	0.91783255036688	1.03694894971819	0.383625928611816	0.888354208284494	sample_2022120210026
HROV.vOTU30514	Responder_Status	Responder	-0.628334436978491	0.710378436999895	0.38395535189077	0.888354208284494	sample_2022120210026
HROV.vOTU70272	Responder_Status	Responder	-0.513111969313057	0.579206825726371	0.383223630924538	0.888354208284494	sample_2022120210026
HROV.vOTU67177	Responder_Status	Responder	1.07786131438379	1.21727146031112	0.383442972194857	0.888354208284494	sample_2022120210026
HROV.vOTU49969	Responder_Status	Responder	0.513493554766678	0.580682661270774	0.384068703735913	0.888354208284494	sample_2022120210026
HROV.vOTU75084	Responder_Status	Responder	-1.03646973371514	1.17229319192683	0.384150518170257	0.888444410614448	sample_2022120210026
HROV.vOTU00850	Responder_Status	Responder	-0.551530734745912	0.624730623182907	0.384845308000933	0.888740567505579	sample_2022120210026
HROV.vOTU36113	Responder_Status	Responder	0.691809666867477	0.784627915551034	0.385443384503676	0.888740567505579	sample_2022120210026
HROV.vOTU72586	Responder_Status	Responder	-0.608148667962398	0.690043062102665	0.385647692858633	0.888740567505579	sample_2022120210026
HROV.vOTU17427	Responder_Status	Responder	-0.936316614291396	1.06409873952183	0.386395198927826	0.88906917382154	sample_2022120210026
HROV.vOTU01747	Responder_Status	Responder	0.98398341367118	1.11841946141499	0.386457488148508	0.88906917382154	sample_2022120210026
HROV.vOTU74209	Responder_Status	Responder	0.252683215336919	0.28713234254527	0.386337502903034	0.88906917382154	sample_2022120210026
HROV.vOTU03135	Responder_Status	Responder	0.67447450129878	0.767178819151794	0.386796344711025	0.889338605571449	sample_2022120210026
HROV.vOTU08286	Responder_Status	Responder	-0.324895749748934	0.370008769905208	0.387375400773551	0.889615852537551	sample_2022120210026
HROV.vOTU17342	Responder_Status	Responder	-0.786701671279122	0.898785634239379	0.388860877306301	0.889615852537551	sample_2022120210026
HROV.vOTU28591	Responder_Status	Responder	1.10412810382598	1.25672088516968	0.387107289759353	0.889615852537551	sample_2022120210026
HROV.vOTU09777	Responder_Status	Responder	-0.623574914699939	0.710374589636219	0.387516435588773	0.889615852537551	sample_2022120210026
HROV.vOTU44513	Responder_Status	Responder	-0.664426979674965	0.758801408833728	0.388682878307555	0.889615852537551	sample_2022120210026
HROV.vOTU50460	Responder_Status	Responder	-0.50497206601389	0.576570711473102	0.388579801875252	0.889615852537551	sample_2022120210026
HROV.vOTU63216	Responder_Status	Responder	0.780522411078714	0.889795625922187	0.387846471693691	0.889615852537551	sample_2022120210026
HROV.vOTU60831	Responder_Status	Responder	-0.673901681457444	0.767256017350743	0.387241441332908	0.889615852537551	sample_2022120210026
HROV.vOTU22540	Responder_Status	Responder	1.3076836520184	1.49462797175877	0.389059528626234	0.889615852537551	sample_2022120210026
HROV.vOTU67441	Responder_Status	Responder	-0.559764193421977	0.63796757748886	0.387726373907353	0.889615852537551	sample_2022120210026
HROV.vOTU27610	Responder_Status	Responder	-0.537413439898303	0.613267923147035	0.388317367306746	0.889615852537551	sample_2022120210026
HROV.vOTU69490	Responder_Status	Responder	0.39484452169914	0.451314172192616	0.389083710275601	0.889615852537551	sample_2022120210026
HROV.vOTU31916	Responder_Status	Responder	0.510536135360868	0.582162239979316	0.387967922649809	0.889615852537551	sample_2022120210026
HROV.vOTU11046	Responder_Status	Responder	0.314554639339118	0.358202375154915	0.387336988669099	0.889615852537551	sample_2022120210026
HROV.vOTU23237	Responder_Status	Responder	-0.218900467058517	0.249676553481572	0.388090303037727	0.889615852537551	sample_2022120210026
HROV.vOTU25800	Responder_Status	Responder	0.620356326763768	0.707812355671076	0.388247519036564	0.889615852537551	sample_2022120210026
HROV.vOTU66680	Responder_Status	Responder	-0.469947506715461	0.537533745756086	0.38941071972651	0.889871522496185	sample_2022120210026
HROV.vOTU31336	Responder_Status	Responder	-0.753916176460246	0.863857809629997	0.3902323146545	0.89031410294785	sample_2022120210026
HROV.vOTU06013	Responder_Status	Responder	-0.619606105262409	0.710898912161563	0.390849202076247	0.89031410294785	sample_2022120210026
HROV.vOTU15056	Responder_Status	Responder	-1.07374827307754	1.22970666856114	0.389995233445454	0.89031410294785	sample_2022120210026
HROV.vOTU40888	Responder_Status	Responder	-0.532928984985088	0.610393436397098	0.390039887862032	0.89031410294785	sample_2022120210026
HROV.vOTU15938	Responder_Status	Responder	-0.727702707848293	0.834562562337642	0.390647613018402	0.89031410294785	sample_2022120210026
HROV.vOTU31167	Responder_Status	Responder	-0.705377838289032	0.80961640209852	0.391027168048276	0.89031410294785	sample_2022120210026
HROV.vOTU58184	Responder_Status	Responder	0.282556102725805	0.323517103874667	0.389880538813332	0.89031410294785	sample_2022120210026
HROV.vOTU53720	Responder_Status	Responder	0.814291204783744	0.935003620890244	0.391216672914018	0.890464317034322	sample_2022120210026
HROV.vOTU70281	Responder_Status	Responder	-0.894023162962038	1.02673515532771	0.391298591775353	0.890485389267227	sample_2022120210026
HROV.vOTU21466	Responder_Status	Responder	-0.361251623335301	0.416227654177006	0.392817107675328	0.890530919083747	sample_2022120210026
HROV.vOTU57134	Responder_Status	Responder	-0.47956182479385	0.555714831535377	0.395489042973811	0.890530919083747	sample_2022120210026
HROV.vOTU71934	Responder_Status	Responder	0.870878565218527	1.00643886213612	0.394223979050408	0.890530919083747	sample_2022120210026
HROV.vOTU37292	Responder_Status	Responder	0.861822867644339	0.992611128330306	0.392645033973789	0.890530919083747	sample_2022120210026
HROV.vOTU08686	Responder_Status	Responder	0.589377911365326	0.682066735090961	0.394872111784658	0.890530919083747	sample_2022120210026
HROV.vOTU74340	Responder_Status	Responder	0.448078353196893	0.519208569995795	0.395468106640496	0.890530919083747	sample_2022120210026
HROV.vOTU45376	Responder_Status	Responder	0.533253384717673	0.61707370859309	0.39484032204617	0.890530919083747	sample_2022120210026
HROV.vOTU05577	Responder_Status	Responder	-0.683489651375306	0.786834993956986	0.392419803014972	0.890530919083747	sample_2022120210026
HROV.vOTU10071	Responder_Status	Responder	-0.776437687765031	0.898796238050431	0.395002765707253	0.890530919083747	sample_2022120210026
HROV.vOTU19606	Responder_Status	Responder	-0.856438569735326	0.984830995266114	0.391896718554343	0.890530919083747	sample_2022120210026
HROV.vOTU33822	Responder_Status	Responder	0.956759582825661	1.10417757719972	0.39358586369709	0.890530919083747	sample_2022120210026
HROV.vOTU25949	Responder_Status	Responder	-0.423685005513918	0.48759058209094	0.392269734668969	0.890530919083747	sample_2022120210026
HROV.vOTU36327	Responder_Status	Responder	-0.450426872854415	0.519508458507788	0.393297986158396	0.890530919083747	sample_2022120210026
HROV.vOTU69935	Responder_Status	Responder	-1.01990682980531	1.18012831489919	0.394803052498073	0.890530919083747	sample_2022120210026
HROV.vOTU54100	Responder_Status	Responder	-0.646277403281188	0.746705923586891	0.394117402282318	0.890530919083747	sample_2022120210026
HROV.vOTU40120	Responder_Status	Responder	-0.41443122576661	0.479527629141613	0.394794924529044	0.890530919083747	sample_2022120210026
HROV.vOTU70292	Responder_Status	Responder	0.44510862939932	0.511537304086394	0.39162320258403	0.890530919083747	sample_2022120210026
HROV.vOTU34569	Responder_Status	Responder	-0.688140874256201	0.79397935182083	0.393473792282496	0.890530919083747	sample_2022120210026
HROV.vOTU09635	Responder_Status	Responder	-0.439611732521209	0.508851929041515	0.394967867065166	0.890530919083747	sample_2022120210026
HROV.vOTU54102	Responder_Status	Responder	-0.780017720678829	0.901912515200232	0.394471289454865	0.890530919083747	sample_2022120210026
HROV.vOTU16938	Responder_Status	Responder	-0.392870653716686	0.45289412425018	0.393060110006228	0.890530919083747	sample_2022120210026
HROV.vOTU50753	Responder_Status	Responder	-0.652294960579663	0.756508216734624	0.395878023451191	0.890781375400526	sample_2022120210026
HROV.vOTU08296	Responder_Status	Responder	0.655809608349863	0.760760380038989	0.395985911535857	0.890781375400526	sample_2022120210026
HROV.vOTU00058	Responder_Status	Responder	0.610559883859293	0.708114269497035	0.395883879332997	0.890781375400526	sample_2022120210026
HROV.vOTU01979	Responder_Status	Responder	-0.587526062591503	0.681880343540475	0.396212353184136	0.890781375400526	sample_2022120210026
HROV.vOTU38654	Responder_Status	Responder	1.14869832966023	1.33269691572637	0.396045273862443	0.890781375400526	sample_2022120210026
HROV.vOTU52664	Responder_Status	Responder	-0.199918445265765	0.232186583893259	0.396537835525935	0.89096578925591	sample_2022120210026
HROV.vOTU04846	Responder_Status	Responder	-0.595829045947297	0.69186033043262	0.396443920864067	0.89096578925591	sample_2022120210026
HROV.vOTU31921	Responder_Status	Responder	0.833850646348384	0.968543754805928	0.396587979475782	0.89096578925591	sample_2022120210026
HROV.vOTU25602	Responder_Status	Responder	-0.417475104417493	0.485431451881286	0.397088445222164	0.89104846491232	sample_2022120210026
HROV.vOTU37726	Responder_Status	Responder	-0.709176963890631	0.825372160243179	0.397515306059761	0.891145484090325	sample_2022120210026
HROV.vOTU01791	Responder_Status	Responder	0.31620895741947	0.368202991139961	0.397749094598783	0.891573264872502	sample_2022120210026
HROV.vOTU13053	Responder_Status	Responder	0.559768417682752	0.651946674471822	0.397846204815088	0.891598309743286	sample_2022120210026
HROV.vOTU42245	Responder_Status	Responder	-0.539522889100344	0.628633156371075	0.398043251107066	0.891654697233253	sample_2022120210026
HROV.vOTU56306	Responder_Status	Responder	0.278969229224381	0.325001576808195	0.397980787179657	0.891654697233253	sample_2022120210026
HROV.vOTU71928	Responder_Status	Responder	0.184637937363727	0.215124049063555	0.398022461102124	0.891654697233253	sample_2022120210026
HROV.vOTU59313	Responder_Status	Responder	-0.355714737738216	0.415036337871594	0.398683227203913	0.892210430981832	sample_2022120210026
HROV.vOTU72186	Responder_Status	Responder	1.06227980815013	1.23953478761889	0.398721316939495	0.892210430981832	sample_2022120210026
HROV.vOTU11108	Responder_Status	Responder	0.702907469220571	0.820703965279494	0.399009221547404	0.892565906329089	sample_2022120210026
HROV.vOTU01659	Responder_Status	Responder	-0.175871316901385	0.205653511231824	0.399708733091244	0.892879342409658	sample_2022120210026
HROV.vOTU35076	Responder_Status	Responder	-0.601332875411322	0.703934795375563	0.400219065439272	0.893153969441266	sample_2022120210026
HROV.vOTU73532	Responder_Status	Responder	-0.749978894197028	0.882020225268889	0.402372883249699	0.893293258387511	sample_2022120210026
HROV.vOTU41415	Responder_Status	Responder	-1.00250359859316	1.17464654668954	0.400651516561495	0.893293258387511	sample_2022120210026
HROV.vOTU16763	Responder_Status	Responder	-0.548729400703078	0.642583167379486	0.400383616019351	0.893293258387511	sample_2022120210026
HROV.vOTU68750	Responder_Status	Responder	0.656612540116559	0.770610835605785	0.401405968728446	0.893293258387511	sample_2022120210026
HROV.vOTU57910	Responder_Status	Responder	-0.87583642824506	1.029261896357	0.402023434640215	0.893293258387511	sample_2022120210026
HROV.vOTU73958	Responder_Status	Responder	-0.455631940613979	0.534140363200338	0.400887060712649	0.893293258387511	sample_2022120210026
HROV.vOTU17850	Responder_Status	Responder	0.811015049780562	0.952977499145313	0.401970833868296	0.893293258387511	sample_2022120210026
HROV.vOTU25356	Responder_Status	Responder	-0.759786209853141	0.891075548705029	0.401081798100236	0.893293258387511	sample_2022120210026
HROV.vOTU58027	Responder_Status	Responder	0.522666818803555	0.612923233699222	0.401036868613066	0.893293258387511	sample_2022120210026
HROV.vOTU50809	Responder_Status	Responder	0.68182432946051	0.802658690885743	0.402831682059167	0.893698000933145	sample_2022120210026
HROV.vOTU61652	Responder_Status	Responder	0.424698131261691	0.500421801328092	0.403256716347767	0.893835954969343	sample_2022120210026
HROV.vOTU30551	Responder_Status	Responder	0.508914285904491	0.599880165196446	0.40343205353966	0.89393267734416	sample_2022120210026
HROV.vOTU09655	Responder_Status	Responder	-0.337331556641381	0.397801799093452	0.403635086320131	0.894046545809428	sample_2022120210026
HROV.vOTU37618	Responder_Status	Responder	-0.444670701425511	0.524547996242363	0.403781476606399	0.894174580121031	sample_2022120210026
HROV.vOTU60699	Responder_Status	Responder	-0.50617692852537	0.597229216186731	0.403879796065954	0.894174580121031	sample_2022120210026
HROV.vOTU75179	Responder_Status	Responder	0.995577192701459	1.17642313883952	0.404574331804043	0.894199315165136	sample_2022120210026
HROV.vOTU73925	Responder_Status	Responder	0.824688784516533	0.976109169001154	0.405343085929485	0.894199315165136	sample_2022120210026
HROV.vOTU66953	Responder_Status	Responder	-0.789357440040429	0.933098860415232	0.404750969052647	0.894199315165136	sample_2022120210026
HROV.vOTU46391	Responder_Status	Responder	-0.669746997770661	0.792553070209584	0.405246192801849	0.894199315165136	sample_2022120210026
HROV.vOTU11572	Responder_Status	Responder	-0.235104605683309	0.2780724232373	0.405010370092117	0.894199315165136	sample_2022120210026
HROV.vOTU37097	Responder_Status	Responder	0.305984112064818	0.362014367070714	0.405149378756677	0.894199315165136	sample_2022120210026
HROV.vOTU56948	Responder_Status	Responder	-1.10880161809925	1.31314379424786	0.405610187706912	0.894217354955884	sample_2022120210026
HROV.vOTU06769	Responder_Status	Responder	-0.628874893554846	0.746036739559458	0.406397501144276	0.894217354955884	sample_2022120210026
HROV.vOTU02236	Responder_Status	Responder	0.933348407408783	1.10656715062267	0.406117882844426	0.894217354955884	sample_2022120210026
HROV.vOTU08175	Responder_Status	Responder	-0.588831383517539	0.697501598543448	0.405712501638718	0.894217354955884	sample_2022120210026
HROV.vOTU22737	Responder_Status	Responder	-0.957426071773067	1.13517889889175	0.406144650883726	0.894217354955884	sample_2022120210026
HROV.vOTU30358	Responder_Status	Responder	0.789785849008456	0.937262643549565	0.406563985494188	0.894217354955884	sample_2022120210026
HROV.vOTU55741	Responder_Status	Responder	0.874666895074001	1.03717216773035	0.406197065168769	0.894217354955884	sample_2022120210026
HROV.vOTU65053	Responder_Status	Responder	-0.533516394641135	0.632000207341531	0.405728722954286	0.894217354955884	sample_2022120210026
HROV.vOTU43556	Responder_Status	Responder	-0.836489826828813	0.993718547817063	0.407044954891165	0.894536315394221	sample_2022120210026
HROV.vOTU75616	Responder_Status	Responder	-0.510359287674862	0.606294307484808	0.407050006941651	0.894536315394221	sample_2022120210026
HROV.vOTU43917	Responder_Status	Responder	0.434253614427994	0.516511126700156	0.407614017586749	0.894852631799599	sample_2022120210026
HROV.vOTU34727	Responder_Status	Responder	0.346600372337481	0.412568307716325	0.40796654924454	0.894852631799599	sample_2022120210026
HROV.vOTU35084	Responder_Status	Responder	0.921039548851411	1.09661375843552	0.40808230802939	0.894989376602085	sample_2022120210026
HROV.vOTU24656	Responder_Status	Responder	-0.294927893427839	0.351424440962591	0.408445506509393	0.89504475100639	sample_2022120210026
HROV.vOTU59666	Responder_Status	Responder	0.62980596644777	0.751318071300979	0.408979384777208	0.895654061649295	sample_2022120210026
HROV.vOTU46443	Responder_Status	Responder	-0.502452982051415	0.599598032335347	0.409136766066271	0.895658029572216	sample_2022120210026
HROV.vOTU70645	Responder_Status	Responder	0.341366369894361	0.407421467135236	0.409198990822671	0.895658029572216	sample_2022120210026
HROV.vOTU29883	Responder_Status	Responder	-0.758448449765449	0.906750087651931	0.409985452933933	0.896090884323265	sample_2022120210026
HROV.vOTU29429	Responder_Status	Responder	-0.75958756168039	0.909433989177645	0.410658097310925	0.896090884323265	sample_2022120210026
HROV.vOTU15039	Responder_Status	Responder	0.85012048957498	1.01701192262725	0.410287872883219	0.896090884323265	sample_2022120210026
HROV.vOTU26023	Responder_Status	Responder	-0.736249210913752	0.88125377339295	0.410533353043163	0.896090884323265	sample_2022120210026
HROV.vOTU38578	Responder_Status	Responder	-0.450309003334417	0.539995982878032	0.411388717921169	0.896090884323265	sample_2022120210026
HROV.vOTU27268	Responder_Status	Responder	-0.927122338953479	1.11237957856397	0.411639850616011	0.896090884323265	sample_2022120210026
HROV.vOTU26939	Responder_Status	Responder	-0.737502123230677	0.884767913462812	0.411586797802544	0.896090884323265	sample_2022120210026
HROV.vOTU73192	Responder_Status	Responder	0.723174427492806	0.867166432657278	0.411366906287251	0.896090884323265	sample_2022120210026
HROV.vOTU62984	Responder_Status	Responder	0.691482977574615	0.826362050409071	0.409801572960939	0.896090884323265	sample_2022120210026
HROV.vOTU15527	Responder_Status	Responder	0.282744387414446	0.339216012701903	0.411604097876824	0.896090884323265	sample_2022120210026
HROV.vOTU27937	Responder_Status	Responder	-1.08077472751275	1.29763796042441	0.41196149473348	0.896157550950658	sample_2022120210026
HROV.vOTU37103	Responder_Status	Responder	-0.640449644561675	0.769616613668145	0.412356103771216	0.8962540461548	sample_2022120210026
HROV.vOTU35376	Responder_Status	Responder	-0.410605631332189	0.493398543117625	0.412338577176282	0.8962540461548	sample_2022120210026
HROV.vOTU02038	Responder_Status	Responder	-1.03529163306461	1.24796265979409	0.413790237067953	0.896416771978638	sample_2022120210026
HROV.vOTU26109	Responder_Status	Responder	0.56798543980946	0.684925139787113	0.413967642631219	0.896416771978638	sample_2022120210026
HROV.vOTU05381	Responder_Status	Responder	0.770584932469889	0.927423408637111	0.413066297523191	0.896416771978638	sample_2022120210026
HROV.vOTU37079	Responder_Status	Responder	0.460804052231026	0.554835301292073	0.413268480645484	0.896416771978638	sample_2022120210026
HROV.vOTU56260	Responder_Status	Responder	1.01641953190743	1.22575339837949	0.413993345825122	0.896416771978638	sample_2022120210026
HROV.vOTU25215	Responder_Status	Responder	-0.494096005143671	0.594312615718096	0.412796401368154	0.896416771978638	sample_2022120210026
HROV.vOTU61421	Responder_Status	Responder	0.731423886717415	0.882443325069987	0.414192563817645	0.896567462885055	sample_2022120210026
HROV.vOTU43434	Responder_Status	Responder	-0.588383285700135	0.710580518429284	0.414654757467827	0.89658712827918	sample_2022120210026
HROV.vOTU49365	Responder_Status	Responder	-0.656869384595357	0.793772513454015	0.414935077668138	0.89658712827918	sample_2022120210026
HROV.vOTU28243	Responder_Status	Responder	-0.775196766632672	0.935996562713707	0.414558496413254	0.89658712827918	sample_2022120210026
HROV.vOTU52056	Responder_Status	Responder	0.289278946088781	0.349249049235225	0.414511891127394	0.89658712827918	sample_2022120210026
HROV.vOTU18260	Responder_Status	Responder	-0.269787036151601	0.328679301723577	0.418681765593618	0.896808891748388	sample_2022120210026
HROV.vOTU59691	Responder_Status	Responder	1.14385354061954	1.3876359442473	0.416725824596489	0.896808891748388	sample_2022120210026
HROV.vOTU16260	Responder_Status	Responder	-0.460821312653509	0.559606649064397	0.417197726984895	0.896808891748388	sample_2022120210026
HROV.vOTU11195	Responder_Status	Responder	1.38357533645334	1.67598968953005	0.416050774467548	0.896808891748388	sample_2022120210026
HROV.vOTU71045	Responder_Status	Responder	0.884623773509876	1.07427319667521	0.41720389980435	0.896808891748388	sample_2022120210026
HROV.vOTU23118	Responder_Status	Responder	0.495595595269726	0.602559280108494	0.417750889783631	0.896808891748388	sample_2022120210026
HROV.vOTU10903	Responder_Status	Responder	-0.778892194467352	0.942341006840224	0.41548025046189	0.896808891748388	sample_2022120210026
HROV.vOTU43100	Responder_Status	Responder	-1.01348021102954	1.23008214576585	0.416952389304719	0.896808891748388	sample_2022120210026
HROV.vOTU24068	Responder_Status	Responder	-0.671897559103307	0.816022130229026	0.417249195997417	0.896808891748388	sample_2022120210026
HROV.vOTU50574	Responder_Status	Responder	-0.572942617185503	0.69748987932343	0.41833816398111	0.896808891748388	sample_2022120210026
HROV.vOTU72521	Responder_Status	Responder	-1.02991051958446	1.25505123798623	0.418798947520091	0.896808891748388	sample_2022120210026
HROV.vOTU20326	Responder_Status	Responder	0.522770375729148	0.633035442754441	0.415890103747632	0.896808891748388	sample_2022120210026
HROV.vOTU75469	Responder_Status	Responder	-0.455137435054664	0.551935206562551	0.416556631891263	0.896808891748388	sample_2022120210026
HROV.vOTU71676	Responder_Status	Responder	0.382647659395538	0.465751085276037	0.418261947201818	0.896808891748388	sample_2022120210026
HROV.vOTU02279	Responder_Status	Responder	0.721861459194556	0.874405426161052	0.416040653651067	0.896808891748388	sample_2022120210026
HROV.vOTU01539	Responder_Status	Responder	-0.362975799942525	0.442635307902837	0.419123307720011	0.89719479252942	sample_2022120210026
HROV.vOTU07697	Responder_Status	Responder	0.387955838891093	0.473789269045897	0.419794770580172	0.897299802933338	sample_2022120210026
HROV.vOTU27793	Responder_Status	Responder	-0.370679653906047	0.452627917045498	0.419730933925162	0.897299802933338	sample_2022120210026
HROV.vOTU12828	Responder_Status	Responder	1.234659696301	1.51169955828611	0.420974179277399	0.897943500338468	sample_2022120210026
HROV.vOTU29773	Responder_Status	Responder	-0.395625470412304	0.48431947864553	0.42089963141148	0.897943500338468	sample_2022120210026
HROV.vOTU23603	Responder_Status	Responder	-0.654530462115435	0.802117096151838	0.42138604704131	0.897943500338468	sample_2022120210026
HROV.vOTU03584	Responder_Status	Responder	0.320121425324673	0.392086774526621	0.421131921649522	0.897943500338468	sample_2022120210026
HROV.vOTU72092	Responder_Status	Responder	-0.689636310413273	0.846772929505786	0.422272308407188	0.898013763968204	sample_2022120210026
HROV.vOTU66226	Responder_Status	Responder	-0.77532737624497	0.951769522632785	0.42216651626146	0.898013763968204	sample_2022120210026
HROV.vOTU26067	Responder_Status	Responder	-0.789808509773676	0.970083457270841	0.422420620050669	0.898013763968204	sample_2022120210026
HROV.vOTU50000	Responder_Status	Responder	-0.845818981876334	1.0384753026512	0.422242631511528	0.898013763968204	sample_2022120210026
HROV.vOTU05048	Responder_Status	Responder	0.489966081373692	0.602156567366898	0.422691048109083	0.898099452003222	sample_2022120210026
HROV.vOTU05314	Responder_Status	Responder	-0.633338652989055	0.779438002250901	0.423326649681212	0.898393681449321	sample_2022120210026
HROV.vOTU01835	Responder_Status	Responder	-0.478624996797903	0.59731944809027	0.429712535374601	0.898803478582289	sample_2022120210026
HROV.vOTU08081	Responder_Status	Responder	-0.753456086626252	0.929345170699705	0.424353594821848	0.898803478582289	sample_2022120210026
HROV.vOTU41573	Responder_Status	Responder	-0.892996991459751	1.11582202098326	0.430272889863221	0.898803478582289	sample_2022120210026
HROV.vOTU46316	Responder_Status	Responder	-0.380988683999424	0.471129660745951	0.42552280120459	0.898803478582289	sample_2022120210026
HROV.vOTU24826	Responder_Status	Responder	0.402319940455685	0.501657614543129	0.429318178355479	0.898803478582289	sample_2022120210026
HROV.vOTU04356	Responder_Status	Responder	0.399976204091733	0.49750100757531	0.428187227679329	0.898803478582289	sample_2022120210026
HROV.vOTU02585	Responder_Status	Responder	0.874976653042955	1.08397937295712	0.426361382491239	0.898803478582289	sample_2022120210026
HROV.vOTU04717	Responder_Status	Responder	-0.746467795701655	0.925604441956596	0.426771750471476	0.898803478582289	sample_2022120210026
HROV.vOTU72148	Responder_Status	Responder	1.11205710604394	1.38695784805204	0.429423570563611	0.898803478582289	sample_2022120210026
HROV.vOTU04488	Responder_Status	Responder	0.837898427843704	1.04697615186923	0.430273395367148	0.898803478582289	sample_2022120210026
HROV.vOTU57904	Responder_Status	Responder	0.661990867162596	0.825250972799797	0.429211221682812	0.898803478582289	sample_2022120210026
HROV.vOTU48991	Responder_Status	Responder	0.501075833697248	0.623176899090829	0.428132631466591	0.898803478582289	sample_2022120210026
HROV.vOTU60930	Responder_Status	Responder	0.680796969568051	0.8490809873759	0.429418664336247	0.898803478582289	sample_2022120210026
HROV.vOTU03114	Responder_Status	Responder	0.38614978037372	0.478054206532388	0.426042096618951	0.898803478582289	sample_2022120210026
HROV.vOTU53334	Responder_Status	Responder	0.743772866524681	0.922506783377324	0.42689267139703	0.898803478582289	sample_2022120210026
HROV.vOTU28920	Responder_Status	Responder	0.536475365140669	0.665132452345748	0.426712803268942	0.898803478582289	sample_2022120210026
HROV.vOTU67096	Responder_Status	Responder	-0.896765095364587	1.11147717091565	0.426569106073467	0.898803478582289	sample_2022120210026
HROV.vOTU12196	Responder_Status	Responder	1.21101642551923	1.49269867584724	0.424040390549328	0.898803478582289	sample_2022120210026
HROV.vOTU05179	Responder_Status	Responder	-0.985603944966275	1.21806088481094	0.425246939423724	0.898803478582289	sample_2022120210026
HROV.vOTU04512	Responder_Status	Responder	-0.748150346940096	0.927469470551212	0.426662682927958	0.898803478582289	sample_2022120210026
HROV.vOTU04413	Responder_Status	Responder	-0.496501890427023	0.616449566978176	0.427363488217737	0.898803478582289	sample_2022120210026
HROV.vOTU20362	Responder_Status	Responder	-0.543222609780811	0.677932124211244	0.429709486812285	0.898803478582289	sample_2022120210026
HROV.vOTU41921	Responder_Status	Responder	-0.752865446693386	0.93826760057972	0.429080205381717	0.898803478582289	sample_2022120210026
HROV.vOTU26589	Responder_Status	Responder	0.834794572206595	1.03415183880185	0.426340469873361	0.898803478582289	sample_2022120210026
HROV.vOTU15731	Responder_Status	Responder	-0.610928818061875	0.762979059283029	0.430038839842985	0.898803478582289	sample_2022120210026
HROV.vOTU27152	Responder_Status	Responder	-0.622436414325054	0.776189750775601	0.429357113467923	0.898803478582289	sample_2022120210026
HROV.vOTU38884	Responder_Status	Responder	-0.602851711100665	0.753371039197648	0.430329043871675	0.898803478582289	sample_2022120210026
HROV.vOTU48533	Responder_Status	Responder	0.469470034325596	0.582206776348168	0.426829668419448	0.898803478582289	sample_2022120210026
HROV.vOTU65507	Responder_Status	Responder	0.63775067069907	0.796255995786306	0.42991260809231	0.898803478582289	sample_2022120210026
HROV.vOTU21077	Responder_Status	Responder	-0.649301430777463	0.810782882370503	0.429971852953832	0.898803478582289	sample_2022120210026
HROV.vOTU30278	Responder_Status	Responder	-0.635859567326863	0.783916232762753	0.42413144578349	0.898803478582289	sample_2022120210026
HROV.vOTU56296	Responder_Status	Responder	-0.556684642681961	0.686457081093008	0.424232374119384	0.898803478582289	sample_2022120210026
HROV.vOTU67547	Responder_Status	Responder	1.00438499364491	1.23833786123757	0.424163600386718	0.898803478582289	sample_2022120210026
HROV.vOTU67216	Responder_Status	Responder	1.27800198589583	1.58939640432094	0.428125070337977	0.898803478582289	sample_2022120210026
HROV.vOTU01504	Responder_Status	Responder	0.651216815820986	0.813932624052322	0.430396674614629	0.898803478582289	sample_2022120210026
HROV.vOTU50690	Responder_Status	Responder	0.608531025640039	0.755085922183052	0.427086750586625	0.898803478582289	sample_2022120210026
HROV.vOTU57832	Responder_Status	Responder	0.327970570840408	0.409141470996655	0.429531193064697	0.898803478582289	sample_2022120210026
HROV.vOTU44975	Responder_Status	Responder	0.316314604468514	0.393605737498623	0.428378968454313	0.898803478582289	sample_2022120210026
HROV.vOTU66463	Responder_Status	Responder	0.406532506489456	0.503629056380973	0.426351850875148	0.898803478582289	sample_2022120210026
HROV.vOTU56119	Responder_Status	Responder	0.776123003727659	0.959281562156387	0.425298550592734	0.898803478582289	sample_2022120210026
HROV.vOTU69621	Responder_Status	Responder	-0.453914557926783	0.566381111470522	0.429632052589715	0.898803478582289	sample_2022120210026
HROV.vOTU25593	Responder_Status	Responder	-0.626526575992653	0.779276315234945	0.428178993523652	0.898803478582289	sample_2022120210026
HROV.vOTU29003	Responder_Status	Responder	0.272399031818812	0.337075635293698	0.425831919573474	0.898803478582289	sample_2022120210026
HROV.vOTU02117	Responder_Status	Responder	-0.115539521169835	0.142642007073899	0.424772980149042	0.898803478582289	sample_2022120210026
HROV.vOTU66895	Responder_Status	Responder	0.370612547497789	0.459268260978642	0.426489581868321	0.898803478582289	sample_2022120210026
HROV.vOTU56647	Responder_Status	Responder	0.572784516507838	0.715361685912179	0.430051859335653	0.898803478582289	sample_2022120210026
HROV.vOTU48788	Responder_Status	Responder	0.264386632867275	0.327715846651162	0.426607107310137	0.898803478582289	sample_2022120210026
HROV.vOTU53606	Responder_Status	Responder	-0.474107024036694	0.587480536025729	0.426458816247319	0.898803478582289	sample_2022120210026
HROV.vOTU63780	Responder_Status	Responder	0.406238662582675	0.500988071683261	0.424276647886579	0.898803478582289	sample_2022120210026
HROV.vOTU27814	Responder_Status	Responder	0.915633868781929	1.14185600724429	0.429374532296209	0.898803478582289	sample_2022120210026
HROV.vOTU23476	Responder_Status	Responder	0.544279276404126	0.677913305838272	0.428810135211281	0.898803478582289	sample_2022120210026
HROV.vOTU42808	Responder_Status	Responder	0.378127929307303	0.470648228178064	0.428500386390871	0.898803478582289	sample_2022120210026
HROV.vOTU62981	Responder_Status	Responder	-0.425985501391484	0.532688900853335	0.430623370756794	0.898805292176149	sample_2022120210026
HROV.vOTU53898	Responder_Status	Responder	-0.498024174939253	0.623502758341151	0.431157598444185	0.899000779064631	sample_2022120210026
HROV.vOTU65784	Responder_Status	Responder	-0.443848896983624	0.555729935926931	0.431200287789108	0.899000779064631	sample_2022120210026
HROV.vOTU51625	Responder_Status	Responder	-0.593056320202841	0.742450860023667	0.431140625809578	0.899000779064631	sample_2022120210026
HROV.vOTU57880	Responder_Status	Responder	0.329985307291647	0.413055430912317	0.431079731697335	0.899000779064631	sample_2022120210026
HROV.vOTU28978	Responder_Status	Responder	0.553905229150017	0.695147427816164	0.432262338805213	0.899023816581564	sample_2022120210026
HROV.vOTU26649	Responder_Status	Responder	1.06531440118017	1.33671163610927	0.432176883349932	0.899023816581564	sample_2022120210026
HROV.vOTU24081	Responder_Status	Responder	1.18413628223137	1.48692966841735	0.432521511537146	0.899023816581564	sample_2022120210026
HROV.vOTU75484	Responder_Status	Responder	1.00161712339743	1.25554799416705	0.431727781580715	0.899023816581564	sample_2022120210026
HROV.vOTU45611	Responder_Status	Responder	0.435252357908823	0.546557685684438	0.432527940285964	0.899023816581564	sample_2022120210026
HROV.vOTU74783	Responder_Status	Responder	-0.488705570810978	0.612432671760749	0.4316013989186	0.899023816581564	sample_2022120210026
HROV.vOTU49510	Responder_Status	Responder	-0.593843218157854	0.744226388023982	0.431624682650234	0.899023816581564	sample_2022120210026
HROV.vOTU36894	Responder_Status	Responder	0.430973305977955	0.540821704352301	0.432222807162229	0.899023816581564	sample_2022120210026
HROV.vOTU74668	Responder_Status	Responder	0.755181488674127	0.947123507155363	0.431962339126457	0.899023816581564	sample_2022120210026
HROV.vOTU45907	Responder_Status	Responder	-0.212608862898034	0.266752719226472	0.432142877333642	0.899023816581564	sample_2022120210026
HROV.vOTU53512	Responder_Status	Responder	0.523565800154227	0.656299809749763	0.431727183934029	0.899023816581564	sample_2022120210026
HROV.vOTU21986	Responder_Status	Responder	0.459297375933972	0.576057808005134	0.431979977177858	0.899023816581564	sample_2022120210026
HROV.vOTU53268	Responder_Status	Responder	0.354803693387469	0.445644001227964	0.432638034509458	0.899162581737906	sample_2022120210026
HROV.vOTU32022	Responder_Status	Responder	0.667718406297188	0.838893084179184	0.43275678795816	0.899249423438258	sample_2022120210026
HROV.vOTU44696	Responder_Status	Responder	-1.304699817955	1.64137184013779	0.433367611017586	0.899597631914256	sample_2022120210026
HROV.vOTU41729	Responder_Status	Responder	-1.10228302186855	1.38723550592263	0.433535897855579	0.899766941438614	sample_2022120210026
HROV.vOTU36400	Responder_Status	Responder	0.300468574008667	0.37811922289943	0.433507230198285	0.899766941438614	sample_2022120210026
HROV.vOTU04024	Responder_Status	Responder	1.02583102584923	1.29261449772532	0.434097156293249	0.900301448584199	sample_2022120210026
HROV.vOTU69059	Responder_Status	Responder	-0.627404124056549	0.792172029517202	0.435016777707399	0.90081165143144	sample_2022120210026
HROV.vOTU62835	Responder_Status	Responder	0.639421462584735	0.806381967967925	0.434474323825646	0.90081165143144	sample_2022120210026
HROV.vOTU71160	Responder_Status	Responder	0.42077719350758	0.530790201106008	0.434596851846333	0.90081165143144	sample_2022120210026
HROV.vOTU09844	Responder_Status	Responder	-0.54135090309008	0.684869918305366	0.435912882764963	0.901140905297108	sample_2022120210026
HROV.vOTU02961	Responder_Status	Responder	-0.635246707539308	0.80475788210005	0.436533113681188	0.901140905297108	sample_2022120210026
HROV.vOTU18901	Responder_Status	Responder	-0.698414175713369	0.885050971194035	0.436671435189141	0.901140905297108	sample_2022120210026
HROV.vOTU06122	Responder_Status	Responder	-0.565410974636181	0.715995690365737	0.436348576812639	0.901140905297108	sample_2022120210026
HROV.vOTU69480	Responder_Status	Responder	0.825764383347996	1.04729356673317	0.437044318460158	0.901140905297108	sample_2022120210026
HROV.vOTU37360	Responder_Status	Responder	0.515505272019245	0.652400892752142	0.436071953739869	0.901140905297108	sample_2022120210026
HROV.vOTU47048	Responder_Status	Responder	0.299158784463225	0.378808721453643	0.436319359452154	0.901140905297108	sample_2022120210026
HROV.vOTU17535	Responder_Status	Responder	-0.416082618568362	0.527952405913099	0.437256175769377	0.90117855057753	sample_2022120210026
HROV.vOTU46108	Responder_Status	Responder	-1.02161823419103	1.29684819112983	0.437449619607687	0.901308669135091	sample_2022120210026
HROV.vOTU40992	Responder_Status	Responder	-0.668154323250156	0.862857126798687	0.445213060697614	0.901323440259903	sample_2022120210026
HROV.vOTU36307	Responder_Status	Responder	-0.947615071750988	1.21841811773319	0.443243420878627	0.901323440259903	sample_2022120210026
HROV.vOTU39186	Responder_Status	Responder	-0.785615463250345	1.00504950733165	0.440969452144905	0.901323440259903	sample_2022120210026
HROV.vOTU09854	Responder_Status	Responder	-0.70940976934232	0.904672140194553	0.439528774400382	0.901323440259903	sample_2022120210026
HROV.vOTU53100	Responder_Status	Responder	-0.570543987700641	0.736670885083956	0.445132445576185	0.901323440259903	sample_2022120210026
HROV.vOTU56072	Responder_Status	Responder	0.636051915970083	0.82245231721371	0.445789553293055	0.901323440259903	sample_2022120210026
HROV.vOTU64011	Responder_Status	Responder	-0.713752204425683	0.910492302424241	0.439669197006191	0.901323440259903	sample_2022120210026
HROV.vOTU20479	Responder_Status	Responder	-0.707883841427653	0.907444226381339	0.441885523860445	0.901323440259903	sample_2022120210026
HROV.vOTU19474	Responder_Status	Responder	-0.30621244654019	0.391486807419772	0.440674726765582	0.901323440259903	sample_2022120210026
HROV.vOTU46856	Responder_Status	Responder	-0.545026481566811	0.701557650449817	0.443743353165994	0.901323440259903	sample_2022120210026
HROV.vOTU21834	Responder_Status	Responder	-0.998751050554365	1.28892536561523	0.444910641886318	0.901323440259903	sample_2022120210026
HROV.vOTU40942	Responder_Status	Responder	-0.996911076461004	1.28899785775699	0.44576634685812	0.901323440259903	sample_2022120210026
HROV.vOTU24821	Responder_Status	Responder	0.344276129531087	0.444227713882474	0.444836178903827	0.901323440259903	sample_2022120210026
HROV.vOTU21435	Responder_Status	Responder	0.878928844788163	1.12589006614654	0.441557183567915	0.901323440259903	sample_2022120210026
HROV.vOTU67265	Responder_Status	Responder	0.528389414374119	0.680581297959286	0.444034197078631	0.901323440259903	sample_2022120210026
HROV.vOTU61483	Responder_Status	Responder	0.684031883203821	0.874774805014848	0.440805505341378	0.901323440259903	sample_2022120210026
HROV.vOTU56181	Responder_Status	Responder	0.601864244690976	0.766641624561879	0.439007430696888	0.901323440259903	sample_2022120210026
HROV.vOTU08578	Responder_Status	Responder	1.10437764967592	1.42897475139279	0.446088835640272	0.901323440259903	sample_2022120210026
HROV.vOTU46509	Responder_Status	Responder	-0.621864591412254	0.799155484641741	0.443005585222913	0.901323440259903	sample_2022120210026
HROV.vOTU56474	Responder_Status	Responder	0.407962466862071	0.526480299320703	0.444901715063621	0.901323440259903	sample_2022120210026
HROV.vOTU50222	Responder_Status	Responder	-0.962735049892663	1.23851128683228	0.443481066080449	0.901323440259903	sample_2022120210026
HROV.vOTU67833	Responder_Status	Responder	-0.789463202208269	1.01360294827814	0.442590453120715	0.901323440259903	sample_2022120210026
HROV.vOTU44759	Responder_Status	Responder	-0.487874542245197	0.622860918815696	0.440038095110141	0.901323440259903	sample_2022120210026
HROV.vOTU27737	Responder_Status	Responder	0.696434929789475	0.890078504011148	0.440522178034622	0.901323440259903	sample_2022120210026
HROV.vOTU14404	Responder_Status	Responder	-0.220712537108682	0.285590762254334	0.446099411365832	0.901323440259903	sample_2022120210026
HROV.vOTU58024	Responder_Status	Responder	-0.408786348080306	0.52888668969261	0.446046668312549	0.901323440259903	sample_2022120210026
HROV.vOTU67752	Responder_Status	Responder	-0.623043196128902	0.798965830435824	0.442043700561565	0.901323440259903	sample_2022120210026
HROV.vOTU07976	Responder_Status	Responder	-0.752157494569687	0.95711775347341	0.438551495141851	0.901323440259903	sample_2022120210026
HROV.vOTU02798	Responder_Status	Responder	0.836883919582477	1.07156140887478	0.441359069442116	0.901323440259903	sample_2022120210026
HROV.vOTU62918	Responder_Status	Responder	-0.229912910256055	0.294139284661856	0.44098219251423	0.901323440259903	sample_2022120210026
HROV.vOTU73260	Responder_Status	Responder	-0.454227124096278	0.585634597519246	0.444478157212199	0.901323440259903	sample_2022120210026
HROV.vOTU30770	Responder_Status	Responder	0.45323589712415	0.585672561627496	0.445491435020992	0.901323440259903	sample_2022120210026
HROV.vOTU73846	Responder_Status	Responder	0.500918459287552	0.643149118307074	0.442599463521529	0.901323440259903	sample_2022120210026
HROV.vOTU34620	Responder_Status	Responder	1.10478339264482	1.40753420731182	0.439099135007832	0.901323440259903	sample_2022120210026
HROV.vOTU40101	Responder_Status	Responder	0.276872536727525	0.358363808851293	0.446231118158554	0.901323440259903	sample_2022120210026
HROV.vOTU30602	Responder_Status	Responder	0.485399873786493	0.627907487207937	0.44597386745174	0.901323440259903	sample_2022120210026
HROV.vOTU10126	Responder_Status	Responder	0.276828527568057	0.355737758597422	0.442988614519831	0.901323440259903	sample_2022120210026
HROV.vOTU16350	Responder_Status	Responder	-0.648429862955824	0.837201061464096	0.445114182201488	0.901323440259903	sample_2022120210026
HROV.vOTU07437	Responder_Status	Responder	0.399560747676305	0.512929984294298	0.442527359068116	0.901323440259903	sample_2022120210026
HROV.vOTU54557	Responder_Status	Responder	0.256138925688737	0.327113633877577	0.440184052956777	0.901323440259903	sample_2022120210026
HROV.vOTU69180	Responder_Status	Responder	0.266047765299065	0.339156788209978	0.439369171591838	0.901323440259903	sample_2022120210026
HROV.vOTU72585	Responder_Status	Responder	-0.644138321660376	0.835182048609887	0.44701594565607	0.901592230984006	sample_2022120210026
HROV.vOTU71269	Responder_Status	Responder	-0.608239227511934	0.788615314932533	0.447004315466264	0.901592230984006	sample_2022120210026
HROV.vOTU60665	Responder_Status	Responder	0.63513067527693	0.825778154484984	0.448255943908982	0.901997970423203	sample_2022120210026
HROV.vOTU25354	Responder_Status	Responder	0.824561710789553	1.07195626457293	0.448207955736982	0.901997970423203	sample_2022120210026
HROV.vOTU44410	Responder_Status	Responder	0.467603915640473	0.607110429698753	0.447624108415357	0.901997970423203	sample_2022120210026
HROV.vOTU55067	Responder_Status	Responder	-0.654292147724843	0.85052538309777	0.44816830929063	0.901997970423203	sample_2022120210026
HROV.vOTU52624	Responder_Status	Responder	-0.858520900119888	1.11781138173459	0.448894254065808	0.90213615223879	sample_2022120210026
HROV.vOTU22441	Responder_Status	Responder	0.594727181078858	0.773802393780682	0.44857855966887	0.90213615223879	sample_2022120210026
HROV.vOTU70013	Responder_Status	Responder	-0.559752146702551	0.72926643505792	0.449176200757803	0.902435735126934	sample_2022120210026
HROV.vOTU13760	Responder_Status	Responder	-0.40944374198327	0.533642885536557	0.449347759775011	0.902435735126934	sample_2022120210026
HROV.vOTU75081	Responder_Status	Responder	0.930181475662828	1.21333002341666	0.449714260179552	0.902471177512015	sample_2022120210026
HROV.vOTU44915	Responder_Status	Responder	-0.772540656010454	1.00726790015848	0.449520465025528	0.902471177512015	sample_2022120210026
HROV.vOTU11474	Responder_Status	Responder	-0.600616704027517	0.784281630934798	0.450192776556693	0.902560397444578	sample_2022120210026
HROV.vOTU51810	Responder_Status	Responder	-0.302782184256751	0.396595028657825	0.451577768642718	0.902689726882093	sample_2022120210026
HROV.vOTU74655	Responder_Status	Responder	0.622285422730643	0.815157656256392	0.45161389531	0.902689726882093	sample_2022120210026
HROV.vOTU33700	Responder_Status	Responder	-0.597648430603565	0.78132791479522	0.450722211580163	0.902689726882093	sample_2022120210026
HROV.vOTU02863	Responder_Status	Responder	0.443248688820116	0.58029624943751	0.451356416516442	0.902689726882093	sample_2022120210026
HROV.vOTU42795	Responder_Status	Responder	-0.333517225078778	0.43703198264118	0.451761300859386	0.902689726882093	sample_2022120210026
HROV.vOTU34175	Responder_Status	Responder	0.440203568318165	0.575493365353056	0.450721391327442	0.902689726882093	sample_2022120210026
HROV.vOTU68967	Responder_Status	Responder	-0.621526019372788	0.814074969774777	0.451565538018795	0.902689726882093	sample_2022120210026
HROV.vOTU03839	Responder_Status	Responder	1.03731186017203	1.35694943072872	0.450997462484884	0.902689726882093	sample_2022120210026
HROV.vOTU61977	Responder_Status	Responder	-0.59848461338745	0.784070442530045	0.451665561624939	0.902689726882093	sample_2022120210026
HROV.vOTU03023	Responder_Status	Responder	0.737261036664051	0.965171200158522	0.451336581138851	0.902689726882093	sample_2022120210026
HROV.vOTU37537	Responder_Status	Responder	0.738740622571927	0.968522487418743	0.45199095297393	0.902810101542591	sample_2022120210026
HROV.vOTU53362	Responder_Status	Responder	-0.443463444833628	0.582008550007252	0.452458621630528	0.902950939807314	sample_2022120210026
HROV.vOTU24201	Responder_Status	Responder	0.338562928326536	0.444482682430338	0.452606878310162	0.902950939807314	sample_2022120210026
HROV.vOTU31229	Responder_Status	Responder	0.486515003301733	0.638459244925489	0.452422976052106	0.902950939807314	sample_2022120210026
HROV.vOTU26544	Responder_Status	Responder	0.195640119526092	0.257029450100998	0.452925696544043	0.902965424528435	sample_2022120210026
HROV.vOTU72267	Responder_Status	Responder	-1.05119737737733	1.38176212990519	0.453156414527668	0.903027029446847	sample_2022120210026
HROV.vOTU14912	Responder_Status	Responder	-0.249502970392984	0.328323673751573	0.453647922761436	0.903027029446847	sample_2022120210026
HROV.vOTU61158	Responder_Status	Responder	0.692348711355862	0.910680192255554	0.453457016642341	0.903027029446847	sample_2022120210026
HROV.vOTU02568	Responder_Status	Responder	0.582163944492138	0.766435788019116	0.45385784888703	0.903102259724383	sample_2022120210026
HROV.vOTU06912	Responder_Status	Responder	-0.777426826819804	1.0238436373485	0.454005644230487	0.90326834101625	sample_2022120210026
HROV.vOTU59392	Responder_Status	Responder	-0.378496761166313	0.498824109169162	0.454325727072942	0.903346382097848	sample_2022120210026
HROV.vOTU54818	Responder_Status	Responder	-0.943036497512704	1.24346397006606	0.454551402468635	0.903382773200276	sample_2022120210026
HROV.vOTU14680	Responder_Status	Responder	0.618669040638315	0.816280806033992	0.454835692155272	0.903616207290988	sample_2022120210026
HROV.vOTU32626	Responder_Status	Responder	-0.670792093056411	0.885899269698321	0.455262461492548	0.903843293232904	sample_2022120210026
HROV.vOTU58889	Responder_Status	Responder	-0.658804048374958	0.875070323473831	0.457818498413794	0.904019254065826	sample_2022120210026
HROV.vOTU53029	Responder_Status	Responder	0.762801454824955	1.01297337800618	0.457715795619775	0.904019254065826	sample_2022120210026
HROV.vOTU56971	Responder_Status	Responder	0.908193269356055	1.20300694859652	0.456590830296205	0.904019254065826	sample_2022120210026
HROV.vOTU00029	Responder_Status	Responder	0.410459274984521	0.544389946500041	0.457155345094335	0.904019254065826	sample_2022120210026
HROV.vOTU49506	Responder_Status	Responder	-0.400343225933021	0.531810461712455	0.457857141751061	0.904019254065826	sample_2022120210026
HROV.vOTU64793	Responder_Status	Responder	-0.423617393832639	0.56074413761075	0.456284009177981	0.904019254065826	sample_2022120210026
HROV.vOTU55024	Responder_Status	Responder	0.945368523084746	1.25100525918427	0.456147496231995	0.904019254065826	sample_2022120210026
HROV.vOTU05377	Responder_Status	Responder	-0.339865352479556	0.450221648793107	0.456621235146486	0.904019254065826	sample_2022120210026
HROV.vOTU05380	Responder_Status	Responder	-0.470200464785761	0.624057073512788	0.457464307087732	0.904019254065826	sample_2022120210026
HROV.vOTU63649	Responder_Status	Responder	-0.548465090686289	0.734166231007742	0.461256034779678	0.904993575514328	sample_2022120210026
HROV.vOTU51319	Responder_Status	Responder	-0.441326812511364	0.592061528477626	0.462237595551797	0.904993575514328	sample_2022120210026
HROV.vOTU10215	Responder_Status	Responder	-0.939249541190922	1.25671500488576	0.461062284381633	0.904993575514328	sample_2022120210026
HROV.vOTU16732	Responder_Status	Responder	0.871381978231817	1.16917807295932	0.46230451555845	0.904993575514328	sample_2022120210026
HROV.vOTU64280	Responder_Status	Responder	-0.728552007219755	0.972546387409491	0.46003363654792	0.904993575514328	sample_2022120210026
HROV.vOTU57371	Responder_Status	Responder	0.566814644691215	0.756587855907333	0.460001450706668	0.904993575514328	sample_2022120210026
HROV.vOTU47801	Responder_Status	Responder	-0.561971702766491	0.749407619067769	0.459577174691287	0.904993575514328	sample_2022120210026
HROV.vOTU11096	Responder_Status	Responder	0.357402794019427	0.479294220020865	0.462071929401269	0.904993575514328	sample_2022120210026
HROV.vOTU57768	Responder_Status	Responder	-0.346975047161183	0.465764446058768	0.462504558210637	0.904993575514328	sample_2022120210026
HROV.vOTU67968	Responder_Status	Responder	0.495143200503657	0.66017028854929	0.459496831080837	0.904993575514328	sample_2022120210026
HROV.vOTU71761	Responder_Status	Responder	-0.257204769237981	0.344725783811186	0.461817173003394	0.904993575514328	sample_2022120210026
HROV.vOTU46129	Responder_Status	Responder	-0.604202318284328	0.809885859125169	0.461864839979768	0.904993575514328	sample_2022120210026
HROV.vOTU63797	Responder_Status	Responder	0.580506272774375	0.777273581442999	0.46138024883109	0.904993575514328	sample_2022120210026
HROV.vOTU70611	Responder_Status	Responder	0.600914019683758	0.80638508219253	0.462363776772953	0.904993575514328	sample_2022120210026
HROV.vOTU73302	Responder_Status	Responder	0.731036930286385	0.975707927779015	0.459962793520024	0.904993575514328	sample_2022120210026
HROV.vOTU10108	Responder_Status	Responder	-0.476879661204382	0.636743313295544	0.460141889481055	0.904993575514328	sample_2022120210026
HROV.vOTU06874	Responder_Status	Responder	-0.424779583024588	0.567507913156272	0.460400331465155	0.904993575514328	sample_2022120210026
HROV.vOTU67200	Responder_Status	Responder	-0.309899338328996	0.414377045178904	0.460775310606101	0.904993575514328	sample_2022120210026
HROV.vOTU45031	Responder_Status	Responder	0.460228481413168	0.617610538666785	0.462375063086327	0.904993575514328	sample_2022120210026
HROV.vOTU74737	Responder_Status	Responder	-0.9141576171336	1.22758904172617	0.462671735669775	0.9050051003243	sample_2022120210026
HROV.vOTU50288	Responder_Status	Responder	0.442516189984577	0.594463587314135	0.46283923492248	0.9050051003243	sample_2022120210026
HROV.vOTU65305	Responder_Status	Responder	-0.497663661015931	0.668496806834231	0.462805888473534	0.9050051003243	sample_2022120210026
HROV.vOTU72437	Responder_Status	Responder	-0.886673245847642	1.19087970257769	0.462745573525681	0.9050051003243	sample_2022120210026
HROV.vOTU39417	Responder_Status	Responder	0.600902245702448	0.808509408424807	0.463537976123651	0.905479138103204	sample_2022120210026
HROV.vOTU05574	Responder_Status	Responder	-0.492252730469077	0.662488358478522	0.463648956257665	0.905479138103204	sample_2022120210026
HROV.vOTU25340	Responder_Status	Responder	-0.43810286816556	0.589927478191978	0.463885839989405	0.905771259977431	sample_2022120210026
HROV.vOTU49736	Responder_Status	Responder	0.793206267067758	1.06991635017731	0.464640886143796	0.906186187550113	sample_2022120210026
HROV.vOTU36805	Responder_Status	Responder	-0.34467884928948	0.466883473967928	0.466502918890694	0.906193471296848	sample_2022120210026
HROV.vOTU28719	Responder_Status	Responder	0.430440716079759	0.58245066919081	0.466047379011321	0.906193471296848	sample_2022120210026
HROV.vOTU63000	Responder_Status	Responder	0.484450090033166	0.655368616048907	0.46593632118038	0.906193471296848	sample_2022120210026
HROV.vOTU41694	Responder_Status	Responder	-0.674867960809255	0.913575042501875	0.466230013819	0.906193471296848	sample_2022120210026
HROV.vOTU05840	Responder_Status	Responder	0.698552698879221	0.943251031329166	0.465113725131499	0.906193471296848	sample_2022120210026
HROV.vOTU08743	Responder_Status	Responder	-0.48261988342424	0.652637398226967	0.465763560052256	0.906193471296848	sample_2022120210026
HROV.vOTU06436	Responder_Status	Responder	0.422500552686287	0.571642648087226	0.465998095502821	0.906193471296848	sample_2022120210026
HROV.vOTU43438	Responder_Status	Responder	0.413180607617002	0.557936682222878	0.465130898306051	0.906193471296848	sample_2022120210026
HROV.vOTU66557	Responder_Status	Responder	0.402919380173328	0.543783281167944	0.464889340212421	0.906193471296848	sample_2022120210026
HROV.vOTU75566	Responder_Status	Responder	-0.472646993326215	0.642303821906032	0.467934809808915	0.90713512660933	sample_2022120210026
HROV.vOTU23491	Responder_Status	Responder	-0.463546702712062	0.6309239585194	0.468624664138896	0.90713512660933	sample_2022120210026
HROV.vOTU46506	Responder_Status	Responder	-0.227232005722634	0.30872358636393	0.467829959542873	0.90713512660933	sample_2022120210026
HROV.vOTU03985	Responder_Status	Responder	0.816789528375806	1.11066622317238	0.468208608096401	0.90713512660933	sample_2022120210026
HROV.vOTU36038	Responder_Status	Responder	0.236132361603256	0.321075750678052	0.468186886052394	0.90713512660933	sample_2022120210026
HROV.vOTU65452	Responder_Status	Responder	-0.636465068830277	0.864420232479576	0.467677727355952	0.90713512660933	sample_2022120210026
HROV.vOTU10158	Responder_Status	Responder	-0.281543746184396	0.382307695180749	0.467593260407303	0.90713512660933	sample_2022120210026
HROV.vOTU63563	Responder_Status	Responder	0.668555097494415	0.910403607940307	0.468840922961406	0.907223409131283	sample_2022120210026
HROV.vOTU10047	Responder_Status	Responder	-0.778218915001656	1.05980938742548	0.468870546483078	0.907223409131283	sample_2022120210026
HROV.vOTU03570	Responder_Status	Responder	-0.50602568112323	0.689332277568471	0.469002435656419	0.907393989731533	sample_2022120210026
HROV.vOTU04065	Responder_Status	Responder	-0.35419819683191	0.483638049005554	0.470034060926765	0.907499327449911	sample_2022120210026
HROV.vOTU37684	Responder_Status	Responder	0.85049087481536	1.16025792197487	0.469639772891897	0.907499327449911	sample_2022120210026
HROV.vOTU40876	Responder_Status	Responder	0.503217220605404	0.68575087835322	0.469159391001087	0.907499327449911	sample_2022120210026
HROV.vOTU33018	Responder_Status	Responder	0.762217839837865	1.04064022235834	0.469980770773926	0.907499327449911	sample_2022120210026
HROV.vOTU43318	Responder_Status	Responder	-0.352569936562771	0.481158771205224	0.469800093964106	0.907499327449911	sample_2022120210026
HROV.vOTU15078	Responder_Status	Responder	0.320137462596767	0.43711532093562	0.470019290111912	0.907499327449911	sample_2022120210026
HROV.vOTU74372	Responder_Status	Responder	0.293158846726952	0.401153485769337	0.470978985459677	0.908000924304403	sample_2022120210026
HROV.vOTU50467	Responder_Status	Responder	0.544839160403181	0.745774851784167	0.471112385075802	0.908089362779646	sample_2022120210026
HROV.vOTU38921	Responder_Status	Responder	0.496558358806545	0.680142134024218	0.471405682890267	0.908484987906593	sample_2022120210026
HROV.vOTU10529	Responder_Status	Responder	-0.654304329817474	0.896782265989111	0.471686628213765	0.90860541546933	sample_2022120210026
HROV.vOTU14589	Responder_Status	Responder	0.341494547686664	0.468511021761378	0.472120088571273	0.909018450204501	sample_2022120210026
HROV.vOTU12957	Responder_Status	Responder	-0.516038257213209	0.709051174145378	0.47278648365154	0.909336497157166	sample_2022120210026
HROV.vOTU08942	Responder_Status	Responder	0.779078299411041	1.07131759996149	0.473131246984497	0.909378733217632	sample_2022120210026
HROV.vOTU07654	Responder_Status	Responder	0.600646198795827	0.827621642989843	0.474015144129516	0.909544501635607	sample_2022120210026
HROV.vOTU30360	Responder_Status	Responder	0.435022149906809	0.599358725380836	0.473977176055665	0.909544501635607	sample_2022120210026
HROV.vOTU73601	Responder_Status	Responder	-0.577560788187826	0.795771318620217	0.473992426178695	0.909544501635607	sample_2022120210026
HROV.vOTU70425	Responder_Status	Responder	0.532036767366539	0.732155609999801	0.473458895671116	0.909544501635607	sample_2022120210026
HROV.vOTU30486	Responder_Status	Responder	-1.02142711597125	1.40896922745693	0.474500161637102	0.9096969611964	sample_2022120210026
HROV.vOTU21688	Responder_Status	Responder	0.389060989260337	0.536917600192251	0.474697546566645	0.9096969611964	sample_2022120210026
HROV.vOTU12337	Responder_Status	Responder	-0.363754103817982	0.502218557203867	0.474893955055475	0.9096969611964	sample_2022120210026
HROV.vOTU30563	Responder_Status	Responder	0.626498197238546	0.864667706744425	0.474737315272734	0.9096969611964	sample_2022120210026
HROV.vOTU21230	Responder_Status	Responder	-0.315932613250116	0.436387776389327	0.475088672478209	0.909746342635153	sample_2022120210026
HROV.vOTU36749	Responder_Status	Responder	-0.775930900827678	1.07301027650155	0.475594982626103	0.909843569521788	sample_2022120210026
HROV.vOTU66013	Responder_Status	Responder	-0.444048190792207	0.614380345487129	0.475822886541341	0.909843569521788	sample_2022120210026
HROV.vOTU32051	Responder_Status	Responder	-0.840347128706214	1.1691961891539	0.47825720627711	0.91070244975999	sample_2022120210026
HROV.vOTU67791	Responder_Status	Responder	0.663882570353108	0.923170284930092	0.478018105610217	0.91070244975999	sample_2022120210026
HROV.vOTU74826	Responder_Status	Responder	0.214684873472023	0.297939548450255	0.477150188035354	0.91070244975999	sample_2022120210026
HROV.vOTU61630	Responder_Status	Responder	0.565082128678649	0.785294689596872	0.477747459439332	0.91070244975999	sample_2022120210026
HROV.vOTU57492	Responder_Status	Responder	-0.483414032471617	0.672880304441401	0.478447836269685	0.910750556793779	sample_2022120210026
HROV.vOTU13413	Responder_Status	Responder	0.431074113773858	0.600574120443952	0.47884535260163	0.910824208829614	sample_2022120210026
HROV.vOTU60075	Responder_Status	Responder	-0.44043403527513	0.613759754455779	0.478948555632975	0.910824208829614	sample_2022120210026
HROV.vOTU28484	Responder_Status	Responder	-0.388714546606813	0.541725738973164	0.478979798098852	0.910824208829614	sample_2022120210026
HROV.vOTU38064	Responder_Status	Responder	0.578383585638169	0.805845279313966	0.478866459589903	0.910824208829614	sample_2022120210026
HROV.vOTU50395	Responder_Status	Responder	0.448444268002018	0.625820030339084	0.479573801688772	0.910976520496159	sample_2022120210026
HROV.vOTU74280	Responder_Status	Responder	-0.303497660593327	0.42344817657574	0.479477489618158	0.910976520496159	sample_2022120210026
HROV.vOTU48056	Responder_Status	Responder	-0.510434966581581	0.713080804607903	0.480032195241313	0.911147827593966	sample_2022120210026
HROV.vOTU07783	Responder_Status	Responder	0.879110821264807	1.22803845081585	0.480002144371277	0.911147827593966	sample_2022120210026
HROV.vOTU70497	Responder_Status	Responder	-0.523155983179988	0.731438253391154	0.480380982187885	0.9112109381152	sample_2022120210026
HROV.vOTU70220	Responder_Status	Responder	0.653412141472975	0.916359138983394	0.481714242231826	0.911433221547768	sample_2022120210026
HROV.vOTU35590	Responder_Status	Responder	0.559175409303937	0.783111804148989	0.48111112553448	0.911433221547768	sample_2022120210026
HROV.vOTU35604	Responder_Status	Responder	-0.261452515975665	0.36688335137047	0.481970914251853	0.911433221547768	sample_2022120210026
HROV.vOTU13956	Responder_Status	Responder	-0.436648191651528	0.612498796782932	0.481809312461321	0.911433221547768	sample_2022120210026
HROV.vOTU58198	Responder_Status	Responder	0.755104848781676	1.06012278026038	0.482184593913712	0.911439585179196	sample_2022120210026
HROV.vOTU50916	Responder_Status	Responder	0.716684366750753	1.00695674377113	0.482518391150704	0.911697014785751	sample_2022120210026
HROV.vOTU00410	Responder_Status	Responder	0.338350912084569	0.475842703132436	0.482931176915882	0.9120617021029	sample_2022120210026
HROV.vOTU43676	Responder_Status	Responder	-0.69538546530286	0.978203594927138	0.483038626442875	0.912181607088612	sample_2022120210026
HROV.vOTU47188	Responder_Status	Responder	0.556944736173475	0.78702807444022	0.485008347709188	0.912196572922691	sample_2022120210026
HROV.vOTU63038	Responder_Status	Responder	-0.640639251901117	0.903579815720651	0.484185722112244	0.912196572922691	sample_2022120210026
HROV.vOTU49771	Responder_Status	Responder	-0.636983984094128	0.900809752932847	0.485333585741764	0.912196572922691	sample_2022120210026
HROV.vOTU61440	Responder_Status	Responder	0.512514955205056	0.723024569853197	0.484279011453259	0.912196572922691	sample_2022120210026
HROV.vOTU25173	Responder_Status	Responder	0.352000886019333	0.496335370248767	0.484064520395559	0.912196572922691	sample_2022120210026
HROV.vOTU26417	Responder_Status	Responder	-0.527895885790889	0.746763013414764	0.48546302705286	0.912196572922691	sample_2022120210026
HROV.vOTU42746	Responder_Status	Responder	0.835884721620163	1.17980129980817	0.484494373430607	0.912196572922691	sample_2022120210026
HROV.vOTU59140	Responder_Status	Responder	-0.26402417449526	0.373252616431455	0.485188739114917	0.912196572922691	sample_2022120210026
HROV.vOTU70480	Responder_Status	Responder	0.359693749465456	0.506651331200309	0.483610349029027	0.912196572922691	sample_2022120210026
HROV.vOTU13656	Responder_Status	Responder	-0.383121832683197	0.541103698718023	0.484774621544035	0.912196572922691	sample_2022120210026
HROV.vOTU46426	Responder_Status	Responder	0.406313161081123	0.572419058165717	0.483687094021685	0.912196572922691	sample_2022120210026
HROV.vOTU24413	Responder_Status	Responder	0.30516196582184	0.431096405586516	0.484874686177771	0.912196572922691	sample_2022120210026
HROV.vOTU74567	Responder_Status	Responder	-0.552946419920466	0.783658865422048	0.486268873382208	0.912716338550956	sample_2022120210026
HROV.vOTU71610	Responder_Status	Responder	-0.557717065606542	0.790664819336622	0.486402679367497	0.912774202742214	sample_2022120210026
HROV.vOTU50739	Responder_Status	Responder	0.502522419649468	0.712331125460345	0.486350940362004	0.912774202742214	sample_2022120210026
HROV.vOTU61207	Responder_Status	Responder	0.703459940140174	1.00037902380923	0.487741513838527	0.912991761564317	sample_2022120210026
HROV.vOTU18330	Responder_Status	Responder	-0.44973532713446	0.638791986643473	0.487222070924096	0.912991761564317	sample_2022120210026
HROV.vOTU34779	Responder_Status	Responder	-0.419803003241372	0.59737176690219	0.488013602841798	0.912991761564317	sample_2022120210026
HROV.vOTU07848	Responder_Status	Responder	-0.704035759450736	1.00067724362951	0.487517080071009	0.912991761564317	sample_2022120210026
HROV.vOTU04431	Responder_Status	Responder	0.373582993628148	0.530738060118359	0.487312198053493	0.912991761564317	sample_2022120210026
HROV.vOTU36004	Responder_Status	Responder	-0.505383378737561	0.719027149689509	0.487939301187837	0.912991761564317	sample_2022120210026
HROV.vOTU05290	Responder_Status	Responder	-0.556676838722913	0.791873032635995	0.487867857247386	0.912991761564317	sample_2022120210026
HROV.vOTU25231	Responder_Status	Responder	0.362323110202018	0.515113003408016	0.48762356366601	0.912991761564317	sample_2022120210026
HROV.vOTU25315	Responder_Status	Responder	0.538929812137241	0.766972863656592	0.488061902516252	0.912991761564317	sample_2022120210026
HROV.vOTU15021	Responder_Status	Responder	-0.738890991346631	1.05451334419985	0.489276413150183	0.91301146757096	sample_2022120210026
HROV.vOTU05407	Responder_Status	Responder	0.358097478297044	0.510743821637193	0.489008784892422	0.91301146757096	sample_2022120210026
HROV.vOTU17856	Responder_Status	Responder	-0.762749961540286	1.09024151057538	0.489939360936097	0.91301146757096	sample_2022120210026
HROV.vOTU67751	Responder_Status	Responder	-0.3366758382249	0.481264855074742	0.489970749237813	0.91301146757096	sample_2022120210026
HROV.vOTU67503	Responder_Status	Responder	-0.366380749749887	0.523861059165398	0.490080991792526	0.91301146757096	sample_2022120210026
HROV.vOTU62093	Responder_Status	Responder	-0.400828890577753	0.574332043146539	0.4909924937924	0.91301146757096	sample_2022120210026
HROV.vOTU27630	Responder_Status	Responder	-0.528283883258241	0.755370146082139	0.490089893423177	0.91301146757096	sample_2022120210026
HROV.vOTU24074	Responder_Status	Responder	0.346089967439947	0.494095039957749	0.489424920514054	0.91301146757096	sample_2022120210026
HROV.vOTU17126	Responder_Status	Responder	-0.326788295941364	0.467497883982089	0.49030850869034	0.91301146757096	sample_2022120210026
HROV.vOTU12546	Responder_Status	Responder	0.234187669859308	0.333798032170473	0.488728905519437	0.91301146757096	sample_2022120210026
HROV.vOTU55466	Responder_Status	Responder	0.266800378008561	0.382424454641786	0.491146055886342	0.91301146757096	sample_2022120210026
HROV.vOTU65595	Responder_Status	Responder	-0.352806269976135	0.503948939308649	0.489651690078848	0.91301146757096	sample_2022120210026
HROV.vOTU27563	Responder_Status	Responder	0.651246586448571	0.934632415352164	0.491676399539516	0.913031583531937	sample_2022120210026
HROV.vOTU32744	Responder_Status	Responder	0.32084127193321	0.460757749549453	0.49196018721348	0.913044297783889	sample_2022120210026
HROV.vOTU29143	Responder_Status	Responder	0.66781088892024	0.958838821851106	0.49187091499156	0.913044297783889	sample_2022120210026
HROV.vOTU10958	Responder_Status	Responder	-0.859876067610274	1.23854124917958	0.493236564868956	0.913117034848239	sample_2022120210026
HROV.vOTU55361	Responder_Status	Responder	-0.853644346602402	1.23303838967431	0.494444802315286	0.913117034848239	sample_2022120210026
HROV.vOTU57119	Responder_Status	Responder	0.894931376053553	1.29279954686128	0.494486025555742	0.913117034848239	sample_2022120210026
HROV.vOTU03578	Responder_Status	Responder	0.712553877984041	1.02475074989698	0.492570979621342	0.913117034848239	sample_2022120210026
HROV.vOTU29370	Responder_Status	Responder	0.430968332628549	0.62070421599979	0.493201744475867	0.913117034848239	sample_2022120210026
HROV.vOTU71984	Responder_Status	Responder	0.947297341626911	1.36421331978587	0.493158936139583	0.913117034848239	sample_2022120210026
HROV.vOTU66093	Responder_Status	Responder	-0.82157736411415	1.18150797524797	0.492558785754404	0.913117034848239	sample_2022120210026
HROV.vOTU44398	Responder_Status	Responder	-0.401819263332776	0.579814140684058	0.494009471155576	0.913117034848239	sample_2022120210026
HROV.vOTU13318	Responder_Status	Responder	-0.282584714887581	0.406966763952269	0.49317306034691	0.913117034848239	sample_2022120210026
HROV.vOTU47269	Responder_Status	Responder	-0.426450253632944	0.617708916152627	0.495642288246614	0.913216749597388	sample_2022120210026
HROV.vOTU24406	Responder_Status	Responder	-0.259097671340162	0.376712444011004	0.49724589198146	0.913731159990727	sample_2022120210026
HROV.vOTU23074	Responder_Status	Responder	-0.471252358517098	0.685030330165844	0.497157293298728	0.913731159990727	sample_2022120210026
HROV.vOTU32570	Responder_Status	Responder	1.01319358603353	1.47556435521336	0.497952103173887	0.913817937956793	sample_2022120210026
HROV.vOTU29576	Responder_Status	Responder	-0.175979759637399	0.256189202926393	0.497787578593434	0.913817937956793	sample_2022120210026
HROV.vOTU75022	Responder_Status	Responder	-0.516922480630535	0.752738699278293	0.497906073745047	0.913817937956793	sample_2022120210026
HROV.vOTU06299	Responder_Status	Responder	0.272884467671759	0.397052595855207	0.497562874546931	0.913817937956793	sample_2022120210026
HROV.vOTU02992	Responder_Status	Responder	0.794318000497504	1.15872619333546	0.498659108332152	0.914061528082346	sample_2022120210026
HROV.vOTU44933	Responder_Status	Responder	0.556755000180135	0.812125247860583	0.498632108874708	0.914061528082346	sample_2022120210026
HROV.vOTU55384	Responder_Status	Responder	-1.01774824305382	1.48299305386272	0.498180774885409	0.914061528082346	sample_2022120210026
HROV.vOTU62594	Responder_Status	Responder	0.470691674393008	0.686328372839611	0.498471812424826	0.914061528082346	sample_2022120210026
HROV.vOTU08781	Responder_Status	Responder	0.615200899182116	0.897987380015325	0.498920735671493	0.914143452542684	sample_2022120210026
HROV.vOTU61599	Responder_Status	Responder	0.393728905557454	0.575519062539586	0.499517637174965	0.914665634608235	sample_2022120210026
HROV.vOTU04455	Responder_Status	Responder	0.60418432562368	0.883671202772192	0.499771138367265	0.91471415798121	sample_2022120210026
HROV.vOTU52600	Responder_Status	Responder	0.607310591939893	0.888323552590514	0.499809399491687	0.91471415798121	sample_2022120210026
HROV.vOTU70227	Responder_Status	Responder	0.301582926869225	0.441181099083348	0.499858186620432	0.91471415798121	sample_2022120210026
HROV.vOTU18653	Responder_Status	Responder	-0.459905960138897	0.677838224435372	0.503031069214043	0.914745511930302	sample_2022120210026
HROV.vOTU36455	Responder_Status	Responder	-0.725900801912134	1.06231972287534	0.500022490432103	0.914745511930302	sample_2022120210026
HROV.vOTU75402	Responder_Status	Responder	-0.242679587501868	0.357003148303226	0.502232674727805	0.914745511930302	sample_2022120210026
HROV.vOTU36611	Responder_Status	Responder	0.584968896561798	0.860610616488752	0.502266966471324	0.914745511930302	sample_2022120210026
HROV.vOTU70683	Responder_Status	Responder	0.426868231875312	0.627002049517314	0.501584497755488	0.914745511930302	sample_2022120210026
HROV.vOTU19602	Responder_Status	Responder	0.290951659618199	0.427108479705959	0.501332605107028	0.914745511930302	sample_2022120210026
HROV.vOTU12753	Responder_Status	Responder	0.578710598505337	0.851306966241877	0.502218961289493	0.914745511930302	sample_2022120210026
HROV.vOTU25110	Responder_Status	Responder	-0.636779923689927	0.937348478821723	0.502499068905693	0.914745511930302	sample_2022120210026
HROV.vOTU55389	Responder_Status	Responder	0.701332681763562	1.02722704926706	0.500379137973359	0.914745511930302	sample_2022120210026
HROV.vOTU30159	Responder_Status	Responder	0.638009048370029	0.937757846500228	0.50186656382186	0.914745511930302	sample_2022120210026
HROV.vOTU09248	Responder_Status	Responder	0.301440923993496	0.444555184238764	0.503290889853737	0.914745511930302	sample_2022120210026
HROV.vOTU50822	Responder_Status	Responder	0.704602275386632	1.03258711871666	0.50061423129983	0.914745511930302	sample_2022120210026
HROV.vOTU37099	Responder_Status	Responder	0.431670424449127	0.636287528741697	0.503074076888538	0.914745511930302	sample_2022120210026
HROV.vOTU11263	Responder_Status	Responder	-0.537201329655155	0.786955506277126	0.50044834474188	0.914745511930302	sample_2022120210026
HROV.vOTU23269	Responder_Status	Responder	-0.487557960190851	0.715530769876657	0.50121991630196	0.914745511930302	sample_2022120210026
HROV.vOTU42917	Responder_Status	Responder	-0.20915217654184	0.306293962952662	0.500314239779043	0.914745511930302	sample_2022120210026
HROV.vOTU48889	Responder_Status	Responder	0.224261420580883	0.330781509248637	0.503352494227479	0.914745511930302	sample_2022120210026
HROV.vOTU20938	Responder_Status	Responder	0.585527350043879	0.864414541214138	0.503730878362381	0.914952356969485	sample_2022120210026
HROV.vOTU39947	Responder_Status	Responder	-0.618176277999192	0.918343147776058	0.506374726854907	0.915166825961106	sample_2022120210026
HROV.vOTU33881	Responder_Status	Responder	-1.17657808711426	1.76850328665073	0.511304683215588	0.915166825961106	sample_2022120210026
HROV.vOTU49285	Responder_Status	Responder	-0.563909662947357	0.843921310973379	0.509476053032348	0.915166825961106	sample_2022120210026
HROV.vOTU14459	Responder_Status	Responder	-0.376685640079096	0.567649544109659	0.512380970253783	0.915166825961106	sample_2022120210026
HROV.vOTU38736	Responder_Status	Responder	0.588129760000967	0.870138335156712	0.50464657184536	0.915166825961106	sample_2022120210026
HROV.vOTU02846	Responder_Status	Responder	0.395770948406963	0.588065517343402	0.506461299780502	0.915166825961106	sample_2022120210026
HROV.vOTU19533	Responder_Status	Responder	1.00086433396056	1.4806097012147	0.504598129646909	0.915166825961106	sample_2022120210026
HROV.vOTU02203	Responder_Status	Responder	-0.493365235810332	0.737484390342648	0.508984382868068	0.915166825961106	sample_2022120210026
HROV.vOTU31699	Responder_Status	Responder	-0.535699751485013	0.807465135345859	0.512478392954482	0.915166825961106	sample_2022120210026
HROV.vOTU73366	Responder_Status	Responder	-0.424276180467217	0.635676211979922	0.509954613328468	0.915166825961106	sample_2022120210026
HROV.vOTU32303	Responder_Status	Responder	0.621270066510984	0.926333987564137	0.507921735172854	0.915166825961106	sample_2022120210026
HROV.vOTU43948	Responder_Status	Responder	-0.329924367870858	0.492022523031905	0.508002586220158	0.915166825961106	sample_2022120210026
HROV.vOTU16799	Responder_Status	Responder	0.625449107269013	0.928655932686469	0.506151526823507	0.915166825961106	sample_2022120210026
HROV.vOTU66553	Responder_Status	Responder	0.633409523914243	0.949715988379464	0.510265683482827	0.915166825961106	sample_2022120210026
HROV.vOTU22265	Responder_Status	Responder	0.918119605606862	1.36030168401227	0.505250592929702	0.915166825961106	sample_2022120210026
HROV.vOTU25310	Responder_Status	Responder	0.732309770286406	1.09759794417141	0.510110378454968	0.915166825961106	sample_2022120210026
HROV.vOTU14209	Responder_Status	Responder	-0.569667536857556	0.849812483695062	0.508129576977411	0.915166825961106	sample_2022120210026
HROV.vOTU00623	Responder_Status	Responder	0.879767977009533	1.31042407870137	0.507491800450951	0.915166825961106	sample_2022120210026
HROV.vOTU33272	Responder_Status	Responder	-0.46965574352207	0.701483279031682	0.508648827910966	0.915166825961106	sample_2022120210026
HROV.vOTU09380	Responder_Status	Responder	-0.709283657880832	1.06141296399059	0.509448984275267	0.915166825961106	sample_2022120210026
HROV.vOTU34352	Responder_Status	Responder	-0.860627798189434	1.27217259263091	0.50427226715693	0.915166825961106	sample_2022120210026
HROV.vOTU11072	Responder_Status	Responder	0.548083614076409	0.823991861154418	0.511392481625223	0.915166825961106	sample_2022120210026
HROV.vOTU00780	Responder_Status	Responder	-0.575487043824498	0.860824282339021	0.509269546615358	0.915166825961106	sample_2022120210026
HROV.vOTU61538	Responder_Status	Responder	-0.877002452685332	1.31718563028516	0.510977537462461	0.915166825961106	sample_2022120210026
HROV.vOTU52390	Responder_Status	Responder	-0.687523538909909	1.01962806044586	0.505657243162247	0.915166825961106	sample_2022120210026
HROV.vOTU04551	Responder_Status	Responder	0.777699100775717	1.15807482512231	0.507376688154137	0.915166825961106	sample_2022120210026
HROV.vOTU28506	Responder_Status	Responder	-0.390911162730595	0.589307247970089	0.512537526963567	0.915166825961106	sample_2022120210026
HROV.vOTU16315	Responder_Status	Responder	1.03441036837076	1.54457136296068	0.508530127849291	0.915166825961106	sample_2022120210026
HROV.vOTU10758	Responder_Status	Responder	0.368749620038846	0.549357522134519	0.507569165026609	0.915166825961106	sample_2022120210026
HROV.vOTU63466	Responder_Status	Responder	-0.230656752880078	0.346016571059988	0.510479752646229	0.915166825961106	sample_2022120210026
HROV.vOTU37867	Responder_Status	Responder	0.481228636816154	0.720713503510705	0.50978434583939	0.915166825961106	sample_2022120210026
HROV.vOTU29269	Responder_Status	Responder	0.301359476097321	0.453976092221528	0.512233424361225	0.915166825961106	sample_2022120210026
HROV.vOTU54184	Responder_Status	Responder	-0.514620541977722	0.765661547056049	0.507012586025531	0.915166825961106	sample_2022120210026
HROV.vOTU19458	Responder_Status	Responder	0.327934464185282	0.490670690603747	0.50938960866319	0.915166825961106	sample_2022120210026
HROV.vOTU26162	Responder_Status	Responder	-0.797352731058033	1.1888754035391	0.507920462110269	0.915166825961106	sample_2022120210026
HROV.vOTU52028	Responder_Status	Responder	0.494601438958194	0.735359373710403	0.506716117453573	0.915166825961106	sample_2022120210026
HROV.vOTU39131	Responder_Status	Responder	0.406301526224695	0.606529203109048	0.508421794145692	0.915166825961106	sample_2022120210026
HROV.vOTU57313	Responder_Status	Responder	0.345849282254929	0.515524487806947	0.507800813785128	0.915166825961106	sample_2022120210026
HROV.vOTU46569	Responder_Status	Responder	0.210920432995744	0.312220398553161	0.504867940333237	0.915166825961106	sample_2022120210026
HROV.vOTU17386	Responder_Status	Responder	0.277884926819614	0.411591314279639	0.50511951728712	0.915166825961106	sample_2022120210026
HROV.vOTU32330	Responder_Status	Responder	0.294578554371163	0.444202079672186	0.512649037081993	0.915208424628009	sample_2022120210026
HROV.vOTU72645	Responder_Status	Responder	-0.730579969763332	1.10203103771824	0.512790247056563	0.915303021627843	sample_2022120210026
HROV.vOTU71213	Responder_Status	Responder	-0.439949858457225	0.663614056818374	0.512777080463629	0.915303021627843	sample_2022120210026
HROV.vOTU29060	Responder_Status	Responder	0.779576332792727	1.17881812797298	0.513812476312221	0.91547388661159	sample_2022120210026
HROV.vOTU66937	Responder_Status	Responder	0.34677395142129	0.524230838789745	0.513704686108698	0.91547388661159	sample_2022120210026
HROV.vOTU29655	Responder_Status	Responder	-0.581770344174693	0.87954036446638	0.513731714184035	0.91547388661159	sample_2022120210026
HROV.vOTU44787	Responder_Status	Responder	0.745249534095521	1.12748851854455	0.514026213897751	0.915603237198661	sample_2022120210026
HROV.vOTU51691	Responder_Status	Responder	0.824153901416875	1.24710888535282	0.514108555579494	0.915603237198661	sample_2022120210026
HROV.vOTU13303	Responder_Status	Responder	0.453481344703565	0.687228825751462	0.514729278759141	0.915770602268042	sample_2022120210026
HROV.vOTU10976	Responder_Status	Responder	-0.299544536584211	0.454133558711983	0.514902415598669	0.915879050430359	sample_2022120210026
HROV.vOTU28595	Responder_Status	Responder	-0.805569924924788	1.22402784646278	0.515829474673241	0.916508966109529	sample_2022120210026
HROV.vOTU47236	Responder_Status	Responder	-0.426774156276699	0.64856501618992	0.515894078443706	0.916508966109529	sample_2022120210026
HROV.vOTU29421	Responder_Status	Responder	-0.61892339124544	0.941080322121325	0.51611885878637	0.916621641666067	sample_2022120210026
HROV.vOTU70023	Responder_Status	Responder	-0.203620014916258	0.309810896162312	0.516393451410588	0.916766265979612	sample_2022120210026
HROV.vOTU48027	Responder_Status	Responder	-0.76735496183265	1.16903000156964	0.516923438939369	0.916888729918111	sample_2022120210026
HROV.vOTU29117	Responder_Status	Responder	-0.411213797026467	0.626669326260214	0.517058871118657	0.916888729918111	sample_2022120210026
HROV.vOTU15658	Responder_Status	Responder	0.557265578830911	0.849380506208974	0.517125243673815	0.916888729918111	sample_2022120210026
HROV.vOTU64692	Responder_Status	Responder	0.33744732246509	0.513835728848979	0.51672127385664	0.916888729918111	sample_2022120210026
HROV.vOTU67522	Responder_Status	Responder	-0.707212275025874	1.07895586839753	0.517521396284801	0.917042610837712	sample_2022120210026
HROV.vOTU11143	Responder_Status	Responder	0.694608582918241	1.05993677237798	0.51760362395935	0.917109998903297	sample_2022120210026
HROV.vOTU57517	Responder_Status	Responder	-0.66059727927348	1.00859359539685	0.517832882892342	0.917241952715169	sample_2022120210026
HROV.vOTU16611	Responder_Status	Responder	-0.523301890566114	0.798785809914562	0.517735884132837	0.917241952715169	sample_2022120210026
HROV.vOTU34583	Responder_Status	Responder	-0.783460932619822	1.1984363337357	0.518615193152915	0.91757036646683	sample_2022120210026
HROV.vOTU65890	Responder_Status	Responder	0.262293485185982	0.401306783276701	0.518702508622266	0.917646607034872	sample_2022120210026
HROV.vOTU19405	Responder_Status	Responder	0.39434335631184	0.603441273022132	0.518770811224673	0.917689201441771	sample_2022120210026
HROV.vOTU35173	Responder_Status	Responder	0.600570391124416	0.919595816483671	0.519031203158281	0.917869747190568	sample_2022120210026
HROV.vOTU18061	Responder_Status	Responder	0.455739579514056	0.698049167246675	0.519161271543303	0.917988613934686	sample_2022120210026
HROV.vOTU52452	Responder_Status	Responder	-0.885401686389434	1.35644549250291	0.519249821741014	0.918066956469499	sample_2022120210026
HROV.vOTU29531	Responder_Status	Responder	-0.465241105600403	0.714463371705779	0.520242041276695	0.918484884513875	sample_2022120210026
HROV.vOTU39924	Responder_Status	Responder	0.620587278142778	0.954967391822237	0.521084254377798	0.918484884513875	sample_2022120210026
HROV.vOTU06205	Responder_Status	Responder	0.609965638332678	0.939128632289994	0.52130711987767	0.918484884513875	sample_2022120210026
HROV.vOTU42023	Responder_Status	Responder	-0.626098957369478	0.961323226372633	0.520170109598119	0.918484884513875	sample_2022120210026
HROV.vOTU48546	Responder_Status	Responder	0.88207739125094	1.35523542196886	0.520438594826901	0.918484884513875	sample_2022120210026
HROV.vOTU63838	Responder_Status	Responder	0.254649726722971	0.39092255014278	0.520094822203917	0.918484884513875	sample_2022120210026
HROV.vOTU46735	Responder_Status	Responder	-0.300966304062377	0.461655889933416	0.519763808637182	0.918484884513875	sample_2022120210026
HROV.vOTU08027	Responder_Status	Responder	-0.36652759648977	0.563764569607875	0.520898916003616	0.918484884513875	sample_2022120210026
HROV.vOTU09885	Responder_Status	Responder	0.159360581379067	0.245742817857941	0.521954478376376	0.918700095539044	sample_2022120210026
HROV.vOTU06722	Responder_Status	Responder	0.454609281208425	0.702149696178716	0.522611968295982	0.919311490517262	sample_2022120210026
HROV.vOTU04039	Responder_Status	Responder	0.778634713900813	1.20427628359892	0.523182894099287	0.919350535555043	sample_2022120210026
HROV.vOTU54798	Responder_Status	Responder	0.496904680588803	0.76896712059649	0.523412968442598	0.919350535555043	sample_2022120210026
HROV.vOTU22382	Responder_Status	Responder	0.492975857587267	0.762573139327596	0.523243176219407	0.919350535555043	sample_2022120210026
HROV.vOTU37178	Responder_Status	Responder	-0.725323144788646	1.12222634381396	0.523331548269405	0.919350535555043	sample_2022120210026
HROV.vOTU49553	Responder_Status	Responder	-0.386103144136411	0.597341696435844	0.523303604599735	0.919350535555043	sample_2022120210026
HROV.vOTU38097	Responder_Status	Responder	0.617113028981976	0.955889906887836	0.52380065022129	0.919382785725607	sample_2022120210026
HROV.vOTU29919	Responder_Status	Responder	-0.536900866380731	0.831744754802036	0.523850752326834	0.919386205766878	sample_2022120210026
HROV.vOTU63928	Responder_Status	Responder	-0.492215387262355	0.76363874628008	0.524454676503601	0.91950537899968	sample_2022120210026
HROV.vOTU28448	Responder_Status	Responder	0.792126801676976	1.23035265773479	0.524930524722265	0.91950537899968	sample_2022120210026
HROV.vOTU47777	Responder_Status	Responder	0.73508569370877	1.14173877536721	0.524924723510556	0.91950537899968	sample_2022120210026
HROV.vOTU10378	Responder_Status	Responder	0.640033574181649	0.992798662621708	0.524384198597108	0.91950537899968	sample_2022120210026
HROV.vOTU44615	Responder_Status	Responder	-0.511184142041659	0.793564483802548	0.524712553123798	0.91950537899968	sample_2022120210026
HROV.vOTU22903	Responder_Status	Responder	-0.355406908430607	0.553551236723146	0.52606363670333	0.920079270195052	sample_2022120210026
HROV.vOTU60097	Responder_Status	Responder	0.299295383168614	0.466312055364259	0.526200452261598	0.920092066509321	sample_2022120210026
HROV.vOTU17300	Responder_Status	Responder	-0.518741123118954	0.808887166694123	0.526541409178507	0.920173668119591	sample_2022120210026
HROV.vOTU01022	Responder_Status	Responder	-0.625600204158924	0.976490623115564	0.526951434863646	0.920256280550306	sample_2022120210026
HROV.vOTU33743	Responder_Status	Responder	-0.382602685992472	0.59748636976703	0.527148641189532	0.920492460589461	sample_2022120210026
HROV.vOTU73653	Responder_Status	Responder	0.589704866703668	0.922006000889927	0.527638648224839	0.920718404926151	sample_2022120210026
HROV.vOTU46311	Responder_Status	Responder	0.897090147076845	1.40551468855742	0.5284877353124	0.92072892114701	sample_2022120210026
HROV.vOTU66914	Responder_Status	Responder	-0.394756668705046	0.618010717938537	0.528174002238105	0.92072892114701	sample_2022120210026
HROV.vOTU18091	Responder_Status	Responder	0.72361115513415	1.13374237959257	0.528496996880962	0.92072892114701	sample_2022120210026
HROV.vOTU59704	Responder_Status	Responder	0.592145970513333	0.927391682177043	0.528332301758313	0.92072892114701	sample_2022120210026
HROV.vOTU09847	Responder_Status	Responder	0.807218639161838	1.26394268675381	0.528239696576649	0.92072892114701	sample_2022120210026
HROV.vOTU07438	Responder_Status	Responder	-0.453292936953796	0.709225654853891	0.527927791333478	0.92072892114701	sample_2022120210026
HROV.vOTU63352	Responder_Status	Responder	-0.432678798593691	0.678405207636983	0.528793306168864	0.920894763156016	sample_2022120210026
HROV.vOTU27190	Responder_Status	Responder	-0.318833495293261	0.500924181181442	0.52962615763613	0.921569493661912	sample_2022120210026
HROV.vOTU66910	Responder_Status	Responder	-0.561100718927924	0.882693052850316	0.530153721850721	0.921831806822488	sample_2022120210026
HROV.vOTU75320	Responder_Status	Responder	0.5402779022364	0.850218629106422	0.530289613343169	0.921831806822488	sample_2022120210026
HROV.vOTU42914	Responder_Status	Responder	0.406854678973913	0.64015921579367	0.530228759954738	0.921831806822488	sample_2022120210026
HROV.vOTU01502	Responder_Status	Responder	0.750473056325605	1.18254364490192	0.530824035251408	0.921938389610064	sample_2022120210026
HROV.vOTU06950	Responder_Status	Responder	-0.514850907713211	0.810605372430426	0.530491324617015	0.921938389610064	sample_2022120210026
HROV.vOTU59165	Responder_Status	Responder	0.377700899772922	0.594728902386608	0.530531766564656	0.921938389610064	sample_2022120210026
HROV.vOTU11476	Responder_Status	Responder	0.430867760768855	0.67959383542985	0.53122163394645	0.922105479704603	sample_2022120210026
HROV.vOTU10672	Responder_Status	Responder	-0.576298686175318	0.909207952272843	0.531325058661726	0.922155343078673	sample_2022120210026
HROV.vOTU62699	Responder_Status	Responder	0.570132376562872	0.899842131307774	0.531489341218699	0.922196651067382	sample_2022120210026
HROV.vOTU40093	Responder_Status	Responder	-0.621034032885149	0.980752910073277	0.53172729664447	0.922443057049809	sample_2022120210026
HROV.vOTU50713	Responder_Status	Responder	0.595852299530862	0.942231345398958	0.532266290816539	0.922713192963664	sample_2022120210026
HROV.vOTU48856	Responder_Status	Responder	0.906591380500587	1.43366795427985	0.532283225049401	0.922713192963664	sample_2022120210026
HROV.vOTU13086	Responder_Status	Responder	0.324090187311655	0.512392512597356	0.532189381440943	0.922713192963664	sample_2022120210026
HROV.vOTU52384	Responder_Status	Responder	0.294989749650992	0.467127414293464	0.532837440885755	0.923134081855175	sample_2022120210026
HROV.vOTU43832	Responder_Status	Responder	0.612904283093833	0.976411614902012	0.53527956034996	0.923176578871593	sample_2022120210026
HROV.vOTU60030	Responder_Status	Responder	-0.190841393176932	0.304276515165962	0.53561135142417	0.923176578871593	sample_2022120210026
HROV.vOTU05029	Responder_Status	Responder	0.743131134312342	1.17872901414595	0.533511605186627	0.923176578871593	sample_2022120210026
HROV.vOTU38942	Responder_Status	Responder	0.396076377305046	0.63119823038118	0.535416328439641	0.923176578871593	sample_2022120210026
HROV.vOTU44691	Responder_Status	Responder	0.95659421108464	1.5198488694036	0.534188894616619	0.923176578871593	sample_2022120210026
HROV.vOTU61773	Responder_Status	Responder	0.252355198416115	0.4012896906964	0.534537585035728	0.923176578871593	sample_2022120210026
HROV.vOTU48924	Responder_Status	Responder	0.432936804991697	0.686695996924248	0.533503642818433	0.923176578871593	sample_2022120210026
HROV.vOTU49692	Responder_Status	Responder	-0.369812188868391	0.586243721843655	0.533276188502168	0.923176578871593	sample_2022120210026
HROV.vOTU56612	Responder_Status	Responder	0.30588001393867	0.486245694972685	0.534405753462877	0.923176578871593	sample_2022120210026
HROV.vOTU24063	Responder_Status	Responder	0.347223871622332	0.553865750102858	0.535797043953312	0.923251009967715	sample_2022120210026
HROV.vOTU04797	Responder_Status	Responder	0.592837283732076	0.946329328285132	0.536087827163093	0.923521993659957	sample_2022120210026
HROV.vOTU69656	Responder_Status	Responder	-0.656224615072825	1.04974440677454	0.536948898866481	0.923588227173267	sample_2022120210026
HROV.vOTU09645	Responder_Status	Responder	-0.510824206105208	0.816111988535944	0.536434058647901	0.923588227173267	sample_2022120210026
HROV.vOTU24427	Responder_Status	Responder	-0.62417323685763	0.998216492646466	0.536845122464947	0.923588227173267	sample_2022120210026
HROV.vOTU26281	Responder_Status	Responder	-0.29713638827408	0.474981698797293	0.536660200332755	0.923588227173267	sample_2022120210026
HROV.vOTU18809	Responder_Status	Responder	0.307239371202742	0.492075737910147	0.537436615506462	0.923588227173267	sample_2022120210026
HROV.vOTU51500	Responder_Status	Responder	-0.340816101927975	0.545384101684534	0.537089765298277	0.923588227173267	sample_2022120210026
HROV.vOTU07059	Responder_Status	Responder	0.538105444757814	0.860267349025013	0.536702129589889	0.923588227173267	sample_2022120210026
HROV.vOTU63708	Responder_Status	Responder	0.539264283587025	0.865156438567632	0.538122780530199	0.923780141392224	sample_2022120210026
HROV.vOTU34553	Responder_Status	Responder	-0.670541840479987	1.08147365754514	0.54025429702302	0.924558900060014	sample_2022120210026
HROV.vOTU40319	Responder_Status	Responder	-0.378042625177805	0.60919216242012	0.539905376252913	0.924558900060014	sample_2022120210026
HROV.vOTU34447	Responder_Status	Responder	0.910680587040833	1.4664177957056	0.539606937321745	0.924558900060014	sample_2022120210026
HROV.vOTU21175	Responder_Status	Responder	-0.525706623909635	0.847562883994257	0.540104583785416	0.924558900060014	sample_2022120210026
HROV.vOTU10940	Responder_Status	Responder	0.691811006822871	1.11394213448149	0.53959165482417	0.924558900060014	sample_2022120210026
HROV.vOTU45209	Responder_Status	Responder	0.571487891654597	0.920125585953508	0.539559112942607	0.924558900060014	sample_2022120210026
HROV.vOTU23838	Responder_Status	Responder	0.359697383390757	0.578507235266685	0.539124425490347	0.924558900060014	sample_2022120210026
HROV.vOTU42674	Responder_Status	Responder	0.163667353544732	0.263924534338331	0.540187257064881	0.924558900060014	sample_2022120210026
HROV.vOTU29891	Responder_Status	Responder	0.310783129476582	0.503718898828306	0.542234598582976	0.925312285575724	sample_2022120210026
HROV.vOTU43813	Responder_Status	Responder	-0.528919450345864	0.85794477868648	0.542547634245175	0.925312285575724	sample_2022120210026
HROV.vOTU04808	Responder_Status	Responder	-0.534348214400213	0.864039386915368	0.541290277604476	0.925312285575724	sample_2022120210026
HROV.vOTU24358	Responder_Status	Responder	0.323311878681145	0.522909349203779	0.541378671003822	0.925312285575724	sample_2022120210026
HROV.vOTU31978	Responder_Status	Responder	-0.482831385193956	0.784080720832872	0.5430049174287	0.925586767262129	sample_2022120210026
HROV.vOTU15544	Responder_Status	Responder	0.61623649177083	1.00130446805964	0.543238710902003	0.925643668415942	sample_2022120210026
HROV.vOTU19713	Responder_Status	Responder	0.402005361522963	0.653999547147787	0.543724426070479	0.925788804319798	sample_2022120210026
HROV.vOTU69332	Responder_Status	Responder	0.569754135843005	0.926934630217799	0.543739188349175	0.925788804319798	sample_2022120210026
HROV.vOTU13246	Responder_Status	Responder	-0.513399159964513	0.835207601364026	0.543718603813333	0.925788804319798	sample_2022120210026
HROV.vOTU42317	Responder_Status	Responder	0.505633623690415	0.822810635681172	0.543833482298625	0.925873380185138	sample_2022120210026
HROV.vOTU40564	Responder_Status	Responder	0.668223592865968	1.08861072024496	0.544281915758687	0.926004820638397	sample_2022120210026
HROV.vOTU07581	Responder_Status	Responder	-0.527450638277601	0.859028799045843	0.544166901083766	0.926004820638397	sample_2022120210026
HROV.vOTU65351	Responder_Status	Responder	0.161064112229667	0.262181318658325	0.543961554100734	0.926004820638397	sample_2022120210026
HROV.vOTU49322	Responder_Status	Responder	0.483754450075756	0.788319178605852	0.544398215189165	0.92605056019208	sample_2022120210026
HROV.vOTU58162	Responder_Status	Responder	-0.445933056011797	0.727982313862928	0.54511041390212	0.926142046258189	sample_2022120210026
HROV.vOTU02440	Responder_Status	Responder	0.823064757321203	1.34485653215801	0.545469683092111	0.926142046258189	sample_2022120210026
HROV.vOTU23382	Responder_Status	Responder	-0.132362304846226	0.216019192461617	0.544997160726786	0.926142046258189	sample_2022120210026
HROV.vOTU73512	Responder_Status	Responder	0.495052024469761	0.80831106616581	0.545180779675265	0.926142046258189	sample_2022120210026
HROV.vOTU14834	Responder_Status	Responder	-0.286813862895184	0.469802441743603	0.546455277428706	0.926593246828438	sample_2022120210026
HROV.vOTU02103	Responder_Status	Responder	0.767891063689875	1.2574364759657	0.546337169593592	0.926593246828438	sample_2022120210026
HROV.vOTU48328	Responder_Status	Responder	-0.714868295107511	1.17339927549339	0.547284924401243	0.927165623863716	sample_2022120210026
HROV.vOTU19365	Responder_Status	Responder	-0.4200968281298	0.690154323316068	0.547630380463107	0.927165623863716	sample_2022120210026
HROV.vOTU04630	Responder_Status	Responder	-0.601320696166811	0.990611897711983	0.548729173254399	0.927165623863716	sample_2022120210026
HROV.vOTU67176	Responder_Status	Responder	-0.595094764716148	0.980261583354518	0.548691191249927	0.927165623863716	sample_2022120210026
HROV.vOTU55034	Responder_Status	Responder	0.649318527746038	1.06798956355655	0.548099573242661	0.927165623863716	sample_2022120210026
HROV.vOTU43228	Responder_Status	Responder	0.515162354849905	0.84768054584707	0.548263290236391	0.927165623863716	sample_2022120210026
HROV.vOTU31632	Responder_Status	Responder	-0.577010394632066	0.950166045474751	0.548563165332334	0.927165623863716	sample_2022120210026
HROV.vOTU07160	Responder_Status	Responder	0.64938094283485	1.06690434308295	0.547657066178714	0.927165623863716	sample_2022120210026
HROV.vOTU56171	Responder_Status	Responder	-0.587470920363065	0.968839192250345	0.549156926104416	0.927165623863716	sample_2022120210026
HROV.vOTU64423	Responder_Status	Responder	-0.323878870836932	0.532975596651009	0.54829679248245	0.927165623863716	sample_2022120210026
HROV.vOTU70988	Responder_Status	Responder	-0.553323479980671	0.913444577605116	0.549556849330623	0.927165623863716	sample_2022120210026
HROV.vOTU02633	Responder_Status	Responder	-0.572688540217235	0.94514311926358	0.549443580455625	0.927165623863716	sample_2022120210026
HROV.vOTU64068	Responder_Status	Responder	0.458089536850646	0.756294729995337	0.549591185887851	0.927165623863716	sample_2022120210026
HROV.vOTU58622	Responder_Status	Responder	0.212590129174854	0.350283543153212	0.548801637911657	0.927165623863716	sample_2022120210026
HROV.vOTU11217	Responder_Status	Responder	-0.182818481015316	0.300399641844015	0.547705950204679	0.927165623863716	sample_2022120210026
HROV.vOTU19159	Responder_Status	Responder	0.442393263969616	0.731205374093469	0.550038645518189	0.92735181672135	sample_2022120210026
HROV.vOTU05596	Responder_Status	Responder	-0.702528645587203	1.16124444685125	0.550064875190668	0.92735181672135	sample_2022120210026
HROV.vOTU30941	Responder_Status	Responder	-0.600042089288839	0.992530423361411	0.550340850082693	0.927592142697538	sample_2022120210026
HROV.vOTU03489	Responder_Status	Responder	-0.296120632815958	0.49024811192087	0.55069205106459	0.927797073083869	sample_2022120210026
HROV.vOTU71430	Responder_Status	Responder	0.66253779282908	1.09865810617719	0.551334085285866	0.928069930123929	sample_2022120210026
HROV.vOTU73871	Responder_Status	Responder	0.187359404385886	0.310959493692451	0.551676785795917	0.928069930123929	sample_2022120210026
HROV.vOTU60573	Responder_Status	Responder	0.470429947154689	0.780364082933484	0.551471039961389	0.928069930123929	sample_2022120210026
HROV.vOTU06818	Responder_Status	Responder	-0.350646788521375	0.582728702276435	0.552193758005369	0.928225897489582	sample_2022120210026
HROV.vOTU31186	Responder_Status	Responder	0.508030285389111	0.84565170031448	0.552834926085888	0.928359281345394	sample_2022120210026
HROV.vOTU62491	Responder_Status	Responder	-0.696870266642032	1.15915573354869	0.552551344404056	0.928359281345394	sample_2022120210026
HROV.vOTU65849	Responder_Status	Responder	-0.359554259217437	0.598377548215145	0.552752181958104	0.928359281345394	sample_2022120210026
HROV.vOTU06939	Responder_Status	Responder	-0.823937418703366	1.37485775587412	0.553798665520618	0.928865253031826	sample_2022120210026
HROV.vOTU16313	Responder_Status	Responder	-0.541020593556748	0.902660731737986	0.553750779548377	0.928865253031826	sample_2022120210026
HROV.vOTU40926	Responder_Status	Responder	-0.554147684385658	0.923915615352912	0.553474966752098	0.928865253031826	sample_2022120210026
HROV.vOTU02754	Responder_Status	Responder	-0.231119096639844	0.38578498988971	0.553931045975297	0.928867539069926	sample_2022120210026
HROV.vOTU15979	Responder_Status	Responder	0.594237544697833	0.992374192314662	0.554117731456791	0.928901512985007	sample_2022120210026
HROV.vOTU31842	Responder_Status	Responder	0.673575253710012	1.12766165196217	0.555093696446495	0.929192712307709	sample_2022120210026
HROV.vOTU03041	Responder_Status	Responder	-0.389903982401138	0.652234739660214	0.554780022274882	0.929192712307709	sample_2022120210026
HROV.vOTU02807	Responder_Status	Responder	0.290385415449979	0.486121235485989	0.555072970724048	0.929192712307709	sample_2022120210026
HROV.vOTU04421	Responder_Status	Responder	-0.414407540070596	0.700631711659549	0.558946368409927	0.929356904245283	sample_2022120210026
HROV.vOTU59942	Responder_Status	Responder	-0.741681370296906	1.2443461545494	0.555936010741882	0.929356904245283	sample_2022120210026
HROV.vOTU52786	Responder_Status	Responder	-0.868044290002838	1.45600327814373	0.555842558186152	0.929356904245283	sample_2022120210026
HROV.vOTU72571	Responder_Status	Responder	-0.501748135546571	0.845904673802527	0.557842089671588	0.929356904245283	sample_2022120210026
HROV.vOTU07278	Responder_Status	Responder	0.701743719750394	1.18420662991557	0.558214429006	0.929356904245283	sample_2022120210026
HROV.vOTU29849	Responder_Status	Responder	-0.408241641905392	0.68619335569363	0.556663614707099	0.929356904245283	sample_2022120210026
HROV.vOTU70896	Responder_Status	Responder	-0.636059359053003	1.0730721743665	0.558108445343052	0.929356904245283	sample_2022120210026
HROV.vOTU36670	Responder_Status	Responder	-0.465445613507276	0.786891922844839	0.558931979266569	0.929356904245283	sample_2022120210026
HROV.vOTU50006	Responder_Status	Responder	-0.348322780805883	0.589025190734007	0.559027185586577	0.929356904245283	sample_2022120210026
HROV.vOTU72658	Responder_Status	Responder	-0.247957265899582	0.418470683427113	0.55824977372643	0.929356904245283	sample_2022120210026
HROV.vOTU37639	Responder_Status	Responder	0.681615554178418	1.15029882469864	0.558234449773644	0.929356904245283	sample_2022120210026
HROV.vOTU17167	Responder_Status	Responder	0.527505783936834	0.886595587049513	0.556635743849745	0.929356904245283	sample_2022120210026
HROV.vOTU35245	Responder_Status	Responder	-0.345946905787612	0.583645569906206	0.558116062965892	0.929356904245283	sample_2022120210026
HROV.vOTU49546	Responder_Status	Responder	-0.317720867294107	0.535586533186793	0.557795453833724	0.929356904245283	sample_2022120210026
HROV.vOTU23013	Responder_Status	Responder	0.69877719010829	1.17295218440596	0.556132819386322	0.929356904245283	sample_2022120210026
HROV.vOTU32409	Responder_Status	Responder	0.287772314307662	0.485227901965581	0.557897148521002	0.929356904245283	sample_2022120210026
HROV.vOTU69101	Responder_Status	Responder	0.1871470108293	0.314693188926106	0.556821822115186	0.929356904245283	sample_2022120210026
HROV.vOTU69633	Responder_Status	Responder	-0.516111409046158	0.877439791031361	0.561111953436425	0.929744446985427	sample_2022120210026
HROV.vOTU04428	Responder_Status	Responder	-0.468384962703368	0.795046338608213	0.56049821922948	0.929744446985427	sample_2022120210026
HROV.vOTU18440	Responder_Status	Responder	0.752428826547647	1.27914591102802	0.561094739581964	0.929744446985427	sample_2022120210026
HROV.vOTU14097	Responder_Status	Responder	0.618414063770915	1.05058317666928	0.560822564084406	0.929744446985427	sample_2022120210026
HROV.vOTU49449	Responder_Status	Responder	0.312687751102198	0.530913133149747	0.560608661488056	0.929744446985427	sample_2022120210026
HROV.vOTU24693	Responder_Status	Responder	-0.235786218248069	0.400313791066665	0.560581331792579	0.929744446985427	sample_2022120210026
HROV.vOTU17233	Responder_Status	Responder	0.210611423956107	0.357817686728582	0.560848385725278	0.929744446985427	sample_2022120210026
HROV.vOTU33140	Responder_Status	Responder	-0.507497971971283	0.862526881365137	0.560990454101497	0.929744446985427	sample_2022120210026
HROV.vOTU24834	Responder_Status	Responder	0.18071023391909	0.306978332411633	0.560799149174291	0.929744446985427	sample_2022120210026
HROV.vOTU38896	Responder_Status	Responder	0.211792638703593	0.360553935206968	0.56163654007604	0.93030719298937	sample_2022120210026
HROV.vOTU09585	Responder_Status	Responder	-0.661938882795239	1.12874692979521	0.562280375782206	0.930610823114492	sample_2022120210026
HROV.vOTU54265	Responder_Status	Responder	0.560946158258877	0.955656737368589	0.561924274333466	0.930610823114492	sample_2022120210026
HROV.vOTU25269	Responder_Status	Responder	-0.43326618025959	0.738892643520756	0.562323192116891	0.930610823114492	sample_2022120210026
HROV.vOTU05939	Responder_Status	Responder	-0.514926287211084	0.878245961454251	0.56236303824803	0.930610823114492	sample_2022120210026
HROV.vOTU41807	Responder_Status	Responder	0.619961856264616	1.05712319541028	0.562264221781158	0.930610823114492	sample_2022120210026
HROV.vOTU14490	Responder_Status	Responder	-0.623037952532115	1.06163262002101	0.561994988377701	0.930610823114492	sample_2022120210026
HROV.vOTU74685	Responder_Status	Responder	0.443188344485993	0.755552761225981	0.56218892117868	0.930610823114492	sample_2022120210026
HROV.vOTU10491	Responder_Status	Responder	-0.695042684119129	1.18640714798463	0.562677075912205	0.930691052369943	sample_2022120210026
HROV.vOTU63277	Responder_Status	Responder	-0.503597444917271	0.861681791216177	0.563607113447753	0.930696839146941	sample_2022120210026
HROV.vOTU11722	Responder_Status	Responder	-0.599783431415216	1.02619929426599	0.56358377075014	0.930696839146941	sample_2022120210026
HROV.vOTU16271	Responder_Status	Responder	-0.271924705119582	0.464967944953348	0.563349048434063	0.930696839146941	sample_2022120210026
HROV.vOTU31711	Responder_Status	Responder	0.241403461939714	0.413580979630312	0.564101115957443	0.930810414993213	sample_2022120210026
HROV.vOTU57710	Responder_Status	Responder	-0.46359713675921	0.795224782200629	0.564575487628612	0.931091767568217	sample_2022120210026
HROV.vOTU18560	Responder_Status	Responder	-0.303843941760637	0.522449653079195	0.565505751428999	0.931272541181304	sample_2022120210026
HROV.vOTU59579	Responder_Status	Responder	-0.482052791613789	0.830031471649135	0.566044782185854	0.931585440224973	sample_2022120210026
HROV.vOTU18137	Responder_Status	Responder	-0.528691329149239	0.911095153386605	0.566366129817084	0.93158570969388	sample_2022120210026
HROV.vOTU38489	Responder_Status	Responder	-0.216189639146707	0.372672083546336	0.566482005954591	0.93158570969388	sample_2022120210026
HROV.vOTU14865	Responder_Status	Responder	0.38293503882701	0.661513401918621	0.567300042138719	0.932335912236316	sample_2022120210026
HROV.vOTU31990	Responder_Status	Responder	0.651970963092475	1.12657133802608	0.56740373190142	0.932343002609634	sample_2022120210026
HROV.vOTU03667	Responder_Status	Responder	-0.519357063361398	0.898458643977175	0.567848433174603	0.932499879854499	sample_2022120210026
HROV.vOTU43256	Responder_Status	Responder	0.494768508546978	0.855896663721344	0.567837120610809	0.932499879854499	sample_2022120210026
HROV.vOTU13787	Responder_Status	Responder	0.61134280114665	1.05815544588926	0.568054549361807	0.932499879854499	sample_2022120210026
HROV.vOTU28582	Responder_Status	Responder	0.170973117463256	0.296195231241765	0.568396022453548	0.93271786998111	sample_2022120210026
HROV.vOTU64915	Responder_Status	Responder	-0.387026753603977	0.67138511397189	0.568909755241164	0.932918618484415	sample_2022120210026
HROV.vOTU43519	Responder_Status	Responder	0.321238362460481	0.55740999678088	0.569012917375362	0.932918618484415	sample_2022120210026
HROV.vOTU62802	Responder_Status	Responder	-0.458178206976459	0.79501756642408	0.569008447858676	0.932918618484415	sample_2022120210026
HROV.vOTU44842	Responder_Status	Responder	-0.398260210143945	0.691938381103917	0.56950194927439	0.933079879843657	sample_2022120210026
HROV.vOTU18912	Responder_Status	Responder	0.29321171674474	0.509967412581883	0.569908844718887	0.933136679569155	sample_2022120210026
HROV.vOTU72891	Responder_Status	Responder	-0.212278201172782	0.369037842130542	0.569736085709591	0.933136679569155	sample_2022120210026
HROV.vOTU09198	Responder_Status	Responder	-0.653322578256563	1.13712045672688	0.570189335166091	0.933295475247312	sample_2022120210026
HROV.vOTU27418	Responder_Status	Responder	-0.17125010317571	0.298307486484145	0.570502159423465	0.933295475247312	sample_2022120210026
HROV.vOTU08785	Responder_Status	Responder	0.268683622934871	0.467862102657024	0.57036395885842	0.933295475247312	sample_2022120210026
HROV.vOTU10146	Responder_Status	Responder	-0.539747235465948	0.940902974634571	0.57078536319328	0.933353791906977	sample_2022120210026
HROV.vOTU31942	Responder_Status	Responder	0.858608947459338	1.50147078904271	0.571989516082889	0.933510891867572	sample_2022120210026
HROV.vOTU30124	Responder_Status	Responder	-0.554843108864592	0.970418997098602	0.572049008844054	0.933510891867572	sample_2022120210026
HROV.vOTU15990	Responder_Status	Responder	0.776007906600121	1.35678316652477	0.571921603066775	0.933510891867572	sample_2022120210026
HROV.vOTU15896	Responder_Status	Responder	0.567051025635863	0.991544783229755	0.571961988348056	0.933510891867572	sample_2022120210026
HROV.vOTU07508	Responder_Status	Responder	0.160637652589574	0.280587305712852	0.571548680579596	0.933510891867572	sample_2022120210026
HROV.vOTU15004	Responder_Status	Responder	-0.760573935723826	1.32847586862751	0.571541250029552	0.933510891867572	sample_2022120210026
HROV.vOTU59249	Responder_Status	Responder	-0.269635716040252	0.471401150330224	0.571894250683844	0.933510891867572	sample_2022120210026
HROV.vOTU22834	Responder_Status	Responder	-0.755723919296404	1.3194078892438	0.571368342294346	0.933510891867572	sample_2022120210026
HROV.vOTU01552	Responder_Status	Responder	-0.180839050146614	0.316448126291678	0.572243607929153	0.933510891867572	sample_2022120210026
HROV.vOTU05049	Responder_Status	Responder	0.204609852454378	0.357049040176872	0.571179295370381	0.933510891867572	sample_2022120210026
HROV.vOTU24645	Responder_Status	Responder	0.220802548451623	0.386639252774821	0.572499975192095	0.933692877877542	sample_2022120210026
HROV.vOTU05763	Responder_Status	Responder	-0.634330262164262	1.11196217722516	0.572915409091874	0.934150144480306	sample_2022120210026
HROV.vOTU10969	Responder_Status	Responder	0.410042907813096	0.719070828435021	0.573062784717034	0.934317025448139	sample_2022120210026
HROV.vOTU19129	Responder_Status	Responder	-0.587010062859679	1.03052879486226	0.573477367939772	0.934699189753378	sample_2022120210026
HROV.vOTU31641	Responder_Status	Responder	-0.750772083892085	1.31922715402249	0.57382557559942	0.934899551954143	sample_2022120210026
HROV.vOTU09663	Responder_Status	Responder	-0.65226532148856	1.14834006568974	0.574557268675091	0.934962314193842	sample_2022120210026
HROV.vOTU41035	Responder_Status	Responder	-0.181593201526689	0.31957079788367	0.574400688692108	0.934962314193842	sample_2022120210026
HROV.vOTU46852	Responder_Status	Responder	-0.324648934562328	0.571564651305428	0.574561781205065	0.934962314193842	sample_2022120210026
HROV.vOTU53418	Responder_Status	Responder	0.424375809721462	0.746674187018274	0.574324467558538	0.934962314193842	sample_2022120210026
HROV.vOTU36109	Responder_Status	Responder	-0.386764538671717	0.68083926627836	0.574514974319969	0.934962314193842	sample_2022120210026
HROV.vOTU37715	Responder_Status	Responder	-0.5317455885145	0.938419335110604	0.575473509256219	0.935440107110305	sample_2022120210026
HROV.vOTU33217	Responder_Status	Responder	-0.308088156240032	0.543998212347879	0.575674111009906	0.935440107110305	sample_2022120210026
HROV.vOTU37069	Responder_Status	Responder	0.425993895327363	0.752687685023801	0.575926679961505	0.9355366785209	sample_2022120210026
HROV.vOTU22982	Responder_Status	Responder	-0.430967435386036	0.761990987744584	0.576183484947255	0.935728834049897	sample_2022120210026
HROV.vOTU17380	Responder_Status	Responder	0.491149531021195	0.868742703976223	0.57633374859824	0.935741762048581	sample_2022120210026
HROV.vOTU74911	Responder_Status	Responder	-0.349041706924365	0.617410908691	0.576350809434268	0.935741762048581	sample_2022120210026
HROV.vOTU37291	Responder_Status	Responder	-0.548124919012873	0.970813394727032	0.576838921282365	0.935795266406857	sample_2022120210026
HROV.vOTU23194	Responder_Status	Responder	0.48229802799194	0.856429069699552	0.57781494078281	0.936058913308465	sample_2022120210026
HROV.vOTU56271	Responder_Status	Responder	-0.432075512547237	0.76715268647292	0.577768120306999	0.936058913308465	sample_2022120210026
HROV.vOTU27507	Responder_Status	Responder	-0.164790597268365	0.292468590771501	0.577615369213831	0.936058913308465	sample_2022120210026
HROV.vOTU50677	Responder_Status	Responder	-0.303995400240963	0.540495229358546	0.578292819137835	0.936082944097626	sample_2022120210026
HROV.vOTU12762	Responder_Status	Responder	-0.248235301852867	0.442589054348815	0.57934671684894	0.936350166746124	sample_2022120210026
HROV.vOTU09408	Responder_Status	Responder	0.396779936631992	0.70643964479847	0.578815122739941	0.936350166746124	sample_2022120210026
HROV.vOTU49589	Responder_Status	Responder	0.531661784547729	0.94819184352862	0.579454095960819	0.936350166746124	sample_2022120210026
HROV.vOTU00374	Responder_Status	Responder	0.529787796839031	0.944816104177623	0.579440693537106	0.936350166746124	sample_2022120210026
HROV.vOTU16618	Responder_Status	Responder	0.536466209901105	0.957132661304416	0.579600824991809	0.936514337220062	sample_2022120210026
HROV.vOTU06228	Responder_Status	Responder	0.56686230665705	1.01215624494663	0.579896100599393	0.936685976828657	sample_2022120210026
HROV.vOTU57404	Responder_Status	Responder	0.398909398604765	0.712440798422318	0.579986794581675	0.936685976828657	sample_2022120210026
HROV.vOTU23466	Responder_Status	Responder	0.15002137489648	0.268282780313687	0.580476860499016	0.937200035430639	sample_2022120210026
HROV.vOTU03559	Responder_Status	Responder	-0.494406692435918	0.885556862230165	0.581076733362515	0.937294839019375	sample_2022120210026
HROV.vOTU11401	Responder_Status	Responder	-0.211151694804914	0.378205393901157	0.581077629356397	0.937294839019375	sample_2022120210026
HROV.vOTU51876	Responder_Status	Responder	-0.256456504890211	0.459202412858937	0.580954057950487	0.937294839019375	sample_2022120210026
HROV.vOTU45549	Responder_Status	Responder	-0.393757105076167	0.705444898323116	0.581165544472688	0.937363781407562	sample_2022120210026
HROV.vOTU18898	Responder_Status	Responder	0.254463937436963	0.456560546815519	0.581717096791918	0.937621910388652	sample_2022120210026
HROV.vOTU51026	Responder_Status	Responder	0.787403371727069	1.41310815746803	0.581808757600714	0.937621910388652	sample_2022120210026
HROV.vOTU23806	Responder_Status	Responder	-0.423463193139776	0.759986941165681	0.581819417761505	0.937621910388652	sample_2022120210026
HROV.vOTU24158	Responder_Status	Responder	0.463365423388277	0.832617384697121	0.582278699252216	0.937774216818029	sample_2022120210026
HROV.vOTU17878	Responder_Status	Responder	0.655347428188225	1.17790072800628	0.58237825058013	0.937792891881285	sample_2022120210026
HROV.vOTU06637	Responder_Status	Responder	-0.475975551651459	0.856682748455134	0.582894797329197	0.937984537808642	sample_2022120210026
HROV.vOTU02709	Responder_Status	Responder	0.392017555093998	0.706087744032117	0.583168966075432	0.937984537808642	sample_2022120210026
HROV.vOTU44891	Responder_Status	Responder	-0.599740331872751	1.08066856586946	0.583320843616163	0.938079840581643	sample_2022120210026
HROV.vOTU22926	Responder_Status	Responder	-0.34358348116139	0.62018825973665	0.583977524583415	0.938092019715584	sample_2022120210026
HROV.vOTU11617	Responder_Status	Responder	-0.563285205508702	1.01833629013397	0.584555653731205	0.938092019715584	sample_2022120210026
HROV.vOTU16249	Responder_Status	Responder	0.314503803473255	0.566856173269395	0.583422340288907	0.938092019715584	sample_2022120210026
HROV.vOTU63385	Responder_Status	Responder	-0.343953702797019	0.620510322274702	0.583768848282078	0.938092019715584	sample_2022120210026
HROV.vOTU73110	Responder_Status	Responder	0.423749924179659	0.767502927881063	0.585249972158025	0.938258974575004	sample_2022120210026
HROV.vOTU18422	Responder_Status	Responder	0.266281739608846	0.482875524131548	0.585699519224418	0.938258974575004	sample_2022120210026
HROV.vOTU40962	Responder_Status	Responder	0.682547077009085	1.23736515760642	0.585589154902995	0.938258974575004	sample_2022120210026
HROV.vOTU51564	Responder_Status	Responder	-0.397889780335865	0.721609034888845	0.585738470333475	0.938258974575004	sample_2022120210026
HROV.vOTU48727	Responder_Status	Responder	-0.310996514913791	0.562901905357001	0.584997970853627	0.938258974575004	sample_2022120210026
HROV.vOTU52804	Responder_Status	Responder	0.515698347235612	0.935699651844541	0.585911470102329	0.938293978149355	sample_2022120210026
HROV.vOTU02645	Responder_Status	Responder	0.275911244869146	0.500629393332578	0.585916804359843	0.938293978149355	sample_2022120210026
HROV.vOTU46313	Responder_Status	Responder	0.576298736429612	1.04946263001737	0.587264523292052	0.939086960104911	sample_2022120210026
HROV.vOTU48740	Responder_Status	Responder	-0.204748776274668	0.373295975883061	0.587703229434085	0.939096987854922	sample_2022120210026
HROV.vOTU45592	Responder_Status	Responder	0.324829028913955	0.593394589863409	0.58843556204276	0.939553172265874	sample_2022120210026
HROV.vOTU12914	Responder_Status	Responder	0.174506840498624	0.318780824594295	0.588427861889828	0.939553172265874	sample_2022120210026
HROV.vOTU56542	Responder_Status	Responder	0.583351830426933	1.0661713381659	0.588612939281907	0.939733668546555	sample_2022120210026
HROV.vOTU44189	Responder_Status	Responder	-0.544408856751479	0.995163270628023	0.588675030585529	0.93976049274117	sample_2022120210026
HROV.vOTU64197	Responder_Status	Responder	-0.636873497955613	1.16727759339385	0.589657556130225	0.93981915441735	sample_2022120210026
HROV.vOTU64884	Responder_Status	Responder	0.280059656036145	0.51246142166383	0.589051827986133	0.93981915441735	sample_2022120210026
HROV.vOTU22862	Responder_Status	Responder	-0.731909827563327	1.34379040528054	0.590298892490002	0.93981915441735	sample_2022120210026
HROV.vOTU07299	Responder_Status	Responder	-0.467718398716226	0.85831022358141	0.59011659482417	0.93981915441735	sample_2022120210026
HROV.vOTU21114	Responder_Status	Responder	0.218380235310888	0.401626673209972	0.590924386246047	0.93981915441735	sample_2022120210026
HROV.vOTU60486	Responder_Status	Responder	0.663646250142169	1.2238742271492	0.591935953873588	0.940336169260217	sample_2022120210026
HROV.vOTU60555	Responder_Status	Responder	-0.451176176256223	0.836666290688533	0.593973665042263	0.940372076032639	sample_2022120210026
HROV.vOTU06005	Responder_Status	Responder	0.444671711060969	0.829017860844513	0.595929623133871	0.940372076032639	sample_2022120210026
HROV.vOTU47534	Responder_Status	Responder	0.705585698700096	1.30789417775964	0.593818719811851	0.940372076032639	sample_2022120210026
HROV.vOTU13816	Responder_Status	Responder	-0.391005748698003	0.723666264888066	0.593253883945663	0.940372076032639	sample_2022120210026
HROV.vOTU66687	Responder_Status	Responder	-0.440128819815388	0.813869431199317	0.592931914241437	0.940372076032639	sample_2022120210026
HROV.vOTU04013	Responder_Status	Responder	-0.192859579145188	0.355739516632031	0.592012958328442	0.940372076032639	sample_2022120210026
HROV.vOTU40973	Responder_Status	Responder	-0.126605494511851	0.235753195438556	0.595492077643345	0.940372076032639	sample_2022120210026
HROV.vOTU03613	Responder_Status	Responder	0.399708474352134	0.745090035662227	0.595879946693783	0.940372076032639	sample_2022120210026
HROV.vOTU01261	Responder_Status	Responder	-0.258907220291763	0.479511872677848	0.593507775336285	0.940372076032639	sample_2022120210026
HROV.vOTU19022	Responder_Status	Responder	-0.803366129547427	1.49539628731829	0.595355305989489	0.940372076032639	sample_2022120210026
HROV.vOTU07919	Responder_Status	Responder	-0.408310064251406	0.753322599201558	0.592097810555016	0.940372076032639	sample_2022120210026
HROV.vOTU01917	Responder_Status	Responder	0.280386325362007	0.517914471136159	0.592530536454676	0.940372076032639	sample_2022120210026
HROV.vOTU47996	Responder_Status	Responder	0.292272698511164	0.543210118453884	0.594795905460111	0.940372076032639	sample_2022120210026
HROV.vOTU09000	Responder_Status	Responder	-0.355538632706552	0.66320735496465	0.596130137530672	0.940518579209356	sample_2022120210026
HROV.vOTU43151	Responder_Status	Responder	-0.638749114455904	1.19606965347357	0.597528690019844	0.941309134559439	sample_2022120210026
HROV.vOTU42257	Responder_Status	Responder	0.547581133730677	1.02608348153351	0.597787249296672	0.941486559613354	sample_2022120210026
HROV.vOTU05701	Responder_Status	Responder	-0.3901367130098	0.733506879246313	0.599005153899633	0.941875632213057	sample_2022120210026
HROV.vOTU16750	Responder_Status	Responder	-0.682860780489189	1.28094370330496	0.598176157124383	0.941875632213057	sample_2022120210026
HROV.vOTU71347	Responder_Status	Responder	0.778882920132631	1.46294479361724	0.598643714801771	0.941875632213057	sample_2022120210026
HROV.vOTU12973	Responder_Status	Responder	-0.420826136081018	0.789906085899279	0.598406586697992	0.941875632213057	sample_2022120210026
HROV.vOTU26256	Responder_Status	Responder	-0.379225961756072	0.712292819974481	0.598647692178272	0.941875632213057	sample_2022120210026
HROV.vOTU01454	Responder_Status	Responder	0.483160425854643	0.907150644844699	0.598503212546667	0.941875632213057	sample_2022120210026
HROV.vOTU66515	Responder_Status	Responder	-0.298839797493308	0.562551234916271	0.599453885715612	0.941895208889819	sample_2022120210026
HROV.vOTU71255	Responder_Status	Responder	-0.284757349425532	0.536018269436063	0.599437995436561	0.941895208889819	sample_2022120210026
HROV.vOTU33222	Responder_Status	Responder	-0.543128008226702	1.02491038221006	0.600339721679084	0.942054699054915	sample_2022120210026
HROV.vOTU16495	Responder_Status	Responder	-0.216904149015323	0.409925304017288	0.600884787366317	0.942054699054915	sample_2022120210026
HROV.vOTU09805	Responder_Status	Responder	-0.727930903349783	1.37276292849572	0.600107299959188	0.942054699054915	sample_2022120210026
HROV.vOTU10690	Responder_Status	Responder	-0.418812875055633	0.788801574931166	0.59964128175774	0.942054699054915	sample_2022120210026
HROV.vOTU05759	Responder_Status	Responder	-0.372849079636884	0.703109014491358	0.600094106219369	0.942054699054915	sample_2022120210026
HROV.vOTU47688	Responder_Status	Responder	-0.401280268635799	0.759021366141771	0.601192727968824	0.942097167050288	sample_2022120210026
HROV.vOTU36489	Responder_Status	Responder	-0.448854145970093	0.850584162278045	0.601863991124837	0.942188896273533	sample_2022120210026
HROV.vOTU45294	Responder_Status	Responder	-0.375550235328835	0.712096320399787	0.602079255368198	0.942256167296816	sample_2022120210026
HROV.vOTU23542	Responder_Status	Responder	-0.405059507981441	0.76835834948657	0.602224249611701	0.942267116073706	sample_2022120210026
HROV.vOTU04021	Responder_Status	Responder	-0.440866656582891	0.837419500604586	0.602715486968894	0.942523653222139	sample_2022120210026
HROV.vOTU06705	Responder_Status	Responder	-0.462157449532597	0.878082783829254	0.602806632764529	0.942524723812721	sample_2022120210026
HROV.vOTU04724	Responder_Status	Responder	-0.18335800770365	0.348397374598429	0.602831132969581	0.942524723812721	sample_2022120210026
HROV.vOTU49221	Responder_Status	Responder	-0.599841619402592	1.14033056803526	0.603013201914539	0.942584576051509	sample_2022120210026
HROV.vOTU06179	Responder_Status	Responder	-0.483042494126582	0.918324397087392	0.603026999859459	0.942584576051509	sample_2022120210026
HROV.vOTU08047	Responder_Status	Responder	0.359190371367149	0.683733882417631	0.603484929599441	0.942877526942378	sample_2022120210026
HROV.vOTU16021	Responder_Status	Responder	0.439061544582	0.836726353645963	0.603896016051287	0.942877526942378	sample_2022120210026
HROV.vOTU65577	Responder_Status	Responder	-0.700824662370271	1.33930908357801	0.604901006243487	0.943381877456021	sample_2022120210026
HROV.vOTU28977	Responder_Status	Responder	0.454326215502878	0.8673203479482	0.604520497643699	0.943381877456021	sample_2022120210026
HROV.vOTU27047	Responder_Status	Responder	-0.647695115691383	1.23754917761049	0.60483514438129	0.943381877456021	sample_2022120210026
HROV.vOTU73206	Responder_Status	Responder	-0.318859184253706	0.608428698317501	0.604354050350041	0.943381877456021	sample_2022120210026
HROV.vOTU29302	Responder_Status	Responder	0.840711579255281	1.60575736665682	0.604703591753526	0.943381877456021	sample_2022120210026
HROV.vOTU15824	Responder_Status	Responder	0.23348528775387	0.445968548096232	0.604713373073121	0.943381877456021	sample_2022120210026
HROV.vOTU03660	Responder_Status	Responder	-0.457598437103482	0.876226631126404	0.605612474176328	0.944136652078047	sample_2022120210026
HROV.vOTU56750	Responder_Status	Responder	0.477199506499885	0.913949969663312	0.60568726041406	0.944182304379216	sample_2022120210026
HROV.vOTU18316	Responder_Status	Responder	0.630280328972848	1.2079115936597	0.605917659951038	0.944300986411163	sample_2022120210026
HROV.vOTU39228	Responder_Status	Responder	0.554200800342767	1.06232473399909	0.605990936628966	0.944300986411163	sample_2022120210026
HROV.vOTU38300	Responder_Status	Responder	0.364309065898357	0.698478579255299	0.606067686417138	0.944349665326696	sample_2022120210026
HROV.vOTU48623	Responder_Status	Responder	0.490089694905253	0.940463495113892	0.606383959866279	0.944416960686428	sample_2022120210026
HROV.vOTU34262	Responder_Status	Responder	-0.562218636144499	1.08827754956147	0.609482723953065	0.944493392234959	sample_2022120210026
HROV.vOTU40626	Responder_Status	Responder	-0.586265018256753	1.13208372117693	0.608621292753678	0.944493392234959	sample_2022120210026
HROV.vOTU63903	Responder_Status	Responder	0.533414623239569	1.02682058667977	0.607507333990819	0.944493392234959	sample_2022120210026
HROV.vOTU12483	Responder_Status	Responder	0.35846154416466	0.689303355916657	0.6071270615823	0.944493392234959	sample_2022120210026
HROV.vOTU50051	Responder_Status	Responder	-0.440568310235259	0.852135477848263	0.609204701328923	0.944493392234959	sample_2022120210026
HROV.vOTU50037	Responder_Status	Responder	-0.389058741199497	0.75274267922969	0.609316220478886	0.944493392234959	sample_2022120210026
HROV.vOTU18413	Responder_Status	Responder	-0.246078993160159	0.473346647374174	0.607239851554104	0.944493392234959	sample_2022120210026
HROV.vOTU04672	Responder_Status	Responder	-0.141609975604806	0.273402842549446	0.60855937875928	0.944493392234959	sample_2022120210026
HROV.vOTU43749	Responder_Status	Responder	-0.190489807981112	0.368931288860024	0.609678871451568	0.944656256169357	sample_2022120210026
HROV.vOTU36786	Responder_Status	Responder	-0.50471117144614	0.979132881708457	0.61027260169338	0.944941159998331	sample_2022120210026
HROV.vOTU75092	Responder_Status	Responder	0.38455481010673	0.746671534834327	0.610577493220355	0.945060643318094	sample_2022120210026
HROV.vOTU12570	Responder_Status	Responder	-0.506820886814381	1.00172109474587	0.61685208472344	0.945245101678697	sample_2022120210026
HROV.vOTU30121	Responder_Status	Responder	-0.546477611538193	1.06488193323811	0.611849998939221	0.945245101678697	sample_2022120210026
HROV.vOTU29342	Responder_Status	Responder	-0.478626878198197	0.933073696645851	0.612004800496255	0.945245101678697	sample_2022120210026
HROV.vOTU27248	Responder_Status	Responder	0.509942376500656	1.00431088910583	0.615602851178404	0.945245101678697	sample_2022120210026
HROV.vOTU71080	Responder_Status	Responder	0.403989787118924	0.791270427742686	0.613662195161634	0.945245101678697	sample_2022120210026
HROV.vOTU49528	Responder_Status	Responder	0.411987303919049	0.81529146496053	0.617285245444761	0.945245101678697	sample_2022120210026
HROV.vOTU17609	Responder_Status	Responder	-0.304934062782051	0.595655322697058	0.612714005847238	0.945245101678697	sample_2022120210026
HROV.vOTU43598	Responder_Status	Responder	0.237068324904743	0.460782414612915	0.610946269074304	0.945245101678697	sample_2022120210026
HROV.vOTU73089	Responder_Status	Responder	-0.495041983966047	0.97442779106518	0.615408987388781	0.945245101678697	sample_2022120210026
HROV.vOTU50340	Responder_Status	Responder	0.336812090609567	0.666778223532345	0.617418057695866	0.945245101678697	sample_2022120210026
HROV.vOTU72046	Responder_Status	Responder	0.575765967542392	1.1374498347013	0.616685692332845	0.945245101678697	sample_2022120210026
HROV.vOTU11758	Responder_Status	Responder	-0.254847273483174	0.504380764321629	0.617325140830694	0.945245101678697	sample_2022120210026
HROV.vOTU16998	Responder_Status	Responder	-0.262131053043568	0.51614902154211	0.615529641551924	0.945245101678697	sample_2022120210026
HROV.vOTU51342	Responder_Status	Responder	-0.198750481486625	0.393432711877874	0.617392689088027	0.945245101678697	sample_2022120210026
HROV.vOTU44936	Responder_Status	Responder	0.358232899457403	0.705889269056369	0.615784179084949	0.945245101678697	sample_2022120210026
HROV.vOTU55142	Responder_Status	Responder	-0.443872237500049	0.865730655018233	0.612172737352939	0.945245101678697	sample_2022120210026
HROV.vOTU60429	Responder_Status	Responder	-0.23654343737061	0.461282824870717	0.612116942372277	0.945245101678697	sample_2022120210026
HROV.vOTU48553	Responder_Status	Responder	-0.138678722361793	0.273850959829246	0.616538816656071	0.945245101678697	sample_2022120210026
HROV.vOTU49385	Responder_Status	Responder	-0.538377907211599	1.05501669678234	0.613838985238391	0.945245101678697	sample_2022120210026
HROV.vOTU51920	Responder_Status	Responder	-0.416408394096609	0.819011706091759	0.615136002627738	0.945245101678697	sample_2022120210026
HROV.vOTU38116	Responder_Status	Responder	0.506143557439817	0.986908740733104	0.612073644801177	0.945245101678697	sample_2022120210026
HROV.vOTU17471	Responder_Status	Responder	0.358767773992659	0.706459506603413	0.615543576073728	0.945245101678697	sample_2022120210026
HROV.vOTU01844	Responder_Status	Responder	0.219827708842586	0.432269915877065	0.615056543101547	0.945245101678697	sample_2022120210026
HROV.vOTU65964	Responder_Status	Responder	-0.430138480307268	0.836899645058355	0.611307990511712	0.945245101678697	sample_2022120210026
HROV.vOTU38073	Responder_Status	Responder	-0.189917263311576	0.379849014291218	0.620995300765163	0.946975097348615	sample_2022120210026
HROV.vOTU07934	Responder_Status	Responder	-0.533249573745999	1.07611290706145	0.624090817168304	0.946975097348615	sample_2022120210026
HROV.vOTU02128	Responder_Status	Responder	-0.3485893648251	0.697280714649948	0.621032882362532	0.946975097348615	sample_2022120210026
HROV.vOTU22940	Responder_Status	Responder	0.33612373671486	0.674051846277615	0.621912806899431	0.946975097348615	sample_2022120210026
HROV.vOTU35718	Responder_Status	Responder	-0.543231429035732	1.08939447445291	0.621917727223022	0.946975097348615	sample_2022120210026
HROV.vOTU53921	Responder_Status	Responder	-0.422195707028417	0.851991913338077	0.624086314457483	0.946975097348615	sample_2022120210026
HROV.vOTU73429	Responder_Status	Responder	-0.420097784238188	0.844769604619774	0.622865344610214	0.946975097348615	sample_2022120210026
HROV.vOTU20267	Responder_Status	Responder	0.169622692194767	0.340304092059454	0.622063824481924	0.946975097348615	sample_2022120210026
HROV.vOTU19551	Responder_Status	Responder	0.54924131110232	1.10211752152675	0.622128890100887	0.946975097348615	sample_2022120210026
HROV.vOTU20060	Responder_Status	Responder	0.618484110897127	1.24811250914466	0.624089120272312	0.946975097348615	sample_2022120210026
HROV.vOTU09276	Responder_Status	Responder	-0.37139100353437	0.745731121596433	0.622357309532089	0.946975097348615	sample_2022120210026
HROV.vOTU21222	Responder_Status	Responder	-0.382852808558853	0.763133272705599	0.619810933300767	0.946975097348615	sample_2022120210026
HROV.vOTU46619	Responder_Status	Responder	-0.222607851321606	0.448127477973141	0.623242389213974	0.946975097348615	sample_2022120210026
HROV.vOTU40298	Responder_Status	Responder	-0.531215004578889	1.0649181570902	0.621794401299302	0.946975097348615	sample_2022120210026
HROV.vOTU69548	Responder_Status	Responder	-0.392508694983168	0.79113837846241	0.623673928152969	0.946975097348615	sample_2022120210026
HROV.vOTU54353	Responder_Status	Responder	-0.140515552012533	0.282199589389634	0.622422017267628	0.946975097348615	sample_2022120210026
HROV.vOTU28607	Responder_Status	Responder	0.452548281734957	0.903026214046165	0.620185384486214	0.946975097348615	sample_2022120210026
HROV.vOTU47851	Responder_Status	Responder	-0.142020417318814	0.285035466582379	0.622195474240616	0.946975097348615	sample_2022120210026
HROV.vOTU21507	Responder_Status	Responder	-0.169776671936793	0.341792883126894	0.623261426362879	0.946975097348615	sample_2022120210026
HROV.vOTU17055	Responder_Status	Responder	0.170524867427117	0.341759379007466	0.621703970225042	0.946975097348615	sample_2022120210026
HROV.vOTU01582	Responder_Status	Responder	0.691830161319537	1.40007475016247	0.625063194894285	0.947113307950498	sample_2022120210026
HROV.vOTU51492	Responder_Status	Responder	-0.55684878371082	1.13186375320266	0.626572107738454	0.947113307950498	sample_2022120210026
HROV.vOTU05852	Responder_Status	Responder	0.148223506092999	0.299898067866438	0.624987707396714	0.947113307950498	sample_2022120210026
HROV.vOTU69314	Responder_Status	Responder	0.334334216561327	0.677985294209495	0.625766902157196	0.947113307950498	sample_2022120210026
HROV.vOTU23061	Responder_Status	Responder	-0.509941650937174	1.02976089341835	0.624320185711331	0.947113307950498	sample_2022120210026
HROV.vOTU41561	Responder_Status	Responder	-0.303408678383343	0.617844306286421	0.627199641998248	0.947113307950498	sample_2022120210026
HROV.vOTU25224	Responder_Status	Responder	-0.148594779890598	0.301327376692795	0.625763408445328	0.947113307950498	sample_2022120210026
HROV.vOTU42860	Responder_Status	Responder	0.308686936461931	0.628559970930353	0.627181811264756	0.947113307950498	sample_2022120210026
HROV.vOTU19905	Responder_Status	Responder	0.164595466895203	0.333439146354655	0.625417660812803	0.947113307950498	sample_2022120210026
HROV.vOTU23789	Responder_Status	Responder	-0.315247944612578	0.640166445513968	0.626242866314298	0.947113307950498	sample_2022120210026
HROV.vOTU19271	Responder_Status	Responder	0.239149319047307	0.485143887838949	0.62589517987425	0.947113307950498	sample_2022120210026
HROV.vOTU67099	Responder_Status	Responder	0.580533110888743	1.17371537366772	0.624733106836023	0.947113307950498	sample_2022120210026
HROV.vOTU02442	Responder_Status	Responder	0.484567461605004	0.985375824295663	0.626722933949397	0.947113307950498	sample_2022120210026
HROV.vOTU23130	Responder_Status	Responder	0.142548482914425	0.289308173065537	0.626050907678598	0.947113307950498	sample_2022120210026
HROV.vOTU38840	Responder_Status	Responder	-0.169995891973317	0.345547624790897	0.626582077450692	0.947113307950498	sample_2022120210026
HROV.vOTU06121	Responder_Status	Responder	-0.337502283813291	0.690061933463249	0.628587511968849	0.947149397080287	sample_2022120210026
HROV.vOTU63816	Responder_Status	Responder	-0.597086985398486	1.22005841026116	0.628376222056925	0.947149397080287	sample_2022120210026
HROV.vOTU48052	Responder_Status	Responder	0.331362294766649	0.678401613363664	0.629037916246574	0.947149397080287	sample_2022120210026
HROV.vOTU37315	Responder_Status	Responder	-0.221427275212657	0.452769948034972	0.628615160662921	0.947149397080287	sample_2022120210026
HROV.vOTU45038	Responder_Status	Responder	-0.531184440861169	1.0922603640728	0.630527368786143	0.947755566251916	sample_2022120210026
HROV.vOTU20422	Responder_Status	Responder	-0.431434356207357	0.887677158785332	0.630730723236842	0.947755566251916	sample_2022120210026
HROV.vOTU15866	Responder_Status	Responder	0.288731504537643	0.594506137026642	0.630982818931584	0.947798862952828	sample_2022120210026
HROV.vOTU56066	Responder_Status	Responder	0.490242496917108	1.01098612392677	0.631508777229086	0.948039873209632	sample_2022120210026
HROV.vOTU38248	Responder_Status	Responder	-0.419225163034572	0.865558613576707	0.631911317963533	0.948506933430505	sample_2022120210026
HROV.vOTU43577	Responder_Status	Responder	-0.580729670415232	1.20113905766544	0.632512719203662	0.94906637670663	sample_2022120210026
HROV.vOTU44212	Responder_Status	Responder	-0.33024244581256	0.683351321839593	0.632662427749335	0.949085119707829	sample_2022120210026
HROV.vOTU19194	Responder_Status	Responder	-0.385636380279895	0.798686214696975	0.632964265252784	0.949093352348132	sample_2022120210026
HROV.vOTU75152	Responder_Status	Responder	0.387444148151695	0.804206014862596	0.633712057408881	0.949093352348132	sample_2022120210026
HROV.vOTU51944	Responder_Status	Responder	-0.488986551397265	1.0136387689406	0.633266726412291	0.949093352348132	sample_2022120210026
HROV.vOTU40608	Responder_Status	Responder	-0.288068095497035	0.597156539769185	0.633271972228555	0.949093352348132	sample_2022120210026
HROV.vOTU74563	Responder_Status	Responder	-0.429608585654523	0.89216991573492	0.633880453750407	0.949093352348132	sample_2022120210026
HROV.vOTU56910	Responder_Status	Responder	-0.439353746229957	0.909386215926135	0.632758283293857	0.949093352348132	sample_2022120210026
HROV.vOTU51039	Responder_Status	Responder	-0.634490566340129	1.31632175069007	0.633539773097186	0.949093352348132	sample_2022120210026
HROV.vOTU48190	Responder_Status	Responder	0.313505351207561	0.650784204119834	0.633738388763308	0.949093352348132	sample_2022120210026
HROV.vOTU09525	Responder_Status	Responder	0.472963513697034	0.98210698747829	0.633846641030339	0.949093352348132	sample_2022120210026
HROV.vOTU62071	Responder_Status	Responder	-0.19728874937423	0.410667049372913	0.634667784919173	0.949580926921769	sample_2022120210026
HROV.vOTU08375	Responder_Status	Responder	0.427152607112045	0.889189374273573	0.634686162673639	0.949580926921769	sample_2022120210026
HROV.vOTU66995	Responder_Status	Responder	-0.361811681215763	0.754400606294051	0.635235818988944	0.949755102311751	sample_2022120210026
HROV.vOTU75805	Responder_Status	Responder	0.612170941653976	1.27745338440714	0.635509448728055	0.949755102311751	sample_2022120210026
HROV.vOTU13448	Responder_Status	Responder	0.282162196371229	0.588348080017224	0.635248281679785	0.949755102311751	sample_2022120210026
HROV.vOTU30954	Responder_Status	Responder	-0.435555398513046	0.909621176262454	0.635776637926291	0.949842698320293	sample_2022120210026
HROV.vOTU47090	Responder_Status	Responder	-0.212300380313271	0.444042165052104	0.63628473084711	0.949875244480148	sample_2022120210026
HROV.vOTU64636	Responder_Status	Responder	-0.487198818466046	1.02046342298875	0.636762479574589	0.950084234642462	sample_2022120210026
HROV.vOTU12599	Responder_Status	Responder	0.458759435310901	0.961202140849179	0.636869517943783	0.950170877724792	sample_2022120210026
HROV.vOTU53502	Responder_Status	Responder	-0.426650560981474	0.894997501293608	0.637270982590672	0.950170877724792	sample_2022120210026
HROV.vOTU24328	Responder_Status	Responder	-0.203303324528135	0.426521391696349	0.637307138714458	0.950170877724792	sample_2022120210026
HROV.vOTU58571	Responder_Status	Responder	0.199269254031984	0.418014612952754	0.637272269742959	0.950170877724792	sample_2022120210026
HROV.vOTU57556	Responder_Status	Responder	0.510559152820081	1.07386824380663	0.63816208627745	0.950395700154818	sample_2022120210026
HROV.vOTU00253	Responder_Status	Responder	-0.395087434057203	0.832328092798485	0.638698294767772	0.950748781832972	sample_2022120210026
HROV.vOTU14106	Responder_Status	Responder	-0.40670825229989	0.857338911558494	0.638904635413376	0.950748781832972	sample_2022120210026
HROV.vOTU03800	Responder_Status	Responder	-0.696982894348346	1.47287621925842	0.639730340608835	0.950859066178451	sample_2022120210026
HROV.vOTU05854	Responder_Status	Responder	-0.335331249845028	0.708853012372043	0.639836289498569	0.950859066178451	sample_2022120210026
HROV.vOTU02851	Responder_Status	Responder	0.481711027501498	1.01845927455434	0.639893783138115	0.950859066178451	sample_2022120210026
HROV.vOTU12332	Responder_Status	Responder	-0.358071003953063	0.75639733112072	0.63960496497686	0.950859066178451	sample_2022120210026
HROV.vOTU51173	Responder_Status	Responder	0.714486021331776	1.51667407727947	0.641228067905542	0.951704987074209	sample_2022120210026
HROV.vOTU44531	Responder_Status	Responder	0.245346634810906	0.520965287791291	0.641327625163096	0.951704987074209	sample_2022120210026
HROV.vOTU15867	Responder_Status	Responder	0.247642303064473	0.525183756846923	0.640912710722734	0.951704987074209	sample_2022120210026
HROV.vOTU23983	Responder_Status	Responder	-0.257539464793947	0.548718077249101	0.642455643727348	0.95188267194128	sample_2022120210026
HROV.vOTU30321	Responder_Status	Responder	0.338559303628178	0.72411626768493	0.643726198936374	0.95188267194128	sample_2022120210026
HROV.vOTU55610	Responder_Status	Responder	0.280522848336326	0.599747859531192	0.643594537578439	0.95188267194128	sample_2022120210026
HROV.vOTU52590	Responder_Status	Responder	0.314602011651238	0.672068547792434	0.643329401924062	0.95188267194128	sample_2022120210026
HROV.vOTU54587	Responder_Status	Responder	-0.383802734738856	0.820981408603228	0.643765522558924	0.95188267194128	sample_2022120210026
HROV.vOTU60677	Responder_Status	Responder	-0.230760604777893	0.494025553020756	0.644041100237409	0.95188267194128	sample_2022120210026
HROV.vOTU57641	Responder_Status	Responder	0.153311201288138	0.327560976488364	0.643379790581501	0.95188267194128	sample_2022120210026
HROV.vOTU08111	Responder_Status	Responder	-0.390997040007335	0.838190493480545	0.644482820894897	0.95219500830667	sample_2022120210026
HROV.vOTU49629	Responder_Status	Responder	0.308107015245072	0.661021593377624	0.644744513495606	0.952202751247959	sample_2022120210026
HROV.vOTU43907	Responder_Status	Responder	-0.494837310829212	1.06127554730307	0.644631947236219	0.952202751247959	sample_2022120210026
HROV.vOTU10034	Responder_Status	Responder	-0.338364109122707	0.726294901987685	0.644907342001511	0.952307667700779	sample_2022120210026
HROV.vOTU26021	Responder_Status	Responder	-0.456336492889002	0.980598017678297	0.645269046688073	0.952499215296402	sample_2022120210026
HROV.vOTU64696	Responder_Status	Responder	0.259129839666918	0.556830901419464	0.645269116093305	0.952499215296402	sample_2022120210026
HROV.vOTU22969	Responder_Status	Responder	-0.442883829782793	0.952430334116055	0.645524790727398	0.952550270284822	sample_2022120210026
HROV.vOTU49179	Responder_Status	Responder	0.363415873845241	0.78131766180776	0.645434167806595	0.952550270284822	sample_2022120210026
HROV.vOTU30481	Responder_Status	Responder	-0.243384556290743	0.52348570360018	0.645576600048937	0.952550270284822	sample_2022120210026
HROV.vOTU61314	Responder_Status	Responder	-0.424193199447978	0.91798532905009	0.647586260205466	0.952609444281566	sample_2022120210026
HROV.vOTU63778	Responder_Status	Responder	-0.520436865483419	1.12084465210619	0.646004655238613	0.952609444281566	sample_2022120210026
HROV.vOTU15235	Responder_Status	Responder	-0.305944437795462	0.660388158092972	0.646744861096202	0.952609444281566	sample_2022120210026
HROV.vOTU63683	Responder_Status	Responder	-0.38373700277337	0.827070339821756	0.64625527591488	0.952609444281566	sample_2022120210026
HROV.vOTU22235	Responder_Status	Responder	-0.467845566953965	1.01143890087695	0.647258369152714	0.952609444281566	sample_2022120210026
HROV.vOTU25853	Responder_Status	Responder	-0.451578777852182	0.975284104846261	0.646926743977211	0.952609444281566	sample_2022120210026
HROV.vOTU13262	Responder_Status	Responder	0.439193538596538	0.946931596882032	0.646371612256473	0.952609444281566	sample_2022120210026
HROV.vOTU16189	Responder_Status	Responder	0.482715135520211	1.04097439759233	0.646436960271552	0.952609444281566	sample_2022120210026
HROV.vOTU33539	Responder_Status	Responder	-0.396324727957898	0.854079165176841	0.646208542918068	0.952609444281566	sample_2022120210026
HROV.vOTU27480	Responder_Status	Responder	0.320059991039263	0.692740140571574	0.647636695444822	0.952609444281566	sample_2022120210026
HROV.vOTU56795	Responder_Status	Responder	0.54356604702106	1.17586565563827	0.647460643410996	0.952609444281566	sample_2022120210026
HROV.vOTU67206	Responder_Status	Responder	0.205459596549228	0.44385499462811	0.647015093390695	0.952609444281566	sample_2022120210026
HROV.vOTU33821	Responder_Status	Responder	0.468892246667742	1.01583040067881	0.647944928058478	0.9527740028328	sample_2022120210026
HROV.vOTU42454	Responder_Status	Responder	-0.225495300741336	0.488455732106898	0.6478994147329	0.9527740028328	sample_2022120210026
HROV.vOTU11831	Responder_Status	Responder	0.445321231899691	0.965444323812882	0.648175039571442	0.952809168230613	sample_2022120210026
HROV.vOTU71149	Responder_Status	Responder	-0.541329637563147	1.17571580551488	0.648766693975269	0.953043254040131	sample_2022120210026
HROV.vOTU41996	Responder_Status	Responder	0.213045077362724	0.462570837408151	0.648666124097972	0.953043254040131	sample_2022120210026
HROV.vOTU56707	Responder_Status	Responder	-0.498278311322238	1.08415150821927	0.64935054891441	0.953043254040131	sample_2022120210026
HROV.vOTU28752	Responder_Status	Responder	0.388409937001784	0.844745788380718	0.649213722540662	0.953043254040131	sample_2022120210026
HROV.vOTU58577	Responder_Status	Responder	0.237442493324923	0.51565428582799	0.648736358712486	0.953043254040131	sample_2022120210026
HROV.vOTU62209	Responder_Status	Responder	-0.497528921018217	1.08186517644095	0.649152991135349	0.953043254040131	sample_2022120210026
HROV.vOTU04429	Responder_Status	Responder	0.163271768411875	0.354599643336296	0.648756658332347	0.953043254040131	sample_2022120210026
HROV.vOTU14654	Responder_Status	Responder	0.111113864807307	0.242773026860896	0.650709811251015	0.953199282455348	sample_2022120210026
HROV.vOTU29751	Responder_Status	Responder	-0.59951871632792	1.3116835972817	0.651154015115284	0.953277899815693	sample_2022120210026
HROV.vOTU36939	Responder_Status	Responder	0.258590827795285	0.565520212759883	0.651011029127581	0.953277899815693	sample_2022120210026
HROV.vOTU73417	Responder_Status	Responder	-0.229886820090273	0.503729662333798	0.651644724366157	0.953503140159211	sample_2022120210026
HROV.vOTU43603	Responder_Status	Responder	-0.171525442327658	0.376304218082252	0.652037914152882	0.953756686343192	sample_2022120210026
HROV.vOTU33744	Responder_Status	Responder	0.323748746953278	0.710862839963775	0.652311595449693	0.953756686343192	sample_2022120210026
HROV.vOTU75427	Responder_Status	Responder	0.484222345271016	1.06405039163459	0.652564598842068	0.95383746943068	sample_2022120210026
HROV.vOTU67273	Responder_Status	Responder	-0.387337929818376	0.852372207564862	0.653027429617102	0.954113446314242	sample_2022120210026
HROV.vOTU18620	Responder_Status	Responder	0.240652522562784	0.530028702332573	0.653302339666854	0.954246342959821	sample_2022120210026
HROV.vOTU05119	Responder_Status	Responder	-0.273789344042282	0.603577981836057	0.653605411235245	0.954285975452528	sample_2022120210026
HROV.vOTU67775	Responder_Status	Responder	0.148129824891694	0.326985121622757	0.654027558847513	0.954700798176988	sample_2022120210026
HROV.vOTU30964	Responder_Status	Responder	-0.17077920903504	0.37821377873958	0.655077526747404	0.954881694796566	sample_2022120210026
HROV.vOTU43123	Responder_Status	Responder	-0.368804382973528	0.817643852778937	0.655422082456082	0.954881694796566	sample_2022120210026
HROV.vOTU55105	Responder_Status	Responder	0.339720378540563	0.753062462351701	0.655378672188735	0.954881694796566	sample_2022120210026
HROV.vOTU10171	Responder_Status	Responder	-0.253500084550611	0.561622205605409	0.655198746138235	0.954881694796566	sample_2022120210026
HROV.vOTU57988	Responder_Status	Responder	-0.434385585192443	0.96458609821106	0.655937527187568	0.954881694796566	sample_2022120210026
HROV.vOTU56079	Responder_Status	Responder	-0.305849639656421	0.67885899540066	0.655794235025052	0.954881694796566	sample_2022120210026
HROV.vOTU30174	Responder_Status	Responder	-0.26292853946228	0.582569082842592	0.655230960133546	0.954881694796566	sample_2022120210026
HROV.vOTU15513	Responder_Status	Responder	0.326396017143517	0.72378929128696	0.655495431303129	0.954881694796566	sample_2022120210026
HROV.vOTU11680	Responder_Status	Responder	0.441405886993834	0.979675381692024	0.655773895494107	0.954881694796566	sample_2022120210026
HROV.vOTU60104	Responder_Status	Responder	0.404271266272603	0.895177085620932	0.655028480026832	0.954881694796566	sample_2022120210026
HROV.vOTU21900	Responder_Status	Responder	-0.147433204111947	0.326753794050789	0.655316496947555	0.954881694796566	sample_2022120210026
HROV.vOTU32153	Responder_Status	Responder	-0.543992868288535	1.20831706041235	0.656027697254294	0.954915236968101	sample_2022120210026
HROV.vOTU14264	Responder_Status	Responder	-0.417037915116727	0.927331745098533	0.656375970612773	0.955153715841801	sample_2022120210026
HROV.vOTU16149	Responder_Status	Responder	-0.484903925882713	1.07875086623327	0.656527819084082	0.955153715841801	sample_2022120210026
HROV.vOTU02362	Responder_Status	Responder	-0.223402778147769	0.497311518301839	0.656730192762856	0.955285769353611	sample_2022120210026
HROV.vOTU16572	Responder_Status	Responder	0.461301213097326	1.02674438855135	0.656684338219349	0.955285769353611	sample_2022120210026
HROV.vOTU71363	Responder_Status	Responder	-0.33953553652018	0.756137847920914	0.65685974615203	0.955374083363021	sample_2022120210026
HROV.vOTU68953	Responder_Status	Responder	-0.192767721285742	0.4298324244175	0.657264159358327	0.955526610151004	sample_2022120210026
HROV.vOTU75708	Responder_Status	Responder	-0.343815325156837	0.766620101837081	0.65725688073357	0.955526610151004	sample_2022120210026
HROV.vOTU72414	Responder_Status	Responder	0.55506900095425	1.23833696353845	0.657431223420779	0.955534023058084	sample_2022120210026
HROV.vOTU40808	Responder_Status	Responder	-0.453156061500275	1.01117590971128	0.657495276041908	0.955534023058084	sample_2022120210026
HROV.vOTU54197	Responder_Status	Responder	0.147326540446058	0.328939555237917	0.657683706858581	0.955534023058084	sample_2022120210026
HROV.vOTU73786	Responder_Status	Responder	0.194671100175224	0.434765767753688	0.657771017948451	0.955593966423746	sample_2022120210026
HROV.vOTU49019	Responder_Status	Responder	0.328996488605393	0.735460175611999	0.658075297723809	0.95572712376712	sample_2022120210026
HROV.vOTU04911	Responder_Status	Responder	-0.416580874626298	0.931651023627261	0.658211944037349	0.95572712376712	sample_2022120210026
HROV.vOTU37824	Responder_Status	Responder	0.318728957075411	0.722155813290566	0.662343717785716	0.955795593291758	sample_2022120210026
HROV.vOTU07891	Responder_Status	Responder	-0.263917320441969	0.597852710259432	0.662283330629244	0.955795593291758	sample_2022120210026
HROV.vOTU27519	Responder_Status	Responder	-0.175271942559264	0.394224873927004	0.660027375808611	0.955795593291758	sample_2022120210026
HROV.vOTU07984	Responder_Status	Responder	0.265208355521508	0.594794219214945	0.6591109856373	0.955795593291758	sample_2022120210026
HROV.vOTU68315	Responder_Status	Responder	-0.475589136808603	1.07709242164508	0.662206805528207	0.955795593291758	sample_2022120210026
HROV.vOTU07204	Responder_Status	Responder	0.229943752329764	0.515806942587033	0.659174019547105	0.955795593291758	sample_2022120210026
HROV.vOTU27295	Responder_Status	Responder	-0.311780561219183	0.704394920959564	0.661439855911315	0.955795593291758	sample_2022120210026
HROV.vOTU55100	Responder_Status	Responder	0.143521251754516	0.322118592384911	0.659345421967175	0.955795593291758	sample_2022120210026
HROV.vOTU41084	Responder_Status	Responder	-0.166406435428737	0.376519531082382	0.661913222579799	0.955795593291758	sample_2022120210026
HROV.vOTU49234	Responder_Status	Responder	-0.313679293183373	0.703161687759216	0.658956945437087	0.955795593291758	sample_2022120210026
HROV.vOTU50116	Responder_Status	Responder	-0.303729655965761	0.690444544019574	0.663383269497472	0.956315328753129	sample_2022120210026
HROV.vOTU41205	Responder_Status	Responder	0.40063229467678	0.910902107619964	0.663444262155357	0.956317700526108	sample_2022120210026
HROV.vOTU19804	Responder_Status	Responder	-0.304177225236588	0.692055127428839	0.663653116190226	0.95641748981972	sample_2022120210026
HROV.vOTU61101	Responder_Status	Responder	-0.683925856121545	1.56798897005679	0.666050686452377	0.956669500918568	sample_2022120210026
HROV.vOTU02401	Responder_Status	Responder	0.17925420189938	0.411174127662725	0.666210809073412	0.956669500918568	sample_2022120210026
HROV.vOTU64705	Responder_Status	Responder	0.321583124163985	0.734405742837078	0.664831226837745	0.956669500918568	sample_2022120210026
HROV.vOTU18043	Responder_Status	Responder	0.275070203066716	0.627423777800611	0.664451604366793	0.956669500918568	sample_2022120210026
HROV.vOTU67577	Responder_Status	Responder	0.356802888450992	0.818377532539757	0.666188428310624	0.956669500918568	sample_2022120210026
HROV.vOTU04128	Responder_Status	Responder	-0.193528195124348	0.4439104653074	0.666206996683649	0.956669500918568	sample_2022120210026
HROV.vOTU68906	Responder_Status	Responder	-0.283590761837762	0.646785624724332	0.664416074992286	0.956669500918568	sample_2022120210026
HROV.vOTU71891	Responder_Status	Responder	0.19629227245062	0.449300548003625	0.665546226506208	0.956669500918568	sample_2022120210026
HROV.vOTU58307	Responder_Status	Responder	-0.234434300356435	0.538480482105653	0.666636880501963	0.95675164410124	sample_2022120210026
HROV.vOTU08878	Responder_Status	Responder	-0.463696467756333	1.07489269101825	0.669489199723606	0.957050130894857	sample_2022120210026
HROV.vOTU14934	Responder_Status	Responder	-0.615914789632278	1.42696400888418	0.669318666183486	0.957050130894857	sample_2022120210026
HROV.vOTU00955	Responder_Status	Responder	-0.517412621652663	1.19543578110626	0.668458795115963	0.957050130894857	sample_2022120210026
HROV.vOTU40750	Responder_Status	Responder	-0.262376080046696	0.606492715673326	0.66861053117811	0.957050130894857	sample_2022120210026
HROV.vOTU01543	Responder_Status	Responder	-0.261568843741049	0.606041452178361	0.669335749585372	0.957050130894857	sample_2022120210026
HROV.vOTU59729	Responder_Status	Responder	0.290455365152747	0.669862711487063	0.667898286633522	0.957050130894857	sample_2022120210026
HROV.vOTU41636	Responder_Status	Responder	-0.337206805161843	0.781721767729623	0.669506719259245	0.957050130894857	sample_2022120210026
HROV.vOTU18869	Responder_Status	Responder	-0.214768141097734	0.497756932583067	0.669429353552796	0.957050130894857	sample_2022120210026
HROV.vOTU58363	Responder_Status	Responder	0.263942212105526	0.610622479384349	0.668869764873289	0.957050130894857	sample_2022120210026
HROV.vOTU22499	Responder_Status	Responder	-0.37803218785076	0.892645905870009	0.675168724424778	0.957348378512317	sample_2022120210026
HROV.vOTU29020	Responder_Status	Responder	0.41147606980159	0.965258069253342	0.673158851417157	0.957348378512317	sample_2022120210026
HROV.vOTU33154	Responder_Status	Responder	-0.384894741923235	0.920168295754867	0.678927910527369	0.957348378512317	sample_2022120210026
HROV.vOTU07068	Responder_Status	Responder	-0.387297842791047	0.922127615802995	0.677687648016088	0.957348378512317	sample_2022120210026
HROV.vOTU43876	Responder_Status	Responder	-0.196347939837148	0.458257604166764	0.671589861837631	0.957348378512317	sample_2022120210026
HROV.vOTU01908	Responder_Status	Responder	-0.326348846547132	0.778260838630225	0.678174079539801	0.957348378512317	sample_2022120210026
HROV.vOTU42214	Responder_Status	Responder	-0.213446540919536	0.510914528779886	0.679299207923452	0.957348378512317	sample_2022120210026
HROV.vOTU50793	Responder_Status	Responder	0.29517676639664	0.707288284628161	0.679615484976331	0.957348378512317	sample_2022120210026
HROV.vOTU43272	Responder_Status	Responder	0.506251954723328	1.18992500296814	0.673761915261733	0.957348378512317	sample_2022120210026
HROV.vOTU11662	Responder_Status	Responder	0.481253631120696	1.1222920126086	0.671340354370877	0.957348378512317	sample_2022120210026
HROV.vOTU61213	Responder_Status	Responder	0.249262344872116	0.583678784675848	0.672606062163609	0.957348378512317	sample_2022120210026
HROV.vOTU71281	Responder_Status	Responder	-0.269551521219047	0.641069374262067	0.677350465161902	0.957348378512317	sample_2022120210026
HROV.vOTU21814	Responder_Status	Responder	-0.404979510612277	0.946762493772307	0.672103767917189	0.957348378512317	sample_2022120210026
HROV.vOTU62816	Responder_Status	Responder	-0.360337816421145	0.859631124642428	0.678285066785212	0.957348378512317	sample_2022120210026
HROV.vOTU24412	Responder_Status	Responder	0.370606416886429	0.87191025956539	0.674048256381169	0.957348378512317	sample_2022120210026
HROV.vOTU00724	Responder_Status	Responder	-0.348665862243249	0.825914339231884	0.676134124720632	0.957348378512317	sample_2022120210026
HROV.vOTU19773	Responder_Status	Responder	0.200256631911605	0.473681519060366	0.675694926885983	0.957348378512317	sample_2022120210026
HROV.vOTU13727	Responder_Status	Responder	-0.28598281935178	0.685542112243551	0.679740417379372	0.957348378512317	sample_2022120210026
HROV.vOTU20688	Responder_Status	Responder	0.382501218858542	0.893226242274765	0.671763911732436	0.957348378512317	sample_2022120210026
HROV.vOTU63670	Responder_Status	Responder	-0.309301518153469	0.730656331301734	0.675295698658296	0.957348378512317	sample_2022120210026
HROV.vOTU59281	Responder_Status	Responder	-0.378974355306191	0.907481726240765	0.679416626286678	0.957348378512317	sample_2022120210026
HROV.vOTU54639	Responder_Status	Responder	-0.143401399419325	0.337276514259337	0.673959309878467	0.957348378512317	sample_2022120210026
HROV.vOTU20181	Responder_Status	Responder	-0.213095480280378	0.503522761347786	0.675375635970079	0.957348378512317	sample_2022120210026
HROV.vOTU18567	Responder_Status	Responder	0.424278424711227	0.994954581514356	0.673055268907713	0.957348378512317	sample_2022120210026
HROV.vOTU38162	Responder_Status	Responder	-0.319123939060437	0.761451388225538	0.678341184212818	0.957348378512317	sample_2022120210026
HROV.vOTU16406	Responder_Status	Responder	0.272221220901633	0.64050427145413	0.674077302922959	0.957348378512317	sample_2022120210026
HROV.vOTU01448	Responder_Status	Responder	0.456390413791994	1.08353971787372	0.676822519651312	0.957348378512317	sample_2022120210026
HROV.vOTU21643	Responder_Status	Responder	-0.135957038801358	0.32151045558343	0.675620421303685	0.957348378512317	sample_2022120210026
HROV.vOTU62711	Responder_Status	Responder	0.244542056523791	0.572995760767839	0.672804615860692	0.957348378512317	sample_2022120210026
HROV.vOTU02175	Responder_Status	Responder	0.282165820288838	0.67325624688923	0.678336436343281	0.957348378512317	sample_2022120210026
HROV.vOTU35803	Responder_Status	Responder	0.386603553428499	0.899002662137528	0.670461132642195	0.957348378512317	sample_2022120210026
HROV.vOTU52822	Responder_Status	Responder	0.221373625139571	0.521031018125075	0.674174331652101	0.957348378512317	sample_2022120210026
HROV.vOTU61032	Responder_Status	Responder	0.175626903401519	0.415379715534	0.675663132006573	0.957348378512317	sample_2022120210026
HROV.vOTU53543	Responder_Status	Responder	0.180152533468649	0.428753716665875	0.677563048492273	0.957348378512317	sample_2022120210026
HROV.vOTU31636	Responder_Status	Responder	-0.157429987672268	0.377549537773852	0.679873903812432	0.957417684478349	sample_2022120210026
HROV.vOTU40169	Responder_Status	Responder	-0.248403835206198	0.596029056048761	0.680028410624703	0.957494030023925	sample_2022120210026
HROV.vOTU65765	Responder_Status	Responder	0.352029968040728	0.849305237681362	0.681672480382435	0.957652054052065	sample_2022120210026
HROV.vOTU74379	Responder_Status	Responder	0.166897598557416	0.402381707895752	0.681467966378439	0.957652054052065	sample_2022120210026
HROV.vOTU01921	Responder_Status	Responder	0.249681821968417	0.60301770706079	0.681989344462466	0.957655741868861	sample_2022120210026
HROV.vOTU14852	Responder_Status	Responder	0.453416059900249	1.09550919874212	0.68211077019533	0.957696629105697	sample_2022120210026
HROV.vOTU07483	Responder_Status	Responder	-0.281457358395332	0.682834734131544	0.683339280134121	0.957786900716108	sample_2022120210026
HROV.vOTU32240	Responder_Status	Responder	0.384040698391003	0.928760555293744	0.682391691616724	0.957786900716108	sample_2022120210026
HROV.vOTU13420	Responder_Status	Responder	-0.344253732681463	0.840976616671275	0.685397493063437	0.957786900716108	sample_2022120210026
HROV.vOTU20020	Responder_Status	Responder	0.314125017028	0.759845147119916	0.682457898932766	0.957786900716108	sample_2022120210026
HROV.vOTU40842	Responder_Status	Responder	-0.366123068051173	0.8853500277119	0.682365083554213	0.957786900716108	sample_2022120210026
HROV.vOTU69519	Responder_Status	Responder	0.37004308165534	0.902339622233997	0.684858740863014	0.957786900716108	sample_2022120210026
HROV.vOTU72850	Responder_Status	Responder	0.371136015791822	0.906814721383038	0.685452312078757	0.957786900716108	sample_2022120210026
HROV.vOTU22902	Responder_Status	Responder	-0.541881308617392	1.32257267119522	0.685130867425117	0.957786900716108	sample_2022120210026
HROV.vOTU31335	Responder_Status	Responder	-0.165749942276227	0.403693123595321	0.684502716607848	0.957786900716108	sample_2022120210026
HROV.vOTU54940	Responder_Status	Responder	0.272140459609515	0.661558116592865	0.683938219514548	0.957786900716108	sample_2022120210026
HROV.vOTU39614	Responder_Status	Responder	0.233543796362012	0.57059498123525	0.685434644153134	0.957786900716108	sample_2022120210026
HROV.vOTU24010	Responder_Status	Responder	0.227752798914114	0.553210249739354	0.683699012435633	0.957786900716108	sample_2022120210026
HROV.vOTU47650	Responder_Status	Responder	-0.282483623898172	0.687684597332278	0.684364297214019	0.957786900716108	sample_2022120210026
HROV.vOTU13271	Responder_Status	Responder	-0.152152975693417	0.370476460607071	0.68442198096397	0.957786900716108	sample_2022120210026
HROV.vOTU24290	Responder_Status	Responder	-0.272944377332026	0.667115330821647	0.685548882094886	0.957857336439895	sample_2022120210026
HROV.vOTU70727	Responder_Status	Responder	-0.333578892837628	0.816972999773079	0.686151306870454	0.957989477698959	sample_2022120210026
HROV.vOTU06882	Responder_Status	Responder	0.364276753254361	0.891359024546904	0.685886577499763	0.957989477698959	sample_2022120210026
HROV.vOTU15594	Responder_Status	Responder	0.273897592328758	0.670758625364997	0.686130098293006	0.957989477698959	sample_2022120210026
HROV.vOTU65289	Responder_Status	Responder	0.204733439681989	0.50264164976512	0.686874038242006	0.958289268709851	sample_2022120210026
HROV.vOTU52562	Responder_Status	Responder	-0.373524092833314	0.920191578159621	0.687886921260585	0.958537701255682	sample_2022120210026
HROV.vOTU53569	Responder_Status	Responder	0.249708342905958	0.613740756267926	0.687202174486355	0.958537701255682	sample_2022120210026
HROV.vOTU38514	Responder_Status	Responder	-0.326062092163921	0.803509807038206	0.687975999267512	0.958537701255682	sample_2022120210026
HROV.vOTU30498	Responder_Status	Responder	-0.26986715995325	0.664889249130203	0.687913828020723	0.958537701255682	sample_2022120210026
HROV.vOTU07922	Responder_Status	Responder	-0.198257244126268	0.488817059535635	0.688129630326815	0.958623016400229	sample_2022120210026
HROV.vOTU56560	Responder_Status	Responder	0.210823510804632	0.519900942798715	0.688186795894532	0.958638293153299	sample_2022120210026
HROV.vOTU74522	Responder_Status	Responder	-0.36907319918433	0.911919800545982	0.68875782835918	0.958749338444182	sample_2022120210026
HROV.vOTU19375	Responder_Status	Responder	0.206539742073447	0.510366826692521	0.688781306264191	0.958749338444182	sample_2022120210026
HROV.vOTU41376	Responder_Status	Responder	0.298180203553786	0.737755671482823	0.689156876896827	0.959023888110064	sample_2022120210026
HROV.vOTU04981	Responder_Status	Responder	-0.379695685643013	0.940629288866328	0.68952809084565	0.959100630878037	sample_2022120210026
HROV.vOTU55043	Responder_Status	Responder	-0.206418789931484	0.511552854985802	0.689635139782098	0.959156234522307	sample_2022120210026
HROV.vOTU17998	Responder_Status	Responder	0.0731475437306863	0.181296609300499	0.689668000919172	0.959156234522307	sample_2022120210026
HROV.vOTU45083	Responder_Status	Responder	-0.165587943741073	0.413711153255096	0.692009734588057	0.959454897280649	sample_2022120210026
HROV.vOTU67370	Responder_Status	Responder	0.563107056409704	1.40464039334948	0.691543568183324	0.959454897280649	sample_2022120210026
HROV.vOTU34031	Responder_Status	Responder	-0.221396834205081	0.551868453788453	0.691335222978165	0.959454897280649	sample_2022120210026
HROV.vOTU03401	Responder_Status	Responder	0.282067810738806	0.702972426523308	0.691281843267618	0.959454897280649	sample_2022120210026
HROV.vOTU07116	Responder_Status	Responder	-0.187275070855139	0.464990628276054	0.690190599397229	0.959454897280649	sample_2022120210026
HROV.vOTU18688	Responder_Status	Responder	-0.303234542923926	0.754774308196554	0.690914334072993	0.959454897280649	sample_2022120210026
HROV.vOTU40997	Responder_Status	Responder	-0.298113040197782	0.741775658791895	0.690815495658134	0.959454897280649	sample_2022120210026
HROV.vOTU71482	Responder_Status	Responder	-0.124014441665208	0.309116322621319	0.691325484161774	0.959454897280649	sample_2022120210026
HROV.vOTU30169	Responder_Status	Responder	-0.323866898687398	0.806990482443389	0.691226093492057	0.959454897280649	sample_2022120210026
HROV.vOTU17130	Responder_Status	Responder	0.253053615939479	0.629980286916995	0.690965465639565	0.959454897280649	sample_2022120210026
HROV.vOTU53729	Responder_Status	Responder	0.186280268720335	0.462599894946891	0.690240803456522	0.959454897280649	sample_2022120210026
HROV.vOTU71516	Responder_Status	Responder	-0.332733192369834	0.831862068704601	0.692202025905564	0.959657382076598	sample_2022120210026
HROV.vOTU20351	Responder_Status	Responder	0.248656330239833	0.622467004900408	0.692578428821037	0.959788169950739	sample_2022120210026
HROV.vOTU61105	Responder_Status	Responder	-0.490239415230871	1.22686556848343	0.692492635670672	0.959788169950739	sample_2022120210026
HROV.vOTU68499	Responder_Status	Responder	-0.204084251419142	0.511523796325585	0.692939645674388	0.960043089591736	sample_2022120210026
HROV.vOTU30674	Responder_Status	Responder	-0.615403507754619	1.54453866494607	0.693329186155878	0.960385888700565	sample_2022120210026
HROV.vOTU01415	Responder_Status	Responder	0.379768348826712	0.954354225626399	0.693697958791394	0.960563975779636	sample_2022120210026
HROV.vOTU69859	Responder_Status	Responder	0.235970025699821	0.593446185933259	0.693920674551168	0.960563975779636	sample_2022120210026
HROV.vOTU05942	Responder_Status	Responder	-0.191508103471637	0.481294464863318	0.693719909903801	0.960563975779636	sample_2022120210026
HROV.vOTU18238	Responder_Status	Responder	-0.124312320659753	0.312852410249087	0.694121347244727	0.960669500162741	sample_2022120210026
HROV.vOTU75645	Responder_Status	Responder	-0.27342410781512	0.688830871419862	0.694421622154536	0.960744676603989	sample_2022120210026
HROV.vOTU31353	Responder_Status	Responder	-0.181963591146595	0.458727663176671	0.694617878492388	0.960854328917882	sample_2022120210026
HROV.vOTU50767	Responder_Status	Responder	-0.42207673513874	1.06651254513211	0.695285892678565	0.960911351145526	sample_2022120210026
HROV.vOTU02230	Responder_Status	Responder	-0.303839254117219	0.766572883405049	0.694843643457002	0.960911351145526	sample_2022120210026
HROV.vOTU44418	Responder_Status	Responder	-0.305860424047628	0.77242392355916	0.695124933026952	0.960911351145526	sample_2022120210026
HROV.vOTU36381	Responder_Status	Responder	-0.201877484072586	0.510573627455785	0.695548945244189	0.961150813386848	sample_2022120210026
HROV.vOTU08786	Responder_Status	Responder	-0.376014654447817	0.952683596714419	0.696062205624996	0.961539895261212	sample_2022120210026
HROV.vOTU14153	Responder_Status	Responder	-0.341229893139218	0.865557710259215	0.696396949642281	0.961682197862194	sample_2022120210026
HROV.vOTU12872	Responder_Status	Responder	0.246993060258582	0.627369663323774	0.696787460170391	0.96176412048265	sample_2022120210026
HROV.vOTU22789	Responder_Status	Responder	0.429308718805142	1.09060714873989	0.69682707408849	0.96176412048265	sample_2022120210026
HROV.vOTU50639	Responder_Status	Responder	-0.3540951959628	0.900262621612585	0.697058937850348	0.961828232503971	sample_2022120210026
HROV.vOTU18749	Responder_Status	Responder	0.278711650209852	0.708541239183246	0.697033034835919	0.961828232503971	sample_2022120210026
HROV.vOTU51606	Responder_Status	Responder	0.124292669661943	0.316575366667566	0.697575880310829	0.962029743217447	sample_2022120210026
HROV.vOTU41638	Responder_Status	Responder	0.256588729208342	0.654073204622227	0.697811608044281	0.962054180562832	sample_2022120210026
HROV.vOTU07570	Responder_Status	Responder	-0.170508661551769	0.43466649340669	0.697825420320539	0.962054180562832	sample_2022120210026
HROV.vOTU60948	Responder_Status	Responder	-0.364029827112345	0.931193727735991	0.698809183443579	0.962137925685015	sample_2022120210026
HROV.vOTU30661	Responder_Status	Responder	0.321744723896486	0.821777221617996	0.698374484321229	0.962137925685015	sample_2022120210026
HROV.vOTU56332	Responder_Status	Responder	-0.268343039443239	0.687389832006905	0.699210009052416	0.962300702250954	sample_2022120210026
HROV.vOTU60252	Responder_Status	Responder	0.132335455502386	0.340380085046673	0.700374331082124	0.962651860791052	sample_2022120210026
HROV.vOTU59311	Responder_Status	Responder	-0.180094900980221	0.46332821442472	0.700439411769798	0.962651860791052	sample_2022120210026
HROV.vOTU13649	Responder_Status	Responder	0.391905249951677	1.01028975498114	0.70101339368631	0.962866745150654	sample_2022120210026
HROV.vOTU00904	Responder_Status	Responder	0.530755971506084	1.36921346983937	0.701216843677156	0.962891238587849	sample_2022120210026
HROV.vOTU49940	Responder_Status	Responder	-0.369218749916907	0.95333768477133	0.701469339244966	0.963046763883355	sample_2022120210026
HROV.vOTU03761	Responder_Status	Responder	-0.278829725740903	0.720203106154681	0.701569116148635	0.963120023822969	sample_2022120210026
HROV.vOTU74699	Responder_Status	Responder	-0.300677442373628	0.781610670392388	0.703373924957686	0.963282367814	sample_2022120210026
HROV.vOTU65229	Responder_Status	Responder	0.399313358303457	1.03588877675104	0.702795656687358	0.963282367814	sample_2022120210026
HROV.vOTU67635	Responder_Status	Responder	0.355278101216198	0.921029503544729	0.702604365553435	0.963282367814	sample_2022120210026
HROV.vOTU00965	Responder_Status	Responder	0.337578859771497	0.874172979038315	0.702290083318784	0.963282367814	sample_2022120210026
HROV.vOTU12943	Responder_Status	Responder	0.30328513374388	0.788286020581151	0.703336979459584	0.963282367814	sample_2022120210026
HROV.vOTU64702	Responder_Status	Responder	-0.282508918937652	0.731121513921196	0.702117685547428	0.963282367814	sample_2022120210026
HROV.vOTU46317	Responder_Status	Responder	-0.324012387471869	0.84176975375367	0.703206505745719	0.963282367814	sample_2022120210026
HROV.vOTU57667	Responder_Status	Responder	0.229668943305661	0.597013983196622	0.703369122062055	0.963282367814	sample_2022120210026
HROV.vOTU71081	Responder_Status	Responder	0.119064917874056	0.309718943751634	0.703564862046213	0.963303551279341	sample_2022120210026
HROV.vOTU46032	Responder_Status	Responder	0.496987991603853	1.29457671643726	0.703952433599995	0.963362437540624	sample_2022120210026
HROV.vOTU09776	Responder_Status	Responder	0.616118451389266	1.60661558737245	0.704254081361122	0.963362437540624	sample_2022120210026
HROV.vOTU18806	Responder_Status	Responder	-0.238294498193508	0.62148618255427	0.704299189276687	0.963362437540624	sample_2022120210026
HROV.vOTU10989	Responder_Status	Responder	0.282756255778035	0.736570540221417	0.703965535816153	0.963362437540624	sample_2022120210026
HROV.vOTU27192	Responder_Status	Responder	-0.322504920882482	0.850498648171537	0.707403524092951	0.963366902197807	sample_2022120210026
HROV.vOTU67626	Responder_Status	Responder	-0.321503938732936	0.84627194806465	0.70688153450814	0.963366902197807	sample_2022120210026
HROV.vOTU57416	Responder_Status	Responder	0.403513760336078	1.05737224875412	0.705624478429565	0.963366902197807	sample_2022120210026
HROV.vOTU37474	Responder_Status	Responder	0.397929976724891	1.04944299147144	0.707413083797011	0.963366902197807	sample_2022120210026
HROV.vOTU07041	Responder_Status	Responder	0.316879990403919	0.827440818732851	0.704638534356743	0.963366902197807	sample_2022120210026
HROV.vOTU33749	Responder_Status	Responder	-0.351422255528425	0.921950945332867	0.705952374986219	0.963366902197807	sample_2022120210026
HROV.vOTU31355	Responder_Status	Responder	-0.434694790088964	1.14098822995344	0.706092825982736	0.963366902197807	sample_2022120210026
HROV.vOTU63635	Responder_Status	Responder	-0.136323835189668	0.356303950883369	0.704901354371968	0.963366902197807	sample_2022120210026
HROV.vOTU43426	Responder_Status	Responder	-0.280099992826486	0.73139636755658	0.704636967506653	0.963366902197807	sample_2022120210026
HROV.vOTU44668	Responder_Status	Responder	-0.345941191332665	0.911225762312257	0.707074139350235	0.963366902197807	sample_2022120210026
HROV.vOTU65171	Responder_Status	Responder	0.406538396280856	1.06617100925147	0.705853683212443	0.963366902197807	sample_2022120210026
HROV.vOTU19927	Responder_Status	Responder	-0.287135584626557	0.756326721139097	0.707073313844056	0.963366902197807	sample_2022120210026
HROV.vOTU70862	Responder_Status	Responder	0.151103299310103	0.395068431509142	0.704997933351297	0.963366902197807	sample_2022120210026
HROV.vOTU49670	Responder_Status	Responder	0.308090669942039	0.813338195157276	0.707695284862967	0.963624723466538	sample_2022120210026
HROV.vOTU43884	Responder_Status	Responder	-0.240386696213793	0.63665016685716	0.708589309871003	0.963867948380952	sample_2022120210026
HROV.vOTU61142	Responder_Status	Responder	0.246511479820337	0.654094925928508	0.709108298899123	0.963867948380952	sample_2022120210026
HROV.vOTU26986	Responder_Status	Responder	0.140682994935212	0.373163134560828	0.709014860673354	0.963867948380952	sample_2022120210026
HROV.vOTU42045	Responder_Status	Responder	0.287731840904639	0.76569187956064	0.709912379778474	0.963919687374595	sample_2022120210026
HROV.vOTU35072	Responder_Status	Responder	0.294329166057146	0.783625994095912	0.710045565082816	0.963919687374595	sample_2022120210026
HROV.vOTU52394	Responder_Status	Responder	0.251652889238483	0.668556374997935	0.709447681789341	0.963919687374595	sample_2022120210026
HROV.vOTU66601	Responder_Status	Responder	0.256786363070771	0.683685807923251	0.71005133515142	0.963919687374595	sample_2022120210026
HROV.vOTU26057	Responder_Status	Responder	0.305968082044963	0.816066183168891	0.71053716319882	0.964015047494149	sample_2022120210026
HROV.vOTU57111	Responder_Status	Responder	-0.0777403359924282	0.207610531766618	0.710888512647545	0.964255616567877	sample_2022120210026
HROV.vOTU46594	Responder_Status	Responder	-0.421809079458106	1.12710145328946	0.711043293175427	0.964255616567877	sample_2022120210026
HROV.vOTU61851	Responder_Status	Responder	-0.248783265672984	0.664418880167767	0.710899822007194	0.964255616567877	sample_2022120210026
HROV.vOTU32378	Responder_Status	Responder	-0.352960900833859	0.944330156912148	0.711391851615547	0.964258163553512	sample_2022120210026
HROV.vOTU27058	Responder_Status	Responder	-0.176052770533087	0.471057767231853	0.711413408474251	0.964258163553512	sample_2022120210026
HROV.vOTU06297	Responder_Status	Responder	0.306976678610827	0.820675426551354	0.711182059321478	0.964258163553512	sample_2022120210026
HROV.vOTU01040	Responder_Status	Responder	0.24800278384831	0.663571399298811	0.711413280584735	0.964258163553512	sample_2022120210026
HROV.vOTU05887	Responder_Status	Responder	0.375823737938275	1.00611568327104	0.71156052402295	0.964394570442601	sample_2022120210026
HROV.vOTU28339	Responder_Status	Responder	0.210912367883138	0.564964092669275	0.711721919944023	0.96442433480301	sample_2022120210026
HROV.vOTU45763	Responder_Status	Responder	-0.493324182472748	1.32546340559358	0.712553613639265	0.964640481867746	sample_2022120210026
HROV.vOTU29841	Responder_Status	Responder	0.325391793293133	0.872793348624032	0.712092400458704	0.964640481867746	sample_2022120210026
HROV.vOTU60216	Responder_Status	Responder	0.351992841510102	0.946347386000968	0.712731113387468	0.964640481867746	sample_2022120210026
HROV.vOTU48217	Responder_Status	Responder	0.197759512413074	0.531964536885689	0.712875190352106	0.964640481867746	sample_2022120210026
HROV.vOTU23010	Responder_Status	Responder	-0.200874393145109	0.539217175713851	0.712303551934727	0.964640481867746	sample_2022120210026
HROV.vOTU64638	Responder_Status	Responder	-0.291469752689335	0.783207709004241	0.712583973992474	0.964640481867746	sample_2022120210026
HROV.vOTU06476	Responder_Status	Responder	0.396352600414178	1.06608913195324	0.712854079000523	0.964640481867746	sample_2022120210026
HROV.vOTU23954	Responder_Status	Responder	-0.461204229797062	1.24169098768598	0.713111422804134	0.964710728619441	sample_2022120210026
HROV.vOTU22577	Responder_Status	Responder	-0.341836350902172	0.922071544058753	0.71363129920097	0.964726266083551	sample_2022120210026
HROV.vOTU59916	Responder_Status	Responder	-0.131864813720321	0.35583021656748	0.713736617064182	0.964726266083551	sample_2022120210026
HROV.vOTU01160	Responder_Status	Responder	-0.118744767633897	0.320331304692794	0.713655521890453	0.964726266083551	sample_2022120210026
HROV.vOTU08459	Responder_Status	Responder	-0.217517868552224	0.587519464720633	0.713996375389133	0.964774129776786	sample_2022120210026
HROV.vOTU66534	Responder_Status	Responder	0.170872637050473	0.462441558406524	0.714534173140219	0.964972977239525	sample_2022120210026
HROV.vOTU02375	Responder_Status	Responder	0.130975003513161	0.354421052422684	0.714500788920901	0.964972977239525	sample_2022120210026
HROV.vOTU65967	Responder_Status	Responder	-0.278325258847102	0.755189489710818	0.715234990846858	0.965010937342742	sample_2022120210026
HROV.vOTU44598	Responder_Status	Responder	-0.539349412876296	1.46279562556345	0.715116182879114	0.965010937342742	sample_2022120210026
HROV.vOTU71476	Responder_Status	Responder	-0.291496085632485	0.790249689510244	0.715002361900536	0.965010937342742	sample_2022120210026
HROV.vOTU72013	Responder_Status	Responder	-0.176203340852803	0.477637377177596	0.714972659706648	0.965010937342742	sample_2022120210026
HROV.vOTU01886	Responder_Status	Responder	-0.16478090762507	0.45023333316022	0.717123305689814	0.965015574165223	sample_2022120210026
HROV.vOTU73002	Responder_Status	Responder	-0.390438802663708	1.06734497763142	0.717260759623787	0.965015574165223	sample_2022120210026
HROV.vOTU50950	Responder_Status	Responder	0.370967021223779	1.01283645103662	0.716920055879489	0.965015574165223	sample_2022120210026
HROV.vOTU69810	Responder_Status	Responder	0.476838923091756	1.30269539976249	0.717086257082111	0.965015574165223	sample_2022120210026
HROV.vOTU64525	Responder_Status	Responder	0.341767677847275	0.933963223396924	0.717165610319783	0.965015574165223	sample_2022120210026
HROV.vOTU26876	Responder_Status	Responder	0.344891860801449	0.941444504322823	0.716862652236901	0.965015574165223	sample_2022120210026
HROV.vOTU03164	Responder_Status	Responder	0.168404405190976	0.460695380119872	0.717452505421709	0.965015574165223	sample_2022120210026
HROV.vOTU73093	Responder_Status	Responder	-0.217855762757863	0.596093059561233	0.717505057458739	0.965015574165223	sample_2022120210026
HROV.vOTU35848	Responder_Status	Responder	-0.316871557014137	0.861205137475868	0.715685130539076	0.965015574165223	sample_2022120210026
HROV.vOTU05876	Responder_Status	Responder	0.411537255819434	1.11956268933551	0.715944845672825	0.965015574165223	sample_2022120210026
HROV.vOTU65880	Responder_Status	Responder	0.23089734900385	0.627526952461707	0.715678935098079	0.965015574165223	sample_2022120210026
HROV.vOTU73220	Responder_Status	Responder	-0.52019489105971	1.42173683227012	0.717199398606998	0.965015574165223	sample_2022120210026
HROV.vOTU37106	Responder_Status	Responder	-0.526353381919863	1.43508460814127	0.716544024652453	0.965015574165223	sample_2022120210026
HROV.vOTU04745	Responder_Status	Responder	-0.302983226541531	0.835100281420506	0.719470877484719	0.965073265216988	sample_2022120210026
HROV.vOTU50724	Responder_Status	Responder	0.228347756378078	0.629027653307935	0.719318358715186	0.965073265216988	sample_2022120210026
HROV.vOTU50970	Responder_Status	Responder	0.378291650721588	1.03719959620341	0.718057706183927	0.965073265216988	sample_2022120210026
HROV.vOTU51250	Responder_Status	Responder	0.26453652840575	0.728445112583569	0.719218427566557	0.965073265216988	sample_2022120210026
HROV.vOTU04654	Responder_Status	Responder	0.345045081051081	0.947863422903662	0.718574575241556	0.965073265216988	sample_2022120210026
HROV.vOTU56648	Responder_Status	Responder	-0.186290510799889	0.511510277227215	0.718446857371308	0.965073265216988	sample_2022120210026
HROV.vOTU14422	Responder_Status	Responder	0.411787610488677	1.13541652749651	0.719570780703316	0.965073265216988	sample_2022120210026
HROV.vOTU49166	Responder_Status	Responder	0.253973261022905	0.700190563711003	0.719537659919027	0.965073265216988	sample_2022120210026
HROV.vOTU31098	Responder_Status	Responder	0.273268926896539	0.75492864571894	0.72008475660651	0.965265793343075	sample_2022120210026
HROV.vOTU49630	Responder_Status	Responder	0.234812329634838	0.649271628107514	0.720324816430226	0.965273114688402	sample_2022120210026
HROV.vOTU51360	Responder_Status	Responder	0.159588137937091	0.441740164937344	0.720608278631563	0.965351426707757	sample_2022120210026
HROV.vOTU54747	Responder_Status	Responder	0.240380257801843	0.66708215370259	0.72129270285152	0.965601521559292	sample_2022120210026
HROV.vOTU30978	Responder_Status	Responder	0.259968579579623	0.721755284252272	0.721408390960048	0.965614739058012	sample_2022120210026
HROV.vOTU08847	Responder_Status	Responder	-0.353826597466522	0.983684747416708	0.72177393727905	0.965871868859815	sample_2022120210026
HROV.vOTU09783	Responder_Status	Responder	-0.374561838366458	1.04206927343367	0.721962318325925	0.965999361959179	sample_2022120210026
HROV.vOTU38904	Responder_Status	Responder	-0.261113142769083	0.726729357553619	0.722066937104383	0.966014761116437	sample_2022120210026
HROV.vOTU72167	Responder_Status	Responder	-0.277197346319722	0.771838914530417	0.72218542021259	0.966110983779978	sample_2022120210026
HROV.vOTU72684	Responder_Status	Responder	0.209916852823166	0.585395779051223	0.722591791128977	0.966285138508945	sample_2022120210026
HROV.vOTU35570	Responder_Status	Responder	-0.513279164019456	1.43932961453912	0.72405726293833	0.966538394653813	sample_2022120210026
HROV.vOTU07149	Responder_Status	Responder	-0.296723074483365	0.830827098159686	0.723663424087717	0.966538394653813	sample_2022120210026
HROV.vOTU24480	Responder_Status	Responder	-0.170548762046009	0.478391471560487	0.724135223290997	0.966538394653813	sample_2022120210026
HROV.vOTU45051	Responder_Status	Responder	0.431969768635031	1.20830756569257	0.723398349545611	0.966538394653813	sample_2022120210026
HROV.vOTU59373	Responder_Status	Responder	0.40849962770687	1.14462454006254	0.723853354217991	0.966538394653813	sample_2022120210026
HROV.vOTU72898	Responder_Status	Responder	0.26290439877918	0.737269658257894	0.724070568148573	0.966538394653813	sample_2022120210026
HROV.vOTU74870	Responder_Status	Responder	0.216758345425634	0.605574664752861	0.723073830647793	0.966538394653813	sample_2022120210026
HROV.vOTU59663	Responder_Status	Responder	0.106656830257997	0.299667110019657	0.724569887030882	0.966700676280337	sample_2022120210026
HROV.vOTU56590	Responder_Status	Responder	-0.149455959159547	0.420160697327623	0.724722685311659	0.966700676280337	sample_2022120210026
HROV.vOTU29201	Responder_Status	Responder	0.351436940687284	0.99041724630773	0.725370323539464	0.967057266299984	sample_2022120210026
HROV.vOTU05947	Responder_Status	Responder	-0.29015335469382	0.821882948094137	0.726706292647624	0.967175058153676	sample_2022120210026
HROV.vOTU66153	Responder_Status	Responder	-0.313606481314449	0.886505740491324	0.726171881849617	0.967175058153676	sample_2022120210026
HROV.vOTU49565	Responder_Status	Responder	-0.408652284056638	1.15457035879718	0.726032943702882	0.967175058153676	sample_2022120210026
HROV.vOTU44417	Responder_Status	Responder	-0.296074836594765	0.840752934428077	0.727359262539391	0.967175058153676	sample_2022120210026
HROV.vOTU74677	Responder_Status	Responder	-0.325775613503589	0.924202968211257	0.72710769683555	0.967175058153676	sample_2022120210026
HROV.vOTU35445	Responder_Status	Responder	0.349081062264077	0.991347364388637	0.727378912869755	0.967175058153676	sample_2022120210026
HROV.vOTU40268	Responder_Status	Responder	-0.403414023919446	1.14891371620082	0.728121818845529	0.96734942302376	sample_2022120210026
HROV.vOTU37661	Responder_Status	Responder	-0.274603485067741	0.782278841917429	0.728193267846667	0.96734942302376	sample_2022120210026
HROV.vOTU26524	Responder_Status	Responder	-0.148485612976495	0.423150064651515	0.72828591260131	0.96734942302376	sample_2022120210026
HROV.vOTU51438	Responder_Status	Responder	0.169190172077797	0.48253837031178	0.728493700768267	0.967377722446022	sample_2022120210026
HROV.vOTU36085	Responder_Status	Responder	-0.273445048151864	0.780248254619602	0.728617112594606	0.967417781311625	sample_2022120210026
HROV.vOTU33032	Responder_Status	Responder	-0.160814681891787	0.458982871571289	0.728681810636582	0.967441779429847	sample_2022120210026
HROV.vOTU43070	Responder_Status	Responder	-0.365684319254185	1.04441325252944	0.728858546670897	0.967492362843267	sample_2022120210026
HROV.vOTU33751	Responder_Status	Responder	-0.23383400034605	0.668794484175703	0.729228726502474	0.967672576256721	sample_2022120210026
HROV.vOTU28292	Responder_Status	Responder	0.335511540109032	0.960342609355347	0.729428109252193	0.967817657944568	sample_2022120210026
HROV.vOTU35482	Responder_Status	Responder	-0.485640128047135	1.39379070611841	0.730122671738592	0.968012719030145	sample_2022120210026
HROV.vOTU14527	Responder_Status	Responder	-0.245612735947136	0.707062787399451	0.730910609709565	0.968012719030145	sample_2022120210026
HROV.vOTU21695	Responder_Status	Responder	-0.274632693471286	0.794012160304128	0.732018531489124	0.968012719030145	sample_2022120210026
HROV.vOTU04217	Responder_Status	Responder	-0.309341959676495	0.894693414706662	0.732113534139902	0.968012719030145	sample_2022120210026
HROV.vOTU69371	Responder_Status	Responder	-0.261593095871087	0.749502844501922	0.729683791944451	0.968012719030145	sample_2022120210026
HROV.vOTU22815	Responder_Status	Responder	-0.383944637333283	1.11172473408039	0.732405323263	0.968012719030145	sample_2022120210026
HROV.vOTU26597	Responder_Status	Responder	0.173960881764096	0.501653119088678	0.731352909093606	0.968012719030145	sample_2022120210026
HROV.vOTU24052	Responder_Status	Responder	-0.348364200825993	0.998732047983699	0.72984395252022	0.968012719030145	sample_2022120210026
HROV.vOTU68787	Responder_Status	Responder	-0.385175602555348	1.10951489521314	0.731069399415442	0.968012719030145	sample_2022120210026
HROV.vOTU42430	Responder_Status	Responder	-0.319373455341682	0.920934194445896	0.7313397742176	0.968012719030145	sample_2022120210026
HROV.vOTU07511	Responder_Status	Responder	0.286991638060394	0.829358083570922	0.731898867259599	0.968012719030145	sample_2022120210026
HROV.vOTU14774	Responder_Status	Responder	-0.137755647056747	0.398905293553377	0.732424081386664	0.968012719030145	sample_2022120210026
HROV.vOTU22959	Responder_Status	Responder	0.192300506867236	0.553275358726581	0.730764262152209	0.968012719030145	sample_2022120210026
HROV.vOTU38487	Responder_Status	Responder	0.393062065377735	1.1346348927183	0.731615714495269	0.968012719030145	sample_2022120210026
HROV.vOTU43747	Responder_Status	Responder	0.354167544700177	1.02634984694765	0.732616919245446	0.968070937515645	sample_2022120210026
HROV.vOTU63975	Responder_Status	Responder	0.463337048790117	1.34699402245975	0.733432306177488	0.968481631232205	sample_2022120210026
HROV.vOTU67606	Responder_Status	Responder	-0.272969423207478	0.797087409301695	0.734563298873289	0.968567618773504	sample_2022120210026
HROV.vOTU65654	Responder_Status	Responder	0.230696968936784	0.673055258164477	0.734338361064269	0.968567618773504	sample_2022120210026
HROV.vOTU12693	Responder_Status	Responder	-0.304072477206143	0.890746791766543	0.73537514173994	0.968851047203407	sample_2022120210026
HROV.vOTU53400	Responder_Status	Responder	0.147798844183233	0.433149920523879	0.735486346773401	0.968851047203407	sample_2022120210026
HROV.vOTU04346	Responder_Status	Responder	0.221359959642125	0.648244269251624	0.735294636733456	0.968851047203407	sample_2022120210026
HROV.vOTU21564	Responder_Status	Responder	0.178186141593476	0.523863216806927	0.736290686467047	0.969011761378091	sample_2022120210026
HROV.vOTU03137	Responder_Status	Responder	-0.423497751076802	1.24570203733944	0.736418472749317	0.969011761378091	sample_2022120210026
HROV.vOTU02899	Responder_Status	Responder	-0.584950792795798	1.72604471094768	0.737216061923389	0.969011761378091	sample_2022120210026
HROV.vOTU67489	Responder_Status	Responder	0.177835354564253	0.524249594844755	0.736975960496984	0.969011761378091	sample_2022120210026
HROV.vOTU74803	Responder_Status	Responder	0.172019097292032	0.507236303205201	0.73704210797928	0.969011761378091	sample_2022120210026
HROV.vOTU25865	Responder_Status	Responder	-0.441371647011559	1.30380873758766	0.737493169171834	0.969033894396881	sample_2022120210026
HROV.vOTU37764	Responder_Status	Responder	-0.229740583780126	0.679731864589233	0.737894015865965	0.969103451716011	sample_2022120210026
HROV.vOTU00478	Responder_Status	Responder	0.4287049711176	1.26937591228672	0.738086458551362	0.9691383923901	sample_2022120210026
HROV.vOTU54096	Responder_Status	Responder	-0.282862369105443	0.837928463110611	0.738202406935945	0.969138662003502	sample_2022120210026
HROV.vOTU08333	Responder_Status	Responder	-0.365579016784357	1.08494160119182	0.738661790889954	0.96936089535547	sample_2022120210026
HROV.vOTU00728	Responder_Status	Responder	-0.175950378227058	0.522787219833814	0.73895651925267	0.969605904546156	sample_2022120210026
HROV.vOTU12682	Responder_Status	Responder	0.187834892025959	0.558488218624893	0.739131589814817	0.969712979808893	sample_2022120210026
HROV.vOTU13976	Responder_Status	Responder	-0.247952409445586	0.739599199812852	0.739933569594494	0.969768685548517	sample_2022120210026
HROV.vOTU31042	Responder_Status	Responder	-0.378853524335434	1.1304854816284	0.740028915085516	0.969768685548517	sample_2022120210026
HROV.vOTU43933	Responder_Status	Responder	0.15623155367596	0.464965398169822	0.739370708191979	0.969768685548517	sample_2022120210026
HROV.vOTU07677	Responder_Status	Responder	0.193294602518761	0.575925169572381	0.739655934312078	0.969768685548517	sample_2022120210026
HROV.vOTU53278	Responder_Status	Responder	-0.186610167316715	0.556990068966323	0.740097135454586	0.969768685548517	sample_2022120210026
HROV.vOTU21304	Responder_Status	Responder	-0.369829367007873	1.10689608411792	0.740783251032028	0.969870379069238	sample_2022120210026
HROV.vOTU59845	Responder_Status	Responder	0.146171273782411	0.438100593103915	0.741131246925658	0.969990822404648	sample_2022120210026
HROV.vOTU41414	Responder_Status	Responder	0.184709574741159	0.554025007482702	0.741319398553559	0.970012955056702	sample_2022120210026
HROV.vOTU74463	Responder_Status	Responder	0.208657288438057	0.627131093364419	0.741826098143825	0.970012955056702	sample_2022120210026
HROV.vOTU16682	Responder_Status	Responder	0.232298292340346	0.697434174051716	0.741558453764683	0.970012955056702	sample_2022120210026
HROV.vOTU71968	Responder_Status	Responder	0.218033001411933	0.655481228763276	0.741890886941016	0.970012955056702	sample_2022120210026
HROV.vOTU46349	Responder_Status	Responder	-0.429832830425664	1.29441091797899	0.74231074910489	0.970013040726669	sample_2022120210026
HROV.vOTU21655	Responder_Status	Responder	-0.39438199510015	1.18708704494498	0.742192438678164	0.970013040726669	sample_2022120210026
HROV.vOTU13912	Responder_Status	Responder	-0.276109442276484	0.831568876829014	0.742336098218538	0.970013040726669	sample_2022120210026
HROV.vOTU69003	Responder_Status	Responder	0.147280317325788	0.443814990478987	0.742473294201496	0.970047844052689	sample_2022120210026
HROV.vOTU40089	Responder_Status	Responder	-0.225839802634545	0.682287545277348	0.743106022852421	0.970104454153622	sample_2022120210026
HROV.vOTU11718	Responder_Status	Responder	-0.305382655237873	0.922271653685277	0.743019175928002	0.970104454153622	sample_2022120210026
HROV.vOTU15698	Responder_Status	Responder	-0.303079378695032	0.916033388262416	0.743213050136681	0.970104454153622	sample_2022120210026
HROV.vOTU45043	Responder_Status	Responder	0.344126943008211	1.03897695914993	0.742946668709519	0.970104454153622	sample_2022120210026
HROV.vOTU41596	Responder_Status	Responder	-0.148437554356805	0.448981434406104	0.743400677184226	0.9701612611052	sample_2022120210026
HROV.vOTU22871	Responder_Status	Responder	0.208010664751425	0.629489468509768	0.743524832396793	0.970201249668812	sample_2022120210026
HROV.vOTU21336	Responder_Status	Responder	0.244006723619702	0.739391288037443	0.743848601814201	0.970369317684599	sample_2022120210026
HROV.vOTU63233	Responder_Status	Responder	-0.270810062750041	0.821856196451224	0.744222388936123	0.970390859268338	sample_2022120210026
HROV.vOTU06240	Responder_Status	Responder	0.313376901251175	0.951213701681615	0.744267810456018	0.970390859268338	sample_2022120210026
HROV.vOTU11457	Responder_Status	Responder	0.254650478562135	0.773978513342381	0.744592767615347	0.970557191282018	sample_2022120210026
HROV.vOTU12907	Responder_Status	Responder	0.339141837316324	1.0318342533177	0.744844270093926	0.970702085444602	sample_2022120210026
HROV.vOTU24371	Responder_Status	Responder	-0.276901088375445	0.850689414034698	0.747221177712054	0.97093975245656	sample_2022120210026
HROV.vOTU06163	Responder_Status	Responder	0.397458005585056	1.21133616126007	0.745265525309919	0.97093975245656	sample_2022120210026
HROV.vOTU70617	Responder_Status	Responder	0.28587565464958	0.878571062855196	0.747307214549139	0.97093975245656	sample_2022120210026
HROV.vOTU01741	Responder_Status	Responder	0.333585666878295	1.01751980548137	0.745470053811089	0.97093975245656	sample_2022120210026
HROV.vOTU03824	Responder_Status	Responder	0.244690609000159	0.75251112101777	0.74747314352322	0.97093975245656	sample_2022120210026
HROV.vOTU52532	Responder_Status	Responder	-0.159260567375591	0.48873175282194	0.746949426793493	0.97093975245656	sample_2022120210026
HROV.vOTU43200	Responder_Status	Responder	-0.180439699233827	0.55361795899696	0.746902117878006	0.97093975245656	sample_2022120210026
HROV.vOTU57098	Responder_Status	Responder	-0.073195792636033	0.223499420844469	0.745726756502721	0.97093975245656	sample_2022120210026
HROV.vOTU04693	Responder_Status	Responder	0.115905194815357	0.355145018938275	0.74657877250055	0.97093975245656	sample_2022120210026
HROV.vOTU57244	Responder_Status	Responder	0.0570640427584619	0.17505338546585	0.746862736687511	0.97093975245656	sample_2022120210026
HROV.vOTU55589	Responder_Status	Responder	0.232772757217584	0.71774589643671	0.748113122039024	0.971241148865028	sample_2022120210026
HROV.vOTU15208	Responder_Status	Responder	-0.196123291382102	0.606346691136371	0.748757361817211	0.971712756126532	sample_2022120210026
HROV.vOTU37012	Responder_Status	Responder	-0.305428722816526	0.94670693804669	0.749378130040659	0.971945602395425	sample_2022120210026
HROV.vOTU66328	Responder_Status	Responder	0.263699309237359	0.819603834317835	0.75003938707649	0.97200800882132	sample_2022120210026
HROV.vOTU21945	Responder_Status	Responder	0.187557552381428	0.585220013023247	0.750976045224836	0.972281333900002	sample_2022120210026
HROV.vOTU52792	Responder_Status	Responder	-0.221584255145079	0.691944004101188	0.751168248064447	0.972287634260009	sample_2022120210026
HROV.vOTU17949	Responder_Status	Responder	0.359662615646582	1.12357328029803	0.751264481568001	0.972287634260009	sample_2022120210026
HROV.vOTU67651	Responder_Status	Responder	-0.313537453542729	0.9815466753196	0.751770053755778	0.972338628400698	sample_2022120210026
HROV.vOTU01432	Responder_Status	Responder	0.331220423987712	1.03636343598011	0.751645019818081	0.972338628400698	sample_2022120210026
HROV.vOTU13389	Responder_Status	Responder	-0.220813752565023	0.691713564056917	0.751923754523592	0.972355596806963	sample_2022120210026
HROV.vOTU12112	Responder_Status	Responder	-0.270679664064476	0.85179879768321	0.753014058948097	0.972772679955749	sample_2022120210026
HROV.vOTU43798	Responder_Status	Responder	0.256152977187017	0.805230517689367	0.752760992198548	0.972772679955749	sample_2022120210026
HROV.vOTU09485	Responder_Status	Responder	0.220737187155985	0.694649665117413	0.753018964716438	0.972772679955749	sample_2022120210026
HROV.vOTU36848	Responder_Status	Responder	0.252501416518748	0.794264536832655	0.752915162943085	0.972772679955749	sample_2022120210026
HROV.vOTU10300	Responder_Status	Responder	-0.302726219383781	0.955462775952615	0.753717385104699	0.972772679955749	sample_2022120210026
HROV.vOTU30687	Responder_Status	Responder	-0.22314220769034	0.703216618685487	0.753357637369332	0.972772679955749	sample_2022120210026
HROV.vOTU35221	Responder_Status	Responder	-0.318240697842633	0.99991214749561	0.752642946104783	0.972772679955749	sample_2022120210026
HROV.vOTU06709	Responder_Status	Responder	-0.309916809619709	0.978446438981261	0.753787591048172	0.972772679955749	sample_2022120210026
HROV.vOTU53162	Responder_Status	Responder	0.260065677543674	0.816870160402389	0.75256806715987	0.972772679955749	sample_2022120210026
HROV.vOTU52099	Responder_Status	Responder	-0.448458646230754	1.42100968957254	0.754652870695363	0.973045811032765	sample_2022120210026
HROV.vOTU06261	Responder_Status	Responder	0.155724567427871	0.497476857557168	0.756578599950919	0.973186066611646	sample_2022120210026
HROV.vOTU54766	Responder_Status	Responder	-0.219655365929573	0.70170437224087	0.756576766583221	0.973186066611646	sample_2022120210026
HROV.vOTU72848	Responder_Status	Responder	0.118970374747104	0.379758607122363	0.756390542457124	0.973186066611646	sample_2022120210026
HROV.vOTU22105	Responder_Status	Responder	-0.226263159726469	0.720687907478756	0.755882853410217	0.973186066611646	sample_2022120210026
HROV.vOTU00962	Responder_Status	Responder	0.15918164871255	0.505621387592988	0.755229601539919	0.973186066611646	sample_2022120210026
HROV.vOTU58030	Responder_Status	Responder	0.270734543950356	0.865864058879868	0.75684412040463	0.97325951279103	sample_2022120210026
HROV.vOTU73274	Responder_Status	Responder	0.203779476559865	0.6537435714646	0.757568944547479	0.973361008117616	sample_2022120210026
HROV.vOTU61873	Responder_Status	Responder	0.165696398303161	0.532681851470136	0.75805852018032	0.973493891183416	sample_2022120210026
HROV.vOTU62395	Responder_Status	Responder	0.133110648473601	0.428283600670341	0.758254456891961	0.973513789319525	sample_2022120210026
HROV.vOTU62525	Responder_Status	Responder	-0.274446413407537	0.882717597619493	0.75817130949907	0.973513789319525	sample_2022120210026
HROV.vOTU26634	Responder_Status	Responder	0.210256990583724	0.677365093405893	0.758552387838953	0.973513789319525	sample_2022120210026
HROV.vOTU37414	Responder_Status	Responder	-0.261744272099927	0.843421289021411	0.758603470504022	0.973513789319525	sample_2022120210026
HROV.vOTU11407	Responder_Status	Responder	0.313216319708357	1.00833914993881	0.75838556892298	0.973513789319525	sample_2022120210026
HROV.vOTU09621	Responder_Status	Responder	-0.175305290257454	0.566347764572024	0.75920535144327	0.973600915246693	sample_2022120210026
HROV.vOTU73439	Responder_Status	Responder	0.264946640710223	0.856106832945893	0.759248997645249	0.973600915246693	sample_2022120210026
HROV.vOTU58927	Responder_Status	Responder	0.132420028128114	0.428716707631575	0.759702942720978	0.974038313239019	sample_2022120210026
HROV.vOTU07005	Responder_Status	Responder	-0.244611931739686	0.79332087663498	0.760106558886431	0.974125824553045	sample_2022120210026
HROV.vOTU17724	Responder_Status	Responder	-0.304905126747481	0.992781589732417	0.761023085777079	0.974125824553045	sample_2022120210026
HROV.vOTU07684	Responder_Status	Responder	0.20121381005122	0.652673949786836	0.760142501912864	0.974125824553045	sample_2022120210026
HROV.vOTU36525	Responder_Status	Responder	-0.17119500577977	0.557207342937087	0.760936122875396	0.974125824553045	sample_2022120210026
HROV.vOTU05340	Responder_Status	Responder	-0.407645806098194	1.3263828955379	0.760861624355592	0.974125824553045	sample_2022120210026
HROV.vOTU67198	Responder_Status	Responder	0.12608503544713	0.408776528738042	0.760026989431878	0.974125824553045	sample_2022120210026
HROV.vOTU64693	Responder_Status	Responder	-0.207319603024705	0.674377714849468	0.760796014047418	0.974125824553045	sample_2022120210026
HROV.vOTU30335	Responder_Status	Responder	0.33275786606684	1.09055818964385	0.762526762183419	0.974125824553045	sample_2022120210026
HROV.vOTU09873	Responder_Status	Responder	-0.191236730956321	0.620262748478046	0.760124273413194	0.974125824553045	sample_2022120210026
HROV.vOTU52589	Responder_Status	Responder	-0.170766020902877	0.559334765301801	0.762394272523912	0.974125824553045	sample_2022120210026
HROV.vOTU63642	Responder_Status	Responder	0.394883393907797	1.29979057638457	0.76352235976334	0.974125824553045	sample_2022120210026
HROV.vOTU65659	Responder_Status	Responder	-0.426529043265963	1.38345658705212	0.760130975112655	0.974125824553045	sample_2022120210026
HROV.vOTU61881	Responder_Status	Responder	0.0777959043001621	0.253367864256432	0.761079434842103	0.974125824553045	sample_2022120210026
HROV.vOTU30403	Responder_Status	Responder	0.150778776686975	0.49400695381943	0.76245915582233	0.974125824553045	sample_2022120210026
HROV.vOTU42122	Responder_Status	Responder	-0.168677042538748	0.556267318258459	0.763956076905548	0.974349090257376	sample_2022120210026
HROV.vOTU09745	Responder_Status	Responder	0.313273574198605	1.03546207485386	0.764473035823165	0.974349090257376	sample_2022120210026
HROV.vOTU25786	Responder_Status	Responder	-0.19622909951678	0.649798816183324	0.764895690018684	0.974448376977399	sample_2022120210026
HROV.vOTU21530	Responder_Status	Responder	0.0914056555284167	0.303124064526568	0.765226905019126	0.9744696354687	sample_2022120210026
HROV.vOTU56918	Responder_Status	Responder	-0.434261231957156	1.44024678828223	0.765247076597641	0.9744696354687	sample_2022120210026
HROV.vOTU27668	Responder_Status	Responder	0.292771483831074	0.972628792471622	0.765630475516751	0.974648600406994	sample_2022120210026
HROV.vOTU69966	Responder_Status	Responder	-0.308213456537571	1.02568064069428	0.766018365675025	0.974648600406994	sample_2022120210026
HROV.vOTU04734	Responder_Status	Responder	-0.299763226072692	0.997193298712344	0.765935025735095	0.974648600406994	sample_2022120210026
HROV.vOTU33245	Responder_Status	Responder	-0.444591783899466	1.49559937471079	0.768457251805699	0.974679454820079	sample_2022120210026
HROV.vOTU08406	Responder_Status	Responder	-0.2985524354182	1.00726518697039	0.769112780374472	0.974679454820079	sample_2022120210026
HROV.vOTU03083	Responder_Status	Responder	0.271307900327415	0.923622233539084	0.77112042787455	0.974679454820079	sample_2022120210026
HROV.vOTU61114	Responder_Status	Responder	0.233874865831909	0.782181486796311	0.767145569701166	0.974679454820079	sample_2022120210026
HROV.vOTU35575	Responder_Status	Responder	0.16484426855955	0.557582280352276	0.76968556451745	0.974679454820079	sample_2022120210026
HROV.vOTU71496	Responder_Status	Responder	0.321618953972077	1.07981262367245	0.768018832007249	0.974679454820079	sample_2022120210026
HROV.vOTU12841	Responder_Status	Responder	-0.314081911005008	1.05871218565143	0.76891248011132	0.974679454820079	sample_2022120210026
HROV.vOTU60532	Responder_Status	Responder	0.306667640388346	1.02549410056349	0.767115017935802	0.974679454820079	sample_2022120210026
HROV.vOTU20031	Responder_Status	Responder	0.278025677684028	0.946086816744687	0.771025338643079	0.974679454820079	sample_2022120210026
HROV.vOTU33092	Responder_Status	Responder	-0.180212489080426	0.612870371216318	0.770891053697344	0.974679454820079	sample_2022120210026
HROV.vOTU30012	Responder_Status	Responder	0.15127274626209	0.511322111026655	0.769530521494038	0.974679454820079	sample_2022120210026
HROV.vOTU19549	Responder_Status	Responder	-0.232044865335372	0.782069468068008	0.768880673250332	0.974679454820079	sample_2022120210026
HROV.vOTU54132	Responder_Status	Responder	-0.109184340349398	0.365811727710539	0.767547241004159	0.974679454820079	sample_2022120210026
HROV.vOTU15351	Responder_Status	Responder	-0.13410636421306	0.455281049633822	0.770504919931298	0.974679454820079	sample_2022120210026
HROV.vOTU72977	Responder_Status	Responder	-0.106623771007575	0.359407535922243	0.768911527058757	0.974679454820079	sample_2022120210026
HROV.vOTU69471	Responder_Status	Responder	0.183010041795857	0.614364649702479	0.767990097058516	0.974679454820079	sample_2022120210026
HROV.vOTU66731	Responder_Status	Responder	0.234426306745443	0.785764497600983	0.767645204573498	0.974679454820079	sample_2022120210026
HROV.vOTU06266	Responder_Status	Responder	-0.141760827447039	0.483903577090838	0.771718518099838	0.974951051633918	sample_2022120210026
HROV.vOTU68369	Responder_Status	Responder	0.251274341467079	0.862713024708093	0.772998792128003	0.975057293273342	sample_2022120210026
HROV.vOTU23555	Responder_Status	Responder	0.313493810175128	1.08160805374855	0.774073862937002	0.975057293273342	sample_2022120210026
HROV.vOTU25462	Responder_Status	Responder	0.212225034874098	0.733691703528596	0.774516148594784	0.975057293273342	sample_2022120210026
HROV.vOTU49079	Responder_Status	Responder	-0.302124300956441	1.03767265810551	0.773078218293433	0.975057293273342	sample_2022120210026
HROV.vOTU33181	Responder_Status	Responder	-0.122174345308805	0.420918370143133	0.773758795958627	0.975057293273342	sample_2022120210026
HROV.vOTU22387	Responder_Status	Responder	-0.119866655477179	0.414320960674261	0.774476561578894	0.975057293273342	sample_2022120210026
HROV.vOTU62233	Responder_Status	Responder	-0.316523973022374	1.09727753387157	0.775117081607095	0.975079274257483	sample_2022120210026
HROV.vOTU66996	Responder_Status	Responder	-0.357836705673485	1.24813882108467	0.776455738831709	0.975088927591728	sample_2022120210026
HROV.vOTU33597	Responder_Status	Responder	-0.236059715668908	0.826860832245633	0.777370813075619	0.975088927591728	sample_2022120210026
HROV.vOTU35660	Responder_Status	Responder	0.31979879446827	1.11907666886778	0.777157646947537	0.975088927591728	sample_2022120210026
HROV.vOTU29735	Responder_Status	Responder	0.332985221176249	1.16713086561528	0.777512339398544	0.975088927591728	sample_2022120210026
HROV.vOTU39467	Responder_Status	Responder	0.262516884931069	0.913330504073718	0.775901103115957	0.975088927591728	sample_2022120210026
HROV.vOTU48334	Responder_Status	Responder	0.290326961866945	1.02215185695873	0.778473405999256	0.975088927591728	sample_2022120210026
HROV.vOTU33468	Responder_Status	Responder	-0.195085976201443	0.684576177669118	0.777761816060661	0.975088927591728	sample_2022120210026
HROV.vOTU02735	Responder_Status	Responder	0.191180815274533	0.668277404958032	0.776922803654677	0.975088927591728	sample_2022120210026
HROV.vOTU42883	Responder_Status	Responder	0.218883815788238	0.765860156025552	0.777134103603059	0.975088927591728	sample_2022120210026
HROV.vOTU03404	Responder_Status	Responder	0.254754512566517	0.896881242143385	0.778465966466081	0.975088927591728	sample_2022120210026
HROV.vOTU20478	Responder_Status	Responder	-0.217919056989431	0.759761978914112	0.776357827770435	0.975088927591728	sample_2022120210026
HROV.vOTU24973	Responder_Status	Responder	0.103845511682129	0.36505153620498	0.778144983192623	0.975088927591728	sample_2022120210026
HROV.vOTU02349	Responder_Status	Responder	-0.327349686687022	1.16932328637034	0.781575233510848	0.975249874907495	sample_2022120210026
HROV.vOTU24695	Responder_Status	Responder	-0.192627420234207	0.691865965480478	0.782737899600454	0.975249874907495	sample_2022120210026
HROV.vOTU60379	Responder_Status	Responder	0.284196299518881	1.01286032039447	0.781089367403889	0.975249874907495	sample_2022120210026
HROV.vOTU19515	Responder_Status	Responder	0.267219098211662	0.948480883158947	0.780219475953385	0.975249874907495	sample_2022120210026
HROV.vOTU34645	Responder_Status	Responder	0.226325930831261	0.802686031063582	0.780047231420049	0.975249874907495	sample_2022120210026
HROV.vOTU01341	Responder_Status	Responder	-0.207509754876761	0.732311986314834	0.778983579521357	0.975249874907495	sample_2022120210026
HROV.vOTU34657	Responder_Status	Responder	-0.298374767834422	1.06031673386588	0.780471646262483	0.975249874907495	sample_2022120210026
HROV.vOTU16409	Responder_Status	Responder	0.278237513140034	0.99493067045515	0.781797589415225	0.975249874907495	sample_2022120210026
HROV.vOTU06429	Responder_Status	Responder	-0.129254376336266	0.459808515960959	0.780696912861885	0.975249874907495	sample_2022120210026
HROV.vOTU74700	Responder_Status	Responder	-0.327016599355011	1.16708842966929	0.781384883903266	0.975249874907495	sample_2022120210026
HROV.vOTU10032	Responder_Status	Responder	0.30749881299215	1.0871606504467	0.779375601147194	0.975249874907495	sample_2022120210026
HROV.vOTU05941	Responder_Status	Responder	0.206751608513678	0.732585596096521	0.779849111735338	0.975249874907495	sample_2022120210026
HROV.vOTU10512	Responder_Status	Responder	-0.0984202135963029	0.352113352018119	0.781905666876362	0.975249874907495	sample_2022120210026
HROV.vOTU07429	Responder_Status	Responder	0.0677413117492138	0.243089083861151	0.782546898264382	0.975249874907495	sample_2022120210026
HROV.vOTU10652	Responder_Status	Responder	0.132099989117363	0.470147316005485	0.78079488199512	0.975249874907495	sample_2022120210026
HROV.vOTU08341	Responder_Status	Responder	0.163686496806984	0.581865695666354	0.78053871249661	0.975249874907495	sample_2022120210026
HROV.vOTU59600	Responder_Status	Responder	-0.289695021879217	1.025496727823	0.77964375551023	0.975249874907495	sample_2022120210026
HROV.vOTU38461	Responder_Status	Responder	0.114916976795724	0.412463591495994	0.782590555649435	0.975249874907495	sample_2022120210026
HROV.vOTU21315	Responder_Status	Responder	0.151720663798701	0.538935580103337	0.780382410306521	0.975249874907495	sample_2022120210026
HROV.vOTU42879	Responder_Status	Responder	0.0796826179031057	0.284990418680096	0.781841368012867	0.975249874907495	sample_2022120210026
HROV.vOTU12141	Responder_Status	Responder	0.383321836296691	1.37879880799726	0.78304622371785	0.975381523066542	sample_2022120210026
HROV.vOTU75148	Responder_Status	Responder	-0.196596687488002	0.706635748746482	0.782891533987055	0.975381523066542	sample_2022120210026
HROV.vOTU34646	Responder_Status	Responder	0.293559824040722	1.05891369476877	0.783642055787601	0.975548667345269	sample_2022120210026
HROV.vOTU33511	Responder_Status	Responder	-0.255152356095843	0.924860225827773	0.784664626316193	0.975568516992644	sample_2022120210026
HROV.vOTU47526	Responder_Status	Responder	-0.105353865180106	0.381632690545265	0.78452867013067	0.975568516992644	sample_2022120210026
HROV.vOTU69787	Responder_Status	Responder	0.185080722174962	0.674181540828274	0.785695402534845	0.975607689557454	sample_2022120210026
HROV.vOTU24461	Responder_Status	Responder	0.14336902027802	0.521976261905916	0.785589494945667	0.975607689557454	sample_2022120210026
HROV.vOTU32540	Responder_Status	Responder	0.136624903775294	0.49857441709683	0.786072227314922	0.975723594164954	sample_2022120210026
HROV.vOTU54272	Responder_Status	Responder	-0.209716550435866	0.771814135758557	0.787831576795357	0.975852187059466	sample_2022120210026
HROV.vOTU04887	Responder_Status	Responder	-0.240680996898579	0.889198316780466	0.788628698681457	0.975852187059466	sample_2022120210026
HROV.vOTU31292	Responder_Status	Responder	0.217224584408041	0.801704987319543	0.788414477020704	0.975852187059466	sample_2022120210026
HROV.vOTU69424	Responder_Status	Responder	0.281183969658278	1.03059885401694	0.786981840173722	0.975852187059466	sample_2022120210026
HROV.vOTU09913	Responder_Status	Responder	0.281298783241701	1.03662415194548	0.788104502272577	0.975852187059466	sample_2022120210026
HROV.vOTU30479	Responder_Status	Responder	0.354189644631122	1.30813059394927	0.788561500805467	0.975852187059466	sample_2022120210026
HROV.vOTU26731	Responder_Status	Responder	-0.22958800534443	0.847778762333551	0.788522618952448	0.975852187059466	sample_2022120210026
HROV.vOTU41142	Responder_Status	Responder	0.190634535444115	0.700307644308837	0.787453734242636	0.975852187059466	sample_2022120210026
HROV.vOTU41183	Responder_Status	Responder	-0.278878729876943	1.02586227226562	0.787733282264256	0.975852187059466	sample_2022120210026
HROV.vOTU07731	Responder_Status	Responder	0.183568714740934	0.677482931343099	0.788411665289884	0.975852187059466	sample_2022120210026
HROV.vOTU60005	Responder_Status	Responder	0.236991027844186	0.872630681170537	0.787935632980516	0.975852187059466	sample_2022120210026
HROV.vOTU19538	Responder_Status	Responder	0.0514929676936692	0.189288143401568	0.787591174256491	0.975852187059466	sample_2022120210026
HROV.vOTU33528	Responder_Status	Responder	-0.200668292191178	0.746270272863568	0.789982002664212	0.975992428776094	sample_2022120210026
HROV.vOTU62186	Responder_Status	Responder	0.130715295035995	0.484935517344872	0.789481581213887	0.975992428776094	sample_2022120210026
HROV.vOTU00742	Responder_Status	Responder	0.320800816765022	1.19675113496312	0.790618284958641	0.976333474378025	sample_2022120210026
HROV.vOTU53150	Responder_Status	Responder	-0.205645230245208	0.76907527006683	0.791126475026398	0.976437922721732	sample_2022120210026
HROV.vOTU33520	Responder_Status	Responder	-0.168661393706434	0.634582513571471	0.792353412264074	0.976580839743353	sample_2022120210026
HROV.vOTU36831	Responder_Status	Responder	-0.302348854610749	1.13323070570864	0.791576363936987	0.976580839743353	sample_2022120210026
HROV.vOTU14975	Responder_Status	Responder	-0.22604039271403	0.846424740230494	0.791385369733694	0.976580839743353	sample_2022120210026
HROV.vOTU37086	Responder_Status	Responder	-0.121821328890465	0.45677197533234	0.79165413244732	0.976580839743353	sample_2022120210026
HROV.vOTU71296	Responder_Status	Responder	0.106561190963109	0.400970690564469	0.79237261035107	0.976580839743353	sample_2022120210026
HROV.vOTU61960	Responder_Status	Responder	-0.322401298887498	1.22135492280292	0.793736058361436	0.976581571390066	sample_2022120210026
HROV.vOTU13279	Responder_Status	Responder	0.321431926156084	1.21524573297061	0.793332310564465	0.976581571390066	sample_2022120210026
HROV.vOTU15737	Responder_Status	Responder	0.163952380148823	0.619489634733245	0.79321207502464	0.976581571390066	sample_2022120210026
HROV.vOTU45767	Responder_Status	Responder	-0.263560526888199	0.99962220990966	0.793972583583152	0.976581571390066	sample_2022120210026
HROV.vOTU05205	Responder_Status	Responder	-0.155387625557023	0.588822693840042	0.793793081069934	0.976581571390066	sample_2022120210026
HROV.vOTU75151	Responder_Status	Responder	0.104052989066757	0.394326502280085	0.793808514172933	0.976581571390066	sample_2022120210026
HROV.vOTU43190	Responder_Status	Responder	-0.129961637715376	0.492095996758949	0.793638464120018	0.976581571390066	sample_2022120210026
HROV.vOTU30995	Responder_Status	Responder	0.0821795518661633	0.310825752645108	0.793415037448401	0.976581571390066	sample_2022120210026
HROV.vOTU03141	Responder_Status	Responder	0.170671868106913	0.646823929306898	0.793819048991597	0.976581571390066	sample_2022120210026
HROV.vOTU44575	Responder_Status	Responder	0.356928736256907	1.40600068503579	0.801457873481252	0.976602698439949	sample_2022120210026
HROV.vOTU21803	Responder_Status	Responder	-0.266501006831702	1.02818518714727	0.797380536748155	0.976602698439949	sample_2022120210026
HROV.vOTU65832	Responder_Status	Responder	-0.227124534402407	0.875315537106491	0.797165315156044	0.976602698439949	sample_2022120210026
HROV.vOTU48092	Responder_Status	Responder	-0.151202747963399	0.588867400425209	0.799234678304451	0.976602698439949	sample_2022120210026
HROV.vOTU12852	Responder_Status	Responder	0.218256377570262	0.832386272393458	0.795082385505169	0.976602698439949	sample_2022120210026
HROV.vOTU41845	Responder_Status	Responder	-0.275236969662951	1.08966905164243	0.802431960125089	0.976602698439949	sample_2022120210026
HROV.vOTU02525	Responder_Status	Responder	-0.130862039622497	0.511453598295096	0.799927029179303	0.976602698439949	sample_2022120210026
HROV.vOTU27487	Responder_Status	Responder	-0.268490056871991	1.03659269865816	0.797520639438298	0.976602698439949	sample_2022120210026
HROV.vOTU41054	Responder_Status	Responder	0.36612502457023	1.43692794947764	0.80074199395895	0.976602698439949	sample_2022120210026
HROV.vOTU66843	Responder_Status	Responder	-0.22997608733188	0.907573272891195	0.801813008282565	0.976602698439949	sample_2022120210026
HROV.vOTU12311	Responder_Status	Responder	0.332825182951714	1.28721561438685	0.797864378387297	0.976602698439949	sample_2022120210026
HROV.vOTU24337	Responder_Status	Responder	-0.201413860162245	0.780675069631479	0.798294115146994	0.976602698439949	sample_2022120210026
HROV.vOTU75676	Responder_Status	Responder	0.294566467058102	1.11929429142351	0.794345296774257	0.976602698439949	sample_2022120210026
HROV.vOTU24078	Responder_Status	Responder	0.192479100329363	0.738390063059582	0.796251517906064	0.976602698439949	sample_2022120210026
HROV.vOTU17583	Responder_Status	Responder	0.172470132701928	0.654501440886855	0.79408425374453	0.976602698439949	sample_2022120210026
HROV.vOTU28517	Responder_Status	Responder	0.174773020411525	0.668147315143791	0.795560986211884	0.976602698439949	sample_2022120210026
HROV.vOTU74791	Responder_Status	Responder	0.237800519206045	0.935168776611615	0.801132664359694	0.976602698439949	sample_2022120210026
HROV.vOTU03607	Responder_Status	Responder	-0.261155473078557	1.00581024604211	0.797035838913333	0.976602698439949	sample_2022120210026
HROV.vOTU14674	Responder_Status	Responder	0.191546264519772	0.743397779587598	0.798551136735162	0.976602698439949	sample_2022120210026
HROV.vOTU08951	Responder_Status	Responder	-0.198403250127651	0.762599597699523	0.796638639000057	0.976602698439949	sample_2022120210026
HROV.vOTU15132	Responder_Status	Responder	-0.245426805507292	0.955339641965158	0.799134329167053	0.976602698439949	sample_2022120210026
HROV.vOTU18618	Responder_Status	Responder	0.179941302685617	0.695830447734742	0.797835927616382	0.976602698439949	sample_2022120210026
HROV.vOTU15898	Responder_Status	Responder	-0.317717129139266	1.20621685923154	0.794171286441897	0.976602698439949	sample_2022120210026
HROV.vOTU16478	Responder_Status	Responder	-0.177533936916566	0.686081620971983	0.797709361096566	0.976602698439949	sample_2022120210026
HROV.vOTU07169	Responder_Status	Responder	0.245517463118546	0.968256000659992	0.801682992990595	0.976602698439949	sample_2022120210026
HROV.vOTU40970	Responder_Status	Responder	0.195935745528588	0.744095075181844	0.794231426730521	0.976602698439949	sample_2022120210026
HROV.vOTU12921	Responder_Status	Responder	-0.221294679532152	0.859497679833597	0.798698945807323	0.976602698439949	sample_2022120210026
HROV.vOTU00709	Responder_Status	Responder	-0.229633356019391	0.889127972406807	0.79808901568554	0.976602698439949	sample_2022120210026
HROV.vOTU35858	Responder_Status	Responder	0.173979088821897	0.661138732610403	0.794361277447755	0.976602698439949	sample_2022120210026
HROV.vOTU08038	Responder_Status	Responder	0.180247842751011	0.709160543729907	0.801220989987522	0.976602698439949	sample_2022120210026
HROV.vOTU36674	Responder_Status	Responder	-0.101355187024672	0.395417832222921	0.799574408200814	0.976602698439949	sample_2022120210026
HROV.vOTU62337	Responder_Status	Responder	0.203733353806342	0.785145889607484	0.797159674965177	0.976602698439949	sample_2022120210026
HROV.vOTU52334	Responder_Status	Responder	-0.375001737657754	1.45866974512813	0.798993182668769	0.976602698439949	sample_2022120210026
HROV.vOTU43787	Responder_Status	Responder	-0.25781806602953	1.02450872841742	0.803149149679527	0.976981173399588	sample_2022120210026
HROV.vOTU30252	Responder_Status	Responder	0.166789168361816	0.66482753478108	0.803742010432898	0.977015039044091	sample_2022120210026
HROV.vOTU02249	Responder_Status	Responder	0.254144288688458	1.01839448989456	0.804754102894391	0.97706913014318	sample_2022120210026
HROV.vOTU73063	Responder_Status	Responder	-0.118989970547515	0.474952775387261	0.80400666900065	0.97706913014318	sample_2022120210026
HROV.vOTU72529	Responder_Status	Responder	0.150741287290244	0.602834117326727	0.804370907492012	0.97706913014318	sample_2022120210026
HROV.vOTU59862	Responder_Status	Responder	0.0573533627828837	0.229378968773314	0.804383737581719	0.97706913014318	sample_2022120210026
HROV.vOTU17254	Responder_Status	Responder	-0.202253267769655	0.818407174845012	0.806610416382335	0.977178632389083	sample_2022120210026
HROV.vOTU25694	Responder_Status	Responder	0.275698026858299	1.14942987029435	0.812188924023614	0.977178632389083	sample_2022120210026
HROV.vOTU03488	Responder_Status	Responder	-0.182210988346933	0.742503976079235	0.807935990369154	0.977178632389083	sample_2022120210026
HROV.vOTU55790	Responder_Status	Responder	-0.296997836234359	1.21761023180726	0.809072248997221	0.977178632389083	sample_2022120210026
HROV.vOTU66501	Responder_Status	Responder	-0.184292881053946	0.762811380043771	0.8108531244171	0.977178632389083	sample_2022120210026
HROV.vOTU44031	Responder_Status	Responder	-0.251064670662576	1.04706877693949	0.812248599061679	0.977178632389083	sample_2022120210026
HROV.vOTU69434	Responder_Status	Responder	-0.0814670079702929	0.331513165568173	0.807673682051159	0.977178632389083	sample_2022120210026
HROV.vOTU53905	Responder_Status	Responder	-0.153306255826311	0.63942059543185	0.812264337957828	0.977178632389083	sample_2022120210026
HROV.vOTU00572	Responder_Status	Responder	-0.236102780214559	0.981782490438826	0.811707313298356	0.977178632389083	sample_2022120210026
HROV.vOTU35203	Responder_Status	Responder	0.212894648517057	0.874933449378507	0.809526218279482	0.977178632389083	sample_2022120210026
HROV.vOTU72225	Responder_Status	Responder	0.103214034814359	0.423959824603799	0.809429801143365	0.977178632389083	sample_2022120210026
HROV.vOTU20980	Responder_Status	Responder	-0.215990106901361	0.87789565415061	0.807452382640806	0.977178632389083	sample_2022120210026
HROV.vOTU01038	Responder_Status	Responder	-0.0654004138566378	0.270472173710956	0.81069662460683	0.977178632389083	sample_2022120210026
HROV.vOTU65018	Responder_Status	Responder	-0.179345142894007	0.74791509600269	0.812237187338663	0.977178632389083	sample_2022120210026
HROV.vOTU06552	Responder_Status	Responder	-0.197063220510676	0.806677600232477	0.808787544741449	0.977178632389083	sample_2022120210026
HROV.vOTU18579	Responder_Status	Responder	-0.143575593877725	0.59782628508965	0.811953735058983	0.977178632389083	sample_2022120210026
HROV.vOTU32445	Responder_Status	Responder	-0.153894827975844	0.622532386958086	0.806551131524296	0.977178632389083	sample_2022120210026
HROV.vOTU03500	Responder_Status	Responder	0.128816465552054	0.537874314730447	0.812468781098486	0.977178632389083	sample_2022120210026
HROV.vOTU37184	Responder_Status	Responder	-0.159882927758555	0.646751640948879	0.806550050394136	0.977178632389083	sample_2022120210026
HROV.vOTU69936	Responder_Status	Responder	0.175781922779985	0.726127098238556	0.810481358336957	0.977178632389083	sample_2022120210026
HROV.vOTU47902	Responder_Status	Responder	-0.201812179727163	0.827098046652338	0.809009625847633	0.977178632389083	sample_2022120210026
HROV.vOTU35144	Responder_Status	Responder	0.189994736270654	0.778242170509737	0.808907741119095	0.977178632389083	sample_2022120210026
HROV.vOTU58937	Responder_Status	Responder	-0.0980229309828864	0.408545893841495	0.812131405825722	0.977178632389083	sample_2022120210026
HROV.vOTU25686	Responder_Status	Responder	0.18339680878296	0.740848531784308	0.806289166219512	0.977178632389083	sample_2022120210026
HROV.vOTU11265	Responder_Status	Responder	0.352635191245474	1.44937817026553	0.809545893296646	0.977178632389083	sample_2022120210026
HROV.vOTU70339	Responder_Status	Responder	0.087773516049214	0.36620669668365	0.812321981139572	0.977178632389083	sample_2022120210026
HROV.vOTU23863	Responder_Status	Responder	0.209161701540238	0.861587035567332	0.809958334176598	0.977178632389083	sample_2022120210026
HROV.vOTU25877	Responder_Status	Responder	0.0819534921794403	0.341043424438029	0.811846673002543	0.977178632389083	sample_2022120210026
HROV.vOTU54276	Responder_Status	Responder	0.128277459947964	0.535227132169286	0.812332564990449	0.977178632389083	sample_2022120210026
HROV.vOTU61935	Responder_Status	Responder	0.0917450584276978	0.371382890659273	0.806682486938802	0.977178632389083	sample_2022120210026
HROV.vOTU71791	Responder_Status	Responder	0.0778352758116477	0.326358245432035	0.813232964552471	0.977386852850493	sample_2022120210026
HROV.vOTU59988	Responder_Status	Responder	0.173397505782719	0.727784461268044	0.813419177820638	0.977497419341995	sample_2022120210026
HROV.vOTU14110	Responder_Status	Responder	-0.174365521486365	0.735218957551614	0.814258288801736	0.977522515497844	sample_2022120210026
HROV.vOTU12820	Responder_Status	Responder	-0.24889940116132	1.0528584675543	0.814840478367073	0.977522515497844	sample_2022120210026
HROV.vOTU25472	Responder_Status	Responder	0.215773333121847	0.916656113429024	0.815617801143771	0.977591807632466	sample_2022120210026
HROV.vOTU50212	Responder_Status	Responder	0.172290871773435	0.733120463144499	0.815910965387228	0.97767781703984	sample_2022120210026
HROV.vOTU05395	Responder_Status	Responder	-0.121016515535603	0.515789091939478	0.816207846967766	0.97767781703984	sample_2022120210026
HROV.vOTU02275	Responder_Status	Responder	0.165735424469954	0.706068917811127	0.816126545081197	0.97767781703984	sample_2022120210026
HROV.vOTU27141	Responder_Status	Responder	-0.112066060241552	0.486427431962578	0.819466836281302	0.978032004366777	sample_2022120210026
HROV.vOTU03179	Responder_Status	Responder	0.107843325002098	0.467445356924175	0.819219187651337	0.978032004366777	sample_2022120210026
HROV.vOTU47485	Responder_Status	Responder	-0.145434889697435	0.628304757626146	0.818631473524039	0.978032004366777	sample_2022120210026
HROV.vOTU48475	Responder_Status	Responder	0.222622206666036	0.966088340738373	0.819427815282366	0.978032004366777	sample_2022120210026
HROV.vOTU52139	Responder_Status	Responder	0.2643402710309	1.14582791068631	0.819226741923639	0.978032004366777	sample_2022120210026
HROV.vOTU71894	Responder_Status	Responder	-0.180601905919454	0.778483378848337	0.818231453209326	0.978032004366777	sample_2022120210026
HROV.vOTU31923	Responder_Status	Responder	-0.0763560795372507	0.331709536095337	0.819617942473106	0.978032004366777	sample_2022120210026
HROV.vOTU37908	Responder_Status	Responder	0.226435057682953	0.9737387573595	0.817808557390292	0.978032004366777	sample_2022120210026
HROV.vOTU27263	Responder_Status	Responder	-0.0741832717627649	0.317297090202305	0.816843160829893	0.978032004366777	sample_2022120210026
HROV.vOTU08302	Responder_Status	Responder	-0.110920270225757	0.482218833142663	0.819747953815873	0.978032004366777	sample_2022120210026
HROV.vOTU75635	Responder_Status	Responder	0.281580350654397	1.21163767211771	0.817920368444556	0.978032004366777	sample_2022120210026
HROV.vOTU12645	Responder_Status	Responder	-0.153151612724519	0.661225718977084	0.818519284324222	0.978032004366777	sample_2022120210026
HROV.vOTU39206	Responder_Status	Responder	0.142696520095846	0.619973329500275	0.819636411157664	0.978032004366777	sample_2022120210026
HROV.vOTU04890	Responder_Status	Responder	-0.276696761761404	1.21375872974354	0.821328579969059	0.978106264711843	sample_2022120210026
HROV.vOTU23807	Responder_Status	Responder	-0.241718112158648	1.06255873888659	0.821698137117994	0.978106264711843	sample_2022120210026
HROV.vOTU71745	Responder_Status	Responder	-0.24834741649941	1.09287840416911	0.821886954996793	0.978106264711843	sample_2022120210026
HROV.vOTU40810	Responder_Status	Responder	0.20877884225037	0.913086835688999	0.82080143238087	0.978106264711843	sample_2022120210026
HROV.vOTU31896	Responder_Status	Responder	0.256390311327222	1.12085369003746	0.820729173093987	0.978106264711843	sample_2022120210026
HROV.vOTU43815	Responder_Status	Responder	-0.12554596785121	0.547831662922511	0.820403376807931	0.978106264711843	sample_2022120210026
HROV.vOTU06271	Responder_Status	Responder	-0.160876512126911	0.708510628735439	0.822024495630406	0.978151639197783	sample_2022120210026
HROV.vOTU01535	Responder_Status	Responder	0.134538417891118	0.593108873356376	0.82219927981508	0.978214662942086	sample_2022120210026
HROV.vOTU66084	Responder_Status	Responder	0.247554343526632	1.0930637473233	0.822475309844007	0.978351449166655	sample_2022120210026
HROV.vOTU17408	Responder_Status	Responder	-0.187698588924637	0.836314934747206	0.824048353382633	0.97879290461643	sample_2022120210026
HROV.vOTU01702	Responder_Status	Responder	0.230233408320295	1.02298709042141	0.823567133658431	0.97879290461643	sample_2022120210026
HROV.vOTU66481	Responder_Status	Responder	-0.202431999282106	0.902888782406523	0.824225942654967	0.97879290461643	sample_2022120210026
HROV.vOTU69432	Responder_Status	Responder	-0.0856611224841553	0.381799851966017	0.824105340293866	0.97879290461643	sample_2022120210026
HROV.vOTU04318	Responder_Status	Responder	-0.228081205243111	1.01231210670728	0.823376662287499	0.97879290461643	sample_2022120210026
HROV.vOTU34381	Responder_Status	Responder	-0.191831321828219	0.856954157862894	0.824497406254968	0.97879290461643	sample_2022120210026
HROV.vOTU71614	Responder_Status	Responder	0.178453368038303	0.799395741028645	0.82497299939453	0.979043471275145	sample_2022120210026
HROV.vOTU48486	Responder_Status	Responder	-0.221127279087973	0.997841103942158	0.826229127221722	0.979096876390515	sample_2022120210026
HROV.vOTU18571	Responder_Status	Responder	-0.114788032351964	0.517587445176673	0.826098495223943	0.979096876390515	sample_2022120210026
HROV.vOTU49433	Responder_Status	Responder	0.185661582017169	0.836639609830819	0.825991876979847	0.979096876390515	sample_2022120210026
HROV.vOTU14344	Responder_Status	Responder	0.144912651358156	0.650471950723653	0.825323316168416	0.979096876390515	sample_2022120210026
HROV.vOTU13371	Responder_Status	Responder	-0.116937644694846	0.527681053370468	0.826228376218153	0.979096876390515	sample_2022120210026
HROV.vOTU02348	Responder_Status	Responder	-0.28645665609331	1.29604858947014	0.826678329240016	0.979364849085374	sample_2022120210026
HROV.vOTU63059	Responder_Status	Responder	0.239070153886392	1.0861219620115	0.827379708720473	0.979602693964267	sample_2022120210026
HROV.vOTU41963	Responder_Status	Responder	-0.204094089841402	0.938233125137444	0.829372567196314	0.979602693964267	sample_2022120210026
HROV.vOTU38618	Responder_Status	Responder	-0.165436719356885	0.754864569143289	0.828114563201199	0.979602693964267	sample_2022120210026
HROV.vOTU71479	Responder_Status	Responder	-0.166397638257344	0.761159245076698	0.828538839878215	0.979602693964267	sample_2022120210026
HROV.vOTU22906	Responder_Status	Responder	-0.160617407755517	0.739786128915791	0.829694331795916	0.97980521226824	sample_2022120210026
HROV.vOTU61603	Responder_Status	Responder	-0.310774037368184	1.43462360090245	0.830071892289994	0.979880304278653	sample_2022120210026
HROV.vOTU24166	Responder_Status	Responder	0.0776804988450084	0.359853125337584	0.830656104222873	0.979910451100872	sample_2022120210026
HROV.vOTU48645	Responder_Status	Responder	0.0823372094890119	0.380538828334408	0.830267966450213	0.979910451100872	sample_2022120210026
HROV.vOTU64818	Responder_Status	Responder	-0.099479114482616	0.461170537976159	0.83077745425606	0.979910451100872	sample_2022120210026
HROV.vOTU35442	Responder_Status	Responder	0.227178175165774	1.06396084656856	0.832467624425259	0.980149333845626	sample_2022120210026
HROV.vOTU21097	Responder_Status	Responder	-0.183384748826857	0.85882386397703	0.832460731874665	0.980149333845626	sample_2022120210026
HROV.vOTU71829	Responder_Status	Responder	0.12610697408604	0.59068696456024	0.832490118986836	0.980149333845626	sample_2022120210026
HROV.vOTU40721	Responder_Status	Responder	0.132650711185227	0.621400789509115	0.832506799875637	0.980149333845626	sample_2022120210026
HROV.vOTU53602	Responder_Status	Responder	-0.0827423884411611	0.388331543330127	0.832814946916148	0.980149333845626	sample_2022120210026
HROV.vOTU69384	Responder_Status	Responder	0.23409574973988	1.09987867591338	0.832995482782236	0.980149333845626	sample_2022120210026
HROV.vOTU19056	Responder_Status	Responder	0.268553593109142	1.24946991084907	0.831376576720972	0.980149333845626	sample_2022120210026
HROV.vOTU11334	Responder_Status	Responder	0.0565423265397512	0.265961279445681	0.833182201225758	0.980149333845626	sample_2022120210026
HROV.vOTU09421	Responder_Status	Responder	-0.0455997080769509	0.213183895726095	0.832176237656987	0.980149333845626	sample_2022120210026
HROV.vOTU54503	Responder_Status	Responder	0.107973697429616	0.507199580206014	0.832961278647156	0.980149333845626	sample_2022120210026
HROV.vOTU24198	Responder_Status	Responder	-0.214156587772867	1.00941316365546	0.833519488176739	0.980164493088379	sample_2022120210026
HROV.vOTU56041	Responder_Status	Responder	0.115518538545806	0.544718697027224	0.833588569134006	0.980164493088379	sample_2022120210026
HROV.vOTU35802	Responder_Status	Responder	-0.176498149429632	0.834544667785728	0.83403649512804	0.980219747298818	sample_2022120210026
HROV.vOTU02808	Responder_Status	Responder	0.212809499474638	1.01043482223273	0.834715420247979	0.980219747298818	sample_2022120210026
HROV.vOTU14756	Responder_Status	Responder	-0.133402611280347	0.632845892268999	0.834571565997405	0.980219747298818	sample_2022120210026
HROV.vOTU52289	Responder_Status	Responder	-0.138763160800127	0.655127523965446	0.833788807269867	0.980219747298818	sample_2022120210026
HROV.vOTU13478	Responder_Status	Responder	0.231025054706596	1.0969459047568	0.834718731490348	0.980219747298818	sample_2022120210026
HROV.vOTU33481	Responder_Status	Responder	0.228967577264213	1.08738960959007	0.83475060817039	0.980219747298818	sample_2022120210026
HROV.vOTU07415	Responder_Status	Responder	-0.100558634172497	0.48158152509107	0.836108864276658	0.980682772807679	sample_2022120210026
HROV.vOTU04086	Responder_Status	Responder	0.103469066770931	0.496012910727055	0.836269375223794	0.980760161413764	sample_2022120210026
HROV.vOTU52308	Responder_Status	Responder	0.182868243537857	0.87778353861617	0.836479700919485	0.980840517296525	sample_2022120210026
HROV.vOTU21813	Responder_Status	Responder	-0.135964553980045	0.65494660052628	0.837046638213384	0.981009264072151	sample_2022120210026
HROV.vOTU59792	Responder_Status	Responder	-0.337709438501698	1.62526197469881	0.836898700070278	0.981009264072151	sample_2022120210026
HROV.vOTU39080	Responder_Status	Responder	-0.0672762995215799	0.323541737811127	0.836783237763432	0.981009264072151	sample_2022120210026
HROV.vOTU22859	Responder_Status	Responder	-0.125165120134772	0.603048058141442	0.837079318585183	0.981009264072151	sample_2022120210026
HROV.vOTU53949	Responder_Status	Responder	0.097809454280718	0.471095510070931	0.837027391865524	0.981009264072151	sample_2022120210026
HROV.vOTU44644	Responder_Status	Responder	-0.240763384657538	1.1630857703265	0.837504813931651	0.981239595301726	sample_2022120210026
HROV.vOTU50707	Responder_Status	Responder	-0.178454424419103	0.868634436637534	0.83871275116868	0.981307124182141	sample_2022120210026
HROV.vOTU26706	Responder_Status	Responder	0.170268060187338	0.827308758136869	0.838428751055281	0.981307124182141	sample_2022120210026
HROV.vOTU21251	Responder_Status	Responder	-0.0977127328373615	0.473541483485248	0.838014841543491	0.981307124182141	sample_2022120210026
HROV.vOTU47242	Responder_Status	Responder	-0.134320735006379	0.649980942893687	0.837776025437979	0.981307124182141	sample_2022120210026
HROV.vOTU12129	Responder_Status	Responder	-0.168741837175185	0.819791361133275	0.838408999877611	0.981307124182141	sample_2022120210026
HROV.vOTU17706	Responder_Status	Responder	0.101852920782341	0.493278481380456	0.83790888772056	0.981307124182141	sample_2022120210026
HROV.vOTU50930	Responder_Status	Responder	-0.166579291679362	0.814355358332406	0.839400588486913	0.981409940921746	sample_2022120210026
HROV.vOTU41476	Responder_Status	Responder	0.223798743211743	1.09288066754119	0.839226327546754	0.981409940921746	sample_2022120210026
HROV.vOTU02247	Responder_Status	Responder	0.220525506941071	1.08599320051451	0.840553917023718	0.981571148664757	sample_2022120210026
HROV.vOTU06467	Responder_Status	Responder	-0.186997330120906	0.920421164887376	0.840475324729037	0.981571148664757	sample_2022120210026
HROV.vOTU20183	Responder_Status	Responder	0.162718061825752	0.804092913821034	0.841096731126403	0.981702231402111	sample_2022120210026
HROV.vOTU34489	Responder_Status	Responder	-0.10647019352028	0.527952155129639	0.841635541086429	0.98172676808946	sample_2022120210026
HROV.vOTU14222	Responder_Status	Responder	-0.104759677168403	0.518973350186611	0.841486032579311	0.98172676808946	sample_2022120210026
HROV.vOTU04983	Responder_Status	Responder	0.184057272422984	0.912449206825087	0.841595694194596	0.98172676808946	sample_2022120210026
HROV.vOTU12009	Responder_Status	Responder	-0.113583842539622	0.563121719088318	0.8416064851309	0.98172676808946	sample_2022120210026
HROV.vOTU39462	Responder_Status	Responder	-0.238752165987223	1.18470675136647	0.841742302725621	0.981745172244795	sample_2022120210026
HROV.vOTU73396	Responder_Status	Responder	-0.116545692589187	0.579864578030276	0.842161027938343	0.981898147424882	sample_2022120210026
HROV.vOTU04579	Responder_Status	Responder	0.321516305418868	1.60956565106294	0.843117049153948	0.982269946863608	sample_2022120210026
HROV.vOTU13703	Responder_Status	Responder	-0.235340062708558	1.18458129176526	0.843956884552977	0.982269946863608	sample_2022120210026
HROV.vOTU21901	Responder_Status	Responder	-0.324289474387916	1.63311019492191	0.844032586014263	0.982269946863608	sample_2022120210026
HROV.vOTU68286	Responder_Status	Responder	-0.0955042782625943	0.478284240939834	0.843173173801733	0.982269946863608	sample_2022120210026
HROV.vOTU35521	Responder_Status	Responder	-0.23338118410547	1.1801569792085	0.84466593717047	0.9824449661596	sample_2022120210026
HROV.vOTU16037	Responder_Status	Responder	0.167884975657836	0.849326362641549	0.844732556760469	0.982467381468512	sample_2022120210026
HROV.vOTU68801	Responder_Status	Responder	0.204285233902235	1.0407923569973	0.845809772678792	0.982955918033269	sample_2022120210026
HROV.vOTU64823	Responder_Status	Responder	0.214019440018044	1.09074387269537	0.845859667826256	0.982955918033269	sample_2022120210026
HROV.vOTU64896	Responder_Status	Responder	-0.0910473213152391	0.463651524313873	0.845738777562598	0.982955918033269	sample_2022120210026
HROV.vOTU66475	Responder_Status	Responder	-0.154688246591484	0.786741843361477	0.845546030462967	0.982955918033269	sample_2022120210026
HROV.vOTU07532	Responder_Status	Responder	0.149271342739491	0.763009272991697	0.846308665190978	0.982958737425265	sample_2022120210026
HROV.vOTU66879	Responder_Status	Responder	0.134557539597863	0.687260756575375	0.846189925096937	0.982958737425265	sample_2022120210026
HROV.vOTU25856	Responder_Status	Responder	-0.117702252367253	0.600825199113533	0.846102475314611	0.982958737425265	sample_2022120210026
HROV.vOTU51722	Responder_Status	Responder	0.0526719242560901	0.269278396959461	0.846332744127325	0.982958737425265	sample_2022120210026
HROV.vOTU49471	Responder_Status	Responder	0.137310506280826	0.705976141010597	0.847190774159424	0.982982224092775	sample_2022120210026
HROV.vOTU60000	Responder_Status	Responder	0.267301494155367	1.37531544746721	0.847300020581853	0.982982224092775	sample_2022120210026
HROV.vOTU17122	Responder_Status	Responder	0.186912146229867	0.963275907898897	0.847547006421632	0.982982224092775	sample_2022120210026
HROV.vOTU31171	Responder_Status	Responder	0.197780252083194	1.01574232403634	0.847022028855465	0.982982224092775	sample_2022120210026
HROV.vOTU43064	Responder_Status	Responder	-0.14554386726351	0.748672409657161	0.84726426498522	0.982982224092775	sample_2022120210026
HROV.vOTU29204	Responder_Status	Responder	-0.154874361777917	0.792799791230121	0.846528749573702	0.982982224092775	sample_2022120210026
HROV.vOTU11220	Responder_Status	Responder	-0.124547690252603	0.638519116432407	0.846756748836093	0.982982224092775	sample_2022120210026
HROV.vOTU22635	Responder_Status	Responder	-0.0993418180481975	0.510612385343537	0.8471466572746	0.982982224092775	sample_2022120210026
HROV.vOTU54313	Responder_Status	Responder	0.06765097457928	0.348007838368667	0.847270183464765	0.982982224092775	sample_2022120210026
HROV.vOTU12284	Responder_Status	Responder	-0.171438952922823	0.899402189387084	0.850203094513177	0.983072789568244	sample_2022120210026
HROV.vOTU01367	Responder_Status	Responder	-0.133749943390924	0.69390132632204	0.848545519115941	0.983072789568244	sample_2022120210026
HROV.vOTU32491	Responder_Status	Responder	-0.227028360890774	1.18698311384549	0.849698148938761	0.983072789568244	sample_2022120210026
HROV.vOTU40123	Responder_Status	Responder	-0.189289289189309	0.989495196901498	0.84967190913856	0.983072789568244	sample_2022120210026
HROV.vOTU42672	Responder_Status	Responder	0.19814998362776	1.03859551741744	0.850069503204682	0.983072789568244	sample_2022120210026
HROV.vOTU06113	Responder_Status	Responder	-0.177296781365076	0.936858049704259	0.851265035538829	0.983072789568244	sample_2022120210026
HROV.vOTU01273	Responder_Status	Responder	0.205240007613417	1.08210151051833	0.850937596389174	0.983072789568244	sample_2022120210026
HROV.vOTU19502	Responder_Status	Responder	-0.188925945959252	0.987372642004457	0.849638352862727	0.983072789568244	sample_2022120210026
HROV.vOTU37217	Responder_Status	Responder	0.0957893134567387	0.506949910994506	0.851493209988402	0.983072789568244	sample_2022120210026
HROV.vOTU33056	Responder_Status	Responder	-0.083063059751535	0.435122968781253	0.849984824329808	0.983072789568244	sample_2022120210026
HROV.vOTU12978	Responder_Status	Responder	-0.25419259501459	1.33467830322488	0.850328823559194	0.983072789568244	sample_2022120210026
HROV.vOTU56723	Responder_Status	Responder	0.0539536544410311	0.28074052238255	0.848985630154768	0.983072789568244	sample_2022120210026
HROV.vOTU04898	Responder_Status	Responder	-0.122973713721257	0.640485842385553	0.849127357444656	0.983072789568244	sample_2022120210026
HROV.vOTU70525	Responder_Status	Responder	0.186013420528688	0.985451570000499	0.851642769061371	0.983093772856884	sample_2022120210026
HROV.vOTU14163	Responder_Status	Responder	0.126849644235245	0.673530116066183	0.851971997120796	0.983093772856884	sample_2022120210026
HROV.vOTU28184	Responder_Status	Responder	-0.113863512119119	0.605993644806373	0.852313604495792	0.983183638719574	sample_2022120210026
HROV.vOTU39786	Responder_Status	Responder	0.0641196036162845	0.341064269885319	0.852233596899975	0.983183638719574	sample_2022120210026
HROV.vOTU19754	Responder_Status	Responder	-0.13085905236916	0.713286591389253	0.855759731434865	0.983305962678823	sample_2022120210026
HROV.vOTU33454	Responder_Status	Responder	-0.166646250916945	0.913165033693191	0.856510720950009	0.983305962678823	sample_2022120210026
HROV.vOTU43245	Responder_Status	Responder	0.125263386764203	0.7065746214795	0.860562655389681	0.983305962678823	sample_2022120210026
HROV.vOTU59839	Responder_Status	Responder	0.153247051862639	0.844475665732473	0.85730592745002	0.983305962678823	sample_2022120210026
HROV.vOTU24582	Responder_Status	Responder	0.18327350724933	1.00662539364508	0.856841689771288	0.983305962678823	sample_2022120210026
HROV.vOTU28659	Responder_Status	Responder	0.117053301568574	0.651291038596071	0.858662789353237	0.983305962678823	sample_2022120210026
HROV.vOTU51623	Responder_Status	Responder	0.179730685053757	0.984242636403252	0.856421272006545	0.983305962678823	sample_2022120210026
HROV.vOTU73012	Responder_Status	Responder	0.223779778381206	1.21878442444316	0.855643395577807	0.983305962678823	sample_2022120210026
HROV.vOTU25189	Responder_Status	Responder	-0.161705205553268	0.873758124727203	0.85450925642975	0.983305962678823	sample_2022120210026
HROV.vOTU20641	Responder_Status	Responder	0.0916183964793815	0.511300184685951	0.859081150927551	0.983305962678823	sample_2022120210026
HROV.vOTU72545	Responder_Status	Responder	0.10567921538269	0.582688259115697	0.857387661354094	0.983305962678823	sample_2022120210026
HROV.vOTU47152	Responder_Status	Responder	-0.0998491283959995	0.558116508677178	0.859301545106771	0.983305962678823	sample_2022120210026
HROV.vOTU43532	Responder_Status	Responder	0.123050790013735	0.667924070685542	0.85516183027674	0.983305962678823	sample_2022120210026
HROV.vOTU65585	Responder_Status	Responder	-0.192006484389808	1.04060308241541	0.854939675860772	0.983305962678823	sample_2022120210026
HROV.vOTU09333	Responder_Status	Responder	0.187379469156416	1.04924141384404	0.859548953244447	0.983305962678823	sample_2022120210026
HROV.vOTU03210	Responder_Status	Responder	-0.128868086724565	0.697650671263273	0.854782270358329	0.983305962678823	sample_2022120210026
HROV.vOTU46243	Responder_Status	Responder	0.150713986372331	0.839590851562608	0.858830914201218	0.983305962678823	sample_2022120210026
HROV.vOTU58106	Responder_Status	Responder	0.171335118800509	0.964210710243996	0.860242051813026	0.983305962678823	sample_2022120210026
HROV.vOTU26839	Responder_Status	Responder	-0.223079506020418	1.23741301777928	0.85823204580128	0.983305962678823	sample_2022120210026
HROV.vOTU25170	Responder_Status	Responder	-0.234126780262956	1.29841196291872	0.858201832537392	0.983305962678823	sample_2022120210026
HROV.vOTU13316	Responder_Status	Responder	0.0982388443073221	0.546153416707819	0.858546876049415	0.983305962678823	sample_2022120210026
HROV.vOTU65612	Responder_Status	Responder	0.126848145465396	0.694249196304027	0.856339976439011	0.983305962678823	sample_2022120210026
HROV.vOTU74110	Responder_Status	Responder	0.137520362697815	0.754288447313809	0.856646766417371	0.983305962678823	sample_2022120210026
HROV.vOTU69870	Responder_Status	Responder	0.0974952120812547	0.53365898562087	0.856356088192146	0.983305962678823	sample_2022120210026
HROV.vOTU00966	Responder_Status	Responder	-0.178494219816124	0.988679528070904	0.858030607838882	0.983305962678823	sample_2022120210026
HROV.vOTU33392	Responder_Status	Responder	-0.149776854307469	0.823855503413167	0.857049504045241	0.983305962678823	sample_2022120210026
HROV.vOTU62036	Responder_Status	Responder	-0.109363788166113	0.586190650838869	0.85334538551505	0.983305962678823	sample_2022120210026
HROV.vOTU18853	Responder_Status	Responder	-0.0539365358888512	0.304425962634659	0.860646716137462	0.983305962678823	sample_2022120210026
HROV.vOTU67701	Responder_Status	Responder	-0.16872578258641	0.928386782439337	0.857095431584473	0.983305962678823	sample_2022120210026
HROV.vOTU02792	Responder_Status	Responder	-0.0563898460162436	0.308372487759431	0.856223340110789	0.983305962678823	sample_2022120210026
HROV.vOTU11247	Responder_Status	Responder	-0.0976893873012697	0.530633764898426	0.855262265351821	0.983305962678823	sample_2022120210026
HROV.vOTU20279	Responder_Status	Responder	-0.169912853035169	0.930532854887463	0.856429616936783	0.983305962678823	sample_2022120210026
HROV.vOTU40109	Responder_Status	Responder	0.0679697663287923	0.362896924216076	0.852777836311574	0.983305962678823	sample_2022120210026
HROV.vOTU04552	Responder_Status	Responder	-0.279633896721577	1.54523863622805	0.857698703988326	0.983305962678823	sample_2022120210026
HROV.vOTU05429	Responder_Status	Responder	0.0785214504877274	0.4410818541643	0.859988868892457	0.983305962678823	sample_2022120210026
HROV.vOTU59437	Responder_Status	Responder	0.0416368260478868	0.232104234212264	0.858924526129524	0.983305962678823	sample_2022120210026
HROV.vOTU31267	Responder_Status	Responder	-0.148889185841263	0.841759522194285	0.860877049172058	0.983470281466557	sample_2022120210026
HROV.vOTU14210	Responder_Status	Responder	-0.150792179324827	0.853520547358452	0.861038664774735	0.983470281466557	sample_2022120210026
HROV.vOTU55238	Responder_Status	Responder	-0.0962096098817042	0.545373563467981	0.861241252859565	0.983476748491331	sample_2022120210026
HROV.vOTU47892	Responder_Status	Responder	-0.130585289930975	0.789689756543136	0.869846606020919	0.983729910024171	sample_2022120210026
HROV.vOTU37008	Responder_Status	Responder	0.220244316777165	1.30044262361777	0.866730313299093	0.983729910024171	sample_2022120210026
HROV.vOTU03192	Responder_Status	Responder	0.161666401346294	0.960105089129937	0.867491576900003	0.983729910024171	sample_2022120210026
HROV.vOTU01004	Responder_Status	Responder	-0.136966983599265	0.796482391037135	0.864702037675745	0.983729910024171	sample_2022120210026
HROV.vOTU16529	Responder_Status	Responder	-0.166849536934989	1.01448803867787	0.870545283077271	0.983729910024171	sample_2022120210026
HROV.vOTU08970	Responder_Status	Responder	0.150360731654307	0.859220622834488	0.862341574044577	0.983729910024171	sample_2022120210026
HROV.vOTU11952	Responder_Status	Responder	0.140696595820448	0.847521375346515	0.869342399498065	0.983729910024171	sample_2022120210026
HROV.vOTU27585	Responder_Status	Responder	-0.115365788298583	0.702133817984841	0.870669528317648	0.983729910024171	sample_2022120210026
HROV.vOTU49128	Responder_Status	Responder	-0.201504761257941	1.21641444173045	0.869619009283693	0.983729910024171	sample_2022120210026
HROV.vOTU56503	Responder_Status	Responder	-0.153144659617981	0.910271449285104	0.867603341289974	0.983729910024171	sample_2022120210026
HROV.vOTU08015	Responder_Status	Responder	-0.132297424238326	0.762517054123014	0.863505932152017	0.983729910024171	sample_2022120210026
HROV.vOTU06176	Responder_Status	Responder	-0.221649095552968	1.28059573683556	0.863831493633725	0.983729910024171	sample_2022120210026
HROV.vOTU23035	Responder_Status	Responder	0.194395025000342	1.13904208470304	0.865714184123388	0.983729910024171	sample_2022120210026
HROV.vOTU62590	Responder_Status	Responder	0.128662874850557	0.759013209753229	0.866611641928608	0.983729910024171	sample_2022120210026
HROV.vOTU17468	Responder_Status	Responder	-0.191233459362409	1.11049933402421	0.864515080668235	0.983729910024171	sample_2022120210026
HROV.vOTU39338	Responder_Status	Responder	-0.188165974563594	1.1175321331839	0.867497596830385	0.983729910024171	sample_2022120210026
HROV.vOTU51519	Responder_Status	Responder	-0.190446494691055	1.14600148583067	0.869206778048425	0.983729910024171	sample_2022120210026
HROV.vOTU45833	Responder_Status	Responder	-0.117541431407709	0.692626147111438	0.86646310413454	0.983729910024171	sample_2022120210026
HROV.vOTU73571	Responder_Status	Responder	-0.215918556010594	1.29900545429161	0.869179573047681	0.983729910024171	sample_2022120210026
HROV.vOTU50705	Responder_Status	Responder	-0.13189239603012	0.791061225317328	0.868781957509963	0.983729910024171	sample_2022120210026
HROV.vOTU31297	Responder_Status	Responder	-0.112993116116934	0.668484254853638	0.866989154544133	0.983729910024171	sample_2022120210026
HROV.vOTU47608	Responder_Status	Responder	-0.139006010924247	0.792870073403282	0.862089871049815	0.983729910024171	sample_2022120210026
HROV.vOTU39637	Responder_Status	Responder	-0.0957561591679421	0.56523681003571	0.866693006912982	0.983729910024171	sample_2022120210026
HROV.vOTU75404	Responder_Status	Responder	-0.0945722122918281	0.563744998442564	0.867980202605547	0.983729910024171	sample_2022120210026
HROV.vOTU04485	Responder_Status	Responder	0.127771002153993	0.731699955436531	0.862633098425982	0.983729910024171	sample_2022120210026
HROV.vOTU30516	Responder_Status	Responder	-0.113110607361218	0.662785376666302	0.865718763187867	0.983729910024171	sample_2022120210026
HROV.vOTU29546	Responder_Status	Responder	0.173573107405626	0.99668472413696	0.863000261204473	0.983729910024171	sample_2022120210026
HROV.vOTU63713	Responder_Status	Responder	-0.157734741696112	0.961286126153894	0.870841260644212	0.983729910024171	sample_2022120210026
HROV.vOTU21646	Responder_Status	Responder	0.151517016186162	0.904562194782862	0.868178106628231	0.983729910024171	sample_2022120210026
HROV.vOTU45464	Responder_Status	Responder	-0.114246945481827	0.651908914598735	0.862144492008364	0.983729910024171	sample_2022120210026
HROV.vOTU74439	Responder_Status	Responder	-0.105954912289024	0.646493112926915	0.870993649212231	0.983729910024171	sample_2022120210026
HROV.vOTU23521	Responder_Status	Responder	0.0859659759636458	0.492921922710306	0.862805387539455	0.983729910024171	sample_2022120210026
HROV.vOTU17211	Responder_Status	Responder	0.103891693036536	0.594721966681189	0.862580641296065	0.983729910024171	sample_2022120210026
HROV.vOTU23948	Responder_Status	Responder	-0.0846088263947556	0.502100162417748	0.867393554832871	0.983729910024171	sample_2022120210026
HROV.vOTU00921	Responder_Status	Responder	0.157599493128927	0.937029524236956	0.867642398340949	0.983729910024171	sample_2022120210026
HROV.vOTU55435	Responder_Status	Responder	-0.132176897056745	0.790076560864481	0.868339314620047	0.983729910024171	sample_2022120210026
HROV.vOTU17311	Responder_Status	Responder	-0.058523140931671	0.346530527212466	0.867102731790314	0.983729910024171	sample_2022120210026
HROV.vOTU05584	Responder_Status	Responder	-0.18837363305568	1.08462441103788	0.863369346790656	0.983729910024171	sample_2022120210026
HROV.vOTU02408	Responder_Status	Responder	0.227990768910166	1.38742041042381	0.870654174817649	0.983729910024171	sample_2022120210026
HROV.vOTU50805	Responder_Status	Responder	-0.0502743836563913	0.286149076219666	0.861799615594715	0.983729910024171	sample_2022120210026
HROV.vOTU49059	Responder_Status	Responder	-0.128201714712838	0.758771246840339	0.86704307418392	0.983729910024171	sample_2022120210026
HROV.vOTU58189	Responder_Status	Responder	0.0425713897938004	0.254697289052253	0.868457219099391	0.983729910024171	sample_2022120210026
HROV.vOTU16457	Responder_Status	Responder	-0.0594615431428615	0.362911130585793	0.871029345397031	0.983729910024171	sample_2022120210026
HROV.vOTU58282	Responder_Status	Responder	-0.0787295589946717	0.448438013591774	0.861900017593132	0.983729910024171	sample_2022120210026
HROV.vOTU44289	Responder_Status	Responder	-0.0885367345170202	0.514129418126189	0.864513392708235	0.983729910024171	sample_2022120210026
HROV.vOTU34103	Responder_Status	Responder	0.178925844020328	1.10484179750861	0.872510569749135	0.984125600455801	sample_2022120210026
HROV.vOTU05286	Responder_Status	Responder	-0.0821877501279202	0.507568283496909	0.872528128751102	0.984125600455801	sample_2022120210026
HROV.vOTU42237	Responder_Status	Responder	0.179607378940786	1.11972302134013	0.873714956529164	0.984220211857107	sample_2022120210026
HROV.vOTU07537	Responder_Status	Responder	-0.141866771455119	0.885264381884961	0.873831879997848	0.984220211857107	sample_2022120210026
HROV.vOTU39302	Responder_Status	Responder	-0.0818097221802799	0.512373055545316	0.874288632044067	0.984220211857107	sample_2022120210026
HROV.vOTU52765	Responder_Status	Responder	-0.121702418566078	0.757911326294364	0.873580221767915	0.984220211857107	sample_2022120210026
HROV.vOTU72250	Responder_Status	Responder	0.147570577136688	0.932150143620054	0.875347204362945	0.984575807162354	sample_2022120210026
HROV.vOTU30919	Responder_Status	Responder	-0.104368412215473	0.664512122835494	0.87632447419168	0.985096169688294	sample_2022120210026
HROV.vOTU64916	Responder_Status	Responder	-0.164121135156717	1.05120448907481	0.877053340411588	0.985159790696717	sample_2022120210026
HROV.vOTU01290	Responder_Status	Responder	0.140276608930167	0.919812020798695	0.879881729880369	0.98557216775303	sample_2022120210026
HROV.vOTU60669	Responder_Status	Responder	-0.123230806589802	0.80327685079585	0.879175149297361	0.98557216775303	sample_2022120210026
HROV.vOTU32187	Responder_Status	Responder	0.109101848920193	0.716303335344104	0.880032825259188	0.98557216775303	sample_2022120210026
HROV.vOTU52475	Responder_Status	Responder	-0.146463654994925	0.956228245067153	0.879364238610047	0.98557216775303	sample_2022120210026
HROV.vOTU05459	Responder_Status	Responder	-0.103897576142665	0.680632457888014	0.879770124918384	0.98557216775303	sample_2022120210026
HROV.vOTU50485	Responder_Status	Responder	-0.18075929611485	1.16898902464619	0.878223244083603	0.98557216775303	sample_2022120210026
HROV.vOTU26115	Responder_Status	Responder	0.139676900059549	0.912050581358035	0.879381495832201	0.98557216775303	sample_2022120210026
HROV.vOTU21463	Responder_Status	Responder	0.146074504929136	0.964166127146971	0.880664899483136	0.985781985829276	sample_2022120210026
HROV.vOTU57553	Responder_Status	Responder	-0.141829131650115	0.936920660329518	0.880762978883102	0.985781985829276	sample_2022120210026
HROV.vOTU67284	Responder_Status	Responder	0.0886655605967105	0.586329250495238	0.880885281023924	0.985781985829276	sample_2022120210026
HROV.vOTU62538	Responder_Status	Responder	-0.158620678988274	1.04980830489334	0.880984182235346	0.98583949638049	sample_2022120210026
HROV.vOTU05726	Responder_Status	Responder	0.127381033756558	0.84576582976591	0.88136292246943	0.9859088822344	sample_2022120210026
HROV.vOTU01895	Responder_Status	Responder	-0.132621935590952	0.881992158297606	0.881553582867567	0.985970876329181	sample_2022120210026
HROV.vOTU27624	Responder_Status	Responder	-0.117866328434263	0.786287099574896	0.881916205286899	0.986077712592305	sample_2022120210026
HROV.vOTU46097	Responder_Status	Responder	0.103796555607806	0.69602608054656	0.882522029024258	0.986087245665867	sample_2022120210026
HROV.vOTU63283	Responder_Status	Responder	-0.142932182542315	0.96414522914127	0.883209875272909	0.986087245665867	sample_2022120210026
HROV.vOTU02493	Responder_Status	Responder	-0.164914971405494	1.12076859765009	0.884072352000513	0.986278863925712	sample_2022120210026
HROV.vOTU08812	Responder_Status	Responder	0.131016174587035	0.905605066283957	0.88600577178879	0.986828758165184	sample_2022120210026
HROV.vOTU52385	Responder_Status	Responder	-0.116399539511201	0.798899549808558	0.885202193722796	0.986828758165184	sample_2022120210026
HROV.vOTU47530	Responder_Status	Responder	-0.105481866654629	0.723153066728768	0.885073943291187	0.986828758165184	sample_2022120210026
HROV.vOTU72935	Responder_Status	Responder	0.147536359528983	1.01464307097902	0.885431127700995	0.986828758165184	sample_2022120210026
HROV.vOTU20871	Responder_Status	Responder	0.134129618209414	0.924372078090938	0.885668650357699	0.986828758165184	sample_2022120210026
HROV.vOTU52091	Responder_Status	Responder	-0.162731831067682	1.19597291164126	0.892742291124065	0.986934870337389	sample_2022120210026
HROV.vOTU05936	Responder_Status	Responder	0.0629875981414516	0.438738583987742	0.886872065365907	0.986934870337389	sample_2022120210026
HROV.vOTU03303	Responder_Status	Responder	-0.100003083392565	0.719458250168063	0.890446847788326	0.986934870337389	sample_2022120210026
HROV.vOTU18513	Responder_Status	Responder	0.192480021805215	1.37922022670778	0.890008916312192	0.986934870337389	sample_2022120210026
HROV.vOTU53239	Responder_Status	Responder	-0.131631789123732	0.947463617632085	0.890499344419696	0.986934870337389	sample_2022120210026
HROV.vOTU65815	Responder_Status	Responder	0.122538443728149	0.874334623327616	0.889544405023739	0.986934870337389	sample_2022120210026
HROV.vOTU00293	Responder_Status	Responder	-0.161457925293424	1.17666313570599	0.891841396419641	0.986934870337389	sample_2022120210026
HROV.vOTU73506	Responder_Status	Responder	0.198103046376944	1.4315093558374	0.890924629089918	0.986934870337389	sample_2022120210026
HROV.vOTU25809	Responder_Status	Responder	-0.109084866671414	0.800617716433957	0.892597867734933	0.986934870337389	sample_2022120210026
HROV.vOTU06386	Responder_Status	Responder	-0.0739158286066777	0.540434317348965	0.89219038177092	0.986934870337389	sample_2022120210026
HROV.vOTU19348	Responder_Status	Responder	0.0986393392452118	0.725913590731803	0.892885983670049	0.986934870337389	sample_2022120210026
HROV.vOTU66549	Responder_Status	Responder	-0.144232152241147	1.03650506036397	0.89032578679849	0.986934870337389	sample_2022120210026
HROV.vOTU23304	Responder_Status	Responder	0.0529097037652318	0.38317341358592	0.891163143071692	0.986934870337389	sample_2022120210026
HROV.vOTU68703	Responder_Status	Responder	-0.11340370539733	0.79588363106785	0.887715103884373	0.986934870337389	sample_2022120210026
HROV.vOTU42398	Responder_Status	Responder	0.186286744496568	1.32693393577326	0.889357828576661	0.986934870337389	sample_2022120210026
HROV.vOTU55814	Responder_Status	Responder	0.134916141692669	0.959717446072268	0.889208977946187	0.986934870337389	sample_2022120210026
HROV.vOTU15034	Responder_Status	Responder	-0.0489818119799767	0.360892431739597	0.893010446472294	0.986934870337389	sample_2022120210026
HROV.vOTU73950	Responder_Status	Responder	-0.113027969243528	0.785294409416028	0.886586120251195	0.986934870337389	sample_2022120210026
HROV.vOTU03762	Responder_Status	Responder	0.0643683740414702	0.455613632820655	0.888661557330853	0.986934870337389	sample_2022120210026
HROV.vOTU33152	Responder_Status	Responder	-0.0471126337243869	0.34301589656345	0.891738437890421	0.986934870337389	sample_2022120210026
HROV.vOTU06225	Responder_Status	Responder	-0.147281032497954	1.03877193100806	0.888266027921304	0.986934870337389	sample_2022120210026
HROV.vOTU54284	Responder_Status	Responder	0.10162410286154	0.721319809214506	0.888968438623922	0.986934870337389	sample_2022120210026
HROV.vOTU20449	Responder_Status	Responder	0.078581905452305	0.543976349814654	0.886173349615451	0.986934870337389	sample_2022120210026
HROV.vOTU04632	Responder_Status	Responder	-0.0703268452498534	0.508747982491044	0.891043957089469	0.986934870337389	sample_2022120210026
HROV.vOTU14235	Responder_Status	Responder	-0.0259458900150961	0.18655804545082	0.890384988896154	0.986934870337389	sample_2022120210026
HROV.vOTU12648	Responder_Status	Responder	0.162778103124169	1.21170643649359	0.894096367861735	0.987220077424683	sample_2022120210026
HROV.vOTU67392	Responder_Status	Responder	0.126128726737708	0.939457052227906	0.894159717355156	0.987220077424683	sample_2022120210026
HROV.vOTU67787	Responder_Status	Responder	-0.115864850431723	0.861027559256785	0.893917838764026	0.987220077424683	sample_2022120210026
HROV.vOTU74409	Responder_Status	Responder	0.0747438621939202	0.555520003290959	0.893932115727893	0.987220077424683	sample_2022120210026
HROV.vOTU25644	Responder_Status	Responder	0.0513005032230421	0.382059888909585	0.894146856197895	0.987220077424683	sample_2022120210026
HROV.vOTU08070	Responder_Status	Responder	0.10287830399374	0.773666687630362	0.895164246621417	0.987803558678707	sample_2022120210026
HROV.vOTU34201	Responder_Status	Responder	0.0969831345068357	0.731126243650506	0.89541971067844	0.987886796524758	sample_2022120210026
HROV.vOTU32243	Responder_Status	Responder	0.144645732896886	1.09940304894047	0.896267213046537	0.987916220327255	sample_2022120210026
HROV.vOTU48081	Responder_Status	Responder	0.114779660602926	0.874720844883486	0.896540667610695	0.987916220327255	sample_2022120210026
HROV.vOTU67292	Responder_Status	Responder	-0.0997767452389648	0.757563144748449	0.896157509253876	0.987916220327255	sample_2022120210026
HROV.vOTU51865	Responder_Status	Responder	-0.139978948700341	1.06133564463836	0.896014928718106	0.987916220327255	sample_2022120210026
HROV.vOTU40104	Responder_Status	Responder	-0.0708048404377761	0.540995716636508	0.896807058268208	0.987987600693672	sample_2022120210026
HROV.vOTU65965	Responder_Status	Responder	-0.0827090657742153	0.63446688472476	0.897213717297193	0.988031858751673	sample_2022120210026
HROV.vOTU07900	Responder_Status	Responder	0.101755016704965	0.788409845231273	0.898229961415564	0.988031858751673	sample_2022120210026
HROV.vOTU74408	Responder_Status	Responder	-0.149984257236809	1.14992362594535	0.897158992496015	0.988031858751673	sample_2022120210026
HROV.vOTU53230	Responder_Status	Responder	-0.0954620860682835	0.738464562867896	0.898067329468076	0.988031858751673	sample_2022120210026
HROV.vOTU71805	Responder_Status	Responder	-0.139244802808709	1.08553846967889	0.898850173012639	0.988031858751673	sample_2022120210026
HROV.vOTU60366	Responder_Status	Responder	-0.0487651621631797	0.379893673267224	0.898777466977197	0.988031858751673	sample_2022120210026
HROV.vOTU07698	Responder_Status	Responder	-0.126480363270714	0.979135653607526	0.898142215311225	0.988031858751673	sample_2022120210026
HROV.vOTU15717	Responder_Status	Responder	0.0834765214125665	0.655500328242809	0.899575316068149	0.988151816220968	sample_2022120210026
HROV.vOTU39862	Responder_Status	Responder	0.133512356113494	1.05212981428749	0.899928653751501	0.9882384327309	sample_2022120210026
HROV.vOTU06110	Responder_Status	Responder	-0.0381589430138979	0.301540688471723	0.900203647275155	0.988384967099204	sample_2022120210026
HROV.vOTU28419	Responder_Status	Responder	-0.0944533533882193	0.756058337021842	0.90147266077681	0.988749489564096	sample_2022120210026
HROV.vOTU55256	Responder_Status	Responder	0.0787771447029851	0.63627933175944	0.902350971846983	0.988749489564096	sample_2022120210026
HROV.vOTU07120	Responder_Status	Responder	0.0357682424658287	0.287719095454803	0.901952843314856	0.988749489564096	sample_2022120210026
HROV.vOTU15402	Responder_Status	Responder	0.102928632069997	0.829316721522167	0.90211285600237	0.988749489564096	sample_2022120210026
HROV.vOTU75110	Responder_Status	Responder	-0.0856601076631002	0.68542713527238	0.901437623266908	0.988749489564096	sample_2022120210026
HROV.vOTU71719	Responder_Status	Responder	-0.110206069948035	0.882055179013675	0.901461899844539	0.988749489564096	sample_2022120210026
HROV.vOTU73961	Responder_Status	Responder	0.102682534900267	0.830036715595964	0.902429923170404	0.988749489564096	sample_2022120210026
HROV.vOTU04109	Responder_Status	Responder	-0.139932586235389	1.13358040971087	0.902638153178077	0.988794302525873	sample_2022120210026
HROV.vOTU03059	Responder_Status	Responder	0.127349594014925	1.03280993929005	0.902747226458058	0.988809382865536	sample_2022120210026
HROV.vOTU68255	Responder_Status	Responder	0.0699763394595576	0.571169611731232	0.903366994364433	0.988836805772098	sample_2022120210026
HROV.vOTU09667	Responder_Status	Responder	0.166782456871333	1.36524940933999	0.903642801981051	0.988902913406825	sample_2022120210026
HROV.vOTU05957	Responder_Status	Responder	-0.041189396038751	0.339289922951379	0.904242197917496	0.989132094906121	sample_2022120210026
HROV.vOTU28139	Responder_Status	Responder	0.0649058033939687	0.535567862608055	0.904405588270161	0.989132094906121	sample_2022120210026
HROV.vOTU32134	Responder_Status	Responder	0.0602786190056607	0.499499349829483	0.904807852904467	0.989144049745628	sample_2022120210026
HROV.vOTU56502	Responder_Status	Responder	-0.0419872460244154	0.347953141027131	0.904814774382836	0.989144049745628	sample_2022120210026
HROV.vOTU01788	Responder_Status	Responder	0.21695462902558	1.80337366160571	0.905100771682596	0.989350524807137	sample_2022120210026
HROV.vOTU19608	Responder_Status	Responder	-0.088848545657601	0.743680362079103	0.90575497374311	0.989374044676551	sample_2022120210026
HROV.vOTU67231	Responder_Status	Responder	0.0737577868171937	0.614889805957539	0.905377069972106	0.989374044676551	sample_2022120210026
HROV.vOTU16351	Responder_Status	Responder	0.104057373838835	0.869360068093434	0.905580082349853	0.989374044676551	sample_2022120210026
HROV.vOTU06071	Responder_Status	Responder	-0.0609011211439352	0.510386118681623	0.905870987331978	0.989374044676551	sample_2022120210026
HROV.vOTU58977	Responder_Status	Responder	0.0837702168935808	0.704057446197443	0.906139102730388	0.989387527704647	sample_2022120210026
HROV.vOTU40040	Responder_Status	Responder	-0.0540086207575372	0.455325656686031	0.906426981594464	0.989392944139145	sample_2022120210026
HROV.vOTU43842	Responder_Status	Responder	-0.164047816475231	1.40133290951644	0.90764378420358	0.989521660386851	sample_2022120210026
HROV.vOTU07890	Responder_Status	Responder	0.0402176842121082	0.343506396827289	0.907632545143449	0.989521660386851	sample_2022120210026
HROV.vOTU41864	Responder_Status	Responder	-0.17422562283517	1.4897863726164	0.907737099058492	0.989521660386851	sample_2022120210026
HROV.vOTU20868	Responder_Status	Responder	0.0881217593591341	0.746883288651657	0.906921102488447	0.989521660386851	sample_2022120210026
HROV.vOTU57842	Responder_Status	Responder	0.0852500768392981	0.728706579588197	0.907704518585626	0.989521660386851	sample_2022120210026
HROV.vOTU62007	Responder_Status	Responder	0.0432533645982226	0.36756192081523	0.907164163601673	0.989521660386851	sample_2022120210026
HROV.vOTU08046	Responder_Status	Responder	0.125761145607869	1.07204921929893	0.907452543630838	0.989521660386851	sample_2022120210026
HROV.vOTU38991	Responder_Status	Responder	0.081893771948062	0.693990916539913	0.906906880728908	0.989521660386851	sample_2022120210026
HROV.vOTU37732	Responder_Status	Responder	0.068469308503245	0.587289882790934	0.908020972145347	0.989598371726911	sample_2022120210026
HROV.vOTU48425	Responder_Status	Responder	0.0568466212776438	0.48978989756674	0.908430823189228	0.989655545585071	sample_2022120210026
HROV.vOTU44071	Responder_Status	Responder	0.0965305377335616	0.831273286095509	0.908383366876661	0.989655545585071	sample_2022120210026
HROV.vOTU67070	Responder_Status	Responder	-0.0616777418287596	0.532261439416854	0.908575806083663	0.989708014921308	sample_2022120210026
HROV.vOTU42542	Responder_Status	Responder	0.109539716377351	0.958859166895237	0.909863086513415	0.989737281699075	sample_2022120210026
HROV.vOTU37593	Responder_Status	Responder	0.118404920974209	1.03715268314265	0.909922929407363	0.989737281699075	sample_2022120210026
HROV.vOTU07448	Responder_Status	Responder	0.0500707589849218	0.435002584837175	0.909183785944196	0.989737281699075	sample_2022120210026
HROV.vOTU41784	Responder_Status	Responder	0.126467143297551	1.10047873692019	0.909328608221683	0.989737281699075	sample_2022120210026
HROV.vOTU41868	Responder_Status	Responder	-0.0494032234091514	0.432123033581581	0.909794654279403	0.989737281699075	sample_2022120210026
HROV.vOTU17618	Responder_Status	Responder	0.0866896391723217	0.762184828518466	0.910256843579271	0.989811854666384	sample_2022120210026
HROV.vOTU27906	Responder_Status	Responder	-0.101106776896445	0.897085475562062	0.911067934837975	0.989844585048173	sample_2022120210026
HROV.vOTU52713	Responder_Status	Responder	-0.0872266865752358	0.774073530431257	0.911084097253755	0.989844585048173	sample_2022120210026
HROV.vOTU07463	Responder_Status	Responder	0.144611459794623	1.27893698809541	0.910780595381632	0.989844585048173	sample_2022120210026
HROV.vOTU47932	Responder_Status	Responder	-0.134088141689147	1.19545799624022	0.911493107620862	0.989879864156173	sample_2022120210026
HROV.vOTU51983	Responder_Status	Responder	-0.107841035495997	0.962947871514985	0.911629922927862	0.989879864156173	sample_2022120210026
HROV.vOTU19833	Responder_Status	Responder	0.108154282267385	0.968137229636028	0.911847346010318	0.989879864156173	sample_2022120210026
HROV.vOTU17607	Responder_Status	Responder	-0.101339267860059	0.909362950065786	0.912062589266315	0.989972209409218	sample_2022120210026
HROV.vOTU41713	Responder_Status	Responder	-0.110777073546603	0.999101650062145	0.912505098458217	0.990043454266444	sample_2022120210026
HROV.vOTU01364	Responder_Status	Responder	-0.0513889949316762	0.463508874830736	0.912510743866857	0.990043454266444	sample_2022120210026
HROV.vOTU58500	Responder_Status	Responder	-0.0315989470934905	0.285363402319452	0.912618546130679	0.990043454266444	sample_2022120210026
HROV.vOTU34476	Responder_Status	Responder	0.088905305979036	0.823498865111463	0.91479698511016	0.990156089136252	sample_2022120210026
HROV.vOTU61390	Responder_Status	Responder	0.0613136644808717	0.560043556982228	0.913602529444581	0.990156089136252	sample_2022120210026
HROV.vOTU50048	Responder_Status	Responder	0.0549294441405066	0.50647796222254	0.914409226980354	0.990156089136252	sample_2022120210026
HROV.vOTU10574	Responder_Status	Responder	0.0900712405821122	0.846087680569129	0.915979512799503	0.990169332555822	sample_2022120210026
HROV.vOTU49348	Responder_Status	Responder	-0.118988709663384	1.12214100011714	0.916308874458768	0.990169332555822	sample_2022120210026
HROV.vOTU67283	Responder_Status	Responder	0.0958959537354151	0.905790675714753	0.916440434137859	0.990169332555822	sample_2022120210026
HROV.vOTU02641	Responder_Status	Responder	-0.137940910641125	1.29518735427188	0.915942944134645	0.990169332555822	sample_2022120210026
HROV.vOTU67636	Responder_Status	Responder	-0.0745740498137144	0.702583068390322	0.916225960194699	0.990169332555822	sample_2022120210026
HROV.vOTU43683	Responder_Status	Responder	0.052814452041959	0.493524933389097	0.915540369138447	0.990169332555822	sample_2022120210026
HROV.vOTU61745	Responder_Status	Responder	-0.055797322871837	0.525694163764209	0.916227851359032	0.990169332555822	sample_2022120210026
HROV.vOTU65910	Responder_Status	Responder	0.157168204882337	1.48836042445199	0.91665402791897	0.99019059187457	sample_2022120210026
HROV.vOTU46449	Responder_Status	Responder	-0.106564046686904	1.01696311902869	0.917292228903832	0.990289867429848	sample_2022120210026
HROV.vOTU21542	Responder_Status	Responder	-0.0805764914470573	0.781928174992124	0.918659031124386	0.99037424424108	sample_2022120210026
HROV.vOTU70820	Responder_Status	Responder	-0.120436884174984	1.16632972031267	0.918491531918676	0.99037424424108	sample_2022120210026
HROV.vOTU67011	Responder_Status	Responder	0.0876950220555745	0.84660400075075	0.918237495404582	0.99037424424108	sample_2022120210026
HROV.vOTU27530	Responder_Status	Responder	0.070430874892164	0.674201215866281	0.917544544929546	0.99037424424108	sample_2022120210026
HROV.vOTU02549	Responder_Status	Responder	-0.0624714851995319	0.605936083666084	0.918619175803331	0.99037424424108	sample_2022120210026
HROV.vOTU09858	Responder_Status	Responder	0.119837247462254	1.17479471687006	0.919478162994508	0.990392437088293	sample_2022120210026
HROV.vOTU14287	Responder_Status	Responder	0.110585921174307	1.08392217887222	0.919464879446249	0.990392437088293	sample_2022120210026
HROV.vOTU37133	Responder_Status	Responder	-0.0741331355599918	0.733966022077032	0.920267479167059	0.990443915078324	sample_2022120210026
HROV.vOTU69467	Responder_Status	Responder	0.063397257949428	0.638478628207121	0.921612138792323	0.990443915078324	sample_2022120210026
HROV.vOTU67004	Responder_Status	Responder	-0.0594591997437021	0.586172781238618	0.919927030493934	0.990443915078324	sample_2022120210026
HROV.vOTU32660	Responder_Status	Responder	-0.160356665651631	1.58281251497078	0.920025420932524	0.990443915078324	sample_2022120210026
HROV.vOTU59318	Responder_Status	Responder	-0.04805718277318	0.476366575808643	0.920362442607074	0.990443915078324	sample_2022120210026
HROV.vOTU42535	Responder_Status	Responder	0.106291475823185	1.06889159744229	0.921496811043203	0.990443915078324	sample_2022120210026
HROV.vOTU19767	Responder_Status	Responder	0.069539041304171	0.703022418290656	0.921910999211288	0.990443915078324	sample_2022120210026
HROV.vOTU64647	Responder_Status	Responder	0.070709309484968	0.704454166189537	0.920762199113189	0.990443915078324	sample_2022120210026
HROV.vOTU44564	Responder_Status	Responder	0.0789526618926734	0.805569665516571	0.92262380543417	0.990443915078324	sample_2022120210026
HROV.vOTU52852	Responder_Status	Responder	-0.0822482373918029	0.81907540039981	0.920729672010118	0.990443915078324	sample_2022120210026
HROV.vOTU37067	Responder_Status	Responder	0.0608699641297621	0.61622477560459	0.92201766455437	0.990443915078324	sample_2022120210026
HROV.vOTU34913	Responder_Status	Responder	0.0508343319431031	0.504680957409838	0.92048602266074	0.990443915078324	sample_2022120210026
HROV.vOTU72882	Responder_Status	Responder	-0.0504522302377445	0.511721245281928	0.922163730973399	0.990443915078324	sample_2022120210026
HROV.vOTU73755	Responder_Status	Responder	-0.0575155229895709	0.589978413226177	0.923033760187456	0.990443915078324	sample_2022120210026
HROV.vOTU43698	Responder_Status	Responder	0.0488920149643596	0.493963150135306	0.92186011505943	0.990443915078324	sample_2022120210026
HROV.vOTU56533	Responder_Status	Responder	0.0584439473163524	0.599614431941257	0.923048153004822	0.990443915078324	sample_2022120210026
HROV.vOTU58551	Responder_Status	Responder	-0.0357498014937279	0.368738516796298	0.923455454703256	0.990556369492091	sample_2022120210026
HROV.vOTU74953	Responder_Status	Responder	0.0678497490836513	0.707160027635779	0.924246244404089	0.990860737348739	sample_2022120210026
HROV.vOTU70250	Responder_Status	Responder	0.0806188555598565	0.847191311722319	0.924865393539888	0.991268435741357	sample_2022120210026
HROV.vOTU00617	Responder_Status	Responder	-0.0624428100171155	0.660466597498134	0.925350789608028	0.991327837491176	sample_2022120210026
HROV.vOTU34371	Responder_Status	Responder	-0.0808939061991798	0.855576171505447	0.925346411967509	0.991327837491176	sample_2022120210026
HROV.vOTU53025	Responder_Status	Responder	0.0348946878251395	0.370232597806797	0.925581238379508	0.99142115921819	sample_2022120210026
HROV.vOTU63077	Responder_Status	Responder	-0.0730830549534498	0.776218582040512	0.9256584149662	0.99145264597887	sample_2022120210026
HROV.vOTU53756	Responder_Status	Responder	-0.0661046807888817	0.705773487743793	0.926044084187742	0.991660976771206	sample_2022120210026
HROV.vOTU60668	Responder_Status	Responder	0.0600000093142446	0.641741303743876	0.926175636016868	0.991750668146869	sample_2022120210026
HROV.vOTU19658	Responder_Status	Responder	0.0576552082999631	0.621368304146342	0.926733117383164	0.991871229213944	sample_2022120210026
HROV.vOTU48171	Responder_Status	Responder	0.147092845193732	1.58714286463999	0.926819509622321	0.991871229213944	sample_2022120210026
HROV.vOTU18575	Responder_Status	Responder	0.055504411911917	0.596386314104182	0.926512377075745	0.991871229213944	sample_2022120210026
HROV.vOTU16677	Responder_Status	Responder	-0.0838490212837875	0.917457531278562	0.927831193541129	0.991907789474336	sample_2022120210026
HROV.vOTU06750	Responder_Status	Responder	0.0937851894070859	1.0276039058003	0.927931124724143	0.991907789474336	sample_2022120210026
HROV.vOTU64089	Responder_Status	Responder	0.0551634286816953	0.604789988599351	0.927974440454981	0.991907789474336	sample_2022120210026
HROV.vOTU74610	Responder_Status	Responder	0.0784644349174757	0.84972603159239	0.927084747759759	0.991907789474336	sample_2022120210026
HROV.vOTU56622	Responder_Status	Responder	-0.0983330045666617	1.08056704071718	0.92813946699252	0.991915808299504	sample_2022120210026
HROV.vOTU41534	Responder_Status	Responder	0.060349018102222	0.662692757727708	0.928088236582039	0.991915808299504	sample_2022120210026
HROV.vOTU56464	Responder_Status	Responder	-0.0796658613972222	0.882088588268753	0.928679856162327	0.992026101177261	sample_2022120210026
HROV.vOTU36027	Responder_Status	Responder	-0.0869782199944752	0.967015984973299	0.928971275715291	0.99223140663959	sample_2022120210026
HROV.vOTU20962	Responder_Status	Responder	-0.0796110563980402	0.888957617154462	0.929277970133114	0.99246064544043	sample_2022120210026
HROV.vOTU10296	Responder_Status	Responder	0.0517561883192044	0.580486456410571	0.929589428239299	0.992470829241747	sample_2022120210026
HROV.vOTU33099	Responder_Status	Responder	-0.0946238195700776	1.05995723296635	0.92950175223997	0.992470829241747	sample_2022120210026
HROV.vOTU39594	Responder_Status	Responder	0.0563483446176286	0.638124582321942	0.930264366293297	0.992755575246362	sample_2022120210026
HROV.vOTU17993	Responder_Status	Responder	0.0860937436377896	0.978496659745213	0.93051429012218	0.99290724244194	sample_2022120210026
HROV.vOTU41053	Responder_Status	Responder	0.0526053721619821	0.607763003884823	0.931640672815597	0.993143794550406	sample_2022120210026
HROV.vOTU34622	Responder_Status	Responder	0.0581651399708197	0.699887898758281	0.934358264058338	0.993225462419658	sample_2022120210026
HROV.vOTU72289	Responder_Status	Responder	-0.0728170048786923	0.881461855734718	0.93474989416807	0.993225462419658	sample_2022120210026
HROV.vOTU27575	Responder_Status	Responder	0.0787763940748841	0.926222253564833	0.932825853010894	0.993225462419658	sample_2022120210026
HROV.vOTU07216	Responder_Status	Responder	-0.0753149014365992	0.880020383794499	0.9324068542412	0.993225462419658	sample_2022120210026
HROV.vOTU17675	Responder_Status	Responder	-0.0329614715339543	0.394685173167643	0.934037597199004	0.993225462419658	sample_2022120210026
HROV.vOTU07230	Responder_Status	Responder	0.0514854620192667	0.611288566787029	0.933477265114678	0.993225462419658	sample_2022120210026
HROV.vOTU11253	Responder_Status	Responder	0.0217384146447743	0.256066069039818	0.932949949031986	0.993225462419658	sample_2022120210026
HROV.vOTU23000	Responder_Status	Responder	-0.129468581340366	1.5841779767193	0.93544599062935	0.993439160788709	sample_2022120210026
HROV.vOTU63440	Responder_Status	Responder	0.0943915683431122	1.16499158239008	0.935999733611353	0.993516396002778	sample_2022120210026
HROV.vOTU04498	Responder_Status	Responder	0.124057985817866	1.52741181071662	0.935843960413312	0.993516396002778	sample_2022120210026
HROV.vOTU18479	Responder_Status	Responder	-0.0574125448740552	0.709887145973411	0.936116214266842	0.993516396002778	sample_2022120210026
HROV.vOTU28313	Responder_Status	Responder	-0.0325344971056329	0.401522698815766	0.935996266249765	0.993516396002778	sample_2022120210026
HROV.vOTU29943	Responder_Status	Responder	0.0557967680389613	0.69417121717935	0.936507621337109	0.993564931329299	sample_2022120210026
HROV.vOTU55191	Responder_Status	Responder	-0.0566699471249952	0.714210595091046	0.937321581706404	0.993564931329299	sample_2022120210026
HROV.vOTU56568	Responder_Status	Responder	0.059783979353209	0.742408600988608	0.936390907963788	0.993564931329299	sample_2022120210026
HROV.vOTU49358	Responder_Status	Responder	0.0554825025376348	0.702319413609194	0.937595343571552	0.993564931329299	sample_2022120210026
HROV.vOTU26082	Responder_Status	Responder	-0.0792648705398965	1.00637691592021	0.93778164723298	0.993564931329299	sample_2022120210026
HROV.vOTU22787	Responder_Status	Responder	-0.0510108540267474	0.641010933699911	0.937138332140763	0.993564931329299	sample_2022120210026
HROV.vOTU14772	Responder_Status	Responder	0.0630497891723252	0.802630473888829	0.937946129766547	0.993571885768211	sample_2022120210026
HROV.vOTU05144	Responder_Status	Responder	0.0649645748893042	0.82938564815833	0.938123803148903	0.99357232111779	sample_2022120210026
HROV.vOTU42975	Responder_Status	Responder	0.0731043717893706	0.937966047621389	0.938430685961368	0.993682224953123	sample_2022120210026
HROV.vOTU48596	Responder_Status	Responder	-0.05408902234308	0.721209202212507	0.940749823226396	0.993682224953123	sample_2022120210026
HROV.vOTU24222	Responder_Status	Responder	0.0707219582013793	0.915003311904798	0.938941346043721	0.993682224953123	sample_2022120210026
HROV.vOTU50392	Responder_Status	Responder	-0.0598313805850842	0.833735191183319	0.94330063081994	0.993682224953123	sample_2022120210026
HROV.vOTU28487	Responder_Status	Responder	-0.0766797510610439	1.02811152453382	0.941076723279127	0.993682224953123	sample_2022120210026
HROV.vOTU27520	Responder_Status	Responder	0.0800974676606058	1.09469815826538	0.942192195397223	0.993682224953123	sample_2022120210026
HROV.vOTU68402	Responder_Status	Responder	0.0804619176549248	1.0781007797354	0.941037364953974	0.993682224953123	sample_2022120210026
HROV.vOTU19005	Responder_Status	Responder	0.043502385845047	0.602554766428763	0.942958726752602	0.993682224953123	sample_2022120210026
HROV.vOTU36921	Responder_Status	Responder	0.0393761855123057	0.538176157162326	0.942194216078708	0.993682224953123	sample_2022120210026
HROV.vOTU71058	Responder_Status	Responder	0.0412005124368252	0.549551370231352	0.940770727465809	0.993682224953123	sample_2022120210026
HROV.vOTU59060	Responder_Status	Responder	-0.0416777327801038	0.580684768212686	0.943292451093543	0.993682224953123	sample_2022120210026
HROV.vOTU23614	Responder_Status	Responder	-0.0461884574225668	0.645287744038113	0.94344651617868	0.993682224953123	sample_2022120210026
HROV.vOTU68446	Responder_Status	Responder	-0.0517931903598935	0.702566539974147	0.941757338603266	0.993682224953123	sample_2022120210026
HROV.vOTU12680	Responder_Status	Responder	-0.0393732243899709	0.547544935318182	0.943185788368122	0.993682224953123	sample_2022120210026
HROV.vOTU49542	Responder_Status	Responder	0.0620466205556191	0.870541896723222	0.943686692569875	0.993682224953123	sample_2022120210026
HROV.vOTU56004	Responder_Status	Responder	0.0343551547596066	0.466067771357674	0.941763009092208	0.993682224953123	sample_2022120210026
HROV.vOTU47637	Responder_Status	Responder	0.027796999493813	0.376666697121247	0.941696335577097	0.993682224953123	sample_2022120210026
HROV.vOTU60277	Responder_Status	Responder	0.0200741725460876	0.272111193727416	0.941716358003921	0.993682224953123	sample_2022120210026
HROV.vOTU25923	Responder_Status	Responder	-0.0287734260857993	0.38590101587114	0.941093622324931	0.993682224953123	sample_2022120210026
HROV.vOTU27284	Responder_Status	Responder	0.0268501849679865	0.358381881245801	0.940810607738228	0.993682224953123	sample_2022120210026
HROV.vOTU08028	Responder_Status	Responder	0.0771979562757633	1.09387222507865	0.944239169806367	0.993692329073689	sample_2022120210026
HROV.vOTU12643	Responder_Status	Responder	-0.029261560120676	0.422125554582367	0.945227950434959	0.993778824598208	sample_2022120210026
HROV.vOTU68572	Responder_Status	Responder	0.0882459123632417	1.29194549254752	0.946028557095511	0.993792017485796	sample_2022120210026
HROV.vOTU42631	Responder_Status	Responder	0.0658958616885162	0.963716647477967	0.945971655036085	0.993792017485796	sample_2022120210026
HROV.vOTU56596	Responder_Status	Responder	-0.0633997550192625	0.929016594100041	0.946076465381522	0.993792017485796	sample_2022120210026
HROV.vOTU14957	Responder_Status	Responder	0.0405502784329576	0.589436693614603	0.945641775942319	0.993792017485796	sample_2022120210026
HROV.vOTU08096	Responder_Status	Responder	0.048167257296362	0.711664836774679	0.946519387770016	0.993806837689971	sample_2022120210026
HROV.vOTU55195	Responder_Status	Responder	-0.0310633378156551	0.459092287574706	0.94653515822973	0.993806837689971	sample_2022120210026
HROV.vOTU41060	Responder_Status	Responder	0.0853650630546886	1.28156767609327	0.947365636929838	0.993984370883972	sample_2022120210026
HROV.vOTU53866	Responder_Status	Responder	0.0727291094154986	1.10190329583776	0.947844325480279	0.994096671696302	sample_2022120210026
HROV.vOTU31620	Responder_Status	Responder	0.0491152573324031	0.750007387825814	0.948252097378844	0.994452189457748	sample_2022120210026
HROV.vOTU24527	Responder_Status	Responder	-0.0228610152472126	0.356960754210695	0.949390631976164	0.994520323276073	sample_2022120210026
HROV.vOTU15726	Responder_Status	Responder	0.0176506205058159	0.275448677686093	0.94936220208012	0.994520323276073	sample_2022120210026
HROV.vOTU52407	Responder_Status	Responder	-0.0714055880646293	1.1241488316551	0.949803982265552	0.994761276275259	sample_2022120210026
HROV.vOTU21563	Responder_Status	Responder	-0.0566699815410398	0.895036524093402	0.949964859041289	0.994761276275259	sample_2022120210026
HROV.vOTU18825	Responder_Status	Responder	-0.0549401198257426	0.891892938801597	0.951319418830757	0.994841917451494	sample_2022120210026
HROV.vOTU47976	Responder_Status	Responder	-0.0311629436389556	0.521175936358273	0.952744819989855	0.994841917451494	sample_2022120210026
HROV.vOTU11370	Responder_Status	Responder	0.060957393843151	0.99755271668878	0.951708139110846	0.994841917451494	sample_2022120210026
HROV.vOTU61668	Responder_Status	Responder	0.056767720275732	0.901774250213504	0.950252657213752	0.994841917451494	sample_2022120210026
HROV.vOTU47224	Responder_Status	Responder	-0.0633565634763651	1.0422115142614	0.951957893533031	0.994841917451494	sample_2022120210026
HROV.vOTU62225	Responder_Status	Responder	-0.0571055072588362	0.922346753118307	0.951071743098423	0.994841917451494	sample_2022120210026
HROV.vOTU71472	Responder_Status	Responder	-0.0730911187120302	1.21543224402297	0.952474567034898	0.994841917451494	sample_2022120210026
HROV.vOTU51612	Responder_Status	Responder	0.0471559859902673	0.749814006580859	0.950300717403115	0.994841917451494	sample_2022120210026
HROV.vOTU20224	Responder_Status	Responder	0.0156198329914258	0.249246860394907	0.95047601109419	0.994841917451494	sample_2022120210026
HROV.vOTU34340	Responder_Status	Responder	0.0179207404020183	0.298322638324248	0.95252526574015	0.994841917451494	sample_2022120210026
HROV.vOTU72513	Responder_Status	Responder	-0.02309900162534	0.378512262410956	0.951772205225606	0.994841917451494	sample_2022120210026
HROV.vOTU02637	Responder_Status	Responder	-0.037185416845026	0.599631925551221	0.950992454966018	0.994841917451494	sample_2022120210026
HROV.vOTU19568	Responder_Status	Responder	0.0434689197025188	0.72967584137972	0.952918948305102	0.994841917451494	sample_2022120210026
HROV.vOTU31651	Responder_Status	Responder	0.0898999924112567	1.5197700715722	0.953249875411923	0.994866457841133	sample_2022120210026
HROV.vOTU17933	Responder_Status	Responder	0.0507929608406395	0.877085584049832	0.954230785261042	0.995130688560862	sample_2022120210026
HROV.vOTU34831	Responder_Status	Responder	-0.0588138638279719	1.0172524388924	0.954305524413412	0.995130688560862	sample_2022120210026
HROV.vOTU58942	Responder_Status	Responder	0.0290970763831533	0.505443878501994	0.954502106326784	0.995172279483507	sample_2022120210026
HROV.vOTU07267	Responder_Status	Responder	0.0532639207952699	0.929538648932075	0.954712030719641	0.995248236422683	sample_2022120210026
HROV.vOTU60071	Responder_Status	Responder	0.0599636707877514	1.05233905846907	0.954964765373071	0.995404575349939	sample_2022120210026
HROV.vOTU35490	Responder_Status	Responder	-0.0239139214223315	0.419656784444899	0.954962276446764	0.995404575349939	sample_2022120210026
HROV.vOTU72910	Responder_Status	Responder	0.0673925907057785	1.18540566985669	0.95506692259437	0.995461053035623	sample_2022120210026
HROV.vOTU41690	Responder_Status	Responder	-0.0330160766537872	0.582707174806994	0.955218591956657	0.995550919525417	sample_2022120210026
HROV.vOTU46797	Responder_Status	Responder	0.0322170672908635	0.570763662932233	0.955387747686012	0.995550919525417	sample_2022120210026
HROV.vOTU64000	Responder_Status	Responder	0.0304919596976663	0.542933165349443	0.955611974802163	0.995639911419609	sample_2022120210026
HROV.vOTU47867	Responder_Status	Responder	-0.0597608825953518	1.07222204366526	0.955948297119793	0.995658482032662	sample_2022120210026
HROV.vOTU53087	Responder_Status	Responder	0.0990086236896579	1.78367695806907	0.956127826874918	0.99566136831842	sample_2022120210026
HROV.vOTU33368	Responder_Status	Responder	-0.0496783974833007	0.898097642505434	0.956280221807775	0.995702800619636	sample_2022120210026
HROV.vOTU24122	Responder_Status	Responder	-0.0363172152593734	0.659075592001978	0.956447509658858	0.995739615610242	sample_2022120210026
HROV.vOTU68836	Responder_Status	Responder	-0.0415994875303403	0.764286409308227	0.956979737367577	0.995829395179095	sample_2022120210026
HROV.vOTU41050	Responder_Status	Responder	-0.072462448213796	1.34522707396703	0.957424163939649	0.996116696838534	sample_2022120210026
HROV.vOTU02552	Responder_Status	Responder	-0.0565453200790944	1.08853790664349	0.958940456551513	0.996158069907731	sample_2022120210026
HROV.vOTU08868	Responder_Status	Responder	-0.0652928142662875	1.24518831393925	0.958553532068691	0.996158069907731	sample_2022120210026
HROV.vOTU33866	Responder_Status	Responder	0.0441812779418449	0.826997051466333	0.957773639410704	0.996158069907731	sample_2022120210026
HROV.vOTU04280	Responder_Status	Responder	-0.058451608801157	1.12968748524624	0.959102124494763	0.996214100378752	sample_2022120210026
HROV.vOTU54565	Responder_Status	Responder	0.0602244207805021	1.18509204434203	0.959831072130327	0.996322898784607	sample_2022120210026
HROV.vOTU20399	Responder_Status	Responder	-0.0258067672954832	0.508893990714349	0.959915470762951	0.996340218644486	sample_2022120210026
HROV.vOTU46144	Responder_Status	Responder	0.0346885187227849	0.692696735103277	0.960416161423566	0.996581254665149	sample_2022120210026
HROV.vOTU26492	Responder_Status	Responder	0.0382313702545095	0.777432253001187	0.961127783552743	0.996842437917386	sample_2022120210026
HROV.vOTU42326	Responder_Status	Responder	-0.0319296866999284	0.64884473649682	0.961101252471615	0.996842437917386	sample_2022120210026
HROV.vOTU07672	Responder_Status	Responder	0.0448564890999203	0.95261024461877	0.962777366886717	0.996912028159162	sample_2022120210026
HROV.vOTU70483	Responder_Status	Responder	-0.0354604397171671	0.746072275761297	0.962428620170939	0.996912028159162	sample_2022120210026
HROV.vOTU07559	Responder_Status	Responder	-0.0476106741429274	1.0163274952079	0.962968660498074	0.996912028159162	sample_2022120210026
HROV.vOTU25762	Responder_Status	Responder	-0.0322464869450827	0.669609880558645	0.961932883244192	0.996912028159162	sample_2022120210026
HROV.vOTU30080	Responder_Status	Responder	0.0214668029863429	0.442072299935827	0.961615085211296	0.996912028159162	sample_2022120210026
HROV.vOTU52850	Responder_Status	Responder	-0.0208780193579597	0.444866521383187	0.962901381357755	0.996912028159162	sample_2022120210026
HROV.vOTU28892	Responder_Status	Responder	-0.0717300667410102	1.5385463620501	0.963145461200938	0.996920652462686	sample_2022120210026
HROV.vOTU34282	Responder_Status	Responder	0.0454541419406379	0.985203912747845	0.963528716935816	0.996946449308154	sample_2022120210026
HROV.vOTU05157	Responder_Status	Responder	0.0353728591847752	0.765230342637749	0.963458945340529	0.996946449308154	sample_2022120210026
HROV.vOTU48734	Responder_Status	Responder	0.0185332400013112	0.401823054067402	0.963539694609275	0.996946449308154	sample_2022120210026
HROV.vOTU29403	Responder_Status	Responder	0.0410903380680087	0.909090822460226	0.964269214498992	0.997192648468395	sample_2022120210026
HROV.vOTU50866	Responder_Status	Responder	0.0193082111173756	0.426877532439512	0.964244023101095	0.997192648468395	sample_2022120210026
HROV.vOTU27652	Responder_Status	Responder	-0.0285388134331737	0.62644695199187	0.963986999685499	0.997192648468395	sample_2022120210026
HROV.vOTU53401	Responder_Status	Responder	-0.0491385550456574	1.11055829720605	0.965021794145172	0.997357982623506	sample_2022120210026
HROV.vOTU43115	Responder_Status	Responder	0.0263153999315618	0.594687051717018	0.965018536599103	0.997357982623506	sample_2022120210026
HROV.vOTU59157	Responder_Status	Responder	-0.0365739521196033	0.953281468409855	0.969667817583886	0.997375067541567	sample_2022120210026
HROV.vOTU75949	Responder_Status	Responder	-0.0361737942418846	0.834499981188242	0.965731890785202	0.997375067541567	sample_2022120210026
HROV.vOTU09082	Responder_Status	Responder	-0.01828466218762	0.458394040318394	0.9684650629452	0.997375067541567	sample_2022120210026
HROV.vOTU20840	Responder_Status	Responder	0.03819313317972	0.904773814822033	0.966628559661755	0.997375067541567	sample_2022120210026
HROV.vOTU03672	Responder_Status	Responder	0.0258280920621541	0.621325743343091	0.967137037876135	0.997375067541567	sample_2022120210026
HROV.vOTU62704	Responder_Status	Responder	-0.0346964330345066	0.790820338335388	0.965316256162811	0.997375067541567	sample_2022120210026
HROV.vOTU18787	Responder_Status	Responder	-0.0313984798033062	0.759215161737859	0.967305191306873	0.997375067541567	sample_2022120210026
HROV.vOTU56498	Responder_Status	Responder	0.0319209363549084	0.759048127363141	0.966754183709309	0.997375067541567	sample_2022120210026
HROV.vOTU01193	Responder_Status	Responder	0.0373171659739798	0.869503897537202	0.966071683454251	0.997375067541567	sample_2022120210026
HROV.vOTU04933	Responder_Status	Responder	-0.0376679071507565	0.88628518041916	0.966401037831096	0.997375067541567	sample_2022120210026
HROV.vOTU06783	Responder_Status	Responder	0.0302895489350817	0.758068136018159	0.968411562197244	0.997375067541567	sample_2022120210026
HROV.vOTU30434	Responder_Status	Responder	-0.0331667644030581	0.811739475278603	0.96769836116577	0.997375067541567	sample_2022120210026
HROV.vOTU60666	Responder_Status	Responder	0.0310389515630706	0.768781054257712	0.96808128203955	0.997375067541567	sample_2022120210026
HROV.vOTU25943	Responder_Status	Responder	0.0202243558864387	0.526400612075166	0.969625375212935	0.997375067541567	sample_2022120210026
HROV.vOTU41896	Responder_Status	Responder	0.0138695544259415	0.350641093454509	0.968728718865646	0.997375067541567	sample_2022120210026
HROV.vOTU63062	Responder_Status	Responder	-0.0187188289889474	0.470055057762726	0.968517128965113	0.997375067541567	sample_2022120210026
HROV.vOTU38448	Responder_Status	Responder	0.0320597481646645	0.750677142668227	0.966237589013158	0.997375067541567	sample_2022120210026
HROV.vOTU73667	Responder_Status	Responder	-0.0171933793169588	0.414338718689177	0.967195009879145	0.997375067541567	sample_2022120210026
HROV.vOTU66180	Responder_Status	Responder	0.0380898614845138	0.891726828751949	0.966232099956462	0.997375067541567	sample_2022120210026
HROV.vOTU64208	Responder_Status	Responder	-0.0414547365202876	1.09053006914673	0.96994674940216	0.997442514128993	sample_2022120210026
HROV.vOTU70245	Responder_Status	Responder	-0.0441760414947528	1.19981130042069	0.970890450406991	0.997572270891446	sample_2022120210026
HROV.vOTU36712	Responder_Status	Responder	-0.0169630899191251	0.455736949185869	0.970572719513843	0.997572270891446	sample_2022120210026
HROV.vOTU03278	Responder_Status	Responder	-0.00902834318484748	0.247985853976466	0.971216403917086	0.997572270891446	sample_2022120210026
HROV.vOTU17571	Responder_Status	Responder	-0.0127263826309585	0.339514816386977	0.970365051368171	0.997572270891446	sample_2022120210026
HROV.vOTU16733	Responder_Status	Responder	0.0369252482220699	0.997146406147947	0.970723108751751	0.997572270891446	sample_2022120210026
HROV.vOTU04737	Responder_Status	Responder	-0.0281365822240409	0.769766718995835	0.971101498931132	0.997572270891446	sample_2022120210026
HROV.vOTU05258	Responder_Status	Responder	-0.0271792583990336	0.743209691975105	0.971087260418187	0.997572270891446	sample_2022120210026
HROV.vOTU10232	Responder_Status	Responder	0.0124254213599057	0.341065562778262	0.971197046681667	0.997572270891446	sample_2022120210026
HROV.vOTU29058	Responder_Status	Responder	0.0253118056353183	0.988454858062767	0.979752081444073	0.997613858123961	sample_2022120210026
HROV.vOTU61871	Responder_Status	Responder	-0.0304634872013664	0.886494870474005	0.972830720286201	0.997613858123961	sample_2022120210026
HROV.vOTU43692	Responder_Status	Responder	-0.0273304893445977	1.07316579756285	0.979862979124013	0.997613858123961	sample_2022120210026
HROV.vOTU57265	Responder_Status	Responder	-0.0367962775066844	1.32906394240462	0.978109090504247	0.997613858123961	sample_2022120210026
HROV.vOTU02356	Responder_Status	Responder	-0.027836820250507	0.833181762511343	0.973584462593649	0.997613858123961	sample_2022120210026
HROV.vOTU01077	Responder_Status	Responder	-0.0247984761932886	0.769346199437214	0.974514770157249	0.997613858123961	sample_2022120210026
HROV.vOTU13101	Responder_Status	Responder	0.0218682254081949	0.716303819706056	0.975861534247007	0.997613858123961	sample_2022120210026
HROV.vOTU13294	Responder_Status	Responder	0.0114392447768238	0.426470396870447	0.978791117612543	0.997613858123961	sample_2022120210026
HROV.vOTU06011	Responder_Status	Responder	-0.0198066583335617	0.567862847173683	0.972423457403848	0.997613858123961	sample_2022120210026
HROV.vOTU47931	Responder_Status	Responder	0.0404158030419754	1.27621973958231	0.974961181494206	0.997613858123961	sample_2022120210026
HROV.vOTU25148	Responder_Status	Responder	-0.0357996286869618	1.04611600708191	0.972943342567477	0.997613858123961	sample_2022120210026
HROV.vOTU01491	Responder_Status	Responder	0.0287600353051146	0.924238319974659	0.975396544129666	0.997613858123961	sample_2022120210026
HROV.vOTU15261	Responder_Status	Responder	0.0400675274970189	1.18810045802892	0.97333648616701	0.997613858123961	sample_2022120210026
HROV.vOTU73171	Responder_Status	Responder	0.026893945580196	0.794325868355205	0.973230938789389	0.997613858123961	sample_2022120210026
HROV.vOTU11316	Responder_Status	Responder	-0.0306937368946861	0.864758213624882	0.971937659549142	0.997613858123961	sample_2022120210026
HROV.vOTU14274	Responder_Status	Responder	-0.0214570610336308	0.836524969154938	0.979718257615823	0.997613858123961	sample_2022120210026
HROV.vOTU29180	Responder_Status	Responder	0.0201853509312893	0.842616215986027	0.981057960971498	0.997613858123961	sample_2022120210026
HROV.vOTU18057	Responder_Status	Responder	-0.0139708277539458	0.458531804902142	0.975909470881791	0.997613858123961	sample_2022120210026
HROV.vOTU59223	Responder_Status	Responder	0.0246866716596126	0.874893652056372	0.977689420733159	0.997613858123961	sample_2022120210026
HROV.vOTU40575	Responder_Status	Responder	0.0329911719439386	1.03452277520483	0.974785828205621	0.997613858123961	sample_2022120210026
HROV.vOTU33134	Responder_Status	Responder	-0.0337872497318046	1.16157790294481	0.977001244753374	0.997613858123961	sample_2022120210026
HROV.vOTU09006	Responder_Status	Responder	0.0177164530874259	0.689998689550255	0.97969783526498	0.997613858123961	sample_2022120210026
HROV.vOTU65619	Responder_Status	Responder	-0.0328698449811568	1.36657130776314	0.980981106628606	0.997613858123961	sample_2022120210026
HROV.vOTU20731	Responder_Status	Responder	0.0223149596461807	0.712689202135187	0.975243702575726	0.997613858123961	sample_2022120210026
HROV.vOTU02943	Responder_Status	Responder	0.0198524702363447	0.828844656925976	0.981060798704736	0.997613858123961	sample_2022120210026
HROV.vOTU14738	Responder_Status	Responder	-0.0360278646651598	1.09558251077885	0.973999863730009	0.997613858123961	sample_2022120210026
HROV.vOTU42350	Responder_Status	Responder	-0.0258199799727539	0.84381471413789	0.975806323187687	0.997613858123961	sample_2022120210026
HROV.vOTU74481	Responder_Status	Responder	0.0158438304806728	0.53354033395056	0.976520433088123	0.997613858123961	sample_2022120210026
HROV.vOTU63177	Responder_Status	Responder	-0.0285940434420792	0.884528654633901	0.97444072181665	0.997613858123961	sample_2022120210026
HROV.vOTU19110	Responder_Status	Responder	0.013148175505507	0.48940916433329	0.978757650709464	0.997613858123961	sample_2022120210026
HROV.vOTU06580	Responder_Status	Responder	-0.0160501583527385	0.585747866134909	0.978334157697341	0.997613858123961	sample_2022120210026
HROV.vOTU02898	Responder_Status	Responder	-0.0216747374479942	0.682554649186637	0.974892464791488	0.997613858123961	sample_2022120210026
HROV.vOTU49708	Responder_Status	Responder	0.0140417398741371	0.428894392274928	0.974114684521572	0.997613858123961	sample_2022120210026
HROV.vOTU37450	Responder_Status	Responder	0.00747327090863027	0.23203326443409	0.974534865713012	0.997613858123961	sample_2022120210026
HROV.vOTU49930	Responder_Status	Responder	0.0262233411599217	0.780140262060227	0.973423738273095	0.997613858123961	sample_2022120210026
HROV.vOTU48671	Responder_Status	Responder	0.0103058968336445	0.382879681363905	0.978717021113484	0.997613858123961	sample_2022120210026
HROV.vOTU43081	Responder_Status	Responder	0.0104128469297951	0.425416008336965	0.980645854614887	0.997613858123961	sample_2022120210026
HROV.vOTU40204	Responder_Status	Responder	-0.0370083434675376	1.11920850545077	0.973856126264045	0.997613858123961	sample_2022120210026
HROV.vOTU56015	Responder_Status	Responder	-0.0174013903888856	0.695017653785095	0.980202772350794	0.997613858123961	sample_2022120210026
HROV.vOTU35278	Responder_Status	Responder	-0.0130629555506222	0.400104458912966	0.974186231657289	0.997613858123961	sample_2022120210026
HROV.vOTU75686	Responder_Status	Responder	0.0109703332821023	0.504216656754375	0.982795961642449	0.997825236412698	sample_2022120210026
HROV.vOTU71313	Responder_Status	Responder	0.018679591647657	0.846043026495521	0.982541712548698	0.997825236412698	sample_2022120210026
HROV.vOTU42785	Responder_Status	Responder	0.0178798216274105	0.788063914165661	0.982059836069194	0.997825236412698	sample_2022120210026
HROV.vOTU11782	Responder_Status	Responder	-0.00627868418313807	0.288279171427206	0.982778020484995	0.997825236412698	sample_2022120210026
HROV.vOTU02911	Responder_Status	Responder	0.0159167902809859	0.707817907934241	0.98221887251211	0.997825236412698	sample_2022120210026
HROV.vOTU22511	Responder_Status	Responder	-0.0270853928705649	1.29507436523557	0.983462460374791	0.997913597990666	sample_2022120210026
HROV.vOTU45112	Responder_Status	Responder	0.0230519964770678	1.08286293207986	0.9831668908371	0.997913597990666	sample_2022120210026
HROV.vOTU12665	Responder_Status	Responder	-0.0222415920760309	1.0660927101958	0.983503131061356	0.997913597990666	sample_2022120210026
HROV.vOTU24598	Responder_Status	Responder	0.0170264651782191	0.805182895918482	0.983279098523341	0.997913597990666	sample_2022120210026
HROV.vOTU66575	Responder_Status	Responder	-0.0199565707184709	1.02230391376273	0.984563793500431	0.997989048135369	sample_2022120210026
HROV.vOTU25063	Responder_Status	Responder	0.00963486058873074	0.527040730347316	0.985544288982011	0.997989048135369	sample_2022120210026
HROV.vOTU31882	Responder_Status	Responder	0.0197592114823383	1.01445902029011	0.984598255429056	0.997989048135369	sample_2022120210026
HROV.vOTU05982	Responder_Status	Responder	0.0122068989821557	0.642046785244627	0.984965990095545	0.997989048135369	sample_2022120210026
HROV.vOTU68816	Responder_Status	Responder	0.0217540646170358	1.07828539025529	0.984047107584654	0.997989048135369	sample_2022120210026
HROV.vOTU03737	Responder_Status	Responder	0.00853001488530424	0.416503281904264	0.983805662961053	0.997989048135369	sample_2022120210026
HROV.vOTU52078	Responder_Status	Responder	-0.015086725202041	0.774281257728834	0.984592540770558	0.997989048135369	sample_2022120210026
HROV.vOTU33001	Responder_Status	Responder	-0.0130538280591809	0.779367851029735	0.98675543724628	0.998139163872746	sample_2022120210026
HROV.vOTU31478	Responder_Status	Responder	0.0120861287394522	0.718872113361674	0.986705327471285	0.998139163872746	sample_2022120210026
HROV.vOTU70449	Responder_Status	Responder	0.0168585200936814	0.9778782510408	0.98636749595609	0.998139163872746	sample_2022120210026
HROV.vOTU10480	Responder_Status	Responder	0.0170763780303604	0.994928622824213	0.986427963874512	0.998139163872746	sample_2022120210026
HROV.vOTU32394	Responder_Status	Responder	-0.0106972504937696	0.631761287560811	0.986610606118906	0.998139163872746	sample_2022120210026
HROV.vOTU54487	Responder_Status	Responder	-0.0113953664421204	0.674433626567014	0.986639247049646	0.998139163872746	sample_2022120210026
HROV.vOTU28075	Responder_Status	Responder	0.00734411924578744	0.439449551574302	0.986784822158659	0.998139163872746	sample_2022120210026
HROV.vOTU05670	Responder_Status	Responder	0.0106531530861982	0.617020165605342	0.986347263193487	0.998139163872746	sample_2022120210026
HROV.vOTU39652	Responder_Status	Responder	0.014857010449969	0.901711454896663	0.986971130142136	0.998186674485049	sample_2022120210026
HROV.vOTU16598	Responder_Status	Responder	-0.00691662248622848	0.437146308455871	0.987488431872841	0.998313518214931	sample_2022120210026
HROV.vOTU01091	Responder_Status	Responder	-0.0157053192415499	1.02481683131131	0.98788157531126	0.998438468596624	sample_2022120210026
HROV.vOTU42657	Responder_Status	Responder	0.0187636335777427	1.44041465597267	0.989698986749082	0.998559871360429	sample_2022120210026
HROV.vOTU17241	Responder_Status	Responder	-0.0109832299183844	0.810444122315047	0.989283413221243	0.998559871360429	sample_2022120210026
HROV.vOTU53343	Responder_Status	Responder	0.00996140526217342	0.742587347348511	0.989392260914884	0.998559871360429	sample_2022120210026
HROV.vOTU58365	Responder_Status	Responder	-0.0125137293631067	0.988360405852469	0.989987958133899	0.998559871360429	sample_2022120210026
HROV.vOTU18958	Responder_Status	Responder	-0.012157119692601	0.87062583731199	0.988957999075963	0.998559871360429	sample_2022120210026
HROV.vOTU72573	Responder_Status	Responder	-0.00951443708051259	0.665712642054116	0.988698287991324	0.998559871360429	sample_2022120210026
HROV.vOTU07424	Responder_Status	Responder	0.00732045073292396	0.599627759655986	0.990345980450962	0.998655869574714	sample_2022120210026
HROV.vOTU01200	Responder_Status	Responder	0.00679630614486486	0.558538580189535	0.99037785465583	0.998655869574714	sample_2022120210026
HROV.vOTU57308	Responder_Status	Responder	-0.0119222755529062	0.963745422996848	0.990217528093489	0.998655869574714	sample_2022120210026
HROV.vOTU53048	Responder_Status	Responder	0.00435001165882936	0.359754302172886	0.990438264645344	0.998668253627041	sample_2022120210026
HROV.vOTU64056	Responder_Status	Responder	-0.00502745483117168	0.659215515106835	0.993969134372551	0.998848534618979	sample_2022120210026
HROV.vOTU21560	Responder_Status	Responder	-0.0114053988515905	1.20622975334268	0.992522834500276	0.998848534618979	sample_2022120210026
HROV.vOTU17325	Responder_Status	Responder	0.00939840652970312	1.101817771432	0.993254684709185	0.998848534618979	sample_2022120210026
HROV.vOTU67333	Responder_Status	Responder	0.0073942272417887	0.889393705466823	0.993425589531595	0.998848534618979	sample_2022120210026
HROV.vOTU08500	Responder_Status	Responder	0.00921136401684678	0.84407807677122	0.991370300920035	0.998848534618979	sample_2022120210026
HROV.vOTU47235	Responder_Status	Responder	0.0052006481983221	0.597368146045473	0.99311549072748	0.998848534618979	sample_2022120210026
HROV.vOTU58773	Responder_Status	Responder	0.0142181389501347	1.26496562190722	0.991111718194485	0.998848534618979	sample_2022120210026
HROV.vOTU41338	Responder_Status	Responder	-0.00531991911027985	0.606200720207255	0.993060214254912	0.998848534618979	sample_2022120210026
HROV.vOTU29160	Responder_Status	Responder	-0.00458927861779063	0.582090398467652	0.993765342732054	0.998848534618979	sample_2022120210026
HROV.vOTU60079	Responder_Status	Responder	0.00663883920236235	0.719633390465008	0.992704791330012	0.998848534618979	sample_2022120210026
HROV.vOTU57650	Responder_Status	Responder	-0.00456281634341976	0.583145637909019	0.993812508395052	0.998848534618979	sample_2022120210026
HROV.vOTU52059	Responder_Status	Responder	-0.00564710596083367	0.533816307387348	0.991634556588491	0.998848534618979	sample_2022120210026
HROV.vOTU42036	Responder_Status	Responder	0.00785695586250782	0.721864674868061	0.991392978300359	0.998848534618979	sample_2022120210026
HROV.vOTU07631	Responder_Status	Responder	0.0113008821579047	1.03513350496464	0.991366829850499	0.998848534618979	sample_2022120210026
HROV.vOTU69300	Responder_Status	Responder	-0.0150421413141404	1.40751841873446	0.991548957791313	0.998848534618979	sample_2022120210026
HROV.vOTU52324	Responder_Status	Responder	0.00395269623214192	0.410420283114125	0.992384105383502	0.998848534618979	sample_2022120210026
HROV.vOTU12405	Responder_Status	Responder	-0.00737565144052476	0.663976687468475	0.991215813294547	0.998848534618979	sample_2022120210026
HROV.vOTU27473	Responder_Status	Responder	-0.0019714070670207	0.267987570488707	0.994182708106324	0.998848534618979	sample_2022120210026
HROV.vOTU09705	Responder_Status	Responder	0.00331981931993871	0.357884207826524	0.992664516956301	0.998848534618979	sample_2022120210026
HROV.vOTU25898	Responder_Status	Responder	0.00215943897168106	0.324690080282506	0.994740652660536	0.999001575163872	sample_2022120210026
HROV.vOTU49746	Responder_Status	Responder	-0.00815525922487889	1.38024191863995	0.995327565788	0.999001575163872	sample_2022120210026
HROV.vOTU10675	Responder_Status	Responder	-0.00595009031085411	1.02393359230284	0.995404714591849	0.999001575163872	sample_2022120210026
HROV.vOTU15595	Responder_Status	Responder	0.00420207419173473	0.838831945493947	0.996038586944458	0.999265129773123	sample_2022120210026
HROV.vOTU26676	Responder_Status	Responder	0.00605119011566197	1.24376633021393	0.996152634178268	0.999331229897459	sample_2022120210026
HROV.vOTU68660	Responder_Status	Responder	-0.00341723527196125	0.896198290470878	0.996984683289326	0.99961942167381	sample_2022120210026
HROV.vOTU52432	Responder_Status	Responder	0.00326048561718227	0.893327976255762	0.997113752229794	0.99961942167381	sample_2022120210026
HROV.vOTU49325	Responder_Status	Responder	0.00259425951726977	0.67164825972611	0.996945545489405	0.99961942167381	sample_2022120210026
HROV.vOTU09662	Responder_Status	Responder	-0.00245855266450381	0.673749283473466	0.99711435131588	0.99961942167381	sample_2022120210026
HROV.vOTU56302	Responder_Status	Responder	0.00150765578172505	0.437643486626947	0.997275767976557	0.999633468061388	sample_2022120210026
HROV.vOTU70430	Responder_Status	Responder	-0.00330177204853461	1.04641091112135	0.997504788656845	0.999672753664792	sample_2022120210026
HROV.vOTU67786	Responder_Status	Responder	-0.00313196418820234	1.11641261322432	0.997781524084133	0.999847064103714	sample_2022120210026
HROV.vOTU17996	Responder_Status	Responder	-0.00169983779085727	0.95524831172997	0.9985928052074	0.999874318717628	sample_2022120210026
HROV.vOTU39607	Responder_Status	Responder	0.00235698586388091	1.1560759474442	0.998387745655706	0.999874318717628	sample_2022120210026
HROV.vOTU49421	Responder_Status	Responder	0.000916081355021989	0.957671412291741	0.999243549163739	0.999874318717628	sample_2022120210026
HROV.vOTU54255	Responder_Status	Responder	0.00233494399188928	1.16426019560102	0.99841405043712	0.999874318717628	sample_2022120210026
HROV.vOTU39185	Responder_Status	Responder	-0.00217433374067343	0.924453157170347	0.998140037724753	0.999874318717628	sample_2022120210026
HROV.vOTU02036	Responder_Status	Responder	0.000114963145226298	0.436087935448406	0.99979152796053	0.999874318717628	sample_2022120210026
HROV.vOTU05590	Responder_Status	Responder	0.000229214027477775	0.316395732151947	0.999427106636473	0.999874318717628	sample_2022120210026
