feature	metadata	value	coef	stderr	pval	qval	holdout
HROV.vOTU20811	Responder_Status	Responder	3.8400254583504	0.749830976094353	1.99121087910168e-05	0.0276579191107223	sample_2022120210049
HROV.vOTU03764	Responder_Status	Responder	-2.67974969299182	0.56078725041617	5.08093063011296e-05	0.053047459810455	sample_2022120210049
HROV.vOTU35149	Responder_Status	Responder	-1.15348236525925	0.268022985914175	0.000185250254013202	0.126866257471994	sample_2022120210049
HROV.vOTU75944	Responder_Status	Responder	-1.69700804828412	0.396016773501429	0.000194763042073033	0.126866257471994	sample_2022120210049
HROV.vOTU07618	Responder_Status	Responder	-3.7006181323727	0.874861889281008	0.000226183628748431	0.136266942068431	sample_2022120210049
HROV.vOTU72475	Responder_Status	Responder	-2.62043587438923	0.625388244959122	0.000251909276748769	0.14579249391835	sample_2022120210049
HROV.vOTU41492	Responder_Status	Responder	2.91083548814867	0.717892360513375	0.000362824886228011	0.184376987916112	sample_2022120210049
HROV.vOTU66954	Responder_Status	Responder	-2.51501557410329	0.643498594395535	0.000536980861392534	0.211047262599041	sample_2022120210049
HROV.vOTU50963	Responder_Status	Responder	-2.45053225668057	0.668807830523562	0.00102634013910141	0.254569009502119	sample_2022120210049
HROV.vOTU09867	Responder_Status	Responder	-0.791040470078486	0.215756534797255	0.00102007490839126	0.254569009502119	sample_2022120210049
HROV.vOTU46906	Responder_Status	Responder	-3.7081968163487	1.01745596081114	0.00108021613474637	0.258693139855639	sample_2022120210049
HROV.vOTU26732	Responder_Status	Responder	-3.34809865654285	0.933413895848349	0.00125652147382666	0.284561140295418	sample_2022120210049
HROV.vOTU20963	Responder_Status	Responder	-3.32674721508329	0.944114828945674	0.00148228232734624	0.310558054976784	sample_2022120210049
HROV.vOTU01981	Responder_Status	Responder	2.59447408428093	0.74106665530691	0.00157237915443205	0.312274048436558	sample_2022120210049
HROV.vOTU66335	Responder_Status	Responder	-3.56053561660664	1.03877535712866	0.00190188780612497	0.319329053628001	sample_2022120210049
HROV.vOTU64653	Responder_Status	Responder	-1.76454010369094	0.510275340973713	0.00175802069510894	0.319329053628001	sample_2022120210049
HROV.vOTU70612	Responder_Status	Responder	-1.40649202006325	0.419310436864778	0.00229750280757372	0.337101908421116	sample_2022120210049
HROV.vOTU08997	Responder_Status	Responder	-2.32389059779655	0.693960753645356	0.00233055922933184	0.338413322416527	sample_2022120210049
HROV.vOTU29861	Responder_Status	Responder	-2.52513032499164	0.769725603001569	0.00277483243540222	0.34774047474755	sample_2022120210049
HROV.vOTU28638	Responder_Status	Responder	-2.52492807821457	0.768251221050472	0.00273244409469304	0.34774047474755	sample_2022120210049
HROV.vOTU45963	Responder_Status	Responder	-1.82598144677862	0.554736320113566	0.00269758573982458	0.34774047474755	sample_2022120210049
HROV.vOTU23447	Responder_Status	Responder	-2.71572482964737	0.861137215991825	0.00382779495960815	0.373113270273049	sample_2022120210049
HROV.vOTU71115	Responder_Status	Responder	-3.25257822706723	1.03317709430231	0.00388132825799045	0.373113270273049	sample_2022120210049
HROV.vOTU45175	Responder_Status	Responder	2.4337086940987	0.794146242084075	0.00478519474941643	0.373113270273049	sample_2022120210049
HROV.vOTU32053	Responder_Status	Responder	-1.76923631316387	0.572540942731053	0.00448903473263292	0.373113270273049	sample_2022120210049
HROV.vOTU57623	Responder_Status	Responder	2.02222299923624	0.661043544355445	0.00485030417825623	0.373113270273049	sample_2022120210049
HROV.vOTU38705	Responder_Status	Responder	2.38709187262022	0.769439937442183	0.00435376647565015	0.373113270273049	sample_2022120210049
HROV.vOTU30890	Responder_Status	Responder	-2.48663332520294	0.794342473802587	0.00405798106382721	0.373113270273049	sample_2022120210049
HROV.vOTU09864	Responder_Status	Responder	-1.79569581638173	0.567871052505245	0.00374665231847975	0.373113270273049	sample_2022120210049
HROV.vOTU70406	Responder_Status	Responder	-1.92855830385653	0.617717956210505	0.00414405760270587	0.373113270273049	sample_2022120210049
HROV.vOTU56294	Responder_Status	Responder	-2.15360295415198	0.692481198065141	0.00427161422749948	0.373113270273049	sample_2022120210049
HROV.vOTU15473	Responder_Status	Responder	2.79267385857507	0.91547329955669	0.00495545793000539	0.374679073799193	sample_2022120210049
HROV.vOTU39537	Responder_Status	Responder	-1.69927184771284	0.558247666830485	0.00503732445667648	0.374987929760738	sample_2022120210049
HROV.vOTU01892	Responder_Status	Responder	-3.93166052708295	1.29679815311332	0.00519133473462235	0.375833815874079	sample_2022120210049
HROV.vOTU71826	Responder_Status	Responder	-2.04639266109128	0.678783793026143	0.00541535328074994	0.376096285348083	sample_2022120210049
HROV.vOTU64982	Responder_Status	Responder	-2.95924063567223	0.989892628550749	0.00576575986637482	0.384360148969712	sample_2022120210049
HROV.vOTU09923	Responder_Status	Responder	-2.86855053733411	0.956172703878889	0.00561692781449913	0.384360148969712	sample_2022120210049
HROV.vOTU74504	Responder_Status	Responder	-0.772651863081431	0.257850230915064	0.00566604207243995	0.384360148969712	sample_2022120210049
HROV.vOTU74082	Responder_Status	Responder	-3.31024896575473	1.11095856710213	0.00590732168808116	0.384391302464835	sample_2022120210049
HROV.vOTU13507	Responder_Status	Responder	-1.85865580949694	0.626318480359754	0.00608539828726343	0.385261261597403	sample_2022120210049
HROV.vOTU61707	Responder_Status	Responder	-2.28700086035661	0.7699928332609	0.00604698267694346	0.385261261597403	sample_2022120210049
HROV.vOTU47360	Responder_Status	Responder	-1.75710178862998	0.596192954278697	0.00639846756779997	0.388495551778585	sample_2022120210049
HROV.vOTU14455	Responder_Status	Responder	2.22758834497179	0.755290774176961	0.00636538342901705	0.388495551778585	sample_2022120210049
HROV.vOTU64497	Responder_Status	Responder	-1.49455451637263	0.507031037037275	0.00639130652659144	0.388495551778585	sample_2022120210049
HROV.vOTU65727	Responder_Status	Responder	2.41048499471798	0.825129662275745	0.00681764238000268	0.39347805813672	sample_2022120210049
HROV.vOTU21781	Responder_Status	Responder	-1.46147766945502	0.502428542532868	0.00702967885095785	0.399612568598418	sample_2022120210049
HROV.vOTU06026	Responder_Status	Responder	2.39272809956361	0.828403545154011	0.00738996191077804	0.399921704963794	sample_2022120210049
HROV.vOTU26034	Responder_Status	Responder	3.13306681671394	1.08399001837968	0.00735491226564891	0.399921704963794	sample_2022120210049
HROV.vOTU08478	Responder_Status	Responder	-1.76650126585431	0.613742266942082	0.00757439106695955	0.402173264146151	sample_2022120210049
HROV.vOTU43248	Responder_Status	Responder	-2.12646927819377	0.741836695676936	0.00779416940968257	0.410041299975589	sample_2022120210049
HROV.vOTU40209	Responder_Status	Responder	1.84127871033235	0.64388075400774	0.00792471984570014	0.411749471284694	sample_2022120210049
HROV.vOTU34455	Responder_Status	Responder	-1.82508961066597	0.639745386582586	0.00805705733161514	0.416547864774693	sample_2022120210049
HROV.vOTU09958	Responder_Status	Responder	-2.70471004795625	0.950445284611945	0.00819719259323162	0.418614118345821	sample_2022120210049
HROV.vOTU59503	Responder_Status	Responder	-2.18921278166333	0.780901386454426	0.00907949534325414	0.423544138360567	sample_2022120210049
HROV.vOTU15831	Responder_Status	Responder	1.87716702970663	0.669494000534263	0.00907039481163474	0.423544138360567	sample_2022120210049
HROV.vOTU43253	Responder_Status	Responder	-3.04387515866286	1.08847252278019	0.00923342709542645	0.423544138360567	sample_2022120210049
HROV.vOTU03523	Responder_Status	Responder	2.57859956707958	0.921835591180914	0.00921610797291964	0.423544138360567	sample_2022120210049
HROV.vOTU50435	Responder_Status	Responder	2.41995936130323	0.866365012115339	0.00930554358276242	0.423544138360567	sample_2022120210049
HROV.vOTU19048	Responder_Status	Responder	2.43975366095979	0.872821807708973	0.00926051230589561	0.423544138360567	sample_2022120210049
HROV.vOTU12418	Responder_Status	Responder	2.60304592795907	0.926479646304937	0.00894549525965805	0.423544138360567	sample_2022120210049
HROV.vOTU08745	Responder_Status	Responder	2.42000304897034	0.86172934734872	0.00897358038216961	0.423544138360567	sample_2022120210049
HROV.vOTU18970	Responder_Status	Responder	2.84126008783226	1.01251500600281	0.00902063466698503	0.423544138360567	sample_2022120210049
HROV.vOTU63613	Responder_Status	Responder	2.05474628154084	0.727170045961347	0.0086050477733561	0.423544138360567	sample_2022120210049
HROV.vOTU15781	Responder_Status	Responder	-2.28059689893678	0.811391922200008	0.0089215216274929	0.423544138360567	sample_2022120210049
HROV.vOTU49726	Responder_Status	Responder	-0.418390851061815	0.149409850279208	0.00914875906471348	0.423544138360567	sample_2022120210049
HROV.vOTU56246	Responder_Status	Responder	-0.868971936607134	0.31341073884257	0.0097778854041651	0.428941307733789	sample_2022120210049
HROV.vOTU51288	Responder_Status	Responder	1.85861167305318	0.676603924481287	0.0103976032288468	0.437644572268734	sample_2022120210049
HROV.vOTU06347	Responder_Status	Responder	-2.66365802736144	0.977192714726056	0.0109357895363667	0.437790886985556	sample_2022120210049
HROV.vOTU01467	Responder_Status	Responder	1.57577351513726	0.574798355911193	0.0105360175759447	0.437790886985556	sample_2022120210049
HROV.vOTU02469	Responder_Status	Responder	1.91980885026685	0.70410952520341	0.010916254614907	0.437790886985556	sample_2022120210049
HROV.vOTU13191	Responder_Status	Responder	2.41322290773804	0.879565030158407	0.0104803436658066	0.437790886985556	sample_2022120210049
HROV.vOTU44485	Responder_Status	Responder	2.23603444819265	0.815768039149012	0.0105465815277923	0.437790886985556	sample_2022120210049
HROV.vOTU74507	Responder_Status	Responder	-2.04137507265492	0.748233504990388	0.0108725703777411	0.437790886985556	sample_2022120210049
HROV.vOTU52833	Responder_Status	Responder	-0.928315189162019	0.340618443814506	0.010947398709838	0.437790886985556	sample_2022120210049
HROV.vOTU07961	Responder_Status	Responder	-0.969919944156086	0.359189368561791	0.0116201809876396	0.446019742294445	sample_2022120210049
HROV.vOTU41116	Responder_Status	Responder	-2.61799371303473	0.973787735405557	0.0119510111165372	0.448647417320816	sample_2022120210049
HROV.vOTU66454	Responder_Status	Responder	-1.45831757852751	0.543137934238576	0.0120498904271206	0.448805899166641	sample_2022120210049
HROV.vOTU39751	Responder_Status	Responder	-1.19827201429976	0.446431230939902	0.0120748057224346	0.448805899166641	sample_2022120210049
HROV.vOTU26508	Responder_Status	Responder	2.39402851611825	0.8954470313355	0.0123801444781413	0.451734343611338	sample_2022120210049
HROV.vOTU61744	Responder_Status	Responder	-1.57984600842097	0.593292441507495	0.0126973196685658	0.45611837119753	sample_2022120210049
HROV.vOTU19010	Responder_Status	Responder	-2.73576531872578	1.02712043202604	0.0126768438036778	0.45611837119753	sample_2022120210049
HROV.vOTU18437	Responder_Status	Responder	-1.71620647674836	0.64595650420638	0.0128782817756774	0.457602698511601	sample_2022120210049
HROV.vOTU38195	Responder_Status	Responder	-3.06272565606502	1.1549489523428	0.0130314535420501	0.459343989361666	sample_2022120210049
HROV.vOTU73863	Responder_Status	Responder	-0.473752049525457	0.178735109851811	0.0130697471391361	0.459343989361666	sample_2022120210049
HROV.vOTU73170	Responder_Status	Responder	-1.4825183357206	0.559345304566095	0.0130737214154772	0.459343989361666	sample_2022120210049
HROV.vOTU04694	Responder_Status	Responder	-1.53478114953731	0.57887395489837	0.013046991314989	0.459343989361666	sample_2022120210049
HROV.vOTU27793	Responder_Status	Responder	-0.556272442386051	0.210962881568324	0.0134995964635455	0.464132165541207	sample_2022120210049
HROV.vOTU23159	Responder_Status	Responder	2.51509444606702	0.956748288647829	0.0137566308199552	0.468456959997799	sample_2022120210049
HROV.vOTU00884	Responder_Status	Responder	-1.35171279711535	0.514217140562377	0.0137602908336287	0.468456959997799	sample_2022120210049
HROV.vOTU03230	Responder_Status	Responder	2.2115138304586	0.842836306449185	0.0139156516599881	0.468458148731972	sample_2022120210049
HROV.vOTU73077	Responder_Status	Responder	-2.3291633230296	0.887464839089858	0.0138954825395523	0.468458148731972	sample_2022120210049
HROV.vOTU48360	Responder_Status	Responder	2.42606568219461	0.926988511577588	0.0141374478757487	0.47128596238596	sample_2022120210049
HROV.vOTU32200	Responder_Status	Responder	-0.83984138525304	0.321674816731174	0.0143477652789094	0.472410005563601	sample_2022120210049
HROV.vOTU53817	Responder_Status	Responder	-2.03060766087775	0.780856922786478	0.0146992892997103	0.475461635410438	sample_2022120210049
HROV.vOTU02712	Responder_Status	Responder	2.2466656526488	0.866604004124863	0.0149760961471675	0.475939591584353	sample_2022120210049
HROV.vOTU57091	Responder_Status	Responder	1.7524628093841	0.675348475407867	0.0148922055281663	0.475939591584353	sample_2022120210049
HROV.vOTU00893	Responder_Status	Responder	2.19195947576384	0.852826122524851	0.0157729025400201	0.476927101915636	sample_2022120210049
HROV.vOTU04023	Responder_Status	Responder	2.44417480377642	0.945347309527192	0.0152230654259681	0.476927101915636	sample_2022120210049
HROV.vOTU62944	Responder_Status	Responder	2.65441161343119	1.02984715348504	0.0155091794656987	0.476927101915636	sample_2022120210049
HROV.vOTU21345	Responder_Status	Responder	-2.93492819059318	1.13326088236119	0.0150702013909475	0.476927101915636	sample_2022120210049
HROV.vOTU24359	Responder_Status	Responder	-1.08817308709257	0.420899224739801	0.015227503534188	0.476927101915636	sample_2022120210049
HROV.vOTU66152	Responder_Status	Responder	-1.04797398071614	0.409126055152561	0.0160961624836438	0.477320709222089	sample_2022120210049
HROV.vOTU22200	Responder_Status	Responder	-1.89652308287986	0.741448615578949	0.0162323657410722	0.477320709222089	sample_2022120210049
HROV.vOTU21008	Responder_Status	Responder	-1.49570799678601	0.587306208843881	0.016656609578028	0.477359643133718	sample_2022120210049
HROV.vOTU01795	Responder_Status	Responder	-2.30496674949047	0.907333058708046	0.0169031144834162	0.47897927652125	sample_2022120210049
HROV.vOTU60687	Responder_Status	Responder	2.29585731963564	0.909982080372432	0.0175961543080476	0.481307503866022	sample_2022120210049
HROV.vOTU01179	Responder_Status	Responder	2.43273231401052	0.96324150969332	0.0174910467481178	0.481307503866022	sample_2022120210049
HROV.vOTU65868	Responder_Status	Responder	-1.27324199442525	0.503475625354341	0.0173569406482159	0.481307503866022	sample_2022120210049
HROV.vOTU06547	Responder_Status	Responder	-2.17861000063172	0.860692105186889	0.0172640364793704	0.481307503866022	sample_2022120210049
HROV.vOTU45866	Responder_Status	Responder	-2.46704811393001	0.984866323379098	0.0183409099615431	0.481612789297048	sample_2022120210049
HROV.vOTU07359	Responder_Status	Responder	2.34876743269022	0.934813503436422	0.0180234229489147	0.481612789297048	sample_2022120210049
HROV.vOTU71197	Responder_Status	Responder	-1.31205306725755	0.525420985847367	0.0186728213978755	0.481612789297048	sample_2022120210049
HROV.vOTU16270	Responder_Status	Responder	-2.76803930734272	1.11002055983061	0.0188217540304498	0.482086239551778	sample_2022120210049
HROV.vOTU71552	Responder_Status	Responder	-1.12260838852244	0.45099361099888	0.0190166289046443	0.484366091966094	sample_2022120210049
HROV.vOTU11726	Responder_Status	Responder	2.59615088784432	1.04426731345589	0.0191517530417499	0.486025304049768	sample_2022120210049
HROV.vOTU72708	Responder_Status	Responder	-1.65682344515761	0.667275197880086	0.0192894463908257	0.487300867283145	sample_2022120210049
HROV.vOTU56634	Responder_Status	Responder	-3.10441556468061	1.25984361994447	0.0201379251116819	0.490324252460409	sample_2022120210049
HROV.vOTU00880	Responder_Status	Responder	-2.25965248657336	0.914834068303868	0.0198692496030233	0.490324252460409	sample_2022120210049
HROV.vOTU43771	Responder_Status	Responder	2.35192742067853	0.954447742844531	0.0201356972854008	0.490324252460409	sample_2022120210049
HROV.vOTU29848	Responder_Status	Responder	2.30777640436534	0.936372927178959	0.0201166502195306	0.490324252460409	sample_2022120210049
HROV.vOTU43762	Responder_Status	Responder	2.13530186487672	0.863778470202804	0.0197771459881543	0.490324252460409	sample_2022120210049
HROV.vOTU13757	Responder_Status	Responder	-1.02628466588107	0.414547324034143	0.0196139033089404	0.490324252460409	sample_2022120210049
HROV.vOTU09477	Responder_Status	Responder	-0.343572740422966	0.139788001604723	0.0204299008303888	0.492658546066147	sample_2022120210049
HROV.vOTU25214	Responder_Status	Responder	-1.09924414377151	0.454383464242134	0.0223014609908456	0.498588535629226	sample_2022120210049
HROV.vOTU02740	Responder_Status	Responder	-1.20669102809329	0.499701019926191	0.0225230541877409	0.498588535629226	sample_2022120210049
HROV.vOTU36861	Responder_Status	Responder	-1.86140591679696	0.778275081017429	0.0237283667527336	0.498588535629226	sample_2022120210049
HROV.vOTU24280	Responder_Status	Responder	-1.29662797797089	0.543421642968234	0.0240324587984604	0.498588535629226	sample_2022120210049
HROV.vOTU60083	Responder_Status	Responder	-1.83382542608249	0.763325181605913	0.0231628442255544	0.498588535629226	sample_2022120210049
HROV.vOTU06856	Responder_Status	Responder	3.01394957130794	1.24383047159149	0.022104533697244	0.498588535629226	sample_2022120210049
HROV.vOTU56571	Responder_Status	Responder	2.04047396935823	0.844770122778063	0.0224928804300305	0.498588535629226	sample_2022120210049
HROV.vOTU11025	Responder_Status	Responder	3.13830278376717	1.30707696337093	0.0232365129525871	0.498588535629226	sample_2022120210049
HROV.vOTU03695	Responder_Status	Responder	2.14480610916325	0.890602383593824	0.0228593127559512	0.498588535629226	sample_2022120210049
HROV.vOTU53337	Responder_Status	Responder	-2.26053022334068	0.928876210110736	0.0215849186996904	0.498588535629226	sample_2022120210049
HROV.vOTU27505	Responder_Status	Responder	3.52938693133157	1.47460313123074	0.0236355465706493	0.498588535629226	sample_2022120210049
HROV.vOTU20363	Responder_Status	Responder	-1.08822567187086	0.453814860414288	0.0233971624692502	0.498588535629226	sample_2022120210049
HROV.vOTU53018	Responder_Status	Responder	-2.43776894628627	1.01516080810543	0.0232179823952505	0.498588535629226	sample_2022120210049
HROV.vOTU10784	Responder_Status	Responder	-1.07257028776247	0.447943882472234	0.0235833952920292	0.498588535629226	sample_2022120210049
HROV.vOTU08189	Responder_Status	Responder	-1.59564015203478	0.659501409418312	0.0222880933683	0.498588535629226	sample_2022120210049
HROV.vOTU47642	Responder_Status	Responder	-0.498683749774073	0.205715905308902	0.0220536155820482	0.498588535629226	sample_2022120210049
HROV.vOTU12145	Responder_Status	Responder	-1.7731697447782	0.743595872174017	0.0241112243226521	0.498588535629226	sample_2022120210049
HROV.vOTU59956	Responder_Status	Responder	-1.16801862348872	0.488443786278566	0.0237497735903499	0.498588535629226	sample_2022120210049
HROV.vOTU39739	Responder_Status	Responder	-1.0352839589815	0.435265651297448	0.0244425185112183	0.501733865203186	sample_2022120210049
HROV.vOTU70488	Responder_Status	Responder	-1.4746648631209	0.621246497941194	0.0247066249418818	0.501997991691817	sample_2022120210049
HROV.vOTU24797	Responder_Status	Responder	1.97966435616025	0.838352122185375	0.0253990926190349	0.501997991691817	sample_2022120210049
HROV.vOTU75483	Responder_Status	Responder	-2.9091706820202	1.22722342054183	0.0248838428953567	0.501997991691817	sample_2022120210049
HROV.vOTU03095	Responder_Status	Responder	-1.36930659819541	0.578180993931022	0.0250084450831688	0.501997991691817	sample_2022120210049
HROV.vOTU01904	Responder_Status	Responder	2.47984685590975	1.04336969231636	0.024538320312696	0.501997991691817	sample_2022120210049
HROV.vOTU59107	Responder_Status	Responder	1.86675312752775	0.786273059908869	0.0246811677413317	0.501997991691817	sample_2022120210049
HROV.vOTU20073	Responder_Status	Responder	-1.74041128481373	0.734264083522326	0.0248978338113704	0.501997991691817	sample_2022120210049
HROV.vOTU39998	Responder_Status	Responder	2.40879374319922	1.01782582232305	0.0251034886627886	0.501997991691817	sample_2022120210049
HROV.vOTU69623	Responder_Status	Responder	2.719256817042	1.1526613214062	0.0255280069262884	0.503193968126034	sample_2022120210049
HROV.vOTU28343	Responder_Status	Responder	-2.50114629659838	1.06264224941133	0.0258382874267552	0.503819391725087	sample_2022120210049
HROV.vOTU02903	Responder_Status	Responder	2.05028935216385	0.872380210607618	0.0260398332405567	0.503819391725087	sample_2022120210049
HROV.vOTU38546	Responder_Status	Responder	-0.672072953178228	0.285400106016532	0.0257725891149645	0.503819391725087	sample_2022120210049
HROV.vOTU23606	Responder_Status	Responder	-2.5052768023105	1.06854815790913	0.0263708363906571	0.50613050558709	sample_2022120210049
HROV.vOTU00231	Responder_Status	Responder	1.93456489840494	0.825619052499321	0.0264528131129925	0.50613050558709	sample_2022120210049
HROV.vOTU02014	Responder_Status	Responder	2.4508308812792	1.04606952059189	0.0264689749832269	0.50613050558709	sample_2022120210049
HROV.vOTU05922	Responder_Status	Responder	1.96045881725712	0.839461856032623	0.0269158915378208	0.50613050558709	sample_2022120210049
HROV.vOTU04606	Responder_Status	Responder	1.81430426759781	0.77758163432158	0.0270425540011083	0.507596047399182	sample_2022120210049
HROV.vOTU21061	Responder_Status	Responder	1.7740600279933	0.761792491179443	0.0273125334112019	0.509977293440449	sample_2022120210049
HROV.vOTU28082	Responder_Status	Responder	-0.626572778281425	0.269021426958276	0.0272952793058813	0.509977293440449	sample_2022120210049
HROV.vOTU50610	Responder_Status	Responder	2.6696120276197	1.14915270997595	0.0276594752943367	0.511798550406311	sample_2022120210049
HROV.vOTU74692	Responder_Status	Responder	-1.69394006970228	0.729319137002123	0.027689034132721	0.511890883899949	sample_2022120210049
HROV.vOTU16744	Responder_Status	Responder	2.78385880631195	1.20035137244764	0.0279004809481137	0.512326688908556	sample_2022120210049
HROV.vOTU03452	Responder_Status	Responder	1.56803686779261	0.677901959479384	0.0282821557884429	0.513554801811638	sample_2022120210049
HROV.vOTU39158	Responder_Status	Responder	-1.57640903318471	0.681368654932663	0.0282496754858593	0.513554801811638	sample_2022120210049
HROV.vOTU70637	Responder_Status	Responder	-0.474366350997217	0.204963455659028	0.0281994729234166	0.513554801811638	sample_2022120210049
HROV.vOTU02836	Responder_Status	Responder	2.30854109335066	0.998565859923472	0.0283584666003343	0.514228591486479	sample_2022120210049
HROV.vOTU10654	Responder_Status	Responder	2.1713345626623	0.941376174376817	0.0286932874466988	0.514618664461174	sample_2022120210049
HROV.vOTU08062	Responder_Status	Responder	2.3180245635637	1.00493052571299	0.0286870674309971	0.514618664461174	sample_2022120210049
HROV.vOTU39112	Responder_Status	Responder	-2.30030742285357	0.999146643339946	0.0289662209124941	0.516033854321493	sample_2022120210049
HROV.vOTU70504	Responder_Status	Responder	-0.775516738113893	0.336963329448263	0.0290165197196212	0.516033854321493	sample_2022120210049
HROV.vOTU33117	Responder_Status	Responder	1.20905419021383	0.526913848050861	0.0294614815523361	0.51758962722927	sample_2022120210049
HROV.vOTU06360	Responder_Status	Responder	-1.28777593139567	0.561279964877834	0.0294770759802648	0.51758962722927	sample_2022120210049
HROV.vOTU28137	Responder_Status	Responder	-1.68455031503768	0.734771016133345	0.0295902120309162	0.518506926741282	sample_2022120210049
HROV.vOTU01482	Responder_Status	Responder	1.75990509564435	0.769464336034521	0.0299470437874008	0.518935447425951	sample_2022120210049
HROV.vOTU10197	Responder_Status	Responder	1.58022966740281	0.690730021677096	0.0299084454828174	0.518935447425951	sample_2022120210049
HROV.vOTU00682	Responder_Status	Responder	1.73027111641763	0.757193799274696	0.0300840557300272	0.519735738918007	sample_2022120210049
HROV.vOTU55031	Responder_Status	Responder	-1.1150752575712	0.488310929236266	0.0301885524825211	0.520517254634347	sample_2022120210049
HROV.vOTU55030	Responder_Status	Responder	1.89811059677871	0.837507814551785	0.0313485102677261	0.520517254634347	sample_2022120210049
HROV.vOTU16132	Responder_Status	Responder	-1.84936370073595	0.815268039357151	0.0312090253070902	0.520517254634347	sample_2022120210049
HROV.vOTU67925	Responder_Status	Responder	-1.89353479171225	0.831023445583283	0.0305210457585576	0.520517254634347	sample_2022120210049
HROV.vOTU28648	Responder_Status	Responder	2.74596810021585	1.20575392700662	0.0305997298600039	0.520517254634347	sample_2022120210049
HROV.vOTU39268	Responder_Status	Responder	2.07138160823357	0.91413614231926	0.03137845531669	0.520517254634347	sample_2022120210049
HROV.vOTU67371	Responder_Status	Responder	-1.112372720066	0.490420070542978	0.0312232730253224	0.520517254634347	sample_2022120210049
HROV.vOTU07148	Responder_Status	Responder	2.70240529158326	1.19428813154599	0.0315972942084434	0.520566732670342	sample_2022120210049
HROV.vOTU22477	Responder_Status	Responder	-1.34053745401211	0.592464717873179	0.0316062835050628	0.520566732670342	sample_2022120210049
HROV.vOTU47170	Responder_Status	Responder	2.2441875619317	0.993651162668767	0.0318928020760915	0.521574985286786	sample_2022120210049
HROV.vOTU23255	Responder_Status	Responder	2.44799051774807	1.08868287199619	0.0325944517043946	0.524792184102312	sample_2022120210049
HROV.vOTU64314	Responder_Status	Responder	-0.739758255986979	0.329353450645331	0.0327721004033752	0.525235932234094	sample_2022120210049
HROV.vOTU19646	Responder_Status	Responder	-0.840633116261886	0.375099366479822	0.0331316488792747	0.52775069143707	sample_2022120210049
HROV.vOTU52875	Responder_Status	Responder	-2.30729614082118	1.03056767625754	0.0332935888549623	0.527968751127514	sample_2022120210049
HROV.vOTU38878	Responder_Status	Responder	-1.04610405918781	0.467440866118747	0.0333604972289282	0.528414213238547	sample_2022120210049
HROV.vOTU32551	Responder_Status	Responder	1.82850161211655	0.81796649736219	0.0335439207993919	0.528414213238547	sample_2022120210049
HROV.vOTU15122	Responder_Status	Responder	-2.3255319924568	1.04320793743231	0.0340007816408412	0.532231797662551	sample_2022120210049
HROV.vOTU02505	Responder_Status	Responder	1.79995266030317	0.807636291647478	0.0340411303911849	0.532231797662551	sample_2022120210049
HROV.vOTU51082	Responder_Status	Responder	1.66181793793495	0.745818020285312	0.0340771402967047	0.532231797662551	sample_2022120210049
HROV.vOTU19710	Responder_Status	Responder	-2.0673223851362	0.928078757553905	0.034125554818044	0.532588715081608	sample_2022120210049
HROV.vOTU06486	Responder_Status	Responder	-1.58695484808661	0.712544856714737	0.0341526057854856	0.532611932290863	sample_2022120210049
HROV.vOTU16615	Responder_Status	Responder	-1.69387775316035	0.763754675046887	0.0348525895228483	0.533076115022167	sample_2022120210049
HROV.vOTU03454	Responder_Status	Responder	-2.16784734721989	0.981152721398269	0.0354887959151195	0.533076115022167	sample_2022120210049
HROV.vOTU62466	Responder_Status	Responder	2.22121640852937	1.00654325346957	0.0356980329721255	0.533076115022167	sample_2022120210049
HROV.vOTU75024	Responder_Status	Responder	2.24854648425164	1.01762800108097	0.0354806823606471	0.533076115022167	sample_2022120210049
HROV.vOTU20008	Responder_Status	Responder	2.02693074009963	0.916342163562135	0.0352977513714277	0.533076115022167	sample_2022120210049
HROV.vOTU17545	Responder_Status	Responder	-0.354638646794738	0.159402543614785	0.0343287830547448	0.533076115022167	sample_2022120210049
HROV.vOTU71707	Responder_Status	Responder	-1.81919168642189	0.822764145034341	0.0353672410045873	0.533076115022167	sample_2022120210049
HROV.vOTU54421	Responder_Status	Responder	1.08365457263334	0.48765900354554	0.0345265650888863	0.533076115022167	sample_2022120210049
HROV.vOTU45018	Responder_Status	Responder	1.54202798180134	0.699006643868099	0.0357560071819651	0.533076115022167	sample_2022120210049
HROV.vOTU18154	Responder_Status	Responder	3.36580285914395	1.51529302473894	0.0345967064705799	0.533076115022167	sample_2022120210049
HROV.vOTU06274	Responder_Status	Responder	1.14888865602375	0.516825739186196	0.0344654881522762	0.533076115022167	sample_2022120210049
HROV.vOTU44304	Responder_Status	Responder	-1.92838428899693	0.87533531947752	0.0359893035684672	0.53354594961767	sample_2022120210049
HROV.vOTU48567	Responder_Status	Responder	1.35725175017025	0.615902866354004	0.035938341406437	0.53354594961767	sample_2022120210049
HROV.vOTU01212	Responder_Status	Responder	-1.32338573273583	0.601858302632271	0.0363170380836856	0.534546455232631	sample_2022120210049
HROV.vOTU23684	Responder_Status	Responder	1.89806263682323	0.863537542410993	0.0363818303679681	0.534546455232631	sample_2022120210049
HROV.vOTU17514	Responder_Status	Responder	-1.3865771364768	0.630734366070238	0.0363546812600959	0.534546455232631	sample_2022120210049
HROV.vOTU58420	Responder_Status	Responder	-1.49591236710984	0.682314256618877	0.0368245494678979	0.537659066687914	sample_2022120210049
HROV.vOTU52361	Responder_Status	Responder	-1.79222498352383	0.817882352377041	0.0369129300484379	0.53846489885024	sample_2022120210049
HROV.vOTU73091	Responder_Status	Responder	-1.79943899978439	0.821504431656894	0.0369831183227594	0.53846489885024	sample_2022120210049
HROV.vOTU04802	Responder_Status	Responder	1.70704184172294	0.780612463319817	0.0372731422192283	0.541174855845032	sample_2022120210049
HROV.vOTU22514	Responder_Status	Responder	-1.25429764346948	0.573872861754914	0.0373637791684325	0.541708267742596	sample_2022120210049
HROV.vOTU42956	Responder_Status	Responder	-2.3791730457897	1.0886190667209	0.0373778983500207	0.541708267742596	sample_2022120210049
HROV.vOTU26100	Responder_Status	Responder	1.80002080953549	0.823806760062963	0.0374176186540232	0.541708267742596	sample_2022120210049
HROV.vOTU23520	Responder_Status	Responder	1.91350650083132	0.876162135254305	0.0375015646903109	0.542200625155391	sample_2022120210049
HROV.vOTU04572	Responder_Status	Responder	1.66724488514961	0.764720501576909	0.037806731214331	0.543461567231924	sample_2022120210049
HROV.vOTU13358	Responder_Status	Responder	1.40396807749579	0.643887644024923	0.0377861047122387	0.543461567231924	sample_2022120210049
HROV.vOTU22120	Responder_Status	Responder	1.5703151876348	0.72279848648818	0.0384343205012923	0.545118493971699	sample_2022120210049
HROV.vOTU01449	Responder_Status	Responder	-0.882469287869506	0.407158130187821	0.0388629097865609	0.545872201609735	sample_2022120210049
HROV.vOTU46686	Responder_Status	Responder	1.77834210179763	0.82021815143514	0.0388007112174727	0.545872201609735	sample_2022120210049
HROV.vOTU58173	Responder_Status	Responder	-0.695692168855188	0.320890097080759	0.0388111672597651	0.545872201609735	sample_2022120210049
HROV.vOTU00482	Responder_Status	Responder	1.79194580207146	0.831734292988792	0.039954284471153	0.546733279336966	sample_2022120210049
HROV.vOTU49658	Responder_Status	Responder	1.70267584205196	0.787056188792555	0.0392013134433723	0.546733279336966	sample_2022120210049
HROV.vOTU04129	Responder_Status	Responder	1.81806365938969	0.840672978788923	0.0392617641733911	0.546733279336966	sample_2022120210049
HROV.vOTU02985	Responder_Status	Responder	1.4443549699589	0.671351158874472	0.0402162754682907	0.546733279336966	sample_2022120210049
HROV.vOTU36129	Responder_Status	Responder	2.17896196985212	1.01350663697875	0.0403447634379935	0.546733279336966	sample_2022120210049
HROV.vOTU08820	Responder_Status	Responder	-2.52941385760532	1.17475007989621	0.040067199821211	0.546733279336966	sample_2022120210049
HROV.vOTU11450	Responder_Status	Responder	-1.28293189897425	0.597531115966775	0.040593000952044	0.546733279336966	sample_2022120210049
HROV.vOTU23315	Responder_Status	Responder	-1.58446153167977	0.732805362625213	0.0392990693439813	0.546733279336966	sample_2022120210049
HROV.vOTU08968	Responder_Status	Responder	-1.49446308039758	0.693150403941277	0.039819737228947	0.546733279336966	sample_2022120210049
HROV.vOTU34716	Responder_Status	Responder	-1.02285292246389	0.476406857015014	0.0405963856127377	0.546733279336966	sample_2022120210049
HROV.vOTU06779	Responder_Status	Responder	-0.977525835813709	0.451674276662676	0.0391273647828975	0.546733279336966	sample_2022120210049
HROV.vOTU14922	Responder_Status	Responder	-0.838183109676809	0.388423327011223	0.0396608167651646	0.546733279336966	sample_2022120210049
HROV.vOTU25654	Responder_Status	Responder	0.812208070582507	0.377953328034492	0.0404276522019151	0.546733279336966	sample_2022120210049
HROV.vOTU70703	Responder_Status	Responder	-1.0657978598969	0.494392843499458	0.0398430440673439	0.546733279336966	sample_2022120210049
HROV.vOTU00906	Responder_Status	Responder	1.53619111350833	0.717311864148629	0.0410691713745939	0.548510375377989	sample_2022120210049
HROV.vOTU49263	Responder_Status	Responder	-0.840747524839469	0.392549860979652	0.0410546762427205	0.548510375377989	sample_2022120210049
HROV.vOTU36826	Responder_Status	Responder	2.07376470530757	0.968090200709319	0.0410231844302174	0.548510375377989	sample_2022120210049
HROV.vOTU59028	Responder_Status	Responder	-2.02865148703845	0.950560306718906	0.041725195738336	0.554428860464433	sample_2022120210049
HROV.vOTU71677	Responder_Status	Responder	-2.24191755332974	1.05102748150241	0.0418223579816975	0.555320051075491	sample_2022120210049
HROV.vOTU62679	Responder_Status	Responder	-1.36930835073007	0.642405907625217	0.0419598468108338	0.556128122330612	sample_2022120210049
HROV.vOTU22252	Responder_Status	Responder	-2.06755694638634	0.975758631437052	0.0431001395818945	0.556782530731258	sample_2022120210049
HROV.vOTU43686	Responder_Status	Responder	-2.27452398591452	1.06998021619456	0.0424781656933876	0.556782530731258	sample_2022120210049
HROV.vOTU14169	Responder_Status	Responder	1.64529109732006	0.774469985602439	0.0426006046547231	0.556782530731258	sample_2022120210049
HROV.vOTU64237	Responder_Status	Responder	1.67030380722607	0.79170562632904	0.0439465895866949	0.556782530731258	sample_2022120210049
HROV.vOTU50652	Responder_Status	Responder	1.54872852000848	0.734744494293896	0.0441245083231046	0.556782530731258	sample_2022120210049
HROV.vOTU04367	Responder_Status	Responder	1.69331614192831	0.797966060265356	0.0428156403828825	0.556782530731258	sample_2022120210049
HROV.vOTU23163	Responder_Status	Responder	1.7050128450378	0.812734668484101	0.0450655094290177	0.556782530731258	sample_2022120210049
HROV.vOTU13785	Responder_Status	Responder	-2.98196756609391	1.41990097002914	0.0448515008466258	0.556782530731258	sample_2022120210049
HROV.vOTU58042	Responder_Status	Responder	1.71240540496608	0.81138500536805	0.0438797319623164	0.556782530731258	sample_2022120210049
HROV.vOTU35741	Responder_Status	Responder	-1.67169251324759	0.795168047525377	0.0446442803902529	0.556782530731258	sample_2022120210049
HROV.vOTU13955	Responder_Status	Responder	-2.01072033831391	0.954971218734849	0.0443414762812966	0.556782530731258	sample_2022120210049
HROV.vOTU46158	Responder_Status	Responder	-2.74462103330805	1.30210153348243	0.0441251518292397	0.556782530731258	sample_2022120210049
HROV.vOTU20487	Responder_Status	Responder	2.12417981945502	1.00573948954987	0.043732503474418	0.556782530731258	sample_2022120210049
HROV.vOTU01399	Responder_Status	Responder	2.39359640789311	1.13968430327163	0.0448416440619495	0.556782530731258	sample_2022120210049
HROV.vOTU11625	Responder_Status	Responder	-1.77159420029884	0.832539242729947	0.0422817952085877	0.556782530731258	sample_2022120210049
HROV.vOTU16979	Responder_Status	Responder	1.37694818652599	0.647626901981939	0.0424437078372562	0.556782530731258	sample_2022120210049
HROV.vOTU38085	Responder_Status	Responder	-0.914265560649186	0.435402404670589	0.0448805422324426	0.556782530731258	sample_2022120210049
HROV.vOTU37858	Responder_Status	Responder	-2.47899935874855	1.17520608697808	0.0439779715401537	0.556782530731258	sample_2022120210049
HROV.vOTU33631	Responder_Status	Responder	-1.47490665855446	0.701389594304469	0.0445950476645611	0.556782530731258	sample_2022120210049
HROV.vOTU34617	Responder_Status	Responder	-0.800529406170294	0.381105000726387	0.0448112618069266	0.556782530731258	sample_2022120210049
HROV.vOTU46573	Responder_Status	Responder	-1.2111775592205	0.570688927787113	0.0427913099705561	0.556782530731258	sample_2022120210049
HROV.vOTU01753	Responder_Status	Responder	1.70797348415362	0.821811665127762	0.0469634847533197	0.55678301388241	sample_2022120210049
HROV.vOTU10130	Responder_Status	Responder	1.7404713361881	0.839784947222048	0.0475377429790796	0.55678301388241	sample_2022120210049
HROV.vOTU05088	Responder_Status	Responder	1.75510019811264	0.848939585937851	0.0480511234515443	0.55678301388241	sample_2022120210049
HROV.vOTU09406	Responder_Status	Responder	1.92599577273103	0.922107151729684	0.0459473939127455	0.55678301388241	sample_2022120210049
HROV.vOTU14113	Responder_Status	Responder	-2.06265669386954	0.990699863774286	0.0465976109095064	0.55678301388241	sample_2022120210049
HROV.vOTU01792	Responder_Status	Responder	-1.88016343078642	0.900482799708414	0.0460190702399047	0.55678301388241	sample_2022120210049
HROV.vOTU35520	Responder_Status	Responder	-1.61178567849002	0.779418264823085	0.0479976002853071	0.55678301388241	sample_2022120210049
HROV.vOTU68200	Responder_Status	Responder	-1.16479243157115	0.555406038790119	0.0451303639898532	0.55678301388241	sample_2022120210049
HROV.vOTU71419	Responder_Status	Responder	-2.38761124685234	1.15199701740899	0.0475313242516729	0.55678301388241	sample_2022120210049
HROV.vOTU71167	Responder_Status	Responder	2.17835983937335	1.041363177031	0.0456435982733666	0.55678301388241	sample_2022120210049
HROV.vOTU07899	Responder_Status	Responder	2.29912265779592	1.11078693985456	0.0478086063820105	0.55678301388241	sample_2022120210049
HROV.vOTU00162	Responder_Status	Responder	1.92544482771854	0.922357825964618	0.046060376458456	0.55678301388241	sample_2022120210049
HROV.vOTU71326	Responder_Status	Responder	1.89694502223067	0.913655823970187	0.0471702077168528	0.55678301388241	sample_2022120210049
HROV.vOTU56128	Responder_Status	Responder	-1.94611833614555	0.941375175471856	0.0480600620955696	0.55678301388241	sample_2022120210049
HROV.vOTU59733	Responder_Status	Responder	1.57858437665371	0.760672172673837	0.0472659572661994	0.55678301388241	sample_2022120210049
HROV.vOTU58254	Responder_Status	Responder	-1.04355247271179	0.500242588900355	0.0461995905993626	0.55678301388241	sample_2022120210049
HROV.vOTU11502	Responder_Status	Responder	-0.888714020780337	0.424582585994242	0.045517330299505	0.55678301388241	sample_2022120210049
HROV.vOTU52970	Responder_Status	Responder	-0.664466399497316	0.321083635331387	0.0478452132972076	0.55678301388241	sample_2022120210049
HROV.vOTU33883	Responder_Status	Responder	2.29999479527225	1.10446137664758	0.0465546080936033	0.55678301388241	sample_2022120210049
HROV.vOTU17874	Responder_Status	Responder	1.62374795077323	0.784495018110378	0.0478100175080091	0.55678301388241	sample_2022120210049
HROV.vOTU48330	Responder_Status	Responder	-0.649104585557285	0.310490144058495	0.045764566451652	0.55678301388241	sample_2022120210049
HROV.vOTU74890	Responder_Status	Responder	-0.610578753336898	0.295514527382098	0.0481770837352179	0.557030821100591	sample_2022120210049
HROV.vOTU70060	Responder_Status	Responder	-0.927066906908983	0.449035613930593	0.0483371084169549	0.557334617524768	sample_2022120210049
HROV.vOTU61513	Responder_Status	Responder	-1.88748351383453	0.91490693269326	0.0484933683973563	0.55777511996346	sample_2022120210049
HROV.vOTU24513	Responder_Status	Responder	1.67094764137505	0.810944197671223	0.0487517766731019	0.558648966021693	sample_2022120210049
HROV.vOTU66207	Responder_Status	Responder	-2.40765812966678	1.16839671029835	0.0487359750762882	0.558648966021693	sample_2022120210049
HROV.vOTU07510	Responder_Status	Responder	1.56675067154904	0.760729734683223	0.0488498723334943	0.558916578840391	sample_2022120210049
HROV.vOTU10880	Responder_Status	Responder	1.63546453448891	0.795026167681445	0.0490975519877946	0.560225695239514	sample_2022120210049
HROV.vOTU05208	Responder_Status	Responder	1.56460293068154	0.761507967818102	0.0493559269863305	0.560225695239514	sample_2022120210049
HROV.vOTU18867	Responder_Status	Responder	1.70221928735181	0.827783830812999	0.0491760109673454	0.560225695239514	sample_2022120210049
HROV.vOTU73363	Responder_Status	Responder	-1.99484616498486	0.971580303789197	0.0495020640717996	0.560225695239514	sample_2022120210049
HROV.vOTU39819	Responder_Status	Responder	1.35358730765685	0.659106589412779	0.0494531972467319	0.560225695239514	sample_2022120210049
HROV.vOTU46834	Responder_Status	Responder	-1.09502537029304	0.533977032757578	0.0497613729244644	0.56080985336347	sample_2022120210049
HROV.vOTU14373	Responder_Status	Responder	1.56485392813202	0.763758507139217	0.0499500508153204	0.560959250163248	sample_2022120210049
HROV.vOTU62915	Responder_Status	Responder	-1.86163673390037	0.908833560018353	0.0500028055939904	0.560959250163248	sample_2022120210049
HROV.vOTU52112	Responder_Status	Responder	-1.7387528629051	0.850373629018431	0.0503891338154355	0.561121113332228	sample_2022120210049
HROV.vOTU34920	Responder_Status	Responder	1.55298597257879	0.76054384923122	0.0506791126074486	0.561686299803684	sample_2022120210049
HROV.vOTU05550	Responder_Status	Responder	-1.93997893452647	0.960009224756797	0.0529576979648823	0.562631420007756	sample_2022120210049
HROV.vOTU01913	Responder_Status	Responder	1.59293866897118	0.793377710808326	0.0544024629072532	0.562631420007756	sample_2022120210049
HROV.vOTU00314	Responder_Status	Responder	1.6575522918745	0.8204035223841	0.0529995587017445	0.562631420007756	sample_2022120210049
HROV.vOTU53890	Responder_Status	Responder	-1.71680047420836	0.854090332760157	0.0541444553731922	0.562631420007756	sample_2022120210049
HROV.vOTU73280	Responder_Status	Responder	-1.51571712406558	0.747284507177851	0.0521386766537202	0.562631420007756	sample_2022120210049
HROV.vOTU66742	Responder_Status	Responder	-1.13903440309095	0.562859969218084	0.0526440494983789	0.562631420007756	sample_2022120210049
HROV.vOTU04583	Responder_Status	Responder	-1.53617617291859	0.758146805909318	0.0523638789805448	0.562631420007756	sample_2022120210049
HROV.vOTU21612	Responder_Status	Responder	-0.841271220042323	0.415454566024549	0.0525036414878766	0.562631420007756	sample_2022120210049
HROV.vOTU15386	Responder_Status	Responder	-1.64901881435166	0.819717912353321	0.0539657148828741	0.562631420007756	sample_2022120210049
HROV.vOTU07112	Responder_Status	Responder	-1.96663212997747	0.97337179142189	0.0529971799175844	0.562631420007756	sample_2022120210049
HROV.vOTU02488	Responder_Status	Responder	1.74270972584332	0.86478297302474	0.0535751685989862	0.562631420007756	sample_2022120210049
HROV.vOTU00144	Responder_Status	Responder	-2.02846139408346	1.00808619860433	0.053909921745869	0.562631420007756	sample_2022120210049
HROV.vOTU75058	Responder_Status	Responder	1.68218347902703	0.829639576781269	0.0522137364432391	0.562631420007756	sample_2022120210049
HROV.vOTU01210	Responder_Status	Responder	2.49540009896656	1.22668194740023	0.0514956023730527	0.562631420007756	sample_2022120210049
HROV.vOTU13913	Responder_Status	Responder	2.11235873116735	1.04782273091573	0.0534918318769123	0.562631420007756	sample_2022120210049
HROV.vOTU07395	Responder_Status	Responder	-2.49650400995331	1.24193412894088	0.0541352868098563	0.562631420007756	sample_2022120210049
HROV.vOTU03004	Responder_Status	Responder	-1.42680413396546	0.709660150781242	0.0540937095745422	0.562631420007756	sample_2022120210049
HROV.vOTU41251	Responder_Status	Responder	-1.30389181542012	0.646523686622214	0.0534007030058295	0.562631420007756	sample_2022120210049
HROV.vOTU75192	Responder_Status	Responder	-1.01845671155746	0.507022592084023	0.0543005057309966	0.562631420007756	sample_2022120210049
HROV.vOTU42695	Responder_Status	Responder	-1.04181230913655	0.515062818385633	0.052749606648002	0.562631420007756	sample_2022120210049
HROV.vOTU07726	Responder_Status	Responder	-1.15620438081513	0.575094765291115	0.0541034207897013	0.562631420007756	sample_2022120210049
HROV.vOTU22361	Responder_Status	Responder	-0.935239121764	0.465882586312535	0.0544403620223488	0.562631420007756	sample_2022120210049
HROV.vOTU16455	Responder_Status	Responder	1.39945248806404	0.696644546496848	0.0542840683706464	0.562631420007756	sample_2022120210049
HROV.vOTU02199	Responder_Status	Responder	-0.573757293909631	0.2843337187071	0.053276074623293	0.562631420007756	sample_2022120210049
HROV.vOTU55519	Responder_Status	Responder	-1.22206117401962	0.605663292632361	0.053295655496402	0.562631420007756	sample_2022120210049
HROV.vOTU64162	Responder_Status	Responder	-0.694002969258949	0.341448233184429	0.0516824217748655	0.562631420007756	sample_2022120210049
HROV.vOTU24292	Responder_Status	Responder	-1.6815850121879	0.827295969172325	0.0516716251277813	0.562631420007756	sample_2022120210049
HROV.vOTU43196	Responder_Status	Responder	-1.10151855978019	0.551956356004835	0.0557819836859185	0.564951370925419	sample_2022120210049
HROV.vOTU15370	Responder_Status	Responder	-1.13544917709827	0.567711250564504	0.0552798777721866	0.564951370925419	sample_2022120210049
HROV.vOTU15270	Responder_Status	Responder	-0.578021286606428	0.288651743538967	0.0550022090276671	0.564951370925419	sample_2022120210049
HROV.vOTU69573	Responder_Status	Responder	-1.23182245075265	0.616974436347457	0.0556796212933935	0.564951370925419	sample_2022120210049
HROV.vOTU69731	Responder_Status	Responder	-1.21087321433703	0.605679173010736	0.0553766726012811	0.564951370925419	sample_2022120210049
HROV.vOTU01761	Responder_Status	Responder	1.87730418464022	0.944249491283026	0.0566522646716373	0.566658633909536	sample_2022120210049
HROV.vOTU04832	Responder_Status	Responder	1.59271078637398	0.803247479115394	0.0572734750999917	0.567922892655655	sample_2022120210049
HROV.vOTU05758	Responder_Status	Responder	-0.890294792723849	0.448671358932706	0.057102835902812	0.567922892655655	sample_2022120210049
HROV.vOTU49879	Responder_Status	Responder	1.76199976935988	0.889513709749808	0.0575071136108202	0.567922892655655	sample_2022120210049
HROV.vOTU02061	Responder_Status	Responder	0.931159547337507	0.470108235800726	0.0575216354448266	0.567922892655655	sample_2022120210049
HROV.vOTU42142	Responder_Status	Responder	-0.659146426363309	0.332531371193007	0.0573477868637958	0.567922892655655	sample_2022120210049
HROV.vOTU21557	Responder_Status	Responder	-1.25631406727612	0.635459833643358	0.0579623250399129	0.568873489375734	sample_2022120210049
HROV.vOTU07317	Responder_Status	Responder	1.60370861926917	0.811833558532891	0.0581528642488306	0.569903540274876	sample_2022120210049
HROV.vOTU29692	Responder_Status	Responder	-2.0437351411954	1.03589951478682	0.0584524690846262	0.571081422809726	sample_2022120210049
HROV.vOTU74833	Responder_Status	Responder	-2.10140974579815	1.06531244953327	0.0584923329146127	0.571081422809726	sample_2022120210049
HROV.vOTU55731	Responder_Status	Responder	1.72762121823558	0.876764774889634	0.05874761864974	0.571260383832414	sample_2022120210049
HROV.vOTU72961	Responder_Status	Responder	-2.16511973772259	1.10035120212214	0.0590838447257438	0.571765863846202	sample_2022120210049
HROV.vOTU69478	Responder_Status	Responder	1.50041094009604	0.764267638501323	0.059625467262791	0.572626334616433	sample_2022120210049
HROV.vOTU33206	Responder_Status	Responder	-1.64904232191516	0.839900759681557	0.0596039399865381	0.572626334616433	sample_2022120210049
HROV.vOTU74139	Responder_Status	Responder	-2.3005122703302	1.17610751843496	0.0605039860047275	0.572844052963653	sample_2022120210049
HROV.vOTU05109	Responder_Status	Responder	1.55491596479514	0.794429727847504	0.0603518072740311	0.572844052963653	sample_2022120210049
HROV.vOTU50560	Responder_Status	Responder	-1.41368968446552	0.722117950694726	0.0602993529634623	0.572844052963653	sample_2022120210049
HROV.vOTU25132	Responder_Status	Responder	-2.56373230899216	1.30714025422428	0.0598539866602295	0.572844052963653	sample_2022120210049
HROV.vOTU14574	Responder_Status	Responder	-0.50071712825707	0.255837638479511	0.0603648126347166	0.572844052963653	sample_2022120210049
HROV.vOTU18266	Responder_Status	Responder	0.980684103368993	0.500648137335898	0.0601604176827536	0.572844052963653	sample_2022120210049
HROV.vOTU14470	Responder_Status	Responder	3.30339715826612	1.69175888683392	0.0609248020373822	0.573337059823332	sample_2022120210049
HROV.vOTU32755	Responder_Status	Responder	1.56356730723546	0.801302191267103	0.0610936324292466	0.574189612265375	sample_2022120210049
HROV.vOTU47619	Responder_Status	Responder	1.78281046669035	0.914070192515405	0.0612025618444659	0.574746531130659	sample_2022120210049
HROV.vOTU43341	Responder_Status	Responder	-1.80378820926446	0.925426329770635	0.0613605740120838	0.575859029361852	sample_2022120210049
HROV.vOTU58731	Responder_Status	Responder	-1.27449983661757	0.654486146380439	0.0615876443413592	0.576099447764517	sample_2022120210049
HROV.vOTU58320	Responder_Status	Responder	-1.85464086827472	0.953429394559293	0.0618511190429997	0.577101686189386	sample_2022120210049
HROV.vOTU73912	Responder_Status	Responder	1.59204753445697	0.819923660785972	0.0622966702227632	0.577665023192681	sample_2022120210049
HROV.vOTU40255	Responder_Status	Responder	-0.505101547554343	0.260041600396269	0.0622099346686604	0.577665023192681	sample_2022120210049
HROV.vOTU20894	Responder_Status	Responder	-1.40651155345648	0.724460855648323	0.0623273804721453	0.577665023192681	sample_2022120210049
HROV.vOTU22508	Responder_Status	Responder	-1.28954644804756	0.663614479706658	0.0621051832584429	0.577665023192681	sample_2022120210049
HROV.vOTU71497	Responder_Status	Responder	-1.31636454071583	0.677981709499285	0.0623104941229492	0.577665023192681	sample_2022120210049
HROV.vOTU39610	Responder_Status	Responder	-0.758859162214712	0.392793580533108	0.0635418577661121	0.58351541620854	sample_2022120210049
HROV.vOTU70173	Responder_Status	Responder	-1.61304587583464	0.836716696233013	0.0640754053306645	0.583710658087096	sample_2022120210049
HROV.vOTU28315	Responder_Status	Responder	-0.745073688917837	0.38626128741969	0.0639316178675657	0.583710658087096	sample_2022120210049
HROV.vOTU01314	Responder_Status	Responder	-2.04370404446713	1.06050940824839	0.0641703929241291	0.583710658087096	sample_2022120210049
HROV.vOTU38564	Responder_Status	Responder	-0.969578415584996	0.502609171839768	0.0639117799235135	0.583710658087096	sample_2022120210049
HROV.vOTU02347	Responder_Status	Responder	-1.18396962187591	0.613929063891545	0.063986676463657	0.583710658087096	sample_2022120210049
HROV.vOTU35112	Responder_Status	Responder	0.779678816000944	0.405177936250364	0.0645363417475842	0.58461507839605	sample_2022120210049
HROV.vOTU67169	Responder_Status	Responder	-1.3649101949756	0.710959593489764	0.0651228486458345	0.586866155508634	sample_2022120210049
HROV.vOTU32103	Responder_Status	Responder	-1.9126314781903	0.996800889644782	0.0652604160180281	0.587589787997505	sample_2022120210049
HROV.vOTU74196	Responder_Status	Responder	-1.77745957390541	0.926868405846172	0.0654010498230967	0.587589787997505	sample_2022120210049
HROV.vOTU01986	Responder_Status	Responder	1.60690072886702	0.838425546925096	0.065551144992948	0.587589787997505	sample_2022120210049
HROV.vOTU74047	Responder_Status	Responder	-0.936061686909953	0.488762591315633	0.065737097871557	0.588077472801155	sample_2022120210049
HROV.vOTU15287	Responder_Status	Responder	-1.85231886030621	0.968431567127859	0.0660651325839036	0.589479577297869	sample_2022120210049
HROV.vOTU09376	Responder_Status	Responder	0.817732554736977	0.42804102016951	0.066371329772946	0.589479577297869	sample_2022120210049
HROV.vOTU13259	Responder_Status	Responder	1.54913103277597	0.810901609775954	0.066374806255858	0.589479577297869	sample_2022120210049
HROV.vOTU05956	Responder_Status	Responder	1.77226229280325	0.928087099399532	0.0664812455138075	0.590173306467908	sample_2022120210049
HROV.vOTU58814	Responder_Status	Responder	1.43800465492218	0.754656004071094	0.067029417592178	0.590754466083782	sample_2022120210049
HROV.vOTU02260	Responder_Status	Responder	1.58538479642397	0.832543637175356	0.0671974727491342	0.590779716619176	sample_2022120210049
HROV.vOTU67091	Responder_Status	Responder	1.35220914950005	0.710106283914488	0.0672017244246435	0.590779716619176	sample_2022120210049
HROV.vOTU06193	Responder_Status	Responder	2.17700220014456	1.14416480461697	0.0674096406181047	0.591065616567081	sample_2022120210049
HROV.vOTU36975	Responder_Status	Responder	-2.32537002415773	1.22252076423303	0.0674895657217703	0.591065616567081	sample_2022120210049
HROV.vOTU30640	Responder_Status	Responder	-2.042319073876	1.07349223627247	0.0674367387631181	0.591065616567081	sample_2022120210049
HROV.vOTU09573	Responder_Status	Responder	-0.754920711206098	0.397727562475823	0.0680380793383075	0.592726890423458	sample_2022120210049
HROV.vOTU08851	Responder_Status	Responder	-1.79235267677776	0.946131626451228	0.068543393862615	0.593816511934422	sample_2022120210049
HROV.vOTU43440	Responder_Status	Responder	-0.99770367900925	0.526820665576924	0.0686233358913961	0.594003823555146	sample_2022120210049
HROV.vOTU21259	Responder_Status	Responder	-0.906128282719731	0.479146629517008	0.0689948593862797	0.595487943377439	sample_2022120210049
HROV.vOTU08556	Responder_Status	Responder	1.45975415974264	0.772183931867437	0.0690926978761257	0.595848982715417	sample_2022120210049
HROV.vOTU02021	Responder_Status	Responder	1.47424102646178	0.783725404715566	0.070399427298846	0.595960133369441	sample_2022120210049
HROV.vOTU00371	Responder_Status	Responder	1.66276816244562	0.884726923269802	0.0706327283177302	0.595960133369441	sample_2022120210049
HROV.vOTU04917	Responder_Status	Responder	-2.80921094309147	1.49089095906152	0.0699526340114436	0.595960133369441	sample_2022120210049
HROV.vOTU61734	Responder_Status	Responder	-1.99119166238108	1.05993415103936	0.0707478521950904	0.595960133369441	sample_2022120210049
HROV.vOTU37702	Responder_Status	Responder	-0.962173402064074	0.512893179463419	0.0711202361571923	0.595960133369441	sample_2022120210049
HROV.vOTU09478	Responder_Status	Responder	-1.74983362031907	0.929344513414	0.070146296082729	0.595960133369441	sample_2022120210049
HROV.vOTU01387	Responder_Status	Responder	-1.2697835038283	0.675192910368905	0.0704621233440685	0.595960133369441	sample_2022120210049
HROV.vOTU28979	Responder_Status	Responder	-1.6786540147832	0.896998590647085	0.071770656645465	0.595960133369441	sample_2022120210049
HROV.vOTU11783	Responder_Status	Responder	1.69683392451428	0.905094760187285	0.071292888625264	0.595960133369441	sample_2022120210049
HROV.vOTU62516	Responder_Status	Responder	-1.70637996251118	0.911348292962012	0.0716338016695771	0.595960133369441	sample_2022120210049
HROV.vOTU16041	Responder_Status	Responder	1.50458210976302	0.801927223457431	0.0710867872412741	0.595960133369441	sample_2022120210049
HROV.vOTU25911	Responder_Status	Responder	1.85774817078211	0.991158449709661	0.0713553040317485	0.595960133369441	sample_2022120210049
HROV.vOTU31835	Responder_Status	Responder	-0.446193041230307	0.238090164753512	0.0713936900308297	0.595960133369441	sample_2022120210049
HROV.vOTU09590	Responder_Status	Responder	-1.46333143085567	0.777236411312655	0.0701648331294071	0.595960133369441	sample_2022120210049
HROV.vOTU08567	Responder_Status	Responder	2.57315329424425	1.37175561270549	0.0711432572127649	0.595960133369441	sample_2022120210049
HROV.vOTU06820	Responder_Status	Responder	1.31109306382875	0.696795234469211	0.0703239516450059	0.595960133369441	sample_2022120210049
HROV.vOTU05499	Responder_Status	Responder	-0.919841174560853	0.486895809201009	0.0692629980077154	0.595960133369441	sample_2022120210049
HROV.vOTU23903	Responder_Status	Responder	-1.23156456528719	0.658682981285567	0.0720107257144659	0.5970328174536	sample_2022120210049
HROV.vOTU43644	Responder_Status	Responder	1.8943023819613	1.01332320391094	0.0720598398830855	0.59720237230075	sample_2022120210049
HROV.vOTU70799	Responder_Status	Responder	-1.56688901829078	0.838628621785239	0.0722038885077823	0.597282849177331	sample_2022120210049
HROV.vOTU48965	Responder_Status	Responder	-2.43161867250792	1.3021852262187	0.0723562232456723	0.597282849177331	sample_2022120210049
HROV.vOTU51433	Responder_Status	Responder	-1.52356974230652	0.815292987298737	0.0721543127089116	0.597282849177331	sample_2022120210049
HROV.vOTU10396	Responder_Status	Responder	-0.915894264931199	0.491337044825217	0.0728263992766728	0.598555435475139	sample_2022120210049
HROV.vOTU20726	Responder_Status	Responder	1.60556651911949	0.862101835217199	0.0730731775354314	0.599873780122425	sample_2022120210049
HROV.vOTU60533	Responder_Status	Responder	-2.04188807269512	1.09769205502392	0.0733968528920076	0.600873646367378	sample_2022120210049
HROV.vOTU08392	Responder_Status	Responder	-1.10484122319348	0.594628484506167	0.0737081658937906	0.602002993491622	sample_2022120210049
HROV.vOTU34520	Responder_Status	Responder	-1.16368789372318	0.62786476523935	0.0743893704359267	0.604722018350579	sample_2022120210049
HROV.vOTU04446	Responder_Status	Responder	-0.716439809002265	0.386728914219477	0.0745138074520256	0.604813875908715	sample_2022120210049
HROV.vOTU07055	Responder_Status	Responder	-1.72931194892978	0.934385626402047	0.0747827698537141	0.605557329926985	sample_2022120210049
HROV.vOTU09500	Responder_Status	Responder	-2.15337213721869	1.16386874271005	0.0748663198428607	0.605620900878054	sample_2022120210049
HROV.vOTU29916	Responder_Status	Responder	1.86188274147398	1.00636476670008	0.0748778229259355	0.605620900878054	sample_2022120210049
HROV.vOTU25803	Responder_Status	Responder	-1.56809018573586	0.849219930197417	0.0754142395000777	0.605927589311631	sample_2022120210049
HROV.vOTU73341	Responder_Status	Responder	-1.08857761496297	0.589114794238831	0.0752183100734698	0.605927589311631	sample_2022120210049
HROV.vOTU52184	Responder_Status	Responder	-1.81783422774915	0.98307810291706	0.0750238380220179	0.605927589311631	sample_2022120210049
HROV.vOTU39035	Responder_Status	Responder	-1.67993341880323	0.911294296903246	0.0758708808323178	0.607072244688209	sample_2022120210049
HROV.vOTU07535	Responder_Status	Responder	1.48200911664041	0.804370648136621	0.076023204504873	0.607340285988892	sample_2022120210049
HROV.vOTU53565	Responder_Status	Responder	-0.679474793752847	0.369061872331063	0.0762279549041034	0.607810731123994	sample_2022120210049
HROV.vOTU06373	Responder_Status	Responder	1.41181404596535	0.767396510519774	0.0764304666219922	0.608959377464324	sample_2022120210049
HROV.vOTU21384	Responder_Status	Responder	-1.38654987531172	0.754392146903579	0.0766992720008518	0.609322154840759	sample_2022120210049
HROV.vOTU17341	Responder_Status	Responder	-0.771764469432394	0.419743211216841	0.0765948726737867	0.609322154840759	sample_2022120210049
HROV.vOTU43757	Responder_Status	Responder	-1.19365626231278	0.651064825536909	0.0773962318322716	0.610732057488689	sample_2022120210049
HROV.vOTU02205	Responder_Status	Responder	-0.709520541625797	0.387092349634818	0.0774637638805919	0.61075590188157	sample_2022120210049
HROV.vOTU00252	Responder_Status	Responder	1.65571799760596	0.907208700972141	0.0786769251313049	0.612418935596456	sample_2022120210049
HROV.vOTU15797	Responder_Status	Responder	-1.29656258529284	0.70930955778581	0.0782357642018551	0.612418935596456	sample_2022120210049
HROV.vOTU61820	Responder_Status	Responder	-2.13077921624636	1.16856360000671	0.0789331500683051	0.612418935596456	sample_2022120210049
HROV.vOTU73219	Responder_Status	Responder	-1.90447976171621	1.04449745573102	0.0789443224578493	0.612418935596456	sample_2022120210049
HROV.vOTU72279	Responder_Status	Responder	-1.21819004553828	0.667311008199901	0.0786068723044378	0.612418935596456	sample_2022120210049
HROV.vOTU65493	Responder_Status	Responder	1.58656654405467	0.86862274629158	0.0784505237328582	0.612418935596456	sample_2022120210049
HROV.vOTU45052	Responder_Status	Responder	2.28024626813167	1.24740232187496	0.0782243839010037	0.612418935596456	sample_2022120210049
HROV.vOTU27429	Responder_Status	Responder	-0.918860825264035	0.503554427904356	0.0787263286723841	0.612418935596456	sample_2022120210049
HROV.vOTU32166	Responder_Status	Responder	-1.84321928865831	1.01197297884725	0.0792453960931463	0.612886263065051	sample_2022120210049
HROV.vOTU05373	Responder_Status	Responder	-2.58768916712736	1.42089665567721	0.0792836419718524	0.612886263065051	sample_2022120210049
HROV.vOTU03930	Responder_Status	Responder	-0.895112929909689	0.491353990080643	0.0791961915534942	0.612886263065051	sample_2022120210049
HROV.vOTU73443	Responder_Status	Responder	1.71513133331566	0.941959386722031	0.0793388719757942	0.612912642794094	sample_2022120210049
HROV.vOTU33624	Responder_Status	Responder	2.07469727416869	1.13960470462621	0.0793812191108336	0.61301249079845	sample_2022120210049
HROV.vOTU23687	Responder_Status	Responder	1.51040479500801	0.830297063845999	0.0796043950425294	0.613125580934623	sample_2022120210049
HROV.vOTU50600	Responder_Status	Responder	-1.98335638801646	1.09266622189632	0.0802264656012036	0.6145717577908	sample_2022120210049
HROV.vOTU56818	Responder_Status	Responder	-1.72546060406685	0.951214150498143	0.0804152880126989	0.615037885529437	sample_2022120210049
HROV.vOTU55586	Responder_Status	Responder	1.38172834407075	0.763186199114076	0.0809667994504313	0.616122449433797	sample_2022120210049
HROV.vOTU49540	Responder_Status	Responder	-1.00007908640961	0.55351774862676	0.0815568915539852	0.616260377678611	sample_2022120210049
HROV.vOTU18442	Responder_Status	Responder	2.0219193799102	1.11984322673445	0.0817539565108558	0.616260377678611	sample_2022120210049
HROV.vOTU23716	Responder_Status	Responder	1.42666557033433	0.789547209265458	0.0815294456455004	0.616260377678611	sample_2022120210049
HROV.vOTU06773	Responder_Status	Responder	1.61781085746612	0.896628894090592	0.081948230038479	0.617055067890029	sample_2022120210049
HROV.vOTU68950	Responder_Status	Responder	-1.48750752549608	0.824612386396877	0.0820187167855005	0.617362703838838	sample_2022120210049
HROV.vOTU24869	Responder_Status	Responder	-1.58626070988002	0.879488471984716	0.0820620147051293	0.617465538599267	sample_2022120210049
HROV.vOTU04569	Responder_Status	Responder	1.56324169150078	0.8670683701511	0.0821765781797769	0.618104334431643	sample_2022120210049
HROV.vOTU75522	Responder_Status	Responder	-2.21531297771312	1.22925030932091	0.0822955028221764	0.618775460591861	sample_2022120210049
HROV.vOTU01728	Responder_Status	Responder	-1.64744396202305	0.914990380233621	0.0825635079916437	0.619895743785909	sample_2022120210049
HROV.vOTU51034	Responder_Status	Responder	-1.51447315288151	0.843125945142762	0.0832514306353601	0.621765995862905	sample_2022120210049
HROV.vOTU13522	Responder_Status	Responder	-1.46048419317608	0.813300997114698	0.0833345829257138	0.621765995862905	sample_2022120210049
HROV.vOTU05007	Responder_Status	Responder	-2.67553291008243	1.49033891842964	0.0834155819055775	0.62186441846383	sample_2022120210049
HROV.vOTU11600	Responder_Status	Responder	1.75487960946668	0.981223124277009	0.0845281203352437	0.625246447526114	sample_2022120210049
HROV.vOTU34854	Responder_Status	Responder	1.63214503025658	0.913354675783301	0.0847727823863359	0.625672619474012	sample_2022120210049
HROV.vOTU42137	Responder_Status	Responder	-1.69928446011363	0.951647769517108	0.084996861311575	0.625750784276447	sample_2022120210049
HROV.vOTU64477	Responder_Status	Responder	-0.816276820222668	0.457232313450273	0.0850576613257472	0.625750784276447	sample_2022120210049
HROV.vOTU34402	Responder_Status	Responder	-2.20841983632264	1.23905295194278	0.0855410869713713	0.627088115057369	sample_2022120210049
HROV.vOTU60600	Responder_Status	Responder	1.24558324187372	0.698907159941629	0.0855673943142339	0.627088115057369	sample_2022120210049
HROV.vOTU08657	Responder_Status	Responder	-1.37366368268512	0.772496705116967	0.0862312551246651	0.627239375501295	sample_2022120210049
HROV.vOTU08373	Responder_Status	Responder	-0.819414894947646	0.460248033313724	0.0858692558779711	0.627239375501295	sample_2022120210049
HROV.vOTU64611	Responder_Status	Responder	-1.59759936614525	0.897459458600424	0.0859095664331049	0.627239375501295	sample_2022120210049
HROV.vOTU01633	Responder_Status	Responder	1.71349464206109	0.963245394993736	0.0861201042182123	0.627239375501295	sample_2022120210049
HROV.vOTU03430	Responder_Status	Responder	1.44286207988873	0.811842285950668	0.0863896047316544	0.627839520634372	sample_2022120210049
HROV.vOTU14986	Responder_Status	Responder	-0.903608170903971	0.509734657431974	0.0871589566378458	0.628062931013233	sample_2022120210049
HROV.vOTU02986	Responder_Status	Responder	-1.76726559171642	0.995198958006513	0.0866379608347372	0.628062931013233	sample_2022120210049
HROV.vOTU05191	Responder_Status	Responder	-1.40364034946304	0.790405844973964	0.0866284716517119	0.628062931013233	sample_2022120210049
HROV.vOTU23563	Responder_Status	Responder	0.878324987141881	0.494931959509563	0.0868322327120379	0.628062931013233	sample_2022120210049
HROV.vOTU34922	Responder_Status	Responder	-1.36724200039514	0.769744087956113	0.0865642735995688	0.628062931013233	sample_2022120210049
HROV.vOTU63137	Responder_Status	Responder	-0.944756217842153	0.533483834882849	0.0874612838015985	0.628062931013233	sample_2022120210049
HROV.vOTU21204	Responder_Status	Responder	-1.27789626583146	0.721053459062086	0.0872334316304145	0.628062931013233	sample_2022120210049
HROV.vOTU38642	Responder_Status	Responder	2.44623019931048	1.38174495713569	0.0875505816498765	0.628062931013233	sample_2022120210049
HROV.vOTU28350	Responder_Status	Responder	0.369406330513121	0.208780889703501	0.0877277549631792	0.628062931013233	sample_2022120210049
HROV.vOTU05189	Responder_Status	Responder	-0.993448496353745	0.562777302943347	0.0884255206298335	0.630153956480438	sample_2022120210049
HROV.vOTU64652	Responder_Status	Responder	0.897550587405534	0.508311458573105	0.0883418514267388	0.630153956480438	sample_2022120210049
HROV.vOTU17332	Responder_Status	Responder	2.27720019127677	1.29112390630191	0.0886870650982947	0.630276938021821	sample_2022120210049
HROV.vOTU54452	Responder_Status	Responder	1.23135856898233	0.698067661253091	0.0886496149087315	0.630276938021821	sample_2022120210049
HROV.vOTU23301	Responder_Status	Responder	1.51577537464175	0.861693460902707	0.0894916213751596	0.631251349648219	sample_2022120210049
HROV.vOTU00403	Responder_Status	Responder	-3.50203244374657	1.98901388786682	0.0892114097219474	0.631251349648219	sample_2022120210049
HROV.vOTU61225	Responder_Status	Responder	-1.6400302388094	0.931288070820112	0.0891516463324337	0.631251349648219	sample_2022120210049
HROV.vOTU74848	Responder_Status	Responder	1.39017671403869	0.788967213224407	0.0889816800661871	0.631251349648219	sample_2022120210049
HROV.vOTU03533	Responder_Status	Responder	-1.83611607857531	1.04830402011857	0.0908064938591187	0.631414416021818	sample_2022120210049
HROV.vOTU11598	Responder_Status	Responder	-1.49344139998862	0.855263671036038	0.0917447874767672	0.631414416021818	sample_2022120210049
HROV.vOTU57537	Responder_Status	Responder	-2.6585986317251	1.52174047314759	0.0915857393254047	0.631414416021818	sample_2022120210049
HROV.vOTU69838	Responder_Status	Responder	-0.822429608764005	0.471731144660243	0.0922313203875144	0.631414416021818	sample_2022120210049
HROV.vOTU53011	Responder_Status	Responder	-1.66444441656503	0.9545838602157	0.0921949777263485	0.631414416021818	sample_2022120210049
HROV.vOTU23121	Responder_Status	Responder	-1.14466069881605	0.651872810526692	0.0900306915681126	0.631414416021818	sample_2022120210049
HROV.vOTU09476	Responder_Status	Responder	1.65259799977103	0.947640737092319	0.0921463468705818	0.631414416021818	sample_2022120210049
HROV.vOTU21547	Responder_Status	Responder	1.1530153331771	0.659713331271114	0.091466822877604	0.631414416021818	sample_2022120210049
HROV.vOTU59361	Responder_Status	Responder	0.872270205456261	0.500416317299494	0.0922916051955693	0.631414416021818	sample_2022120210049
HROV.vOTU62508	Responder_Status	Responder	-0.672983548098784	0.384304589215503	0.0908658368225102	0.631414416021818	sample_2022120210049
HROV.vOTU04934	Responder_Status	Responder	-1.74883459937293	1.00172403316118	0.0918069629399827	0.631414416021818	sample_2022120210049
HROV.vOTU22119	Responder_Status	Responder	-0.969798223720296	0.55345689771631	0.0906760956175371	0.631414416021818	sample_2022120210049
HROV.vOTU36687	Responder_Status	Responder	-0.972628655547571	0.557338866090743	0.091929873466905	0.631414416021818	sample_2022120210049
HROV.vOTU25646	Responder_Status	Responder	1.09140370759072	0.622429175732176	0.0904659909494688	0.631414416021818	sample_2022120210049
HROV.vOTU35715	Responder_Status	Responder	-0.696021884981177	0.398994695008752	0.092052194287969	0.631414416021818	sample_2022120210049
HROV.vOTU02547	Responder_Status	Responder	-0.570033233464092	0.327032194602171	0.092298666293399	0.631414416021818	sample_2022120210049
HROV.vOTU03678	Responder_Status	Responder	1.15244842130993	0.658248101299793	0.0909343820322419	0.631414416021818	sample_2022120210049
HROV.vOTU52240	Responder_Status	Responder	-2.6259537375112	1.50816635699771	0.092635262589831	0.632390463977434	sample_2022120210049
HROV.vOTU38393	Responder_Status	Responder	0.73678891554615	0.423120347217796	0.0926057374211118	0.632390463977434	sample_2022120210049
HROV.vOTU50270	Responder_Status	Responder	-1.51120878175726	0.872106989881351	0.0941292919314306	0.633866773558939	sample_2022120210049
HROV.vOTU24790	Responder_Status	Responder	-1.44018378356083	0.830900788395894	0.0940471612525559	0.633866773558939	sample_2022120210049
HROV.vOTU48715	Responder_Status	Responder	-1.21638894934392	0.703996909458609	0.0950342180381299	0.636902550889738	sample_2022120210049
HROV.vOTU10518	Responder_Status	Responder	1.25288747817651	0.725325784129793	0.0951231305245748	0.636902550889738	sample_2022120210049
HROV.vOTU08671	Responder_Status	Responder	2.14180243497022	1.24009571060379	0.0951627989951381	0.63691516770437	sample_2022120210049
HROV.vOTU53530	Responder_Status	Responder	-1.62557654807745	0.943412054707834	0.0959021561992387	0.637574208905514	sample_2022120210049
HROV.vOTU07385	Responder_Status	Responder	1.43685129897393	0.836374418065217	0.0968469183443753	0.637574208905514	sample_2022120210049
HROV.vOTU46696	Responder_Status	Responder	-1.04329875719058	0.605717605332696	0.0960240891385884	0.637574208905514	sample_2022120210049
HROV.vOTU67068	Responder_Status	Responder	-1.53361723549802	0.889219838865243	0.0956099981776437	0.637574208905514	sample_2022120210049
HROV.vOTU46902	Responder_Status	Responder	-1.27799588169646	0.743655465767336	0.0967397127490442	0.637574208905514	sample_2022120210049
HROV.vOTU35391	Responder_Status	Responder	-1.87615185868303	1.08796448237846	0.0956496435037447	0.637574208905514	sample_2022120210049
HROV.vOTU25750	Responder_Status	Responder	1.66789866223817	0.967833935361642	0.0958564571469575	0.637574208905514	sample_2022120210049
HROV.vOTU37886	Responder_Status	Responder	-1.33832148778175	0.779640084935514	0.0970993177957907	0.637574208905514	sample_2022120210049
HROV.vOTU22570	Responder_Status	Responder	-0.623558963418125	0.363685968701298	0.0974771992244149	0.637574208905514	sample_2022120210049
HROV.vOTU04671	Responder_Status	Responder	1.75928626816983	1.02011803035663	0.0956257980513825	0.637574208905514	sample_2022120210049
HROV.vOTU63584	Responder_Status	Responder	0.902689741670255	0.526984594883929	0.0977787077038139	0.637574208905514	sample_2022120210049
HROV.vOTU60923	Responder_Status	Responder	-0.363014870293902	0.211179093764598	0.0966550633534672	0.637574208905514	sample_2022120210049
HROV.vOTU16913	Responder_Status	Responder	1.24163514916679	0.722035971129836	0.0965369634586616	0.637574208905514	sample_2022120210049
HROV.vOTU66047	Responder_Status	Responder	-1.53489374482943	0.890711469054052	0.0958764949649422	0.637574208905514	sample_2022120210049
HROV.vOTU09505	Responder_Status	Responder	1.54590324213742	0.905656069673531	0.0989009384617552	0.639739538295768	sample_2022120210049
HROV.vOTU28665	Responder_Status	Responder	-1.67581264452889	0.982070460354714	0.0990017188342486	0.639994046513053	sample_2022120210049
HROV.vOTU08559	Responder_Status	Responder	-0.745694244971252	0.43720987432994	0.0991586953726656	0.640009028011187	sample_2022120210049
HROV.vOTU49378	Responder_Status	Responder	-1.92211568566496	1.126975046763	0.0991628490006438	0.640009028011187	sample_2022120210049
HROV.vOTU04775	Responder_Status	Responder	-1.26125971021923	0.73946059165726	0.0991448726480224	0.640009028011187	sample_2022120210049
HROV.vOTU69242	Responder_Status	Responder	-0.453177664853251	0.265864254083273	0.0993531002245121	0.640268302447824	sample_2022120210049
HROV.vOTU49200	Responder_Status	Responder	-1.44158704580348	0.846413076343513	0.0996128684319517	0.640476412732128	sample_2022120210049
HROV.vOTU07496	Responder_Status	Responder	-1.47755053765036	0.867691690788228	0.0996734771984219	0.640476412732128	sample_2022120210049
HROV.vOTU27614	Responder_Status	Responder	-1.50233418622307	0.882191153068244	0.0996534610465706	0.640476412732128	sample_2022120210049
HROV.vOTU32359	Responder_Status	Responder	0.98114802294614	0.576668763321575	0.099947645772773	0.640476412732128	sample_2022120210049
HROV.vOTU03026	Responder_Status	Responder	1.90392114288508	1.1205845139894	0.10039735270452	0.642018546176649	sample_2022120210049
HROV.vOTU38933	Responder_Status	Responder	-1.11557290651356	0.657541608357408	0.10086745875436	0.643239074796581	sample_2022120210049
HROV.vOTU66220	Responder_Status	Responder	-1.56104731862521	0.921289097826939	0.101282499986495	0.644145569969055	sample_2022120210049
HROV.vOTU20414	Responder_Status	Responder	-1.93846537298233	1.14725812556365	0.102201128024704	0.644248842666562	sample_2022120210049
HROV.vOTU18116	Responder_Status	Responder	-1.63788348762953	0.970481448587325	0.102578737249552	0.644248842666562	sample_2022120210049
HROV.vOTU00812	Responder_Status	Responder	1.17913866983534	0.698277567498559	0.102397032667469	0.644248842666562	sample_2022120210049
HROV.vOTU35103	Responder_Status	Responder	-2.25437395749408	1.33289739103137	0.101875950712369	0.644248842666562	sample_2022120210049
HROV.vOTU08918	Responder_Status	Responder	-0.96713571819239	0.570918365644698	0.101362475932535	0.644248842666562	sample_2022120210049
HROV.vOTU21634	Responder_Status	Responder	-1.32603704024929	0.785838080481211	0.102633940887058	0.644248842666562	sample_2022120210049
HROV.vOTU52161	Responder_Status	Responder	0.835315092840223	0.493983380308306	0.101944538202591	0.644248842666562	sample_2022120210049
HROV.vOTU55544	Responder_Status	Responder	-1.29934086063187	0.769361687078122	0.102355028855157	0.644248842666562	sample_2022120210049
HROV.vOTU19720	Responder_Status	Responder	-1.49531256331515	0.885500323090652	0.102392160204088	0.644248842666562	sample_2022120210049
HROV.vOTU27588	Responder_Status	Responder	-0.58069291466443	0.343434927252536	0.101971547299195	0.644248842666562	sample_2022120210049
HROV.vOTU59806	Responder_Status	Responder	-1.0708373250869	0.633983931457766	0.102315323469607	0.644248842666562	sample_2022120210049
HROV.vOTU28224	Responder_Status	Responder	-1.7546502091046	1.04387704312999	0.103906562089516	0.64681602065583	sample_2022120210049
HROV.vOTU55301	Responder_Status	Responder	-1.40325365420845	0.834755625029327	0.103879515126245	0.64681602065583	sample_2022120210049
HROV.vOTU32399	Responder_Status	Responder	-1.46777845790381	0.877636981683098	0.10558073372063	0.647947843519352	sample_2022120210049
HROV.vOTU69864	Responder_Status	Responder	-1.44502107125533	0.862410500840851	0.104958007860011	0.647947843519352	sample_2022120210049
HROV.vOTU55083	Responder_Status	Responder	-1.7295892787963	1.03353110001338	0.105371168124646	0.647947843519352	sample_2022120210049
HROV.vOTU31854	Responder_Status	Responder	1.70535346689492	1.01664290051504	0.104587499486746	0.647947843519352	sample_2022120210049
HROV.vOTU02748	Responder_Status	Responder	1.66059636646926	0.994630021878564	0.106150483726215	0.647947843519352	sample_2022120210049
HROV.vOTU01204	Responder_Status	Responder	-1.71480706272684	1.02241341999793	0.104631127429797	0.647947843519352	sample_2022120210049
HROV.vOTU72566	Responder_Status	Responder	2.3191627707884	1.38465176661734	0.105087416240194	0.647947843519352	sample_2022120210049
HROV.vOTU43506	Responder_Status	Responder	-1.18007712196216	0.706556069569995	0.106026718700642	0.647947843519352	sample_2022120210049
HROV.vOTU35480	Responder_Status	Responder	-0.922170715730053	0.550847322930576	0.105248327163791	0.647947843519352	sample_2022120210049
HROV.vOTU65644	Responder_Status	Responder	-1.12868515429726	0.676112810637738	0.106188011456379	0.647947843519352	sample_2022120210049
HROV.vOTU35516	Responder_Status	Responder	-1.6598559762936	0.995063019841461	0.106444536656144	0.647947843519352	sample_2022120210049
HROV.vOTU70764	Responder_Status	Responder	1.39297542664925	0.834747573627396	0.106315038473843	0.647947843519352	sample_2022120210049
HROV.vOTU40432	Responder_Status	Responder	-0.645549595110961	0.386638250736178	0.10613338034316	0.647947843519352	sample_2022120210049
HROV.vOTU61514	Responder_Status	Responder	-0.731002178719474	0.436180014662171	0.104887210537141	0.647947843519352	sample_2022120210049
HROV.vOTU57796	Responder_Status	Responder	1.53930764589527	0.923060205992511	0.106540228618704	0.647974245439985	sample_2022120210049
HROV.vOTU08294	Responder_Status	Responder	2.3629735689531	1.41855097674674	0.106910950923944	0.648324684249595	sample_2022120210049
HROV.vOTU59484	Responder_Status	Responder	-1.1904437921702	0.714389776640096	0.106787878122103	0.648324684249595	sample_2022120210049
HROV.vOTU01885	Responder_Status	Responder	-0.789473420082861	0.473896198399859	0.106879841050002	0.648324684249595	sample_2022120210049
HROV.vOTU21289	Responder_Status	Responder	-1.69033294634373	1.015721223928	0.107231934872872	0.649064694956294	sample_2022120210049
HROV.vOTU01773	Responder_Status	Responder	-1.50543781671691	0.905804819340647	0.107671990653408	0.649064694956294	sample_2022120210049
HROV.vOTU52357	Responder_Status	Responder	0.99473348600401	0.598586966944339	0.107709672241449	0.649064694956294	sample_2022120210049
HROV.vOTU10893	Responder_Status	Responder	-1.48785754717411	0.895319368584092	0.107706661940277	0.649064694956294	sample_2022120210049
HROV.vOTU06241	Responder_Status	Responder	-1.02517803961147	0.618290950938032	0.108463806696414	0.649591979212004	sample_2022120210049
HROV.vOTU15439	Responder_Status	Responder	-1.48667460849908	0.897685593217173	0.108863817448769	0.649591979212004	sample_2022120210049
HROV.vOTU63559	Responder_Status	Responder	-0.792451394232812	0.47833698075244	0.108749498452005	0.649591979212004	sample_2022120210049
HROV.vOTU13265	Responder_Status	Responder	1.99063970113109	1.20075982474532	0.10851807655433	0.649591979212004	sample_2022120210049
HROV.vOTU67958	Responder_Status	Responder	1.10815749278535	0.667468772379269	0.108026276264756	0.649591979212004	sample_2022120210049
HROV.vOTU16151	Responder_Status	Responder	0.635741966962253	0.384825859872835	0.109701676128052	0.650438881421154	sample_2022120210049
HROV.vOTU16955	Responder_Status	Responder	-0.807058972233131	0.489362244396243	0.110281745434786	0.652007015851436	sample_2022120210049
HROV.vOTU15873	Responder_Status	Responder	-0.552721339931632	0.335295311447197	0.1104353139684	0.652188142440936	sample_2022120210049
HROV.vOTU12851	Responder_Status	Responder	1.62597535606576	0.986791384542527	0.110584351804891	0.652292490743796	sample_2022120210049
HROV.vOTU40817	Responder_Status	Responder	-1.31444225450374	0.799527553007148	0.111354535382785	0.653725484559121	sample_2022120210049
HROV.vOTU48368	Responder_Status	Responder	-1.39543028298498	0.850355001239422	0.111985079703324	0.654503631412149	sample_2022120210049
HROV.vOTU72107	Responder_Status	Responder	0.821632714684566	0.50115908198202	0.11230549354191	0.655300232664563	sample_2022120210049
HROV.vOTU74213	Responder_Status	Responder	0.753094465145618	0.460162663030441	0.112910086823236	0.656720063392766	sample_2022120210049
HROV.vOTU59590	Responder_Status	Responder	1.99914694480943	1.22220388511221	0.113097975472231	0.657109960670365	sample_2022120210049
HROV.vOTU72226	Responder_Status	Responder	-1.1063439569424	0.677961585965224	0.113905127104918	0.659698590342722	sample_2022120210049
HROV.vOTU74136	Responder_Status	Responder	1.51626099494194	0.929981258676363	0.114211995461528	0.659812901732004	sample_2022120210049
HROV.vOTU40670	Responder_Status	Responder	-0.583820398600991	0.358111791509226	0.114243176209924	0.659812901732004	sample_2022120210049
HROV.vOTU00758	Responder_Status	Responder	2.12855839755224	1.30783065964594	0.114823039777397	0.661049470506236	sample_2022120210049
HROV.vOTU51859	Responder_Status	Responder	-1.61156426397144	0.990371044789853	0.114890460339088	0.661080695826598	sample_2022120210049
HROV.vOTU21960	Responder_Status	Responder	-1.92622735063998	1.18423615533195	0.11503475195336	0.661422524318175	sample_2022120210049
HROV.vOTU04811	Responder_Status	Responder	0.563567188004253	0.346467771927075	0.115023852858003	0.661422524318175	sample_2022120210049
HROV.vOTU15935	Responder_Status	Responder	-1.5090448990891	0.928137354691638	0.115178216900924	0.661449324457208	sample_2022120210049
HROV.vOTU58654	Responder_Status	Responder	-1.34393692772489	0.826582203615074	0.115175874382013	0.661449324457208	sample_2022120210049
HROV.vOTU75577	Responder_Status	Responder	-1.05806959605866	0.651052599460198	0.115331726985307	0.661601467989775	sample_2022120210049
HROV.vOTU68141	Responder_Status	Responder	-0.906531386102818	0.558014976603016	0.11546083127276	0.661977550789202	sample_2022120210049
HROV.vOTU07285	Responder_Status	Responder	-1.68429387460575	1.03819967666543	0.115942102507262	0.663275979615038	sample_2022120210049
HROV.vOTU16624	Responder_Status	Responder	1.04113735684025	0.641772261043708	0.115950045459007	0.663275979615038	sample_2022120210049
HROV.vOTU13935	Responder_Status	Responder	0.545303380847778	0.336330729130548	0.116155248696214	0.663380996649461	sample_2022120210049
HROV.vOTU38803	Responder_Status	Responder	-1.28871782532409	0.795204819665145	0.116310254119282	0.663496585382243	sample_2022120210049
HROV.vOTU44352	Responder_Status	Responder	-1.45850813354815	0.899905802869547	0.116283740434389	0.663496585382243	sample_2022120210049
HROV.vOTU08696	Responder_Status	Responder	1.95508212497474	1.20740259357974	0.116604718967537	0.66378669936848	sample_2022120210049
HROV.vOTU22790	Responder_Status	Responder	-0.815231618994053	0.503375500958252	0.116543499202821	0.66378669936848	sample_2022120210049
HROV.vOTU35216	Responder_Status	Responder	1.56951852612174	0.968901180495553	0.116464606470071	0.66378669936848	sample_2022120210049
HROV.vOTU56629	Responder_Status	Responder	-0.613384905529173	0.378916311101582	0.116703873818311	0.664169683421065	sample_2022120210049
HROV.vOTU41109	Responder_Status	Responder	-1.53005179632163	0.947239130777607	0.117464947335134	0.665260571394108	sample_2022120210049
HROV.vOTU00352	Responder_Status	Responder	-1.85671453050226	1.14980385405691	0.117566087058944	0.665260571394108	sample_2022120210049
HROV.vOTU47480	Responder_Status	Responder	-1.2987880416533	0.803655662243811	0.117285795925292	0.665260571394108	sample_2022120210049
HROV.vOTU65305	Responder_Status	Responder	-0.724658550666276	0.448600989317302	0.117443378068944	0.665260571394108	sample_2022120210049
HROV.vOTU25193	Responder_Status	Responder	1.65468216454229	1.02423005426026	0.117407926097285	0.665260571394108	sample_2022120210049
HROV.vOTU58235	Responder_Status	Responder	0.746161176845829	0.462243600155515	0.117695181907275	0.665396731962361	sample_2022120210049
HROV.vOTU47628	Responder_Status	Responder	-1.28120013640064	0.793739559804894	0.117713618863755	0.665396731962361	sample_2022120210049
HROV.vOTU38389	Responder_Status	Responder	-1.90473799649998	1.18414824819667	0.118938101406401	0.667514639411065	sample_2022120210049
HROV.vOTU48102	Responder_Status	Responder	-1.38727870709783	0.862182871703897	0.118828228049819	0.667514639411065	sample_2022120210049
HROV.vOTU56685	Responder_Status	Responder	1.53752029388844	0.955354728910925	0.118753575145934	0.667514639411065	sample_2022120210049
HROV.vOTU53426	Responder_Status	Responder	-0.55959881241529	0.347897660796756	0.118941266798428	0.667514639411065	sample_2022120210049
HROV.vOTU12146	Responder_Status	Responder	-0.870790671231275	0.540757700348677	0.118546599941535	0.667514639411065	sample_2022120210049
HROV.vOTU03693	Responder_Status	Responder	-2.09063653255677	1.30603803709747	0.120656862528495	0.66795374285968	sample_2022120210049
HROV.vOTU64657	Responder_Status	Responder	0.915318725241564	0.571497552172126	0.120464304421743	0.66795374285968	sample_2022120210049
HROV.vOTU43325	Responder_Status	Responder	1.27105735925131	0.794423939779038	0.120828773902657	0.66795374285968	sample_2022120210049
HROV.vOTU12593	Responder_Status	Responder	-1.21184747650369	0.756076419780969	0.120199119016664	0.66795374285968	sample_2022120210049
HROV.vOTU72129	Responder_Status	Responder	0.935520994341423	0.582846963194923	0.119695587969884	0.66795374285968	sample_2022120210049
HROV.vOTU15752	Responder_Status	Responder	-0.704284731750961	0.439805001392654	0.120521470251425	0.66795374285968	sample_2022120210049
HROV.vOTU42025	Responder_Status	Responder	1.69347212568712	1.05923035227142	0.121095366165915	0.668527279826931	sample_2022120210049
HROV.vOTU45109	Responder_Status	Responder	0.924051849273835	0.578368708604641	0.121338343850874	0.669513875564874	sample_2022120210049
HROV.vOTU01021	Responder_Status	Responder	1.65471560488409	1.03605607138599	0.121462720561574	0.669519425769795	sample_2022120210049
HROV.vOTU02746	Responder_Status	Responder	-1.07710285045031	0.675801557831241	0.1222048515591	0.67076089731614	sample_2022120210049
HROV.vOTU08600	Responder_Status	Responder	1.82461302151859	1.14394583249814	0.121935325081924	0.67076089731614	sample_2022120210049
HROV.vOTU00181	Responder_Status	Responder	-0.538352376361833	0.337972957460472	0.12241362620016	0.671004446693063	sample_2022120210049
HROV.vOTU75697	Responder_Status	Responder	-1.40661698105857	0.883511902875001	0.122596106466737	0.671271594407061	sample_2022120210049
HROV.vOTU28353	Responder_Status	Responder	1.7867151574133	1.12220179080669	0.122578850930572	0.671271594407061	sample_2022120210049
HROV.vOTU55745	Responder_Status	Responder	-1.26113875104686	0.79284403751479	0.12291674552921	0.671703509306037	sample_2022120210049
HROV.vOTU16329	Responder_Status	Responder	1.79144943753474	1.12653596934787	0.123012280510923	0.671703509306037	sample_2022120210049
HROV.vOTU06760	Responder_Status	Responder	-2.15201516325329	1.35265614251446	0.122848337569656	0.671703509306037	sample_2022120210049
HROV.vOTU53891	Responder_Status	Responder	1.04307545621917	0.657248538780231	0.123735142089022	0.672585881926631	sample_2022120210049
HROV.vOTU58984	Responder_Status	Responder	-2.55032326198818	1.61641525934772	0.12585204404523	0.672849639485126	sample_2022120210049
HROV.vOTU07321	Responder_Status	Responder	-1.44217767069792	0.911683294877339	0.124907505155823	0.672849639485126	sample_2022120210049
HROV.vOTU56580	Responder_Status	Responder	-1.02174634606237	0.645391806358615	0.124620535911061	0.672849639485126	sample_2022120210049
HROV.vOTU19145	Responder_Status	Responder	-2.341820589424	1.48520699137522	0.126082464450937	0.672849639485126	sample_2022120210049
HROV.vOTU75309	Responder_Status	Responder	-1.21943260306829	0.772501560391467	0.125671507162643	0.672849639485126	sample_2022120210049
HROV.vOTU66997	Responder_Status	Responder	1.30815579388336	0.828492259082587	0.125577525488528	0.672849639485126	sample_2022120210049
HROV.vOTU30149	Responder_Status	Responder	-1.8231057162941	1.15397970014446	0.125375053627933	0.672849639485126	sample_2022120210049
HROV.vOTU18429	Responder_Status	Responder	-1.15470018779891	0.728720552303405	0.124297584297086	0.672849639485126	sample_2022120210049
HROV.vOTU22948	Responder_Status	Responder	0.938325405895261	0.595260137777054	0.126182801632169	0.672849639485126	sample_2022120210049
HROV.vOTU20950	Responder_Status	Responder	-0.968276429735661	0.610393123018259	0.12389794568421	0.672849639485126	sample_2022120210049
HROV.vOTU31955	Responder_Status	Responder	1.88732182253046	1.19397275765235	0.125176745310564	0.672849639485126	sample_2022120210049
HROV.vOTU31384	Responder_Status	Responder	0.784465481338225	0.49484245492089	0.124132622005581	0.672849639485126	sample_2022120210049
HROV.vOTU19336	Responder_Status	Responder	1.74903685010177	1.11182531066947	0.126923589350137	0.672978766126297	sample_2022120210049
HROV.vOTU31047	Responder_Status	Responder	1.13173563948167	0.719162547727443	0.126793149937205	0.672978766126297	sample_2022120210049
HROV.vOTU42804	Responder_Status	Responder	-1.40248248507278	0.894182730621949	0.128008979467491	0.676234048480015	sample_2022120210049
HROV.vOTU11599	Responder_Status	Responder	-1.65680279844597	1.05654359247629	0.128082914637517	0.676309219199763	sample_2022120210049
HROV.vOTU37626	Responder_Status	Responder	1.03439597429718	0.659756164071038	0.128150350987762	0.676309219199763	sample_2022120210049
HROV.vOTU26953	Responder_Status	Responder	-1.36219970467054	0.870664506047432	0.128921179556493	0.677634748291016	sample_2022120210049
HROV.vOTU31601	Responder_Status	Responder	0.571747187844985	0.36538696017338	0.128869591548333	0.677634748291016	sample_2022120210049
HROV.vOTU07994	Responder_Status	Responder	-1.43563614552403	0.918279409059625	0.129192077274628	0.678104212920396	sample_2022120210049
HROV.vOTU15472	Responder_Status	Responder	1.46751132671771	0.939709283471272	0.129599758860044	0.678104212920396	sample_2022120210049
HROV.vOTU35510	Responder_Status	Responder	0.832963370202692	0.533275986199373	0.129526971711543	0.678104212920396	sample_2022120210049
HROV.vOTU32220	Responder_Status	Responder	-1.15108395052192	0.736445570063812	0.129279382909246	0.678104212920396	sample_2022120210049
HROV.vOTU17653	Responder_Status	Responder	0.757513661247436	0.484944368828473	0.129506076525648	0.678104212920396	sample_2022120210049
HROV.vOTU45672	Responder_Status	Responder	2.03312629949995	1.30235511153085	0.129729407320076	0.678298281743527	sample_2022120210049
HROV.vOTU32964	Responder_Status	Responder	1.37269462212934	0.879695719075832	0.129893443047248	0.678526636626095	sample_2022120210049
HROV.vOTU67948	Responder_Status	Responder	-1.31081295894214	0.840072908286708	0.129908459491312	0.678526636626095	sample_2022120210049
HROV.vOTU30787	Responder_Status	Responder	-0.831089291475784	0.533609704204268	0.130587566305533	0.680538255121506	sample_2022120210049
HROV.vOTU30007	Responder_Status	Responder	1.03430640709762	0.664536593181329	0.130837325010678	0.680992271324002	sample_2022120210049
HROV.vOTU35164	Responder_Status	Responder	-1.63719909733025	1.05206370795689	0.130897623797206	0.680992271324002	sample_2022120210049
HROV.vOTU73162	Responder_Status	Responder	1.31563912930317	0.846026962251517	0.131158923781928	0.681027761582898	sample_2022120210049
HROV.vOTU53580	Responder_Status	Responder	1.37947189294631	0.886866321890315	0.131071948560473	0.681027761582898	sample_2022120210049
HROV.vOTU03842	Responder_Status	Responder	1.05871301186921	0.68087391925381	0.131193874629615	0.681027761582898	sample_2022120210049
HROV.vOTU66841	Responder_Status	Responder	-1.26468069282095	0.814876058975768	0.131895249525196	0.681523208982159	sample_2022120210049
HROV.vOTU74328	Responder_Status	Responder	-0.846954320502884	0.546115066333489	0.132163127313364	0.681523208982159	sample_2022120210049
HROV.vOTU10186	Responder_Status	Responder	1.55051455929411	0.999978873806991	0.132240765418477	0.681523208982159	sample_2022120210049
HROV.vOTU00662	Responder_Status	Responder	1.63325286807582	1.05367366409578	0.132358554071357	0.681523208982159	sample_2022120210049
HROV.vOTU49842	Responder_Status	Responder	1.23739026036234	0.798053156671186	0.132249444985771	0.681523208982159	sample_2022120210049
HROV.vOTU46268	Responder_Status	Responder	-1.13903208487509	0.734415755073933	0.132147617770986	0.681523208982159	sample_2022120210049
HROV.vOTU48404	Responder_Status	Responder	-1.71490990464619	1.10934964602307	0.133364990326521	0.682467548115099	sample_2022120210049
HROV.vOTU03487	Responder_Status	Responder	-1.7670568446001	1.14345161677263	0.133485309303905	0.682467548115099	sample_2022120210049
HROV.vOTU50704	Responder_Status	Responder	-2.02768362629169	1.31002223086933	0.13289437467589	0.682467548115099	sample_2022120210049
HROV.vOTU49935	Responder_Status	Responder	0.993477277561036	0.64276036795025	0.133419945413344	0.682467548115099	sample_2022120210049
HROV.vOTU08185	Responder_Status	Responder	-0.617647829892612	0.399705496026812	0.133512729835236	0.682467548115099	sample_2022120210049
HROV.vOTU04131	Responder_Status	Responder	1.98020292429931	1.2830228386201	0.133964406297175	0.683267663452055	sample_2022120210049
HROV.vOTU09691	Responder_Status	Responder	-1.78504314100201	1.15606194869916	0.133799037349855	0.683267663452055	sample_2022120210049
HROV.vOTU47690	Responder_Status	Responder	-1.11719975313282	0.723856826270944	0.13396195787199	0.683267663452055	sample_2022120210049
HROV.vOTU32680	Responder_Status	Responder	-1.57979212714558	1.02407245618452	0.134141704082035	0.68370849091176	sample_2022120210049
HROV.vOTU00489	Responder_Status	Responder	-0.630133666062446	0.408737852035801	0.134384039855433	0.68370849091176	sample_2022120210049
HROV.vOTU57885	Responder_Status	Responder	-2.12421922911781	1.37812995298786	0.134451808300953	0.68370849091176	sample_2022120210049
HROV.vOTU25355	Responder_Status	Responder	-0.938949232289362	0.609103111421758	0.134415510882445	0.68370849091176	sample_2022120210049
HROV.vOTU01617	Responder_Status	Responder	-1.47174470872368	0.954780648266944	0.134434825168916	0.68370849091176	sample_2022120210049
HROV.vOTU30268	Responder_Status	Responder	0.900073681505372	0.583597314043434	0.134231646735757	0.68370849091176	sample_2022120210049
HROV.vOTU23303	Responder_Status	Responder	0.90907824240557	0.589400712346904	0.134209409568148	0.68370849091176	sample_2022120210049
HROV.vOTU51707	Responder_Status	Responder	-0.522320382978466	0.339208870398364	0.134830640587348	0.684583980736863	sample_2022120210049
HROV.vOTU38811	Responder_Status	Responder	1.10829026695639	0.720412014482761	0.135173515422157	0.68507423834119	sample_2022120210049
HROV.vOTU58212	Responder_Status	Responder	-0.813341445461782	0.530587453106377	0.136521057990784	0.685568145628592	sample_2022120210049
HROV.vOTU70215	Responder_Status	Responder	-1.3533454034476	0.884159795012955	0.137075133091002	0.685568145628592	sample_2022120210049
HROV.vOTU61708	Responder_Status	Responder	-1.6109284613532	1.04800969900337	0.135486019163647	0.685568145628592	sample_2022120210049
HROV.vOTU09258	Responder_Status	Responder	1.34470344314273	0.876211937515937	0.136086329481749	0.685568145628592	sample_2022120210049
HROV.vOTU56546	Responder_Status	Responder	1.6161610567696	1.05550950287164	0.136949472780289	0.685568145628592	sample_2022120210049
HROV.vOTU68778	Responder_Status	Responder	1.93778060343854	1.26260391355151	0.136068896910871	0.685568145628592	sample_2022120210049
HROV.vOTU71569	Responder_Status	Responder	1.32874451115993	0.866789879823003	0.136510886140632	0.685568145628592	sample_2022120210049
HROV.vOTU56207	Responder_Status	Responder	1.40345826167688	0.915135190491282	0.136349043682257	0.685568145628592	sample_2022120210049
HROV.vOTU43848	Responder_Status	Responder	-0.470298935945508	0.306438759413556	0.136075110724478	0.685568145628592	sample_2022120210049
HROV.vOTU10264	Responder_Status	Responder	-1.36217152135821	0.887910318903462	0.136220349354392	0.685568145628592	sample_2022120210049
HROV.vOTU24697	Responder_Status	Responder	0.772929323350878	0.504296757558919	0.136575131768019	0.685568145628592	sample_2022120210049
HROV.vOTU42173	Responder_Status	Responder	1.36865916573109	0.894983651526033	0.137420992899912	0.686364896264947	sample_2022120210049
HROV.vOTU59570	Responder_Status	Responder	-1.37115771932162	0.897303795246617	0.137710290797035	0.68680493520066	sample_2022120210049
HROV.vOTU34588	Responder_Status	Responder	1.52360445367118	0.997112709860694	0.137727647749245	0.68680493520066	sample_2022120210049
HROV.vOTU63227	Responder_Status	Responder	-0.745742198755674	0.488294236952553	0.137920089863294	0.687010148201874	sample_2022120210049
HROV.vOTU14813	Responder_Status	Responder	-1.12934217107322	0.739751036096424	0.138065818101748	0.687031602615218	sample_2022120210049
HROV.vOTU37747	Responder_Status	Responder	1.46498622342148	0.96052723823634	0.138428882242164	0.687196988686084	sample_2022120210049
HROV.vOTU38220	Responder_Status	Responder	-1.13338134815968	0.743600981143033	0.138680199241027	0.687220968291528	sample_2022120210049
HROV.vOTU07214	Responder_Status	Responder	-1.17490239176415	0.770666688574412	0.138593628985218	0.687220968291528	sample_2022120210049
HROV.vOTU03705	Responder_Status	Responder	-1.20841615743078	0.793014820265673	0.138768361543043	0.687220968291528	sample_2022120210049
HROV.vOTU56218	Responder_Status	Responder	-1.60238340062471	1.05217927056382	0.138994391427294	0.687220968291528	sample_2022120210049
HROV.vOTU28535	Responder_Status	Responder	-0.948833361170459	0.622848882884985	0.138880220767913	0.687220968291528	sample_2022120210049
HROV.vOTU07700	Responder_Status	Responder	1.41551111205536	0.932713409845036	0.140319304040166	0.689766778073057	sample_2022120210049
HROV.vOTU59097	Responder_Status	Responder	-1.14269240293197	0.753092533999482	0.140393148245885	0.689880010307315	sample_2022120210049
HROV.vOTU44910	Responder_Status	Responder	-0.952841241999115	0.628150746761154	0.140502395915342	0.690091329301311	sample_2022120210049
HROV.vOTU15151	Responder_Status	Responder	1.04756890328683	0.692460334155099	0.141531379549143	0.691883222174189	sample_2022120210049
HROV.vOTU49836	Responder_Status	Responder	-1.02945757828817	0.681199903344308	0.141931745457603	0.69224686174242	sample_2022120210049
HROV.vOTU69959	Responder_Status	Responder	-0.53007526667815	0.351106751050874	0.142316431644169	0.693020964197088	sample_2022120210049
HROV.vOTU56198	Responder_Status	Responder	-1.19089326909682	0.789219013444059	0.14251363373003	0.693165932496866	sample_2022120210049
HROV.vOTU51043	Responder_Status	Responder	-0.798504065244546	0.529397801495251	0.142673123398632	0.693380696015656	sample_2022120210049
HROV.vOTU09661	Responder_Status	Responder	-1.33254207442844	0.884571748133018	0.143157574759379	0.694455895253007	sample_2022120210049
HROV.vOTU37929	Responder_Status	Responder	0.531117227223886	0.352598553461277	0.143191251541252	0.694457571196923	sample_2022120210049
HROV.vOTU70050	Responder_Status	Responder	-0.587624906416929	0.390236350577526	0.143313025805483	0.694671058789845	sample_2022120210049
HROV.vOTU40350	Responder_Status	Responder	1.70692992052161	1.13381477672075	0.143400709351743	0.694671058789845	sample_2022120210049
HROV.vOTU67736	Responder_Status	Responder	1.44168030746437	0.958513799590757	0.143758247746035	0.695749847105373	sample_2022120210049
HROV.vOTU11570	Responder_Status	Responder	-1.24186237402291	0.825853255696307	0.143847042320783	0.695840708315515	sample_2022120210049
HROV.vOTU49140	Responder_Status	Responder	1.38179817908167	0.921522584753214	0.144942762549291	0.695954847880232	sample_2022120210049
HROV.vOTU36685	Responder_Status	Responder	1.34561916837146	0.896329088991754	0.144483346531276	0.695954847880232	sample_2022120210049
HROV.vOTU19142	Responder_Status	Responder	-1.51341783836361	1.00785443324973	0.144388732409954	0.695954847880232	sample_2022120210049
HROV.vOTU62203	Responder_Status	Responder	-1.38468241823281	0.922394071415205	0.144502029026056	0.695954847880232	sample_2022120210049
HROV.vOTU46503	Responder_Status	Responder	0.551866950116921	0.367851988193914	0.144744470252795	0.695954847880232	sample_2022120210049
HROV.vOTU24816	Responder_Status	Responder	0.903761793517145	0.601756785829239	0.144324752082777	0.695954847880232	sample_2022120210049
HROV.vOTU45865	Responder_Status	Responder	1.20485437480127	0.804805658470485	0.145562582008676	0.6960744540167	sample_2022120210049
HROV.vOTU12748	Responder_Status	Responder	0.637329956222468	0.42585055829406	0.145684368452372	0.69633719126065	sample_2022120210049
HROV.vOTU22134	Responder_Status	Responder	-1.55661091580224	1.04039987606774	0.145798075067198	0.696561085536591	sample_2022120210049
HROV.vOTU01231	Responder_Status	Responder	1.88531424969233	1.26057787426845	0.145946111089025	0.696865693383598	sample_2022120210049
HROV.vOTU69341	Responder_Status	Responder	-0.97871324650685	0.654424232295535	0.145962173550565	0.696865693383598	sample_2022120210049
HROV.vOTU10339	Responder_Status	Responder	-1.06310879412828	0.711212328400522	0.146156726189086	0.697315179791531	sample_2022120210049
HROV.vOTU37447	Responder_Status	Responder	-1.0131130094106	0.678604572109747	0.146637483854063	0.698097424214153	sample_2022120210049
HROV.vOTU10994	Responder_Status	Responder	1.81427561714734	1.21612972711424	0.14692210331841	0.698097424214153	sample_2022120210049
HROV.vOTU69449	Responder_Status	Responder	0.285253053156567	0.191373830758478	0.147258851904065	0.698097424214153	sample_2022120210049
HROV.vOTU65200	Responder_Status	Responder	0.7212029096124	0.483663626904749	0.147109724549114	0.698097424214153	sample_2022120210049
HROV.vOTU06834	Responder_Status	Responder	-0.472556042009977	0.316623031013155	0.146754162136456	0.698097424214153	sample_2022120210049
HROV.vOTU45183	Responder_Status	Responder	-1.35290016837396	0.90814772433137	0.147472847914599	0.698153072613754	sample_2022120210049
HROV.vOTU06438	Responder_Status	Responder	1.33396196254844	0.895282873470826	0.147406510427977	0.698153072613754	sample_2022120210049
HROV.vOTU43885	Responder_Status	Responder	1.55809408526408	1.04648648841059	0.147696585463889	0.698153072613754	sample_2022120210049
HROV.vOTU53073	Responder_Status	Responder	1.54093572852262	1.03664167449314	0.148329612552472	0.69903708998719	sample_2022120210049
HROV.vOTU22888	Responder_Status	Responder	1.0418073154688	0.701463379825995	0.148665799823427	0.699635635104098	sample_2022120210049
HROV.vOTU03107	Responder_Status	Responder	1.22118306257409	0.822756870292312	0.148911887228452	0.69969055818888	sample_2022120210049
HROV.vOTU10505	Responder_Status	Responder	-0.775551551328572	0.522777482713624	0.149106123271352	0.69969055818888	sample_2022120210049
HROV.vOTU55788	Responder_Status	Responder	0.671037569031478	0.452627187038928	0.149365562661036	0.700434728346319	sample_2022120210049
HROV.vOTU28323	Responder_Status	Responder	0.962370047498062	0.649324917340088	0.14947943981578	0.700495755412007	sample_2022120210049
HROV.vOTU41365	Responder_Status	Responder	-1.16506809412498	0.787342331689176	0.150104958937649	0.700826500242576	sample_2022120210049
HROV.vOTU41452	Responder_Status	Responder	-1.08876882267969	0.734861477046916	0.149614722614387	0.700826500242576	sample_2022120210049
HROV.vOTU10686	Responder_Status	Responder	1.55339671412414	1.04976325804888	0.150101968571974	0.700826500242576	sample_2022120210049
HROV.vOTU16293	Responder_Status	Responder	1.76266819919325	1.19364708453574	0.150913490268287	0.700826500242576	sample_2022120210049
HROV.vOTU53214	Responder_Status	Responder	-1.39131253812525	0.941874976860393	0.150789511639693	0.700826500242576	sample_2022120210049
HROV.vOTU05518	Responder_Status	Responder	1.0003733351902	0.677284153874117	0.150825979287244	0.700826500242576	sample_2022120210049
HROV.vOTU05033	Responder_Status	Responder	1.51125613091939	1.02191478343535	0.150344059051343	0.700826500242576	sample_2022120210049
HROV.vOTU05478	Responder_Status	Responder	-0.959952328055908	0.650383558751826	0.151107969548113	0.70100295695264	sample_2022120210049
HROV.vOTU13293	Responder_Status	Responder	2.28321192556194	1.54799123945808	0.151382290783034	0.701367584715259	sample_2022120210049
HROV.vOTU15477	Responder_Status	Responder	-0.724370121381754	0.491562881306476	0.151742105057783	0.701411873648504	sample_2022120210049
HROV.vOTU08281	Responder_Status	Responder	1.54528491640771	1.04891403984397	0.15184457297466	0.701411873648504	sample_2022120210049
HROV.vOTU21746	Responder_Status	Responder	1.3613450940506	0.92411362839984	0.151868028298725	0.701411873648504	sample_2022120210049
HROV.vOTU35661	Responder_Status	Responder	-1.76419728183591	1.19771685137412	0.151913347610378	0.701411873648504	sample_2022120210049
HROV.vOTU35627	Responder_Status	Responder	1.74245107533576	1.18253399187875	0.151773436257614	0.701411873648504	sample_2022120210049
HROV.vOTU05358	Responder_Status	Responder	-0.627192446360058	0.425404131929105	0.151544421658931	0.701411873648504	sample_2022120210049
HROV.vOTU27969	Responder_Status	Responder	-2.03992766171928	1.38587600643195	0.152188471149564	0.701496458684216	sample_2022120210049
HROV.vOTU39839	Responder_Status	Responder	-2.0799425908766	1.41335249193103	0.152269914117681	0.701496458684216	sample_2022120210049
HROV.vOTU41621	Responder_Status	Responder	1.58626582317272	1.07949295769044	0.15285690686567	0.701587850963046	sample_2022120210049
HROV.vOTU37335	Responder_Status	Responder	-0.964590151424165	0.656467975026445	0.15288139630646	0.701587850963046	sample_2022120210049
HROV.vOTU74035	Responder_Status	Responder	-1.27429080629833	0.867079801941165	0.152808318595291	0.701587850963046	sample_2022120210049
HROV.vOTU19228	Responder_Status	Responder	0.921568187205658	0.627639116241066	0.153165646783175	0.701826754063659	sample_2022120210049
HROV.vOTU10604	Responder_Status	Responder	-0.749195086977294	0.510617311944935	0.153455847687957	0.701921533826252	sample_2022120210049
HROV.vOTU01872	Responder_Status	Responder	-1.48163302836433	1.0094094817067	0.153297178273911	0.701921533826252	sample_2022120210049
HROV.vOTU17684	Responder_Status	Responder	-0.699570552320103	0.476972741608986	0.153603209165831	0.702012298273077	sample_2022120210049
HROV.vOTU03335	Responder_Status	Responder	-0.786885956241971	0.536628462426028	0.153694406106789	0.702087908624195	sample_2022120210049
HROV.vOTU17790	Responder_Status	Responder	-1.62351120448301	1.1076000167684	0.153845816765152	0.702317614439512	sample_2022120210049
HROV.vOTU47874	Responder_Status	Responder	1.87676123256384	1.28058312011856	0.153910769900663	0.702460217060307	sample_2022120210049
HROV.vOTU64337	Responder_Status	Responder	-0.716894390421687	0.489350406176563	0.15406251338527	0.702852048919766	sample_2022120210049
HROV.vOTU34214	Responder_Status	Responder	-1.19511699536027	0.815787257905144	0.154064089628825	0.702852048919766	sample_2022120210049
HROV.vOTU60404	Responder_Status	Responder	-0.78739182502738	0.539251089431127	0.155376995462599	0.702945099764401	sample_2022120210049
HROV.vOTU08173	Responder_Status	Responder	-0.514494667254045	0.35182508030252	0.154777306939306	0.702945099764401	sample_2022120210049
HROV.vOTU03889	Responder_Status	Responder	0.985042458046622	0.672619680555821	0.154199528105721	0.702945099764401	sample_2022120210049
HROV.vOTU32957	Responder_Status	Responder	1.20991819683474	0.827802732271609	0.154983382621961	0.702945099764401	sample_2022120210049
HROV.vOTU64966	Responder_Status	Responder	-1.14045938015202	0.780017944689409	0.154849539074896	0.702945099764401	sample_2022120210049
HROV.vOTU23360	Responder_Status	Responder	0.587429251913828	0.402012475667123	0.155087058589722	0.702945099764401	sample_2022120210049
HROV.vOTU10321	Responder_Status	Responder	1.03205086326608	0.706233358231763	0.155053293206262	0.702945099764401	sample_2022120210049
HROV.vOTU14206	Responder_Status	Responder	0.563763379719225	0.386189926871683	0.15547236970916	0.702945099764401	sample_2022120210049
HROV.vOTU39549	Responder_Status	Responder	1.86860993353849	1.2798704830322	0.155420335583424	0.702945099764401	sample_2022120210049
HROV.vOTU06556	Responder_Status	Responder	0.754209675295865	0.515823686026255	0.154835256146846	0.702945099764401	sample_2022120210049
HROV.vOTU18294	Responder_Status	Responder	-0.379337437414736	0.260172781402458	0.155960923841052	0.703191051337011	sample_2022120210049
HROV.vOTU04018	Responder_Status	Responder	-0.767465580037642	0.526517200047522	0.156068899832595	0.703525644312445	sample_2022120210049
HROV.vOTU70414	Responder_Status	Responder	0.905478624180066	0.621312413434342	0.156140751259314	0.703697285850704	sample_2022120210049
HROV.vOTU49611	Responder_Status	Responder	-1.11730947457108	0.767234786902508	0.156437755468736	0.70442633135749	sample_2022120210049
HROV.vOTU67959	Responder_Status	Responder	-0.592856360646494	0.407313190696087	0.156644049956137	0.70463751786795	sample_2022120210049
HROV.vOTU14828	Responder_Status	Responder	0.513240999069037	0.352715378600027	0.156758258917038	0.704651202704745	sample_2022120210049
HROV.vOTU01645	Responder_Status	Responder	1.44356137589379	0.991964394468109	0.156719385257065	0.704651202704745	sample_2022120210049
HROV.vOTU09249	Responder_Status	Responder	-1.52456195311699	1.04819815787443	0.156938079662127	0.704789780655711	sample_2022120210049
HROV.vOTU67214	Responder_Status	Responder	-1.89024933468891	1.30028960673365	0.157143256064263	0.704940107014849	sample_2022120210049
HROV.vOTU46324	Responder_Status	Responder	-0.936785092664197	0.645226623891023	0.157651694100188	0.705130902708946	sample_2022120210049
HROV.vOTU43167	Responder_Status	Responder	1.17357713526774	0.808507284328231	0.157743979005293	0.705278069222163	sample_2022120210049
HROV.vOTU09277	Responder_Status	Responder	1.3204677998287	0.91052226172631	0.158104558907397	0.705679605540797	sample_2022120210049
HROV.vOTU72000	Responder_Status	Responder	-0.553630848558409	0.381850357294531	0.158206356490572	0.705679605540797	sample_2022120210049
HROV.vOTU15791	Responder_Status	Responder	1.04685922495095	0.722228422234888	0.158311142423407	0.705870864551264	sample_2022120210049
HROV.vOTU09281	Responder_Status	Responder	2.24104934208653	1.54791674153607	0.158782765018223	0.7059961210991	sample_2022120210049
HROV.vOTU54797	Responder_Status	Responder	-1.17275187831329	0.810492508925991	0.159011144125847	0.7059961210991	sample_2022120210049
HROV.vOTU03337	Responder_Status	Responder	1.3108600227944	0.906449960766557	0.159237763424539	0.706008976084067	sample_2022120210049
HROV.vOTU22053	Responder_Status	Responder	-0.62029936384156	0.429068415141923	0.159365368549118	0.706162793220093	sample_2022120210049
HROV.vOTU05159	Responder_Status	Responder	1.13887535137321	0.790051797311856	0.160529514733499	0.708617125028341	sample_2022120210049
HROV.vOTU12864	Responder_Status	Responder	1.34349250244322	0.93401996184426	0.161405698288506	0.709394848565992	sample_2022120210049
HROV.vOTU74488	Responder_Status	Responder	-1.61670855653198	1.12435422407549	0.161545934807928	0.709394848565992	sample_2022120210049
HROV.vOTU32214	Responder_Status	Responder	1.46199251135252	1.01653576072027	0.161458432043058	0.709394848565992	sample_2022120210049
HROV.vOTU46469	Responder_Status	Responder	-0.696082728159427	0.483629222981038	0.161154959261234	0.709394848565992	sample_2022120210049
HROV.vOTU03367	Responder_Status	Responder	0.463928055792421	0.322193427504988	0.160982164427151	0.709394848565992	sample_2022120210049
HROV.vOTU16410	Responder_Status	Responder	-1.54721005180731	1.07653986540756	0.161741142822455	0.709681618291918	sample_2022120210049
HROV.vOTU13481	Responder_Status	Responder	-1.66250045839196	1.1575918573656	0.162032937109889	0.709821544817141	sample_2022120210049
HROV.vOTU51937	Responder_Status	Responder	0.842571212722027	0.587859398116447	0.162848427368655	0.709821544817141	sample_2022120210049
HROV.vOTU29144	Responder_Status	Responder	2.3051395897833	1.60712806605696	0.162555360159285	0.709821544817141	sample_2022120210049
HROV.vOTU27225	Responder_Status	Responder	1.33631939985125	0.93225862769412	0.162810369555	0.709821544817141	sample_2022120210049
HROV.vOTU50928	Responder_Status	Responder	0.7305362900125	0.508751104741366	0.162098143186732	0.709821544817141	sample_2022120210049
HROV.vOTU73104	Responder_Status	Responder	-1.18863052170645	0.829279812671688	0.1628366170079	0.709821544817141	sample_2022120210049
HROV.vOTU28637	Responder_Status	Responder	0.785933405534122	0.548153579019836	0.162707898646906	0.709821544817141	sample_2022120210049
HROV.vOTU01395	Responder_Status	Responder	-0.78755033227808	0.549518285636886	0.16288300126432	0.709823746358945	sample_2022120210049
HROV.vOTU45542	Responder_Status	Responder	-1.57018311555984	1.09607483950023	0.163057011022026	0.709839704271607	sample_2022120210049
HROV.vOTU08091	Responder_Status	Responder	0.695468507236046	0.485580942862412	0.163145186257634	0.709906281561821	sample_2022120210049
HROV.vOTU35974	Responder_Status	Responder	-1.38071132006011	0.965825674811216	0.163905260742782	0.710638153620448	sample_2022120210049
HROV.vOTU15782	Responder_Status	Responder	-0.873873737126636	0.611316010084183	0.163925151428579	0.710638153620448	sample_2022120210049
HROV.vOTU11329	Responder_Status	Responder	1.17497585188395	0.822976503287676	0.164432925444246	0.711325801303563	sample_2022120210049
HROV.vOTU41002	Responder_Status	Responder	-1.22801268399243	0.861022752227839	0.16485851460853	0.711513322108866	sample_2022120210049
HROV.vOTU13070	Responder_Status	Responder	-1.37202091377445	0.962194947012744	0.164943598713674	0.711513322108866	sample_2022120210049
HROV.vOTU46262	Responder_Status	Responder	-1.38811399870578	0.973519933932978	0.164959923310353	0.711513322108866	sample_2022120210049
HROV.vOTU31463	Responder_Status	Responder	-0.83595075303614	0.587222571695224	0.165620353622291	0.71213227701716	sample_2022120210049
HROV.vOTU40972	Responder_Status	Responder	-1.08339784213407	0.76198243404611	0.166124070635245	0.712707952546615	sample_2022120210049
HROV.vOTU55832	Responder_Status	Responder	-1.19789245791222	0.842521137593492	0.166129706288745	0.712707952546615	sample_2022120210049
HROV.vOTU62380	Responder_Status	Responder	1.30626134120048	0.919158343688157	0.166315625883448	0.712707952546615	sample_2022120210049
HROV.vOTU15928	Responder_Status	Responder	-0.698205528016907	0.491224109936	0.166255428063987	0.712707952546615	sample_2022120210049
HROV.vOTU70085	Responder_Status	Responder	1.12417457080531	0.79099616183755	0.166297112959829	0.712707952546615	sample_2022120210049
HROV.vOTU45964	Responder_Status	Responder	-0.884297495535246	0.623642811635701	0.167237775902546	0.714016201010151	sample_2022120210049
HROV.vOTU45378	Responder_Status	Responder	0.524806664435414	0.370553863505241	0.167724026487165	0.714481719865076	sample_2022120210049
HROV.vOTU37302	Responder_Status	Responder	1.23010128413948	0.868683937739449	0.167789201637195	0.714545624712517	sample_2022120210049
HROV.vOTU69410	Responder_Status	Responder	-1.06639793789396	0.75346281402801	0.167998847897706	0.714717948764646	sample_2022120210049
HROV.vOTU04595	Responder_Status	Responder	1.13578652982191	0.803353063369362	0.168441172453266	0.714778873904249	sample_2022120210049
HROV.vOTU24172	Responder_Status	Responder	-0.785131822334985	0.554962079355905	0.168167504261628	0.714778873904249	sample_2022120210049
HROV.vOTU17948	Responder_Status	Responder	1.06881287629017	0.755909356311646	0.168401678938019	0.714778873904249	sample_2022120210049
HROV.vOTU07878	Responder_Status	Responder	1.06727701025632	0.755030288630924	0.168514567087807	0.714778873904249	sample_2022120210049
HROV.vOTU60823	Responder_Status	Responder	-1.40558429431567	0.994980229688908	0.168770747349842	0.714897059285215	sample_2022120210049
HROV.vOTU13618	Responder_Status	Responder	-0.673247784101252	0.476669137684486	0.168850896507922	0.714897059285215	sample_2022120210049
HROV.vOTU22345	Responder_Status	Responder	-1.55473183139669	1.10253984943105	0.169511919764363	0.716164612743413	sample_2022120210049
HROV.vOTU08533	Responder_Status	Responder	0.404263779769057	0.286649893980811	0.169462689790493	0.716164612743413	sample_2022120210049
HROV.vOTU01894	Responder_Status	Responder	-1.09639363784184	0.783212611150418	0.172536039092791	0.716301568445731	sample_2022120210049
HROV.vOTU19280	Responder_Status	Responder	-1.80561402057564	1.28658851306076	0.171487339661923	0.716301568445731	sample_2022120210049
HROV.vOTU13745	Responder_Status	Responder	-1.7767823177014	1.2722426835138	0.17351447160766	0.716301568445731	sample_2022120210049
HROV.vOTU00652	Responder_Status	Responder	1.09376869035733	0.780446430368303	0.172062618180632	0.716301568445731	sample_2022120210049
HROV.vOTU04874	Responder_Status	Responder	-0.531949773054434	0.380536209866934	0.173121561087356	0.716301568445731	sample_2022120210049
HROV.vOTU75400	Responder_Status	Responder	-0.894845987277836	0.635795242055151	0.170300856322647	0.716301568445731	sample_2022120210049
HROV.vOTU21661	Responder_Status	Responder	1.53727713384341	1.0944064757545	0.171117221297487	0.716301568445731	sample_2022120210049
HROV.vOTU11091	Responder_Status	Responder	1.44356727575306	1.03264813221153	0.17311196695766	0.716301568445731	sample_2022120210049
HROV.vOTU02921	Responder_Status	Responder	-0.515882824453926	0.366778406162422	0.170570792369503	0.716301568445731	sample_2022120210049
HROV.vOTU05795	Responder_Status	Responder	-0.958147986597719	0.684353041058247	0.172473384212273	0.716301568445731	sample_2022120210049
HROV.vOTU75719	Responder_Status	Responder	1.2789384657621	0.911138373738032	0.17141099404366	0.716301568445731	sample_2022120210049
HROV.vOTU01295	Responder_Status	Responder	-1.58543568421061	1.13080925562254	0.171893750547991	0.716301568445731	sample_2022120210049
HROV.vOTU20277	Responder_Status	Responder	-0.548695477097496	0.391480747654302	0.172025779294248	0.716301568445731	sample_2022120210049
HROV.vOTU34493	Responder_Status	Responder	-0.810051570473773	0.576314741404604	0.170851039944756	0.716301568445731	sample_2022120210049
HROV.vOTU06759	Responder_Status	Responder	-0.835266914104715	0.597158341642804	0.172871712599785	0.716301568445731	sample_2022120210049
HROV.vOTU12871	Responder_Status	Responder	-0.812346670825298	0.57682715185374	0.170049164941141	0.716301568445731	sample_2022120210049
HROV.vOTU60406	Responder_Status	Responder	-1.17999227898497	0.843496640915373	0.172814293795983	0.716301568445731	sample_2022120210049
HROV.vOTU03830	Responder_Status	Responder	0.659360245484463	0.469938470645708	0.171586042704215	0.716301568445731	sample_2022120210049
HROV.vOTU65186	Responder_Status	Responder	1.37711656574704	0.981974333562471	0.171787535311659	0.716301568445731	sample_2022120210049
HROV.vOTU39986	Responder_Status	Responder	0.980689626606573	0.696556546737453	0.17016373706662	0.716301568445731	sample_2022120210049
HROV.vOTU66925	Responder_Status	Responder	0.458035668503179	0.32757964419792	0.173018449831223	0.716301568445731	sample_2022120210049
HROV.vOTU06106	Responder_Status	Responder	1.1374573490802	0.810141503887047	0.171307144449582	0.716301568445731	sample_2022120210049
HROV.vOTU23940	Responder_Status	Responder	0.471197980351872	0.336846651288606	0.172837842991547	0.716301568445731	sample_2022120210049
HROV.vOTU43612	Responder_Status	Responder	0.974769668151009	0.696547605967009	0.172665697978645	0.716301568445731	sample_2022120210049
HROV.vOTU54408	Responder_Status	Responder	1.09021657768216	0.781266778289101	0.173850637289329	0.716899994457855	sample_2022120210049
HROV.vOTU40909	Responder_Status	Responder	0.522487410146578	0.374863746384863	0.174340732164198	0.717628082040077	sample_2022120210049
HROV.vOTU55642	Responder_Status	Responder	-1.45875683787403	1.04723714902809	0.174594616629361	0.718057409686683	sample_2022120210049
HROV.vOTU23300	Responder_Status	Responder	1.73685355606591	1.24704547757377	0.174649298322807	0.718123490014472	sample_2022120210049
HROV.vOTU36422	Responder_Status	Responder	-1.23836471825735	0.889752524386455	0.174938937287003	0.718735226837243	sample_2022120210049
HROV.vOTU66044	Responder_Status	Responder	-0.671426846319158	0.482579755965188	0.175082817886872	0.719071655957612	sample_2022120210049
HROV.vOTU63272	Responder_Status	Responder	0.919059101862936	0.662112251173919	0.176061933940076	0.719970636632282	sample_2022120210049
HROV.vOTU28293	Responder_Status	Responder	-1.47760581534489	1.06538267898893	0.176407631864034	0.720530105916693	sample_2022120210049
HROV.vOTU61537	Responder_Status	Responder	0.913451522721459	0.659436803735066	0.176928911128233	0.721246790111815	sample_2022120210049
HROV.vOTU10330	Responder_Status	Responder	-1.95049634943114	1.40948730655879	0.177342319426553	0.721297598270323	sample_2022120210049
HROV.vOTU09933	Responder_Status	Responder	-1.87377349701686	1.35421450930086	0.177394792274475	0.721297598270323	sample_2022120210049
HROV.vOTU17559	Responder_Status	Responder	0.947469989017062	0.684392167859159	0.177171973054922	0.721297598270323	sample_2022120210049
HROV.vOTU35657	Responder_Status	Responder	-1.33718172327811	0.966967235523579	0.177637183130211	0.721596941025142	sample_2022120210049
HROV.vOTU50244	Responder_Status	Responder	0.946241908867921	0.684341729272846	0.177685024326962	0.721650581257748	sample_2022120210049
HROV.vOTU22379	Responder_Status	Responder	-1.06356177324155	0.77060442645289	0.178456594977109	0.72175590622411	sample_2022120210049
HROV.vOTU24409	Responder_Status	Responder	-1.50803492007751	1.09376757219751	0.17888728339348	0.72175590622411	sample_2022120210049
HROV.vOTU46389	Responder_Status	Responder	-1.38848196908787	1.00683327975022	0.178793994212507	0.72175590622411	sample_2022120210049
HROV.vOTU60746	Responder_Status	Responder	-0.922531297151597	0.668504414882142	0.178509232825069	0.72175590622411	sample_2022120210049
HROV.vOTU24353	Responder_Status	Responder	1.45722424604039	1.05520771670361	0.178207752057916	0.72175590622411	sample_2022120210049
HROV.vOTU44282	Responder_Status	Responder	-0.846814540154448	0.613254667564989	0.178247396449597	0.72175590622411	sample_2022120210049
HROV.vOTU12936	Responder_Status	Responder	-0.587205430796793	0.42656141415353	0.179544255933612	0.722441979987797	sample_2022120210049
HROV.vOTU11248	Responder_Status	Responder	-0.693449454815018	0.504015153766218	0.179774427441039	0.722809763746438	sample_2022120210049
HROV.vOTU01674	Responder_Status	Responder	1.34988610783436	0.981517983630484	0.179941680983359	0.723063630335254	sample_2022120210049
HROV.vOTU08930	Responder_Status	Responder	-1.06374541818016	0.774254380426354	0.180373617629102	0.723117366128108	sample_2022120210049
HROV.vOTU41480	Responder_Status	Responder	-1.07792946138365	0.784542053941191	0.180354109503941	0.723117366128108	sample_2022120210049
HROV.vOTU16795	Responder_Status	Responder	-0.634041165571655	0.461311255273737	0.180209111930961	0.723117366128108	sample_2022120210049
HROV.vOTU06975	Responder_Status	Responder	-0.525547901654788	0.382834553854864	0.180716502310554	0.723803984167704	sample_2022120210049
HROV.vOTU49004	Responder_Status	Responder	1.22463547651592	0.892821778776892	0.181065709066017	0.724228076097227	sample_2022120210049
HROV.vOTU02539	Responder_Status	Responder	1.19638714747218	0.874654289638834	0.182240906362942	0.724526249672817	sample_2022120210049
HROV.vOTU27744	Responder_Status	Responder	-1.35450156560554	0.990439554308466	0.182322588290597	0.724526249672817	sample_2022120210049
HROV.vOTU70773	Responder_Status	Responder	-0.552496021833935	0.403890355236846	0.182211303135818	0.724526249672817	sample_2022120210049
HROV.vOTU57540	Responder_Status	Responder	-1.16413219782651	0.849872305132756	0.181643293003566	0.724526249672817	sample_2022120210049
HROV.vOTU25638	Responder_Status	Responder	0.747864333860963	0.546329816700059	0.181916726084033	0.724526249672817	sample_2022120210049
HROV.vOTU45737	Responder_Status	Responder	1.53782518437779	1.12367865012909	0.182017170886648	0.724526249672817	sample_2022120210049
HROV.vOTU17187	Responder_Status	Responder	-1.60466803461354	1.17432828744867	0.182669704556812	0.725075880061188	sample_2022120210049
HROV.vOTU46022	Responder_Status	Responder	1.55984398544444	1.141924897493	0.182818098929225	0.725300150416829	sample_2022120210049
HROV.vOTU64261	Responder_Status	Responder	1.24738425913291	0.913462358787864	0.182948921912627	0.725355050057009	sample_2022120210049
HROV.vOTU37401	Responder_Status	Responder	0.898513836977654	0.658498291799666	0.183280463048008	0.725840799772905	sample_2022120210049
HROV.vOTU17661	Responder_Status	Responder	-1.19951759311542	0.879500122803233	0.183475293230381	0.725866829614217	sample_2022120210049
HROV.vOTU19378	Responder_Status	Responder	-1.82436961139752	1.33853273088912	0.183755729583167	0.726138071484819	sample_2022120210049
HROV.vOTU20502	Responder_Status	Responder	1.64963396254636	1.21075371313474	0.183904427484598	0.726138071484819	sample_2022120210049
HROV.vOTU28965	Responder_Status	Responder	-0.742338282052027	0.544765063712908	0.183844935530406	0.726138071484819	sample_2022120210049
HROV.vOTU54200	Responder_Status	Responder	-1.24067406233172	0.91112351151202	0.184150301414848	0.726386128356374	sample_2022120210049
HROV.vOTU23600	Responder_Status	Responder	-1.1322556529778	0.832250229746075	0.184531937785067	0.726757006566265	sample_2022120210049
HROV.vOTU44129	Responder_Status	Responder	-1.99308854758224	1.46462496732125	0.184424639404691	0.726757006566265	sample_2022120210049
HROV.vOTU60207	Responder_Status	Responder	1.61584337199136	1.18797318016156	0.184627859790835	0.726757006566265	sample_2022120210049
HROV.vOTU14817	Responder_Status	Responder	-1.6007160112191	1.18101771916385	0.186133095513359	0.727005377772751	sample_2022120210049
HROV.vOTU07207	Responder_Status	Responder	-1.92179007133056	1.41575338123436	0.185484818295101	0.727005377772751	sample_2022120210049
HROV.vOTU67194	Responder_Status	Responder	-0.517883626941657	0.381580775765609	0.185556083554856	0.727005377772751	sample_2022120210049
HROV.vOTU10023	Responder_Status	Responder	-0.639792061981969	0.471079909366838	0.18526323831898	0.727005377772751	sample_2022120210049
HROV.vOTU32413	Responder_Status	Responder	1.6099560161583	1.18654056222906	0.185668206752924	0.727005377772751	sample_2022120210049
HROV.vOTU47122	Responder_Status	Responder	-0.80720982991352	0.595068577248813	0.185778120985141	0.727005377772751	sample_2022120210049
HROV.vOTU35604	Responder_Status	Responder	-0.551624657852427	0.408373975389911	0.187580978269567	0.727845725247908	sample_2022120210049
HROV.vOTU24040	Responder_Status	Responder	0.749270089307762	0.554814349322296	0.187674439853764	0.727933292586251	sample_2022120210049
HROV.vOTU18362	Responder_Status	Responder	-1.66058525726017	1.23078403100839	0.18807976414841	0.728361885741603	sample_2022120210049
HROV.vOTU17965	Responder_Status	Responder	1.30666624473796	0.968807383297552	0.188229691003674	0.728431947389092	sample_2022120210049
HROV.vOTU25966	Responder_Status	Responder	0.796499055429188	0.590696815607449	0.188334793588984	0.728431947389092	sample_2022120210049
HROV.vOTU19481	Responder_Status	Responder	-1.30555044714121	0.968703553561034	0.188549672038443	0.728566842900773	sample_2022120210049
HROV.vOTU06938	Responder_Status	Responder	1.0849029732897	0.804928974751565	0.188519513272655	0.728566842900773	sample_2022120210049
HROV.vOTU08935	Responder_Status	Responder	-1.09655881457661	0.813870648363221	0.188674197366572	0.728668718142845	sample_2022120210049
HROV.vOTU41394	Responder_Status	Responder	-0.797504781660721	0.592295722237911	0.188952355544111	0.728821794589838	sample_2022120210049
HROV.vOTU69166	Responder_Status	Responder	1.14725242931069	0.851920232023384	0.188887843973107	0.728821794589838	sample_2022120210049
HROV.vOTU30807	Responder_Status	Responder	-1.64250904182766	1.22046154612628	0.189160716805551	0.728904828502459	sample_2022120210049
HROV.vOTU69794	Responder_Status	Responder	-1.00868275841435	0.75001830680207	0.189457978255823	0.728904828502459	sample_2022120210049
HROV.vOTU72761	Responder_Status	Responder	1.28251089372993	0.952992287647865	0.189172559303499	0.728904828502459	sample_2022120210049
HROV.vOTU46802	Responder_Status	Responder	0.802363802111067	0.596674389630686	0.189506200529484	0.728904828502459	sample_2022120210049
HROV.vOTU37640	Responder_Status	Responder	-1.64681144237478	1.22507158420707	0.18965594351956	0.72917183783653	sample_2022120210049
HROV.vOTU17285	Responder_Status	Responder	1.62314764692473	1.20791103602666	0.189813449085829	0.729295580574776	sample_2022120210049
HROV.vOTU39425	Responder_Status	Responder	-1.26378538286365	0.940376885597724	0.189765693251493	0.729295580574776	sample_2022120210049
HROV.vOTU03632	Responder_Status	Responder	-2.004816566427	1.49276251809433	0.190049946173678	0.729876308611915	sample_2022120210049
HROV.vOTU03270	Responder_Status	Responder	1.11282758543806	0.830714632663787	0.191146803798794	0.731529859531194	sample_2022120210049
HROV.vOTU29016	Responder_Status	Responder	-0.755427506410545	0.563959082387219	0.191177349899081	0.731529859531194	sample_2022120210049
HROV.vOTU04553	Responder_Status	Responder	-1.47278173514177	1.10035747305932	0.191515001337988	0.7316543088427	sample_2022120210049
HROV.vOTU26712	Responder_Status	Responder	-1.41777298792762	1.0590911634189	0.191446821103405	0.7316543088427	sample_2022120210049
HROV.vOTU61220	Responder_Status	Responder	0.652773771688775	0.488261871675309	0.192005767475392	0.7316543088427	sample_2022120210049
HROV.vOTU63604	Responder_Status	Responder	-0.381076844050775	0.285621544113476	0.192888015421167	0.732960386886744	sample_2022120210049
HROV.vOTU09133	Responder_Status	Responder	1.15047071788574	0.862544974874383	0.193015033047756	0.733145857573957	sample_2022120210049
HROV.vOTU13689	Responder_Status	Responder	-0.942518305271183	0.707605309384372	0.193606964913044	0.733965225882003	sample_2022120210049
HROV.vOTU12294	Responder_Status	Responder	-0.796160714140143	0.598042431733484	0.193835861149475	0.734267498385736	sample_2022120210049
HROV.vOTU57852	Responder_Status	Responder	1.46069906991895	1.09766695338356	0.194013673321313	0.734424942523539	sample_2022120210049
HROV.vOTU16562	Responder_Status	Responder	-1.0388883182533	0.780937359886568	0.194150617124577	0.734676372646305	sample_2022120210049
HROV.vOTU37690	Responder_Status	Responder	-0.506832506928136	0.381176740307274	0.194364404490729	0.734770064042421	sample_2022120210049
HROV.vOTU74179	Responder_Status	Responder	-0.982983659795884	0.740208843339043	0.194908738546133	0.735541309112242	sample_2022120210049
HROV.vOTU68101	Responder_Status	Responder	-1.08550885346312	0.817525902748261	0.194968761777746	0.735634580159244	sample_2022120210049
HROV.vOTU19575	Responder_Status	Responder	1.30162814835338	0.981506928399355	0.195505899975547	0.736061696059003	sample_2022120210049
HROV.vOTU31714	Responder_Status	Responder	0.973768665059374	0.733731947421218	0.195181731514367	0.736061696059003	sample_2022120210049
HROV.vOTU68597	Responder_Status	Responder	1.63827311349589	1.23582171818466	0.195668727788428	0.736100436884706	sample_2022120210049
HROV.vOTU51101	Responder_Status	Responder	-2.33153693847392	1.75940688933594	0.195822996200466	0.736100436884706	sample_2022120210049
HROV.vOTU07407	Responder_Status	Responder	1.10169926944921	0.831421221331855	0.195857013346388	0.736100436884706	sample_2022120210049
HROV.vOTU05768	Responder_Status	Responder	-1.08131682082626	0.817358781399317	0.19655836401074	0.736855957018399	sample_2022120210049
HROV.vOTU37143	Responder_Status	Responder	1.74083774939824	1.31560562419141	0.196466019873457	0.736855957018399	sample_2022120210049
HROV.vOTU18880	Responder_Status	Responder	-0.388931649765556	0.293861961382725	0.196368700582293	0.736855957018399	sample_2022120210049
HROV.vOTU71692	Responder_Status	Responder	0.699505968617664	0.52925190852797	0.196969748265636	0.737707119380644	sample_2022120210049
HROV.vOTU05573	Responder_Status	Responder	0.836427282182866	0.633176197314317	0.197195328743589	0.73815391203246	sample_2022120210049
HROV.vOTU45888	Responder_Status	Responder	1.02714173898435	0.779102955305788	0.198064942820878	0.740079462638628	sample_2022120210049
HROV.vOTU65125	Responder_Status	Responder	0.52306234501077	0.396693112889035	0.19800152030469	0.740079462638628	sample_2022120210049
HROV.vOTU36564	Responder_Status	Responder	1.04314940570978	0.791400386385304	0.198150427341345	0.740266120433374	sample_2022120210049
HROV.vOTU27815	Responder_Status	Responder	-1.5514668232223	1.17833953204881	0.198630064590671	0.740862405253603	sample_2022120210049
HROV.vOTU40468	Responder_Status	Responder	1.41192169628857	1.07207720005336	0.198517189431986	0.740862405253603	sample_2022120210049
HROV.vOTU31606	Responder_Status	Responder	0.788963982609254	0.599267802393997	0.198665997966046	0.740863803046817	sample_2022120210049
HROV.vOTU18938	Responder_Status	Responder	0.808006266491018	0.614062590449985	0.198900986772556	0.741209454374211	sample_2022120210049
HROV.vOTU10151	Responder_Status	Responder	1.36471666370261	1.03756949658956	0.199078471754546	0.741472999464778	sample_2022120210049
HROV.vOTU48679	Responder_Status	Responder	1.15644642838545	0.879695254465213	0.199311488797985	0.741610720427987	sample_2022120210049
HROV.vOTU46624	Responder_Status	Responder	1.0829541972441	0.823940039447809	0.199390632845746	0.741610720427987	sample_2022120210049
HROV.vOTU01828	Responder_Status	Responder	-1.25588003223795	0.955048552653216	0.199181492383537	0.741610720427987	sample_2022120210049
HROV.vOTU03127	Responder_Status	Responder	-0.701331971727373	0.533495856527822	0.199312174999897	0.741610720427987	sample_2022120210049
HROV.vOTU09011	Responder_Status	Responder	1.60532173275681	1.22107865399767	0.199286201562726	0.741610720427987	sample_2022120210049
HROV.vOTU10459	Responder_Status	Responder	-0.873509938174817	0.665585668569641	0.200044531721112	0.741718929531326	sample_2022120210049
HROV.vOTU28970	Responder_Status	Responder	-1.36322241225594	1.03949804232514	0.200367254578644	0.741718929531326	sample_2022120210049
HROV.vOTU61540	Responder_Status	Responder	1.74110191214983	1.32580311561061	0.199761751345438	0.741718929531326	sample_2022120210049
HROV.vOTU04541	Responder_Status	Responder	-0.732460710098875	0.558794663366428	0.200579534398758	0.741718929531326	sample_2022120210049
HROV.vOTU34090	Responder_Status	Responder	-0.948066888576774	0.721713680834676	0.19963221655925	0.741718929531326	sample_2022120210049
HROV.vOTU10545	Responder_Status	Responder	1.01774957997922	0.776391944065171	0.200551528499342	0.741718929531326	sample_2022120210049
HROV.vOTU10515	Responder_Status	Responder	-1.69061648131544	1.2923360276858	0.20144809987834	0.743519371127726	sample_2022120210049
HROV.vOTU12428	Responder_Status	Responder	-0.841702196621263	0.643626763682542	0.201594527414467	0.743650282456271	sample_2022120210049
HROV.vOTU46353	Responder_Status	Responder	-1.12895728069391	0.864418866588903	0.202170445612417	0.743871538881148	sample_2022120210049
HROV.vOTU06489	Responder_Status	Responder	1.76291860481178	1.34867189047466	0.201794556574267	0.743871538881148	sample_2022120210049
HROV.vOTU60571	Responder_Status	Responder	1.32276092324905	1.01226328062795	0.201933801057425	0.743871538881148	sample_2022120210049
HROV.vOTU13650	Responder_Status	Responder	0.885874721569563	0.679127636285874	0.202707762756071	0.743871538881148	sample_2022120210049
HROV.vOTU09021	Responder_Status	Responder	1.16861680057382	0.896102509840841	0.202815278731967	0.743871538881148	sample_2022120210049
HROV.vOTU43584	Responder_Status	Responder	1.15350847974843	0.882579439620196	0.201854019168796	0.743871538881148	sample_2022120210049
HROV.vOTU50143	Responder_Status	Responder	-0.745215011163653	0.570549884194993	0.202135436737399	0.743871538881148	sample_2022120210049
HROV.vOTU55043	Responder_Status	Responder	-0.3941625580068	0.302075248318689	0.202567103694395	0.743871538881148	sample_2022120210049
HROV.vOTU49583	Responder_Status	Responder	1.03422016151863	0.792228477092234	0.202362890105831	0.743871538881148	sample_2022120210049
HROV.vOTU46976	Responder_Status	Responder	0.552754705527242	0.423777423523082	0.20273429161144	0.743871538881148	sample_2022120210049
HROV.vOTU47351	Responder_Status	Responder	0.808401377494706	0.619225366174239	0.202346989900733	0.743871538881148	sample_2022120210049
HROV.vOTU37128	Responder_Status	Responder	-0.478256557166706	0.365934514531094	0.201863524357388	0.743871538881148	sample_2022120210049
HROV.vOTU07118	Responder_Status	Responder	-0.958257677787386	0.734394497293699	0.202574506421176	0.743871538881148	sample_2022120210049
HROV.vOTU29218	Responder_Status	Responder	-0.216810459398895	0.166255247112019	0.202824936256961	0.743871538881148	sample_2022120210049
HROV.vOTU21496	Responder_Status	Responder	-0.803820391992719	0.616771778932992	0.203098008739591	0.74406744900896	sample_2022120210049
HROV.vOTU55299	Responder_Status	Responder	-1.26970290443343	0.974435771684421	0.20318452782435	0.74406744900896	sample_2022120210049
HROV.vOTU20887	Responder_Status	Responder	-0.844812016949193	0.649919398827951	0.204244615837569	0.74485127635879	sample_2022120210049
HROV.vOTU74217	Responder_Status	Responder	0.568918107999758	0.437364996534944	0.203935863370041	0.74485127635879	sample_2022120210049
HROV.vOTU74076	Responder_Status	Responder	-0.925963110833804	0.711477398425143	0.203706436261894	0.74485127635879	sample_2022120210049
HROV.vOTU23225	Responder_Status	Responder	0.689871644682736	0.530712210265382	0.204235879739557	0.74485127635879	sample_2022120210049
HROV.vOTU18349	Responder_Status	Responder	-0.546472184586002	0.42114247539672	0.205015783569888	0.745573139372053	sample_2022120210049
HROV.vOTU66452	Responder_Status	Responder	1.23058881305899	0.94858579184807	0.205119813199623	0.745573139372053	sample_2022120210049
HROV.vOTU14873	Responder_Status	Responder	1.50422948342496	1.160074734014	0.205330841114416	0.745827767541641	sample_2022120210049
HROV.vOTU61223	Responder_Status	Responder	1.13726943817498	0.877771644438769	0.205681964732239	0.746192536165105	sample_2022120210049
HROV.vOTU52372	Responder_Status	Responder	1.32823261325672	1.0253832614838	0.205777206905041	0.746349406804731	sample_2022120210049
HROV.vOTU04006	Responder_Status	Responder	0.776796510954207	0.600301852127763	0.20623413407908	0.747154961491504	sample_2022120210049
HROV.vOTU49981	Responder_Status	Responder	1.23166888895194	0.952359583536797	0.206482409467969	0.747404621484561	sample_2022120210049
HROV.vOTU48561	Responder_Status	Responder	1.20343592751252	0.930659511285223	0.206544208453579	0.747498451125641	sample_2022120210049
HROV.vOTU34183	Responder_Status	Responder	1.37772723045334	1.06624068939279	0.20687345097757	0.747521392840386	sample_2022120210049
HROV.vOTU67952	Responder_Status	Responder	-0.936088321449401	0.724122170890459	0.206673353245999	0.747521392840386	sample_2022120210049
HROV.vOTU66623	Responder_Status	Responder	0.705343094184346	0.546608232135377	0.207466730433553	0.748197651743594	sample_2022120210049
HROV.vOTU11379	Responder_Status	Responder	-0.666048248019875	0.516189859758707	0.207495230283689	0.748197651743594	sample_2022120210049
HROV.vOTU73181	Responder_Status	Responder	-0.974609115752023	0.755649628868865	0.207684612516846	0.748374948679201	sample_2022120210049
HROV.vOTU40737	Responder_Status	Responder	0.875662927349494	0.679079756459886	0.207780038442761	0.748460771257768	sample_2022120210049
HROV.vOTU28941	Responder_Status	Responder	1.72007891480669	1.33404861639106	0.207820183170299	0.74847597516909	sample_2022120210049
HROV.vOTU37296	Responder_Status	Responder	1.33789041440257	1.03826326014592	0.208088450308837	0.748502050418524	sample_2022120210049
HROV.vOTU62131	Responder_Status	Responder	-0.543214876280372	0.421694620569977	0.208230390277703	0.748788433109414	sample_2022120210049
HROV.vOTU41617	Responder_Status	Responder	-0.309622508909987	0.240535539765826	0.208556511787141	0.749241593936526	sample_2022120210049
HROV.vOTU04196	Responder_Status	Responder	-0.574543831035421	0.447024587308156	0.209230477040297	0.750183615407776	sample_2022120210049
HROV.vOTU05778	Responder_Status	Responder	-0.46643612373586	0.362841186689535	0.209145020316825	0.750183615407776	sample_2022120210049
HROV.vOTU07037	Responder_Status	Responder	-1.0285370581318	0.800647346774542	0.209447701492968	0.750403985708333	sample_2022120210049
HROV.vOTU64807	Responder_Status	Responder	0.953849636770194	0.742867056580284	0.209661703197877	0.750481365385733	sample_2022120210049
HROV.vOTU03409	Responder_Status	Responder	1.23823838916945	0.964239654354295	0.209610243372302	0.750481365385733	sample_2022120210049
HROV.vOTU24682	Responder_Status	Responder	0.926756317254043	0.721821394037944	0.209695375290589	0.750481365385733	sample_2022120210049
HROV.vOTU48854	Responder_Status	Responder	-0.820894074584084	0.639696116041242	0.209922246782449	0.750597221848691	sample_2022120210049
HROV.vOTU04657	Responder_Status	Responder	0.840850632488149	0.655870737022692	0.210343544156241	0.750719052756367	sample_2022120210049
HROV.vOTU46010	Responder_Status	Responder	1.10272598756954	0.860012247815468	0.210279873020363	0.750719052756367	sample_2022120210049
HROV.vOTU53287	Responder_Status	Responder	-0.461802395704923	0.36028903378376	0.210441005244435	0.750719052756367	sample_2022120210049
HROV.vOTU71904	Responder_Status	Responder	-1.53234449913015	1.19525946763219	0.210350056853869	0.750719052756367	sample_2022120210049
HROV.vOTU13532	Responder_Status	Responder	0.799521730305221	0.623746193098856	0.210423417723426	0.750719052756367	sample_2022120210049
HROV.vOTU36179	Responder_Status	Responder	-0.240320266447471	0.187556062125789	0.210589930384883	0.750773641641909	sample_2022120210049
HROV.vOTU66788	Responder_Status	Responder	1.24462797435066	0.972202370604434	0.21097442329974	0.751136724102884	sample_2022120210049
HROV.vOTU01819	Responder_Status	Responder	1.32028374991043	1.03306457946789	0.21173404786801	0.75230496548443	sample_2022120210049
HROV.vOTU11240	Responder_Status	Responder	1.69891431275187	1.33050603525192	0.212128113406269	0.752543715787438	sample_2022120210049
HROV.vOTU07124	Responder_Status	Responder	-1.2095158816284	0.94909743390831	0.213002400836701	0.753463397262551	sample_2022120210049
HROV.vOTU55704	Responder_Status	Responder	0.315951704600347	0.24796492602624	0.213074458203549	0.753463397262551	sample_2022120210049
HROV.vOTU03587	Responder_Status	Responder	-1.18960807966104	0.933860570419265	0.213185721805101	0.75348636346999	sample_2022120210049
HROV.vOTU51131	Responder_Status	Responder	0.509980048225749	0.40028606415007	0.213123367635671	0.75348636346999	sample_2022120210049
HROV.vOTU08682	Responder_Status	Responder	-1.69711365028235	1.33527313920658	0.214191750649145	0.754006227342797	sample_2022120210049
HROV.vOTU37802	Responder_Status	Responder	-1.86007214153215	1.46311198159057	0.214077439884205	0.754006227342797	sample_2022120210049
HROV.vOTU67940	Responder_Status	Responder	-0.902098978671406	0.709161766578773	0.213814160330842	0.754006227342797	sample_2022120210049
HROV.vOTU14223	Responder_Status	Responder	-0.845478487927119	0.664806672120456	0.213918458861373	0.754006227342797	sample_2022120210049
HROV.vOTU45982	Responder_Status	Responder	0.921978447787525	0.725178741513303	0.214053346899869	0.754006227342797	sample_2022120210049
HROV.vOTU38801	Responder_Status	Responder	1.29145905564754	1.01639220222211	0.214316432699602	0.754270755962199	sample_2022120210049
HROV.vOTU69542	Responder_Status	Responder	-1.56988931725998	1.23668218045772	0.21473567483223	0.754726347019147	sample_2022120210049
HROV.vOTU20490	Responder_Status	Responder	0.867015463590924	0.683056766313253	0.214777659831316	0.754746591766818	sample_2022120210049
HROV.vOTU44591	Responder_Status	Responder	-1.29777143619898	1.02272684801464	0.214912702479739	0.754839203669144	sample_2022120210049
HROV.vOTU52417	Responder_Status	Responder	-0.729655239754364	0.574984210296191	0.214888840619801	0.754839203669144	sample_2022120210049
HROV.vOTU69975	Responder_Status	Responder	-1.28300719905317	1.01448519087352	0.21640874404326	0.75513237388014	sample_2022120210049
HROV.vOTU26399	Responder_Status	Responder	-0.817818462058018	0.645636009198021	0.215703341923462	0.75513237388014	sample_2022120210049
HROV.vOTU50165	Responder_Status	Responder	0.669533185689414	0.528765435282536	0.215867981731332	0.75513237388014	sample_2022120210049
HROV.vOTU39510	Responder_Status	Responder	1.16017677709079	0.916852205848778	0.216160312354107	0.75513237388014	sample_2022120210049
HROV.vOTU63450	Responder_Status	Responder	-0.404144417255057	0.319467154347617	0.216278074438398	0.75513237388014	sample_2022120210049
HROV.vOTU73633	Responder_Status	Responder	0.386481276102972	0.305432041298977	0.216171597884506	0.75513237388014	sample_2022120210049
HROV.vOTU54655	Responder_Status	Responder	-1.00731800794625	0.796246527901598	0.216269148050002	0.75513237388014	sample_2022120210049
HROV.vOTU12769	Responder_Status	Responder	0.590944524461213	0.466247398403788	0.21543491384528	0.75513237388014	sample_2022120210049
HROV.vOTU60099	Responder_Status	Responder	1.53184691022366	1.21223746615806	0.216774888001215	0.755570491708292	sample_2022120210049
HROV.vOTU16167	Responder_Status	Responder	0.384097181764036	0.304090156011394	0.216969396266258	0.755693308459963	sample_2022120210049
HROV.vOTU05377	Responder_Status	Responder	-0.482297125692108	0.382023252155986	0.217189682898277	0.755955069025325	sample_2022120210049
HROV.vOTU44351	Responder_Status	Responder	-0.880084639812018	0.697755464215704	0.217605616441078	0.756139596155746	sample_2022120210049
HROV.vOTU34202	Responder_Status	Responder	0.525196999537903	0.41629821375253	0.217506174232321	0.756139596155746	sample_2022120210049
HROV.vOTU07154	Responder_Status	Responder	1.04511753767982	0.829241267339537	0.217952975770884	0.756722888642133	sample_2022120210049
HROV.vOTU07569	Responder_Status	Responder	1.67758608155224	1.33181344871608	0.21820336852777	0.757080296965211	sample_2022120210049
HROV.vOTU41294	Responder_Status	Responder	-0.844355607791049	0.670712172154664	0.218463540655808	0.75735239094239	sample_2022120210049
HROV.vOTU63699	Responder_Status	Responder	-0.737506451942342	0.585791297508638	0.218428767922015	0.75735239094239	sample_2022120210049
HROV.vOTU20977	Responder_Status	Responder	1.81710374125955	1.44397899325008	0.218639319955624	0.757582477148769	sample_2022120210049
HROV.vOTU11679	Responder_Status	Responder	0.526644315523375	0.418536629149857	0.218675354815104	0.757582477148769	sample_2022120210049
HROV.vOTU54379	Responder_Status	Responder	-0.450679452032697	0.358600724917928	0.219219739596137	0.757975051084548	sample_2022120210049
HROV.vOTU08388	Responder_Status	Responder	1.47130834255235	1.1708532165268	0.219276900635282	0.757975051084548	sample_2022120210049
HROV.vOTU30877	Responder_Status	Responder	1.46549819123339	1.16579400601356	0.219109380327962	0.757975051084548	sample_2022120210049
HROV.vOTU24417	Responder_Status	Responder	1.33188541795396	1.06044911439576	0.219508490220386	0.758073826245938	sample_2022120210049
HROV.vOTU07335	Responder_Status	Responder	0.440083783865728	0.350461843456326	0.219593622845927	0.758242149816851	sample_2022120210049
HROV.vOTU26908	Responder_Status	Responder	1.51753227047623	1.20898146811319	0.21977582202029	0.758389100347181	sample_2022120210049
HROV.vOTU14997	Responder_Status	Responder	0.945688194027956	0.753786511722465	0.220001838230144	0.758645862218644	sample_2022120210049
HROV.vOTU07805	Responder_Status	Responder	1.25248829255457	0.999022338592837	0.220313162966343	0.758840262920111	sample_2022120210049
HROV.vOTU21580	Responder_Status	Responder	-0.567668006075424	0.453039144015073	0.220561150529081	0.758947809412263	sample_2022120210049
HROV.vOTU50642	Responder_Status	Responder	1.74765828409174	1.39493218243589	0.2206183152663	0.758947809412263	sample_2022120210049
HROV.vOTU71398	Responder_Status	Responder	-0.476090341295634	0.380463874757701	0.221164136512426	0.7590933198765	sample_2022120210049
HROV.vOTU23169	Responder_Status	Responder	0.998831842111546	0.799527942390988	0.221906853903338	0.760218172450158	sample_2022120210049
HROV.vOTU14822	Responder_Status	Responder	0.914267265710214	0.731854116461084	0.221917299008489	0.760218172450158	sample_2022120210049
HROV.vOTU59995	Responder_Status	Responder	1.49479228960419	1.19692718076756	0.222057724974448	0.760449022782849	sample_2022120210049
HROV.vOTU14202	Responder_Status	Responder	1.21797323015883	0.976011676301619	0.222400144657577	0.760868881454268	sample_2022120210049
HROV.vOTU57502	Responder_Status	Responder	-0.923692560245984	0.740255754074419	0.222438579191252	0.760868881454268	sample_2022120210049
HROV.vOTU11438	Responder_Status	Responder	1.22299712787729	0.980800446438651	0.222750539435413	0.761072955123942	sample_2022120210049
HROV.vOTU54203	Responder_Status	Responder	-0.852174490189887	0.684482403752955	0.223454504637279	0.761851514337702	sample_2022120210049
HROV.vOTU07548	Responder_Status	Responder	-1.80647436191985	1.45201444695093	0.223771510791607	0.762139655796795	sample_2022120210049
HROV.vOTU49413	Responder_Status	Responder	1.11598303807474	0.897848693874515	0.224193594372448	0.762576862536955	sample_2022120210049
HROV.vOTU27032	Responder_Status	Responder	-1.16996258692211	0.941553609936534	0.224326066258171	0.762576862536955	sample_2022120210049
HROV.vOTU51501	Responder_Status	Responder	-0.674043273053512	0.542688875846738	0.224523550121083	0.762620529751506	sample_2022120210049
HROV.vOTU00515	Responder_Status	Responder	1.29143376503382	1.04100953260101	0.225063489187495	0.762620529751506	sample_2022120210049
HROV.vOTU20282	Responder_Status	Responder	-1.27002981624169	1.0240219767679	0.225180777491301	0.762620529751506	sample_2022120210049
HROV.vOTU43750	Responder_Status	Responder	1.13016145000225	0.910158205801892	0.224641253042152	0.762620529751506	sample_2022120210049
HROV.vOTU33361	Responder_Status	Responder	1.25745545044919	1.01216473228944	0.224414914472819	0.762620529751506	sample_2022120210049
HROV.vOTU01546	Responder_Status	Responder	1.19114442337165	0.960227374844749	0.225091659790993	0.762620529751506	sample_2022120210049
HROV.vOTU15369	Responder_Status	Responder	0.791248938157631	0.637890248654635	0.225115744663471	0.762620529751506	sample_2022120210049
HROV.vOTU60122	Responder_Status	Responder	1.37965063161818	1.11216778169744	0.225082846812671	0.762620529751506	sample_2022120210049
HROV.vOTU37931	Responder_Status	Responder	0.841807562900891	0.678663534447055	0.225124966648482	0.762620529751506	sample_2022120210049
HROV.vOTU04675	Responder_Status	Responder	1.63927469910172	1.32236864025082	0.225394454453039	0.762634164258672	sample_2022120210049
HROV.vOTU44777	Responder_Status	Responder	-0.609233678801484	0.491703321253412	0.225621695876046	0.762743737412885	sample_2022120210049
HROV.vOTU47915	Responder_Status	Responder	0.732048947564169	0.590871133071577	0.225656462558821	0.762743737412885	sample_2022120210049
HROV.vOTU65887	Responder_Status	Responder	-1.56656423032283	1.26563880513705	0.22608204879215	0.763118879811845	sample_2022120210049
HROV.vOTU36919	Responder_Status	Responder	-1.43055326590258	1.15590651617254	0.226141494451941	0.763118879811845	sample_2022120210049
HROV.vOTU08922	Responder_Status	Responder	-0.328520838746978	0.265655387948599	0.226492429564026	0.763340305720882	sample_2022120210049
HROV.vOTU06892	Responder_Status	Responder	-0.603828711077539	0.488783100684867	0.22695779241242	0.763731235793218	sample_2022120210049
HROV.vOTU09659	Responder_Status	Responder	1.07865434523554	0.872641677723981	0.226698610474181	0.763731235793218	sample_2022120210049
HROV.vOTU21405	Responder_Status	Responder	0.640005238597784	0.517916715739612	0.226826484427791	0.763731235793218	sample_2022120210049
HROV.vOTU56492	Responder_Status	Responder	1.08469568341291	0.877701431153105	0.226787410838151	0.763731235793218	sample_2022120210049
HROV.vOTU72239	Responder_Status	Responder	1.16096439871633	0.940181932058849	0.227156395428919	0.763777617638329	sample_2022120210049
HROV.vOTU48896	Responder_Status	Responder	-0.484411179471412	0.392225641046458	0.227082217752309	0.763777617638329	sample_2022120210049
HROV.vOTU36599	Responder_Status	Responder	-1.34443093768636	1.08933855283778	0.227397577128107	0.76405461726281	sample_2022120210049
HROV.vOTU68918	Responder_Status	Responder	1.39767033639277	1.13380558575724	0.227928857282826	0.764470335175559	sample_2022120210049
HROV.vOTU35709	Responder_Status	Responder	0.861548725448562	0.698703273573657	0.227802742260756	0.764470335175559	sample_2022120210049
HROV.vOTU71437	Responder_Status	Responder	-1.2990874743545	1.05500361324148	0.228431470928292	0.764803239662421	sample_2022120210049
HROV.vOTU02979	Responder_Status	Responder	-0.973961451143293	0.790886585301114	0.228386478305276	0.764803239662421	sample_2022120210049
HROV.vOTU58176	Responder_Status	Responder	-0.882672389569184	0.716929755503804	0.2284956725137	0.764803239662421	sample_2022120210049
HROV.vOTU18411	Responder_Status	Responder	1.30454543969036	1.06021223263133	0.228763472240274	0.765135115442386	sample_2022120210049
HROV.vOTU61489	Responder_Status	Responder	-1.13147516240313	0.920011789182883	0.228987729199117	0.765558301967843	sample_2022120210049
HROV.vOTU70738	Responder_Status	Responder	-0.897112477397524	0.72966269817417	0.229120240812037	0.76575317695205	sample_2022120210049
HROV.vOTU49194	Responder_Status	Responder	-0.693164101114054	0.564123097613806	0.229394525965467	0.766180658623039	sample_2022120210049
HROV.vOTU43365	Responder_Status	Responder	-1.09577118226141	0.894599030139549	0.230827700784439	0.76689042367382	sample_2022120210049
HROV.vOTU00606	Responder_Status	Responder	1.36290616744109	1.11114678089699	0.23019688706012	0.76689042367382	sample_2022120210049
HROV.vOTU34131	Responder_Status	Responder	-0.848402940184123	0.691545881277564	0.230106294542903	0.76689042367382	sample_2022120210049
HROV.vOTU50049	Responder_Status	Responder	-1.2048156751907	0.982468029818734	0.230293449832698	0.76689042367382	sample_2022120210049
HROV.vOTU07151	Responder_Status	Responder	1.03590212557118	0.844809935847458	0.230337865304339	0.76689042367382	sample_2022120210049
HROV.vOTU60614	Responder_Status	Responder	-0.645627321900669	0.52723690197693	0.230948404787817	0.76689042367382	sample_2022120210049
HROV.vOTU28238	Responder_Status	Responder	1.5174765476986	1.23672525907374	0.230035627160971	0.76689042367382	sample_2022120210049
HROV.vOTU66467	Responder_Status	Responder	-1.08363038079043	0.88605362250885	0.231529306371223	0.767161752265336	sample_2022120210049
HROV.vOTU37096	Responder_Status	Responder	-1.15491811113268	0.944590724516257	0.231648319486902	0.767190070975934	sample_2022120210049
HROV.vOTU58202	Responder_Status	Responder	1.43493193003641	1.1746255634812	0.232041808679406	0.767714812422803	sample_2022120210049
HROV.vOTU66406	Responder_Status	Responder	1.09869994683961	0.899655203870121	0.232176803350881	0.767784558545915	sample_2022120210049
HROV.vOTU48198	Responder_Status	Responder	-0.915681934237587	0.750122438862837	0.232376450120181	0.767784558545915	sample_2022120210049
HROV.vOTU66684	Responder_Status	Responder	-1.64083262727596	1.34439890444093	0.232456475784092	0.767791799771964	sample_2022120210049
HROV.vOTU60167	Responder_Status	Responder	-0.831650970668547	0.681759919000306	0.232693900715768	0.768088945090785	sample_2022120210049
HROV.vOTU03566	Responder_Status	Responder	1.05404819544615	0.865808836674936	0.233607633400912	0.769359783539605	sample_2022120210049
HROV.vOTU08300	Responder_Status	Responder	-0.665125698048072	0.546463143182837	0.233707957718586	0.769359783539605	sample_2022120210049
HROV.vOTU58926	Responder_Status	Responder	-0.831646148434447	0.684110878359549	0.234265119898705	0.769359783539605	sample_2022120210049
HROV.vOTU17592	Responder_Status	Responder	0.86420652589074	0.710587646882467	0.23406794113937	0.769359783539605	sample_2022120210049
HROV.vOTU68484	Responder_Status	Responder	0.727281570895706	0.598485085215381	0.234436112641539	0.769693729417973	sample_2022120210049
HROV.vOTU57557	Responder_Status	Responder	-1.44134358057872	1.18684958798161	0.23472749687643	0.77004367775475	sample_2022120210049
HROV.vOTU43358	Responder_Status	Responder	-0.93521495249788	0.770062662174472	0.234713272514049	0.77004367775475	sample_2022120210049
HROV.vOTU28745	Responder_Status	Responder	1.04695556308097	0.862502856430215	0.234941956495397	0.770304370634217	sample_2022120210049
HROV.vOTU52476	Responder_Status	Responder	-1.52787677190534	1.25916791106725	0.235113266319246	0.770427447952343	sample_2022120210049
HROV.vOTU26829	Responder_Status	Responder	0.870944624542145	0.717865078146283	0.235173132387974	0.770427447952343	sample_2022120210049
HROV.vOTU31580	Responder_Status	Responder	0.746702272002242	0.616492856747292	0.235938828081261	0.770553310551088	sample_2022120210049
HROV.vOTU23941	Responder_Status	Responder	-1.26931649210004	1.04822997524499	0.236050399335469	0.770553310551088	sample_2022120210049
HROV.vOTU63635	Responder_Status	Responder	-0.258516517615611	0.213551269943117	0.236184215174192	0.770553310551088	sample_2022120210049
HROV.vOTU29721	Responder_Status	Responder	1.06587478390259	0.880282647565759	0.236081220694076	0.770553310551088	sample_2022120210049
HROV.vOTU50719	Responder_Status	Responder	0.446910880065178	0.368921492221731	0.235867787794458	0.770553310551088	sample_2022120210049
HROV.vOTU40887	Responder_Status	Responder	-0.565202674472627	0.46872545292033	0.237974645746311	0.770646433531082	sample_2022120210049
HROV.vOTU27154	Responder_Status	Responder	1.20455797950254	1.00100249128452	0.238916233636577	0.770646433531082	sample_2022120210049
HROV.vOTU10057	Responder_Status	Responder	1.41302166461631	1.17139607259175	0.237806697640723	0.770646433531082	sample_2022120210049
HROV.vOTU02501	Responder_Status	Responder	0.895147298059307	0.740487894095986	0.236825709436924	0.770646433531082	sample_2022120210049
HROV.vOTU59893	Responder_Status	Responder	1.13509979588595	0.940645978126615	0.237635194875347	0.770646433531082	sample_2022120210049
HROV.vOTU05156	Responder_Status	Responder	1.05558081019432	0.875165530443689	0.23785282108174	0.770646433531082	sample_2022120210049
HROV.vOTU07517	Responder_Status	Responder	0.985651027468101	0.819170336602514	0.238962209382462	0.770646433531082	sample_2022120210049
HROV.vOTU59611	Responder_Status	Responder	-1.32491982887845	1.10053312977889	0.238711710636706	0.770646433531082	sample_2022120210049
HROV.vOTU15775	Responder_Status	Responder	0.994948511746663	0.825288769261009	0.238070545262765	0.770646433531082	sample_2022120210049
HROV.vOTU55097	Responder_Status	Responder	1.11816839260271	0.92754468656752	0.238094049161162	0.770646433531082	sample_2022120210049
HROV.vOTU72241	Responder_Status	Responder	-0.771349533859957	0.638962255708482	0.237458044357538	0.770646433531082	sample_2022120210049
HROV.vOTU01972	Responder_Status	Responder	1.05424144257964	0.873298173540102	0.237456447769314	0.770646433531082	sample_2022120210049
HROV.vOTU04846	Responder_Status	Responder	-0.77307738126345	0.64034361315304	0.237422372398948	0.770646433531082	sample_2022120210049
HROV.vOTU23857	Responder_Status	Responder	0.771992685949805	0.63936453526083	0.237364699805827	0.770646433531082	sample_2022120210049
HROV.vOTU29517	Responder_Status	Responder	-0.629525507695319	0.523617990822631	0.239331644417623	0.771183855775004	sample_2022120210049
HROV.vOTU51003	Responder_Status	Responder	-0.410834975181429	0.341857178276948	0.23951743511427	0.771424603587233	sample_2022120210049
HROV.vOTU51929	Responder_Status	Responder	-1.43891742442552	1.19859551850964	0.240002444516829	0.77151311120706	sample_2022120210049
HROV.vOTU36207	Responder_Status	Responder	1.42437860153707	1.18621502264885	0.23989813886101	0.77151311120706	sample_2022120210049
HROV.vOTU35959	Responder_Status	Responder	-0.536694786781565	0.446956903109939	0.239898448487761	0.77151311120706	sample_2022120210049
HROV.vOTU34003	Responder_Status	Responder	-0.759853203939442	0.633779228534005	0.24060602018564	0.771581160338654	sample_2022120210049
HROV.vOTU53592	Responder_Status	Responder	-0.392175126578262	0.327177409247137	0.240706338921905	0.771581160338654	sample_2022120210049
HROV.vOTU42183	Responder_Status	Responder	-0.711860106538636	0.593435092367021	0.240363363556068	0.771581160338654	sample_2022120210049
HROV.vOTU07170	Responder_Status	Responder	0.671001793481725	0.560603208759546	0.241370668990009	0.772141545893881	sample_2022120210049
HROV.vOTU64808	Responder_Status	Responder	1.52667479128849	1.27528639846844	0.241295929335282	0.772141545893881	sample_2022120210049
HROV.vOTU30980	Responder_Status	Responder	-0.995349526317428	0.831929522231772	0.241559930791834	0.772283900919827	sample_2022120210049
HROV.vOTU28078	Responder_Status	Responder	-0.566803106529423	0.474145220938946	0.241949323589923	0.772910011976497	sample_2022120210049
HROV.vOTU11151	Responder_Status	Responder	0.890290901997773	0.745030559873299	0.24212172881239	0.772910011976497	sample_2022120210049
HROV.vOTU33355	Responder_Status	Responder	1.19955546619403	1.00451027461952	0.24243054190538	0.772910011976497	sample_2022120210049
HROV.vOTU11909	Responder_Status	Responder	-0.753361209877878	0.630585256493879	0.242225827812865	0.772910011976497	sample_2022120210049
HROV.vOTU30867	Responder_Status	Responder	0.735674961079163	0.615663538832653	0.242137921336161	0.772910011976497	sample_2022120210049
HROV.vOTU26728	Responder_Status	Responder	-0.380197967748511	0.318244849671992	0.242237502138666	0.772910011976497	sample_2022120210049
HROV.vOTU12134	Responder_Status	Responder	-0.290631357024034	0.243586132839098	0.242828499605641	0.773248911888508	sample_2022120210049
HROV.vOTU45720	Responder_Status	Responder	-1.35280406196876	1.13481484673684	0.24323080804227	0.77393309186938	sample_2022120210049
HROV.vOTU37604	Responder_Status	Responder	1.01288817687041	0.850149481275257	0.243488856786307	0.774163029321334	sample_2022120210049
HROV.vOTU74254	Responder_Status	Responder	0.569767039508206	0.478157568756484	0.243425229405521	0.774163029321334	sample_2022120210049
HROV.vOTU06146	Responder_Status	Responder	0.950495426492611	0.798954946761721	0.244165238635957	0.775248818497434	sample_2022120210049
HROV.vOTU33387	Responder_Status	Responder	-0.479173217135169	0.402889649766265	0.244293803974903	0.775530992989319	sample_2022120210049
HROV.vOTU13792	Responder_Status	Responder	0.273004229600663	0.229692753903038	0.244595194257086	0.775786401635926	sample_2022120210049
HROV.vOTU36175	Responder_Status	Responder	-0.410453394492303	0.345430675910824	0.244721490516012	0.775849247251255	sample_2022120210049
HROV.vOTU02550	Responder_Status	Responder	1.24934363935249	1.05300697009646	0.245413245412108	0.776545756964465	sample_2022120210049
HROV.vOTU01595	Responder_Status	Responder	1.12384105931326	0.947553002637219	0.24557161672676	0.776637011915916	sample_2022120210049
HROV.vOTU38046	Responder_Status	Responder	1.61360755697836	1.36151369067541	0.245916984681247	0.777029890811013	sample_2022120210049
HROV.vOTU29703	Responder_Status	Responder	0.376279452778672	0.317993939724695	0.246643373238629	0.777783363315701	sample_2022120210049
HROV.vOTU02423	Responder_Status	Responder	1.16444973151844	0.984669636730453	0.24692105360498	0.778261061892041	sample_2022120210049
HROV.vOTU44878	Responder_Status	Responder	0.825033299846116	0.698051476623376	0.247182553102039	0.7783716704597	sample_2022120210049
HROV.vOTU43068	Responder_Status	Responder	-1.35065570137983	1.14335568076298	0.247417070106807	0.778808680416274	sample_2022120210049
HROV.vOTU47873	Responder_Status	Responder	0.85623304381176	0.725121858064353	0.247610810351133	0.779200711145336	sample_2022120210049
HROV.vOTU34386	Responder_Status	Responder	-1.10515103436357	0.936503175879248	0.24789630672386	0.779200711145336	sample_2022120210049
HROV.vOTU75544	Responder_Status	Responder	1.13603908148733	0.962567787864084	0.247843617096497	0.779200711145336	sample_2022120210049
HROV.vOTU48984	Responder_Status	Responder	0.483024221063551	0.410419302335028	0.249141967286425	0.781404920730492	sample_2022120210049
HROV.vOTU70315	Responder_Status	Responder	1.10285051199168	0.939515042929377	0.250343031710241	0.782261472051387	sample_2022120210049
HROV.vOTU20111	Responder_Status	Responder	1.34048657084503	1.1426231576738	0.250613017453031	0.782261472051387	sample_2022120210049
HROV.vOTU69880	Responder_Status	Responder	-0.616808786417931	0.526202500306097	0.250998498696187	0.782261472051387	sample_2022120210049
HROV.vOTU16097	Responder_Status	Responder	0.963834917896835	0.822445630122829	0.251107393209633	0.782261472051387	sample_2022120210049
HROV.vOTU56168	Responder_Status	Responder	-0.995477131167276	0.850033679374987	0.251427465958636	0.78237538570963	sample_2022120210049
HROV.vOTU71847	Responder_Status	Responder	1.29664182899825	1.1072443140998	0.251447277363377	0.78237538570963	sample_2022120210049
HROV.vOTU03622	Responder_Status	Responder	1.20881429623594	1.03336785841431	0.251950439964265	0.783139999501038	sample_2022120210049
HROV.vOTU30746	Responder_Status	Responder	0.730452328057688	0.624424622826611	0.25194274174034	0.783139999501038	sample_2022120210049
HROV.vOTU04464	Responder_Status	Responder	-1.0861275916135	0.929468814057167	0.25243958948234	0.783872620806493	sample_2022120210049
HROV.vOTU39835	Responder_Status	Responder	0.518765820228412	0.443919008015864	0.252416559018016	0.783872620806493	sample_2022120210049
HROV.vOTU74508	Responder_Status	Responder	-0.896833427159642	0.768222383827349	0.252888985377537	0.783877493728687	sample_2022120210049
HROV.vOTU07547	Responder_Status	Responder	-0.970147250932067	0.830915131012121	0.25282905648634	0.783877493728687	sample_2022120210049
HROV.vOTU74149	Responder_Status	Responder	-0.684977094636041	0.58760033791824	0.253562322884848	0.784172628366605	sample_2022120210049
HROV.vOTU01280	Responder_Status	Responder	1.59068373864437	1.36545321702507	0.253868774502866	0.784654489952116	sample_2022120210049
HROV.vOTU01537	Responder_Status	Responder	1.08259981246971	0.930032436269748	0.254228883668364	0.784889865492442	sample_2022120210049
HROV.vOTU01853	Responder_Status	Responder	0.986207675106953	0.847300494159303	0.254270472956426	0.784889865492442	sample_2022120210049
HROV.vOTU60343	Responder_Status	Responder	-1.74959792448858	1.50390264531992	0.254497368690582	0.785315858511296	sample_2022120210049
HROV.vOTU65027	Responder_Status	Responder	1.43762373946816	1.23618914696499	0.254666424121522	0.785488519107611	sample_2022120210049
HROV.vOTU20022	Responder_Status	Responder	-0.734001614718411	0.631215237219401	0.254709986665905	0.785506597422162	sample_2022120210049
HROV.vOTU20504	Responder_Status	Responder	-0.658545339703242	0.566573008359867	0.254912752868583	0.785547525788119	sample_2022120210049
HROV.vOTU10338	Responder_Status	Responder	0.88698937964907	0.763151197150293	0.254936232838264	0.785547525788119	sample_2022120210049
HROV.vOTU21801	Responder_Status	Responder	-1.12162217443647	0.965678138078655	0.255250096584402	0.786008832742538	sample_2022120210049
HROV.vOTU07552	Responder_Status	Responder	1.46440128668961	1.26135159074861	0.255453479570367	0.786451693716514	sample_2022120210049
HROV.vOTU13869	Responder_Status	Responder	0.723028799556398	0.622837624520045	0.255499651955287	0.786451693716514	sample_2022120210049
HROV.vOTU61919	Responder_Status	Responder	-0.921323560959528	0.794581035651712	0.256041586677332	0.786926439031526	sample_2022120210049
HROV.vOTU67290	Responder_Status	Responder	-0.50485675241802	0.435432478633417	0.256070072575054	0.786926439031526	sample_2022120210049
HROV.vOTU73490	Responder_Status	Responder	0.375738009869664	0.324138431769531	0.256169277273992	0.787076945256721	sample_2022120210049
HROV.vOTU74002	Responder_Status	Responder	0.862750128236994	0.744386327512727	0.256241973971307	0.787085585683647	sample_2022120210049
HROV.vOTU26471	Responder_Status	Responder	-0.522795255158243	0.45139763430832	0.256578217393843	0.787189980768771	sample_2022120210049
HROV.vOTU72662	Responder_Status	Responder	0.638425564544962	0.551144683686212	0.256500872072921	0.787189980768771	sample_2022120210049
HROV.vOTU56010	Responder_Status	Responder	-0.610468032996543	0.527511672778188	0.256943671670257	0.787259746707227	sample_2022120210049
HROV.vOTU07046	Responder_Status	Responder	0.619159699676419	0.535036479437421	0.256956050231049	0.787259746707227	sample_2022120210049
HROV.vOTU34273	Responder_Status	Responder	0.38209774321664	0.330199531006116	0.256978811488162	0.787259746707227	sample_2022120210049
HROV.vOTU58813	Responder_Status	Responder	-0.695939801943105	0.601131830527583	0.25676056420262	0.787259746707227	sample_2022120210049
HROV.vOTU26654	Responder_Status	Responder	-0.541902283487032	0.46850208240701	0.257180644844894	0.787309041652072	sample_2022120210049
HROV.vOTU26158	Responder_Status	Responder	-0.640298361058125	0.553692130758823	0.257282786078413	0.787496231518104	sample_2022120210049
HROV.vOTU52333	Responder_Status	Responder	-1.52865726287473	1.32234292161476	0.257441241447336	0.787749781987846	sample_2022120210049
HROV.vOTU55711	Responder_Status	Responder	0.501601881528983	0.434096931684307	0.257648518399034	0.787755691908059	sample_2022120210049
HROV.vOTU53340	Responder_Status	Responder	0.633340619071706	0.548447463341131	0.257937799135216	0.787888187765486	sample_2022120210049
HROV.vOTU48844	Responder_Status	Responder	0.274689911188246	0.238141647467919	0.25846799083474	0.788320169498224	sample_2022120210049
HROV.vOTU01539	Responder_Status	Responder	-0.475162440537277	0.411904968180119	0.258427579931285	0.788320169498224	sample_2022120210049
HROV.vOTU22923	Responder_Status	Responder	-0.782404346310789	0.678047835575811	0.25829275998241	0.788320169498224	sample_2022120210049
HROV.vOTU35796	Responder_Status	Responder	1.19019679099185	1.03249528724933	0.258764428075431	0.788555924960011	sample_2022120210049
HROV.vOTU51416	Responder_Status	Responder	-0.594976430011604	0.516076581517624	0.258705585120544	0.788555924960011	sample_2022120210049
HROV.vOTU12762	Responder_Status	Responder	-1.48062107600876	1.28481246898823	0.258900005176264	0.788738354707918	sample_2022120210049
HROV.vOTU19975	Responder_Status	Responder	-0.575826145151258	0.499897688968715	0.259107857687768	0.788803915082898	sample_2022120210049
HROV.vOTU59291	Responder_Status	Responder	-1.06347398379726	0.924877362856163	0.259930759360475	0.788946038072988	sample_2022120210049
HROV.vOTU16592	Responder_Status	Responder	1.13741029024551	0.989802027831108	0.260224534462999	0.788946038072988	sample_2022120210049
HROV.vOTU21886	Responder_Status	Responder	1.14218496380899	0.993740964893072	0.260123246358831	0.788946038072988	sample_2022120210049
HROV.vOTU15604	Responder_Status	Responder	-0.899758749800493	0.781291491306126	0.2592121165864	0.788946038072988	sample_2022120210049
HROV.vOTU22913	Responder_Status	Responder	-0.195548950647669	0.169990798616663	0.259729846324477	0.788946038072988	sample_2022120210049
HROV.vOTU16199	Responder_Status	Responder	1.44516581786314	1.25709271604567	0.260029801276694	0.788946038072988	sample_2022120210049
HROV.vOTU47446	Responder_Status	Responder	0.757881839026619	0.659107906590305	0.259928337089334	0.788946038072988	sample_2022120210049
HROV.vOTU48140	Responder_Status	Responder	0.65880717743267	0.572968270464211	0.259946814546585	0.788946038072988	sample_2022120210049
HROV.vOTU31817	Responder_Status	Responder	0.786451587931213	0.684046454530698	0.259991163060425	0.788946038072988	sample_2022120210049
HROV.vOTU17808	Responder_Status	Responder	0.532151128566008	0.462314896467097	0.259443545136402	0.788946038072988	sample_2022120210049
HROV.vOTU09782	Responder_Status	Responder	1.03390892224571	0.899397929460599	0.260051220499323	0.788946038072988	sample_2022120210049
HROV.vOTU51286	Responder_Status	Responder	0.992269060437453	0.863811827047214	0.26039456821931	0.788946038072988	sample_2022120210049
HROV.vOTU51628	Responder_Status	Responder	1.17900988707126	1.03195859066787	0.26292311980278	0.789038264957474	sample_2022120210049
HROV.vOTU34791	Responder_Status	Responder	-0.599563402116347	0.523091342435271	0.261416950887186	0.789038264957474	sample_2022120210049
HROV.vOTU64997	Responder_Status	Responder	0.795378701850148	0.695614302718383	0.26254679061016	0.789038264957474	sample_2022120210049
HROV.vOTU04949	Responder_Status	Responder	1.24090706502236	1.08676323806745	0.263192689452954	0.789038264957474	sample_2022120210049
HROV.vOTU26869	Responder_Status	Responder	-0.727441992001365	0.635192961430208	0.261808702879052	0.789038264957474	sample_2022120210049
HROV.vOTU64505	Responder_Status	Responder	-0.457464237835682	0.399406597905505	0.261755850135425	0.789038264957474	sample_2022120210049
HROV.vOTU69117	Responder_Status	Responder	-0.56574781981916	0.494119644481987	0.261918144264987	0.789038264957474	sample_2022120210049
HROV.vOTU68419	Responder_Status	Responder	-0.511492480518049	0.447961162219119	0.263198522083377	0.789038264957474	sample_2022120210049
HROV.vOTU23270	Responder_Status	Responder	0.599196170368277	0.523275220587481	0.261866504342332	0.789038264957474	sample_2022120210049
HROV.vOTU07555	Responder_Status	Responder	2.0220535916232	1.76159433384848	0.260741696414854	0.789038264957474	sample_2022120210049
HROV.vOTU49966	Responder_Status	Responder	1.20558583885504	1.05311522813855	0.261991727758721	0.789038264957474	sample_2022120210049
HROV.vOTU03100	Responder_Status	Responder	0.635164117679517	0.554562408899163	0.26176270687981	0.789038264957474	sample_2022120210049
HROV.vOTU11730	Responder_Status	Responder	1.04408453766919	0.913126106912069	0.262547381518419	0.789038264957474	sample_2022120210049
HROV.vOTU54102	Responder_Status	Responder	-0.944044428268505	0.823360586697473	0.261261545105841	0.789038264957474	sample_2022120210049
HROV.vOTU53190	Responder_Status	Responder	0.626591760723943	0.548091704721747	0.262626290767523	0.789038264957474	sample_2022120210049
HROV.vOTU08400	Responder_Status	Responder	-0.485320503168378	0.42538398016638	0.263576190875726	0.789302687390327	sample_2022120210049
HROV.vOTU28477	Responder_Status	Responder	0.538821825394778	0.472243504781766	0.263542140772735	0.789302687390327	sample_2022120210049
HROV.vOTU72168	Responder_Status	Responder	-0.694227849487156	0.608677298689626	0.263718713688384	0.789361351331309	sample_2022120210049
HROV.vOTU74065	Responder_Status	Responder	0.816358502951175	0.716117721360869	0.263953546901128	0.789616501215104	sample_2022120210049
HROV.vOTU16890	Responder_Status	Responder	-0.412748510494189	0.36296850146501	0.265115074389498	0.790760511413387	sample_2022120210049
HROV.vOTU33822	Responder_Status	Responder	1.33439229126899	1.17287693684201	0.264884298988152	0.790760511413387	sample_2022120210049
HROV.vOTU73241	Responder_Status	Responder	-1.01143479093433	0.889424973647062	0.265102171286318	0.790760511413387	sample_2022120210049
HROV.vOTU64574	Responder_Status	Responder	-1.21907008502461	1.07261508229184	0.265364497985037	0.790760511413387	sample_2022120210049
HROV.vOTU69490	Responder_Status	Responder	0.527124736208044	0.463424188311325	0.264987986233623	0.790760511413387	sample_2022120210049
HROV.vOTU16798	Responder_Status	Responder	0.402855012609965	0.354064428411989	0.264846219585604	0.790760511413387	sample_2022120210049
HROV.vOTU33455	Responder_Status	Responder	-0.398064752532916	0.349731649015756	0.264682373881417	0.790760511413387	sample_2022120210049
HROV.vOTU14994	Responder_Status	Responder	0.990681725643126	0.871866934331384	0.265473005067208	0.790852650985467	sample_2022120210049
HROV.vOTU29992	Responder_Status	Responder	-1.2743883216201	1.12234353395113	0.265804467090966	0.790964119179737	sample_2022120210049
HROV.vOTU09591	Responder_Status	Responder	-0.746289108823222	0.65779849844125	0.266193891893962	0.79162753388698	sample_2022120210049
HROV.vOTU04957	Responder_Status	Responder	1.65150514387758	1.45663201151127	0.266499838822257	0.791768625142453	sample_2022120210049
HROV.vOTU70292	Responder_Status	Responder	0.75330760348476	0.664429523068413	0.266507001109864	0.791768625142453	sample_2022120210049
HROV.vOTU08541	Responder_Status	Responder	-0.794161326751577	0.701471962031388	0.267180163399672	0.792909662296033	sample_2022120210049
HROV.vOTU70759	Responder_Status	Responder	1.1136781398334	0.984384593567929	0.267507171982066	0.793031417874891	sample_2022120210049
HROV.vOTU01236	Responder_Status	Responder	1.45545103758304	1.28699083678918	0.267693302707661	0.793031417874891	sample_2022120210049
HROV.vOTU60443	Responder_Status	Responder	-1.28875603355228	1.14261987557262	0.268936396511773	0.793406246887977	sample_2022120210049
HROV.vOTU59588	Responder_Status	Responder	-1.08195457529338	0.959043958092221	0.268826867559055	0.793406246887977	sample_2022120210049
HROV.vOTU51259	Responder_Status	Responder	1.20993144899099	1.07109373236156	0.268220158088539	0.793406246887977	sample_2022120210049
HROV.vOTU62321	Responder_Status	Responder	1.31380356215198	1.16539209283819	0.269163471914375	0.793406246887977	sample_2022120210049
HROV.vOTU19800	Responder_Status	Responder	-1.0792577631056	0.955046217434565	0.268039615597144	0.793406246887977	sample_2022120210049
HROV.vOTU74209	Responder_Status	Responder	0.451202436150941	0.39967791673962	0.268513372413876	0.793406246887977	sample_2022120210049
HROV.vOTU53941	Responder_Status	Responder	0.877694628084449	0.777497026125063	0.268531245874182	0.793406246887977	sample_2022120210049
HROV.vOTU35711	Responder_Status	Responder	0.656045234573806	0.582493962009012	0.269612176545705	0.793406246887977	sample_2022120210049
HROV.vOTU72028	Responder_Status	Responder	-0.253472971070149	0.224505310152037	0.268466202406295	0.793406246887977	sample_2022120210049
HROV.vOTU05001	Responder_Status	Responder	0.431860376926941	0.382830143008128	0.26886275249063	0.793406246887977	sample_2022120210049
HROV.vOTU57374	Responder_Status	Responder	-1.62936483257479	1.44772880320485	0.269947942132622	0.793723839416228	sample_2022120210049
HROV.vOTU49399	Responder_Status	Responder	0.828246910775245	0.735973722658485	0.26998420206109	0.793723839416228	sample_2022120210049
HROV.vOTU33603	Responder_Status	Responder	0.657242925045857	0.584118484954661	0.27006247717572	0.793841945817739	sample_2022120210049
HROV.vOTU74263	Responder_Status	Responder	0.692823690356941	0.615885918454827	0.27017309261682	0.793943072591176	sample_2022120210049
HROV.vOTU15017	Responder_Status	Responder	-0.936673882257838	0.833173949825565	0.270464164959729	0.794014495834291	sample_2022120210049
HROV.vOTU08060	Responder_Status	Responder	1.37828423625936	1.22568156982448	0.270347175327205	0.794014495834291	sample_2022120210049
HROV.vOTU20117	Responder_Status	Responder	-1.00447877352315	0.893444159071666	0.270441909610692	0.794014495834291	sample_2022120210049
HROV.vOTU52612	Responder_Status	Responder	-1.37452027980157	1.22243886112947	0.270387243669338	0.794014495834291	sample_2022120210049
HROV.vOTU23278	Responder_Status	Responder	0.560821980583373	0.499494301228704	0.27106672589311	0.794343909664278	sample_2022120210049
HROV.vOTU02995	Responder_Status	Responder	0.874417808759737	0.778676840640903	0.270994129671772	0.794343909664278	sample_2022120210049
HROV.vOTU07922	Responder_Status	Responder	-0.38604672295723	0.344188333738197	0.27155342077695	0.794835878581212	sample_2022120210049
HROV.vOTU67350	Responder_Status	Responder	-0.799044914374174	0.71347264949408	0.2722553020719	0.795461957462912	sample_2022120210049
HROV.vOTU64126	Responder_Status	Responder	0.574160996314159	0.51263444132284	0.272220687466034	0.795461957462912	sample_2022120210049
HROV.vOTU34240	Responder_Status	Responder	1.22355931613152	1.09269996458389	0.272330664920966	0.795570583795334	sample_2022120210049
HROV.vOTU28412	Responder_Status	Responder	0.559544226855604	0.500470080350341	0.273052213216877	0.796115709819987	sample_2022120210049
HROV.vOTU30612	Responder_Status	Responder	-1.09090027941085	0.976449917902346	0.273399382568181	0.796147426751181	sample_2022120210049
HROV.vOTU63664	Responder_Status	Responder	1.02920011247786	0.921311408350651	0.27344445967842	0.796147426751181	sample_2022120210049
HROV.vOTU27399	Responder_Status	Responder	-1.10607289137438	0.990192491188488	0.273476083187986	0.796147426751181	sample_2022120210049
HROV.vOTU54933	Responder_Status	Responder	1.05083802496766	0.941151896900402	0.273679373628465	0.796290498616369	sample_2022120210049
HROV.vOTU66003	Responder_Status	Responder	-0.690881284960852	0.618964870715885	0.2738292431666	0.79637524865663	sample_2022120210049
HROV.vOTU01625	Responder_Status	Responder	1.34224835407829	1.20270734055008	0.273898985346804	0.79646690295892	sample_2022120210049
HROV.vOTU09968	Responder_Status	Responder	-0.901301828719666	0.80840838391482	0.274367691561267	0.796970141838477	sample_2022120210049
HROV.vOTU22458	Responder_Status	Responder	-0.779961842137241	0.699589847891861	0.274378057470957	0.796970141838477	sample_2022120210049
HROV.vOTU20362	Responder_Status	Responder	-0.691725248316866	0.620611418605779	0.274503495675546	0.797112241449478	sample_2022120210049
HROV.vOTU69010	Responder_Status	Responder	0.82944032416535	0.744252307539875	0.274556391977664	0.797154741757891	sample_2022120210049
HROV.vOTU53264	Responder_Status	Responder	1.4051982428389	1.26151784816988	0.274795155055097	0.797291774061359	sample_2022120210049
HROV.vOTU37713	Responder_Status	Responder	0.549284191423134	0.493236881460234	0.27490617855655	0.797291774061359	sample_2022120210049
HROV.vOTU48417	Responder_Status	Responder	-0.374719470954576	0.336611555980953	0.275083927192486	0.797291774061359	sample_2022120210049
HROV.vOTU66985	Responder_Status	Responder	-0.843148211236548	0.758061514016849	0.275492626830253	0.797871681958343	sample_2022120210049
HROV.vOTU05127	Responder_Status	Responder	-1.10703559436599	0.995627302535895	0.275638363000058	0.79787559351323	sample_2022120210049
HROV.vOTU37579	Responder_Status	Responder	0.665552189057725	0.598633264682646	0.275685452253503	0.79787559351323	sample_2022120210049
HROV.vOTU13781	Responder_Status	Responder	-1.17946790716581	1.06141496990173	0.275923906605124	0.797893886250961	sample_2022120210049
HROV.vOTU47141	Responder_Status	Responder	-1.19052842585115	1.07275226739712	0.276530678812526	0.797893886250961	sample_2022120210049
HROV.vOTU75402	Responder_Status	Responder	-0.33697779963495	0.303244074133316	0.275915197528751	0.797893886250961	sample_2022120210049
HROV.vOTU66091	Responder_Status	Responder	-1.04674698378246	0.942151126966041	0.276010241237516	0.797893886250961	sample_2022120210049
HROV.vOTU37850	Responder_Status	Responder	-1.36950467015955	1.23319391777542	0.276214802485054	0.797893886250961	sample_2022120210049
HROV.vOTU71923	Responder_Status	Responder	0.805355139772167	0.725559575138577	0.276450541814818	0.797893886250961	sample_2022120210049
HROV.vOTU31912	Responder_Status	Responder	-1.09551776932277	0.986421313351174	0.276187921583387	0.797893886250961	sample_2022120210049
HROV.vOTU32961	Responder_Status	Responder	0.916898153344432	0.826226134811951	0.276550336032616	0.797893886250961	sample_2022120210049
HROV.vOTU48814	Responder_Status	Responder	1.14909413194861	1.03485730397127	0.276276504969097	0.797893886250961	sample_2022120210049
HROV.vOTU27485	Responder_Status	Responder	0.571814508112971	0.515502510347856	0.276764456905551	0.797990031955621	sample_2022120210049
HROV.vOTU26724	Responder_Status	Responder	-1.22851485449257	1.10853055189497	0.277188509838742	0.798300204955473	sample_2022120210049
HROV.vOTU16108	Responder_Status	Responder	-0.791279425237147	0.714109546536753	0.2772618326578	0.798300204955473	sample_2022120210049
HROV.vOTU29426	Responder_Status	Responder	1.63499864281396	1.4762340647096	0.277481522438946	0.798371759650641	sample_2022120210049
HROV.vOTU04830	Responder_Status	Responder	0.754556450977902	0.681319577613061	0.277504597234939	0.798371759650641	sample_2022120210049
HROV.vOTU52191	Responder_Status	Responder	-1.41381629304936	1.27716937591763	0.277717294581495	0.798418090927235	sample_2022120210049
HROV.vOTU44039	Responder_Status	Responder	-0.415703399510314	0.375812192835755	0.278076681323214	0.798804309302241	sample_2022120210049
HROV.vOTU07540	Responder_Status	Responder	0.859106972584657	0.776754611119143	0.278130095759735	0.798804915796468	sample_2022120210049
HROV.vOTU04156	Responder_Status	Responder	-1.03436290270429	0.935758789761459	0.278405695052083	0.799198492203108	sample_2022120210049
HROV.vOTU02293	Responder_Status	Responder	-0.984097236991452	0.890986534138158	0.278776434732524	0.799337415173928	sample_2022120210049
HROV.vOTU07603	Responder_Status	Responder	-1.37290922250782	1.24266605366929	0.278645841510906	0.799337415173928	sample_2022120210049
HROV.vOTU61992	Responder_Status	Responder	0.704610139041692	0.638354110351454	0.279079491040256	0.799700343257288	sample_2022120210049
HROV.vOTU44375	Responder_Status	Responder	1.08320732887786	0.981699474821629	0.279246616842486	0.799749977540666	sample_2022120210049
HROV.vOTU04385	Responder_Status	Responder	-1.24994719406072	1.13348601697233	0.279525767696292	0.799888725164435	sample_2022120210049
HROV.vOTU03657	Responder_Status	Responder	1.39234732951537	1.26353742807268	0.279868367320192	0.800197531116182	sample_2022120210049
HROV.vOTU34151	Responder_Status	Responder	1.3667505296017	1.24035093676925	0.279884416815054	0.800197531116182	sample_2022120210049
HROV.vOTU01013	Responder_Status	Responder	0.610421130892491	0.55409495430308	0.279992087537881	0.800197531116182	sample_2022120210049
HROV.vOTU56119	Responder_Status	Responder	1.09322029598558	0.992011809568437	0.279834358749621	0.800197531116182	sample_2022120210049
HROV.vOTU58027	Responder_Status	Responder	0.802578077507909	0.728304985922374	0.27985260949896	0.800197531116182	sample_2022120210049
HROV.vOTU31698	Responder_Status	Responder	0.75498024988287	0.685525340494351	0.280136605441072	0.800208530220158	sample_2022120210049
HROV.vOTU38862	Responder_Status	Responder	1.03772341361125	0.942896034867653	0.280455706487614	0.800341685340287	sample_2022120210049
HROV.vOTU04808	Responder_Status	Responder	-0.880319410466751	0.800156277183363	0.280620922997457	0.800473751611693	sample_2022120210049
HROV.vOTU36894	Responder_Status	Responder	0.731016588193581	0.664498192058605	0.280655663812019	0.800473751611693	sample_2022120210049
HROV.vOTU16374	Responder_Status	Responder	-0.420444839866556	0.382103549425011	0.280553147987611	0.800473751611693	sample_2022120210049
HROV.vOTU16567	Responder_Status	Responder	0.579206487759951	0.526708733698898	0.280840618814328	0.800672453885675	sample_2022120210049
HROV.vOTU24034	Responder_Status	Responder	1.29535815933669	1.17880163012626	0.281180957746745	0.800964848000248	sample_2022120210049
HROV.vOTU65601	Responder_Status	Responder	-0.685365388032182	0.62403448241839	0.28143650100127	0.801005950373294	sample_2022120210049
HROV.vOTU31729	Responder_Status	Responder	-0.814579699823009	0.741887539286766	0.281564603098003	0.801005950373294	sample_2022120210049
HROV.vOTU57710	Responder_Status	Responder	-0.853791605763177	0.778938606980404	0.282375048369333	0.80101717553451	sample_2022120210049
HROV.vOTU34659	Responder_Status	Responder	-0.90852387364707	0.828530557725903	0.282180606790283	0.80101717553451	sample_2022120210049
HROV.vOTU70158	Responder_Status	Responder	0.372366383723779	0.339280019776684	0.281763510539794	0.80101717553451	sample_2022120210049
HROV.vOTU60965	Responder_Status	Responder	-0.923444778357884	0.842914733108671	0.282615314334677	0.801166829456475	sample_2022120210049
HROV.vOTU09115	Responder_Status	Responder	1.17658005592735	1.07463393634197	0.282904440334864	0.801718992694894	sample_2022120210049
HROV.vOTU09977	Responder_Status	Responder	-0.907807293712833	0.83098404307901	0.283946738290204	0.80282674613603	sample_2022120210049
HROV.vOTU62550	Responder_Status	Responder	-0.69542014228866	0.636762437141146	0.284089177081091	0.803120489075241	sample_2022120210049
HROV.vOTU74285	Responder_Status	Responder	0.979336693184114	0.897615459234959	0.284554194901079	0.803889715357829	sample_2022120210049
HROV.vOTU34795	Responder_Status	Responder	0.880352682597141	0.8068085973413	0.284505887383314	0.803889715357829	sample_2022120210049
HROV.vOTU72030	Responder_Status	Responder	-0.916660767001293	0.841284095815283	0.285179675921401	0.804130267671185	sample_2022120210049
HROV.vOTU53328	Responder_Status	Responder	-0.665430189462914	0.61184013555799	0.286050593306729	0.80536121855048	sample_2022120210049
HROV.vOTU08443	Responder_Status	Responder	0.774765129500918	0.712647728101362	0.286234692746163	0.80536121855048	sample_2022120210049
HROV.vOTU11697	Responder_Status	Responder	0.45046856272961	0.414469357394604	0.286368501564907	0.8054114106513	sample_2022120210049
HROV.vOTU56526	Responder_Status	Responder	-1.08976200954316	1.0045159188059	0.287235227025693	0.805806214918244	sample_2022120210049
HROV.vOTU09255	Responder_Status	Responder	1.59103617400669	1.46527808618195	0.286816453742253	0.805806214918244	sample_2022120210049
HROV.vOTU23522	Responder_Status	Responder	0.667628709018484	0.615180294782619	0.287063704582638	0.805806214918244	sample_2022120210049
HROV.vOTU62383	Responder_Status	Responder	-0.69063409592687	0.635793451865784	0.286629501095493	0.805806214918244	sample_2022120210049
HROV.vOTU31976	Responder_Status	Responder	0.863372537768641	0.795503481506837	0.287038090415894	0.805806214918244	sample_2022120210049
HROV.vOTU24679	Responder_Status	Responder	-0.399962020507569	0.368671504041595	0.287230504997287	0.805806214918244	sample_2022120210049
HROV.vOTU49084	Responder_Status	Responder	0.66212119724895	0.611046622422091	0.287791678540715	0.806149451787549	sample_2022120210049
HROV.vOTU60459	Responder_Status	Responder	1.21692519577515	1.12399091789671	0.288185475158082	0.806261088891335	sample_2022120210049
HROV.vOTU15372	Responder_Status	Responder	1.22685521292472	1.1330958799719	0.28815766095471	0.806261088891335	sample_2022120210049
HROV.vOTU12384	Responder_Status	Responder	-0.56053953991376	0.517639797633985	0.288101163785351	0.806261088891335	sample_2022120210049
HROV.vOTU20618	Responder_Status	Responder	-0.53101841242493	0.49045245628897	0.288172873825692	0.806261088891335	sample_2022120210049
HROV.vOTU70645	Responder_Status	Responder	0.515558268362639	0.476163415379535	0.288163012972073	0.806261088891335	sample_2022120210049
HROV.vOTU50804	Responder_Status	Responder	-0.977608245979636	0.903246042086076	0.288340253621816	0.806275669792403	sample_2022120210049
HROV.vOTU20308	Responder_Status	Responder	0.991775023494931	0.916430428909293	0.288389337862261	0.806275669792403	sample_2022120210049
HROV.vOTU11852	Responder_Status	Responder	-0.564150275142792	0.521636691346194	0.288701546033801	0.806529459857098	sample_2022120210049
HROV.vOTU22887	Responder_Status	Responder	-0.494963786251851	0.45823309250466	0.289288751080286	0.807628450858603	sample_2022120210049
HROV.vOTU37432	Responder_Status	Responder	-0.744797540869837	0.689776859352229	0.289459987232624	0.807889997855556	sample_2022120210049
HROV.vOTU05048	Responder_Status	Responder	0.809064054604638	0.749490606730242	0.289582848644	0.808031835695911	sample_2022120210049
HROV.vOTU17770	Responder_Status	Responder	0.557105259548095	0.516532686212414	0.289993430495166	0.808166807380687	sample_2022120210049
HROV.vOTU38735	Responder_Status	Responder	0.897324845812748	0.831846777260789	0.289920612573788	0.808166807380687	sample_2022120210049
HROV.vOTU16004	Responder_Status	Responder	0.9478603285353	0.879427226598925	0.290314534146449	0.808208276019113	sample_2022120210049
HROV.vOTU09229	Responder_Status	Responder	1.27372747829102	1.18364133798111	0.291063569194872	0.808208276019113	sample_2022120210049
HROV.vOTU14671	Responder_Status	Responder	0.827720997173441	0.769396409720151	0.291197030425435	0.808208276019113	sample_2022120210049
HROV.vOTU08830	Responder_Status	Responder	0.565550101262027	0.52572337310329	0.291218826614771	0.808208276019113	sample_2022120210049
HROV.vOTU24068	Responder_Status	Responder	-0.873627154452994	0.810891477863839	0.290511616509472	0.808208276019113	sample_2022120210049
HROV.vOTU15438	Responder_Status	Responder	-0.570145666766042	0.529401051943702	0.290688363498878	0.808208276019113	sample_2022120210049
HROV.vOTU53204	Responder_Status	Responder	1.09939514030121	1.02127278990469	0.290894097489531	0.808208276019113	sample_2022120210049
HROV.vOTU42481	Responder_Status	Responder	0.75791519362188	0.703607630550175	0.290591427448221	0.808208276019113	sample_2022120210049
HROV.vOTU36677	Responder_Status	Responder	1.43021351015271	1.3294905824644	0.291216853563176	0.808208276019113	sample_2022120210049
HROV.vOTU19199	Responder_Status	Responder	0.964923597310288	0.896241941572519	0.290833553027777	0.808208276019113	sample_2022120210049
HROV.vOTU49317	Responder_Status	Responder	-0.851058705106214	0.790465103221809	0.290823588246403	0.808208276019113	sample_2022120210049
HROV.vOTU17342	Responder_Status	Responder	-0.919977581950928	0.855697332797383	0.291498376294764	0.808488907095503	sample_2022120210049
HROV.vOTU41678	Responder_Status	Responder	0.545028721916867	0.507318265485952	0.291844864474809	0.808803904141081	sample_2022120210049
HROV.vOTU09774	Responder_Status	Responder	-0.444644834276724	0.413755248943392	0.291702372452648	0.808803904141081	sample_2022120210049
HROV.vOTU57616	Responder_Status	Responder	0.735564485697731	0.684559048838203	0.29176760148699	0.808803904141081	sample_2022120210049
HROV.vOTU16714	Responder_Status	Responder	-0.646246008644542	0.602517488879371	0.292618911637271	0.808902941857789	sample_2022120210049
HROV.vOTU42685	Responder_Status	Responder	0.710389815187877	0.662463288526564	0.292720551936355	0.808902941857789	sample_2022120210049
HROV.vOTU18560	Responder_Status	Responder	-0.464900590418857	0.433028762923048	0.292166732936287	0.808902941857789	sample_2022120210049
HROV.vOTU12887	Responder_Status	Responder	-0.781078111464464	0.7280331026454	0.292493508447213	0.808902941857789	sample_2022120210049
HROV.vOTU45998	Responder_Status	Responder	0.688289359004842	0.64165955972126	0.292577333170123	0.808902941857789	sample_2022120210049
HROV.vOTU53362	Responder_Status	Responder	-0.770798497625358	0.718998732023217	0.292853644603546	0.808991162224466	sample_2022120210049
HROV.vOTU31772	Responder_Status	Responder	1.03187790822639	0.963686103949634	0.293420189596655	0.809481407881322	sample_2022120210049
HROV.vOTU23782	Responder_Status	Responder	-0.481688626584569	0.449690265189339	0.293245658743158	0.809481407881322	sample_2022120210049
HROV.vOTU16373	Responder_Status	Responder	-1.49561149992024	1.39830601874086	0.293939025468964	0.809715928498409	sample_2022120210049
HROV.vOTU69031	Responder_Status	Responder	0.459793202820536	0.429909832319408	0.293973243167232	0.809715928498409	sample_2022120210049
HROV.vOTU01043	Responder_Status	Responder	-0.653205136672415	0.611161000788277	0.29429060327923	0.809977002683376	sample_2022120210049
HROV.vOTU32342	Responder_Status	Responder	-0.809460626868382	0.758192899591583	0.294811524519836	0.810663602134193	sample_2022120210049
HROV.vOTU64911	Responder_Status	Responder	1.41457562622203	1.32534151349307	0.294939762715071	0.810805706415413	sample_2022120210049
HROV.vOTU09951	Responder_Status	Responder	0.930279699217703	0.872066317400707	0.295195211320657	0.810990444301088	sample_2022120210049
HROV.vOTU21431	Responder_Status	Responder	1.2241588629233	1.14747591886875	0.295162322426228	0.810990444301088	sample_2022120210049
HROV.vOTU14207	Responder_Status	Responder	-0.889057999925715	0.836766425241033	0.297090539667305	0.811307062746079	sample_2022120210049
HROV.vOTU11934	Responder_Status	Responder	1.49652336936732	1.40393572428935	0.295552521039407	0.811307062746079	sample_2022120210049
HROV.vOTU14305	Responder_Status	Responder	1.11708944041834	1.04914988834291	0.296082271372056	0.811307062746079	sample_2022120210049
HROV.vOTU03562	Responder_Status	Responder	1.51853481652806	1.42460462101743	0.295558923888466	0.811307062746079	sample_2022120210049
HROV.vOTU22698	Responder_Status	Responder	-1.31479683651406	1.23533657584774	0.296275338451254	0.811307062746079	sample_2022120210049
HROV.vOTU09438	Responder_Status	Responder	-0.421487807744656	0.396675354701576	0.297064418341107	0.811307062746079	sample_2022120210049
HROV.vOTU31167	Responder_Status	Responder	-0.774050954192483	0.727709323019726	0.296560762091585	0.811307062746079	sample_2022120210049
HROV.vOTU56306	Responder_Status	Responder	0.370506445390916	0.347923289212583	0.296014821234602	0.811307062746079	sample_2022120210049
HROV.vOTU62126	Responder_Status	Responder	1.18548207091636	1.11371497173942	0.29622345317037	0.811307062746079	sample_2022120210049
HROV.vOTU67808	Responder_Status	Responder	1.15741548288198	1.08909416851028	0.296983646546154	0.811307062746079	sample_2022120210049
HROV.vOTU27008	Responder_Status	Responder	0.573751299979102	0.539022574766498	0.29622803721675	0.811307062746079	sample_2022120210049
HROV.vOTU74611	Responder_Status	Responder	0.399266459512688	0.374689897556948	0.295711080361676	0.811307062746079	sample_2022120210049
HROV.vOTU05380	Responder_Status	Responder	-0.603527809768323	0.567703839593228	0.296818306946793	0.811307062746079	sample_2022120210049
HROV.vOTU26648	Responder_Status	Responder	0.939267541807188	0.884557316090995	0.29737686840559	0.811419809282732	sample_2022120210049
HROV.vOTU19384	Responder_Status	Responder	0.691279176739474	0.65144740067031	0.297692348679138	0.811941364672056	sample_2022120210049
HROV.vOTU06937	Responder_Status	Responder	0.52527240761812	0.495632199396873	0.298291321683126	0.812258227271515	sample_2022120210049
HROV.vOTU58516	Responder_Status	Responder	-0.720968245705456	0.680711270031892	0.29858795770036	0.812258227271515	sample_2022120210049
HROV.vOTU19997	Responder_Status	Responder	0.459428049554746	0.433498655618323	0.29828621915647	0.812258227271515	sample_2022120210049
HROV.vOTU60373	Responder_Status	Responder	-0.982655392589269	0.927075363610551	0.298224631793132	0.812258227271515	sample_2022120210049
HROV.vOTU03570	Responder_Status	Responder	-0.65366984937035	0.616877515692292	0.298362852311206	0.812258227271515	sample_2022120210049
HROV.vOTU64708	Responder_Status	Responder	0.975917107481111	0.920522622582347	0.298123973641878	0.812258227271515	sample_2022120210049
HROV.vOTU74668	Responder_Status	Responder	1.19603204642241	1.128366763445	0.298217726533907	0.812258227271515	sample_2022120210049
HROV.vOTU41466	Responder_Status	Responder	0.759998187414445	0.717891792776473	0.298805777617156	0.812425731000059	sample_2022120210049
HROV.vOTU62742	Responder_Status	Responder	1.0803382251714	1.02144270780343	0.299250817195299	0.813185622753253	sample_2022120210049
HROV.vOTU74625	Responder_Status	Responder	0.336657614506528	0.318590304901477	0.299676266732655	0.813185622753253	sample_2022120210049
HROV.vOTU67153	Responder_Status	Responder	0.829508912411585	0.785334854324442	0.299883310338815	0.813550621212137	sample_2022120210049
HROV.vOTU56283	Responder_Status	Responder	0.357454567209819	0.338778825069999	0.300387139080551	0.813876463065244	sample_2022120210049
HROV.vOTU11401	Responder_Status	Responder	-0.350210355263991	0.331735792119731	0.300133838332045	0.813876463065244	sample_2022120210049
HROV.vOTU23476	Responder_Status	Responder	0.848455632318735	0.804008657446403	0.300317476997135	0.813876463065244	sample_2022120210049
HROV.vOTU39907	Responder_Status	Responder	-0.409428424179416	0.388546005871809	0.301008342072574	0.814102427268575	sample_2022120210049
HROV.vOTU36813	Responder_Status	Responder	1.19169008951415	1.13104103572659	0.30106355661648	0.814102427268575	sample_2022120210049
HROV.vOTU19674	Responder_Status	Responder	0.400382238632294	0.379996614277107	0.30105251836583	0.814102427268575	sample_2022120210049
HROV.vOTU15902	Responder_Status	Responder	-0.884729604759623	0.840006003028284	0.301234739075642	0.814248286019849	sample_2022120210049
HROV.vOTU49012	Responder_Status	Responder	-0.6942630300217	0.659305926240524	0.301334212191307	0.814305876913863	sample_2022120210049
HROV.vOTU27690	Responder_Status	Responder	-0.934731910056444	0.888051855780832	0.301539821692405	0.814558484973726	sample_2022120210049
HROV.vOTU27016	Responder_Status	Responder	-0.630788916774176	0.601211088197066	0.303059565008062	0.814840670423534	sample_2022120210049
HROV.vOTU21802	Responder_Status	Responder	-1.36827792164488	1.30402989639896	0.303027128011349	0.814840670423534	sample_2022120210049
HROV.vOTU67500	Responder_Status	Responder	-0.812544153955244	0.773965358144837	0.302766453976171	0.814840670423534	sample_2022120210049
HROV.vOTU35828	Responder_Status	Responder	1.17099771950054	1.11436128529668	0.302324611194815	0.814840670423534	sample_2022120210049
HROV.vOTU51786	Responder_Status	Responder	1.04124143120417	0.992112228043402	0.302913686470429	0.814840670423534	sample_2022120210049
HROV.vOTU00059	Responder_Status	Responder	0.893255580710997	0.851238096848363	0.302985717603506	0.814840670423534	sample_2022120210049
HROV.vOTU08686	Responder_Status	Responder	0.737122957335445	0.702845538770383	0.30325291857279	0.814840670423534	sample_2022120210049
HROV.vOTU04448	Responder_Status	Responder	0.594056696706833	0.566253259415831	0.303103134396065	0.814840670423534	sample_2022120210049
HROV.vOTU66953	Responder_Status	Responder	-0.969689404796515	0.92383836331938	0.302863425569624	0.814840670423534	sample_2022120210049
HROV.vOTU59597	Responder_Status	Responder	0.779835345969517	0.742266715290263	0.302419733199131	0.814840670423534	sample_2022120210049
HROV.vOTU23269	Responder_Status	Responder	-0.697342558759344	0.663738850302801	0.302413177648383	0.814840670423534	sample_2022120210049
HROV.vOTU06013	Responder_Status	Responder	-0.810507257446414	0.774197188131592	0.304099181073838	0.815379923522629	sample_2022120210049
HROV.vOTU34299	Responder_Status	Responder	-0.739593607468665	0.706489782845181	0.304118905000929	0.815379923522629	sample_2022120210049
HROV.vOTU46641	Responder_Status	Responder	-0.858440816534614	0.820458320039423	0.304373915331604	0.815538905084102	sample_2022120210049
HROV.vOTU26832	Responder_Status	Responder	1.10654370273353	1.05846553597032	0.304769395469001	0.815716494499735	sample_2022120210049
HROV.vOTU41168	Responder_Status	Responder	1.0971146297765	1.04983155648652	0.304943625652506	0.815911190505966	sample_2022120210049
HROV.vOTU46602	Responder_Status	Responder	1.04331267321998	0.998563064131138	0.305045674186816	0.816045885778387	sample_2022120210049
HROV.vOTU55005	Responder_Status	Responder	-0.403706749608655	0.386938452583091	0.305717532648643	0.816357332659538	sample_2022120210049
HROV.vOTU38298	Responder_Status	Responder	-0.970567975388857	0.929512911049231	0.305339001914213	0.816357332659538	sample_2022120210049
HROV.vOTU04125	Responder_Status	Responder	0.766206826855108	0.734748289251771	0.305954323657339	0.816357332659538	sample_2022120210049
HROV.vOTU57817	Responder_Status	Responder	1.22263253266243	1.17109258021213	0.305410914744938	0.816357332659538	sample_2022120210049
HROV.vOTU11859	Responder_Status	Responder	-0.869051298549873	0.833219837376222	0.305868672320245	0.816357332659538	sample_2022120210049
HROV.vOTU26589	Responder_Status	Responder	1.12556610104791	1.08022867919298	0.306339148548155	0.816395006395602	sample_2022120210049
HROV.vOTU54557	Responder_Status	Responder	0.390989145845212	0.375326435625546	0.306448169588466	0.816410405011369	sample_2022120210049
HROV.vOTU12221	Responder_Status	Responder	1.4381162714563	1.3807269165309	0.306523949518384	0.816455325901611	sample_2022120210049
HROV.vOTU32094	Responder_Status	Responder	-0.91862602949163	0.882505490771849	0.306813445542234	0.81677082528485	sample_2022120210049
HROV.vOTU20596	Responder_Status	Responder	0.817724069437975	0.785756017768721	0.306925219508506	0.816775674721003	sample_2022120210049
HROV.vOTU32970	Responder_Status	Responder	1.3415639671938	1.29191682084366	0.307955157623762	0.817225360584143	sample_2022120210049
HROV.vOTU74797	Responder_Status	Responder	0.436253705560306	0.420246904556796	0.308110637867038	0.817225360584143	sample_2022120210049
HROV.vOTU46177	Responder_Status	Responder	-0.561058876409329	0.540622229847967	0.308241897053415	0.817225360584143	sample_2022120210049
HROV.vOTU25012	Responder_Status	Responder	0.401795567642556	0.387322250483096	0.308440695214702	0.817499285688629	sample_2022120210049
HROV.vOTU07258	Responder_Status	Responder	-0.853337814346981	0.822868370134867	0.308596019091043	0.817556421706231	sample_2022120210049
HROV.vOTU14316	Responder_Status	Responder	-0.941727322101427	0.908363956879216	0.308733057927061	0.817582730022176	sample_2022120210049
HROV.vOTU19339	Responder_Status	Responder	0.930140942732729	0.897559269671977	0.308929475628472	0.817650612896242	sample_2022120210049
HROV.vOTU73532	Responder_Status	Responder	-0.91679598334541	0.885935560985306	0.309601974539068	0.818094541464793	sample_2022120210049
HROV.vOTU63677	Responder_Status	Responder	-0.528858761779727	0.511037727139377	0.309584289812921	0.818094541464793	sample_2022120210049
HROV.vOTU18924	Responder_Status	Responder	-1.31834172980201	1.2741459914298	0.309669506755086	0.818154219280016	sample_2022120210049
HROV.vOTU39286	Responder_Status	Responder	-1.21782344263458	1.17761577705016	0.309918920419501	0.818398061716135	sample_2022120210049
HROV.vOTU59666	Responder_Status	Responder	0.785761055302619	0.761217891889723	0.31079289634643	0.819874651225357	sample_2022120210049
HROV.vOTU08563	Responder_Status	Responder	-1.1585867632961	1.12389865974118	0.311427338775095	0.820006668708946	sample_2022120210049
HROV.vOTU13759	Responder_Status	Responder	-0.74981145957136	0.727198347146535	0.31132039447089	0.820006668708946	sample_2022120210049
HROV.vOTU27546	Responder_Status	Responder	0.403442259888235	0.391435671246458	0.311515297347476	0.820006668708946	sample_2022120210049
HROV.vOTU34025	Responder_Status	Responder	0.843431636002219	0.818195117583967	0.311436532478159	0.820006668708946	sample_2022120210049
HROV.vOTU49020	Responder_Status	Responder	-0.648356165667358	0.629319979532718	0.311710926671684	0.820006668708946	sample_2022120210049
HROV.vOTU50460	Responder_Status	Responder	-0.611679934590804	0.594305830946097	0.312178938699287	0.820246037962154	sample_2022120210049
HROV.vOTU47257	Responder_Status	Responder	1.17883498029652	1.14487970133275	0.311983239408856	0.820246037962154	sample_2022120210049
HROV.vOTU55876	Responder_Status	Responder	-0.480452395932975	0.466577982017484	0.311947183727951	0.820246037962154	sample_2022120210049
HROV.vOTU27295	Responder_Status	Responder	-0.579204010655199	0.562937363256316	0.312335090397829	0.820442119572856	sample_2022120210049
HROV.vOTU49444	Responder_Status	Responder	1.02962036327302	1.00156718529253	0.31274468772594	0.820649736565922	sample_2022120210049
HROV.vOTU01838	Responder_Status	Responder	-0.77607338501303	0.756129476827479	0.313499958552159	0.820883704465784	sample_2022120210049
HROV.vOTU43810	Responder_Status	Responder	1.52846817170768	1.48750121629077	0.312961243587137	0.820883704465784	sample_2022120210049
HROV.vOTU74913	Responder_Status	Responder	0.793352237521406	0.772063048846323	0.312945695321201	0.820883704465784	sample_2022120210049
HROV.vOTU05302	Responder_Status	Responder	-0.748760862398848	0.729507529728302	0.313492589511526	0.820883704465784	sample_2022120210049
HROV.vOTU53131	Responder_Status	Responder	-1.31807389798488	1.28435109368115	0.313555337356153	0.820925540816215	sample_2022120210049
HROV.vOTU03486	Responder_Status	Responder	-0.415565391978891	0.405247732002696	0.313924259987321	0.821066025211629	sample_2022120210049
HROV.vOTU51632	Responder_Status	Responder	-0.402694058236371	0.392673338915947	0.313896879997755	0.821066025211629	sample_2022120210049
HROV.vOTU04691	Responder_Status	Responder	1.24319023008971	1.2127138648004	0.314076915949736	0.82125910439417	sample_2022120210049
HROV.vOTU37079	Responder_Status	Responder	0.57369803936202	0.559830475067551	0.31424366818151	0.821488844563089	sample_2022120210049
HROV.vOTU03165	Responder_Status	Responder	0.447675997364219	0.437035924390114	0.314440774436795	0.821488844563089	sample_2022120210049
HROV.vOTU72768	Responder_Status	Responder	1.26282644605835	1.23413014186916	0.314948405094933	0.82209847169545	sample_2022120210049
HROV.vOTU21852	Responder_Status	Responder	-0.753524534380232	0.736522849112443	0.315026676128858	0.82209847169545	sample_2022120210049
HROV.vOTU32087	Responder_Status	Responder	1.27155159863149	1.24345859296518	0.315254823053667	0.822405548925324	sample_2022120210049
HROV.vOTU30549	Responder_Status	Responder	0.647412536952582	0.633234114269385	0.315348768104693	0.822417271681222	sample_2022120210049
HROV.vOTU41782	Responder_Status	Responder	0.475746551182538	0.465505350303912	0.315530218185812	0.822581593581256	sample_2022120210049
HROV.vOTU02138	Responder_Status	Responder	1.07319031747102	1.05116544387257	0.316017479128471	0.823028022205211	sample_2022120210049
HROV.vOTU11306	Responder_Status	Responder	1.09871842288447	1.07651077724914	0.316168098971969	0.82331737808786	sample_2022120210049
HROV.vOTU32776	Responder_Status	Responder	0.30506731640497	0.298981703762808	0.316296079759202	0.823341931756994	sample_2022120210049
HROV.vOTU22654	Responder_Status	Responder	-0.832554615086604	0.816750436851847	0.316764124053209	0.823810872771422	sample_2022120210049
HROV.vOTU22193	Responder_Status	Responder	-0.605296054226974	0.594088459811475	0.31699024559676	0.823810872771422	sample_2022120210049
HROV.vOTU49969	Responder_Status	Responder	0.57459691474572	0.563872172333115	0.316918127957597	0.823810872771422	sample_2022120210049
HROV.vOTU22312	Responder_Status	Responder	-1.04198464354358	1.02259709827159	0.316946432906888	0.823810872771422	sample_2022120210049
HROV.vOTU74846	Responder_Status	Responder	-0.382709129010359	0.37585503706916	0.317283837303734	0.824162666777622	sample_2022120210049
HROV.vOTU47859	Responder_Status	Responder	-0.701647395663923	0.689174560172353	0.317348150014485	0.824226964042857	sample_2022120210049
HROV.vOTU61921	Responder_Status	Responder	-1.68056845194039	1.65095226019908	0.317422554447332	0.824228865018354	sample_2022120210049
HROV.vOTU60828	Responder_Status	Responder	0.798827118822397	0.784899336931402	0.317513227530593	0.824228865018354	sample_2022120210049
HROV.vOTU14404	Responder_Status	Responder	-0.259983562128457	0.255652563652353	0.317888714528054	0.824909297655088	sample_2022120210049
HROV.vOTU71676	Responder_Status	Responder	0.483370185535241	0.475561728078225	0.318132523437941	0.825132718265841	sample_2022120210049
HROV.vOTU22520	Responder_Status	Responder	0.72008532951254	0.708675744696424	0.3182819887182	0.825170709766724	sample_2022120210049
HROV.vOTU11494	Responder_Status	Responder	-1.14760122241631	1.12956794970035	0.318345196309332	0.825170709766724	sample_2022120210049
HROV.vOTU26340	Responder_Status	Responder	0.932848871973502	0.918897437841202	0.318711172348312	0.82556916308049	sample_2022120210049
HROV.vOTU38654	Responder_Status	Responder	1.3507367780218	1.33093968784504	0.318855534212081	0.82556916308049	sample_2022120210049
HROV.vOTU56428	Responder_Status	Responder	-0.75817805455673	0.747306960768212	0.319008944943698	0.825761134041739	sample_2022120210049
HROV.vOTU08280	Responder_Status	Responder	-0.838882364959302	0.827016822206861	0.319102481234412	0.825806874262372	sample_2022120210049
HROV.vOTU53268	Responder_Status	Responder	0.476914173613708	0.470211052530759	0.319145522033147	0.825806874262372	sample_2022120210049
HROV.vOTU39150	Responder_Status	Responder	-0.71072890064898	0.70248498653977	0.320328129254227	0.825829772741528	sample_2022120210049
HROV.vOTU04221	Responder_Status	Responder	-1.28144000795391	1.26802969153771	0.320873309441795	0.825829772741528	sample_2022120210049
HROV.vOTU04717	Responder_Status	Responder	-0.955155458301055	0.944274543940731	0.320427897956367	0.825829772741528	sample_2022120210049
HROV.vOTU61322	Responder_Status	Responder	-0.879462482710108	0.867372964243761	0.319294330655161	0.825829772741528	sample_2022120210049
HROV.vOTU55324	Responder_Status	Responder	-0.332348927815377	0.327805217972791	0.319330467561224	0.825829772741528	sample_2022120210049
HROV.vOTU05683	Responder_Status	Responder	0.621928507419638	0.613953538667515	0.319739230189987	0.825829772741528	sample_2022120210049
HROV.vOTU37364	Responder_Status	Responder	0.821957173795671	0.81190106591075	0.320022583545507	0.825829772741528	sample_2022120210049
HROV.vOTU21529	Responder_Status	Responder	0.478416113698979	0.472536307668315	0.319995726866543	0.825829772741528	sample_2022120210049
HROV.vOTU25800	Responder_Status	Responder	0.712569731063502	0.703605491287535	0.319856134667649	0.825829772741528	sample_2022120210049
HROV.vOTU21098	Responder_Status	Responder	0.880168937877613	0.869689153301895	0.320180302710036	0.825829772741528	sample_2022120210049
HROV.vOTU11972	Responder_Status	Responder	1.0631761430904	1.0536805122563	0.321609523343334	0.825984176900914	sample_2022120210049
HROV.vOTU61467	Responder_Status	Responder	0.922049911361301	0.913569833631348	0.321482103866789	0.825984176900914	sample_2022120210049
HROV.vOTU02658	Responder_Status	Responder	0.674625558048397	0.668626389348695	0.321628129700176	0.825984176900914	sample_2022120210049
HROV.vOTU04807	Responder_Status	Responder	-0.470431605155857	0.466303277030613	0.32168423278675	0.825984176900914	sample_2022120210049
HROV.vOTU61977	Responder_Status	Responder	-0.747631028627314	0.740859182246363	0.321548908968245	0.825984176900914	sample_2022120210049
HROV.vOTU39627	Responder_Status	Responder	-1.40157482626241	1.38990594420295	0.321900036955975	0.826027740340627	sample_2022120210049
HROV.vOTU01806	Responder_Status	Responder	-0.258241280605241	0.256324032903975	0.32233191470944	0.826253130286808	sample_2022120210049
HROV.vOTU73249	Responder_Status	Responder	1.2457448984051	1.23721788752694	0.32260931404211	0.826557434587723	sample_2022120210049
HROV.vOTU67877	Responder_Status	Responder	0.808485687838824	0.803590477017625	0.322987381386574	0.826611238323211	sample_2022120210049
HROV.vOTU16803	Responder_Status	Responder	-0.835776932869378	0.831104452684158	0.323209363046099	0.826773122046099	sample_2022120210049
HROV.vOTU10154	Responder_Status	Responder	-0.629863282211157	0.626297954908111	0.323175946008772	0.826773122046099	sample_2022120210049
HROV.vOTU15709	Responder_Status	Responder	1.1777204881996	1.1721543855911	0.323622450237692	0.826979994704258	sample_2022120210049
HROV.vOTU50896	Responder_Status	Responder	-1.09904324094292	1.09540706221931	0.324299157317357	0.82698754748457	sample_2022120210049
HROV.vOTU55776	Responder_Status	Responder	-0.532736630255354	0.53058775280209	0.323953129323507	0.82698754748457	sample_2022120210049
HROV.vOTU24074	Responder_Status	Responder	0.623694808461609	0.620993025491853	0.3238107444135	0.82698754748457	sample_2022120210049
HROV.vOTU60846	Responder_Status	Responder	0.367795138961193	0.366498592099224	0.32419578363795	0.82698754748457	sample_2022120210049
HROV.vOTU23237	Responder_Status	Responder	-0.252597353799599	0.251518607532167	0.323840005437368	0.82698754748457	sample_2022120210049
HROV.vOTU54041	Responder_Status	Responder	-0.518588580072953	0.517264495284233	0.324659274793151	0.827232519228804	sample_2022120210049
HROV.vOTU27379	Responder_Status	Responder	-0.362272848801174	0.361396289359374	0.324722966879668	0.827232519228804	sample_2022120210049
HROV.vOTU31815	Responder_Status	Responder	0.995506504576308	0.992801609851137	0.32458116750634	0.827232519228804	sample_2022120210049
HROV.vOTU07437	Responder_Status	Responder	0.563297882583026	0.562049465503551	0.324819867491306	0.827232519228804	sample_2022120210049
HROV.vOTU33661	Responder_Status	Responder	-0.589003329825386	0.58792067894627	0.325000018414608	0.827290822683977	sample_2022120210049
HROV.vOTU36922	Responder_Status	Responder	-1.05066826030417	1.05032121915991	0.325717644983751	0.827469415462871	sample_2022120210049
HROV.vOTU15056	Responder_Status	Responder	-1.23613868430912	1.23550484106886	0.32563086418364	0.827469415462871	sample_2022120210049
HROV.vOTU48450	Responder_Status	Responder	1.15515779912134	1.1541922659323	0.325477157474492	0.827469415462871	sample_2022120210049
HROV.vOTU59505	Responder_Status	Responder	-0.849148539017075	0.849029902624592	0.325808279305179	0.827469415462871	sample_2022120210049
HROV.vOTU41648	Responder_Status	Responder	-0.764942455094209	0.764891933454232	0.32584330563471	0.827469415462871	sample_2022120210049
HROV.vOTU39970	Responder_Status	Responder	1.53673547475976	1.53593594110278	0.325627287136392	0.827469415462871	sample_2022120210049
HROV.vOTU07520	Responder_Status	Responder	0.422790021483727	0.42285515393187	0.325947942592455	0.82752023432208	sample_2022120210049
HROV.vOTU46527	Responder_Status	Responder	0.619868630336027	0.620136190793191	0.326079876122279	0.827583313458137	sample_2022120210049
HROV.vOTU17802	Responder_Status	Responder	-0.318355306565583	0.319353684448103	0.327363331272749	0.82765189027854	sample_2022120210049
HROV.vOTU24955	Responder_Status	Responder	-0.718080979565291	0.724520970557712	0.330119380176643	0.82765189027854	sample_2022120210049
HROV.vOTU35881	Responder_Status	Responder	-1.27522378167952	1.28373918142236	0.329038806916119	0.82765189027854	sample_2022120210049
HROV.vOTU55957	Responder_Status	Responder	-0.283418762586922	0.286010928011202	0.330203111017812	0.82765189027854	sample_2022120210049
HROV.vOTU48382	Responder_Status	Responder	1.1431111869746	1.1542015666886	0.330464894419351	0.82765189027854	sample_2022120210049
HROV.vOTU29421	Responder_Status	Responder	-0.861013490170726	0.868199787051521	0.329826218012265	0.82765189027854	sample_2022120210049
HROV.vOTU62616	Responder_Status	Responder	0.961266559663645	0.968996345679974	0.329682366608779	0.82765189027854	sample_2022120210049
HROV.vOTU14148	Responder_Status	Responder	1.57163513402624	1.57725715466207	0.327572352533779	0.82765189027854	sample_2022120210049
HROV.vOTU15022	Responder_Status	Responder	0.704658388484558	0.711452265436512	0.330436386104674	0.82765189027854	sample_2022120210049
HROV.vOTU07688	Responder_Status	Responder	0.897598082438113	0.904227238917639	0.329372980193112	0.82765189027854	sample_2022120210049
HROV.vOTU74340	Responder_Status	Responder	0.506160949248726	0.507668028848742	0.327288169442933	0.82765189027854	sample_2022120210049
HROV.vOTU23118	Responder_Status	Responder	0.586321305654399	0.587266051429751	0.326640150132745	0.82765189027854	sample_2022120210049
HROV.vOTU18241	Responder_Status	Responder	0.508830946058087	0.510919537590974	0.327822180544586	0.82765189027854	sample_2022120210049
HROV.vOTU53637	Responder_Status	Responder	0.462525562960608	0.463471399076349	0.326845931385049	0.82765189027854	sample_2022120210049
HROV.vOTU55676	Responder_Status	Responder	-0.566504964737715	0.568522832001737	0.327565142068054	0.82765189027854	sample_2022120210049
HROV.vOTU47271	Responder_Status	Responder	1.19703958905661	1.2008229510339	0.327374966139188	0.82765189027854	sample_2022120210049
HROV.vOTU37583	Responder_Status	Responder	-1.26080248690385	1.270656537823	0.329575982165553	0.82765189027854	sample_2022120210049
HROV.vOTU02568	Responder_Status	Responder	0.788445069347063	0.794172372691203	0.329315690231722	0.82765189027854	sample_2022120210049
HROV.vOTU40683	Responder_Status	Responder	-0.919276317415861	0.921888234029661	0.327223606411947	0.82765189027854	sample_2022120210049
HROV.vOTU46374	Responder_Status	Responder	0.565020050652224	0.570348507150374	0.330337114354627	0.82765189027854	sample_2022120210049
HROV.vOTU69621	Responder_Status	Responder	-0.57742848352122	0.580046225434357	0.328025144936571	0.82765189027854	sample_2022120210049
HROV.vOTU01875	Responder_Status	Responder	0.885981976459829	0.891765397178133	0.328968021600254	0.82765189027854	sample_2022120210049
HROV.vOTU33570	Responder_Status	Responder	-0.510605422075205	0.513915232936027	0.328946499454158	0.82765189027854	sample_2022120210049
HROV.vOTU23984	Responder_Status	Responder	0.812924577160449	0.816705106539087	0.328080552942682	0.82765189027854	sample_2022120210049
HROV.vOTU73713	Responder_Status	Responder	0.360489954771781	0.362982401527708	0.329150472243163	0.82765189027854	sample_2022120210049
HROV.vOTU15774	Responder_Status	Responder	0.614420643119296	0.618634062894563	0.329123793590849	0.82765189027854	sample_2022120210049
HROV.vOTU75876	Responder_Status	Responder	0.544314033534245	0.547640769836677	0.328771540938878	0.82765189027854	sample_2022120210049
HROV.vOTU25738	Responder_Status	Responder	0.34806578119427	0.348961649888341	0.327096809120382	0.82765189027854	sample_2022120210049
HROV.vOTU06769	Responder_Status	Responder	-0.731660037646136	0.738935617683026	0.330578822642912	0.827715957720601	sample_2022120210049
HROV.vOTU74323	Responder_Status	Responder	0.826746066241599	0.835406256869913	0.330828743263832	0.827715957720601	sample_2022120210049
HROV.vOTU75194	Responder_Status	Responder	0.772501784023175	0.780518820808092	0.330783100961034	0.827715957720601	sample_2022120210049
HROV.vOTU09393	Responder_Status	Responder	0.680437981396712	0.687575278303236	0.330835441417918	0.827715957720601	sample_2022120210049
HROV.vOTU31655	Responder_Status	Responder	-0.841590552665825	0.850954302178568	0.331135009655353	0.827884874410446	sample_2022120210049
HROV.vOTU14680	Responder_Status	Responder	0.867788898395951	0.878091753516948	0.331485735109287	0.827921265341317	sample_2022120210049
HROV.vOTU68750	Responder_Status	Responder	0.77820511250871	0.787728156015886	0.331657012552089	0.828049593352039	sample_2022120210049
HROV.vOTU29429	Responder_Status	Responder	-0.876552750940603	0.887973268562195	0.332028660811634	0.828411924262289	sample_2022120210049
HROV.vOTU18875	Responder_Status	Responder	0.993109638326729	1.00679330473059	0.332380317453133	0.828411924262289	sample_2022120210049
HROV.vOTU08866	Responder_Status	Responder	0.602216893248285	0.610548861494276	0.332406990428788	0.828411924262289	sample_2022120210049
HROV.vOTU02236	Responder_Status	Responder	1.09784537184459	1.11404540599034	0.332838469611514	0.828616264112305	sample_2022120210049
HROV.vOTU05414	Responder_Status	Responder	-0.378799902531031	0.384554117449687	0.333041922921803	0.82865938807498	sample_2022120210049
HROV.vOTU38452	Responder_Status	Responder	-1.17078090201608	1.18872697892428	0.333106368339326	0.828689096638788	sample_2022120210049
HROV.vOTU72034	Responder_Status	Responder	-1.22989554730557	1.24950060670835	0.333392845436166	0.828955353341701	sample_2022120210049
HROV.vOTU22687	Responder_Status	Responder	0.692759836821661	0.703831573197779	0.333412328341898	0.828955353341701	sample_2022120210049
HROV.vOTU35198	Responder_Status	Responder	-0.580509013737674	0.59068792146285	0.334138016567651	0.829567155464754	sample_2022120210049
HROV.vOTU34692	Responder_Status	Responder	-0.824309645427452	0.839108581954149	0.334333538040531	0.829859335843991	sample_2022120210049
HROV.vOTU54685	Responder_Status	Responder	0.665319592805509	0.677522401092995	0.334514727577508	0.830037654505328	sample_2022120210049
HROV.vOTU44915	Responder_Status	Responder	-0.946977597204991	0.965668749348975	0.335165997553785	0.830038571197831	sample_2022120210049
HROV.vOTU38064	Responder_Status	Responder	0.894385327808833	0.911246513948849	0.334753152623366	0.830038571197831	sample_2022120210049
HROV.vOTU39116	Responder_Status	Responder	-0.79457244484694	0.811666005404161	0.335992596838261	0.830121511110832	sample_2022120210049
HROV.vOTU34787	Responder_Status	Responder	0.932722950276811	0.951710889641838	0.33545478695597	0.830121511110832	sample_2022120210049
HROV.vOTU12202	Responder_Status	Responder	-1.11849810383251	1.14133624317361	0.335483217297402	0.830121511110832	sample_2022120210049
HROV.vOTU04677	Responder_Status	Responder	0.462762521387915	0.472372973597092	0.335645724970343	0.830121511110832	sample_2022120210049
HROV.vOTU21744	Responder_Status	Responder	-0.57945439929618	0.59192068097429	0.335993026311382	0.830121511110832	sample_2022120210049
HROV.vOTU42965	Responder_Status	Responder	-0.535006930954483	0.546087313178251	0.335619260614667	0.830121511110832	sample_2022120210049
HROV.vOTU57880	Responder_Status	Responder	0.419445074555738	0.428105448790102	0.335589690880144	0.830121511110832	sample_2022120210049
HROV.vOTU35300	Responder_Status	Responder	0.913493494772254	0.933533405420362	0.336190156950864	0.830166171543188	sample_2022120210049
HROV.vOTU54723	Responder_Status	Responder	-0.266310418893044	0.272232666699776	0.33632986100293	0.830166171543188	sample_2022120210049
HROV.vOTU33936	Responder_Status	Responder	-0.737810580424855	0.754868457677047	0.336739437150546	0.83040379925325	sample_2022120210049
HROV.vOTU64354	Responder_Status	Responder	0.999806446693214	1.02304616574874	0.336797317834231	0.83040379925325	sample_2022120210049
HROV.vOTU62981	Responder_Status	Responder	-0.529767739279294	0.542151953382493	0.336858830947038	0.83040379925325	sample_2022120210049
HROV.vOTU01835	Responder_Status	Responder	-0.605133861868145	0.619984649563287	0.337399288296726	0.830594695136456	sample_2022120210049
HROV.vOTU03578	Responder_Status	Responder	1.04399936293898	1.07032013207802	0.337709985407882	0.831013056096992	sample_2022120210049
HROV.vOTU75872	Responder_Status	Responder	-0.750427906940815	0.769799062848306	0.337988903929251	0.831127944408269	sample_2022120210049
HROV.vOTU53100	Responder_Status	Responder	-0.697542286007444	0.716229674327064	0.338441132987817	0.831241424708378	sample_2022120210049
HROV.vOTU47756	Responder_Status	Responder	1.2355400103153	1.26898359274751	0.338569591197687	0.831458914734064	sample_2022120210049
HROV.vOTU40942	Responder_Status	Responder	-1.3018616295827	1.33777221832042	0.338808240206203	0.83167768357648	sample_2022120210049
HROV.vOTU57974	Responder_Status	Responder	-0.459729613237287	0.472452383679552	0.338850049838799	0.83167768357648	sample_2022120210049
HROV.vOTU62662	Responder_Status	Responder	0.553102347012883	0.568457151658348	0.338890162551347	0.83167768357648	sample_2022120210049
HROV.vOTU63750	Responder_Status	Responder	-0.86738341275882	0.893036999599195	0.339728192079376	0.831768942636303	sample_2022120210049
HROV.vOTU29531	Responder_Status	Responder	-0.644357174504732	0.663431096224054	0.339740022383688	0.831768942636303	sample_2022120210049
HROV.vOTU37071	Responder_Status	Responder	-0.795542749748195	0.819102742054703	0.339746259738659	0.831768942636303	sample_2022120210049
HROV.vOTU00172	Responder_Status	Responder	-0.770948099934053	0.793159941623641	0.339375195131599	0.831768942636303	sample_2022120210049
HROV.vOTU20831	Responder_Status	Responder	-0.243462875080053	0.250367641322751	0.339167161932086	0.831768942636303	sample_2022120210049
HROV.vOTU74004	Responder_Status	Responder	-0.534745028100439	0.550573681945293	0.339739516044681	0.831768942636303	sample_2022120210049
HROV.vOTU61047	Responder_Status	Responder	-0.490888552989251	0.505820757644861	0.340116933482294	0.831919541738386	sample_2022120210049
HROV.vOTU14912	Responder_Status	Responder	-0.32886611957819	0.338856808628508	0.340098710601315	0.831919541738386	sample_2022120210049
HROV.vOTU53736	Responder_Status	Responder	0.33843915819443	0.348815266737743	0.340227552849387	0.831919541738386	sample_2022120210049
HROV.vOTU02437	Responder_Status	Responder	-0.430130343149838	0.443324096113435	0.340234529165001	0.831919541738386	sample_2022120210049
HROV.vOTU24574	Responder_Status	Responder	-1.45259470439184	1.49779587800529	0.340438970652012	0.83212646099656	sample_2022120210049
HROV.vOTU23789	Responder_Status	Responder	-0.538163561300141	0.55496208802223	0.340483652307369	0.832132474953121	sample_2022120210049
HROV.vOTU02038	Responder_Status	Responder	-1.23433930471529	1.27376273713716	0.340817183964451	0.832562554566696	sample_2022120210049
HROV.vOTU49493	Responder_Status	Responder	-0.390930984913271	0.40412069433464	0.341645078275533	0.833022259317816	sample_2022120210049
HROV.vOTU19387	Responder_Status	Responder	1.11783786091089	1.15733670334035	0.342377641998014	0.833249898172247	sample_2022120210049
HROV.vOTU18475	Responder_Status	Responder	-0.171179396738698	0.177243131360414	0.342418112290781	0.833249898172247	sample_2022120210049
HROV.vOTU00799	Responder_Status	Responder	-0.647743194081974	0.670757371046894	0.342466959961211	0.833249898172247	sample_2022120210049
HROV.vOTU50399	Responder_Status	Responder	0.49108796290423	0.508421049200037	0.342359405055604	0.833249898172247	sample_2022120210049
HROV.vOTU23140	Responder_Status	Responder	0.361053640998478	0.373803122293671	0.342367018191823	0.833249898172247	sample_2022120210049
HROV.vOTU37315	Responder_Status	Responder	-0.357877676307739	0.370481985892083	0.342324691585387	0.833249898172247	sample_2022120210049
HROV.vOTU74372	Responder_Status	Responder	0.431590133088253	0.44643257966476	0.34194402933366	0.833249898172247	sample_2022120210049
HROV.vOTU73958	Responder_Status	Responder	-0.522115186824027	0.540862563311446	0.342639724117644	0.833399328973981	sample_2022120210049
HROV.vOTU02585	Responder_Status	Responder	1.06825046261825	1.11116637549778	0.34459165554924	0.833605365982221	sample_2022120210049
HROV.vOTU43965	Responder_Status	Responder	1.4025294801931	1.45418823485113	0.343063994993947	0.833605365982221	sample_2022120210049
HROV.vOTU12828	Responder_Status	Responder	1.40137907814774	1.45550435378903	0.343883147612936	0.833605365982221	sample_2022120210049
HROV.vOTU03969	Responder_Status	Responder	0.947166145194701	0.98427713491865	0.344138248219003	0.833605365982221	sample_2022120210049
HROV.vOTU39613	Responder_Status	Responder	-0.754042310351384	0.782505383754567	0.34348272899644	0.833605365982221	sample_2022120210049
HROV.vOTU60831	Responder_Status	Responder	-0.716525204139625	0.746263334079327	0.345197900682826	0.833605365982221	sample_2022120210049
HROV.vOTU24776	Responder_Status	Responder	-0.481772781978317	0.501577298519354	0.345017528672074	0.833605365982221	sample_2022120210049
HROV.vOTU37055	Responder_Status	Responder	-0.35505418893631	0.368916309977444	0.344074827022119	0.833605365982221	sample_2022120210049
HROV.vOTU49510	Responder_Status	Responder	-0.88933094268014	0.925669404889354	0.34490483018149	0.833605365982221	sample_2022120210049
HROV.vOTU31916	Responder_Status	Responder	0.696269151372625	0.723522704045241	0.344120516682326	0.833605365982221	sample_2022120210049
HROV.vOTU62984	Responder_Status	Responder	0.839285828247076	0.869969708075895	0.342938927776884	0.833605365982221	sample_2022120210049
HROV.vOTU05092	Responder_Status	Responder	0.480203152442781	0.499747334645972	0.344831565444138	0.833605365982221	sample_2022120210049
HROV.vOTU26844	Responder_Status	Responder	0.98765411319019	1.02546465465466	0.343727841336193	0.833605365982221	sample_2022120210049
HROV.vOTU02279	Responder_Status	Responder	0.833610223648192	0.868506283271969	0.34536108445627	0.833605365982221	sample_2022120210049
HROV.vOTU60854	Responder_Status	Responder	0.547970853663576	0.571202600516621	0.345604578389468	0.833797057751801	sample_2022120210049
HROV.vOTU65540	Responder_Status	Responder	0.984842032754511	1.02794478068296	0.346228058994403	0.834047053660341	sample_2022120210049
HROV.vOTU08073	Responder_Status	Responder	0.768821978302954	0.801730207659714	0.345790091067194	0.834047053660341	sample_2022120210049
HROV.vOTU66410	Responder_Status	Responder	1.18983451279891	1.2421199381654	0.34630866624505	0.834047053660341	sample_2022120210049
HROV.vOTU02040	Responder_Status	Responder	-1.05224199057702	1.09966151266311	0.346818358430015	0.83458861704474	sample_2022120210049
HROV.vOTU37867	Responder_Status	Responder	0.741141050163673	0.774795069364662	0.346974158907681	0.83458861704474	sample_2022120210049
HROV.vOTU29071	Responder_Status	Responder	1.10639023391391	1.15734511769935	0.347267614336208	0.834698175469671	sample_2022120210049
HROV.vOTU02957	Responder_Status	Responder	0.957515380473842	1.00164023341855	0.347280126823546	0.834698175469671	sample_2022120210049
HROV.vOTU73302	Responder_Status	Responder	1.00388315209634	1.0509253839455	0.347632722090098	0.835208459957009	sample_2022120210049
HROV.vOTU63905	Responder_Status	Responder	0.795568701304147	0.833230223789814	0.347849709992322	0.835352223151138	sample_2022120210049
HROV.vOTU05391	Responder_Status	Responder	0.748821435290656	0.784598626913173	0.348048490005796	0.835555514992599	sample_2022120210049
HROV.vOTU55792	Responder_Status	Responder	-0.885065154243169	0.929805013385279	0.349301813429689	0.836005310861282	sample_2022120210049
HROV.vOTU29337	Responder_Status	Responder	-0.396455832311468	0.416260196618747	0.349032500854547	0.836005310861282	sample_2022120210049
HROV.vOTU48934	Responder_Status	Responder	0.629821305409321	0.66047277869754	0.348450833286456	0.836005310861282	sample_2022120210049
HROV.vOTU49591	Responder_Status	Responder	0.696833020211339	0.7330366043687	0.349935588756824	0.836005310861282	sample_2022120210049
HROV.vOTU73771	Responder_Status	Responder	-0.726501964780979	0.762952335973042	0.349131394716658	0.836005310861282	sample_2022120210049
HROV.vOTU41906	Responder_Status	Responder	0.9757270278808	1.02435456674143	0.348979960871844	0.836005310861282	sample_2022120210049
HROV.vOTU49292	Responder_Status	Responder	0.814967076139779	0.855325963149759	0.348837544738802	0.836005310861282	sample_2022120210049
HROV.vOTU28588	Responder_Status	Responder	-0.341508075442402	0.358520206262874	0.348969788660245	0.836005310861282	sample_2022120210049
HROV.vOTU72562	Responder_Status	Responder	-0.484512401078879	0.508135117615111	0.348490965460105	0.836005310861282	sample_2022120210049
HROV.vOTU29822	Responder_Status	Responder	-0.811339451105131	0.854223430873437	0.350341769446711	0.836228295475888	sample_2022120210049
HROV.vOTU63482	Responder_Status	Responder	-0.664811251629782	0.699867400088075	0.350285550478999	0.836228295475888	sample_2022120210049
HROV.vOTU54100	Responder_Status	Responder	-0.676067056078692	0.713456462272088	0.351443271798787	0.836837124379772	sample_2022120210049
HROV.vOTU23394	Responder_Status	Responder	0.323289718758553	0.341154852479779	0.351423573600342	0.836837124379772	sample_2022120210049
HROV.vOTU52624	Responder_Status	Responder	-1.04431917283892	1.10314615113288	0.351904078696813	0.83685622887617	sample_2022120210049
HROV.vOTU50690	Responder_Status	Responder	0.725803247971258	0.766525736114767	0.351803679815648	0.83685622887617	sample_2022120210049
HROV.vOTU13053	Responder_Status	Responder	0.610279358716415	0.644764968436316	0.351983712871861	0.83685622887617	sample_2022120210049
HROV.vOTU20326	Responder_Status	Responder	0.604055961018202	0.638622922155502	0.352305269433231	0.837070278216141	sample_2022120210049
HROV.vOTU29269	Responder_Status	Responder	0.535238386897383	0.56603720912097	0.35244760531453	0.837218772856941	sample_2022120210049
HROV.vOTU16111	Responder_Status	Responder	0.795632865671318	0.842493110277958	0.353054357866003	0.837665881041788	sample_2022120210049
HROV.vOTU41921	Responder_Status	Responder	-0.865780330211305	0.917577843317976	0.353470763236837	0.838049732863645	sample_2022120210049
HROV.vOTU06214	Responder_Status	Responder	0.58532330913688	0.620355443518169	0.353481212018513	0.838049732863645	sample_2022120210049
HROV.vOTU52600	Responder_Status	Responder	0.90019662126205	0.954313185592244	0.353599905399101	0.838140390101281	sample_2022120210049
HROV.vOTU75084	Responder_Status	Responder	-1.10615677000659	1.17337699312479	0.353891629356982	0.838562792207925	sample_2022120210049
HROV.vOTU48193	Responder_Status	Responder	1.09316585025235	1.15946757019157	0.353838885248635	0.838562792207925	sample_2022120210049
HROV.vOTU49689	Responder_Status	Responder	0.605961034229953	0.64298947916254	0.354042515683142	0.838617077564604	sample_2022120210049
HROV.vOTU49365	Responder_Status	Responder	-0.731737263113201	0.777849046028348	0.354894587211277	0.838702254099026	sample_2022120210049
HROV.vOTU17656	Responder_Status	Responder	-0.50434540336049	0.535962006978329	0.354748168479682	0.838702254099026	sample_2022120210049
HROV.vOTU23568	Responder_Status	Responder	0.539506032620999	0.573243017107101	0.354678925291831	0.838702254099026	sample_2022120210049
HROV.vOTU25215	Responder_Status	Responder	-0.542575896260186	0.576810735264058	0.354930245188063	0.838702254099026	sample_2022120210049
HROV.vOTU18901	Responder_Status	Responder	-0.782708883700304	0.832588276197687	0.355210806243735	0.838723000586386	sample_2022120210049
HROV.vOTU57826	Responder_Status	Responder	-0.724904197800593	0.771258080901762	0.355307981625737	0.838723000586386	sample_2022120210049
HROV.vOTU22961	Responder_Status	Responder	0.82994021405817	0.882967864452176	0.355285048995642	0.838723000586386	sample_2022120210049
HROV.vOTU16938	Responder_Status	Responder	-0.427744571526338	0.455057564246987	0.355267314426288	0.838723000586386	sample_2022120210049
HROV.vOTU41415	Responder_Status	Responder	-1.09466098239126	1.16578984849411	0.355767751927658	0.838953866633385	sample_2022120210049
HROV.vOTU05602	Responder_Status	Responder	-1.1411345730725	1.21586651834544	0.355995050872923	0.838953866633385	sample_2022120210049
HROV.vOTU03324	Responder_Status	Responder	-0.295672508429456	0.314999467627267	0.355940342522621	0.838953866633385	sample_2022120210049
HROV.vOTU15938	Responder_Status	Responder	-0.784842425650958	0.837326976125375	0.356609656309738	0.839259255530711	sample_2022120210049
HROV.vOTU04146	Responder_Status	Responder	0.552801844796384	0.590074035923424	0.356854359811575	0.83945586391263	sample_2022120210049
HROV.vOTU74691	Responder_Status	Responder	-1.07053505791512	1.14285072600184	0.356910615763648	0.839493416057304	sample_2022120210049
HROV.vOTU06436	Responder_Status	Responder	0.539078062662714	0.576231470080991	0.357517584218521	0.840120580601925	sample_2022120210049
HROV.vOTU07600	Responder_Status	Responder	1.36483270869834	1.46316825132618	0.35890139842431	0.840727293172673	sample_2022120210049
HROV.vOTU63882	Responder_Status	Responder	0.146293051368615	0.156757391913719	0.358671966487051	0.840727293172673	sample_2022120210049
HROV.vOTU44478	Responder_Status	Responder	-0.721158118291807	0.77323964599305	0.358976344004286	0.840745517910218	sample_2022120210049
HROV.vOTU01833	Responder_Status	Responder	-0.325996396594583	0.35025043494969	0.359937713051234	0.842050555964794	sample_2022120210049
HROV.vOTU47918	Responder_Status	Responder	-0.35134452304569	0.377478175837669	0.359929842485123	0.842050555964794	sample_2022120210049
HROV.vOTU62066	Responder_Status	Responder	-1.18444501087092	1.27367398116497	0.360348971378089	0.842463025595909	sample_2022120210049
HROV.vOTU07693	Responder_Status	Responder	-0.449104655784541	0.483018331587055	0.360428149701652	0.842463025595909	sample_2022120210049
HROV.vOTU72092	Responder_Status	Responder	-0.783391742670907	0.843696606161975	0.361072187436944	0.842985348352378	sample_2022120210049
HROV.vOTU05314	Responder_Status	Responder	-0.740200280728824	0.797391694351073	0.361197602937671	0.842985348352378	sample_2022120210049
HROV.vOTU18920	Responder_Status	Responder	0.824058226122004	0.887936754003662	0.361308335050959	0.842985348352378	sample_2022120210049
HROV.vOTU24435	Responder_Status	Responder	-0.610705738258598	0.658237453952425	0.361446054930836	0.843117840851319	sample_2022120210049
HROV.vOTU21438	Responder_Status	Responder	-0.362528260784284	0.391030473894089	0.361792517755792	0.84317081738724	sample_2022120210049
HROV.vOTU65332	Responder_Status	Responder	0.88302795059699	0.952546892917424	0.36183953538125	0.843186077582859	sample_2022120210049
HROV.vOTU07138	Responder_Status	Responder	-0.389232878055757	0.419976015710436	0.361951756141408	0.843239735793297	sample_2022120210049
HROV.vOTU33026	Responder_Status	Responder	0.551771342160235	0.595517459122666	0.362082842137288	0.843245244974597	sample_2022120210049
HROV.vOTU70227	Responder_Status	Responder	0.434891241747448	0.469461270193377	0.362174032475982	0.843245244974597	sample_2022120210049
HROV.vOTU20558	Responder_Status	Responder	-0.741469993515184	0.800558298809195	0.362261437648736	0.843320341163287	sample_2022120210049
HROV.vOTU70059	Responder_Status	Responder	-1.09852076463197	1.18671094246003	0.362519792110545	0.843356394442072	sample_2022120210049
HROV.vOTU01119	Responder_Status	Responder	0.508607684048032	0.549388692707835	0.362476377156134	0.843356394442072	sample_2022120210049
HROV.vOTU41249	Responder_Status	Responder	0.765496845461571	0.827099877564515	0.362604574627874	0.843459452090182	sample_2022120210049
HROV.vOTU01659	Responder_Status	Responder	-0.189975008637916	0.205316412338905	0.362727205427283	0.843505149375247	sample_2022120210049
HROV.vOTU20675	Responder_Status	Responder	0.824058537640125	0.892042335528755	0.363489401786443	0.843855467187981	sample_2022120210049
HROV.vOTU25173	Responder_Status	Responder	0.467923673319357	0.506787758056158	0.363732863157763	0.843855467187981	sample_2022120210049
HROV.vOTU38135	Responder_Status	Responder	-0.272746882117298	0.295332248407185	0.363624006446068	0.843855467187981	sample_2022120210049
HROV.vOTU10220	Responder_Status	Responder	0.440844124731071	0.477300413300663	0.363575765865928	0.843855467187981	sample_2022120210049
HROV.vOTU74826	Responder_Status	Responder	0.30549842192801	0.331065386874498	0.364008968135808	0.843993640230309	sample_2022120210049
HROV.vOTU65849	Responder_Status	Responder	-0.496177143202428	0.537904498049609	0.364187014928917	0.844030751506562	sample_2022120210049
HROV.vOTU49753	Responder_Status	Responder	-0.536865454202882	0.582099862436203	0.364256239116996	0.844097290846693	sample_2022120210049
HROV.vOTU60665	Responder_Status	Responder	0.781625412346955	0.847663570200059	0.364357229542745	0.844237419653369	sample_2022120210049
HROV.vOTU00854	Responder_Status	Responder	-0.619406810083043	0.671922830173015	0.364486248568766	0.844392553006897	sample_2022120210049
HROV.vOTU53512	Responder_Status	Responder	0.600079887940278	0.650985114847211	0.364506448912197	0.844392553006897	sample_2022120210049
HROV.vOTU46996	Responder_Status	Responder	0.993075443339836	1.07828029803856	0.364927981801957	0.844632102279956	sample_2022120210049
HROV.vOTU01979	Responder_Status	Responder	-0.629555758950086	0.683578197311675	0.364932958230101	0.844632102279956	sample_2022120210049
HROV.vOTU34499	Responder_Status	Responder	-0.704557997953922	0.765413397519725	0.365178067398259	0.844930212058363	sample_2022120210049
HROV.vOTU12747	Responder_Status	Responder	-0.31596864173658	0.343381848252337	0.365345633810117	0.844930212058363	sample_2022120210049
HROV.vOTU64011	Responder_Status	Responder	-0.812834686633613	0.885763393947892	0.366631290305298	0.845427164733311	sample_2022120210049
HROV.vOTU16355	Responder_Status	Responder	-0.862200342510111	0.9401014397823	0.366904228194954	0.845427164733311	sample_2022120210049
HROV.vOTU66740	Responder_Status	Responder	-0.76464408226301	0.83342068824723	0.366728545545392	0.845427164733311	sample_2022120210049
HROV.vOTU61538	Responder_Status	Responder	-1.13009390560632	1.23226148472694	0.366927946029985	0.845427164733311	sample_2022120210049
HROV.vOTU41630	Responder_Status	Responder	-0.885812378029848	0.965077134564454	0.3665277542587	0.845427164733311	sample_2022120210049
HROV.vOTU22441	Responder_Status	Responder	0.704085855521281	0.767634066064552	0.366863014056316	0.845427164733311	sample_2022120210049
HROV.vOTU07014	Responder_Status	Responder	1.1960249071456	1.30709460964755	0.36799156750123	0.845531743766475	sample_2022120210049
HROV.vOTU72586	Responder_Status	Responder	-0.630033605602405	0.688171810411189	0.3677376300887	0.845531743766475	sample_2022120210049
HROV.vOTU45238	Responder_Status	Responder	1.07058862893443	1.17064714004045	0.368248685136592	0.845613482249101	sample_2022120210049
HROV.vOTU43434	Responder_Status	Responder	-0.669368828025861	0.732207423894012	0.368428278592323	0.845635962282978	sample_2022120210049
HROV.vOTU59791	Responder_Status	Responder	0.237552920637134	0.259814923746122	0.368357724431725	0.845635962282978	sample_2022120210049
HROV.vOTU38906	Responder_Status	Responder	-0.962482619980175	1.05371172014948	0.368819753749037	0.845808557836992	sample_2022120210049
HROV.vOTU28591	Responder_Status	Responder	1.13976311857534	1.25036131153409	0.36978880253197	0.845808557836992	sample_2022120210049
HROV.vOTU72559	Responder_Status	Responder	0.81041860620149	0.886897458100872	0.368640569010229	0.845808557836992	sample_2022120210049
HROV.vOTU63000	Responder_Status	Responder	0.584300270465903	0.640938705785431	0.369744794519675	0.845808557836992	sample_2022120210049
HROV.vOTU27737	Responder_Status	Responder	0.824998456937689	0.90373572751442	0.369101590078216	0.845808557836992	sample_2022120210049
HROV.vOTU13318	Responder_Status	Responder	-0.385188526706327	0.422711922076659	0.369951970659565	0.845808557836992	sample_2022120210049
HROV.vOTU15658	Responder_Status	Responder	0.83489905240264	0.917499198926041	0.370604187452785	0.846528452714702	sample_2022120210049
HROV.vOTU55149	Responder_Status	Responder	-0.508265996822406	0.558819721315136	0.370831062535497	0.846528452714702	sample_2022120210049
HROV.vOTU62404	Responder_Status	Responder	0.225955902713304	0.248474163539079	0.370914534055377	0.846533499511862	sample_2022120210049
HROV.vOTU50156	Responder_Status	Responder	0.603836334034558	0.664535740610331	0.371285352909913	0.846649189498332	sample_2022120210049
HROV.vOTU73192	Responder_Status	Responder	0.793046739031161	0.873103601847872	0.371467614045572	0.846960794335684	sample_2022120210049
HROV.vOTU50395	Responder_Status	Responder	0.576062284891826	0.634590916195111	0.371747029675257	0.847134350134964	sample_2022120210049
HROV.vOTU08175	Responder_Status	Responder	-0.63402491844789	0.698832117972129	0.372009821520078	0.847177246843461	sample_2022120210049
HROV.vOTU56260	Responder_Status	Responder	1.11916980818524	1.23328253357439	0.371901358180225	0.847177246843461	sample_2022120210049
HROV.vOTU03023	Responder_Status	Responder	0.869771543322758	0.959664306640543	0.372495586967688	0.847439245607298	sample_2022120210049
HROV.vOTU22540	Responder_Status	Responder	1.32508510036009	1.46248303335819	0.372639816276963	0.847553115197401	sample_2022120210049
HROV.vOTU46856	Responder_Status	Responder	-0.629235599261904	0.694700412847253	0.372788690433957	0.847619141774262	sample_2022120210049
HROV.vOTU49134	Responder_Status	Responder	1.09419760256041	1.20825389818483	0.372873508833636	0.847619141774262	sample_2022120210049
HROV.vOTU32612	Responder_Status	Responder	0.24990446805373	0.27596671597675	0.372895466930784	0.847619141774262	sample_2022120210049
HROV.vOTU32613	Responder_Status	Responder	-1.17723931929862	1.30067506408048	0.373135636208834	0.847705701015786	sample_2022120210049
HROV.vOTU57832	Responder_Status	Responder	0.379632281024144	0.419445343538478	0.373144518816815	0.847705701015786	sample_2022120210049
HROV.vOTU66680	Responder_Status	Responder	-0.484564912289756	0.535716421299026	0.373438233089869	0.847743036220028	sample_2022120210049
HROV.vOTU28978	Responder_Status	Responder	0.634625770288299	0.702170816580494	0.373809273519605	0.848094296229417	sample_2022120210049
HROV.vOTU24576	Responder_Status	Responder	0.758629300392578	0.841654105706129	0.375087659388498	0.848094296229417	sample_2022120210049
HROV.vOTU64280	Responder_Status	Responder	-0.86564497686421	0.960045358253083	0.374922773142178	0.848094296229417	sample_2022120210049
HROV.vOTU21018	Responder_Status	Responder	1.276878581464	1.41591865580732	0.374854214731144	0.848094296229417	sample_2022120210049
HROV.vOTU22418	Responder_Status	Responder	1.06475571769684	1.1781653913626	0.37384312173766	0.848094296229417	sample_2022120210049
HROV.vOTU05577	Responder_Status	Responder	-0.707625147600784	0.784715599760439	0.374876251269144	0.848094296229417	sample_2022120210049
HROV.vOTU64423	Responder_Status	Responder	-0.451220166054229	0.500041781236048	0.374560488188712	0.848094296229417	sample_2022120210049
HROV.vOTU23188	Responder_Status	Responder	-0.416549669310973	0.460858004713319	0.373782450519258	0.848094296229417	sample_2022120210049
HROV.vOTU03709	Responder_Status	Responder	-0.487406343970852	0.540962963419876	0.375274459885553	0.848094296229417	sample_2022120210049
HROV.vOTU19163	Responder_Status	Responder	0.333126275086499	0.369962750807676	0.375570107142833	0.848094296229417	sample_2022120210049
HROV.vOTU09248	Responder_Status	Responder	0.417880821674836	0.463970783999906	0.375449885478142	0.848094296229417	sample_2022120210049
HROV.vOTU31921	Responder_Status	Responder	0.859002022452108	0.952407747384995	0.374789198095254	0.848094296229417	sample_2022120210049
HROV.vOTU32309	Responder_Status	Responder	0.260869097475391	0.289168507576972	0.374680369886978	0.848094296229417	sample_2022120210049
HROV.vOTU18026	Responder_Status	Responder	-0.912648566504005	1.01297437728689	0.375294545311376	0.848094296229417	sample_2022120210049
HROV.vOTU12508	Responder_Status	Responder	0.660121414312781	0.732025595600403	0.374869114676114	0.848094296229417	sample_2022120210049
HROV.vOTU48027	Responder_Status	Responder	-1.04683639190111	1.16509049885788	0.376579781792655	0.848188938743709	sample_2022120210049
HROV.vOTU32676	Responder_Status	Responder	0.673764364883645	0.749416535350437	0.376291989801676	0.848188938743709	sample_2022120210049
HROV.vOTU59949	Responder_Status	Responder	0.908294897910458	1.01061451808673	0.376447393289151	0.848188938743709	sample_2022120210049
HROV.vOTU27152	Responder_Status	Responder	-0.64221641589762	0.713688191367025	0.375871400105659	0.848188938743709	sample_2022120210049
HROV.vOTU33246	Responder_Status	Responder	0.618447150376064	0.687248883056256	0.375854430314302	0.848188938743709	sample_2022120210049
HROV.vOTU51625	Responder_Status	Responder	-0.675221634579282	0.751693980322085	0.376703154071188	0.848188938743709	sample_2022120210049
HROV.vOTU02638	Responder_Status	Responder	0.72357128082302	0.804034290061022	0.375834705921699	0.848188938743709	sample_2022120210049
HROV.vOTU67358	Responder_Status	Responder	0.415932771923797	0.462424214885666	0.376077646952817	0.848188938743709	sample_2022120210049
HROV.vOTU30351	Responder_Status	Responder	1.03476057620616	1.15435732917122	0.377684140423313	0.848228043023795	sample_2022120210049
HROV.vOTU67265	Responder_Status	Responder	0.629733464735971	0.70353517222058	0.378364843083312	0.848228043023795	sample_2022120210049
HROV.vOTU04413	Responder_Status	Responder	-0.538578012696144	0.599855002862099	0.376923007598895	0.848228043023795	sample_2022120210049
HROV.vOTU53720	Responder_Status	Responder	0.829202310333023	0.924339854986943	0.377327591227028	0.848228043023795	sample_2022120210049
HROV.vOTU63838	Responder_Status	Responder	0.383941090817371	0.427926481752266	0.377255447898049	0.848228043023795	sample_2022120210049
HROV.vOTU14589	Responder_Status	Responder	0.423034847518208	0.472306479253335	0.378060294607724	0.848228043023795	sample_2022120210049
HROV.vOTU57313	Responder_Status	Responder	0.335562946200198	0.374451773185649	0.377815717466164	0.848228043023795	sample_2022120210049
HROV.vOTU46426	Responder_Status	Responder	0.523970019705697	0.584254097766823	0.377462058542827	0.848228043023795	sample_2022120210049
HROV.vOTU36749	Responder_Status	Responder	-0.984540607056933	1.10068976171503	0.378692053960673	0.848578285046844	sample_2022120210049
HROV.vOTU36307	Responder_Status	Responder	-1.10996412968924	1.24466239276245	0.380111152114396	0.848797935451815	sample_2022120210049
HROV.vOTU04461	Responder_Status	Responder	0.965705226078093	1.08089901851874	0.379243252326673	0.848797935451815	sample_2022120210049
HROV.vOTU36535	Responder_Status	Responder	-0.597777044298688	0.67292290475845	0.381931703688751	0.848797935451815	sample_2022120210049
HROV.vOTU40888	Responder_Status	Responder	-0.53734199826041	0.603850052119694	0.38112322842471	0.848797935451815	sample_2022120210049
HROV.vOTU06807	Responder_Status	Responder	-0.860145604945797	0.96371668930134	0.379716004321952	0.848797935451815	sample_2022120210049
HROV.vOTU04488	Responder_Status	Responder	0.907588568084572	1.02485969546788	0.383389866853154	0.848797935451815	sample_2022120210049
HROV.vOTU56474	Responder_Status	Responder	0.461567080822182	0.516838641035811	0.379437625923679	0.848797935451815	sample_2022120210049
HROV.vOTU19606	Responder_Status	Responder	-0.863465924195819	0.973137630248451	0.382475372874726	0.848797935451815	sample_2022120210049
HROV.vOTU51674	Responder_Status	Responder	0.502734714109659	0.562555867295597	0.379120135388333	0.848797935451815	sample_2022120210049
HROV.vOTU25387	Responder_Status	Responder	-0.476941270800001	0.535463804673116	0.380676454807469	0.848797935451815	sample_2022120210049
HROV.vOTU08794	Responder_Status	Responder	-0.521967728804162	0.588705335060471	0.382826866565566	0.848797935451815	sample_2022120210049
HROV.vOTU67860	Responder_Status	Responder	-0.480228183125794	0.541207185477815	0.382461157385294	0.848797935451815	sample_2022120210049
HROV.vOTU70988	Responder_Status	Responder	-0.720052439297025	0.812576715567827	0.383092598563341	0.848797935451815	sample_2022120210049
HROV.vOTU04551	Responder_Status	Responder	1.02769681997642	1.15645145521065	0.38175475310481	0.848797935451815	sample_2022120210049
HROV.vOTU35834	Responder_Status	Responder	0.658515208221134	0.741007970709232	0.381748997276555	0.848797935451815	sample_2022120210049
HROV.vOTU29100	Responder_Status	Responder	0.363788195759562	0.407935366458744	0.380111295112237	0.848797935451815	sample_2022120210049
HROV.vOTU63563	Responder_Status	Responder	0.840614378499466	0.94884894814113	0.38320066219411	0.848797935451815	sample_2022120210049
HROV.vOTU29003	Responder_Status	Responder	0.303861523146267	0.34007764754667	0.379201949332266	0.848797935451815	sample_2022120210049
HROV.vOTU58622	Responder_Status	Responder	0.329686462927365	0.371192028902441	0.382008939308351	0.848797935451815	sample_2022120210049
HROV.vOTU10315	Responder_Status	Responder	0.264623666964418	0.298626393432639	0.383091797393673	0.848797935451815	sample_2022120210049
HROV.vOTU42274	Responder_Status	Responder	0.175346024774884	0.197594264343906	0.382420627737789	0.848797935451815	sample_2022120210049
HROV.vOTU66429	Responder_Status	Responder	0.325137734230529	0.364989166759217	0.3806195451509	0.848797935451815	sample_2022120210049
HROV.vOTU04210	Responder_Status	Responder	0.427465754546513	0.480433183079784	0.381180915714234	0.848797935451815	sample_2022120210049
HROV.vOTU10841	Responder_Status	Responder	0.805202916345487	0.909906163441173	0.383731080739905	0.849040883388734	sample_2022120210049
HROV.vOTU72401	Responder_Status	Responder	0.936037471956553	1.05833903805379	0.383990640054492	0.849040883388734	sample_2022120210049
HROV.vOTU58430	Responder_Status	Responder	0.3600998984005	0.40741159859013	0.38429174007908	0.849158808415275	sample_2022120210049
HROV.vOTU15527	Responder_Status	Responder	0.409931894205694	0.464021688978826	0.384525176884343	0.849455760576798	sample_2022120210049
HROV.vOTU21466	Responder_Status	Responder	-0.365321143145136	0.413906759302017	0.384958269506736	0.849460447487062	sample_2022120210049
HROV.vOTU68963	Responder_Status	Responder	-0.871712995824039	0.988988001359789	0.385594884666607	0.849855690142197	sample_2022120210049
HROV.vOTU20653	Responder_Status	Responder	-0.756900121322928	0.859464171829292	0.385995998173453	0.849932522563858	sample_2022120210049
HROV.vOTU21114	Responder_Status	Responder	0.428778091015736	0.487205016104429	0.38630885365884	0.850099806292981	sample_2022120210049
HROV.vOTU56971	Responder_Status	Responder	1.10341029043176	1.25493263163094	0.386744908811958	0.850617069825803	sample_2022120210049
HROV.vOTU73925	Responder_Status	Responder	0.840107864051323	0.955849166111164	0.386929278237082	0.850746254967245	sample_2022120210049
HROV.vOTU42795	Responder_Status	Responder	-0.384431060601333	0.437611637394508	0.387162317391317	0.851056012131269	sample_2022120210049
HROV.vOTU74567	Responder_Status	Responder	-0.695326644520874	0.792309264814676	0.387631892830917	0.851165957064131	sample_2022120210049
HROV.vOTU13136	Responder_Status	Responder	-0.67716406489073	0.771143475783891	0.387346606464226	0.851165957064131	sample_2022120210049
HROV.vOTU50809	Responder_Status	Responder	0.695931255272003	0.79495168259774	0.388783659786069	0.851165957064131	sample_2022120210049
HROV.vOTU14008	Responder_Status	Responder	0.329824044091068	0.376459305228184	0.38841867959967	0.851165957064131	sample_2022120210049
HROV.vOTU09854	Responder_Status	Responder	-0.788896924122395	0.904166319227433	0.390349536008571	0.851447143741941	sample_2022120210049
HROV.vOTU56948	Responder_Status	Responder	-1.14132103812642	1.30553361579123	0.38943641454472	0.851447143741941	sample_2022120210049
HROV.vOTU66226	Responder_Status	Responder	-0.833037130430933	0.954109311631894	0.390032630752632	0.851447143741941	sample_2022120210049
HROV.vOTU72186	Responder_Status	Responder	1.05041355470487	1.20297551017463	0.389992453864451	0.851447143741941	sample_2022120210049
HROV.vOTU50443	Responder_Status	Responder	0.321534071067733	0.368162013585531	0.389901457606195	0.851447143741941	sample_2022120210049
HROV.vOTU27814	Responder_Status	Responder	0.972248043165072	1.11436684895562	0.390374348625094	0.851447143741941	sample_2022120210049
HROV.vOTU31834	Responder_Status	Responder	-0.638252925993448	0.732404278712009	0.390920139235431	0.851767304331137	sample_2022120210049
HROV.vOTU16260	Responder_Status	Responder	-0.486848034119491	0.558760779612289	0.391000264949416	0.851767304331137	sample_2022120210049
HROV.vOTU57904	Responder_Status	Responder	0.719412738432065	0.825438150597781	0.390864545162106	0.851767304331137	sample_2022120210049
HROV.vOTU12753	Responder_Status	Responder	0.73256248997226	0.842224432505932	0.391808132245521	0.851767304331137	sample_2022120210049
HROV.vOTU30486	Responder_Status	Responder	-1.24069280055079	1.42658485149448	0.391862132235777	0.851794212324718	sample_2022120210049
HROV.vOTU36366	Responder_Status	Responder	1.03705395110923	1.19285730409006	0.392027604536309	0.85185136890636	sample_2022120210049
HROV.vOTU56296	Responder_Status	Responder	-0.584223045790847	0.672080796738627	0.392087484328717	0.85185136890636	sample_2022120210049
HROV.vOTU34620	Responder_Status	Responder	1.23705849941754	1.42285529888924	0.392009696020312	0.85185136890636	sample_2022120210049
HROV.vOTU75509	Responder_Status	Responder	-0.915547332737917	1.05389004895439	0.392379765726279	0.852030476175822	sample_2022120210049
HROV.vOTU25593	Responder_Status	Responder	-0.67750344530385	0.780464032937208	0.392731352872954	0.852215435671784	sample_2022120210049
HROV.vOTU01832	Responder_Status	Responder	0.261841064510926	0.301940856690527	0.393207450025574	0.852572535403565	sample_2022120210049
HROV.vOTU63801	Responder_Status	Responder	0.54149026091588	0.624483425668208	0.393257061140173	0.852572535403565	sample_2022120210049
HROV.vOTU32042	Responder_Status	Responder	-0.979735760476364	1.13149488640074	0.393916433187434	0.852631426420951	sample_2022120210049
HROV.vOTU43804	Responder_Status	Responder	0.885455535695764	1.02204456854796	0.393657859897698	0.852631426420951	sample_2022120210049
HROV.vOTU72571	Responder_Status	Responder	-0.695211168866096	0.802524648892425	0.393699312599717	0.852631426420951	sample_2022120210049
HROV.vOTU56271	Responder_Status	Responder	-0.630790450444231	0.72849847576945	0.393916327955343	0.852631426420951	sample_2022120210049
HROV.vOTU01747	Responder_Status	Responder	0.94107986751799	1.08578309978487	0.393457388292868	0.852631426420951	sample_2022120210049
HROV.vOTU46108	Responder_Status	Responder	-1.10962073240723	1.29046979198386	0.397169938433932	0.85280842725373	sample_2022120210049
HROV.vOTU56605	Responder_Status	Responder	-0.648152123062172	0.750381147506849	0.395056827387418	0.85280842725373	sample_2022120210049
HROV.vOTU59173	Responder_Status	Responder	0.846997961865965	0.984878179120536	0.397091471657854	0.85280842725373	sample_2022120210049
HROV.vOTU04024	Responder_Status	Responder	1.10562362086944	1.28444175482287	0.396669688710747	0.85280842725373	sample_2022120210049
HROV.vOTU67718	Responder_Status	Responder	0.661694644080822	0.770318965537394	0.397641644833527	0.85280842725373	sample_2022120210049
HROV.vOTU26649	Responder_Status	Responder	1.14617063752758	1.33406212480751	0.397549182904046	0.85280842725373	sample_2022120210049
HROV.vOTU42910	Responder_Status	Responder	0.659882298111728	0.762680759882091	0.394273966274224	0.85280842725373	sample_2022120210049
HROV.vOTU53334	Responder_Status	Responder	0.79154512363024	0.921386986913237	0.397591684740762	0.85280842725373	sample_2022120210049
HROV.vOTU21127	Responder_Status	Responder	1.14375271984515	1.33171159317788	0.397711441999704	0.85280842725373	sample_2022120210049
HROV.vOTU18137	Responder_Status	Responder	-0.705230514290819	0.819434002860116	0.396751016498573	0.85280842725373	sample_2022120210049
HROV.vOTU67441	Responder_Status	Responder	-0.546282047299013	0.633861903372418	0.396101442939713	0.85280842725373	sample_2022120210049
HROV.vOTU25602	Responder_Status	Responder	-0.414959187398267	0.48293026406536	0.397497972357635	0.85280842725373	sample_2022120210049
HROV.vOTU01220	Responder_Status	Responder	-0.666692995252575	0.775046973190024	0.39698629591061	0.85280842725373	sample_2022120210049
HROV.vOTU37726	Responder_Status	Responder	-0.700484992567039	0.813366054299995	0.396433668797144	0.85280842725373	sample_2022120210049
HROV.vOTU67177	Responder_Status	Responder	1.00181273563798	1.15854700015096	0.394543456572173	0.85280842725373	sample_2022120210049
HROV.vOTU53418	Responder_Status	Responder	0.697265515554984	0.809497467700381	0.396358637514845	0.85280842725373	sample_2022120210049
HROV.vOTU09655	Responder_Status	Responder	-0.34031523077607	0.39528986423263	0.396591539418057	0.85280842725373	sample_2022120210049
HROV.vOTU67200	Responder_Status	Responder	-0.361047791425386	0.417804247941155	0.394845410208158	0.85280842725373	sample_2022120210049
HROV.vOTU35161	Responder_Status	Responder	0.40279434782787	0.467972429676854	0.396701663771213	0.85280842725373	sample_2022120210049
HROV.vOTU36400	Responder_Status	Responder	0.324439557734208	0.375157725944696	0.394492940401185	0.85280842725373	sample_2022120210049
HROV.vOTU42180	Responder_Status	Responder	-0.733020361001609	0.853975943103524	0.39798125144981	0.852904687714133	sample_2022120210049
HROV.vOTU53179	Responder_Status	Responder	0.964695157931879	1.12402067680401	0.398039811071592	0.852942452296269	sample_2022120210049
HROV.vOTU09777	Responder_Status	Responder	-0.606868460864206	0.707603409704553	0.398373467695548	0.853191763609646	sample_2022120210049
HROV.vOTU36805	Responder_Status	Responder	-0.387874870869622	0.452420934070078	0.398540406852573	0.853225377802442	sample_2022120210049
HROV.vOTU66557	Responder_Status	Responder	0.457181132882774	0.533497467069611	0.398747334053699	0.853492983871873	sample_2022120210049
HROV.vOTU12421	Responder_Status	Responder	-0.696463599936365	0.813699790974904	0.399306540127937	0.853670774542408	sample_2022120210049
HROV.vOTU21543	Responder_Status	Responder	0.836551044869619	0.978667866965299	0.399924905098091	0.853670774542408	sample_2022120210049
HROV.vOTU74783	Responder_Status	Responder	-0.522987053644605	0.612417316267398	0.400367988495995	0.853670774542408	sample_2022120210049
HROV.vOTU37099	Responder_Status	Responder	0.564235730429594	0.660221547512609	0.400017278304534	0.853670774542408	sample_2022120210049
HROV.vOTU05388	Responder_Status	Responder	-0.698835528043209	0.816606841638525	0.399383975425054	0.853670774542408	sample_2022120210049
HROV.vOTU22759	Responder_Status	Responder	0.633383616700244	0.74043404192379	0.399578482069208	0.853670774542408	sample_2022120210049
HROV.vOTU02846	Responder_Status	Responder	0.508370183281607	0.595957165158706	0.400880356840154	0.853912536330113	sample_2022120210049
HROV.vOTU59262	Responder_Status	Responder	-0.804637621802692	0.944294033870156	0.401385601332272	0.853912536330113	sample_2022120210049
HROV.vOTU57134	Responder_Status	Responder	-0.470195603170732	0.550992362089896	0.40070050718542	0.853912536330113	sample_2022120210049
HROV.vOTU10071	Responder_Status	Responder	-0.760369805709385	0.892185077691257	0.401303370894959	0.853912536330113	sample_2022120210049
HROV.vOTU30551	Responder_Status	Responder	0.508260183183852	0.596025579455409	0.401034358852072	0.853912536330113	sample_2022120210049
HROV.vOTU53898	Responder_Status	Responder	-0.524567223544902	0.615901261566019	0.401602917313059	0.854251840961469	sample_2022120210049
HROV.vOTU01529	Responder_Status	Responder	1.12930508368294	1.32668641678653	0.401867319656373	0.854278022435159	sample_2022120210049
HROV.vOTU35376	Responder_Status	Responder	-0.417840562122872	0.4914154847679	0.402382231193175	0.854278022435159	sample_2022120210049
HROV.vOTU30278	Responder_Status	Responder	-0.665469972887155	0.782463886542831	0.402272677507934	0.854278022435159	sample_2022120210049
HROV.vOTU58184	Responder_Status	Responder	0.274484297437705	0.322325238101807	0.401674480786529	0.854278022435159	sample_2022120210049
HROV.vOTU65362	Responder_Status	Responder	0.768249476177398	0.902400599917384	0.401803221173048	0.854278022435159	sample_2022120210049
HROV.vOTU25935	Responder_Status	Responder	0.959433611646442	1.12977426580874	0.40295823529791	0.854559804535595	sample_2022120210049
HROV.vOTU48533	Responder_Status	Responder	0.48662678582966	0.573109020268415	0.403027196510088	0.854559804535595	sample_2022120210049
HROV.vOTU53606	Responder_Status	Responder	-0.497976279705913	0.586560809538092	0.403094731164534	0.854559804535595	sample_2022120210049
HROV.vOTU24656	Responder_Status	Responder	-0.29674128176351	0.349751210742124	0.403390781878858	0.854651915847672	sample_2022120210049
HROV.vOTU54197	Responder_Status	Responder	0.494309973054004	0.583136547292301	0.403807314006343	0.854928429792537	sample_2022120210049
HROV.vOTU44513	Responder_Status	Responder	-0.636573358221792	0.753502382104001	0.40537284584833	0.85536034849237	sample_2022120210049
HROV.vOTU27306	Responder_Status	Responder	0.764512252160528	0.905406663529957	0.405611044101362	0.85536034849237	sample_2022120210049
HROV.vOTU45376	Responder_Status	Responder	0.519495949700062	0.614735556992714	0.405234007814179	0.85536034849237	sample_2022120210049
HROV.vOTU52072	Responder_Status	Responder	0.708040674162582	0.838716210990184	0.405715247816138	0.85536034849237	sample_2022120210049
HROV.vOTU28132	Responder_Status	Responder	0.597449262804542	0.706895831306197	0.405178708712769	0.85536034849237	sample_2022120210049
HROV.vOTU70425	Responder_Status	Responder	0.624196088088836	0.738259748425651	0.405001144777208	0.85536034849237	sample_2022120210049
HROV.vOTU01791	Responder_Status	Responder	0.308972566812057	0.365806589886746	0.405474757245235	0.85536034849237	sample_2022120210049
HROV.vOTU04065	Responder_Status	Responder	-0.417821985886507	0.495802371766298	0.406527009915337	0.855424686050521	sample_2022120210049
HROV.vOTU40394	Responder_Status	Responder	-0.78356404748907	0.930758461474745	0.407002024674248	0.855424686050521	sample_2022120210049
HROV.vOTU29117	Responder_Status	Responder	-0.539314384710564	0.63965255377851	0.406297363549353	0.855424686050521	sample_2022120210049
HROV.vOTU19088	Responder_Status	Responder	-0.826939149188749	0.980861491966968	0.406331514978328	0.855424686050521	sample_2022120210049
HROV.vOTU50574	Responder_Status	Responder	-0.585395631464236	0.693925250950876	0.40604233985222	0.855424686050521	sample_2022120210049
HROV.vOTU36327	Responder_Status	Responder	-0.731138341528871	0.867936900474183	0.406709787213727	0.855424686050521	sample_2022120210049
HROV.vOTU33140	Responder_Status	Responder	-0.691784085125129	0.820335320410456	0.406210599205443	0.855424686050521	sample_2022120210049
HROV.vOTU07931	Responder_Status	Responder	0.740823302710603	0.882345489466579	0.408240755330034	0.85570383675063	sample_2022120210049
HROV.vOTU48546	Responder_Status	Responder	1.16467872352253	1.38635486823516	0.407968075247654	0.85570383675063	sample_2022120210049
HROV.vOTU40120	Responder_Status	Responder	-0.401010880723771	0.476875825056995	0.407521137580957	0.85570383675063	sample_2022120210049
HROV.vOTU30770	Responder_Status	Responder	0.472358277261959	0.561644699252114	0.407458194992137	0.85570383675063	sample_2022120210049
HROV.vOTU61421	Responder_Status	Responder	0.735630382323985	0.877159029061054	0.408767982230799	0.85588242772123	sample_2022120210049
HROV.vOTU11158	Responder_Status	Responder	0.237112488315077	0.282650145003621	0.408635941676249	0.85588242772123	sample_2022120210049
HROV.vOTU60217	Responder_Status	Responder	-0.681427489364276	0.812895156358554	0.408977064058989	0.855896216124764	sample_2022120210049
HROV.vOTU59175	Responder_Status	Responder	0.87121389991413	1.0397736939468	0.409189248051275	0.856038276756914	sample_2022120210049
HROV.vOTU24201	Responder_Status	Responder	0.367369684819997	0.439691673052373	0.410500116718628	0.857076854577876	sample_2022120210049
HROV.vOTU61017	Responder_Status	Responder	0.415900522305638	0.498383669179051	0.411063589851573	0.857590017555047	sample_2022120210049
HROV.vOTU16763	Responder_Status	Responder	-0.533302521005172	0.640373132053431	0.412005209954191	0.85762797356864	sample_2022120210049
HROV.vOTU04356	Responder_Status	Responder	0.408372807478213	0.489863813516557	0.411536218023366	0.85762797356864	sample_2022120210049
HROV.vOTU33700	Responder_Status	Responder	-0.64090325235521	0.769093895003658	0.411715297123217	0.85762797356864	sample_2022120210049
HROV.vOTU09645	Responder_Status	Responder	-0.667050474094164	0.800791663658228	0.411900324900718	0.85762797356864	sample_2022120210049
HROV.vOTU30514	Responder_Status	Responder	-0.588179652643458	0.705325072327192	0.411388107947892	0.85762797356864	sample_2022120210049
HROV.vOTU43318	Responder_Status	Responder	-0.386766638310156	0.464501542929428	0.412088894368279	0.85762797356864	sample_2022120210049
HROV.vOTU15731	Responder_Status	Responder	-0.629129996513538	0.755529922297247	0.412060310017249	0.85762797356864	sample_2022120210049
HROV.vOTU73450	Responder_Status	Responder	0.483889243059356	0.580472429438602	0.411554394296277	0.85762797356864	sample_2022120210049
HROV.vOTU55024	Responder_Status	Responder	1.05066313554227	1.26092971241838	0.411758371595614	0.85762797356864	sample_2022120210049
HROV.vOTU50739	Responder_Status	Responder	0.603797815632232	0.724833671862203	0.411885409622877	0.85762797356864	sample_2022120210049
HROV.vOTU37360	Responder_Status	Responder	0.537854403926809	0.645974225330719	0.412101980606324	0.85762797356864	sample_2022120210049
HROV.vOTU41729	Responder_Status	Responder	-1.14905158353336	1.38108013325225	0.412451695349886	0.857826912782701	sample_2022120210049
HROV.vOTU64696	Responder_Status	Responder	0.590403645645077	0.709624286955027	0.412451788807679	0.857826912782701	sample_2022120210049
HROV.vOTU16350	Responder_Status	Responder	-0.697982232987126	0.838702913879955	0.412328818981138	0.857826912782701	sample_2022120210049
HROV.vOTU31272	Responder_Status	Responder	0.362708887621659	0.436344891206713	0.412868777618443	0.858113069641346	sample_2022120210049
HROV.vOTU71761	Responder_Status	Responder	-0.287561517273668	0.346197600824966	0.413210557739536	0.858152463829755	sample_2022120210049
HROV.vOTU01504	Responder_Status	Responder	0.668063452633144	0.804165851583778	0.413141085438712	0.858152463829755	sample_2022120210049
HROV.vOTU63216	Responder_Status	Responder	0.699434165632187	0.842310506106544	0.413350916149796	0.858212888687693	sample_2022120210049
HROV.vOTU69853	Responder_Status	Responder	-0.591105961523262	0.712025205382145	0.413462113401656	0.858358223667148	sample_2022120210049
HROV.vOTU48991	Responder_Status	Responder	0.511474761432326	0.616256842387286	0.413576345434182	0.858424303359353	sample_2022120210049
HROV.vOTU04247	Responder_Status	Responder	0.944976782099955	1.13847340915494	0.413538318566051	0.858424303359353	sample_2022120210049
HROV.vOTU31699	Responder_Status	Responder	-0.673991201931781	0.812229909204927	0.413668989447971	0.858445557285705	sample_2022120210049
HROV.vOTU39186	Responder_Status	Responder	-0.854888567430449	1.03049347082061	0.413786889194834	0.858604704349603	sample_2022120210049
HROV.vOTU02961	Responder_Status	Responder	-0.666078465995803	0.803248182221053	0.413987242976088	0.858658977890766	sample_2022120210049
HROV.vOTU32825	Responder_Status	Responder	0.778011300588975	0.938950014235345	0.414340049085238	0.859068058781066	sample_2022120210049
HROV.vOTU62011	Responder_Status	Responder	-0.910991585548417	1.10646876530083	0.417276665253664	0.859280371618155	sample_2022120210049
HROV.vOTU49771	Responder_Status	Responder	-0.745057441204515	0.90323473695649	0.416413840335497	0.859280371618155	sample_2022120210049
HROV.vOTU27780	Responder_Status	Responder	-1.03613967873762	1.25505850911717	0.416026523772951	0.859280371618155	sample_2022120210049
HROV.vOTU69059	Responder_Status	Responder	-0.649940623432118	0.789229189918537	0.417175626581355	0.859280371618155	sample_2022120210049
HROV.vOTU71934	Responder_Status	Responder	0.828256655786348	1.0055954277859	0.417100268028641	0.859280371618155	sample_2022120210049
HROV.vOTU75519	Responder_Status	Responder	1.09164672492506	1.3201159768393	0.415267207446856	0.859280371618155	sample_2022120210049
HROV.vOTU02759	Responder_Status	Responder	1.15909664168214	1.40454085469453	0.416205832498781	0.859280371618155	sample_2022120210049
HROV.vOTU66093	Responder_Status	Responder	-0.957665046349527	1.16261836279371	0.417063368134985	0.859280371618155	sample_2022120210049
HROV.vOTU65507	Responder_Status	Responder	0.647864168439155	0.785395987107979	0.416407310404384	0.859280371618155	sample_2022120210049
HROV.vOTU67547	Responder_Status	Responder	1.0016399688794	1.21466842464194	0.416557221700183	0.859280371618155	sample_2022120210049
HROV.vOTU74685	Responder_Status	Responder	0.599353367932791	0.727689840546908	0.417105573954545	0.859280371618155	sample_2022120210049
HROV.vOTU00410	Responder_Status	Responder	0.397190555581624	0.482355226726932	0.417216556139782	0.859280371618155	sample_2022120210049
HROV.vOTU55684	Responder_Status	Responder	0.405954668102418	0.492915627119292	0.417139157216979	0.859280371618155	sample_2022120210049
HROV.vOTU52056	Responder_Status	Responder	0.286945260734373	0.347185810621881	0.415514387308555	0.859280371618155	sample_2022120210049
HROV.vOTU32330	Responder_Status	Responder	0.359186587900424	0.435246136480957	0.416205921911919	0.859280371618155	sample_2022120210049
HROV.vOTU40521	Responder_Status	Responder	0.340563198946289	0.413872787831114	0.417535612299602	0.859280371618155	sample_2022120210049
HROV.vOTU14451	Responder_Status	Responder	0.340511566983382	0.414360711096091	0.418147443569941	0.85994492022305	sample_2022120210049
HROV.vOTU20938	Responder_Status	Responder	0.707395531197585	0.860964420718004	0.418228139831806	0.860025986320143	sample_2022120210049
HROV.vOTU69775	Responder_Status	Responder	-0.749163572868943	0.912431743585417	0.418546720937599	0.860092249467562	sample_2022120210049
HROV.vOTU11474	Responder_Status	Responder	-0.64225047128289	0.783548401492425	0.419327585444239	0.860272776815116	sample_2022120210049
HROV.vOTU06941	Responder_Status	Responder	0.238743393750357	0.291275293655512	0.419339108295383	0.860272776815116	sample_2022120210049
HROV.vOTU55466	Responder_Status	Responder	0.478982845080336	0.584128692169653	0.419144684969838	0.860272776815116	sample_2022120210049
HROV.vOTU06122	Responder_Status	Responder	-0.584550471522573	0.714091105081083	0.419930899530691	0.860526291711948	sample_2022120210049
HROV.vOTU28376	Responder_Status	Responder	-0.658893183380204	0.808186505837515	0.421796712831928	0.860748997765536	sample_2022120210049
HROV.vOTU16732	Responder_Status	Responder	0.949634601654722	1.16721539538927	0.422744960127747	0.860748997765536	sample_2022120210049
HROV.vOTU05711	Responder_Status	Responder	0.805470734012771	0.984932927644713	0.420380706088275	0.860748997765536	sample_2022120210049
HROV.vOTU74367	Responder_Status	Responder	-0.697636620887582	0.854503356508838	0.421149944036704	0.860748997765536	sample_2022120210049
HROV.vOTU72267	Responder_Status	Responder	-1.13228833382604	1.38517173279369	0.42058129500713	0.860748997765536	sample_2022120210049
HROV.vOTU47801	Responder_Status	Responder	-0.611267331691105	0.75102167573336	0.422562107224546	0.860748997765536	sample_2022120210049
HROV.vOTU42245	Responder_Status	Responder	-0.511780541851022	0.628262071470867	0.422177497280693	0.860748997765536	sample_2022120210049
HROV.vOTU16021	Responder_Status	Responder	0.758012837282771	0.927353325211656	0.420604646635002	0.860748997765536	sample_2022120210049
HROV.vOTU32022	Responder_Status	Responder	0.678164805444794	0.830100246940481	0.420844241138642	0.860748997765536	sample_2022120210049
HROV.vOTU03725	Responder_Status	Responder	-0.557709588418077	0.684080684927131	0.421799498466457	0.860748997765536	sample_2022120210049
HROV.vOTU61032	Responder_Status	Responder	0.393629112161266	0.481845709081899	0.420871187346049	0.860748997765536	sample_2022120210049
HROV.vOTU69101	Responder_Status	Responder	0.278764724639614	0.341087629302795	0.420667534246037	0.860748997765536	sample_2022120210049
HROV.vOTU09663	Responder_Status	Responder	-0.889712030930017	1.0946758158287	0.423211069073053	0.86086661676832	sample_2022120210049
HROV.vOTU51810	Responder_Status	Responder	-0.321415350340075	0.39564893636267	0.423429857866175	0.86086661676832	sample_2022120210049
HROV.vOTU11096	Responder_Status	Responder	0.383822554844731	0.472364738185477	0.423328122829879	0.86086661676832	sample_2022120210049
HROV.vOTU38921	Responder_Status	Responder	0.552813541961154	0.680127643275731	0.423185416524149	0.86086661676832	sample_2022120210049
HROV.vOTU65784	Responder_Status	Responder	-0.448081434778844	0.551627284076197	0.423477762958376	0.860880006950705	sample_2022120210049
HROV.vOTU43676	Responder_Status	Responder	-0.805299166494965	0.992575908794521	0.424023901497514	0.860959738560865	sample_2022120210049
HROV.vOTU18809	Responder_Status	Responder	0.383593978910591	0.472546720215772	0.423777588464387	0.860959738560865	sample_2022120210049
HROV.vOTU54484	Responder_Status	Responder	-0.540027192529163	0.666286347342194	0.424486648166943	0.861210986721388	sample_2022120210049
HROV.vOTU19474	Responder_Status	Responder	-0.312543451677447	0.385983385256434	0.424921955531359	0.861210986721388	sample_2022120210049
HROV.vOTU17427	Responder_Status	Responder	-0.862392592019383	1.06390076480088	0.42443479085667	0.861210986721388	sample_2022120210049
HROV.vOTU35076	Responder_Status	Responder	-0.566444077685954	0.699129485553948	0.424650376272681	0.861210986721388	sample_2022120210049
HROV.vOTU42450	Responder_Status	Responder	0.842660454904202	1.04026189622077	0.424744728191006	0.861210986721388	sample_2022120210049
HROV.vOTU59392	Responder_Status	Responder	-0.398908227272649	0.492522086703492	0.424810760380794	0.861210986721388	sample_2022120210049
HROV.vOTU10047	Responder_Status	Responder	-0.863529724596262	1.06674068249347	0.425051976417371	0.861390713807598	sample_2022120210049
HROV.vOTU41114	Responder_Status	Responder	0.81547112184916	1.00819180741641	0.425423980032024	0.861575140740281	sample_2022120210049
HROV.vOTU11756	Responder_Status	Responder	0.332823831135938	0.411745162530602	0.425718457573992	0.861735554605472	sample_2022120210049
HROV.vOTU58889	Responder_Status	Responder	-0.706975042949404	0.875972102879355	0.426426282382169	0.862047122839858	sample_2022120210049
HROV.vOTU37103	Responder_Status	Responder	-0.615742848119616	0.763058011355947	0.426502074212215	0.862047122839858	sample_2022120210049
HROV.vOTU30475	Responder_Status	Responder	0.716813524085174	0.887935619835709	0.426309508650284	0.862047122839858	sample_2022120210049
HROV.vOTU24826	Responder_Status	Responder	0.398321397773713	0.496156927937526	0.428844883630677	0.862335295089629	sample_2022120210049
HROV.vOTU40093	Responder_Status	Responder	-0.723301958778186	0.901187395826736	0.428960531253001	0.862335295089629	sample_2022120210049
HROV.vOTU39924	Responder_Status	Responder	0.788727837843207	0.980784054747194	0.428067791948955	0.862335295089629	sample_2022120210049
HROV.vOTU57856	Responder_Status	Responder	-0.464466123263046	0.577893092689376	0.428327750743496	0.862335295089629	sample_2022120210049
HROV.vOTU01715	Responder_Status	Responder	0.54741369796711	0.681411496560856	0.428538360923277	0.862335295089629	sample_2022120210049
HROV.vOTU05761	Responder_Status	Responder	0.830872774942537	1.03311724453911	0.428035039894506	0.862335295089629	sample_2022120210049
HROV.vOTU65452	Responder_Status	Responder	-0.69763541561845	0.868047371173323	0.428350298711855	0.862335295089629	sample_2022120210049
HROV.vOTU08856	Responder_Status	Responder	0.425928088268336	0.530359442933618	0.428685761406261	0.862335295089629	sample_2022120210049
HROV.vOTU43556	Responder_Status	Responder	-0.789974659282418	0.986427733199719	0.429965450115513	0.862622065783026	sample_2022120210049
HROV.vOTU19045	Responder_Status	Responder	0.746955113034743	0.931920174340142	0.429579072381003	0.862622065783026	sample_2022120210049
HROV.vOTU52028	Responder_Status	Responder	0.618836845643244	0.772510641480516	0.429835439605988	0.862622065783026	sample_2022120210049
HROV.vOTU68414	Responder_Status	Responder	0.462802574526663	0.577010375793216	0.429267756106305	0.862622065783026	sample_2022120210049
HROV.vOTU29846	Responder_Status	Responder	0.223291066633791	0.278643396319783	0.429676960490337	0.862622065783026	sample_2022120210049
HROV.vOTU08081	Responder_Status	Responder	-0.735737127419306	0.920578068122058	0.43089529654744	0.863134940831587	sample_2022120210049
HROV.vOTU63683	Responder_Status	Responder	-0.603099558990769	0.753769129912138	0.430382489392018	0.863134940831587	sample_2022120210049
HROV.vOTU33173	Responder_Status	Responder	0.225844583597699	0.282602677475315	0.430925349389497	0.863134940831587	sample_2022120210049
HROV.vOTU69633	Responder_Status	Responder	-0.683882094363844	0.856749195527565	0.431456048387926	0.863230792320673	sample_2022120210049
HROV.vOTU70013	Responder_Status	Responder	-0.580842545177088	0.727349623711258	0.431259192706014	0.863230792320673	sample_2022120210049
HROV.vOTU37291	Responder_Status	Responder	-0.756748973134827	0.948029831252504	0.431453626311814	0.863230792320673	sample_2022120210049
HROV.vOTU73023	Responder_Status	Responder	-0.521721118337531	0.653345081132593	0.431279554282596	0.863230792320673	sample_2022120210049
HROV.vOTU70220	Responder_Status	Responder	0.717644852198739	0.900810165469903	0.432348548628453	0.863751238344722	sample_2022120210049
HROV.vOTU00850	Responder_Status	Responder	-0.489459508627289	0.614302321571389	0.432287423447658	0.863751238344722	sample_2022120210049
HROV.vOTU34727	Responder_Status	Responder	0.316670997718859	0.397179517130174	0.431986739232722	0.863751238344722	sample_2022120210049
HROV.vOTU69180	Responder_Status	Responder	0.204192350275452	0.256280874061477	0.432299311499563	0.863751238344722	sample_2022120210049
HROV.vOTU26023	Responder_Status	Responder	-0.699366620780111	0.878833075378311	0.432849226847399	0.863866879785201	sample_2022120210049
HROV.vOTU37537	Responder_Status	Responder	0.761014288896352	0.959375541783717	0.434309233334973	0.864523449517418	sample_2022120210049
HROV.vOTU49736	Responder_Status	Responder	0.850622326746866	1.07087161370967	0.433686206024158	0.864523449517418	sample_2022120210049
HROV.vOTU60075	Responder_Status	Responder	-0.490537570785772	0.618121899929676	0.434106222669777	0.864523449517418	sample_2022120210049
HROV.vOTU45180	Responder_Status	Responder	0.346074472206498	0.436490448484504	0.434528294850683	0.864588188004334	sample_2022120210049
HROV.vOTU18260	Responder_Status	Responder	-0.257075390773235	0.324755910183383	0.435251479832972	0.864899401612352	sample_2022120210049
HROV.vOTU53029	Responder_Status	Responder	0.796905749346454	1.00689266238494	0.435334774404067	0.864899401612352	sample_2022120210049
HROV.vOTU03839	Responder_Status	Responder	1.06613270422152	1.34655235626536	0.435163030963222	0.864899401612352	sample_2022120210049
HROV.vOTU37097	Responder_Status	Responder	0.286611806580678	0.361937719130241	0.435087513555963	0.864899401612352	sample_2022120210049
HROV.vOTU59708	Responder_Status	Responder	-0.549206679291145	0.695343070852051	0.436262010659847	0.865338822553115	sample_2022120210049
HROV.vOTU40992	Responder_Status	Responder	-0.650021385437834	0.823884859246484	0.4367587934519	0.865512425387123	sample_2022120210049
HROV.vOTU08286	Responder_Status	Responder	-0.293191329981949	0.37182398815066	0.437017161597996	0.865512425387123	sample_2022120210049
HROV.vOTU70413	Responder_Status	Responder	0.798246366130143	1.01222122913038	0.436967258093584	0.865512425387123	sample_2022120210049
HROV.vOTU67096	Responder_Status	Responder	-0.873721665516159	1.10723278508357	0.436682501030787	0.865512425387123	sample_2022120210049
HROV.vOTU08578	Responder_Status	Responder	1.0950475046938	1.38780297682963	0.436712814948856	0.865512425387123	sample_2022120210049
HROV.vOTU38116	Responder_Status	Responder	0.83886946201351	1.06278681657048	0.436563362862973	0.865512425387123	sample_2022120210049
HROV.vOTU38772	Responder_Status	Responder	-0.660634111186213	0.840328435536451	0.438375735159363	0.86557437318432	sample_2022120210049
HROV.vOTU67833	Responder_Status	Responder	-0.787020731622922	1.00142885891198	0.438527868441348	0.86557437318432	sample_2022120210049
HROV.vOTU10823	Responder_Status	Responder	-0.877765068584618	1.11379266399579	0.437267513548135	0.86557437318432	sample_2022120210049
HROV.vOTU40926	Responder_Status	Responder	-0.726232520462679	0.923894816651433	0.438437035877131	0.86557437318432	sample_2022120210049
HROV.vOTU37618	Responder_Status	Responder	-0.405882856911494	0.516077554990868	0.438194438161096	0.86557437318432	sample_2022120210049
HROV.vOTU12830	Responder_Status	Responder	-0.544663838613265	0.692057516294725	0.437880796351667	0.86557437318432	sample_2022120210049
HROV.vOTU06484	Responder_Status	Responder	-0.782926447215553	0.9982707459199	0.439459298503352	0.866121518476632	sample_2022120210049
HROV.vOTU00255	Responder_Status	Responder	0.84036979675369	1.07393080865745	0.440478550347358	0.866121518476632	sample_2022120210049
HROV.vOTU28920	Responder_Status	Responder	0.515342511557888	0.65748578481672	0.439733359008794	0.866121518476632	sample_2022120210049
HROV.vOTU46443	Responder_Status	Responder	-0.464141127996278	0.591954731129576	0.439575031202932	0.866121518476632	sample_2022120210049
HROV.vOTU07919	Responder_Status	Responder	-0.551857407839368	0.703615319104799	0.439439528585856	0.866121518476632	sample_2022120210049
HROV.vOTU48190	Responder_Status	Responder	0.596128807230259	0.760979989832437	0.439986224930228	0.866121518476632	sample_2022120210049
HROV.vOTU13448	Responder_Status	Responder	0.487146071648873	0.620835645901109	0.439240497904733	0.866121518476632	sample_2022120210049
HROV.vOTU61599	Responder_Status	Responder	0.440758851386021	0.563354832141833	0.440556758891055	0.866188550674259	sample_2022120210049
HROV.vOTU43917	Responder_Status	Responder	0.404373092659919	0.517194222280014	0.440859105808329	0.866314361854912	sample_2022120210049
HROV.vOTU28484	Responder_Status	Responder	-0.4243509816153	0.543260843689425	0.441287641832367	0.866644171701138	sample_2022120210049
HROV.vOTU44787	Responder_Status	Responder	0.85864971229589	1.10043378070415	0.441771060000045	0.866687906987266	sample_2022120210049
HROV.vOTU36178	Responder_Status	Responder	0.858027052287206	1.09972835940055	0.441809083758664	0.866687906987266	sample_2022120210049
HROV.vOTU03489	Responder_Status	Responder	-0.356658809813349	0.457262171134022	0.441942071929717	0.866718812294532	sample_2022120210049
HROV.vOTU45294	Responder_Status	Responder	-0.636770556718595	0.816805799612996	0.44217449548679	0.866996575707442	sample_2022120210049
HROV.vOTU42808	Responder_Status	Responder	0.362999553992881	0.465959226609537	0.442492594396297	0.867408372058917	sample_2022120210049
HROV.vOTU10958	Responder_Status	Responder	-0.945814827092565	1.21448014017715	0.442640680321079	0.867486462272605	sample_2022120210049
HROV.vOTU59691	Responder_Status	Responder	1.04718412428968	1.3449919565235	0.442757429316385	0.867486462272605	sample_2022120210049
HROV.vOTU43948	Responder_Status	Responder	-0.372850917157668	0.479531830861041	0.443365820146484	0.867824587244108	sample_2022120210049
HROV.vOTU38578	Responder_Status	Responder	-0.415471465385386	0.53450079401366	0.443495572141244	0.867824587244108	sample_2022120210049
HROV.vOTU12196	Responder_Status	Responder	1.12769626469737	1.45365550352414	0.444390671440239	0.868562817960355	sample_2022120210049
HROV.vOTU66553	Responder_Status	Responder	0.728242071079126	0.943224104818688	0.446536581397412	0.868663126842879	sample_2022120210049
HROV.vOTU54368	Responder_Status	Responder	0.505317975693174	0.652909954754255	0.445447852781861	0.868663126842879	sample_2022120210049
HROV.vOTU50916	Responder_Status	Responder	0.771715240828156	0.995312528285674	0.4446324826921	0.868663126842879	sample_2022120210049
HROV.vOTU45611	Responder_Status	Responder	0.420735016126573	0.544662173109941	0.446308089190327	0.868663126842879	sample_2022120210049
HROV.vOTU65851	Responder_Status	Responder	0.578810684175758	0.746794857141799	0.444800951897766	0.868663126842879	sample_2022120210049
HROV.vOTU08849	Responder_Status	Responder	-0.386640208077318	0.500069928073699	0.445898959822544	0.868663126842879	sample_2022120210049
HROV.vOTU64793	Responder_Status	Responder	-0.431123768947188	0.557749488186531	0.446016574233136	0.868663126842879	sample_2022120210049
HROV.vOTU19602	Responder_Status	Responder	0.421347738319264	0.545722516885491	0.446528377956943	0.868663126842879	sample_2022120210049
HROV.vOTU11046	Responder_Status	Responder	0.278546952446894	0.360348220438201	0.446002850863677	0.868663126842879	sample_2022120210049
HROV.vOTU30358	Responder_Status	Responder	0.726316640052692	0.940733672360879	0.446538206743565	0.868663126842879	sample_2022120210049
HROV.vOTU67216	Responder_Status	Responder	1.16392623910358	1.50914005876248	0.447018093723168	0.868941410334966	sample_2022120210049
HROV.vOTU44696	Responder_Status	Responder	-1.22675433904419	1.59510773553947	0.44828916045835	0.868944520324625	sample_2022120210049
HROV.vOTU62317	Responder_Status	Responder	-0.715598563353558	0.930070367559043	0.44809670810256	0.868944520324625	sample_2022120210049
HROV.vOTU57910	Responder_Status	Responder	-0.768113356075991	0.998202224319009	0.448041748526601	0.868944520324625	sample_2022120210049
HROV.vOTU51830	Responder_Status	Responder	0.231882301570534	0.301835743015203	0.448775801419837	0.868944520324625	sample_2022120210049
HROV.vOTU42746	Responder_Status	Responder	0.89537944177101	1.16364401734186	0.448062236265688	0.868944520324625	sample_2022120210049
HROV.vOTU07059	Responder_Status	Responder	0.661388721804014	0.859234543823782	0.447898705012079	0.868944520324625	sample_2022120210049
HROV.vOTU12710	Responder_Status	Responder	0.537342249695704	0.700730815660627	0.449599572081335	0.869453953596513	sample_2022120210049
HROV.vOTU13656	Responder_Status	Responder	-0.41550861963846	0.541856687707644	0.449603882699728	0.869453953596513	sample_2022120210049
HROV.vOTU05381	Responder_Status	Responder	0.701069854032064	0.914953470376944	0.4499481417863	0.869716071446105	sample_2022120210049
HROV.vOTU26067	Responder_Status	Responder	-0.722270180467019	0.943383343944648	0.450310347444235	0.869904005331313	sample_2022120210049
HROV.vOTU30073	Responder_Status	Responder	-0.768677677508433	1.00433954582322	0.450462890017736	0.869904005331313	sample_2022120210049
HROV.vOTU07783	Responder_Status	Responder	0.938432534827075	1.22594004764844	0.450390512599539	0.869904005331313	sample_2022120210049
HROV.vOTU43100	Responder_Status	Responder	-0.939992665454297	1.22883153454788	0.450701908294961	0.869905779849566	sample_2022120210049
HROV.vOTU71160	Responder_Status	Responder	0.404807508036715	0.52936177510045	0.450842387665192	0.869905779849566	sample_2022120210049
HROV.vOTU38840	Responder_Status	Responder	-0.249478383423652	0.326437593967484	0.451113962446616	0.869905779849566	sample_2022120210049
HROV.vOTU05652	Responder_Status	Responder	-0.248801558456489	0.325230884758204	0.450671775775859	0.869905779849566	sample_2022120210049
HROV.vOTU12354	Responder_Status	Responder	-0.86754216601625	1.13678489766814	0.451753827472648	0.870150546096008	sample_2022120210049
HROV.vOTU06722	Responder_Status	Responder	0.532295895805663	0.698139905596408	0.452167834845848	0.870173233685801	sample_2022120210049
HROV.vOTU66013	Responder_Status	Responder	-0.467515728207035	0.613061952163595	0.452084139889194	0.870173233685801	sample_2022120210049
HROV.vOTU11572	Responder_Status	Responder	-0.209456112555137	0.274845871163077	0.452380974168292	0.870183825622838	sample_2022120210049
HROV.vOTU62835	Responder_Status	Responder	0.611386725861292	0.803351257252813	0.452992126272599	0.870284482181601	sample_2022120210049
HROV.vOTU02863	Responder_Status	Responder	0.438930210320347	0.576622437633853	0.452895929706672	0.870284482181601	sample_2022120210049
HROV.vOTU56647	Responder_Status	Responder	0.543482429482017	0.71368952416828	0.452718514010906	0.870284482181601	sample_2022120210049
HROV.vOTU07478	Responder_Status	Responder	0.446289917885837	0.588253218329278	0.454389461642053	0.870934447035605	sample_2022120210049
HROV.vOTU67968	Responder_Status	Responder	0.49671476953762	0.654891552484924	0.454507811020789	0.870934447035605	sample_2022120210049
HROV.vOTU28243	Responder_Status	Responder	-0.695476794782192	0.919289430754917	0.455645922135999	0.871912452948525	sample_2022120210049
HROV.vOTU47777	Responder_Status	Responder	0.866285996261178	1.14543701613304	0.45579003499282	0.871928633063771	sample_2022120210049
HROV.vOTU16611	Responder_Status	Responder	-0.58518875257911	0.773693484706938	0.455752081397273	0.871928633063771	sample_2022120210049
HROV.vOTU73601	Responder_Status	Responder	-0.599809531329982	0.793158864453395	0.455827935334279	0.871928633063771	sample_2022120210049
HROV.vOTU02798	Responder_Status	Responder	0.764798805209785	1.01170842666999	0.455993640845793	0.872011201509346	sample_2022120210049
HROV.vOTU70281	Responder_Status	Responder	-0.788226407032007	1.04293038174891	0.456092398752227	0.87204598770328	sample_2022120210049
HROV.vOTU10491	Responder_Status	Responder	-0.847094828206925	1.12305192683324	0.45697867043374	0.872530240087488	sample_2022120210049
HROV.vOTU10378	Responder_Status	Responder	0.771042176872613	1.02230869237937	0.45701571922605	0.872530240087488	sample_2022120210049
HROV.vOTU07697	Responder_Status	Responder	0.358123357180774	0.475262167802595	0.45742261070088	0.872907134452541	sample_2022120210049
HROV.vOTU69434	Responder_Status	Responder	-0.213520400896451	0.283418114172715	0.457512475725474	0.87292844058776	sample_2022120210049
HROV.vOTU67752	Responder_Status	Responder	-0.592798346477214	0.787464247929569	0.457856598026526	0.873140819928399	sample_2022120210049
HROV.vOTU24081	Responder_Status	Responder	1.07996156751629	1.43705139837513	0.458615056541294	0.873777995512743	sample_2022120210049
HROV.vOTU06299	Responder_Status	Responder	0.294266004828337	0.391526194508072	0.458570729871059	0.873777995512743	sample_2022120210049
HROV.vOTU54818	Responder_Status	Responder	-0.916907810752093	1.22048274096747	0.458760476458966	0.873835601992104	sample_2022120210049
HROV.vOTU69935	Responder_Status	Responder	-0.88625347350205	1.17992687851569	0.458853855983237	0.873835601992104	sample_2022120210049
HROV.vOTU10108	Responder_Status	Responder	-0.475193973837218	0.632892487517938	0.459019623089461	0.873854246489057	sample_2022120210049
HROV.vOTU55034	Responder_Status	Responder	0.777346641632168	1.03704016862254	0.45975850646211	0.874273357591362	sample_2022120210049
HROV.vOTU16750	Responder_Status	Responder	-0.950728829928875	1.26911146457732	0.460026821179463	0.874273357591362	sample_2022120210049
HROV.vOTU00058	Responder_Status	Responder	0.536751688336558	0.716271122897229	0.459884534120325	0.874273357591362	sample_2022120210049
HROV.vOTU15990	Responder_Status	Responder	0.988655546008537	1.32161714576736	0.460658376738858	0.874429640872001	sample_2022120210049
HROV.vOTU56860	Responder_Status	Responder	0.369486067689561	0.493906393325832	0.460643985481556	0.874429640872001	sample_2022120210049
HROV.vOTU41535	Responder_Status	Responder	0.511437397580335	0.684158603315044	0.460968773191255	0.874429640872001	sample_2022120210049
HROV.vOTU64068	Responder_Status	Responder	0.602059084164184	0.805375282517633	0.460963532125493	0.874429640872001	sample_2022120210049
HROV.vOTU09844	Responder_Status	Responder	-0.50986933638555	0.684208298304437	0.462363056710708	0.874794975086605	sample_2022120210049
HROV.vOTU48856	Responder_Status	Responder	1.0994961092977	1.47662598337312	0.462717536609483	0.874794975086605	sample_2022120210049
HROV.vOTU17050	Responder_Status	Responder	0.740746002808489	0.994022733816283	0.462360563746584	0.874794975086605	sample_2022120210049
HROV.vOTU55384	Responder_Status	Responder	-1.07387408176768	1.4422865373246	0.462739350111786	0.874794975086605	sample_2022120210049
HROV.vOTU37292	Responder_Status	Responder	0.739658341679192	0.991617567820459	0.461937976618715	0.874794975086605	sample_2022120210049
HROV.vOTU09380	Responder_Status	Responder	-0.782084972827271	1.05000983240239	0.462577353217859	0.874794975086605	sample_2022120210049
HROV.vOTU01543	Responder_Status	Responder	-0.434811077025326	0.583715188051488	0.462537524284833	0.874794975086605	sample_2022120210049
HROV.vOTU57831	Responder_Status	Responder	-0.653444632284154	0.878435499520301	0.463150331198574	0.874794975086605	sample_2022120210049
HROV.vOTU03135	Responder_Status	Responder	0.578748769770507	0.776271165089937	0.462152708910588	0.874794975086605	sample_2022120210049
HROV.vOTU42317	Responder_Status	Responder	0.618892333981812	0.830752409307799	0.462492736407707	0.874794975086605	sample_2022120210049
HROV.vOTU30124	Responder_Status	Responder	-0.713438529092634	0.959765773507856	0.463464008379135	0.874900119106576	sample_2022120210049
HROV.vOTU63780	Responder_Status	Responder	0.373103841165517	0.501895230358222	0.463438162042079	0.874900119106576	sample_2022120210049
HROV.vOTU48273	Responder_Status	Responder	0.299434444045104	0.403114387920686	0.463788014002347	0.875141196345715	sample_2022120210049
HROV.vOTU72947	Responder_Status	Responder	0.736096754886951	0.992096951944868	0.464290026723505	0.875167566191233	sample_2022120210049
HROV.vOTU74655	Responder_Status	Responder	0.602431876077109	0.812506942014909	0.464595516857854	0.875528906813802	sample_2022120210049
HROV.vOTU42917	Responder_Status	Responder	-0.226424538063881	0.305544864587585	0.464832125983843	0.875816363254963	sample_2022120210049
HROV.vOTU17850	Responder_Status	Responder	0.713011633120399	0.962278426079719	0.464885715602216	0.875838130443275	sample_2022120210049
HROV.vOTU48056	Responder_Status	Responder	-0.522568774867806	0.705877358351145	0.465274212719487	0.876293827774944	sample_2022120210049
HROV.vOTU43813	Responder_Status	Responder	-0.640980460760685	0.866150379920079	0.465439793744989	0.876371561783856	sample_2022120210049
HROV.vOTU69480	Responder_Status	Responder	0.732515597456266	0.990147828969896	0.46557679994683	0.87644940270796	sample_2022120210049
HROV.vOTU50822	Responder_Status	Responder	0.752779440548768	1.01867519180731	0.466069930949943	0.876721470868731	sample_2022120210049
HROV.vOTU16271	Responder_Status	Responder	-0.651977575752834	0.882627703576415	0.466249819374793	0.876800099082774	sample_2022120210049
HROV.vOTU18620	Responder_Status	Responder	0.443403461082026	0.600307433353408	0.466280062291199	0.876800099082774	sample_2022120210049
HROV.vOTU18501	Responder_Status	Responder	0.249769606198982	0.338538413548616	0.466781893573885	0.877237858069122	sample_2022120210049
HROV.vOTU33881	Responder_Status	Responder	-1.31005086683081	1.77986696248336	0.467829019825282	0.878153272539757	sample_2022120210049
HROV.vOTU63698	Responder_Status	Responder	-0.543344284376713	0.739394828853217	0.468541271013467	0.878524943175387	sample_2022120210049
HROV.vOTU57371	Responder_Status	Responder	0.552103583826601	0.752474856243887	0.469220767215758	0.87854841093712	sample_2022120210049
HROV.vOTU71928	Responder_Status	Responder	0.159435828528368	0.217233213111549	0.469087846491706	0.87854841093712	sample_2022120210049
HROV.vOTU20527	Responder_Status	Responder	0.910006650406743	1.24159970902225	0.469692611711652	0.878741498302183	sample_2022120210049
HROV.vOTU46391	Responder_Status	Responder	-0.575995533726452	0.785889038455765	0.469697757907261	0.878741498302183	sample_2022120210049
HROV.vOTU60252	Responder_Status	Responder	0.327637496294803	0.447322282625692	0.469986275663367	0.878741498302183	sample_2022120210049
HROV.vOTU45907	Responder_Status	Responder	-0.193330245644914	0.26387234870271	0.469851706917888	0.878741498302183	sample_2022120210049
HROV.vOTU70683	Responder_Status	Responder	0.459172936062399	0.627504584878665	0.47040518238556	0.879082606063606	sample_2022120210049
HROV.vOTU22737	Responder_Status	Responder	-0.827863875426263	1.13153930204676	0.470476138797789	0.879136354426182	sample_2022120210049
HROV.vOTU19129	Responder_Status	Responder	-0.783192346243757	1.07144976407195	0.470873563923186	0.879235224312745	sample_2022120210049
HROV.vOTU31632	Responder_Status	Responder	-0.686507445655936	0.938929824649262	0.470756685466052	0.879235224312745	sample_2022120210049
HROV.vOTU03584	Responder_Status	Responder	0.287154155985744	0.393635081810241	0.47175888870832	0.879483108134925	sample_2022120210049
HROV.vOTU41573	Responder_Status	Responder	-0.791754658137131	1.08660290015201	0.472265799095188	0.879713441570162	sample_2022120210049
HROV.vOTU15004	Responder_Status	Responder	-0.898124289397241	1.23261077756969	0.472275182147611	0.879713441570162	sample_2022120210049
HROV.vOTU04455	Responder_Status	Responder	0.642437699713171	0.882825063905053	0.472834911794219	0.879992297068412	sample_2022120210049
HROV.vOTU29655	Responder_Status	Responder	-0.639093529192062	0.878483204862731	0.472961542720042	0.879992297068412	sample_2022120210049
HROV.vOTU48788	Responder_Status	Responder	0.23899052334703	0.328717824829241	0.473237686494484	0.880285345437756	sample_2022120210049
HROV.vOTU05939	Responder_Status	Responder	-0.601253758900511	0.827338331435244	0.473422154442707	0.880377596199018	sample_2022120210049
HROV.vOTU13956	Responder_Status	Responder	-0.46699128995543	0.643060403917924	0.473742671335037	0.880610708224885	sample_2022120210049
HROV.vOTU66601	Responder_Status	Responder	0.580108834552271	0.799173075253722	0.473932697754404	0.880610708224885	sample_2022120210049
HROV.vOTU63649	Responder_Status	Responder	-0.492870949160512	0.680583818360914	0.474957981719686	0.88088959826999	sample_2022120210049
HROV.vOTU72585	Responder_Status	Responder	-0.595441437996778	0.822571725321911	0.475145695893144	0.88088959826999	sample_2022120210049
HROV.vOTU51944	Responder_Status	Responder	-0.90513421130719	1.24842537628784	0.474455284603699	0.88088959826999	sample_2022120210049
HROV.vOTU24821	Responder_Status	Responder	0.321270605803106	0.443893372203951	0.475219175878565	0.88088959826999	sample_2022120210049
HROV.vOTU04883	Responder_Status	Responder	-0.981157429802047	1.35504998789523	0.475026716488754	0.88088959826999	sample_2022120210049
HROV.vOTU11108	Responder_Status	Responder	0.589749412500943	0.815721761784151	0.475689320056523	0.881047468470388	sample_2022120210049
HROV.vOTU50288	Responder_Status	Responder	0.426972105532868	0.59087792134305	0.475914536210817	0.881047468470388	sample_2022120210049
HROV.vOTU01917	Responder_Status	Responder	0.367674305404777	0.509402377200564	0.476417089641338	0.881047468470388	sample_2022120210049
HROV.vOTU01844	Responder_Status	Responder	0.326577277682115	0.452279004670261	0.476238787977457	0.881047468470388	sample_2022120210049
HROV.vOTU06874	Responder_Status	Responder	-0.406365003823982	0.563227149042126	0.476587684107547	0.881047468470388	sample_2022120210049
HROV.vOTU47269	Responder_Status	Responder	-0.444004951645714	0.615866993154131	0.476921383852439	0.881056805543058	sample_2022120210049
HROV.vOTU52786	Responder_Status	Responder	-1.06516484865085	1.4808678200635	0.477926633996393	0.881134868103091	sample_2022120210049
HROV.vOTU46506	Responder_Status	Responder	-0.220858852036019	0.306919119195181	0.477735449608087	0.881134868103091	sample_2022120210049
HROV.vOTU75934	Responder_Status	Responder	-0.518349061853749	0.722624266943865	0.479121786788869	0.881932860816143	sample_2022120210049
HROV.vOTU05179	Responder_Status	Responder	-0.856781950168404	1.19428605325613	0.479069453839803	0.881932860816143	sample_2022120210049
HROV.vOTU01502	Responder_Status	Responder	0.857808181329281	1.19598900469042	0.479168705756599	0.881932860816143	sample_2022120210049
HROV.vOTU14153	Responder_Status	Responder	-0.589147520989654	0.821952759321985	0.479455314664945	0.882257325271146	sample_2022120210049
HROV.vOTU12337	Responder_Status	Responder	-0.357357604563241	0.49901540313471	0.479844388546333	0.882540414306141	sample_2022120210049
HROV.vOTU54747	Responder_Status	Responder	0.49540941014376	0.693266134201828	0.480770802354639	0.883151065354462	sample_2022120210049
HROV.vOTU51500	Responder_Status	Responder	-0.392180685357575	0.548945699486949	0.48087837918733	0.883151065354462	sample_2022120210049
HROV.vOTU19413	Responder_Status	Responder	0.512653226512107	0.718496539541186	0.481436621248946	0.883476801454881	sample_2022120210049
HROV.vOTU49285	Responder_Status	Responder	-0.599766640598512	0.841893179357108	0.482110393585349	0.883624327876513	sample_2022120210049
HROV.vOTU18316	Responder_Status	Responder	0.875302297520578	1.22771924224299	0.481776729866306	0.883624327876513	sample_2022120210049
HROV.vOTU47996	Responder_Status	Responder	0.396247307810428	0.557289721348174	0.482949800722867	0.883972511469818	sample_2022120210049
HROV.vOTU51319	Responder_Status	Responder	-0.416864785554977	0.586660317483128	0.483226219629518	0.8842454141912	sample_2022120210049
HROV.vOTU63928	Responder_Status	Responder	-0.534805236716287	0.75502846032745	0.484599246522063	0.884918732861274	sample_2022120210049
HROV.vOTU59313	Responder_Status	Responder	-0.301373772758078	0.425529869819545	0.484655995233021	0.884918732861274	sample_2022120210049
HROV.vOTU10006	Responder_Status	Responder	-0.465470768912935	0.657220995463495	0.48465043290438	0.884918732861274	sample_2022120210049
HROV.vOTU13413	Responder_Status	Responder	0.422512055357592	0.596811588718871	0.484828983981128	0.884924387319036	sample_2022120210049
HROV.vOTU13760	Responder_Status	Responder	-0.372815595977232	0.526555990540984	0.484781484215428	0.884924387319036	sample_2022120210049
HROV.vOTU58198	Responder_Status	Responder	0.731544180268485	1.03351906481598	0.48490850603615	0.884933198562517	sample_2022120210049
HROV.vOTU54798	Responder_Status	Responder	0.54617864742085	0.771874482858422	0.485042073539378	0.885003205376386	sample_2022120210049
HROV.vOTU65890	Responder_Status	Responder	0.280486840865793	0.396359090176341	0.485006564956634	0.885003205376386	sample_2022120210049
HROV.vOTU50713	Responder_Status	Responder	0.669689782932422	0.94788555199748	0.485709702358355	0.885368473196529	sample_2022120210049
HROV.vOTU72645	Responder_Status	Responder	-0.776161812754651	1.09943926296056	0.48604492751158	0.885480769704219	sample_2022120210049
HROV.vOTU11195	Responder_Status	Responder	1.17200121421581	1.66108954418811	0.486289751806881	0.885607031519236	sample_2022120210049
HROV.vOTU10940	Responder_Status	Responder	0.793858264725017	1.12582903560109	0.486552890034334	0.885820472501793	sample_2022120210049
HROV.vOTU10903	Responder_Status	Responder	-0.629342263521738	0.893965238095798	0.487253159220622	0.886088816650228	sample_2022120210049
HROV.vOTU00029	Responder_Status	Responder	0.355254106030357	0.505450719314656	0.487954573828991	0.886347007909136	sample_2022120210049
HROV.vOTU19713	Responder_Status	Responder	0.462230613136331	0.658143966988565	0.488274787206548	0.886412658879297	sample_2022120210049
HROV.vOTU15896	Responder_Status	Responder	0.719159620976986	1.02542361092432	0.48888593551903	0.886778380128428	sample_2022120210049
HROV.vOTU56750	Responder_Status	Responder	0.655758300445113	0.936045941131357	0.489357384393212	0.886778380128428	sample_2022120210049
HROV.vOTU27937	Responder_Status	Responder	-0.922808178127977	1.31661107191845	0.489151817582823	0.886778380128428	sample_2022120210049
HROV.vOTU36038	Responder_Status	Responder	0.224266760955546	0.320191949696712	0.489448728543846	0.886778380128428	sample_2022120210049
HROV.vOTU55361	Responder_Status	Responder	-0.818503429923895	1.16909934229538	0.489632532053887	0.887009286613576	sample_2022120210049
HROV.vOTU61630	Responder_Status	Responder	0.5464206803825	0.781951643588849	0.490446773902167	0.887762739573574	sample_2022120210049
HROV.vOTU49692	Responder_Status	Responder	-0.412018609825914	0.589669639288563	0.490485557696512	0.887762739573574	sample_2022120210049
HROV.vOTU45209	Responder_Status	Responder	0.646428253312603	0.926758037505192	0.491231951850312	0.88830421390899	sample_2022120210049
HROV.vOTU66910	Responder_Status	Responder	-0.714257900759029	1.02449293374695	0.491437596517911	0.888579564649021	sample_2022120210049
HROV.vOTU69314	Responder_Status	Responder	0.480846283561828	0.690029997189042	0.491643102554488	0.888766604245144	sample_2022120210049
HROV.vOTU25949	Responder_Status	Responder	-0.340440584007768	0.488539503082058	0.491639792094637	0.888766604245144	sample_2022120210049
HROV.vOTU01559	Responder_Status	Responder	0.361541659316221	0.519344292167146	0.492073459336825	0.888944153122841	sample_2022120210049
HROV.vOTU52384	Responder_Status	Responder	0.345803245514935	0.496777132128354	0.492108560696849	0.888944153122841	sample_2022120210049
HROV.vOTU61440	Responder_Status	Responder	0.484182825181982	0.698183447522966	0.493715677157135	0.888966929011622	sample_2022120210049
HROV.vOTU38884	Responder_Status	Responder	-0.526256801178082	0.757502799836112	0.492952165622152	0.888966929011622	sample_2022120210049
HROV.vOTU44615	Responder_Status	Responder	-0.550066734392402	0.793171144651015	0.493707150808799	0.888966929011622	sample_2022120210049
HROV.vOTU66463	Responder_Status	Responder	0.353256453205963	0.50861572217016	0.493063882191199	0.888966929011622	sample_2022120210049
HROV.vOTU72684	Responder_Status	Responder	0.492977843527277	0.708465606239264	0.492265532631583	0.888966929011622	sample_2022120210049
HROV.vOTU26544	Responder_Status	Responder	0.179062563964054	0.257447815411237	0.492456264831458	0.888966929011622	sample_2022120210049
HROV.vOTU00473	Responder_Status	Responder	0.80884511495938	1.17175602830529	0.495697731548558	0.88901668859964	sample_2022120210049
HROV.vOTU44891	Responder_Status	Responder	-0.747000275289342	1.08163773159432	0.495490291571467	0.88901668859964	sample_2022120210049
HROV.vOTU46316	Responder_Status	Responder	-0.329364945103833	0.47674894893461	0.495343907581079	0.88901668859964	sample_2022120210049
HROV.vOTU02992	Responder_Status	Responder	0.789672432778469	1.14159409553307	0.494804571541419	0.88901668859964	sample_2022120210049
HROV.vOTU28448	Responder_Status	Responder	0.851332298738216	1.23054024390764	0.49473755222897	0.88901668859964	sample_2022120210049
HROV.vOTU72148	Responder_Status	Responder	0.949650569079132	1.37386144591518	0.495114218148142	0.88901668859964	sample_2022120210049
HROV.vOTU35084	Responder_Status	Responder	0.754459046528096	1.09318157647578	0.495781183795417	0.88901668859964	sample_2022120210049
HROV.vOTU75320	Responder_Status	Responder	0.587260257609725	0.85058416513604	0.495613932725044	0.88901668859964	sample_2022120210049
HROV.vOTU12520	Responder_Status	Responder	0.394684830772236	0.569590074012837	0.494062647718989	0.88901668859964	sample_2022120210049
HROV.vOTU19773	Responder_Status	Responder	0.342551416696953	0.495808171999991	0.495319828509693	0.88901668859964	sample_2022120210049
HROV.vOTU71984	Responder_Status	Responder	0.929617096135071	1.34338577334115	0.494638954294468	0.88901668859964	sample_2022120210049
HROV.vOTU36113	Responder_Status	Responder	0.497361365726379	0.71947414287239	0.495078804015651	0.88901668859964	sample_2022120210049
HROV.vOTU40876	Responder_Status	Responder	0.471083355705444	0.682965747145874	0.496021769042779	0.88907549535498	sample_2022120210049
HROV.vOTU52595	Responder_Status	Responder	0.983855507042594	1.43227603345864	0.49778492983492	0.889440625280353	sample_2022120210049
HROV.vOTU21688	Responder_Status	Responder	0.364539969145751	0.529080130625901	0.496489042017941	0.889440625280353	sample_2022120210049
HROV.vOTU11143	Responder_Status	Responder	0.715772133366554	1.0424799825068	0.497978811743284	0.889440625280353	sample_2022120210049
HROV.vOTU34175	Responder_Status	Responder	0.397564414318938	0.578275277743145	0.49742333468143	0.889440625280353	sample_2022120210049
HROV.vOTU63797	Responder_Status	Responder	0.534361423498644	0.778338339479857	0.498018446581262	0.889440625280353	sample_2022120210049
HROV.vOTU59140	Responder_Status	Responder	-0.253756145927828	0.369538630754741	0.497930071822384	0.889440625280353	sample_2022120210049
HROV.vOTU48052	Responder_Status	Responder	0.512145254329172	0.745267343807138	0.497611688779666	0.889440625280353	sample_2022120210049
HROV.vOTU16708	Responder_Status	Responder	0.919166616170482	1.33807028641402	0.497774406963231	0.889440625280353	sample_2022120210049
HROV.vOTU64692	Responder_Status	Responder	0.348900498114006	0.507402143861324	0.49734828883682	0.889440625280353	sample_2022120210049
HROV.vOTU61158	Responder_Status	Responder	0.571049721370426	0.830523158932815	0.497374919160121	0.889440625280353	sample_2022120210049
HROV.vOTU33743	Responder_Status	Responder	-0.410344386042472	0.596962252028555	0.497493305466524	0.889440625280353	sample_2022120210049
HROV.vOTU49553	Responder_Status	Responder	-0.408780197189	0.596450121469248	0.49875506469207	0.889738020708972	sample_2022120210049
HROV.vOTU24158	Responder_Status	Responder	0.591906354074473	0.863819506592464	0.498839107989941	0.889738020708972	sample_2022120210049
HROV.vOTU75179	Responder_Status	Responder	0.814686931266274	1.18987097011925	0.49917149547037	0.889745753111914	sample_2022120210049
HROV.vOTU06950	Responder_Status	Responder	-0.554859398874916	0.810306416498899	0.499129563335307	0.889745753111914	sample_2022120210049
HROV.vOTU46735	Responder_Status	Responder	-0.315263342244866	0.460445094403355	0.499166846185289	0.889745753111914	sample_2022120210049
HROV.vOTU05574	Responder_Status	Responder	-0.450074700382236	0.657475406914781	0.499255564349134	0.88981806868372	sample_2022120210049
HROV.vOTU38097	Responder_Status	Responder	0.647246646368248	0.94586626672432	0.499417241968212	0.88982621476691	sample_2022120210049
HROV.vOTU43123	Responder_Status	Responder	-0.524743251254074	0.768028979861634	0.500074154416778	0.889979434737509	sample_2022120210049
HROV.vOTU17535	Responder_Status	Responder	-0.355646501684235	0.520592583426335	0.500121814357859	0.889979434737509	sample_2022120210049
HROV.vOTU11247	Responder_Status	Responder	-0.275867831500379	0.403716076090884	0.500019567320246	0.889979434737509	sample_2022120210049
HROV.vOTU35173	Responder_Status	Responder	0.617775999490688	0.90414943381301	0.500053046648435	0.889979434737509	sample_2022120210049
HROV.vOTU14834	Responder_Status	Responder	-0.319170011856145	0.469660315030454	0.502352733008612	0.890278361104518	sample_2022120210049
HROV.vOTU31711	Responder_Status	Responder	0.282639254584549	0.415318809134009	0.501754481629195	0.890278361104518	sample_2022120210049
HROV.vOTU19365	Responder_Status	Responder	-0.470182778883792	0.691671289462233	0.5022270442051	0.890278361104518	sample_2022120210049
HROV.vOTU26109	Responder_Status	Responder	0.478737179530494	0.702223470879891	0.50100104770031	0.890278361104518	sample_2022120210049
HROV.vOTU02169	Responder_Status	Responder	0.820676936074206	1.2081509635887	0.502535431188716	0.890278361104518	sample_2022120210049
HROV.vOTU34848	Responder_Status	Responder	0.863564586571105	1.2691665760845	0.501827429616606	0.890278361104518	sample_2022120210049
HROV.vOTU75492	Responder_Status	Responder	-0.67609118394425	0.991028945635687	0.500710487363317	0.890278361104518	sample_2022120210049
HROV.vOTU35590	Responder_Status	Responder	0.531117128138228	0.781792386574562	0.502488736732538	0.890278361104518	sample_2022120210049
HROV.vOTU26939	Responder_Status	Responder	-0.593452070269306	0.870898511805908	0.50120020618467	0.890278361104518	sample_2022120210049
HROV.vOTU51134	Responder_Status	Responder	-0.480783775834932	0.705196507889313	0.500983609168188	0.890278361104518	sample_2022120210049
HROV.vOTU08296	Responder_Status	Responder	0.488191050824725	0.718384101568954	0.502357724007228	0.890278361104518	sample_2022120210049
HROV.vOTU16315	Responder_Status	Responder	1.03696210145906	1.52257231679227	0.501428076855618	0.890278361104518	sample_2022120210049
HROV.vOTU17233	Responder_Status	Responder	0.243428586556114	0.358562734035068	0.502774094864441	0.890278361104518	sample_2022120210049
HROV.vOTU10976	Responder_Status	Responder	-0.306830402497022	0.452281462101317	0.503083127840285	0.890278361104518	sample_2022120210049
HROV.vOTU32744	Responder_Status	Responder	0.409285766058136	0.600675207329634	0.50123067127482	0.890278361104518	sample_2022120210049
HROV.vOTU48924	Responder_Status	Responder	0.46084673065252	0.679535915057862	0.50322501601469	0.890278361104518	sample_2022120210049
HROV.vOTU51691	Responder_Status	Responder	0.825215328129097	1.21388390616618	0.502204430422879	0.890278361104518	sample_2022120210049
HROV.vOTU30563	Responder_Status	Responder	0.587850544098792	0.863663354653063	0.501684583105678	0.890278361104518	sample_2022120210049
HROV.vOTU15078	Responder_Status	Responder	0.297280440596496	0.437450090854292	0.502353113451196	0.890278361104518	sample_2022120210049
HROV.vOTU21435	Responder_Status	Responder	0.758349664018356	1.11843760956228	0.503309216121642	0.89034195261457	sample_2022120210049
HROV.vOTU29342	Responder_Status	Responder	-0.602724526607662	0.889113601824246	0.503402927684122	0.890432124823728	sample_2022120210049
HROV.vOTU19533	Responder_Status	Responder	0.98679630409949	1.45840191447752	0.504193433508535	0.890447481461705	sample_2022120210049
HROV.vOTU18330	Responder_Status	Responder	-0.431318547551813	0.636976108561166	0.503877156482149	0.890447481461705	sample_2022120210049
HROV.vOTU17126	Responder_Status	Responder	-0.314534213627332	0.464988515533788	0.504314788533225	0.890447481461705	sample_2022120210049
HROV.vOTU61207	Responder_Status	Responder	0.672973682476074	0.997571983639386	0.505454986723512	0.890567867844355	sample_2022120210049
HROV.vOTU25856	Responder_Status	Responder	-0.290122876625202	0.430003812621779	0.505400699681166	0.890567867844355	sample_2022120210049
HROV.vOTU67522	Responder_Status	Responder	-0.719392807898026	1.06645260125864	0.505483478089372	0.890567867844355	sample_2022120210049
HROV.vOTU10215	Responder_Status	Responder	-0.849109513171513	1.26140045757469	0.506371447305267	0.891028337418027	sample_2022120210049
HROV.vOTU29773	Responder_Status	Responder	-0.309205880043729	0.459378574189713	0.506404188443229	0.891028337418027	sample_2022120210049
HROV.vOTU73871	Responder_Status	Responder	0.206562032623421	0.306818361517122	0.506314699989991	0.891028337418027	sample_2022120210049
HROV.vOTU11476	Responder_Status	Responder	0.452386863263073	0.673313686549431	0.507165636832153	0.891028337418027	sample_2022120210049
HROV.vOTU63834	Responder_Status	Responder	-0.285600756253625	0.425114961999353	0.507204035602486	0.891028337418027	sample_2022120210049
HROV.vOTU29891	Responder_Status	Responder	0.330934842733996	0.493756535683406	0.508196170044181	0.891273964966951	sample_2022120210049
HROV.vOTU06205	Responder_Status	Responder	0.622326574674902	0.928699664935845	0.508280052536533	0.891273964966951	sample_2022120210049
HROV.vOTU21230	Responder_Status	Responder	-0.293137055065563	0.436687202469434	0.507546134875647	0.891273964966951	sample_2022120210049
HROV.vOTU29576	Responder_Status	Responder	-0.170530960891724	0.254536822023883	0.508367661844356	0.891273964966951	sample_2022120210049
HROV.vOTU30159	Responder_Status	Responder	0.611730056214936	0.912854045272435	0.508265116458401	0.891273964966951	sample_2022120210049
HROV.vOTU27190	Responder_Status	Responder	-0.33432053681769	0.499457888596321	0.508743850545988	0.891406894042785	sample_2022120210049
HROV.vOTU44975	Responder_Status	Responder	0.266251752801798	0.398270673470995	0.509276217305471	0.891764203740953	sample_2022120210049
HROV.vOTU23074	Responder_Status	Responder	-0.454395931808291	0.679661509662306	0.509249501207776	0.891764203740953	sample_2022120210049
HROV.vOTU66914	Responder_Status	Responder	-0.40722983589313	0.609926020669203	0.509809849137009	0.891829497768692	sample_2022120210049
HROV.vOTU15979	Responder_Status	Responder	0.660865184510862	0.99112988389209	0.510370557002784	0.891829497768692	sample_2022120210049
HROV.vOTU70611	Responder_Status	Responder	0.541343438976451	0.811672941348325	0.510264746529581	0.891829497768692	sample_2022120210049
HROV.vOTU10126	Responder_Status	Responder	0.239354132440966	0.358950358700518	0.510347140321022	0.891829497768692	sample_2022120210049
HROV.vOTU55368	Responder_Status	Responder	-0.554468719086075	0.832682889337116	0.510935458158633	0.891937165942019	sample_2022120210049
HROV.vOTU02128	Responder_Status	Responder	-0.474394221102311	0.713711404362231	0.511688782021414	0.892243826081593	sample_2022120210049
HROV.vOTU44212	Responder_Status	Responder	-0.436911658045632	0.657745660329839	0.511959869662525	0.892243826081593	sample_2022120210049
HROV.vOTU04512	Responder_Status	Responder	-0.608662616750053	0.915727006053001	0.51169471097551	0.892243826081593	sample_2022120210049
HROV.vOTU13787	Responder_Status	Responder	0.698473630622529	1.05064284245998	0.511613396744776	0.892243826081593	sample_2022120210049
HROV.vOTU18422	Responder_Status	Responder	0.327959292849779	0.493743960297462	0.511976739120193	0.892243826081593	sample_2022120210049
HROV.vOTU74737	Responder_Status	Responder	-0.810746195982114	1.22144087058955	0.512271396270089	0.892300385170287	sample_2022120210049
HROV.vOTU32378	Responder_Status	Responder	-0.590416949704068	0.894604310120583	0.514662249452665	0.892421863058344	sample_2022120210049
HROV.vOTU39947	Responder_Status	Responder	-0.576688602170827	0.878866491498801	0.517069192993752	0.892421863058344	sample_2022120210049
HROV.vOTU47534	Responder_Status	Responder	0.824874010112618	1.2509392730411	0.515023816653112	0.892421863058344	sample_2022120210049
HROV.vOTU58162	Responder_Status	Responder	-0.476723707029245	0.721432190313292	0.514140005889536	0.892421863058344	sample_2022120210049
HROV.vOTU07934	Responder_Status	Responder	-0.72609307975043	1.10425557927551	0.516202762524244	0.892421863058344	sample_2022120210049
HROV.vOTU31555	Responder_Status	Responder	0.670603838471716	1.01478238119446	0.514118966649681	0.892421863058344	sample_2022120210049
HROV.vOTU29883	Responder_Status	Responder	-0.607447493459363	0.917939955520351	0.513540589438234	0.892421863058344	sample_2022120210049
HROV.vOTU71430	Responder_Status	Responder	0.729026552805872	1.10117684164062	0.513356017848853	0.892421863058344	sample_2022120210049
HROV.vOTU34262	Responder_Status	Responder	-0.736799484664087	1.11818277978226	0.515326123213679	0.892421863058344	sample_2022120210049
HROV.vOTU37684	Responder_Status	Responder	0.734657294507157	1.1173955705896	0.516245757178909	0.892421863058344	sample_2022120210049
HROV.vOTU44933	Responder_Status	Responder	0.529636586863909	0.802888757801711	0.514859393086491	0.892421863058344	sample_2022120210049
HROV.vOTU10969	Responder_Status	Responder	0.466149926642879	0.705030636878257	0.513903082742006	0.892421863058344	sample_2022120210049
HROV.vOTU19551	Responder_Status	Responder	0.712246391825616	1.08640541718252	0.517433125450428	0.892421863058344	sample_2022120210049
HROV.vOTU75484	Responder_Status	Responder	0.829596165160763	1.2523185748752	0.513100327272822	0.892421863058344	sample_2022120210049
HROV.vOTU67503	Responder_Status	Responder	-0.531975542501184	0.809639928314812	0.516512323994364	0.892421863058344	sample_2022120210049
HROV.vOTU04431	Responder_Status	Responder	0.350124921820361	0.530356481814463	0.514539925929071	0.892421863058344	sample_2022120210049
HROV.vOTU05840	Responder_Status	Responder	0.62448311437266	0.944532234019625	0.513916271867856	0.892421863058344	sample_2022120210049
HROV.vOTU62699	Responder_Status	Responder	0.583807587112249	0.885380869768779	0.515035140163444	0.892421863058344	sample_2022120210049
HROV.vOTU51039	Responder_Status	Responder	-0.862804888181643	1.31419999385679	0.516846342403779	0.892421863058344	sample_2022120210049
HROV.vOTU63352	Responder_Status	Responder	-0.44251679495411	0.675359643058238	0.517666332679323	0.892421863058344	sample_2022120210049
HROV.vOTU02103	Responder_Status	Responder	0.828234262104538	1.25702851872112	0.515353433355947	0.892421863058344	sample_2022120210049
HROV.vOTU43519	Responder_Status	Responder	0.362873420566632	0.548340984738886	0.513530986507633	0.892421863058344	sample_2022120210049
HROV.vOTU11217	Responder_Status	Responder	-0.197080655125872	0.300306906268334	0.517011526040807	0.892421863058344	sample_2022120210049
HROV.vOTU56723	Responder_Status	Responder	0.299331338266779	0.453797140745514	0.514890290122718	0.892421863058344	sample_2022120210049
HROV.vOTU55067	Responder_Status	Responder	-0.547307734575601	0.835502129671178	0.517772181375304	0.89247042247813	sample_2022120210049
HROV.vOTU25310	Responder_Status	Responder	0.705952477179943	1.07896059525567	0.518263910230033	0.892525026064783	sample_2022120210049
HROV.vOTU23542	Responder_Status	Responder	-0.486236973449347	0.743465725023597	0.518438714529322	0.892576569357596	sample_2022120210049
HROV.vOTU06939	Responder_Status	Responder	-0.899229066822393	1.37666269328016	0.51895874354438	0.89285007606532	sample_2022120210049
HROV.vOTU03985	Responder_Status	Responder	0.696134303957907	1.06624421159619	0.519155909734163	0.89285007606532	sample_2022120210049
HROV.vOTU50753	Responder_Status	Responder	-0.501833622478985	0.769709130199933	0.519731727039371	0.893302304311606	sample_2022120210049
HROV.vOTU08942	Responder_Status	Responder	0.678364673572103	1.04478365165059	0.521443672691314	0.894101178550256	sample_2022120210049
HROV.vOTU05701	Responder_Status	Responder	-0.478835972052864	0.736495349216625	0.520891428240551	0.894101178550256	sample_2022120210049
HROV.vOTU71045	Responder_Status	Responder	0.67952612477614	1.04508744382387	0.520856399871831	0.894101178550256	sample_2022120210049
HROV.vOTU22046	Responder_Status	Responder	-0.521228087619785	0.802495034162737	0.521302199002168	0.894101178550256	sample_2022120210049
HROV.vOTU12682	Responder_Status	Responder	0.429002608946229	0.660091140759546	0.521044534561224	0.894101178550256	sample_2022120210049
HROV.vOTU22926	Responder_Status	Responder	-0.393989941529457	0.607731130490192	0.522074728102384	0.894304609061347	sample_2022120210049
HROV.vOTU71213	Responder_Status	Responder	-0.424917454270612	0.655664949222065	0.522218377184243	0.894477136520364	sample_2022120210049
HROV.vOTU71891	Responder_Status	Responder	0.297175277933172	0.459420442091118	0.522997941228276	0.894856048738698	sample_2022120210049
HROV.vOTU57404	Responder_Status	Responder	0.466157095185339	0.721776171231649	0.523636560037935	0.89492073508725	sample_2022120210049
HROV.vOTU07508	Responder_Status	Responder	0.180541909333907	0.280263562454641	0.524697160736664	0.89492073508725	sample_2022120210049
HROV.vOTU33018	Responder_Status	Responder	0.668815196785997	1.03528263046591	0.523525088934873	0.89492073508725	sample_2022120210049
HROV.vOTU75805	Responder_Status	Responder	0.794592597855168	1.2347726207756	0.525127138301351	0.89492073508725	sample_2022120210049
HROV.vOTU24427	Responder_Status	Responder	-0.634309758179206	0.985212391618808	0.524924432551069	0.89492073508725	sample_2022120210049
HROV.vOTU41035	Responder_Status	Responder	-0.205636554152732	0.319823154858508	0.525474733207523	0.89492073508725	sample_2022120210049
HROV.vOTU72046	Responder_Status	Responder	0.707335919806049	1.09916334958876	0.525121503074932	0.89492073508725	sample_2022120210049
HROV.vOTU27268	Responder_Status	Responder	-0.72432773954204	1.12359884129526	0.524401014972134	0.89492073508725	sample_2022120210049
HROV.vOTU51876	Responder_Status	Responder	-0.29762164177339	0.460714597838413	0.523539013560201	0.89492073508725	sample_2022120210049
HROV.vOTU23863	Responder_Status	Responder	0.63787390507275	0.991563258791871	0.525262665218676	0.89492073508725	sample_2022120210049
HROV.vOTU47048	Responder_Status	Responder	0.1817513958047	0.281534218970883	0.52381039795157	0.89492073508725	sample_2022120210049
HROV.vOTU08781	Responder_Status	Responder	0.569158972269864	0.886020639478236	0.525853908364723	0.894965379903529	sample_2022120210049
HROV.vOTU18091	Responder_Status	Responder	0.722604391358399	1.12802536179349	0.52699589978894	0.895334930121506	sample_2022120210049
HROV.vOTU07299	Responder_Status	Responder	-0.556924356004064	0.869459364807769	0.52702878047416	0.895334930121506	sample_2022120210049
HROV.vOTU21175	Responder_Status	Responder	-0.540504676431407	0.844305019596526	0.527261889161508	0.895334930121506	sample_2022120210049
HROV.vOTU06637	Responder_Status	Responder	-0.550664424329822	0.858350452426279	0.526390496691199	0.895334930121506	sample_2022120210049
HROV.vOTU72437	Responder_Status	Responder	-0.770639110927979	1.2026829032171	0.526884263440537	0.895334930121506	sample_2022120210049
HROV.vOTU01116	Responder_Status	Responder	0.277773592082489	0.433671949286051	0.527045119695561	0.895334930121506	sample_2022120210049
HROV.vOTU04693	Responder_Status	Responder	0.261470978335593	0.40855839968024	0.527385323075495	0.895334930121506	sample_2022120210049
HROV.vOTU32409	Responder_Status	Responder	0.352673806207695	0.549799877088825	0.526441369104202	0.895334930121506	sample_2022120210049
HROV.vOTU56612	Responder_Status	Responder	0.308925061598544	0.482366700311506	0.527095932930278	0.895334930121506	sample_2022120210049
HROV.vOTU29143	Responder_Status	Responder	0.614562270508882	0.959614976136917	0.527102492700098	0.895334930121506	sample_2022120210049
HROV.vOTU30498	Responder_Status	Responder	-0.382600679387902	0.597425914796153	0.52710929035331	0.895334930121506	sample_2022120210049
HROV.vOTU45031	Responder_Status	Responder	0.328498553315964	0.513925964536188	0.527891579104437	0.895799075634546	sample_2022120210049
HROV.vOTU42023	Responder_Status	Responder	-0.610119888909987	0.954996485012459	0.5280986136155	0.895858542149401	sample_2022120210049
HROV.vOTU09847	Responder_Status	Responder	0.803119200366483	1.25808398814505	0.528422057305385	0.895974060712653	sample_2022120210049
HROV.vOTU69656	Responder_Status	Responder	-0.660067697288849	1.03461514238385	0.528667791229791	0.896137080462465	sample_2022120210049
HROV.vOTU42209	Responder_Status	Responder	0.604947318034765	0.948497108646657	0.528788498998739	0.896205204289411	sample_2022120210049
HROV.vOTU65595	Responder_Status	Responder	-0.319755183594928	0.50143452075878	0.528862154391087	0.896205204289411	sample_2022120210049
HROV.vOTU26281	Responder_Status	Responder	-0.279784788182097	0.439240248743393	0.529315518364279	0.896535958468397	sample_2022120210049
HROV.vOTU04797	Responder_Status	Responder	0.597062935371645	0.937528799067556	0.529396926915279	0.896556403551089	sample_2022120210049
HROV.vOTU32051	Responder_Status	Responder	-0.745421318472538	1.17147637174418	0.52974252498438	0.896871945695174	sample_2022120210049
HROV.vOTU61213	Responder_Status	Responder	0.371643406238906	0.5840461972453	0.529732216809901	0.896871945695174	sample_2022120210049
HROV.vOTU01552	Responder_Status	Responder	-0.200880888419599	0.315847476072128	0.52993732398003	0.896871945695174	sample_2022120210049
HROV.vOTU46311	Responder_Status	Responder	0.887568294198009	1.39790322986409	0.530629786039372	0.897021682279164	sample_2022120210049
HROV.vOTU34779	Responder_Status	Responder	-0.380499006927032	0.599495130131222	0.530777116974929	0.897042604816081	sample_2022120210049
HROV.vOTU21564	Responder_Status	Responder	0.34749814119893	0.549554608870447	0.532303263881372	0.897652480163338	sample_2022120210049
HROV.vOTU17878	Responder_Status	Responder	0.725533214284321	1.14647181201375	0.531972946114084	0.897652480163338	sample_2022120210049
HROV.vOTU52452	Responder_Status	Responder	-0.847225434422803	1.34401412518481	0.533564315865647	0.897652480163338	sample_2022120210049
HROV.vOTU68967	Responder_Status	Responder	-0.512638464045563	0.811236448148663	0.532563719965047	0.897652480163338	sample_2022120210049
HROV.vOTU34569	Responder_Status	Responder	-0.532224367188489	0.840705918287116	0.531825936899919	0.897652480163338	sample_2022120210049
HROV.vOTU51836	Responder_Status	Responder	-0.514632230146851	0.81295677405201	0.531845750670367	0.897652480163338	sample_2022120210049
HROV.vOTU42166	Responder_Status	Responder	0.363889295498276	0.577866938740761	0.533988727107104	0.897809484286355	sample_2022120210049
HROV.vOTU04630	Responder_Status	Responder	-0.615577353924113	0.980303231293627	0.535127893379688	0.897879890707235	sample_2022120210049
HROV.vOTU31186	Responder_Status	Responder	0.507905781496498	0.808204635599589	0.534810768320884	0.897879890707235	sample_2022120210049
HROV.vOTU10529	Responder_Status	Responder	-0.544459858792258	0.865913641535387	0.534596417406502	0.897879890707235	sample_2022120210049
HROV.vOTU29849	Responder_Status	Responder	-0.430181106829226	0.684346769433476	0.534704947201635	0.897879890707235	sample_2022120210049
HROV.vOTU28914	Responder_Status	Responder	-0.356478433167317	0.567936757476242	0.535304234309735	0.897879890707235	sample_2022120210049
HROV.vOTU66937	Responder_Status	Responder	0.283258550422221	0.451229533661432	0.535255487392521	0.897879890707235	sample_2022120210049
HROV.vOTU39131	Responder_Status	Responder	0.380586011444146	0.605606547855688	0.534810357244357	0.897879890707235	sample_2022120210049
HROV.vOTU21986	Responder_Status	Responder	0.369771257600759	0.588815842052726	0.535098519674781	0.897879890707235	sample_2022120210049
HROV.vOTU21834	Responder_Status	Responder	-0.777154547304872	1.23863226140026	0.535461270741021	0.897922780540456	sample_2022120210049
HROV.vOTU44842	Responder_Status	Responder	-0.434551856419057	0.692736378451721	0.535546540784642	0.897922780540456	sample_2022120210049
HROV.vOTU22834	Responder_Status	Responder	-0.828460390362197	1.32167858401435	0.535852224271415	0.897922780540456	sample_2022120210049
HROV.vOTU01454	Responder_Status	Responder	0.55598328266423	0.886661716829824	0.535704977253061	0.897922780540456	sample_2022120210049
HROV.vOTU67273	Responder_Status	Responder	-0.523155765610058	0.835170102194584	0.53612244158752	0.897946773239321	sample_2022120210049
HROV.vOTU27047	Responder_Status	Responder	-0.776146341827692	1.23936112318425	0.536225282104326	0.897946773239321	sample_2022120210049
HROV.vOTU49629	Responder_Status	Responder	0.409941047124555	0.654840204758607	0.536374089208844	0.897973948233059	sample_2022120210049
HROV.vOTU58536	Responder_Status	Responder	-0.516145195108155	0.825333164597282	0.536787210010786	0.898052903767589	sample_2022120210049
HROV.vOTU03667	Responder_Status	Responder	-0.557182853935882	0.891184852109012	0.536892103159543	0.898052903767589	sample_2022120210049
HROV.vOTU22265	Responder_Status	Responder	0.850655882319865	1.3604691105241	0.536859255922088	0.898052903767589	sample_2022120210049
HROV.vOTU02440	Responder_Status	Responder	0.830126239576182	1.3291365849663	0.537316016495212	0.898439184173566	sample_2022120210049
HROV.vOTU37639	Responder_Status	Responder	0.707868579051013	1.13352961974953	0.537366977020092	0.898439184173566	sample_2022120210049
HROV.vOTU42674	Responder_Status	Responder	0.16383443183627	0.26238953192264	0.537423814170146	0.898439184173566	sample_2022120210049
HROV.vOTU63038	Responder_Status	Responder	-0.519327651496086	0.831935618420911	0.537523307182067	0.898483436633406	sample_2022120210049
HROV.vOTU14422	Responder_Status	Responder	0.769078392252251	1.23223632784007	0.537593189841044	0.898483436633406	sample_2022120210049
HROV.vOTU64884	Responder_Status	Responder	0.32092256772141	0.515044898259129	0.538263891244778	0.898688049850545	sample_2022120210049
HROV.vOTU02754	Responder_Status	Responder	-0.239282634049608	0.384170022287459	0.538419479980475	0.898785597290099	sample_2022120210049
HROV.vOTU73429	Responder_Status	Responder	-0.533033314795841	0.856499150608669	0.538754105872987	0.899074232748392	sample_2022120210049
HROV.vOTU75081	Responder_Status	Responder	0.739269996657134	1.18971515881943	0.539373456922791	0.89917154544618	sample_2022120210049
HROV.vOTU51492	Responder_Status	Responder	-0.692931112545018	1.11394569595555	0.538941062992087	0.89917154544618	sample_2022120210049
HROV.vOTU14865	Responder_Status	Responder	0.404542964010755	0.650936650028088	0.539312374367715	0.89917154544618	sample_2022120210049
HROV.vOTU00623	Responder_Status	Responder	0.807367200291039	1.29996810381737	0.539579070975413	0.899249492336921	sample_2022120210049
HROV.vOTU42914	Responder_Status	Responder	0.395681339536513	0.637121158913713	0.539592855924943	0.899249492336921	sample_2022120210049
HROV.vOTU16618	Responder_Status	Responder	0.574780622919271	0.929981406374186	0.541533476381157	0.899758792429354	sample_2022120210049
HROV.vOTU60930	Responder_Status	Responder	0.537332615107206	0.868534708302255	0.54113745033123	0.899758792429354	sample_2022120210049
HROV.vOTU31990	Responder_Status	Responder	0.694865980901559	1.12416501800147	0.541493594894434	0.899758792429354	sample_2022120210049
HROV.vOTU22382	Responder_Status	Responder	0.469921401834647	0.760333059950148	0.541539489179942	0.899758792429354	sample_2022120210049
HROV.vOTU07278	Responder_Status	Responder	0.726334274954242	1.17366047178783	0.541009726027565	0.899758792429354	sample_2022120210049
HROV.vOTU65171	Responder_Status	Responder	0.697247384333603	1.1266386172488	0.541002137888448	0.899758792429354	sample_2022120210049
HROV.vOTU16406	Responder_Status	Responder	0.401007375404442	0.648070896678288	0.541069150435061	0.899758792429354	sample_2022120210049
HROV.vOTU18413	Responder_Status	Responder	-0.294103407287517	0.475498844356702	0.541234990708489	0.899758792429354	sample_2022120210049
HROV.vOTU42319	Responder_Status	Responder	0.225769896343348	0.364268242160845	0.540407339401408	0.899758792429354	sample_2022120210049
HROV.vOTU57119	Responder_Status	Responder	0.803081667929959	1.29971329743938	0.541640452301365	0.899854782210266	sample_2022120210049
HROV.vOTU47688	Responder_Status	Responder	-0.463447219409411	0.750158602078696	0.541700507630489	0.8998827999108	sample_2022120210049
HROV.vOTU03133	Responder_Status	Responder	0.498594560678739	0.807163812414582	0.541757202890729	0.899905231780941	sample_2022120210049
HROV.vOTU59704	Responder_Status	Responder	0.6151494377644	0.995960117005947	0.541800801842758	0.899905907716348	sample_2022120210049
HROV.vOTU23382	Responder_Status	Responder	-0.132382494882904	0.214552403355197	0.542208747045849	0.900296401394665	sample_2022120210049
HROV.vOTU26417	Responder_Status	Responder	-0.451653277944419	0.73307274671651	0.54279880397001	0.900642399865265	sample_2022120210049
HROV.vOTU40169	Responder_Status	Responder	-0.355437029873767	0.576622577141023	0.542602262724998	0.900642399865265	sample_2022120210049
HROV.vOTU48889	Responder_Status	Responder	0.204208423148173	0.331500227403551	0.54286180628187	0.900642399865265	sample_2022120210049
HROV.vOTU34553	Responder_Status	Responder	-0.648203362769045	1.05517424728091	0.543970713944619	0.901016498875786	sample_2022120210049
HROV.vOTU14097	Responder_Status	Responder	0.679921069177096	1.10604600621907	0.543695940387164	0.901016498875786	sample_2022120210049
HROV.vOTU67577	Responder_Status	Responder	0.513432431134235	0.836301199926411	0.544216188341359	0.901016498875786	sample_2022120210049
HROV.vOTU75616	Responder_Status	Responder	-0.387735304513249	0.63036498342688	0.543458161432571	0.901016498875786	sample_2022120210049
HROV.vOTU62093	Responder_Status	Responder	-0.35528235035922	0.577848574707386	0.543627480606346	0.901016498875786	sample_2022120210049
HROV.vOTU14264	Responder_Status	Responder	-0.534042588292059	0.870445142395605	0.544479586901223	0.901194168500713	sample_2022120210049
HROV.vOTU30321	Responder_Status	Responder	0.451730574108573	0.736895665185778	0.544811801898517	0.901392729205839	sample_2022120210049
HROV.vOTU05029	Responder_Status	Responder	0.718740048229881	1.17343291111227	0.545142836877311	0.901575726808921	sample_2022120210049
HROV.vOTU67791	Responder_Status	Responder	0.536735399238511	0.878086575208847	0.545961343612263	0.901641137774373	sample_2022120210049
HROV.vOTU63385	Responder_Status	Responder	-0.379440096725458	0.619882105164318	0.545399760875432	0.901641137774373	sample_2022120210049
HROV.vOTU58363	Responder_Status	Responder	0.413450403740931	0.67564810450641	0.545520407128452	0.901641137774373	sample_2022120210049
HROV.vOTU67775	Responder_Status	Responder	0.19709852924645	0.322255193433698	0.545722006995555	0.901641137774373	sample_2022120210049
HROV.vOTU06659	Responder_Status	Responder	-0.502292410991154	0.822083450192579	0.546128643583107	0.901745650506647	sample_2022120210049
HROV.vOTU35902	Responder_Status	Responder	-0.44036487771856	0.723362031675095	0.547581120779753	0.902599102171374	sample_2022120210049
HROV.vOTU73206	Responder_Status	Responder	-0.35985460405858	0.591427144255254	0.547792840444647	0.902615693188919	sample_2022120210049
HROV.vOTU44691	Responder_Status	Responder	0.893163316418978	1.46808289079012	0.547834516127914	0.902615693188919	sample_2022120210049
HROV.vOTU70272	Responder_Status	Responder	-0.357406969292758	0.587571240943824	0.547905767822255	0.902634353805383	sample_2022120210049
HROV.vOTU67099	Responder_Status	Responder	0.711473247743999	1.17013414780227	0.548070158482002	0.902735566740268	sample_2022120210049
HROV.vOTU61652	Responder_Status	Responder	0.287257214708085	0.472427181093842	0.548058123793742	0.902735566740268	sample_2022120210049
HROV.vOTU57768	Responder_Status	Responder	-0.279619677797381	0.460298124893548	0.548431077741538	0.902999960861779	sample_2022120210049
HROV.vOTU44759	Responder_Status	Responder	-0.367765883460921	0.605516845386095	0.548507295958438	0.903006590419944	sample_2022120210049
HROV.vOTU22577	Responder_Status	Responder	-0.589871018931726	0.972591540481333	0.549072943970668	0.903229151754672	sample_2022120210049
HROV.vOTU29060	Responder_Status	Responder	0.71389610197912	1.17760034529024	0.549246098294175	0.903229151754672	sample_2022120210049
HROV.vOTU31641	Responder_Status	Responder	-0.798654391673983	1.3165923746382	0.54899893146748	0.903229151754672	sample_2022120210049
HROV.vOTU07984	Responder_Status	Responder	0.353415039184518	0.582721142360911	0.549075064774457	0.903229151754672	sample_2022120210049
HROV.vOTU58571	Responder_Status	Responder	0.264532553034299	0.43638469851544	0.549271203173079	0.903229151754672	sample_2022120210049
HROV.vOTU46569	Responder_Status	Responder	0.189490962955146	0.312467304255903	0.549111921675885	0.903229151754672	sample_2022120210049
HROV.vOTU47236	Responder_Status	Responder	-0.389416478171443	0.642822588643297	0.549532832582354	0.903457473909361	sample_2022120210049
HROV.vOTU20060	Responder_Status	Responder	0.736728306821425	1.21941029294532	0.550596542808753	0.904027204172671	sample_2022120210049
HROV.vOTU69519	Responder_Status	Responder	0.549242072195828	0.909888773401239	0.550944742257488	0.904028366216904	sample_2022120210049
HROV.vOTU72891	Responder_Status	Responder	-0.291061186011357	0.482418884083924	0.551141080269636	0.904175150190383	sample_2022120210049
HROV.vOTU61314	Responder_Status	Responder	-0.549033578808088	0.910776341307508	0.55148062038867	0.9043049524475	sample_2022120210049
HROV.vOTU28595	Responder_Status	Responder	-0.714178583543684	1.18783714532931	0.552515192779457	0.904357509269478	sample_2022120210049
HROV.vOTU38942	Responder_Status	Responder	0.368385842631436	0.611883419237118	0.551983833858957	0.904357509269478	sample_2022120210049
HROV.vOTU05290	Responder_Status	Responder	-0.477959916113637	0.79339876047502	0.551742058949442	0.904357509269478	sample_2022120210049
HROV.vOTU25315	Responder_Status	Responder	0.465903551939142	0.775246650457382	0.552691323754156	0.904357509269478	sample_2022120210049
HROV.vOTU55741	Responder_Status	Responder	0.611961177605109	1.01911206112868	0.553013100194865	0.904435799745385	sample_2022120210049
HROV.vOTU12957	Responder_Status	Responder	-0.433836996355864	0.723210810632288	0.553412831454758	0.904755514983688	sample_2022120210049
HROV.vOTU22862	Responder_Status	Responder	-0.802328208276587	1.34209783568721	0.554767214980754	0.904780815978396	sample_2022120210049
HROV.vOTU49449	Responder_Status	Responder	0.314269134443462	0.525194524168345	0.554392459591591	0.904780815978396	sample_2022120210049
HROV.vOTU33056	Responder_Status	Responder	-0.237475172867367	0.396759783558401	0.554293646895588	0.904780815978396	sample_2022120210049
HROV.vOTU09805	Responder_Status	Responder	-0.818539448302389	1.36921257856506	0.554766446224789	0.904780815978396	sample_2022120210049
HROV.vOTU23013	Responder_Status	Responder	0.695465500885456	1.16293362124393	0.554628828949078	0.904780815978396	sample_2022120210049
HROV.vOTU33217	Responder_Status	Responder	-0.324361857583453	0.542485297738538	0.55470026203678	0.904780815978396	sample_2022120210049
HROV.vOTU12546	Responder_Status	Responder	0.201090582916761	0.336025919269881	0.55435855175912	0.904780815978396	sample_2022120210049
HROV.vOTU59165	Responder_Status	Responder	0.355213657453051	0.593295722433381	0.55417773689079	0.904780815978396	sample_2022120210049
HROV.vOTU24413	Responder_Status	Responder	0.260710383728433	0.43601052766083	0.554682556478555	0.904780815978396	sample_2022120210049
HROV.vOTU22940	Responder_Status	Responder	0.387389403797869	0.648939346646763	0.555332337798412	0.905064866867172	sample_2022120210049
HROV.vOTU26021	Responder_Status	Responder	-0.596972420722193	1.00339976234375	0.556655054614008	0.90514081835324	sample_2022120210049
HROV.vOTU28719	Responder_Status	Responder	0.342747218424238	0.577053995055329	0.557307328907588	0.90514081835324	sample_2022120210049
HROV.vOTU27058	Responder_Status	Responder	-0.283448990638581	0.477854707594765	0.557828839397497	0.90514081835324	sample_2022120210049
HROV.vOTU13303	Responder_Status	Responder	0.410694609751103	0.68909690137078	0.55596986792463	0.90514081835324	sample_2022120210049
HROV.vOTU73089	Responder_Status	Responder	-0.560977202330616	0.943475235101403	0.556894794094471	0.90514081835324	sample_2022120210049
HROV.vOTU41376	Responder_Status	Responder	0.446460903072951	0.750317692600435	0.556602708052769	0.90514081835324	sample_2022120210049
HROV.vOTU71476	Responder_Status	Responder	-0.451475643992378	0.757146335223499	0.555774773248824	0.90514081835324	sample_2022120210049
HROV.vOTU10672	Responder_Status	Responder	-0.532004174355491	0.894131324085625	0.556624845479862	0.90514081835324	sample_2022120210049
HROV.vOTU55389	Responder_Status	Responder	0.611940925136067	1.02832194448698	0.556564646472253	0.90514081835324	sample_2022120210049
HROV.vOTU74463	Responder_Status	Responder	0.408389748343105	0.687256712793593	0.557128394502167	0.90514081835324	sample_2022120210049
HROV.vOTU12643	Responder_Status	Responder	-0.202329421386019	0.340841120110747	0.557533167083682	0.90514081835324	sample_2022120210049
HROV.vOTU36109	Responder_Status	Responder	-0.402696169695391	0.679169840320714	0.557990978377279	0.905150800560263	sample_2022120210049
HROV.vOTU30121	Responder_Status	Responder	-0.631625728201828	1.06640193801433	0.558405476209284	0.905370646166153	sample_2022120210049
HROV.vOTU36670	Responder_Status	Responder	-0.460315716223937	0.777814186523979	0.5587285633357	0.905370646166153	sample_2022120210049
HROV.vOTU75708	Responder_Status	Responder	-0.465861315828825	0.787002114349407	0.558637843700313	0.905370646166153	sample_2022120210049
HROV.vOTU21643	Responder_Status	Responder	-0.194015324105662	0.327795323563236	0.558680565086759	0.905370646166153	sample_2022120210049
HROV.vOTU11722	Responder_Status	Responder	-0.603906018789454	1.02046287699864	0.558735578037168	0.905370646166153	sample_2022120210049
HROV.vOTU40842	Responder_Status	Responder	-0.515152882179406	0.870960579489861	0.558946569340651	0.905430863956809	sample_2022120210049
HROV.vOTU40101	Responder_Status	Responder	0.163878774654571	0.277620914685877	0.559726072112499	0.905848431914239	sample_2022120210049
HROV.vOTU31336	Responder_Status	Responder	-0.54110784757905	0.926525004151677	0.563883681401995	0.906133384577262	sample_2022120210049
HROV.vOTU75566	Responder_Status	Responder	-0.379275634733608	0.644178404200934	0.560733000219186	0.906133384577262	sample_2022120210049
HROV.vOTU03559	Responder_Status	Responder	-0.511628566308527	0.87345066918578	0.56273189243125	0.906133384577262	sample_2022120210049
HROV.vOTU02203	Responder_Status	Responder	-0.418588717017581	0.716699226865659	0.563862363339678	0.906133384577262	sample_2022120210049
HROV.vOTU73366	Responder_Status	Responder	-0.374276405052989	0.638974500842605	0.562738579805427	0.906133384577262	sample_2022120210049
HROV.vOTU71080	Responder_Status	Responder	0.464824904008932	0.790999902893112	0.561482183469127	0.906133384577262	sample_2022120210049
HROV.vOTU56181	Responder_Status	Responder	0.460246711548787	0.784406471536767	0.562076180965732	0.906133384577262	sample_2022120210049
HROV.vOTU11617	Responder_Status	Responder	-0.596553464622918	1.01209278328544	0.560302101179755	0.906133384577262	sample_2022120210049
HROV.vOTU43256	Responder_Status	Responder	0.499802335364065	0.852199253040293	0.562248329456426	0.906133384577262	sample_2022120210049
HROV.vOTU13262	Responder_Status	Responder	0.55003113576186	0.937568841006018	0.562134719957527	0.906133384577262	sample_2022120210049
HROV.vOTU18898	Responder_Status	Responder	0.266504487395771	0.452452659522062	0.560569206245251	0.906133384577262	sample_2022120210049
HROV.vOTU59249	Responder_Status	Responder	-0.273524719395111	0.468400989159874	0.563926425562195	0.906133384577262	sample_2022120210049
HROV.vOTU17856	Responder_Status	Responder	-0.635298981078943	1.0880576052066	0.563973267496275	0.906133384577262	sample_2022120210049
HROV.vOTU03613	Responder_Status	Responder	0.428227379256843	0.731727624956596	0.563081690776619	0.906133384577262	sample_2022120210049
HROV.vOTU38489	Responder_Status	Responder	-0.216738554882311	0.370440981760965	0.563178020472974	0.906133384577262	sample_2022120210049
HROV.vOTU50467	Responder_Status	Responder	0.366932504595697	0.62698140602022	0.5630758442404	0.906133384577262	sample_2022120210049
HROV.vOTU53162	Responder_Status	Responder	0.510513398455755	0.874140453389578	0.563884361805948	0.906133384577262	sample_2022120210049
HROV.vOTU60677	Responder_Status	Responder	-0.293429325286211	0.497899685516491	0.560362575246036	0.906133384577262	sample_2022120210049
HROV.vOTU62186	Responder_Status	Responder	0.312080050622386	0.53402925217132	0.563638926365072	0.906133384577262	sample_2022120210049
HROV.vOTU35803	Responder_Status	Responder	0.525383520780361	0.89847786766691	0.563399580686349	0.906133384577262	sample_2022120210049
HROV.vOTU13246	Responder_Status	Responder	-0.484190427419104	0.830141991833359	0.564385661166091	0.906279402727978	sample_2022120210049
HROV.vOTU67176	Responder_Status	Responder	-0.560723777077986	0.962445266972465	0.56482309552945	0.90664476787193	sample_2022120210049
HROV.vOTU27418	Responder_Status	Responder	-0.17267637153372	0.296773500139811	0.565326296395112	0.906993500515561	sample_2022120210049
HROV.vOTU04672	Responder_Status	Responder	-0.159467645125871	0.274100940080065	0.565367004403113	0.906993500515561	sample_2022120210049
HROV.vOTU41638	Responder_Status	Responder	0.378428521479267	0.651448081282314	0.565952316607999	0.90710224273935	sample_2022120210049
HROV.vOTU66687	Responder_Status	Responder	-0.470605740719651	0.8124809647305	0.567071523141014	0.907312782394569	sample_2022120210049
HROV.vOTU56066	Responder_Status	Responder	0.592976617390388	1.02460176640128	0.567392280256148	0.907368551926622	sample_2022120210049
HROV.vOTU06709	Responder_Status	Responder	-0.538089362443088	0.92994702163366	0.567468788527043	0.907383899383035	sample_2022120210049
HROV.vOTU49528	Responder_Status	Responder	0.468312280760892	0.810084484419609	0.567815392815189	0.907450618187041	sample_2022120210049
HROV.vOTU72056	Responder_Status	Responder	-0.181578362255771	0.313910354909932	0.567590928200882	0.907450618187041	sample_2022120210049
HROV.vOTU58577	Responder_Status	Responder	0.29888495262755	0.518142694255417	0.568657239358273	0.907502782221789	sample_2022120210049
HROV.vOTU60030	Responder_Status	Responder	-0.17462650383235	0.30253337118519	0.568407440447315	0.907502782221789	sample_2022120210049
HROV.vOTU10690	Responder_Status	Responder	-0.444979341750985	0.770291866901786	0.568099546677975	0.907502782221789	sample_2022120210049
HROV.vOTU56372	Responder_Status	Responder	-0.291932168381145	0.505592769936621	0.568279732806449	0.907502782221789	sample_2022120210049
HROV.vOTU02851	Responder_Status	Responder	0.599777021234986	1.03915760836805	0.568432647403082	0.907502782221789	sample_2022120210049
HROV.vOTU09000	Responder_Status	Responder	-0.382321898984259	0.662541055148957	0.568514111607672	0.907502782221789	sample_2022120210049
HROV.vOTU31978	Responder_Status	Responder	-0.447508086323306	0.779752728273319	0.570610397589086	0.907538567719016	sample_2022120210049
HROV.vOTU57492	Responder_Status	Responder	-0.371674218115614	0.647977186653933	0.5708231578498	0.907538567719016	sample_2022120210049
HROV.vOTU08111	Responder_Status	Responder	-0.46829361459309	0.81679953136416	0.570999438623986	0.907538567719016	sample_2022120210049
HROV.vOTU37715	Responder_Status	Responder	-0.536197957295226	0.932577520493879	0.569907681808303	0.907538567719016	sample_2022120210049
HROV.vOTU06121	Responder_Status	Responder	-0.397474144335106	0.693674046146121	0.571219152708653	0.907538567719016	sample_2022120210049
HROV.vOTU01022	Responder_Status	Responder	-0.56075183224766	0.978321691330559	0.571099681183062	0.907538567719016	sample_2022120210049
HROV.vOTU07976	Responder_Status	Responder	-0.562519015991879	0.981708131186344	0.571217934324963	0.907538567719016	sample_2022120210049
HROV.vOTU38896	Responder_Status	Responder	0.206019082240939	0.358834070545586	0.570460618075765	0.907538567719016	sample_2022120210049
HROV.vOTU23603	Responder_Status	Responder	-0.477207592805238	0.830282498358717	0.570047856379522	0.907538567719016	sample_2022120210049
HROV.vOTU24834	Responder_Status	Responder	0.175788379940188	0.305199485597866	0.56923070299168	0.907538567719016	sample_2022120210049
HROV.vOTU33744	Responder_Status	Responder	0.407405730804297	0.707951868126022	0.569569191931387	0.907538567719016	sample_2022120210049
HROV.vOTU52822	Responder_Status	Responder	0.303249108349127	0.526908602770108	0.569533102864734	0.907538567719016	sample_2022120210049
HROV.vOTU49565	Responder_Status	Responder	-0.669650458044498	1.17569853002284	0.573506521937509	0.90791664979784	sample_2022120210049
HROV.vOTU07005	Responder_Status	Responder	-0.60318442277344	1.05683995528816	0.572726082505136	0.90791664979784	sample_2022120210049
HROV.vOTU42214	Responder_Status	Responder	-0.261439720331475	0.459663272909728	0.574050740849545	0.90791664979784	sample_2022120210049
HROV.vOTU17300	Responder_Status	Responder	-0.457029837413706	0.80124822205919	0.572957522777852	0.90791664979784	sample_2022120210049
HROV.vOTU33749	Responder_Status	Responder	-0.471045998258019	0.82532398776695	0.572727877533926	0.90791664979784	sample_2022120210049
HROV.vOTU31896	Responder_Status	Responder	0.624944410294778	1.09404733238313	0.572405779681573	0.90791664979784	sample_2022120210049
HROV.vOTU00780	Responder_Status	Responder	-0.483093369461799	0.848969136592094	0.573868866610102	0.90791664979784	sample_2022120210049
HROV.vOTU48553	Responder_Status	Responder	-0.215919750935863	0.378780973753356	0.573197512066214	0.90791664979784	sample_2022120210049
HROV.vOTU23521	Responder_Status	Responder	0.322696567621108	0.566340083566501	0.573361833634203	0.90791664979784	sample_2022120210049
HROV.vOTU15513	Responder_Status	Responder	0.416990439959089	0.730835813796009	0.572844368700826	0.90791664979784	sample_2022120210049
HROV.vOTU19271	Responder_Status	Responder	0.277288483984508	0.486906429569659	0.573564326372427	0.90791664979784	sample_2022120210049
HROV.vOTU73846	Responder_Status	Responder	0.380239880672462	0.665397836233317	0.572255400434404	0.90791664979784	sample_2022120210049
HROV.vOTU14106	Responder_Status	Responder	-0.492310795307649	0.86286033151343	0.572850889214475	0.90791664979784	sample_2022120210049
HROV.vOTU38231	Responder_Status	Responder	-0.177280325757748	0.310416473673426	0.572484466051125	0.90791664979784	sample_2022120210049
HROV.vOTU50000	Responder_Status	Responder	-0.611697437349376	1.07202928483969	0.572823514891093	0.90791664979784	sample_2022120210049
HROV.vOTU43151	Responder_Status	Responder	-0.676040704180857	1.19165035297203	0.575021141057221	0.908149590221389	sample_2022120210049
HROV.vOTU61483	Responder_Status	Responder	0.479249915301014	0.846160510023773	0.575646343510971	0.908149590221389	sample_2022120210049
HROV.vOTU09198	Responder_Status	Responder	-0.61684595914648	1.0883839305667	0.575396845449846	0.908149590221389	sample_2022120210049
HROV.vOTU22903	Responder_Status	Responder	-0.310203987820143	0.546891002300376	0.575088882307625	0.908149590221389	sample_2022120210049
HROV.vOTU19022	Responder_Status	Responder	-0.843755562713413	1.48894240611221	0.575445696331221	0.908149590221389	sample_2022120210049
HROV.vOTU21077	Responder_Status	Responder	-0.465512438114174	0.821931125232487	0.575658084156157	0.908149590221389	sample_2022120210049
HROV.vOTU75022	Responder_Status	Responder	-0.426753904244283	0.752766005528716	0.575289337014694	0.908149590221389	sample_2022120210049
HROV.vOTU18653	Responder_Status	Responder	-0.386894085391951	0.688033507992116	0.578373431930292	0.908281539648369	sample_2022120210049
HROV.vOTU56542	Responder_Status	Responder	0.590738477227751	1.04898501634205	0.577813296244167	0.908281539648369	sample_2022120210049
HROV.vOTU27563	Responder_Status	Responder	0.516798830678807	0.917276258799147	0.57764309639641	0.908281539648369	sample_2022120210049
HROV.vOTU14209	Responder_Status	Responder	-0.482901801205839	0.855600130076657	0.576974833389261	0.908281539648369	sample_2022120210049
HROV.vOTU03041	Responder_Status	Responder	-0.369511262016669	0.653441295488218	0.576247695934482	0.908281539648369	sample_2022120210049
HROV.vOTU30687	Responder_Status	Responder	-0.387638092639568	0.688906890830458	0.578126789091633	0.908281539648369	sample_2022120210049
HROV.vOTU01261	Responder_Status	Responder	-0.268163132383879	0.477244528804491	0.578655596471205	0.908281539648369	sample_2022120210049
HROV.vOTU44418	Responder_Status	Responder	-0.425791904810561	0.754594561772303	0.577065759102745	0.908281539648369	sample_2022120210049
HROV.vOTU35245	Responder_Status	Responder	-0.326117301801389	0.576631917862158	0.5762004803022	0.908281539648369	sample_2022120210049
HROV.vOTU72521	Responder_Status	Responder	-0.732925578996092	1.30596169272714	0.579115146149933	0.908281539648369	sample_2022120210049
HROV.vOTU22959	Responder_Status	Responder	0.329047449474367	0.582739521444351	0.576803787895045	0.908281539648369	sample_2022120210049
HROV.vOTU22982	Responder_Status	Responder	-0.426902221526451	0.758036873808785	0.577802750527127	0.908281539648369	sample_2022120210049
HROV.vOTU71255	Responder_Status	Responder	-0.300615473266978	0.534345780385676	0.578193784754603	0.908281539648369	sample_2022120210049
HROV.vOTU15208	Responder_Status	Responder	-0.312234104641519	0.556528618481223	0.579233828524496	0.908281539648369	sample_2022120210049
HROV.vOTU71269	Responder_Status	Responder	-0.452818043039364	0.801626404157071	0.576657492267012	0.908281539648369	sample_2022120210049
HROV.vOTU27507	Responder_Status	Responder	-0.162847164919204	0.291026474977122	0.580227729596127	0.908677446342101	sample_2022120210049
HROV.vOTU24461	Responder_Status	Responder	0.314172484997405	0.561966430531111	0.580565757091189	0.908891284039154	sample_2022120210049
HROV.vOTU32626	Responder_Status	Responder	-0.516586862789424	0.92403670549955	0.580568910944371	0.908891284039154	sample_2022120210049
HROV.vOTU69371	Responder_Status	Responder	-0.434324555616022	0.777684579226587	0.580952898547176	0.909198050118711	sample_2022120210049
HROV.vOTU23491	Responder_Status	Responder	-0.354574166126528	0.635289232170676	0.581191263929954	0.90921103439185	sample_2022120210049
HROV.vOTU19405	Responder_Status	Responder	0.339857127776804	0.609042917201483	0.581266665615524	0.90921103439185	sample_2022120210049
HROV.vOTU61773	Responder_Status	Responder	0.205126416111027	0.367698566543158	0.581369507386121	0.909235376549304	sample_2022120210049
HROV.vOTU48623	Responder_Status	Responder	0.51843673702039	0.929619732674919	0.581489971626779	0.909287268000895	sample_2022120210049
HROV.vOTU60555	Responder_Status	Responder	-0.458963185304429	0.825811521863446	0.582780624018145	0.909356886080155	sample_2022120210049
HROV.vOTU63277	Responder_Status	Responder	-0.452955718459572	0.817057827489999	0.583724066531089	0.909356886080155	sample_2022120210049
HROV.vOTU06228	Responder_Status	Responder	0.559073454799544	1.00628874726929	0.58291064876315	0.909356886080155	sample_2022120210049
HROV.vOTU71149	Responder_Status	Responder	-0.644289089934988	1.162942485734	0.583965634228764	0.909356886080155	sample_2022120210049
HROV.vOTU56072	Responder_Status	Responder	0.706073987405312	1.28649527385104	0.587468801321014	0.909356886080155	sample_2022120210049
HROV.vOTU06705	Responder_Status	Responder	-0.480095075318718	0.872774771392235	0.586626915861959	0.909356886080155	sample_2022120210049
HROV.vOTU70497	Responder_Status	Responder	-0.402807954723595	0.735221196275485	0.588120471146319	0.909356886080155	sample_2022120210049
HROV.vOTU70023	Responder_Status	Responder	-0.173341766281982	0.312559087844347	0.583579171272829	0.909356886080155	sample_2022120210049
HROV.vOTU04428	Responder_Status	Responder	-0.434922131024562	0.793846533179463	0.588124799729855	0.909356886080155	sample_2022120210049
HROV.vOTU04421	Responder_Status	Responder	-0.3880533926192	0.699458838289001	0.583442771747072	0.909356886080155	sample_2022120210049
HROV.vOTU07068	Responder_Status	Responder	-0.501741327059073	0.909849095799354	0.585695816008024	0.909356886080155	sample_2022120210049
HROV.vOTU34447	Responder_Status	Responder	0.778553345925758	1.40553467667589	0.584030855196615	0.909356886080155	sample_2022120210049
HROV.vOTU36489	Responder_Status	Responder	-0.464114731814395	0.845415463844857	0.58737196681543	0.909356886080155	sample_2022120210049
HROV.vOTU04039	Responder_Status	Responder	0.67623022010639	1.21396253983714	0.581923382612549	0.909356886080155	sample_2022120210049
HROV.vOTU62233	Responder_Status	Responder	-0.578880606861764	1.0423459807431	0.583056598321398	0.909356886080155	sample_2022120210049
HROV.vOTU23194	Responder_Status	Responder	0.466878111076409	0.851662996212819	0.587901868007691	0.909356886080155	sample_2022120210049
HROV.vOTU05340	Responder_Status	Responder	-0.725365823443747	1.32406706214566	0.588148600084932	0.909356886080155	sample_2022120210049
HROV.vOTU43749	Responder_Status	Responder	-0.202960490308325	0.368039775826346	0.58569045903076	0.909356886080155	sample_2022120210049
HROV.vOTU07160	Responder_Status	Responder	0.588358194770839	1.05858310108602	0.582763415102892	0.909356886080155	sample_2022120210049
HROV.vOTU13976	Responder_Status	Responder	-0.399363896774455	0.716642724690783	0.581770504258828	0.909356886080155	sample_2022120210049
HROV.vOTU01091	Responder_Status	Responder	-0.553493230080618	1.00363768701991	0.585674484051233	0.909356886080155	sample_2022120210049
HROV.vOTU62816	Responder_Status	Responder	-0.464721094410401	0.841398064702309	0.585111369730328	0.909356886080155	sample_2022120210049
HROV.vOTU06912	Responder_Status	Responder	-0.572004171677665	1.02940380024235	0.58285267881917	0.909356886080155	sample_2022120210049
HROV.vOTU67751	Responder_Status	Responder	-0.265431373334866	0.479404983202826	0.58420056828415	0.909356886080155	sample_2022120210049
HROV.vOTU50222	Responder_Status	Responder	-0.688536071540889	1.24415087157443	0.584369333706945	0.909356886080155	sample_2022120210049
HROV.vOTU12693	Responder_Status	Responder	-0.486659043961469	0.875903197235366	0.582891291526928	0.909356886080155	sample_2022120210049
HROV.vOTU07581	Responder_Status	Responder	-0.467519442197654	0.847761939769777	0.585682718935717	0.909356886080155	sample_2022120210049
HROV.vOTU24358	Responder_Status	Responder	0.290428651706622	0.524672329181647	0.584285285842399	0.909356886080155	sample_2022120210049
HROV.vOTU04013	Responder_Status	Responder	-0.195825001381814	0.35402545311278	0.584558641690928	0.909356886080155	sample_2022120210049
HROV.vOTU49221	Responder_Status	Responder	-0.625460528453031	1.13393890330283	0.585610172720024	0.909356886080155	sample_2022120210049
HROV.vOTU74700	Responder_Status	Responder	-0.610674176977622	1.11457702539036	0.588103847364178	0.909356886080155	sample_2022120210049
HROV.vOTU46852	Responder_Status	Responder	-0.313150004238105	0.563165530427359	0.582591177853158	0.909356886080155	sample_2022120210049
HROV.vOTU36004	Responder_Status	Responder	-0.394277153610275	0.718888067138376	0.58772689556495	0.909356886080155	sample_2022120210049
HROV.vOTU74803	Responder_Status	Responder	0.284158464668987	0.512747426742223	0.583849720823985	0.909356886080155	sample_2022120210049
HROV.vOTU49546	Responder_Status	Responder	-0.297753409562378	0.534486479043789	0.581896815444749	0.909356886080155	sample_2022120210049
HROV.vOTU54587	Responder_Status	Responder	-0.460502433798025	0.826897740267137	0.582017747539623	0.909356886080155	sample_2022120210049
HROV.vOTU70480	Responder_Status	Responder	0.267804025656025	0.48410560632933	0.584521354677151	0.909356886080155	sample_2022120210049
HROV.vOTU73417	Responder_Status	Responder	-0.277284465922521	0.505353163367403	0.587564177191353	0.909356886080155	sample_2022120210049
HROV.vOTU23838	Responder_Status	Responder	0.319552027229473	0.580629162652693	0.586440329373455	0.909356886080155	sample_2022120210049
HROV.vOTU40962	Responder_Status	Responder	0.672499296512598	1.22660041136064	0.587856554600406	0.909356886080155	sample_2022120210049
HROV.vOTU09525	Responder_Status	Responder	0.551031507180492	0.989505790750691	0.582036791445895	0.909356886080155	sample_2022120210049
HROV.vOTU65351	Responder_Status	Responder	0.145871649194485	0.262678056824877	0.583082484643046	0.909356886080155	sample_2022120210049
HROV.vOTU60005	Responder_Status	Responder	0.522964996736077	0.953946147689532	0.587890728497012	0.909356886080155	sample_2022120210049
HROV.vOTU31229	Responder_Status	Responder	0.304880930012003	0.548013664161312	0.582399012155149	0.909356886080155	sample_2022120210049
HROV.vOTU73512	Responder_Status	Responder	0.444666297926677	0.80942042967119	0.587110955477965	0.909356886080155	sample_2022120210049
HROV.vOTU62802	Responder_Status	Responder	-0.43881316332674	0.790620505703524	0.58328562937992	0.909356886080155	sample_2022120210049
HROV.vOTU21814	Responder_Status	Responder	-0.505877613919783	0.924088776095892	0.588418038279169	0.909417977851241	sample_2022120210049
HROV.vOTU29370	Responder_Status	Responder	0.336329535438773	0.616060138050862	0.589433480640987	0.909950699055796	sample_2022120210049
HROV.vOTU27630	Responder_Status	Responder	-0.416596680064864	0.763277749770083	0.589526146808381	0.909950699055796	sample_2022120210049
HROV.vOTU65577	Responder_Status	Responder	-0.716057591330083	1.31433774969586	0.590201054654336	0.910135369234186	sample_2022120210049
HROV.vOTU70896	Responder_Status	Responder	-0.57411846721053	1.05367700508231	0.59015589385792	0.910135369234186	sample_2022120210049
HROV.vOTU27610	Responder_Status	Responder	-0.328028410404967	0.602050529331373	0.590169088917945	0.910135369234186	sample_2022120210049
HROV.vOTU30602	Responder_Status	Responder	0.310609571369845	0.569830946398057	0.590007050837246	0.910135369234186	sample_2022120210049
HROV.vOTU08785	Responder_Status	Responder	0.254076268776191	0.466465187108646	0.590282869952656	0.910194167811101	sample_2022120210049
HROV.vOTU54096	Responder_Status	Responder	-0.464666789915935	0.854423853412696	0.590858501040567	0.910317067572551	sample_2022120210049
HROV.vOTU05854	Responder_Status	Responder	-0.554233833695744	1.01852744289798	0.590644153741181	0.910317067572551	sample_2022120210049
HROV.vOTU12872	Responder_Status	Responder	0.34642231253905	0.638414398462379	0.591678492348112	0.910317067572551	sample_2022120210049
HROV.vOTU21900	Responder_Status	Responder	-0.178601767838676	0.328314415510924	0.590750048230656	0.910317067572551	sample_2022120210049
HROV.vOTU11758	Responder_Status	Responder	-0.273016262024211	0.50352992485712	0.591967032357342	0.910500008797078	sample_2022120210049
HROV.vOTU31942	Responder_Status	Responder	0.803008496414988	1.48296678884543	0.592454301998889	0.910567127365731	sample_2022120210049
HROV.vOTU71296	Responder_Status	Responder	0.230633279563737	0.426475072078925	0.592929159142353	0.910567127365731	sample_2022120210049
HROV.vOTU07149	Responder_Status	Responder	-0.461721215973169	0.85465710340995	0.593302037517437	0.910582689148659	sample_2022120210049
HROV.vOTU44410	Responder_Status	Responder	0.313203418477118	0.579778418674066	0.59332190680976	0.910582689148659	sample_2022120210049
HROV.vOTU25354	Responder_Status	Responder	0.584336812927831	1.08314601496219	0.593819499304828	0.910870621752317	sample_2022120210049
HROV.vOTU51026	Responder_Status	Responder	0.737334590321027	1.36836860333223	0.594254549713513	0.911122736997557	sample_2022120210049
HROV.vOTU64197	Responder_Status	Responder	-0.621411066790959	1.15624641215598	0.595210814232337	0.911736760450014	sample_2022120210049
HROV.vOTU29841	Responder_Status	Responder	0.464460221131564	0.864004005596753	0.595122949453335	0.911736760450014	sample_2022120210049
HROV.vOTU33272	Responder_Status	Responder	-0.374891068363799	0.697448590208415	0.595156581105513	0.911736760450014	sample_2022120210049
HROV.vOTU52390	Responder_Status	Responder	-0.541048081193178	1.00622680992117	0.595032518390944	0.911736760450014	sample_2022120210049
HROV.vOTU30661	Responder_Status	Responder	0.425433902256774	0.79283724861895	0.595784390015086	0.911995280726201	sample_2022120210049
HROV.vOTU20478	Responder_Status	Responder	-0.367692963861911	0.686768876777993	0.596603645968765	0.912779920969248	sample_2022120210049
HROV.vOTU03114	Responder_Status	Responder	0.226858421132217	0.423876514606193	0.596737490394637	0.912791612374618	sample_2022120210049
HROV.vOTU19194	Responder_Status	Responder	-0.429838246414498	0.805145997375469	0.597649082653977	0.913022175814594	sample_2022120210049
HROV.vOTU15039	Responder_Status	Responder	0.536666217952655	1.00432758770883	0.597314543682832	0.913022175814594	sample_2022120210049
HROV.vOTU42860	Responder_Status	Responder	0.328842651389461	0.615895857748824	0.597606744655055	0.913022175814594	sample_2022120210049
HROV.vOTU45592	Responder_Status	Responder	0.315826274547048	0.590861942042177	0.597202513663242	0.913022175814594	sample_2022120210049
HROV.vOTU40808	Responder_Status	Responder	-0.51686089207118	0.969595738119835	0.598192215289518	0.913198622915967	sample_2022120210049
HROV.vOTU26057	Responder_Status	Responder	0.429300241152229	0.806237612629184	0.598598615014042	0.913245540548467	sample_2022120210049
HROV.vOTU10034	Responder_Status	Responder	-0.388457825944603	0.729830364450808	0.598746152767211	0.913245540548467	sample_2022120210049
HROV.vOTU54276	Responder_Status	Responder	0.300797823027974	0.566064693697603	0.599343245447645	0.913416466893547	sample_2022120210049
HROV.vOTU24412	Responder_Status	Responder	0.46219547445098	0.872024097838468	0.600272174787658	0.913806776918963	sample_2022120210049
HROV.vOTU60429	Responder_Status	Responder	-0.243377072694183	0.458999835818484	0.600130255291366	0.913806776918963	sample_2022120210049
HROV.vOTU03138	Responder_Status	Responder	-0.221693063603022	0.418105579115389	0.60013108280253	0.913806776918963	sample_2022120210049
HROV.vOTU59311	Responder_Status	Responder	-0.235658500282905	0.44460557085997	0.60026298318716	0.913806776918963	sample_2022120210049
HROV.vOTU61142	Responder_Status	Responder	0.338547366453739	0.639786226506242	0.600866920624229	0.914073267942427	sample_2022120210049
HROV.vOTU16998	Responder_Status	Responder	-0.271390281057138	0.513393896859754	0.601234582181142	0.914359308010518	sample_2022120210049
HROV.vOTU29201	Responder_Status	Responder	0.508234495095613	0.962800892338688	0.601747682915146	0.914753189916671	sample_2022120210049
HROV.vOTU15021	Responder_Status	Responder	-0.539789424685451	1.02306602715165	0.601919961152174	0.914800670406707	sample_2022120210049
HROV.vOTU22789	Responder_Status	Responder	0.591528027353145	1.1212905810746	0.601972858201402	0.914814332649614	sample_2022120210049
HROV.vOTU38248	Responder_Status	Responder	-0.451290349515918	0.85601862282357	0.602209427899312	0.91483347300636	sample_2022120210049
HROV.vOTU05407	Responder_Status	Responder	0.257902845715609	0.489487881562152	0.602424538020027	0.91483347300636	sample_2022120210049
HROV.vOTU30169	Responder_Status	Responder	-0.413526160166645	0.784675530162779	0.602342470383147	0.91483347300636	sample_2022120210049
HROV.vOTU15866	Responder_Status	Responder	0.278077448467938	0.528657697990539	0.603025344146931	0.914945604813669	sample_2022120210049
HROV.vOTU02117	Responder_Status	Responder	-0.0894005174887908	0.170433150322427	0.604025329344968	0.915746286842427	sample_2022120210049
HROV.vOTU29919	Responder_Status	Responder	-0.430607253806975	0.821882306175588	0.604451393279481	0.915802284086013	sample_2022120210049
HROV.vOTU67206	Responder_Status	Responder	0.229749898163492	0.43850187048063	0.604441317156615	0.915802284086013	sample_2022120210049
HROV.vOTU32570	Responder_Status	Responder	0.782723861965333	1.4960205953451	0.604948630712724	0.915849955791304	sample_2022120210049
HROV.vOTU40608	Responder_Status	Responder	-0.311294400158917	0.595515184823299	0.605273283129564	0.915993055555148	sample_2022120210049
HROV.vOTU51342	Responder_Status	Responder	-0.204390126563044	0.391816602156637	0.606017996868952	0.916150411026311	sample_2022120210049
HROV.vOTU68315	Responder_Status	Responder	-0.563789803584697	1.08077896702819	0.606015310168545	0.916150411026311	sample_2022120210049
HROV.vOTU68499	Responder_Status	Responder	-0.27024151264025	0.517722206799253	0.605788278793668	0.916150411026311	sample_2022120210049
HROV.vOTU64636	Responder_Status	Responder	-0.5314321463135	1.01950578621792	0.606281243269662	0.916263552887437	sample_2022120210049
HROV.vOTU43228	Responder_Status	Responder	0.419054848411958	0.806409690349807	0.607388151273756	0.916498038840863	sample_2022120210049
HROV.vOTU69548	Responder_Status	Responder	-0.409190091103445	0.786202610312894	0.6068317111954	0.916498038840863	sample_2022120210049
HROV.vOTU59916	Responder_Status	Responder	-0.18861411656304	0.362607426058862	0.607040298348333	0.916498038840863	sample_2022120210049
HROV.vOTU62071	Responder_Status	Responder	-0.212829655018161	0.40978096780361	0.607581400743299	0.916498038840863	sample_2022120210049
HROV.vOTU04021	Responder_Status	Responder	-0.431969778510822	0.832142861991431	0.607766439577126	0.91653255418279	sample_2022120210049
HROV.vOTU24371	Responder_Status	Responder	-0.454418065239771	0.87576181895407	0.607919340196428	0.916691933118356	sample_2022120210049
HROV.vOTU38736	Responder_Status	Responder	0.440639468309628	0.849304457351656	0.607960121518092	0.916691933118356	sample_2022120210049
HROV.vOTU43832	Responder_Status	Responder	0.482619713165509	0.932902402142249	0.608987910346019	0.917022895593042	sample_2022120210049
HROV.vOTU05852	Responder_Status	Responder	0.153766028880206	0.297071659898231	0.608798860523711	0.917022895593042	sample_2022120210049
HROV.vOTU10758	Responder_Status	Responder	0.289679120552825	0.559597564459601	0.608764214127735	0.917022895593042	sample_2022120210049
HROV.vOTU49322	Responder_Status	Responder	0.405709690121479	0.784726358908876	0.609210827331243	0.917022895593042	sample_2022120210049
HROV.vOTU58307	Responder_Status	Responder	-0.278688489918524	0.538688329020182	0.608977553946866	0.917022895593042	sample_2022120210049
HROV.vOTU47152	Responder_Status	Responder	-0.266511940360229	0.51601664055601	0.60957502655556	0.917201969977979	sample_2022120210049
HROV.vOTU16189	Responder_Status	Responder	0.538053108835918	1.04204043923271	0.609667139157075	0.917265376248951	sample_2022120210049
HROV.vOTU05887	Responder_Status	Responder	0.523281468814481	1.01584291541822	0.610511932342863	0.917535804169856	sample_2022120210049
HROV.vOTU59942	Responder_Status	Responder	-0.634727662438456	1.23759393167949	0.612063421440509	0.918500275771221	sample_2022120210049
HROV.vOTU45767	Responder_Status	Responder	-0.495187675033298	0.966145324201537	0.61229323439579	0.918500275771221	sample_2022120210049
HROV.vOTU33539	Responder_Status	Responder	-0.438149290586733	0.854289797090894	0.61205719241493	0.918500275771221	sample_2022120210049
HROV.vOTU27480	Responder_Status	Responder	0.354309817685554	0.691361577652425	0.612333517180814	0.918500275771221	sample_2022120210049
HROV.vOTU54132	Responder_Status	Responder	-0.193171196127183	0.376691320986705	0.612106231477432	0.918500275771221	sample_2022120210049
HROV.vOTU17055	Responder_Status	Responder	0.173763388957132	0.338931038631763	0.612195769249055	0.918500275771221	sample_2022120210049
HROV.vOTU50677	Responder_Status	Responder	-0.274409262325344	0.538337832581607	0.614232089684464	0.918670301517509	sample_2022120210049
HROV.vOTU30964	Responder_Status	Responder	-0.192567222236378	0.378980782295451	0.615350022902393	0.918670301517509	sample_2022120210049
HROV.vOTU53921	Responder_Status	Responder	-0.413338032526205	0.813660876290306	0.615433635328959	0.918670301517509	sample_2022120210049
HROV.vOTU15544	Responder_Status	Responder	0.500579352016291	0.979523735566049	0.613326795509139	0.918670301517509	sample_2022120210049
HROV.vOTU62491	Responder_Status	Responder	-0.597156323170875	1.16818998257939	0.613231958887041	0.918670301517509	sample_2022120210049
HROV.vOTU43598	Responder_Status	Responder	0.234323222833828	0.458693432890636	0.613461106564806	0.918670301517509	sample_2022120210049
HROV.vOTU40973	Responder_Status	Responder	-0.118987303869986	0.233923196954521	0.614975566120848	0.918670301517509	sample_2022120210049
HROV.vOTU47090	Responder_Status	Responder	-0.224643635280574	0.442441173533364	0.615614466661277	0.918670301517509	sample_2022120210049
HROV.vOTU04724	Responder_Status	Responder	-0.175860992826123	0.345973513276112	0.615219209696635	0.918670301517509	sample_2022120210049
HROV.vOTU08743	Responder_Status	Responder	-0.330359662316291	0.651917313965143	0.616297244288651	0.918685788564619	sample_2022120210049
HROV.vOTU34583	Responder_Status	Responder	-0.613788361815296	1.21054512503115	0.616100646409196	0.918685788564619	sample_2022120210049
HROV.vOTU60699	Responder_Status	Responder	-0.316602770347806	0.627325601033522	0.617728076464632	0.919782419397619	sample_2022120210049
HROV.vOTU20351	Responder_Status	Responder	0.31976214257735	0.634301756652797	0.618123254934077	0.92001452422837	sample_2022120210049
HROV.vOTU23954	Responder_Status	Responder	-0.630170032044967	1.25118357291397	0.618440740656991	0.920043758057008	sample_2022120210049
HROV.vOTU44598	Responder_Status	Responder	-0.75158869989903	1.49306621406439	0.618630234977105	0.920082680366046	sample_2022120210049
HROV.vOTU01432	Responder_Status	Responder	0.54443966364907	1.08160682217699	0.618646993093229	0.920082680366046	sample_2022120210049
HROV.vOTU03660	Responder_Status	Responder	-0.436262148092625	0.867849113931864	0.619110884376799	0.920096321286973	sample_2022120210049
HROV.vOTU47851	Responder_Status	Responder	-0.142291828920786	0.283154125316889	0.619228379172461	0.920098650695923	sample_2022120210049
HROV.vOTU44417	Responder_Status	Responder	-0.437167599718185	0.870169360432238	0.619319057425197	0.920102150702651	sample_2022120210049
HROV.vOTU53729	Responder_Status	Responder	0.234080121585018	0.466378095965048	0.619654498305038	0.920215601371168	sample_2022120210049
HROV.vOTU66515	Responder_Status	Responder	-0.279549179455904	0.55759566139689	0.620045648836853	0.920234101600434	sample_2022120210049
HROV.vOTU21315	Responder_Status	Responder	0.276957767923773	0.552796335042106	0.620278506433352	0.920234101600434	sample_2022120210049
HROV.vOTU19159	Responder_Status	Responder	0.370755102029099	0.740643888058145	0.620575545317037	0.920262739265514	sample_2022120210049
HROV.vOTU14934	Responder_Status	Responder	-0.716616254365134	1.43334192716606	0.621008577681441	0.920303172660847	sample_2022120210049
HROV.vOTU23466	Responder_Status	Responder	0.134444229575172	0.268967298615379	0.621083930461928	0.920303172660847	sample_2022120210049
HROV.vOTU38300	Responder_Status	Responder	0.382882446916369	0.767192760248598	0.621629102746122	0.920513170660294	sample_2022120210049
HROV.vOTU43907	Responder_Status	Responder	-0.527166587630618	1.0562222228375	0.621603834627488	0.920513170660294	sample_2022120210049
HROV.vOTU13086	Responder_Status	Responder	0.247375072457758	0.495813951012024	0.621728012032419	0.920513170660294	sample_2022120210049
HROV.vOTU04091	Responder_Status	Responder	0.113360872291096	0.227231436903152	0.621761912883207	0.920513170660294	sample_2022120210049
HROV.vOTU02362	Responder_Status	Responder	-0.247867902802904	0.497411958547228	0.62215381317956	0.92056522032961	sample_2022120210049
HROV.vOTU44071	Responder_Status	Responder	0.493328312610529	0.991663553390795	0.622738126982834	0.920717348544376	sample_2022120210049
HROV.vOTU43426	Responder_Status	Responder	-0.366385204018867	0.737174439321423	0.623060158860636	0.920857259560269	sample_2022120210049
HROV.vOTU43577	Responder_Status	Responder	-0.590118009700448	1.19138149389118	0.624237596322109	0.92092938000098	sample_2022120210049
HROV.vOTU36455	Responder_Status	Responder	-0.527429759050622	1.06341810411881	0.623782330641593	0.92092938000098	sample_2022120210049
HROV.vOTU05596	Responder_Status	Responder	-0.55358096553965	1.11740795356773	0.624172922199351	0.92092938000098	sample_2022120210049
HROV.vOTU64915	Responder_Status	Responder	-0.334435260107037	0.676111257358725	0.624709534929668	0.92092938000098	sample_2022120210049
HROV.vOTU30360	Responder_Status	Responder	0.286067184355343	0.578539105871119	0.624835412696367	0.92092938000098	sample_2022120210049
HROV.vOTU25877	Responder_Status	Responder	0.176011452980913	0.355046326996479	0.623945128529793	0.92092938000098	sample_2022120210049
HROV.vOTU52334	Responder_Status	Responder	-0.697709738260574	1.41067085124012	0.624745102147908	0.92092938000098	sample_2022120210049
HROV.vOTU55610	Responder_Status	Responder	0.294717830715685	0.597626064431814	0.625753966847982	0.921170864136139	sample_2022120210049
HROV.vOTU54353	Responder_Status	Responder	-0.138185744503564	0.280293209091473	0.625853934573867	0.921170864136139	sample_2022120210049
HROV.vOTU00742	Responder_Status	Responder	0.593568876915983	1.20366694001379	0.62576354586106	0.921170864136139	sample_2022120210049
HROV.vOTU12570	Responder_Status	Responder	-0.484631197355535	0.986136409191162	0.626942604991296	0.921334490051218	sample_2022120210049
HROV.vOTU63778	Responder_Status	Responder	-0.5420306058704	1.10382583266452	0.627219930087991	0.921334490051218	sample_2022120210049
HROV.vOTU32491	Responder_Status	Responder	-0.679827735394666	1.38356564873246	0.627002066881162	0.921334490051218	sample_2022120210049
HROV.vOTU37069	Responder_Status	Responder	0.371746776614308	0.75682718169909	0.627119455888597	0.921334490051218	sample_2022120210049
HROV.vOTU02645	Responder_Status	Responder	0.24630418743694	0.501557090711395	0.627197690919927	0.921334490051218	sample_2022120210049
HROV.vOTU62209	Responder_Status	Responder	-0.529706986735988	1.07852407341184	0.627154703517947	0.921334490051218	sample_2022120210049
HROV.vOTU48727	Responder_Status	Responder	-0.273769081381869	0.557200181379665	0.627022572864095	0.921334490051218	sample_2022120210049
HROV.vOTU17618	Responder_Status	Responder	0.429844195224794	0.876225133739166	0.627557669525484	0.921435098277903	sample_2022120210049
HROV.vOTU23983	Responder_Status	Responder	-0.267357082131892	0.54550101881892	0.627872559208553	0.921702583746228	sample_2022120210049
HROV.vOTU33222	Responder_Status	Responder	-0.489399034733855	0.999591616273944	0.628231659521062	0.921904960284641	sample_2022120210049
HROV.vOTU40564	Responder_Status	Responder	0.512441042256356	1.04827559182249	0.62876083557602	0.921994907175401	sample_2022120210049
HROV.vOTU24480	Responder_Status	Responder	-0.230702213093041	0.471569799534406	0.628495294192731	0.921994907175401	sample_2022120210049
HROV.vOTU22235	Responder_Status	Responder	-0.491346511249906	1.00504158611727	0.628732967867679	0.921994907175401	sample_2022120210049
HROV.vOTU54940	Responder_Status	Responder	0.32363430501824	0.662005333908044	0.628741453631813	0.921994907175401	sample_2022120210049
HROV.vOTU65654	Responder_Status	Responder	0.320968431073047	0.657631603853068	0.629302533702728	0.922217626708162	sample_2022120210049
HROV.vOTU63466	Responder_Status	Responder	-0.17288252539482	0.354513227189164	0.629586174780166	0.922463287731699	sample_2022120210049
HROV.vOTU06005	Responder_Status	Responder	0.402364419522347	0.82566335066564	0.629823401574538	0.922481160437919	sample_2022120210049
HROV.vOTU30978	Responder_Status	Responder	0.350878416478199	0.720515067048873	0.630061196159848	0.922510542655688	sample_2022120210049
HROV.vOTU17471	Responder_Status	Responder	0.341979138000385	0.703393040947628	0.630619559455675	0.922693040793733	sample_2022120210049
HROV.vOTU22815	Responder_Status	Responder	-0.526153777493162	1.08381531280406	0.631124076355414	0.922763376956923	sample_2022120210049
HROV.vOTU00572	Responder_Status	Responder	-0.426457494930938	0.880085007146482	0.631754793980042	0.923051375952345	sample_2022120210049
HROV.vOTU69859	Responder_Status	Responder	0.286452584988044	0.591472550834638	0.631936876725906	0.923051375952345	sample_2022120210049
HROV.vOTU12973	Responder_Status	Responder	-0.382089066035173	0.789899804087403	0.632347343581136	0.923327276159014	sample_2022120210049
HROV.vOTU55105	Responder_Status	Responder	0.432155696494907	0.894328321453158	0.63269799601715	0.923392745840094	sample_2022120210049
HROV.vOTU37178	Responder_Status	Responder	-0.548852763426887	1.13677972957638	0.632981630169229	0.923392745840094	sample_2022120210049
HROV.vOTU67606	Responder_Status	Responder	-0.372209957676704	0.771574078660559	0.633269331153865	0.923443904996554	sample_2022120210049
HROV.vOTU62918	Responder_Status	Responder	-0.150161203122384	0.311605671455994	0.63362597388313	0.923746445531352	sample_2022120210049
HROV.vOTU53233	Responder_Status	Responder	0.178039947973175	0.369537257841778	0.633698485528179	0.923746445531352	sample_2022120210049
HROV.vOTU75152	Responder_Status	Responder	0.382547811872584	0.794307597651777	0.633824724824622	0.923811055187891	sample_2022120210049
HROV.vOTU62337	Responder_Status	Responder	0.389431528740071	0.809225463627804	0.634085644514508	0.923888892004182	sample_2022120210049
HROV.vOTU27155	Responder_Status	Responder	0.0462130731070798	0.0962268229196562	0.634779414676954	0.924149897875045	sample_2022120210049
HROV.vOTU07677	Responder_Status	Responder	0.277448169895012	0.578417408605204	0.635189316287681	0.92446757457873	sample_2022120210049
HROV.vOTU08786	Responder_Status	Responder	-0.46020859059489	0.959772873137164	0.635308956138635	0.924477028994864	sample_2022120210049
HROV.vOTU49630	Responder_Status	Responder	0.30629000085843	0.638957929935664	0.635406419106983	0.924480081958863	sample_2022120210049
HROV.vOTU40810	Responder_Status	Responder	0.413683240953769	0.863373301366732	0.635554664591883	0.924480081958863	sample_2022120210049
HROV.vOTU41694	Responder_Status	Responder	-0.451604826792648	0.942738032319599	0.635633530049505	0.924480081958863	sample_2022120210049
HROV.vOTU43438	Responder_Status	Responder	0.260338911781136	0.543453982004667	0.635626739712843	0.924480081958863	sample_2022120210049
HROV.vOTU17167	Responder_Status	Responder	0.427134656055328	0.892704327654109	0.636028845492062	0.924685018200203	sample_2022120210049
HROV.vOTU48740	Responder_Status	Responder	-0.177160023488931	0.370568587863291	0.636307504987482	0.924863202683373	sample_2022120210049
HROV.vOTU18567	Responder_Status	Responder	0.475558724557122	0.99538937696327	0.636528712437	0.92495994724682	sample_2022120210049
HROV.vOTU46509	Responder_Status	Responder	-0.404046474488559	0.84595158703429	0.636625630391973	0.924992898806465	sample_2022120210049
HROV.vOTU17386	Responder_Status	Responder	0.18379269077561	0.384972732716483	0.636770608708048	0.925002801273499	sample_2022120210049
HROV.vOTU39417	Responder_Status	Responder	0.37619393144249	0.790794965875442	0.637967257014113	0.925285291547339	sample_2022120210049
HROV.vOTU68953	Responder_Status	Responder	-0.204154638633807	0.428222572736921	0.637240720387537	0.925285291547339	sample_2022120210049
HROV.vOTU46317	Responder_Status	Responder	-0.378355279254135	0.795344195472117	0.637969729112349	0.925285291547339	sample_2022120210049
HROV.vOTU04429	Responder_Status	Responder	0.167794176537754	0.352418963484949	0.637682184416148	0.925285291547339	sample_2022120210049
HROV.vOTU50037	Responder_Status	Responder	-0.356027922023894	0.74951624253162	0.638464038268438	0.925285291547339	sample_2022120210049
HROV.vOTU05942	Responder_Status	Responder	-0.229579054913475	0.482086908208746	0.637613293887122	0.925285291547339	sample_2022120210049
HROV.vOTU51519	Responder_Status	Responder	-0.537307565796757	1.13431706861253	0.639398105734178	0.92564338055667	sample_2022120210049
HROV.vOTU13816	Responder_Status	Responder	-0.343653443907659	0.726578529200895	0.639897451630597	0.925965546099456	sample_2022120210049
HROV.vOTU47188	Responder_Status	Responder	0.371895596460588	0.787682997700954	0.64048683210117	0.926046643340398	sample_2022120210049
HROV.vOTU18440	Responder_Status	Responder	0.598539806971581	1.26886785061803	0.640787830911376	0.926046643340398	sample_2022120210049
HROV.vOTU30481	Responder_Status	Responder	-0.245504181081777	0.520134238250899	0.640583465913684	0.926046643340398	sample_2022120210049
HROV.vOTU53569	Responder_Status	Responder	0.290070847019473	0.61598316382489	0.641355217520853	0.926077336285766	sample_2022120210049
HROV.vOTU35072	Responder_Status	Responder	0.362287544595262	0.770570424039116	0.641885781548462	0.926077336285766	sample_2022120210049
HROV.vOTU25853	Responder_Status	Responder	-0.455658625777652	0.968640256962379	0.641705466984586	0.926077336285766	sample_2022120210049
HROV.vOTU65765	Responder_Status	Responder	0.393058215386333	0.837597228171164	0.642511230350056	0.926077336285766	sample_2022120210049
HROV.vOTU49385	Responder_Status	Responder	-0.490692202571625	1.04180235994665	0.641287468619838	0.926077336285766	sample_2022120210049
HROV.vOTU49234	Responder_Status	Responder	-0.35445440406045	0.755464895085172	0.642568856487767	0.926077336285766	sample_2022120210049
HROV.vOTU49506	Responder_Status	Responder	-0.255019783026658	0.54405359095829	0.642884387610423	0.926182403916807	sample_2022120210049
HROV.vOTU71363	Responder_Status	Responder	-0.342004437229417	0.729959664718904	0.643036249101881	0.926201057228728	sample_2022120210049
HROV.vOTU24010	Responder_Status	Responder	0.258489963625152	0.551845268858315	0.643117383965828	0.926201057228728	sample_2022120210049
HROV.vOTU05049	Responder_Status	Responder	0.168965220070798	0.360612254088419	0.643017996184502	0.926201057228728	sample_2022120210049
HROV.vOTU36611	Responder_Status	Responder	0.418274082229827	0.895166753507567	0.643931072588111	0.926476341231496	sample_2022120210049
HROV.vOTU54184	Responder_Status	Responder	-0.368462383494206	0.788489725892162	0.643900582101421	0.926476341231496	sample_2022120210049
HROV.vOTU00966	Responder_Status	Responder	-0.441061064425731	0.944409312666148	0.644097180571082	0.926631116249318	sample_2022120210049
HROV.vOTU46129	Responder_Status	Responder	-0.388555985741695	0.832546482305992	0.64432003503075	0.926631116249318	sample_2022120210049
HROV.vOTU43272	Responder_Status	Responder	0.544407763362258	1.16703123831493	0.644474401337673	0.926664980498298	sample_2022120210049
HROV.vOTU07654	Responder_Status	Responder	0.379395210794353	0.813628908247619	0.644608272634333	0.926667999814323	sample_2022120210049
HROV.vOTU29751	Responder_Status	Responder	-0.60143470690315	1.29645362327639	0.646300432944	0.927325025843287	sample_2022120210049
HROV.vOTU64702	Responder_Status	Responder	-0.339753856340286	0.734732543680808	0.647354709395494	0.927909308276309	sample_2022120210049
HROV.vOTU75092	Responder_Status	Responder	0.345101871695029	0.747345476327651	0.64781384142314	0.928344548184271	sample_2022120210049
HROV.vOTU60486	Responder_Status	Responder	0.563698358710873	1.22180511370957	0.64810078028595	0.928564142295267	sample_2022120210049
HROV.vOTU24645	Responder_Status	Responder	0.179730006669941	0.389660338726736	0.648183906105672	0.928573798275842	sample_2022120210049
HROV.vOTU72414	Responder_Status	Responder	0.56440037033635	1.22694563403304	0.649065299789387	0.928607374117909	sample_2022120210049
HROV.vOTU04128	Responder_Status	Responder	-0.203533862697006	0.442153495446658	0.648838710785863	0.928607374117909	sample_2022120210049
HROV.vOTU50006	Responder_Status	Responder	-0.272603924887172	0.591378172466078	0.648385224872283	0.928607374117909	sample_2022120210049
HROV.vOTU24063	Responder_Status	Responder	0.260553395504267	0.566023898312636	0.648839945298099	0.928607374117909	sample_2022120210049
HROV.vOTU19905	Responder_Status	Responder	0.152978263399108	0.332741793495349	0.649245194085701	0.928607374117909	sample_2022120210049
HROV.vOTU43787	Responder_Status	Responder	-0.451565889614462	0.987565993183443	0.651018490468903	0.928657418110338	sample_2022120210049
HROV.vOTU46313	Responder_Status	Responder	0.463926020939085	1.01376864761866	0.650753152181385	0.928657418110338	sample_2022120210049
HROV.vOTU50340	Responder_Status	Responder	0.30604806618069	0.666431154110336	0.649611372682754	0.928657418110338	sample_2022120210049
HROV.vOTU54766	Responder_Status	Responder	-0.311122259889474	0.679143351431631	0.650409141741208	0.928657418110338	sample_2022120210049
HROV.vOTU18869	Responder_Status	Responder	-0.226739635268754	0.495862514547476	0.651010146419696	0.928657418110338	sample_2022120210049
HROV.vOTU07570	Responder_Status	Responder	-0.199180723011414	0.434082299031098	0.649880625127345	0.928657418110338	sample_2022120210049
HROV.vOTU14459	Responder_Status	Responder	-0.265736552292025	0.581954346152414	0.651461212770531	0.928864056000453	sample_2022120210049
HROV.vOTU50051	Responder_Status	Responder	-0.375545125152185	0.822467568069732	0.651475423582175	0.928864056000453	sample_2022120210049
HROV.vOTU41807	Responder_Status	Responder	0.478422818270434	1.04765795172864	0.651438818997716	0.928864056000453	sample_2022120210049
HROV.vOTU03800	Responder_Status	Responder	-0.665577547776496	1.45908909985423	0.651793736580527	0.92895183471903	sample_2022120210049
HROV.vOTU69332	Responder_Status	Responder	0.409082863099346	0.89843901237596	0.65238580155902	0.92895183471903	sample_2022120210049
HROV.vOTU21222	Responder_Status	Responder	-0.343989363754089	0.75508397843705	0.652216600705326	0.92895183471903	sample_2022120210049
HROV.vOTU55142	Responder_Status	Responder	-0.389171607499847	0.854766371774566	0.652407379134678	0.92895183471903	sample_2022120210049
HROV.vOTU53502	Responder_Status	Responder	-0.401474690364406	0.881589958925465	0.652334505019796	0.92895183471903	sample_2022120210049
HROV.vOTU08459	Responder_Status	Responder	-0.268405235463191	0.589309718475953	0.652292895785876	0.92895183471903	sample_2022120210049
HROV.vOTU45549	Responder_Status	Responder	-0.323723538027078	0.712866977308087	0.653246771815203	0.92935842541671	sample_2022120210049
HROV.vOTU56707	Responder_Status	Responder	-0.490128080227566	1.07946242481404	0.653294144403798	0.92935842541671	sample_2022120210049
HROV.vOTU59281	Responder_Status	Responder	-0.402004791437684	0.885140577949908	0.653207221794213	0.92935842541671	sample_2022120210049
HROV.vOTU04981	Responder_Status	Responder	-0.419383477079228	0.925203112050841	0.653834804755154	0.929619773241002	sample_2022120210049
HROV.vOTU10146	Responder_Status	Responder	-0.434661188234906	0.959939881245343	0.654181636330218	0.929753836889365	sample_2022120210049
HROV.vOTU20183	Responder_Status	Responder	0.354780695305264	0.784833848077708	0.654718715274387	0.929890372502545	sample_2022120210049
HROV.vOTU02401	Responder_Status	Responder	0.184565031290373	0.409490391670867	0.655663219976536	0.929950126699399	sample_2022120210049
HROV.vOTU32303	Responder_Status	Responder	0.424868159752522	0.944620376233291	0.656334314372365	0.929950126699399	sample_2022120210049
HROV.vOTU42257	Responder_Status	Responder	0.456921240745331	1.01415729038953	0.65578859477054	0.929950126699399	sample_2022120210049
HROV.vOTU53905	Responder_Status	Responder	-0.284403961370578	0.632829254518422	0.656590828853559	0.929950126699399	sample_2022120210049
HROV.vOTU67635	Responder_Status	Responder	0.414582797933864	0.920482203461237	0.65589212333597	0.929950126699399	sample_2022120210049
HROV.vOTU34352	Responder_Status	Responder	-0.608635762452172	1.3517813216589	0.655999101461545	0.929950126699399	sample_2022120210049
HROV.vOTU26256	Responder_Status	Responder	-0.322667027237873	0.717876793220584	0.65654984548435	0.929950126699399	sample_2022120210049
HROV.vOTU09635	Responder_Status	Responder	-0.2540798287753	0.564017074831933	0.655831512513977	0.929950126699399	sample_2022120210049
HROV.vOTU21069	Responder_Status	Responder	0.357819096548461	0.795252271197161	0.656214978500553	0.929950126699399	sample_2022120210049
HROV.vOTU00374	Responder_Status	Responder	0.429112032204957	0.953345310848087	0.656095503940151	0.929950126699399	sample_2022120210049
HROV.vOTU71281	Responder_Status	Responder	-0.286598479140661	0.638773004023131	0.657122663559115	0.93006328040574	sample_2022120210049
HROV.vOTU58024	Responder_Status	Responder	-0.25014758634762	0.558014488057188	0.657399800095336	0.93006328040574	sample_2022120210049
HROV.vOTU24693	Responder_Status	Responder	-0.176077247901815	0.393236723143143	0.657768789283339	0.930270191780355	sample_2022120210049
HROV.vOTU56171	Responder_Status	Responder	-0.426350654313709	0.952985678585775	0.658039697581004	0.930328906772085	sample_2022120210049
HROV.vOTU29302	Responder_Status	Responder	0.72127651700911	1.61636282149802	0.658859963807587	0.930818831678891	sample_2022120210049
HROV.vOTU41561	Responder_Status	Responder	-0.27141900106896	0.609917242156061	0.659734146071672	0.931109560465852	sample_2022120210049
HROV.vOTU74911	Responder_Status	Responder	-0.279449544692551	0.627982042691221	0.659743770505225	0.931109560465852	sample_2022120210049
HROV.vOTU33821	Responder_Status	Responder	0.44058006598768	0.990803932212673	0.659977116517863	0.931164943955711	sample_2022120210049
HROV.vOTU33597	Responder_Status	Responder	-0.372634699778177	0.839338785677805	0.660482103958143	0.931164943955711	sample_2022120210049
HROV.vOTU61101	Responder_Status	Responder	-0.791116415378473	1.78021930348725	0.660174645727006	0.931164943955711	sample_2022120210049
HROV.vOTU51173	Responder_Status	Responder	0.652814295271302	1.46949754441912	0.660281397582401	0.931164943955711	sample_2022120210049
HROV.vOTU57641	Responder_Status	Responder	0.145029015293213	0.32651367440678	0.66033053901525	0.931164943955711	sample_2022120210049
HROV.vOTU28752	Responder_Status	Responder	0.362335951120174	0.817066498778237	0.660841192510421	0.931256425157567	sample_2022120210049
HROV.vOTU68906	Responder_Status	Responder	-0.282650657873841	0.637674743020163	0.660989438659917	0.9313978933656	sample_2022120210049
HROV.vOTU13420	Responder_Status	Responder	-0.368964792311628	0.833383062488095	0.661361584149092	0.931422779893628	sample_2022120210049
HROV.vOTU50767	Responder_Status	Responder	-0.46752415782741	1.05965273595454	0.662452806942809	0.93201460143517	sample_2022120210049
HROV.vOTU42237	Responder_Status	Responder	0.515302859097487	1.17115883772389	0.663319216976032	0.932421258219173	sample_2022120210049
HROV.vOTU31042	Responder_Status	Responder	-0.459821507810307	1.04565857013237	0.663498519875263	0.932604173352297	sample_2022120210049
HROV.vOTU22969	Responder_Status	Responder	-0.416354635284595	0.949075571570435	0.664249113644493	0.933001991218606	sample_2022120210049
HROV.vOTU07438	Responder_Status	Responder	-0.323592045049178	0.738695145919544	0.664704527531057	0.933001991218606	sample_2022120210049
HROV.vOTU46797	Responder_Status	Responder	0.274971172508609	0.626636269113924	0.664170247326785	0.933001991218606	sample_2022120210049
HROV.vOTU15157	Responder_Status	Responder	0.207728485416598	0.473550042032751	0.664272571634222	0.933001991218606	sample_2022120210049
HROV.vOTU50116	Responder_Status	Responder	-0.298136708869039	0.68279347217355	0.665719316477836	0.933103026685136	sample_2022120210049
HROV.vOTU16799	Responder_Status	Responder	0.403835048397166	0.924632203637114	0.665640839128251	0.933103026685136	sample_2022120210049
HROV.vOTU25865	Responder_Status	Responder	-0.57617605438447	1.31836130545933	0.665434832196814	0.933103026685136	sample_2022120210049
HROV.vOTU17522	Responder_Status	Responder	-0.209441518091467	0.479950462428423	0.665906422929269	0.933103026685136	sample_2022120210049
HROV.vOTU01341	Responder_Status	Responder	-0.313672950899478	0.719951432555606	0.666404847512947	0.933603079473659	sample_2022120210049
HROV.vOTU15824	Responder_Status	Responder	0.194358888919292	0.446190396678157	0.666469348609878	0.933630664848169	sample_2022120210049
HROV.vOTU44531	Responder_Status	Responder	0.310702176083283	0.713670329319424	0.666640139975175	0.933744357403884	sample_2022120210049
HROV.vOTU33751	Responder_Status	Responder	-0.292543939093705	0.67218194535308	0.666742485756968	0.933762546434932	sample_2022120210049
HROV.vOTU26731	Responder_Status	Responder	-0.362905192361591	0.834569966495849	0.667011052696347	0.933812212730025	sample_2022120210049
HROV.vOTU70727	Responder_Status	Responder	-0.352782909110554	0.812962492218808	0.667652134294401	0.934060068988327	sample_2022120210049
HROV.vOTU23555	Responder_Status	Responder	0.465431214992306	1.07335002029449	0.667883570471418	0.934217858608068	sample_2022120210049
HROV.vOTU74563	Responder_Status	Responder	-0.380028965399241	0.879406698533333	0.668947756723638	0.934871012133292	sample_2022120210049
HROV.vOTU06429	Responder_Status	Responder	-0.181381968625877	0.41975747871325	0.668970094547408	0.934871012133292	sample_2022120210049
HROV.vOTU42454	Responder_Status	Responder	-0.208569994587541	0.482832934552589	0.669070633450383	0.934948802678653	sample_2022120210049
HROV.vOTU12943	Responder_Status	Responder	0.331459884152568	0.768865600252335	0.66969474662318	0.935193972454464	sample_2022120210049
HROV.vOTU01415	Responder_Status	Responder	0.406059838211816	0.943934282643891	0.670359043649083	0.935265573105686	sample_2022120210049
HROV.vOTU10171	Responder_Status	Responder	-0.239168901568206	0.559032293443258	0.672050041249945	0.935265573105686	sample_2022120210049
HROV.vOTU54265	Responder_Status	Responder	0.413640231454996	0.96617398002212	0.671837613320069	0.935265573105686	sample_2022120210049
HROV.vOTU43876	Responder_Status	Responder	-0.194800067773948	0.455503329069277	0.672170703138268	0.935265573105686	sample_2022120210049
HROV.vOTU07684	Responder_Status	Responder	0.280362286287683	0.656106823401982	0.672420395559988	0.935265573105686	sample_2022120210049
HROV.vOTU06113	Responder_Status	Responder	-0.392522448071285	0.914956159005627	0.671201099617012	0.935265573105686	sample_2022120210049
HROV.vOTU49019	Responder_Status	Responder	0.293164285049041	0.681902926463766	0.670543941088972	0.935265573105686	sample_2022120210049
HROV.vOTU61105	Responder_Status	Responder	-0.517302984969555	1.20941919103179	0.672120689272716	0.935265573105686	sample_2022120210049
HROV.vOTU74522	Responder_Status	Responder	-0.38589341336099	0.902727935029144	0.672303226506611	0.935265573105686	sample_2022120210049
HROV.vOTU31636	Responder_Status	Responder	-0.160832877903878	0.375923432271018	0.672044637886963	0.935265573105686	sample_2022120210049
HROV.vOTU05876	Responder_Status	Responder	0.483024308373558	1.12366502543383	0.670584060896785	0.935265573105686	sample_2022120210049
HROV.vOTU21507	Responder_Status	Responder	-0.144523717520115	0.33704224445398	0.671349842277705	0.935265573105686	sample_2022120210049
HROV.vOTU56648	Responder_Status	Responder	-0.219858642839022	0.511916068691355	0.670859565027428	0.935265573105686	sample_2022120210049
HROV.vOTU22499	Responder_Status	Responder	-0.374173080417868	0.884492876948165	0.675499919735287	0.935735800653932	sample_2022120210049
HROV.vOTU66995	Responder_Status	Responder	-0.31986941566657	0.755577911958894	0.675278437239511	0.935735800653932	sample_2022120210049
HROV.vOTU18043	Responder_Status	Responder	0.264326764856141	0.624975467106405	0.675570165599401	0.935735800653932	sample_2022120210049
HROV.vOTU00955	Responder_Status	Responder	-0.502865996849082	1.19011827075043	0.675862179002277	0.935735800653932	sample_2022120210049
HROV.vOTU24052	Responder_Status	Responder	-0.422328261639913	0.995686470046265	0.674691840957349	0.935735800653932	sample_2022120210049
HROV.vOTU18806	Responder_Status	Responder	-0.288016837823557	0.676515288123965	0.673555024118612	0.935735800653932	sample_2022120210049
HROV.vOTU35848	Responder_Status	Responder	-0.366551039815277	0.862891588774038	0.674233586163079	0.935735800653932	sample_2022120210049
HROV.vOTU41205	Responder_Status	Responder	0.380015839060446	0.893059811366372	0.673709677808502	0.935735800653932	sample_2022120210049
HROV.vOTU01160	Responder_Status	Responder	-0.135860444934539	0.319677905382277	0.67409107503688	0.935735800653932	sample_2022120210049
HROV.vOTU60104	Responder_Status	Responder	0.357393475394828	0.84539107020976	0.675703001474564	0.935735800653932	sample_2022120210049
HROV.vOTU18238	Responder_Status	Responder	-0.299380040925595	0.707226062182207	0.675298729383456	0.935735800653932	sample_2022120210049
HROV.vOTU14654	Responder_Status	Responder	0.102432968069174	0.242330379585363	0.675743058619369	0.935735800653932	sample_2022120210049
HROV.vOTU61873	Responder_Status	Responder	0.224866461661245	0.533507952404645	0.676618034173818	0.935735800653932	sample_2022120210049
HROV.vOTU25110	Responder_Status	Responder	-0.407352872392492	0.968084496355798	0.677126236502147	0.935789461697476	sample_2022120210049
HROV.vOTU02709	Responder_Status	Responder	0.229462356638943	0.545326316664258	0.677128002138284	0.935789461697476	sample_2022120210049
HROV.vOTU18061	Responder_Status	Responder	0.361282652592985	0.859341830789181	0.677389319486615	0.935935608824456	sample_2022120210049
HROV.vOTU49670	Responder_Status	Responder	0.333974184446624	0.796806102410143	0.678311181546498	0.935935608824456	sample_2022120210049
HROV.vOTU06476	Responder_Status	Responder	0.439523540147147	1.04631775817479	0.677642614966345	0.935935608824456	sample_2022120210049
HROV.vOTU28506	Responder_Status	Responder	-0.253452028965213	0.603907824733688	0.677917240686837	0.935935608824456	sample_2022120210049
HROV.vOTU21695	Responder_Status	Responder	-0.334171055341308	0.79866045196843	0.678836087766345	0.936108415562368	sample_2022120210049
HROV.vOTU56795	Responder_Status	Responder	0.473599610930291	1.13291048653834	0.679108076795394	0.936108415562368	sample_2022120210049
HROV.vOTU18749	Responder_Status	Responder	0.29483947481843	0.704938253984354	0.678955856965369	0.936108415562368	sample_2022120210049
HROV.vOTU09408	Responder_Status	Responder	0.285912515064768	0.685695687064572	0.679882073378037	0.936242101707297	sample_2022120210049
HROV.vOTU40268	Responder_Status	Responder	-0.480263311983287	1.15350658890024	0.680327680752127	0.936539186965423	sample_2022120210049
HROV.vOTU70339	Responder_Status	Responder	0.164622296430459	0.395576931252406	0.680467430653138	0.936552973818082	sample_2022120210049
HROV.vOTU09776	Responder_Status	Responder	0.655932783370701	1.57698028491209	0.680623053192071	0.936581554273614	sample_2022120210049
HROV.vOTU75404	Responder_Status	Responder	-0.274105448782363	0.65925271567969	0.680738939644149	0.936617302217912	sample_2022120210049
HROV.vOTU31842	Responder_Status	Responder	0.427748019988153	1.03128460665172	0.681469614961383	0.936642530401542	sample_2022120210049
HROV.vOTU06882	Responder_Status	Responder	0.365666494465273	0.88107599758204	0.681288287347201	0.936642530401542	sample_2022120210049
HROV.vOTU40298	Responder_Status	Responder	-0.444147122226183	1.07193219240783	0.68178041360458	0.936689410976025	sample_2022120210049
HROV.vOTU57545	Responder_Status	Responder	-0.139088106135082	0.33606989968983	0.682124906738615	0.936853818846345	sample_2022120210049
HROV.vOTU17609	Responder_Status	Responder	-0.248244693682063	0.600807716468611	0.682618415346823	0.937180645783661	sample_2022120210049
HROV.vOTU16313	Responder_Status	Responder	-0.371906000166484	0.899981770535632	0.682580524761332	0.937180645783661	sample_2022120210049
HROV.vOTU02375	Responder_Status	Responder	0.145105986249136	0.351205796806688	0.682632756439301	0.937180645783661	sample_2022120210049
HROV.vOTU30174	Responder_Status	Responder	-0.236859819861484	0.574108429169756	0.683063848366419	0.937289585121762	sample_2022120210049
HROV.vOTU65612	Responder_Status	Responder	0.189473713630624	0.459387732273021	0.683151835675017	0.937337405089824	sample_2022120210049
HROV.vOTU71347	Responder_Status	Responder	0.59593882110173	1.44582631222825	0.683347151655933	0.937420193886711	sample_2022120210049
HROV.vOTU43200	Responder_Status	Responder	-0.227490705511382	0.552259395861559	0.683529298953932	0.937484888664682	sample_2022120210049
HROV.vOTU38514	Responder_Status	Responder	-0.329046908988429	0.798991183098844	0.683601247185714	0.937504318670888	sample_2022120210049
HROV.vOTU39206	Responder_Status	Responder	0.261682693479059	0.636632842697373	0.684170928014519	0.937648629182622	sample_2022120210049
HROV.vOTU06163	Responder_Status	Responder	0.501613459827172	1.22267528121899	0.684738372239982	0.938057569616412	sample_2022120210049
HROV.vOTU11680	Responder_Status	Responder	0.40063652862613	0.97817217866078	0.685233050280535	0.93809255552894	sample_2022120210049
HROV.vOTU16037	Responder_Status	Responder	0.342250926997929	0.836704570346201	0.685617711364508	0.938187640633096	sample_2022120210049
HROV.vOTU48328	Responder_Status	Responder	-0.461742362174198	1.13218103648718	0.68649700475329	0.938254667353217	sample_2022120210049
HROV.vOTU12907	Responder_Status	Responder	0.412873688784709	1.01255382492336	0.686554760648382	0.938254667353217	sample_2022120210049
HROV.vOTU63670	Responder_Status	Responder	-0.292600690997814	0.717018505689873	0.68631899439181	0.938254667353217	sample_2022120210049
HROV.vOTU02230	Responder_Status	Responder	-0.311145754405231	0.763035362362118	0.686541047434285	0.938254667353217	sample_2022120210049
HROV.vOTU07169	Responder_Status	Responder	0.393529072778789	0.963665650384922	0.686110658673831	0.938254667353217	sample_2022120210049
HROV.vOTU09485	Responder_Status	Responder	0.286212833359495	0.703750688757426	0.687323097745252	0.938794856530899	sample_2022120210049
HROV.vOTU37474	Responder_Status	Responder	0.418983029833987	1.03126400627873	0.687624649518193	0.938802127680689	sample_2022120210049
HROV.vOTU08047	Responder_Status	Responder	0.273162225717106	0.673115817487647	0.687961259844436	0.938802127680689	sample_2022120210049
HROV.vOTU50392	Responder_Status	Responder	-0.300533620180591	0.742151603509001	0.688592172680362	0.93886023191341	sample_2022120210049
HROV.vOTU25224	Responder_Status	Responder	-0.120849802067315	0.298458652476072	0.688618365799669	0.93886023191341	sample_2022120210049
HROV.vOTU44936	Responder_Status	Responder	0.337272067784117	0.833684539084252	0.688877828394217	0.93886023191341	sample_2022120210049
HROV.vOTU11407	Responder_Status	Responder	0.400039637070025	0.98816936855935	0.688679420356087	0.93886023191341	sample_2022120210049
HROV.vOTU67070	Responder_Status	Responder	-0.185213363770905	0.458593879449043	0.689374740288057	0.93938016441476	sample_2022120210049
HROV.vOTU67370	Responder_Status	Responder	0.554735721244933	1.38188287263862	0.69114757764799	0.939541934902098	sample_2022120210049
HROV.vOTU39462	Responder_Status	Responder	-0.498291909742284	1.2391884983889	0.690655184435536	0.939541934902098	sample_2022120210049
HROV.vOTU07848	Responder_Status	Responder	-0.406508541524072	1.00862379053882	0.68998504114778	0.939541934902098	sample_2022120210049
HROV.vOTU06266	Responder_Status	Responder	-0.196891126844616	0.488269677213694	0.68983254937825	0.939541934902098	sample_2022120210049
HROV.vOTU11263	Responder_Status	Responder	-0.327193831841145	0.815237724951786	0.691210835545532	0.939541934902098	sample_2022120210049
HROV.vOTU05584	Responder_Status	Responder	-0.410630803042071	1.02109023972893	0.690627610374966	0.939541934902098	sample_2022120210049
HROV.vOTU19568	Responder_Status	Responder	0.329397758437211	0.821577866266318	0.691512600197962	0.939541934902098	sample_2022120210049
HROV.vOTU05429	Responder_Status	Responder	0.179415500518644	0.447389865321672	0.691444120398929	0.939541934902098	sample_2022120210049
HROV.vOTU05763	Responder_Status	Responder	-0.463309969064442	1.15836418329875	0.692214284157331	0.939818870636631	sample_2022120210049
HROV.vOTU02442	Responder_Status	Responder	0.398181563522295	0.995142668520308	0.692100758622322	0.939818870636631	sample_2022120210049
HROV.vOTU26524	Responder_Status	Responder	-0.169171784935594	0.422985959429341	0.692230741988566	0.939818870636631	sample_2022120210049
HROV.vOTU19458	Responder_Status	Responder	0.140914847146629	0.352994578218096	0.692775619326156	0.939834615748174	sample_2022120210049
HROV.vOTU58927	Responder_Status	Responder	0.17150765127723	0.429827759014502	0.692909272072399	0.939893534090392	sample_2022120210049
HROV.vOTU30941	Responder_Status	Responder	-0.312383364156334	0.78795672897482	0.694780350232291	0.93995687238513	sample_2022120210049
HROV.vOTU03488	Responder_Status	Responder	-0.297652540062351	0.747933652467493	0.69367301753131	0.93995687238513	sample_2022120210049
HROV.vOTU03137	Responder_Status	Responder	-0.495069198081568	1.24827332748731	0.694666721949569	0.93995687238513	sample_2022120210049
HROV.vOTU56918	Responder_Status	Responder	-0.567997484869645	1.42515469754706	0.693246815216105	0.93995687238513	sample_2022120210049
HROV.vOTU13478	Responder_Status	Responder	0.420800455540542	1.05946930782671	0.694245928543734	0.93995687238513	sample_2022120210049
HROV.vOTU10032	Responder_Status	Responder	0.441709280010897	1.10949147703146	0.69356213221206	0.93995687238513	sample_2022120210049
HROV.vOTU05119	Responder_Status	Responder	-0.237980779404232	0.596953281027746	0.693168494658773	0.93995687238513	sample_2022120210049
HROV.vOTU71516	Responder_Status	Responder	-0.326707783673746	0.824699195281854	0.694994353918745	0.940020092159217	sample_2022120210049
HROV.vOTU48217	Responder_Status	Responder	0.208826099560709	0.527534028731847	0.695213539436879	0.940142408915907	sample_2022120210049
HROV.vOTU17949	Responder_Status	Responder	0.447343593704419	1.13216981681878	0.695748027227681	0.940271559414817	sample_2022120210049
HROV.vOTU20181	Responder_Status	Responder	-0.238242812359035	0.602495545025023	0.695524729281641	0.940271559414817	sample_2022120210049
HROV.vOTU34645	Responder_Status	Responder	0.319449014722445	0.809199022568405	0.696002439391868	0.940293789698455	sample_2022120210049
HROV.vOTU60097	Responder_Status	Responder	0.172047975477672	0.437290854727952	0.696974058513572	0.94036426952484	sample_2022120210049
HROV.vOTU46594	Responder_Status	Responder	-0.428445758265238	1.08708219738356	0.696474833050926	0.94036426952484	sample_2022120210049
HROV.vOTU64638	Responder_Status	Responder	-0.306460124405346	0.778912462949029	0.69696999175507	0.94036426952484	sample_2022120210049
HROV.vOTU66534	Responder_Status	Responder	0.180538544060262	0.457772403872357	0.696284782261244	0.94036426952484	sample_2022120210049
HROV.vOTU63708	Responder_Status	Responder	0.338873417945541	0.860239469112549	0.696617419854587	0.94036426952484	sample_2022120210049
HROV.vOTU37691	Responder_Status	Responder	0.106614129395909	0.270533673462165	0.696501344266019	0.94036426952484	sample_2022120210049
HROV.vOTU51438	Responder_Status	Responder	0.187557868604056	0.477255443963146	0.697301127192655	0.940517077785592	sample_2022120210049
HROV.vOTU09585	Responder_Status	Responder	-0.431654440921279	1.09908351758896	0.697485341510421	0.940528580051105	sample_2022120210049
HROV.vOTU18912	Responder_Status	Responder	0.186178017142397	0.474610992827967	0.697825205360274	0.94074332925793	sample_2022120210049
HROV.vOTU06176	Responder_Status	Responder	-0.504924936748889	1.28711265118897	0.697812239672214	0.94074332925793	sample_2022120210049
HROV.vOTU27284	Responder_Status	Responder	0.153923807439205	0.393304823621124	0.698493554059474	0.940792113183086	sample_2022120210049
HROV.vOTU53543	Responder_Status	Responder	0.167272839400426	0.427065892544461	0.698260382864676	0.940792113183086	sample_2022120210049
HROV.vOTU46349	Responder_Status	Responder	-0.506407949568408	1.29743032181137	0.699256497110715	0.94103176683761	sample_2022120210049
HROV.vOTU73063	Responder_Status	Responder	-0.254490217108868	0.652221949167462	0.699348974212314	0.94103176683761	sample_2022120210049
HROV.vOTU73667	Responder_Status	Responder	0.198196112276652	0.508261692633283	0.699524893630933	0.941099188208404	sample_2022120210049
HROV.vOTU08500	Responder_Status	Responder	-0.297884458813018	0.76713187632198	0.700723963920012	0.941502789867631	sample_2022120210049
HROV.vOTU74379	Responder_Status	Responder	0.155915435910395	0.401544155217108	0.70073836152999	0.941502789867631	sample_2022120210049
HROV.vOTU21945	Responder_Status	Responder	0.226593474898272	0.583964543986025	0.700931178104772	0.941640408524916	sample_2022120210049
HROV.vOTU01582	Responder_Status	Responder	0.527082063157812	1.36236491316751	0.70176433180108	0.941702049767472	sample_2022120210049
HROV.vOTU11718	Responder_Status	Responder	-0.357257720940282	0.92403397748031	0.701954096516324	0.941702049767472	sample_2022120210049
HROV.vOTU15235	Responder_Status	Responder	-0.257146914808302	0.664560245033432	0.701723788357409	0.941702049767472	sample_2022120210049
HROV.vOTU43884	Responder_Status	Responder	-0.243606850310788	0.629167381275573	0.701543528749041	0.941702049767472	sample_2022120210049
HROV.vOTU29020	Responder_Status	Responder	0.371741827363307	0.963282717239963	0.702478963126378	0.941918273387287	sample_2022120210049
HROV.vOTU56560	Responder_Status	Responder	0.19953363511262	0.516804424457269	0.702347351729997	0.941918273387287	sample_2022120210049
HROV.vOTU44189	Responder_Status	Responder	-0.375390260862803	0.972789469209864	0.702494266866573	0.941918273387287	sample_2022120210049
HROV.vOTU57667	Responder_Status	Responder	0.228677684789413	0.592552035443761	0.702472696246455	0.941918273387287	sample_2022120210049
HROV.vOTU23130	Responder_Status	Responder	0.112683084351619	0.292101646713188	0.702584966789453	0.941918652793145	sample_2022120210049
HROV.vOTU29735	Responder_Status	Responder	0.456714853544838	1.18547481140193	0.702956769577401	0.941951236627794	sample_2022120210049
HROV.vOTU69810	Responder_Status	Responder	0.494528030531477	1.28522816606428	0.703308824487506	0.941951236627794	sample_2022120210049
HROV.vOTU00724	Responder_Status	Responder	-0.316972136192742	0.823674694091204	0.703273329146324	0.941951236627794	sample_2022120210049
HROV.vOTU35802	Responder_Status	Responder	-0.308973025652076	0.805991098221621	0.704358859467714	0.941993506451622	sample_2022120210049
HROV.vOTU62594	Responder_Status	Responder	0.327451555759483	0.853449593064636	0.704113644365322	0.941993506451622	sample_2022120210049
HROV.vOTU47650	Responder_Status	Responder	-0.261169146717096	0.681272161559478	0.704351802756416	0.941993506451622	sample_2022120210049
HROV.vOTU63975	Responder_Status	Responder	0.512728232892216	1.34267235920777	0.705439613475926	0.942432954256195	sample_2022120210049
HROV.vOTU65910	Responder_Status	Responder	0.57600048450252	1.51308122617542	0.706313294389833	0.942432954256195	sample_2022120210049
HROV.vOTU07415	Responder_Status	Responder	-0.187817955261102	0.493378776963836	0.706315842606695	0.942432954256195	sample_2022120210049
HROV.vOTU36674	Responder_Status	Responder	0.244677134860816	0.641579861581971	0.705809907182303	0.942432954256195	sample_2022120210049
HROV.vOTU09705	Responder_Status	Responder	-0.113007906098914	0.296329273598469	0.705815312439864	0.942432954256195	sample_2022120210049
HROV.vOTU57517	Responder_Status	Responder	-0.379785887754888	0.998435979510089	0.706533191375874	0.942541877469351	sample_2022120210049
HROV.vOTU33245	Responder_Status	Responder	-0.574962930860544	1.51153607726365	0.706531437890094	0.942541877469351	sample_2022120210049
HROV.vOTU67626	Responder_Status	Responder	-0.318346011119579	0.837683414239692	0.70678961437059	0.942763227619157	sample_2022120210049
HROV.vOTU21655	Responder_Status	Responder	-0.441684242999192	1.16275457914831	0.706915244321808	0.942782312351339	sample_2022120210049
HROV.vOTU67284	Responder_Status	Responder	0.229602546463808	0.604840058467353	0.707099891357924	0.942782312351339	sample_2022120210049
HROV.vOTU00709	Responder_Status	Responder	-0.333745347793771	0.879379608499987	0.707162331941124	0.942782312351339	sample_2022120210049
HROV.vOTU17468	Responder_Status	Responder	-0.422510348300495	1.11408234670866	0.70736676489239	0.942790406377134	sample_2022120210049
HROV.vOTU25356	Responder_Status	Responder	-0.390499039768187	1.02978519382639	0.707396723190346	0.942790406377134	sample_2022120210049
HROV.vOTU19927	Responder_Status	Responder	-0.284432948201974	0.750402436141413	0.707517000976509	0.942815968672424	sample_2022120210049
HROV.vOTU37764	Responder_Status	Responder	-0.255928956914581	0.678501030029173	0.708870641167811	0.943776987595655	sample_2022120210049
HROV.vOTU38487	Responder_Status	Responder	0.420505822008248	1.11597595660054	0.709158796172712	0.943868884518875	sample_2022120210049
HROV.vOTU30479	Responder_Status	Responder	0.481543861497905	1.27976898383261	0.70954934548653	0.944028266705774	sample_2022120210049
HROV.vOTU25170	Responder_Status	Responder	-0.455208155669739	1.21029033036854	0.709666372831913	0.944061989398091	sample_2022120210049
HROV.vOTU24198	Responder_Status	Responder	-0.380332943715106	1.01221041008758	0.709938292543247	0.944185774353962	sample_2022120210049
HROV.vOTU45083	Responder_Status	Responder	-0.153860670356829	0.411392910031387	0.711222060453065	0.94447690160621	sample_2022120210049
HROV.vOTU44031	Responder_Status	Responder	-0.367572523716762	0.983555680345123	0.71142898721654	0.94447690160621	sample_2022120210049
HROV.vOTU53239	Responder_Status	Responder	-0.339466894558573	0.907886014573126	0.711288394820193	0.94447690160621	sample_2022120210049
HROV.vOTU00478	Responder_Status	Responder	0.458003669630498	1.22469047070479	0.711239924627044	0.94447690160621	sample_2022120210049
HROV.vOTU45038	Responder_Status	Responder	-0.402852706450834	1.07892554227826	0.711675354753206	0.94447690160621	sample_2022120210049
HROV.vOTU58106	Responder_Status	Responder	0.390098386299081	1.0473464570855	0.712352213175217	0.94447690160621	sample_2022120210049
HROV.vOTU07891	Responder_Status	Responder	-0.220821680605163	0.592440677696983	0.712154518975346	0.94447690160621	sample_2022120210049
HROV.vOTU28339	Responder_Status	Responder	0.259148199876592	0.694198509611881	0.711732471729019	0.94447690160621	sample_2022120210049
HROV.vOTU36381	Responder_Status	Responder	-0.189649558888302	0.506695094169511	0.711010187734949	0.94447690160621	sample_2022120210049
HROV.vOTU31353	Responder_Status	Responder	-0.169579297982155	0.453434474122588	0.711229992474956	0.94447690160621	sample_2022120210049
HROV.vOTU23806	Responder_Status	Responder	-0.288742053569894	0.771362491945103	0.710980779736792	0.94447690160621	sample_2022120210049
HROV.vOTU45763	Responder_Status	Responder	-0.49091949605551	1.31945273444282	0.71264711353176	0.944533565900641	sample_2022120210049
HROV.vOTU13649	Responder_Status	Responder	0.3717027086358	0.998809537026233	0.712586177920412	0.944533565900641	sample_2022120210049
HROV.vOTU03761	Responder_Status	Responder	-0.265038742341631	0.712310814770307	0.7126323658157	0.944533565900641	sample_2022120210049
HROV.vOTU65832	Responder_Status	Responder	-0.322486862843341	0.868259240521791	0.713122217008019	0.944712349405626	sample_2022120210049
HROV.vOTU39228	Responder_Status	Responder	0.403423418674814	1.08707162399923	0.71334864970974	0.944738057252888	sample_2022120210049
HROV.vOTU04887	Responder_Status	Responder	-0.32499147882695	0.876348496360541	0.713542312019532	0.944782119382902	sample_2022120210049
HROV.vOTU40626	Responder_Status	Responder	-0.431630527606648	1.16381440900792	0.713521370240824	0.944782119382902	sample_2022120210049
HROV.vOTU19549	Responder_Status	Responder	-0.291385310677021	0.787209738148184	0.714056338531665	0.945035455280166	sample_2022120210049
HROV.vOTU16457	Responder_Status	Responder	-0.138463782470057	0.374199819878829	0.714147112507784	0.945035455280166	sample_2022120210049
HROV.vOTU09783	Responder_Status	Responder	-0.381230052887083	1.03183282547447	0.714557920471552	0.94522897922233	sample_2022120210049
HROV.vOTU72850	Responder_Status	Responder	0.333612684684813	0.902967448871088	0.714562515361754	0.94522897922233	sample_2022120210049
HROV.vOTU38904	Responder_Status	Responder	-0.26625206018205	0.721080254502652	0.714726158217363	0.945240542494525	sample_2022120210049
HROV.vOTU37908	Responder_Status	Responder	0.368469167285946	0.999503052879685	0.715159694314519	0.945440722317886	sample_2022120210049
HROV.vOTU02641	Responder_Status	Responder	-0.479389714193	1.30245172317638	0.715591140094908	0.945724161362347	sample_2022120210049
HROV.vOTU22871	Responder_Status	Responder	0.228382553365833	0.621675407034717	0.716108034106544	0.946167219900427	sample_2022120210049
HROV.vOTU66153	Responder_Status	Responder	-0.315018469591937	0.859804611676921	0.716832760226782	0.946276208222856	sample_2022120210049
HROV.vOTU38073	Responder_Status	Responder	-0.140382404294687	0.383884130069166	0.717345063102778	0.946281496245059	sample_2022120210049
HROV.vOTU50970	Responder_Status	Responder	0.37775698327396	1.03224348034733	0.717147490686007	0.946281496245059	sample_2022120210049
HROV.vOTU22387	Responder_Status	Responder	-0.151497124953049	0.41404613981483	0.717193938020119	0.946281496245059	sample_2022120210049
HROV.vOTU59663	Responder_Status	Responder	0.108499784146966	0.297216238782727	0.717814616308626	0.946381543427844	sample_2022120210049
HROV.vOTU65229	Responder_Status	Responder	0.366865775059123	1.00918801986004	0.71894262836065	0.946876101802351	sample_2022120210049
HROV.vOTU75645	Responder_Status	Responder	-0.248095342025485	0.682880021454246	0.719103892733141	0.946925382640154	sample_2022120210049
HROV.vOTU28977	Responder_Status	Responder	0.314501922518163	0.865767344633151	0.719136084929933	0.946925382640154	sample_2022120210049
HROV.vOTU12852	Responder_Status	Responder	0.303818767409499	0.838076011296314	0.719686061738767	0.947170683868815	sample_2022120210049
HROV.vOTU41414	Responder_Status	Responder	0.198335389214355	0.549304139290044	0.720759746793101	0.947626006463953	sample_2022120210049
HROV.vOTU59579	Responder_Status	Responder	-0.31476124909353	0.872131970933475	0.720875452807599	0.947658531090057	sample_2022120210049
HROV.vOTU31292	Responder_Status	Responder	0.292607047085078	0.811309727132553	0.721060303620568	0.947824463913791	sample_2022120210049
HROV.vOTU12332	Responder_Status	Responder	-0.270323451291543	0.749973962982999	0.721220254659394	0.947824463913791	sample_2022120210049
HROV.vOTU08027	Responder_Status	Responder	-0.215200000952513	0.598842072738479	0.722021682803494	0.948169369242836	sample_2022120210049
HROV.vOTU62711	Responder_Status	Responder	0.206418892758266	0.574974069270558	0.722284031715529	0.948194052094578	sample_2022120210049
HROV.vOTU40089	Responder_Status	Responder	-0.242315393390447	0.677500292627218	0.723279099451609	0.948484393068623	sample_2022120210049
HROV.vOTU31355	Responder_Status	Responder	-0.400698342193466	1.1210672820154	0.72345318207643	0.948484600130869	sample_2022120210049
HROV.vOTU73274	Responder_Status	Responder	0.228223902924284	0.640314967870674	0.724194589116583	0.948570906332727	sample_2022120210049
HROV.vOTU20871	Responder_Status	Responder	0.340990271299699	0.956029809431789	0.72401032992852	0.948570906332727	sample_2022120210049
HROV.vOTU51606	Responder_Status	Responder	0.112805955484837	0.316584317873346	0.724270456087678	0.948590328928009	sample_2022120210049
HROV.vOTU17380	Responder_Status	Responder	0.299441901691263	0.841880945269057	0.724744476868836	0.948862310111777	sample_2022120210049
HROV.vOTU49940	Responder_Status	Responder	-0.336799538355282	0.946936721368571	0.724751370440068	0.948862310111777	sample_2022120210049
HROV.vOTU43603	Responder_Status	Responder	-0.134537108749402	0.379986865665612	0.72594837276889	0.949109951105201	sample_2022120210049
HROV.vOTU36848	Responder_Status	Responder	0.289782434713314	0.816454274064086	0.725303130193509	0.949109951105201	sample_2022120210049
HROV.vOTU14674	Responder_Status	Responder	0.258406504528773	0.729885825499168	0.725963474725888	0.949109951105201	sample_2022120210049
HROV.vOTU03164	Responder_Status	Responder	0.162853368391112	0.459158109280771	0.725488192461516	0.949109951105201	sample_2022120210049
HROV.vOTU22902	Responder_Status	Responder	-0.46841389716774	1.32106451326303	0.725566094537612	0.949109951105201	sample_2022120210049
HROV.vOTU33481	Responder_Status	Responder	0.400781400128917	1.13173595525266	0.725894625524828	0.949109951105201	sample_2022120210049
HROV.vOTU42430	Responder_Status	Responder	-0.322616246702724	0.91398099820044	0.726747612612855	0.949506898400253	sample_2022120210049
HROV.vOTU05759	Responder_Status	Responder	-0.252621100834599	0.716792995089986	0.727153043887002	0.94974899611829	sample_2022120210049
HROV.vOTU29180	Responder_Status	Responder	-0.298983411280107	0.848589297946395	0.727229063870904	0.949778571162182	sample_2022120210049
HROV.vOTU74699	Responder_Status	Responder	-0.270568153967201	0.77156817530221	0.728458292979161	0.949871927439197	sample_2022120210049
HROV.vOTU41845	Responder_Status	Responder	-0.375642816708401	1.06962355447264	0.728073491592326	0.949871927439197	sample_2022120210049
HROV.vOTU69787	Responder_Status	Responder	0.231856574611459	0.659343545106591	0.727735188792483	0.949871927439197	sample_2022120210049
HROV.vOTU60669	Responder_Status	Responder	-0.281995551871869	0.801371387475274	0.727554470597279	0.949871927439197	sample_2022120210049
HROV.vOTU45833	Responder_Status	Responder	-0.241535960999899	0.687167709032078	0.727848454090889	0.949871927439197	sample_2022120210049
HROV.vOTU67489	Responder_Status	Responder	0.182662695908727	0.520688925994191	0.728356918265845	0.949871927439197	sample_2022120210049
HROV.vOTU41636	Responder_Status	Responder	-0.276258738338718	0.787481883866704	0.728354562152913	0.949871927439197	sample_2022120210049
HROV.vOTU72977	Responder_Status	Responder	-0.126101503366592	0.359611745549744	0.728467866155477	0.949871927439197	sample_2022120210049
HROV.vOTU00253	Responder_Status	Responder	-0.29549907799089	0.843782162010063	0.728803591548227	0.95006398858921	sample_2022120210049
HROV.vOTU28607	Responder_Status	Responder	0.266755642327838	0.763177026703937	0.729304412374851	0.95009670872271	sample_2022120210049
HROV.vOTU16249	Responder_Status	Responder	0.182941002469046	0.52333533680294	0.729278916014845	0.95009670872271	sample_2022120210049
HROV.vOTU21972	Responder_Status	Responder	-0.0874797309739298	0.250034470169732	0.729053811103719	0.95009670872271	sample_2022120210049
HROV.vOTU63816	Responder_Status	Responder	-0.42430093333473	1.21512961127486	0.729565378115348	0.950165086957154	sample_2022120210049
HROV.vOTU00962	Responder_Status	Responder	0.174418369755011	0.49952893646963	0.729577204758365	0.950165086957154	sample_2022120210049
HROV.vOTU04217	Responder_Status	Responder	-0.310096876400024	0.889900078538627	0.730099345010017	0.950487459734209	sample_2022120210049
HROV.vOTU69003	Responder_Status	Responder	0.153458962003145	0.440791119177712	0.730335666086721	0.950487459734209	sample_2022120210049
HROV.vOTU04318	Responder_Status	Responder	-0.362484096876724	1.0406323955808	0.730197375115886	0.950487459734209	sample_2022120210049
HROV.vOTU14110	Responder_Status	Responder	-0.243164906456825	0.698776273178987	0.73045274967822	0.950487459734209	sample_2022120210049
HROV.vOTU16495	Responder_Status	Responder	-0.141254312264383	0.405379849341137	0.730109230177682	0.950487459734209	sample_2022120210049
HROV.vOTU51920	Responder_Status	Responder	-0.286155441422485	0.823069338091379	0.730689047577988	0.950487459734209	sample_2022120210049
HROV.vOTU30403	Responder_Status	Responder	0.170500670189333	0.490767218322227	0.730876351559226	0.950487459734209	sample_2022120210049
HROV.vOTU75148	Responder_Status	Responder	-0.241715688469162	0.697182692250105	0.731406215252317	0.950764193585103	sample_2022120210049
HROV.vOTU02633	Responder_Status	Responder	-0.338974709298457	0.977625640817087	0.731384576618275	0.950764193585103	sample_2022120210049
HROV.vOTU43747	Responder_Status	Responder	0.34605414560446	1.00375316663266	0.732850922048332	0.950952642976392	sample_2022120210049
HROV.vOTU56332	Responder_Status	Responder	-0.234052593651089	0.676330198900532	0.73188256857044	0.950952642976392	sample_2022120210049
HROV.vOTU20267	Responder_Status	Responder	0.119084703584344	0.345067173484071	0.732593878775086	0.950952642976392	sample_2022120210049
HROV.vOTU45043	Responder_Status	Responder	0.355303624552431	1.03086143368184	0.732920448328049	0.950952642976392	sample_2022120210049
HROV.vOTU05258	Responder_Status	Responder	-0.236408325459602	0.685270528616283	0.732683455728028	0.950952642976392	sample_2022120210049
HROV.vOTU75469	Responder_Status	Responder	-0.219068303076178	0.634692568493248	0.732556179452098	0.950952642976392	sample_2022120210049
HROV.vOTU43698	Responder_Status	Responder	-0.111472525473979	0.322792662445322	0.732421376567581	0.950952642976392	sample_2022120210049
HROV.vOTU17998	Responder_Status	Responder	0.0626357157683228	0.181522201947504	0.732629353295502	0.950952642976392	sample_2022120210049
HROV.vOTU37106	Responder_Status	Responder	-0.483240676309661	1.39994147395498	0.732534033757617	0.950952642976392	sample_2022120210049
HROV.vOTU23304	Responder_Status	Responder	0.127344478100227	0.370211885823558	0.733433248673057	0.951074163516989	sample_2022120210049
HROV.vOTU11072	Responder_Status	Responder	0.295753233760136	0.860270166277037	0.733571745839057	0.951074163516989	sample_2022120210049
HROV.vOTU43933	Responder_Status	Responder	0.158528885352096	0.461129823017001	0.733577307682161	0.951074163516989	sample_2022120210049
HROV.vOTU60573	Responder_Status	Responder	0.23496364676453	0.682735830439385	0.733304648471856	0.951074163516989	sample_2022120210049
HROV.vOTU02349	Responder_Status	Responder	-0.394496421745097	1.14858291074675	0.733815405918172	0.951129104621775	sample_2022120210049
HROV.vOTU57416	Responder_Status	Responder	0.362222200507594	1.05492872726	0.733891167743002	0.951129104621775	sample_2022120210049
HROV.vOTU22859	Responder_Status	Responder	-0.209935917071418	0.611354549160538	0.733866663944697	0.951129104621775	sample_2022120210049
HROV.vOTU73220	Responder_Status	Responder	-0.476403809002838	1.38933294084626	0.73423395397873	0.951412676854707	sample_2022120210049
HROV.vOTU28582	Responder_Status	Responder	0.0906657473885332	0.265132149198157	0.734931170154303	0.951960890902388	sample_2022120210049
HROV.vOTU49589	Responder_Status	Responder	0.292995021047173	0.857294358756008	0.735078011900244	0.951973544128642	sample_2022120210049
HROV.vOTU14852	Responder_Status	Responder	0.374901491301643	1.09930697651207	0.735623571688053	0.952299391177198	sample_2022120210049
HROV.vOTU72529	Responder_Status	Responder	0.207124290091477	0.607566623652884	0.735717736450225	0.952299391177198	sample_2022120210049
HROV.vOTU59845	Responder_Status	Responder	0.148264257974962	0.434466983878321	0.735458912899948	0.952299391177198	sample_2022120210049
HROV.vOTU65964	Responder_Status	Responder	-0.298124419533254	0.873841940594001	0.735526204141802	0.952299391177198	sample_2022120210049
HROV.vOTU66501	Responder_Status	Responder	-0.254875060058616	0.749122481417467	0.736221549496383	0.952437740595011	sample_2022120210049
HROV.vOTU00965	Responder_Status	Responder	0.296663366547086	0.8734498615877	0.736658041035871	0.952528744354192	sample_2022120210049
HROV.vOTU23061	Responder_Status	Responder	-0.355627762371108	1.04663291029599	0.736555865372799	0.952528744354192	sample_2022120210049
HROV.vOTU35858	Responder_Status	Responder	0.224518536208291	0.661667159934826	0.736898763390407	0.952614365901789	sample_2022120210049
HROV.vOTU51360	Responder_Status	Responder	0.149359697836872	0.440842000312795	0.737283993815272	0.952757676061602	sample_2022120210049
HROV.vOTU68787	Responder_Status	Responder	-0.370317254219502	1.09529434186689	0.737811035261372	0.953141767884797	sample_2022120210049
HROV.vOTU20479	Responder_Status	Responder	-0.334505283573111	0.99002747052736	0.737977750570092	0.953229946877665	sample_2022120210049
HROV.vOTU27192	Responder_Status	Responder	-0.282597682277039	0.838713073151047	0.738673197611311	0.953547464202706	sample_2022120210049
HROV.vOTU24406	Responder_Status	Responder	-0.136341391168592	0.40463892775456	0.738670376113936	0.953547464202706	sample_2022120210049
HROV.vOTU41142	Responder_Status	Responder	0.231951968040591	0.688243660701527	0.738614954007239	0.953547464202706	sample_2022120210049
HROV.vOTU75151	Responder_Status	Responder	0.13123083141316	0.389547011017268	0.738719004304653	0.953547515933799	sample_2022120210049
HROV.vOTU35521	Responder_Status	Responder	-0.395582742491572	1.17731526608184	0.739372760209238	0.953564057785299	sample_2022120210049
HROV.vOTU27248	Responder_Status	Responder	0.339396097831381	1.0106479494163	0.739509865404121	0.953564057785299	sample_2022120210049
HROV.vOTU20980	Responder_Status	Responder	-0.298005812383917	0.886778667140487	0.739335280207332	0.953564057785299	sample_2022120210049
HROV.vOTU52099	Responder_Status	Responder	-0.467222577812682	1.38981985870537	0.73924532914235	0.953564057785299	sample_2022120210049
HROV.vOTU14772	Responder_Status	Responder	0.281902860822549	0.838544391110587	0.739240642603119	0.953564057785299	sample_2022120210049
HROV.vOTU55790	Responder_Status	Responder	-0.492790459734679	1.47135107659313	0.740178793970903	0.953596664064341	sample_2022120210049
HROV.vOTU37824	Responder_Status	Responder	0.245512419967169	0.732432418096696	0.73997157823146	0.953596664064341	sample_2022120210049
HROV.vOTU39467	Responder_Status	Responder	0.305251984732216	0.911237120196886	0.740132109135946	0.953596664064341	sample_2022120210049
HROV.vOTU25809	Responder_Status	Responder	-0.268306122197423	0.801423266967975	0.740280837621852	0.953596664064341	sample_2022120210049
HROV.vOTU51564	Responder_Status	Responder	-0.245771926183619	0.733176803857707	0.739961414109106	0.953596664064341	sample_2022120210049
HROV.vOTU38162	Responder_Status	Responder	-0.256614151122929	0.766955650841063	0.740429388677711	0.953628380608277	sample_2022120210049
HROV.vOTU01908	Responder_Status	Responder	-0.255325965900496	0.763522790466139	0.74056584261115	0.953671602239885	sample_2022120210049
HROV.vOTU74870	Responder_Status	Responder	0.201173602552563	0.603240957851078	0.741250532933708	0.953817095220517	sample_2022120210049
HROV.vOTU12599	Responder_Status	Responder	0.313865586033216	0.941688848764846	0.741390330741952	0.95383456735829	sample_2022120210049
HROV.vOTU11831	Responder_Status	Responder	0.322068544051366	0.967908156891857	0.741803820977143	0.954057265039303	sample_2022120210049
HROV.vOTU18579	Responder_Status	Responder	-0.203631647067923	0.614101674948776	0.742666025021153	0.954438846360033	sample_2022120210049
HROV.vOTU48092	Responder_Status	Responder	-0.194753596893051	0.588882970018393	0.743320397928592	0.954476310162618	sample_2022120210049
HROV.vOTU73653	Responder_Status	Responder	0.311286668259525	0.943330697547818	0.743866158929483	0.954560941264964	sample_2022120210049
HROV.vOTU39614	Responder_Status	Responder	0.189327587900277	0.574012106430781	0.743981834729255	0.954604109285874	sample_2022120210049
HROV.vOTU02911	Responder_Status	Responder	0.255149127394866	0.774499771144392	0.744276936340311	0.954806352358253	sample_2022120210049
HROV.vOTU36939	Responder_Status	Responder	0.194289662365596	0.590593897945809	0.74462384054765	0.955058764056625	sample_2022120210049
HROV.vOTU55589	Responder_Status	Responder	0.234215601567879	0.713192317614126	0.745049227841567	0.955097942272736	sample_2022120210049
HROV.vOTU08015	Responder_Status	Responder	-0.249446767617079	0.759407690030122	0.744996215345409	0.955097942272736	sample_2022120210049
HROV.vOTU52394	Responder_Status	Responder	0.219351698055986	0.668512383119227	0.745262712343048	0.955097942272736	sample_2022120210049
HROV.vOTU14490	Responder_Status	Responder	-0.35377396875692	1.07930494492275	0.74551680917077	0.955279380016789	sample_2022120210049
HROV.vOTU40319	Responder_Status	Responder	-0.214124654272032	0.65423297303705	0.745882125481852	0.955296494216588	sample_2022120210049
HROV.vOTU02552	Responder_Status	Responder	-0.342170545159945	1.05380428560107	0.747821452829326	0.955296494216588	sample_2022120210049
HROV.vOTU49179	Responder_Status	Responder	0.260918853988648	0.798446979878862	0.746262389600383	0.955296494216588	sample_2022120210049
HROV.vOTU21530	Responder_Status	Responder	0.0976831871248197	0.300655184982847	0.747671105185263	0.955296494216588	sample_2022120210049
HROV.vOTU05205	Responder_Status	Responder	-0.191720453810252	0.590365645554886	0.747785220707747	0.955296494216588	sample_2022120210049
HROV.vOTU30252	Responder_Status	Responder	0.218978552860872	0.669840713744867	0.746166277852832	0.955296494216588	sample_2022120210049
HROV.vOTU09006	Responder_Status	Responder	-0.212717034354844	0.649841302923852	0.745847890348948	0.955296494216588	sample_2022120210049
HROV.vOTU69384	Responder_Status	Responder	0.36147800145044	1.11002537584172	0.747111553349137	0.955296494216588	sample_2022120210049
HROV.vOTU73260	Responder_Status	Responder	-0.213060496606159	0.655872369522221	0.747708928421492	0.955296494216588	sample_2022120210049
HROV.vOTU49166	Responder_Status	Responder	0.223426438546141	0.687270443150439	0.747527786702516	0.955296494216588	sample_2022120210049
HROV.vOTU71791	Responder_Status	Responder	0.104779466355216	0.32369175299004	0.748569607382269	0.955606137479908	sample_2022120210049
HROV.vOTU41596	Responder_Status	Responder	-0.144383643809334	0.446148158041107	0.748628592252427	0.955622884424661	sample_2022120210049
HROV.vOTU54639	Responder_Status	Responder	-0.108941420535746	0.337203697362797	0.749040352963235	0.955753063723795	sample_2022120210049
HROV.vOTU12284	Responder_Status	Responder	-0.27590378649201	0.860027824626647	0.750738106300604	0.956042130606534	sample_2022120210049
HROV.vOTU21813	Responder_Status	Responder	-0.210463472515395	0.656244185102449	0.750812258584215	0.956042130606534	sample_2022120210049
HROV.vOTU12483	Responder_Status	Responder	0.203582783288685	0.635248832006329	0.75098612502252	0.956042130606534	sample_2022120210049
HROV.vOTU43064	Responder_Status	Responder	-0.236338978236942	0.737645737844764	0.751046799127704	0.956042130606534	sample_2022120210049
HROV.vOTU73961	Responder_Status	Responder	-0.192261033986262	0.60081323925551	0.751343032119098	0.956042130606534	sample_2022120210049
HROV.vOTU17583	Responder_Status	Responder	0.209168798580296	0.655313471780579	0.751952439422899	0.956186058617324	sample_2022120210049
HROV.vOTU12841	Responder_Status	Responder	-0.336375545877361	1.0543550066995	0.752068345679703	0.956186058617324	sample_2022120210049
HROV.vOTU71614	Responder_Status	Responder	0.250174190784877	0.785307829920306	0.752418080695487	0.956196578814522	sample_2022120210049
HROV.vOTU36831	Responder_Status	Responder	-0.361435981076667	1.13364417171955	0.75222423375516	0.956196578814522	sample_2022120210049
HROV.vOTU07537	Responder_Status	Responder	-0.288211612738205	0.904588320522742	0.752386196279468	0.956196578814522	sample_2022120210049
HROV.vOTU13389	Responder_Status	Responder	-0.217760729196823	0.685621833428867	0.753136876534253	0.95626480097332	sample_2022120210049
HROV.vOTU46619	Responder_Status	Responder	-0.143392295221169	0.451331043795141	0.753062381773692	0.95626480097332	sample_2022120210049
HROV.vOTU16529	Responder_Status	Responder	-0.349156293604163	1.10145914931151	0.753599476122943	0.956469779915929	sample_2022120210049
HROV.vOTU08878	Responder_Status	Responder	-0.337451008817645	1.07177630172234	0.755208350435403	0.956634832584921	sample_2022120210049
HROV.vOTU24695	Responder_Status	Responder	-0.211842196978995	0.673627233593055	0.755488021443552	0.956634832584921	sample_2022120210049
HROV.vOTU75427	Responder_Status	Responder	0.324392960195681	1.03273139496376	0.755764704314463	0.956634832584921	sample_2022120210049
HROV.vOTU36525	Responder_Status	Responder	-0.172655927232734	0.548806515531404	0.755395837848623	0.956634832584921	sample_2022120210049
HROV.vOTU75676	Responder_Status	Responder	0.343525878371604	1.09680927928294	0.756446309903363	0.956634832584921	sample_2022120210049
HROV.vOTU67198	Responder_Status	Responder	0.127322566069523	0.405465952482203	0.755837009077514	0.956634832584921	sample_2022120210049
HROV.vOTU09333	Responder_Status	Responder	0.33354223419433	1.05619533082511	0.754499328095606	0.956634832584921	sample_2022120210049
HROV.vOTU03401	Responder_Status	Responder	0.220936026101138	0.704962796340864	0.756298817227517	0.956634832584921	sample_2022120210049
HROV.vOTU43190	Responder_Status	Responder	-0.154849564470749	0.492429207124892	0.755502521512256	0.956634832584921	sample_2022120210049
HROV.vOTU16409	Responder_Status	Responder	0.309682690440003	0.986500240406765	0.755908318927193	0.956634832584921	sample_2022120210049
HROV.vOTU30995	Responder_Status	Responder	0.0964736613722955	0.308002025213085	0.7564317559536	0.956634832584921	sample_2022120210049
HROV.vOTU20422	Responder_Status	Responder	-0.288268057763262	0.913646128606856	0.754711189111948	0.956634832584921	sample_2022120210049
HROV.vOTU53400	Responder_Status	Responder	0.160189354064127	0.509278950498854	0.755441721672631	0.956634832584921	sample_2022120210049
HROV.vOTU35132	Responder_Status	Responder	0.109404126838331	0.348967705527277	0.756218459665064	0.956634832584921	sample_2022120210049
HROV.vOTU33154	Responder_Status	Responder	-0.290181451865623	0.934546083626621	0.758476395962932	0.956800256150038	sample_2022120210049
HROV.vOTU24337	Responder_Status	Responder	-0.237636491432968	0.763122897144326	0.757803300350737	0.956800256150038	sample_2022120210049
HROV.vOTU30335	Responder_Status	Responder	0.336095468280026	1.08228970413749	0.758449390752686	0.956800256150038	sample_2022120210049
HROV.vOTU26986	Responder_Status	Responder	0.116488058148101	0.373955143611074	0.757726036259915	0.956800256150038	sample_2022120210049
HROV.vOTU66879	Responder_Status	Responder	0.214678863351251	0.692479649061362	0.758845484750302	0.956823146621433	sample_2022120210049
HROV.vOTU02175	Responder_Status	Responder	0.210288165279502	0.678101655417593	0.758771481339308	0.956823146621433	sample_2022120210049
HROV.vOTU23000	Responder_Status	Responder	-0.491467938388329	1.587358686966	0.759147261234567	0.956914101749785	sample_2022120210049
HROV.vOTU46545	Responder_Status	Responder	-0.0917690788724698	0.296563195409305	0.759276526485638	0.957019142730083	sample_2022120210049
HROV.vOTU33520	Responder_Status	Responder	-0.193587954583665	0.628711158551436	0.760427919118546	0.957408718325404	sample_2022120210049
HROV.vOTU09421	Responder_Status	Responder	0.0879223183591586	0.28582285220139	0.760654694663592	0.957481909335182	sample_2022120210049
HROV.vOTU42879	Responder_Status	Responder	0.0868248225540187	0.282144749099954	0.760564137782435	0.957481909335182	sample_2022120210049
HROV.vOTU63233	Responder_Status	Responder	-0.24820190666688	0.813010179051774	0.762405140303122	0.958107376079901	sample_2022120210049
HROV.vOTU04745	Responder_Status	Responder	-0.233209481397904	0.76276173389751	0.762061544838096	0.958107376079901	sample_2022120210049
HROV.vOTU03824	Responder_Status	Responder	0.228985432378611	0.749043922693413	0.762091639106109	0.958107376079901	sample_2022120210049
HROV.vOTU13727	Responder_Status	Responder	-0.209986312406758	0.686063821732674	0.761812554151338	0.958107376079901	sample_2022120210049
HROV.vOTU50930	Responder_Status	Responder	-0.239597883183515	0.783593457597639	0.76204304745009	0.958107376079901	sample_2022120210049
HROV.vOTU65289	Responder_Status	Responder	0.154636970444972	0.505312480967568	0.761851397752444	0.958107376079901	sample_2022120210049
HROV.vOTU53278	Responder_Status	Responder	-0.168473492915887	0.551685192438924	0.762335670206659	0.958107376079901	sample_2022120210049
HROV.vOTU56910	Responder_Status	Responder	-0.273752365125687	0.90184672355996	0.763717605660372	0.958451008272106	sample_2022120210049
HROV.vOTU15402	Responder_Status	Responder	0.253128523348133	0.83542569766703	0.764134593601715	0.958505154073415	sample_2022120210049
HROV.vOTU49358	Responder_Status	Responder	-0.175368521382252	0.57876394855192	0.764125694510192	0.958505154073415	sample_2022120210049
HROV.vOTU04346	Responder_Status	Responder	0.195662335542884	0.647318960845172	0.764683467353071	0.958672606191783	sample_2022120210049
HROV.vOTU33528	Responder_Status	Responder	-0.224536966067574	0.74373779880343	0.764956792147887	0.958747792968175	sample_2022120210049
HROV.vOTU32540	Responder_Status	Responder	0.149608491715899	0.496951972522925	0.765599001660235	0.959055243141394	sample_2022120210049
HROV.vOTU74677	Responder_Status	Responder	-0.276441841021801	0.918558516210578	0.765674772963482	0.959055243141394	sample_2022120210049
HROV.vOTU04898	Responder_Status	Responder	-0.19461582102714	0.646680176817563	0.765679141560545	0.959055243141394	sample_2022120210049
HROV.vOTU60532	Responder_Status	Responder	0.304336820225207	1.01381772670205	0.766250545722468	0.959282745118569	sample_2022120210049
HROV.vOTU51250	Responder_Status	Responder	0.219239331669598	0.730125457270433	0.766184612100012	0.959282745118569	sample_2022120210049
HROV.vOTU72167	Responder_Status	Responder	-0.229181790252422	0.763609635230134	0.766295362947907	0.959282745118569	sample_2022120210049
HROV.vOTU14527	Responder_Status	Responder	-0.208268628645044	0.695322982029192	0.766749514758683	0.959385561311609	sample_2022120210049
HROV.vOTU39302	Responder_Status	Responder	-0.137458145476861	0.458599233270082	0.766593322928367	0.959385561311609	sample_2022120210049
HROV.vOTU31635	Responder_Status	Responder	-0.102897197334178	0.344398756239785	0.767319164410373	0.959655081408299	sample_2022120210049
HROV.vOTU25269	Responder_Status	Responder	-0.224715835492811	0.75560917082376	0.768358826444118	0.959937565238463	sample_2022120210049
HROV.vOTU75635	Responder_Status	Responder	0.361787409718423	1.2165524836581	0.768365995257007	0.959937565238463	sample_2022120210049
HROV.vOTU16149	Responder_Status	Responder	-0.331349984904768	1.11534050545081	0.768595114589271	0.959937565238463	sample_2022120210049
HROV.vOTU25644	Responder_Status	Responder	-0.0976301635180567	0.329044217873824	0.768879061756998	0.960177130886301	sample_2022120210049
HROV.vOTU27519	Responder_Status	Responder	-0.116651582267185	0.394426116668768	0.769603182465608	0.960275620234217	sample_2022120210049
HROV.vOTU31098	Responder_Status	Responder	0.223649876233991	0.757275440810134	0.769917047947493	0.96037967394995	sample_2022120210049
HROV.vOTU67651	Responder_Status	Responder	-0.275060871686433	0.942483912215805	0.772555221166333	0.96059639247709	sample_2022120210049
HROV.vOTU46032	Responder_Status	Responder	0.368019296352236	1.26517890949148	0.773284466473844	0.96059639247709	sample_2022120210049
HROV.vOTU71745	Responder_Status	Responder	-0.317158429043647	1.0812142136682	0.771428966381587	0.96059639247709	sample_2022120210049
HROV.vOTU56464	Responder_Status	Responder	-0.24714245455562	0.848597102465122	0.773017053173391	0.96059639247709	sample_2022120210049
HROV.vOTU11662	Responder_Status	Responder	0.32572652252054	1.11903195898459	0.773136388117184	0.96059639247709	sample_2022120210049
HROV.vOTU06240	Responder_Status	Responder	0.276336307585199	0.949830778413522	0.773247420727721	0.96059639247709	sample_2022120210049
HROV.vOTU29546	Responder_Status	Responder	0.296608136275592	1.01869229995125	0.773070732939894	0.96059639247709	sample_2022120210049
HROV.vOTU28075	Responder_Status	Responder	0.137662860559447	0.471890571589682	0.772646421926293	0.96059639247709	sample_2022120210049
HROV.vOTU02275	Responder_Status	Responder	0.204717782606253	0.701007733260476	0.772413867334949	0.96059639247709	sample_2022120210049
HROV.vOTU25231	Responder_Status	Responder	0.139762427088127	0.478582612503705	0.772413481693708	0.96059639247709	sample_2022120210049
HROV.vOTU73755	Responder_Status	Responder	-0.171080562198335	0.582281896871064	0.771069617913051	0.96059639247709	sample_2022120210049
HROV.vOTU64089	Responder_Status	Responder	0.183597848316814	0.62612819476353	0.771510788491971	0.96059639247709	sample_2022120210049
HROV.vOTU20688	Responder_Status	Responder	0.371165627609984	1.27844125980747	0.773705746157717	0.960681530109926	sample_2022120210049
HROV.vOTU01364	Responder_Status	Responder	-0.13746657014385	0.474940179235774	0.774377308576256	0.96102738012135	sample_2022120210049
HROV.vOTU52532	Responder_Status	Responder	-0.139410550721024	0.481814633292781	0.774449230248978	0.96102738012135	sample_2022120210049
HROV.vOTU52562	Responder_Status	Responder	-0.242807460990398	0.842082477966197	0.775208998364264	0.961493980305513	sample_2022120210049
HROV.vOTU66926	Responder_Status	Responder	-0.0550438410507596	0.190979168543214	0.775301854630583	0.961493980305513	sample_2022120210049
HROV.vOTU27624	Responder_Status	Responder	-0.229714082915564	0.799111657759242	0.775875588764982	0.961553171763173	sample_2022120210049
HROV.vOTU06297	Responder_Status	Responder	0.23566042094947	0.81820476519781	0.775451670092194	0.961553171763173	sample_2022120210049
HROV.vOTU33092	Responder_Status	Responder	-0.174560448697681	0.606864346526762	0.775738092380106	0.961553171763173	sample_2022120210049
HROV.vOTU72013	Responder_Status	Responder	-0.13624404232093	0.473642973111036	0.77573197219449	0.961553171763173	sample_2022120210049
HROV.vOTU64525	Responder_Status	Responder	0.26876263450485	0.939505865001567	0.776931860232209	0.961744927725532	sample_2022120210049
HROV.vOTU21901	Responder_Status	Responder	-0.471199866739565	1.64958806136482	0.777251073433552	0.961816806898156	sample_2022120210049
HROV.vOTU35718	Responder_Status	Responder	-0.312149483393399	1.09898535283136	0.778474016741844	0.962359012131535	sample_2022120210049
HROV.vOTU07041	Responder_Status	Responder	0.220084306784927	0.774867283424385	0.778478463665222	0.962359012131535	sample_2022120210049
HROV.vOTU04734	Responder_Status	Responder	-0.278096945250856	0.982668560380735	0.779257252062008	0.962470251484946	sample_2022120210049
HROV.vOTU03404	Responder_Status	Responder	0.246737506128452	0.87201900739031	0.779296770090992	0.962470251484946	sample_2022120210049
HROV.vOTU24665	Responder_Status	Responder	-0.12785934940535	0.451836577133795	0.779276064244643	0.962470251484946	sample_2022120210049
HROV.vOTU65659	Responder_Status	Responder	-0.380716018784795	1.35223828808323	0.78036270686276	0.963202428760995	sample_2022120210049
HROV.vOTU07532	Responder_Status	Responder	0.211184190757431	0.765038066592486	0.784541497849707	0.96327328347718	sample_2022120210049
HROV.vOTU04109	Responder_Status	Responder	-0.33846433539288	1.22728281993992	0.784739579476663	0.96327328347718	sample_2022120210049
HROV.vOTU59839	Responder_Status	Responder	0.235928908882126	0.844889182906546	0.782111068505086	0.96327328347718	sample_2022120210049
HROV.vOTU50950	Responder_Status	Responder	0.277730308999496	1.00512210921209	0.784335509192597	0.96327328347718	sample_2022120210049
HROV.vOTU60216	Responder_Status	Responder	0.265881945445006	0.946776350697638	0.780906530760002	0.96327328347718	sample_2022120210049
HROV.vOTU52385	Responder_Status	Responder	-0.209585300822465	0.758593224104649	0.784360943248016	0.96327328347718	sample_2022120210049
HROV.vOTU01702	Responder_Status	Responder	0.278747536529989	0.998243265593039	0.782114370040407	0.96327328347718	sample_2022120210049
HROV.vOTU41060	Responder_Status	Responder	0.36745323303691	1.31741029517682	0.782355313542665	0.96327328347718	sample_2022120210049
HROV.vOTU41338	Responder_Status	Responder	0.174099885934778	0.628274188399658	0.783732651924691	0.96327328347718	sample_2022120210049
HROV.vOTU08333	Responder_Status	Responder	-0.298671270787371	1.07040035411555	0.782274225295322	0.96327328347718	sample_2022120210049
HROV.vOTU09621	Responder_Status	Responder	-0.154578114399867	0.557809623455077	0.783726476699156	0.96327328347718	sample_2022120210049
HROV.vOTU69936	Responder_Status	Responder	0.199254269652101	0.722000798852316	0.784593872822644	0.96327328347718	sample_2022120210049
HROV.vOTU19375	Responder_Status	Responder	0.143587965687531	0.516460038727526	0.783037148300728	0.96327328347718	sample_2022120210049
HROV.vOTU07204	Responder_Status	Responder	0.145604790260026	0.528764611196008	0.785055580866049	0.96327328347718	sample_2022120210049
HROV.vOTU21251	Responder_Status	Responder	-0.132240241258052	0.475665883113504	0.78304672508001	0.96327328347718	sample_2022120210049
HROV.vOTU08046	Responder_Status	Responder	0.305948649760807	1.11136865026888	0.78511481830417	0.96327328347718	sample_2022120210049
HROV.vOTU10989	Responder_Status	Responder	0.204652527865463	0.742494047446148	0.784857410024881	0.96327328347718	sample_2022120210049
HROV.vOTU55195	Responder_Status	Responder	-0.122805111756355	0.446141544407479	0.785137288382141	0.96327328347718	sample_2022120210049
HROV.vOTU11265	Responder_Status	Responder	0.391427081383939	1.42301423074122	0.785282864939946	0.96327328347718	sample_2022120210049
HROV.vOTU59988	Responder_Status	Responder	0.19862209964316	0.714946799374733	0.783196380135113	0.96327328347718	sample_2022120210049
HROV.vOTU43115	Responder_Status	Responder	0.171364454985265	0.617926179004726	0.783570199678302	0.96327328347718	sample_2022120210049
HROV.vOTU44398	Responder_Status	Responder	-0.180064467100131	0.644436698600733	0.781980956516763	0.96327328347718	sample_2022120210049
HROV.vOTU15594	Responder_Status	Responder	0.184803003442837	0.672593284587411	0.785516403992279	0.96327328347718	sample_2022120210049
HROV.vOTU11253	Responder_Status	Responder	0.137824937590581	0.490542763699849	0.780803668445768	0.96327328347718	sample_2022120210049
HROV.vOTU71968	Responder_Status	Responder	0.18361791388058	0.655645876920432	0.781492794688529	0.96327328347718	sample_2022120210049
HROV.vOTU44564	Responder_Status	Responder	0.222947662866935	0.813320294315863	0.786004332277314	0.963431007353679	sample_2022120210049
HROV.vOTU40970	Responder_Status	Responder	0.202293850648941	0.738226050721306	0.786075377951781	0.963450476051235	sample_2022120210049
HROV.vOTU24973	Responder_Status	Responder	0.0992927067003811	0.362980284947874	0.78643937657657	0.963454131297279	sample_2022120210049
HROV.vOTU64693	Responder_Status	Responder	-0.181492355022915	0.666531260034049	0.78739404945762	0.963886772631313	sample_2022120210049
HROV.vOTU55435	Responder_Status	Responder	-0.216811368416553	0.796417850111344	0.787440209117234	0.963886772631313	sample_2022120210049
HROV.vOTU12112	Responder_Status	Responder	-0.220641923386812	0.81335951069265	0.788171580115374	0.963996094030064	sample_2022120210049
HROV.vOTU11457	Responder_Status	Responder	0.200524772952296	0.738291723107065	0.787917254721905	0.963996094030064	sample_2022120210049
HROV.vOTU52590	Responder_Status	Responder	-0.293006081953795	1.08016306707324	0.788180221829337	0.963996094030064	sample_2022120210049
HROV.vOTU71081	Responder_Status	Responder	0.0844254171096401	0.311053888163472	0.788061190245977	0.963996094030064	sample_2022120210049
HROV.vOTU53343	Responder_Status	Responder	0.203880135571141	0.752018439300323	0.788294731298287	0.963996094030064	sample_2022120210049
HROV.vOTU08951	Responder_Status	Responder	-0.205860203748426	0.757469936561267	0.787790131273026	0.963996094030064	sample_2022120210049
HROV.vOTU14774	Responder_Status	Responder	-0.107104685673971	0.395099939138212	0.788316076317938	0.963996094030064	sample_2022120210049
HROV.vOTU42122	Responder_Status	Responder	-0.149865940218595	0.550985891369276	0.787620752323987	0.963996094030064	sample_2022120210049
HROV.vOTU07698	Responder_Status	Responder	-0.249913448791878	0.919377778110503	0.787747912342853	0.963996094030064	sample_2022120210049
HROV.vOTU04890	Responder_Status	Responder	-0.32785740282622	1.21247521118995	0.788833149453416	0.964137761163755	sample_2022120210049
HROV.vOTU13101	Responder_Status	Responder	-0.183924718387332	0.680575187700681	0.7889507600037	0.964164916877219	sample_2022120210049
HROV.vOTU27652	Responder_Status	Responder	-0.175220634694289	0.650920588007414	0.789758030227456	0.964464875391778	sample_2022120210049
HROV.vOTU73110	Responder_Status	Responder	0.21461324425745	0.798476334206548	0.79007072203842	0.964613155210693	sample_2022120210049
HROV.vOTU54272	Responder_Status	Responder	-0.205726590261014	0.766754457386483	0.790428909191364	0.964632742261639	sample_2022120210049
HROV.vOTU52407	Responder_Status	Responder	-0.30057131479012	1.12058051452132	0.790489928784354	0.964632742261639	sample_2022120210049
HROV.vOTU40575	Responder_Status	Responder	-0.256926326817733	0.959014372612314	0.790734946248454	0.964632742261639	sample_2022120210049
HROV.vOTU72573	Responder_Status	Responder	0.189805266654051	0.710736932397187	0.791384586519518	0.964973246335469	sample_2022120210049
HROV.vOTU19608	Responder_Status	Responder	-0.202773969256549	0.76218842655783	0.792156295499958	0.965222907167749	sample_2022120210049
HROV.vOTU25786	Responder_Status	Responder	-0.170907707671439	0.642754834917209	0.792265342213762	0.965222907167749	sample_2022120210049
HROV.vOTU61390	Responder_Status	Responder	0.146013598355751	0.549656227890713	0.792458572862116	0.965278828403291	sample_2022120210049
HROV.vOTU52804	Responder_Status	Responder	0.241315690234516	0.909757532106785	0.792757893592791	0.965356448089436	sample_2022120210049
HROV.vOTU57556	Responder_Status	Responder	0.283088153279784	1.06845118575027	0.792987327070308	0.965421077787582	sample_2022120210049
HROV.vOTU00293	Responder_Status	Responder	-0.304929743115133	1.15128219627716	0.793056641887199	0.965421077787582	sample_2022120210049
HROV.vOTU40997	Responder_Status	Responder	-0.198010396115755	0.748619049036264	0.793331282688888	0.965421077787582	sample_2022120210049
HROV.vOTU38618	Responder_Status	Responder	-0.198475405456532	0.75377995181438	0.794242125138116	0.965672027133728	sample_2022120210049
HROV.vOTU43070	Responder_Status	Responder	-0.265517179428209	1.01155790274634	0.794870401772385	0.96575281078513	sample_2022120210049
HROV.vOTU14163	Responder_Status	Responder	0.176917979205524	0.675647002525635	0.795354026325951	0.96575281078513	sample_2022120210049
HROV.vOTU01491	Responder_Status	Responder	0.237583120134918	0.906165635488405	0.795098069524294	0.96575281078513	sample_2022120210049
HROV.vOTU26492	Responder_Status	Responder	0.20504741708775	0.781360759563552	0.794916136891563	0.96575281078513	sample_2022120210049
HROV.vOTU52589	Responder_Status	Responder	-0.145318327025797	0.553161696090904	0.794701340719869	0.96575281078513	sample_2022120210049
HROV.vOTU42883	Responder_Status	Responder	0.198222074333079	0.76241141138783	0.796771061927349	0.96575281078513	sample_2022120210049
HROV.vOTU20449	Responder_Status	Responder	0.141780468639334	0.546741464921436	0.797286209207215	0.965838086642996	sample_2022120210049
HROV.vOTU57244	Responder_Status	Responder	0.0453052614973142	0.174830964593024	0.797424850800711	0.965838086642996	sample_2022120210049
HROV.vOTU20020	Responder_Status	Responder	0.188570254712572	0.728254774761436	0.797579949367233	0.965844910199528	sample_2022120210049
HROV.vOTU38991	Responder_Status	Responder	-0.141907315305553	0.548974660030038	0.797915489998422	0.965994080003004	sample_2022120210049
HROV.vOTU33511	Responder_Status	Responder	-0.227189860545383	0.881683268562103	0.798540293517955	0.966065904973092	sample_2022120210049
HROV.vOTU59373	Responder_Status	Responder	0.294610357087309	1.14466197148729	0.798769381776564	0.966152095701635	sample_2022120210049
HROV.vOTU33181	Responder_Status	Responder	-0.106872141676691	0.416403525163742	0.799321444425273	0.966337605582021	sample_2022120210049
HROV.vOTU59792	Responder_Status	Responder	-0.4152289770969	1.62298837687079	0.799942883193507	0.966452452087453	sample_2022120210049
HROV.vOTU68369	Responder_Status	Responder	0.217469681334438	0.849584799809472	0.799843900366148	0.966452452087453	sample_2022120210049
HROV.vOTU73786	Responder_Status	Responder	0.10705761299716	0.418844991317662	0.800126550782676	0.966505310510611	sample_2022120210049
HROV.vOTU10512	Responder_Status	Responder	-0.0891985121353368	0.349703893169547	0.800534299593344	0.966531858360465	sample_2022120210049
HROV.vOTU70862	Responder_Status	Responder	0.140892041747457	0.551933620029311	0.800380447298216	0.966531858360465	sample_2022120210049
HROV.vOTU66731	Responder_Status	Responder	0.200095851269512	0.78453780556227	0.800549089499714	0.966531858360465	sample_2022120210049
HROV.vOTU62525	Responder_Status	Responder	-0.217588922594063	0.856155047624184	0.801239408479221	0.966581151969461	sample_2022120210049
HROV.vOTU24122	Responder_Status	Responder	0.175874558697257	0.690555840114774	0.800827307644275	0.966581151969461	sample_2022120210049
HROV.vOTU57111	Responder_Status	Responder	-0.0525192153254549	0.206995096823406	0.801564170120587	0.96669307041343	sample_2022120210049
HROV.vOTU60379	Responder_Status	Responder	0.251241569516608	0.993643698029372	0.802232208935222	0.967066629034439	sample_2022120210049
HROV.vOTU09913	Responder_Status	Responder	0.258809239889278	1.02722724201753	0.802920392483934	0.967153054136716	sample_2022120210049
HROV.vOTU48645	Responder_Status	Responder	0.0949226190939468	0.37670413006513	0.80289549345532	0.967153054136716	sample_2022120210049
HROV.vOTU64823	Responder_Status	Responder	0.274870305449461	1.09165491285391	0.803040577395864	0.967180455347161	sample_2022120210049
HROV.vOTU41713	Responder_Status	Responder	-0.253417376051127	1.01225094296787	0.804144284652667	0.967212991907066	sample_2022120210049
HROV.vOTU20641	Responder_Status	Responder	0.127072819323394	0.505712473123374	0.803436611220955	0.967212991907066	sample_2022120210049
HROV.vOTU71829	Responder_Status	Responder	0.145911393799558	0.586049954036182	0.805197907022993	0.967212991907066	sample_2022120210049
HROV.vOTU02899	Responder_Status	Responder	-0.418602296603972	1.67576553074229	0.804567440051065	0.967212991907066	sample_2022120210049
HROV.vOTU27575	Responder_Status	Responder	0.236739579357136	0.950862016092935	0.805198432667533	0.967212991907066	sample_2022120210049
HROV.vOTU41476	Responder_Status	Responder	0.271554233229871	1.09013069183756	0.805099783291165	0.967212991907066	sample_2022120210049
HROV.vOTU01921	Responder_Status	Responder	0.144510182452188	0.578743918885129	0.804645087995191	0.967212991907066	sample_2022120210049
HROV.vOTU55100	Responder_Status	Responder	0.0832612864904616	0.331910705600092	0.803758365437486	0.967212991907066	sample_2022120210049
HROV.vOTU03179	Responder_Status	Responder	0.115721323074643	0.465682844524519	0.805562609094026	0.967250114854935	sample_2022120210049
HROV.vOTU03083	Responder_Status	Responder	0.229463001534966	0.923318486736584	0.805545960015394	0.967250114854935	sample_2022120210049
HROV.vOTU26634	Responder_Status	Responder	0.167677005690623	0.67797146744542	0.806463879317855	0.967743020304382	sample_2022120210049
HROV.vOTU53230	Responder_Status	Responder	-0.177460383171909	0.719249939880099	0.806917360352676	0.967762686140268	sample_2022120210049
HROV.vOTU03500	Responder_Status	Responder	0.130950591612761	0.532190547282965	0.807430955452814	0.968075721006105	sample_2022120210049
HROV.vOTU72848	Responder_Status	Responder	0.0931070506912592	0.380369958922188	0.80841162499017	0.968492488979325	sample_2022120210049
HROV.vOTU62538	Responder_Status	Responder	-0.259860056224262	1.06290727998152	0.808641467647979	0.968542208216937	sample_2022120210049
HROV.vOTU66475	Responder_Status	Responder	-0.182566849875853	0.746747962008278	0.808639857926102	0.968542208216937	sample_2022120210049
HROV.vOTU07267	Responder_Status	Responder	-0.230593347478453	0.946546916911494	0.809304840101113	0.968571792952306	sample_2022120210049
HROV.vOTU47526	Responder_Status	Responder	-0.0914968916470144	0.37576049002381	0.809394900179825	0.96862393711928	sample_2022120210049
HROV.vOTU03607	Responder_Status	Responder	-0.238336752641546	0.982436930785753	0.810085496862709	0.968826628533042	sample_2022120210049
HROV.vOTU01040	Responder_Status	Responder	0.158480645782921	0.653578370662685	0.810174507766526	0.968826628533042	sample_2022120210049
HROV.vOTU57988	Responder_Status	Responder	-0.226562605303838	0.935684384442697	0.810439752573631	0.968867887234732	sample_2022120210049
HROV.vOTU35570	Responder_Status	Responder	-0.351297954811761	1.45749021107938	0.811288617870937	0.969146991170221	sample_2022120210049
HROV.vOTU15351	Responder_Status	Responder	-0.214808897486987	0.891002987323053	0.811244690525274	0.969146991170221	sample_2022120210049
HROV.vOTU01741	Responder_Status	Responder	0.247378201269463	1.02731614459137	0.811464287177092	0.969152303174467	sample_2022120210049
HROV.vOTU03210	Responder_Status	Responder	-0.16707900617285	0.694840442224148	0.81172814630297	0.969189451474062	sample_2022120210049
HROV.vOTU64705	Responder_Status	Responder	0.195924863181163	0.823975254142927	0.813783106193666	0.969304034061324	sample_2022120210049
HROV.vOTU70820	Responder_Status	Responder	-0.272923273407652	1.14828423815709	0.813860550583319	0.969304034061324	sample_2022120210049
HROV.vOTU23010	Responder_Status	Responder	-0.130014877752755	0.547079499945853	0.813880958999684	0.969304034061324	sample_2022120210049
HROV.vOTU05395	Responder_Status	Responder	-0.122126155352325	0.512304403614441	0.813317822594499	0.969304034061324	sample_2022120210049
HROV.vOTU13912	Responder_Status	Responder	-0.200718672645853	0.839654117923602	0.812808515350075	0.969304034061324	sample_2022120210049
HROV.vOTU65880	Responder_Status	Responder	0.151834868766679	0.635379418906263	0.812871463331703	0.969304034061324	sample_2022120210049
HROV.vOTU63062	Responder_Status	Responder	-0.115309864413892	0.484239237861257	0.813517555592765	0.969304034061324	sample_2022120210049
HROV.vOTU74610	Responder_Status	Responder	0.203532665489353	0.848850676331734	0.812251808722357	0.969304034061324	sample_2022120210049
HROV.vOTU07116	Responder_Status	Responder	-0.110155058038852	0.466330466019635	0.814983949989384	0.969687088003473	sample_2022120210049
HROV.vOTU42045	Responder_Status	Responder	0.179490199855956	0.760935953777164	0.815242034959722	0.969911523154035	sample_2022120210049
HROV.vOTU52475	Responder_Status	Responder	-0.225754738368775	0.962545043072119	0.8162728924671	0.969911523154035	sample_2022120210049
HROV.vOTU50793	Responder_Status	Responder	0.167665561935883	0.713939643260109	0.81603757885871	0.969911523154035	sample_2022120210049
HROV.vOTU46097	Responder_Status	Responder	0.161475871567478	0.689488250701297	0.816536307486158	0.969911523154035	sample_2022120210049
HROV.vOTU01200	Responder_Status	Responder	0.134467545775611	0.57123588479798	0.81561335883675	0.969911523154035	sample_2022120210049
HROV.vOTU24328	Responder_Status	Responder	-0.108219833660211	0.46123702110341	0.816203606323627	0.969911523154035	sample_2022120210049
HROV.vOTU73396	Responder_Status	Responder	-0.135605516293913	0.578361729654427	0.816330167039185	0.969911523154035	sample_2022120210049
HROV.vOTU30954	Responder_Status	Responder	-0.214235576608573	0.915418240864653	0.816664239415051	0.969911523154035	sample_2022120210049
HROV.vOTU27585	Responder_Status	Responder	-0.161244470861464	0.690397035657363	0.817030945666343	0.96994186757529	sample_2022120210049
HROV.vOTU24598	Responder_Status	Responder	0.191045593292119	0.81913092847171	0.817279759800458	0.969981418139706	sample_2022120210049
HROV.vOTU37086	Responder_Status	Responder	-0.105959079404234	0.454574693188283	0.817383276947317	0.969993767454426	sample_2022120210049
HROV.vOTU67333	Responder_Status	Responder	-0.204854627054108	0.879479366226143	0.817512316210612	0.970007475373273	sample_2022120210049
HROV.vOTU24222	Responder_Status	Responder	-0.200001593224592	0.8584065861958	0.817462702794062	0.970007475373273	sample_2022120210049
HROV.vOTU20279	Responder_Status	Responder	-0.216437626811582	0.930971804418624	0.817851775742481	0.970218171587689	sample_2022120210049
HROV.vOTU48334	Responder_Status	Responder	0.235923553497564	1.01684405168643	0.818213390793075	0.970234646676755	sample_2022120210049
HROV.vOTU35445	Responder_Status	Responder	0.231122095391068	0.997072810306734	0.818378632978578	0.970290719746695	sample_2022120210049
HROV.vOTU16682	Responder_Status	Responder	0.162213335196211	0.701418239844504	0.81879078076974	0.970473599837348	sample_2022120210049
HROV.vOTU21803	Responder_Status	Responder	-0.236197519566175	1.02518674523994	0.819460181585557	0.970520097677275	sample_2022120210049
HROV.vOTU50212	Responder_Status	Responder	0.162945555814039	0.70631243242547	0.81922603283455	0.970520097677275	sample_2022120210049
HROV.vOTU09276	Responder_Status	Responder	-0.179615907015855	0.779321376482556	0.819396557196285	0.970520097677275	sample_2022120210049
HROV.vOTU59729	Responder_Status	Responder	0.151522132856558	0.657182500829973	0.819330452170201	0.970520097677275	sample_2022120210049
HROV.vOTU32240	Responder_Status	Responder	0.190350918843798	0.828268574854561	0.819903954805648	0.970632273265421	sample_2022120210049
HROV.vOTU06261	Responder_Status	Responder	0.110472388392031	0.48120305727876	0.820090528178686	0.970632273265421	sample_2022120210049
HROV.vOTU05726	Responder_Status	Responder	0.189799389454936	0.832485118560599	0.821309739642797	0.970782800559237	sample_2022120210049
HROV.vOTU01038	Responder_Status	Responder	-0.0611741196223368	0.268258442839975	0.821270940843992	0.970782800559237	sample_2022120210049
HROV.vOTU60948	Responder_Status	Responder	-0.208707790814986	0.920520302023815	0.822282355189769	0.97105100438581	sample_2022120210049
HROV.vOTU52792	Responder_Status	Responder	-0.15442087792321	0.684536683439104	0.823163051713596	0.971430313364643	sample_2022120210049
HROV.vOTU65967	Responder_Status	Responder	-0.167561584605715	0.742057595655361	0.822991913779862	0.971430313364643	sample_2022120210049
HROV.vOTU61935	Responder_Status	Responder	0.083410469378991	0.369673637918507	0.823125922775381	0.971430313364643	sample_2022120210049
HROV.vOTU17254	Responder_Status	Responder	-0.182591171233292	0.80968883123825	0.823222120991725	0.971440831554643	sample_2022120210049
HROV.vOTU51865	Responder_Status	Responder	0.253315824734613	1.12359152718101	0.823265215395264	0.971440831554643	sample_2022120210049
HROV.vOTU41690	Responder_Status	Responder	0.14428540735308	0.642649774087284	0.823985874071586	0.971469350398327	sample_2022120210049
HROV.vOTU43245	Responder_Status	Responder	0.155067653054967	0.690685716459703	0.823988786188589	0.971469350398327	sample_2022120210049
HROV.vOTU68286	Responder_Status	Responder	-0.107091418646951	0.476824276174925	0.823926812773745	0.971469350398327	sample_2022120210049
HROV.vOTU56503	Responder_Status	Responder	-0.204264781702058	0.911819325235641	0.82436916406556	0.971587936039481	sample_2022120210049
HROV.vOTU66481	Responder_Status	Responder	-0.199109754187965	0.890313228105339	0.824661055357744	0.971592444544359	sample_2022120210049
HROV.vOTU04911	Responder_Status	Responder	-0.222663237469567	0.995337181797836	0.824610024942235	0.971592444544359	sample_2022120210049
HROV.vOTU56502	Responder_Status	Responder	-0.0785533475130387	0.351047549673514	0.824562204826119	0.971592444544359	sample_2022120210049
HROV.vOTU40123	Responder_Status	Responder	-0.218842013062869	0.984120778160719	0.825637532258914	0.971866446843267	sample_2022120210049
HROV.vOTU71496	Responder_Status	Responder	0.230433965638401	1.03708370864566	0.82577546821764	0.971866446843267	sample_2022120210049
HROV.vOTU18618	Responder_Status	Responder	0.149913841940192	0.675489920986983	0.825976420799196	0.971907494535345	sample_2022120210049
HROV.vOTU61881	Responder_Status	Responder	0.0564184829903382	0.25420235784223	0.825968947947004	0.971907494535345	sample_2022120210049
HROV.vOTU18825	Responder_Status	Responder	-0.196787935390017	0.88760615938288	0.826151522007372	0.971984130161138	sample_2022120210049
HROV.vOTU28892	Responder_Status	Responder	-0.335109470615637	1.52843380395062	0.828045571710148	0.972864874706038	sample_2022120210049
HROV.vOTU50707	Responder_Status	Responder	-0.187048324284181	0.855126493235569	0.828441017856229	0.972864874706038	sample_2022120210049
HROV.vOTU01448	Responder_Status	Responder	0.227766690585249	1.04119293531157	0.828427208548605	0.972864874706038	sample_2022120210049
HROV.vOTU50048	Responder_Status	Responder	0.140106235720853	0.637900266077124	0.827747567261322	0.972864874706038	sample_2022120210049
HROV.vOTU19056	Responder_Status	Responder	0.269997432832338	1.23496029646455	0.828525244269614	0.972908947999629	sample_2022120210049
HROV.vOTU60071	Responder_Status	Responder	0.225159174870222	1.03041563753101	0.828614326177465	0.972921587763039	sample_2022120210049
HROV.vOTU01788	Responder_Status	Responder	0.398944259503051	1.82596895381444	0.828636984941366	0.972921587763039	sample_2022120210049
HROV.vOTU27530	Responder_Status	Responder	-0.138709998060645	0.635278374808735	0.828743740419787	0.972946178601807	sample_2022120210049
HROV.vOTU01535	Responder_Status	Responder	0.128240156054457	0.589745695711377	0.829434556485539	0.973189138763429	sample_2022120210049
HROV.vOTU66575	Responder_Status	Responder	-0.22012833748447	1.01433610734461	0.829768530539449	0.973260255517443	sample_2022120210049
HROV.vOTU69432	Responder_Status	Responder	-0.0822253371791178	0.378629787767973	0.829654026858663	0.973260255517443	sample_2022120210049
HROV.vOTU02735	Responder_Status	Responder	0.143960012434792	0.663387155800113	0.829775954627438	0.973260255517443	sample_2022120210049
HROV.vOTU44575	Responder_Status	Responder	0.302879103289239	1.40082698937692	0.830388043165682	0.973330930249241	sample_2022120210049
HROV.vOTU27668	Responder_Status	Responder	0.20413051762345	0.954003414694187	0.832119043733019	0.973330930249241	sample_2022120210049
HROV.vOTU24078	Responder_Status	Responder	0.158678051570954	0.738039269580231	0.831326043812062	0.973330930249241	sample_2022120210049
HROV.vOTU34657	Responder_Status	Responder	-0.221384571523405	1.03639648543856	0.832399085076782	0.973330930249241	sample_2022120210049
HROV.vOTU04654	Responder_Status	Responder	0.198206112572597	0.922428647058824	0.8314227705819	0.973330930249241	sample_2022120210049
HROV.vOTU05941	Responder_Status	Responder	0.146409539219226	0.687848240099574	0.832984883645528	0.973330930249241	sample_2022120210049
HROV.vOTU71610	Responder_Status	Responder	-0.198854727840611	0.931801123194582	0.832554283263887	0.973330930249241	sample_2022120210049
HROV.vOTU56590	Responder_Status	Responder	-0.0912221196053144	0.425937727796291	0.831968286569145	0.973330930249241	sample_2022120210049
HROV.vOTU40750	Responder_Status	Responder	-0.132144105560377	0.624442548635845	0.833936848774269	0.973339518756672	sample_2022120210049
HROV.vOTU73506	Responder_Status	Responder	0.304292039731942	1.4408691949115	0.834271337685638	0.973456727188635	sample_2022120210049
HROV.vOTU22906	Responder_Status	Responder	-0.154516956657378	0.731636349960991	0.834265762519593	0.973456727188635	sample_2022120210049
HROV.vOTU20868	Responder_Status	Responder	0.159009279510232	0.756628558106356	0.83506847270679	0.973606336510351	sample_2022120210049
HROV.vOTU62704	Responder_Status	Responder	-0.168550133878753	0.805057348929082	0.83567981226983	0.973671821760218	sample_2022120210049
HROV.vOTU50724	Responder_Status	Responder	0.116312933987548	0.558748141494733	0.836605373321403	0.973671821760218	sample_2022120210049
HROV.vOTU72225	Responder_Status	Responder	0.0883628488641682	0.422914693500175	0.836009438791962	0.973671821760218	sample_2022120210049
HROV.vOTU51983	Responder_Status	Responder	-0.202873101048115	0.974280180011509	0.836557672321329	0.973671821760218	sample_2022120210049
HROV.vOTU60079	Responder_Status	Responder	-0.176250213936263	0.839769237282812	0.835281548399153	0.973671821760218	sample_2022120210049
HROV.vOTU43815	Responder_Status	Responder	-0.112864856145715	0.542026405581497	0.836558529474647	0.973671821760218	sample_2022120210049
HROV.vOTU56041	Responder_Status	Responder	0.113333664629001	0.540856539111292	0.835540164001535	0.973671821760218	sample_2022120210049
HROV.vOTU41183	Responder_Status	Responder	-0.2097825750089	1.0057777141576	0.836287997964811	0.973671821760218	sample_2022120210049
HROV.vOTU07429	Responder_Status	Responder	0.050956266907707	0.243698719877056	0.835887610521816	0.973671821760218	sample_2022120210049
HROV.vOTU01895	Responder_Status	Responder	0.205434398053853	0.982747397961625	0.835929701205989	0.973671821760218	sample_2022120210049
HROV.vOTU25472	Responder_Status	Responder	0.178705202780172	0.858325058752172	0.836578134474737	0.973671821760218	sample_2022120210049
HROV.vOTU41084	Responder_Status	Responder	0.116425317102699	0.557686258720269	0.836143083379259	0.973671821760218	sample_2022120210049
HROV.vOTU17130	Responder_Status	Responder	0.13181224428453	0.634195771383241	0.836857037755559	0.973747145182457	sample_2022120210049
HROV.vOTU02525	Responder_Status	Responder	-0.10557664694698	0.509757808444974	0.837421741152237	0.973912190216308	sample_2022120210049
HROV.vOTU48425	Responder_Status	Responder	0.0991037973497495	0.4822253498166	0.838657848428897	0.974319765573325	sample_2022120210049
HROV.vOTU02792	Responder_Status	Responder	-0.0632889233823473	0.307132720219699	0.838232102264697	0.974319765573325	sample_2022120210049
HROV.vOTU20962	Responder_Status	Responder	0.190055119089239	0.926189012578645	0.838899428290433	0.974319765573325	sample_2022120210049
HROV.vOTU74280	Responder_Status	Responder	-0.105573491874284	0.513765992411155	0.838676419486416	0.974319765573325	sample_2022120210049
HROV.vOTU19538	Responder_Status	Responder	0.0388666453525441	0.189734305094984	0.839172939439085	0.974319765573325	sample_2022120210049
HROV.vOTU68836	Responder_Status	Responder	0.13242814721055	0.651848579190503	0.840480839563297	0.974661892960546	sample_2022120210049
HROV.vOTU04983	Responder_Status	Responder	0.182987124220263	0.901065689897822	0.840542205600557	0.974661892960546	sample_2022120210049
HROV.vOTU07631	Responder_Status	Responder	0.215545529390333	1.05863813054396	0.840133608145175	0.974661892960546	sample_2022120210049
HROV.vOTU08375	Responder_Status	Responder	0.143733476916774	0.706698110869387	0.840303158568199	0.974661892960546	sample_2022120210049
HROV.vOTU11952	Responder_Status	Responder	0.171039324481554	0.845160526182517	0.841086904012585	0.974750858896513	sample_2022120210049
HROV.vOTU41054	Responder_Status	Responder	0.256392154245947	1.2652332171024	0.840878470100808	0.974750858896513	sample_2022120210049
HROV.vOTU44668	Responder_Status	Responder	-0.186503651113177	0.921596168309999	0.841090544143084	0.974750858896513	sample_2022120210049
HROV.vOTU75949	Responder_Status	Responder	-0.187719016199761	0.929232671528949	0.841365531282936	0.97481146292094	sample_2022120210049
HROV.vOTU68660	Responder_Status	Responder	-0.178802706580484	0.885402512277813	0.84141971136481	0.97481146292094	sample_2022120210049
HROV.vOTU45112	Responder_Status	Responder	0.209005750859439	1.04057698850377	0.842263365464961	0.975299128520117	sample_2022120210049
HROV.vOTU47485	Responder_Status	Responder	-0.125002081395929	0.623355987748749	0.842514935490842	0.975410532219919	sample_2022120210049
HROV.vOTU67786	Responder_Status	Responder	0.217238273669061	1.08421243292166	0.842643323767142	0.975413836918073	sample_2022120210049
HROV.vOTU00617	Responder_Status	Responder	-0.121121106193104	0.605087562492694	0.842793463496344	0.975533433997018	sample_2022120210049
HROV.vOTU52289	Responder_Status	Responder	-0.129292925904578	0.647152212366908	0.843090675642373	0.975606455262918	sample_2022120210049
HROV.vOTU25686	Responder_Status	Responder	0.143052661780766	0.718509911290801	0.843626143279396	0.976017301079566	sample_2022120210049
HROV.vOTU43842	Responder_Status	Responder	-0.278601345477951	1.40547144825492	0.844300254662361	0.976205802773986	sample_2022120210049
HROV.vOTU25694	Responder_Status	Responder	0.216493645923991	1.12685719718679	0.849033512155085	0.976205802773986	sample_2022120210049
HROV.vOTU07424	Responder_Status	Responder	-0.113519741119586	0.583938669648061	0.847263544986263	0.976205802773986	sample_2022120210049
HROV.vOTU08812	Responder_Status	Responder	0.229226432598747	1.17302143644848	0.846478959198622	0.976205802773986	sample_2022120210049
HROV.vOTU24166	Responder_Status	Responder	0.0700190722588107	0.358573159387189	0.846590616079242	0.976205802773986	sample_2022120210049
HROV.vOTU69424	Responder_Status	Responder	0.185102314435029	0.964291946110633	0.849161463420553	0.976205802773986	sample_2022120210049
HROV.vOTU62395	Responder_Status	Responder	0.0844116975354971	0.42930444643001	0.845541756201647	0.976205802773986	sample_2022120210049
HROV.vOTU46243	Responder_Status	Responder	0.164992966971895	0.832432894238237	0.844316163443599	0.976205802773986	sample_2022120210049
HROV.vOTU02249	Responder_Status	Responder	0.19703490010834	1.02014720590937	0.84824072219805	0.976205802773986	sample_2022120210049
HROV.vOTU49079	Responder_Status	Responder	-0.202904941031693	1.03378068985654	0.845812811747034	0.976205802773986	sample_2022120210049
HROV.vOTU50485	Responder_Status	Responder	-0.231646187673436	1.1672895048269	0.84412848886571	0.976205802773986	sample_2022120210049
HROV.vOTU31335	Responder_Status	Responder	-0.0804049207520764	0.416891127564186	0.848454570131064	0.976205802773986	sample_2022120210049
HROV.vOTU33392	Responder_Status	Responder	-0.157906291226116	0.819028042551645	0.848509442866654	0.976205802773986	sample_2022120210049
HROV.vOTU17571	Responder_Status	Responder	0.0677917030422469	0.350198301920353	0.847901530840335	0.976205802773986	sample_2022120210049
HROV.vOTU71058	Responder_Status	Responder	0.104171938213157	0.536593809879939	0.84747136082898	0.976205802773986	sample_2022120210049
HROV.vOTU51722	Responder_Status	Responder	0.0522086832979365	0.267012643597022	0.846390962890509	0.976205802773986	sample_2022120210049
HROV.vOTU05157	Responder_Status	Responder	-0.144327238095966	0.735299287933285	0.84580582299608	0.976205802773986	sample_2022120210049
HROV.vOTU63177	Responder_Status	Responder	0.1797091972168	0.911614656679017	0.845147603269933	0.976205802773986	sample_2022120210049
HROV.vOTU53949	Responder_Status	Responder	0.0907430621047995	0.468332645063567	0.847764397586894	0.976205802773986	sample_2022120210049
HROV.vOTU69300	Responder_Status	Responder	-0.274658333269198	1.4014041250215	0.846035055632117	0.976205802773986	sample_2022120210049
HROV.vOTU17675	Responder_Status	Responder	0.0829757355978285	0.41841291183027	0.844234863348254	0.976205802773986	sample_2022120210049
HROV.vOTU26162	Responder_Status	Responder	-0.261777479349044	1.34003651427456	0.846528872859996	0.976205802773986	sample_2022120210049
HROV.vOTU22635	Responder_Status	Responder	-0.0985519090501041	0.508111391002212	0.847609611932286	0.976205802773986	sample_2022120210049
HROV.vOTU31923	Responder_Status	Responder	-0.062508447671464	0.327913788425238	0.850195099986532	0.976268768450558	sample_2022120210049
HROV.vOTU27263	Responder_Status	Responder	-0.0602595473270311	0.315344049066483	0.84983285344292	0.976268768450558	sample_2022120210049
HROV.vOTU07448	Responder_Status	Responder	0.0827296911345125	0.433315509927304	0.849963929504996	0.976268768450558	sample_2022120210049
HROV.vOTU07731	Responder_Status	Responder	0.130402993432118	0.681951350218481	0.849732799157699	0.976268768450558	sample_2022120210049
HROV.vOTU02408	Responder_Status	Responder	0.259276726148658	1.35800477219076	0.849962200032517	0.976268768450558	sample_2022120210049
HROV.vOTU35221	Responder_Status	Responder	-0.187257070732156	0.986389246527535	0.850803338738789	0.976486479946767	sample_2022120210049
HROV.vOTU32153	Responder_Status	Responder	-0.231795681962518	1.22604234214795	0.851409469166795	0.976630385573134	sample_2022120210049
HROV.vOTU49421	Responder_Status	Responder	-0.181304427483109	0.960022540712793	0.8515691967702	0.976630385573134	sample_2022120210049
HROV.vOTU37184	Responder_Status	Responder	-0.119091803435327	0.632103125151974	0.851917543386864	0.976814815720946	sample_2022120210049
HROV.vOTU56533	Responder_Status	Responder	-0.102890224699047	0.54665915831708	0.85206447527397	0.976929525772241	sample_2022120210049
HROV.vOTU36027	Responder_Status	Responder	-0.183036115954278	0.979846106792526	0.853163682931214	0.977005114797701	sample_2022120210049
HROV.vOTU49128	Responder_Status	Responder	-0.225437924175758	1.20746807378702	0.853239694035438	0.977005114797701	sample_2022120210049
HROV.vOTU26876	Responder_Status	Responder	0.178243904284734	0.950107941669666	0.852540115620004	0.977005114797701	sample_2022120210049
HROV.vOTU26839	Responder_Status	Responder	-0.235750990433574	1.26095727977715	0.853038617607359	0.977005114797701	sample_2022120210049
HROV.vOTU12978	Responder_Status	Responder	-0.246615533639636	1.31477968025809	0.852565034331034	0.977005114797701	sample_2022120210049
HROV.vOTU12009	Responder_Status	Responder	-0.104310132819666	0.556758665883747	0.852735289077805	0.977005114797701	sample_2022120210049
HROV.vOTU17706	Responder_Status	Responder	0.0783269987746396	0.418496836555293	0.852882687614285	0.977005114797701	sample_2022120210049
HROV.vOTU36786	Responder_Status	Responder	-0.192426198210431	1.03828694872288	0.854305833544365	0.977096499966287	sample_2022120210049
HROV.vOTU06467	Responder_Status	Responder	0.174869036375422	0.938526247722221	0.853534833417025	0.977096499966287	sample_2022120210049
HROV.vOTU68457	Responder_Status	Responder	0.0706857251013679	0.380129360284863	0.85382319590809	0.977096499966287	sample_2022120210049
HROV.vOTU73002	Responder_Status	Responder	-0.190646336132266	1.03279389123715	0.854878918414745	0.977098568817808	sample_2022120210049
HROV.vOTU25462	Responder_Status	Responder	0.136345114953772	0.737092311189567	0.854580442340732	0.977098568817808	sample_2022120210049
HROV.vOTU68801	Responder_Status	Responder	0.190477972633004	1.03226340117117	0.854931937103367	0.977098568817808	sample_2022120210049
HROV.vOTU37067	Responder_Status	Responder	0.112375094725238	0.609404674405784	0.855027623268173	0.97715432673975	sample_2022120210049
HROV.vOTU11782	Responder_Status	Responder	-0.0542776248626173	0.294694592964138	0.855197636659399	0.977167506118202	sample_2022120210049
HROV.vOTU35144	Responder_Status	Responder	0.143126623318242	0.778874296259441	0.855525364652209	0.977240733143025	sample_2022120210049
HROV.vOTU72910	Responder_Status	Responder	0.223333860949332	1.21634677954094	0.855642337513555	0.977267191212308	sample_2022120210049
HROV.vOTU06271	Responder_Status	Responder	-0.129564856561752	0.70724813949907	0.855964540808444	0.977322649750063	sample_2022120210049
HROV.vOTU63642	Responder_Status	Responder	0.242230347429787	1.32187144789638	0.855923908619142	0.977322649750063	sample_2022120210049
HROV.vOTU19754	Responder_Status	Responder	-0.127773665773578	0.702558298577807	0.856995692925731	0.977333322469694	sample_2022120210049
HROV.vOTU10300	Responder_Status	Responder	-0.170594685038854	0.934004118537859	0.856389681879384	0.977333322469694	sample_2022120210049
HROV.vOTU06071	Responder_Status	Responder	-0.0930678113088622	0.510968462883732	0.856785107248663	0.977333322469694	sample_2022120210049
HROV.vOTU04632	Responder_Status	Responder	-0.0927758659018446	0.508042100609904	0.856416285343538	0.977333322469694	sample_2022120210049
HROV.vOTU44289	Responder_Status	Responder	0.105115210047253	0.580055400217419	0.857503594547394	0.977333322469694	sample_2022120210049
HROV.vOTU58977	Responder_Status	Responder	0.126593487386419	0.701064252964655	0.858003154165982	0.977406385258389	sample_2022120210049
HROV.vOTU61871	Responder_Status	Responder	-0.162867773319034	0.90590971507289	0.858617186339607	0.977562723815373	sample_2022120210049
HROV.vOTU63059	Responder_Status	Responder	0.190898413564824	1.07645833938883	0.860518509274695	0.977562723815373	sample_2022120210049
HROV.vOTU30919	Responder_Status	Responder	-0.119168971574721	0.661013938904894	0.858229598971374	0.977562723815373	sample_2022120210049
HROV.vOTU35575	Responder_Status	Responder	0.10025253473115	0.562659341660072	0.859867418548024	0.977562723815373	sample_2022120210049
HROV.vOTU04280	Responder_Status	Responder	0.198876852160959	1.11970156765618	0.860303310266564	0.977562723815373	sample_2022120210049
HROV.vOTU13316	Responder_Status	Responder	0.0961616955149086	0.543339818387781	0.860796070404702	0.977562723815373	sample_2022120210049
HROV.vOTU39080	Responder_Status	Responder	-0.0571550020859195	0.320048769639597	0.859551671155617	0.977562723815373	sample_2022120210049
HROV.vOTU55238	Responder_Status	Responder	-0.0630470779625067	0.356420583233721	0.860868470609897	0.977562723815373	sample_2022120210049
HROV.vOTU27487	Responder_Status	Responder	-0.17154651188301	0.980916778309128	0.862429367451892	0.977690879431254	sample_2022120210049
HROV.vOTU35203	Responder_Status	Responder	0.150648963025744	0.857649262464479	0.861830460192277	0.977690879431254	sample_2022120210049
HROV.vOTU72250	Responder_Status	Responder	0.16102752462857	0.922017579059536	0.86261380375197	0.977690879431254	sample_2022120210049
HROV.vOTU49433	Responder_Status	Responder	0.14641313490466	0.836175011530003	0.862262165272256	0.977690879431254	sample_2022120210049
HROV.vOTU07511	Responder_Status	Responder	0.135120524307123	0.772083578074796	0.862333021421703	0.977690879431254	sample_2022120210049
HROV.vOTU57098	Responder_Status	Responder	0.0502373185506012	0.288591929165464	0.8630571785784	0.977997638067201	sample_2022120210049
HROV.vOTU06386	Responder_Status	Responder	-0.093822756116067	0.539435652589189	0.863173748338411	0.978011706627861	sample_2022120210049
HROV.vOTU08847	Responder_Status	Responder	-0.178264559314016	1.02862333993448	0.863659249518856	0.978150866997958	sample_2022120210049
HROV.vOTU64056	Responder_Status	Responder	-0.120278272436642	0.6974017603958	0.864311575474704	0.978163157052249	sample_2022120210049
HROV.vOTU05947	Responder_Status	Responder	-0.139755385863571	0.820966322380169	0.866051152298672	0.978163157052249	sample_2022120210049
HROV.vOTU28419	Responder_Status	Responder	-0.129534649204017	0.755553195949931	0.865108119276313	0.978163157052249	sample_2022120210049
HROV.vOTU32243	Responder_Status	Responder	0.186150415048785	1.0776758465006	0.864103697242398	0.978163157052249	sample_2022120210049
HROV.vOTU30516	Responder_Status	Responder	-0.113602288508916	0.65918428593041	0.864411704868029	0.978163157052249	sample_2022120210049
HROV.vOTU33134	Responder_Status	Responder	-0.199891160155301	1.16955104186625	0.865521495810715	0.978163157052249	sample_2022120210049
HROV.vOTU07216	Responder_Status	Responder	-0.152452599139408	0.887056384002454	0.86478099025307	0.978163157052249	sample_2022120210049
HROV.vOTU54284	Responder_Status	Responder	0.123332970295229	0.718697846591416	0.864981404417474	0.978163157052249	sample_2022120210049
HROV.vOTU46144	Responder_Status	Responder	-0.0949468272157125	0.551533056953006	0.864557276069724	0.978163157052249	sample_2022120210049
HROV.vOTU02807	Responder_Status	Responder	0.117804688132963	0.690725426668546	0.865802390370039	0.978163157052249	sample_2022120210049
HROV.vOTU04086	Responder_Status	Responder	0.0841384820970802	0.495222113170665	0.866310023130108	0.978168251540825	sample_2022120210049
HROV.vOTU68402	Responder_Status	Responder	0.182093934990356	1.07544290650242	0.866762332253123	0.978382987999448	sample_2022120210049
HROV.vOTU07672	Responder_Status	Responder	-0.156003594862349	0.927000720991761	0.867566023095225	0.978442040491161	sample_2022120210049
HROV.vOTU43532	Responder_Status	Responder	0.10882038489349	0.64965387991423	0.868176530000485	0.978442040491161	sample_2022120210049
HROV.vOTU48081	Responder_Status	Responder	0.144006887406952	0.858115461447086	0.867933023407902	0.978442040491161	sample_2022120210049
HROV.vOTU42398	Responder_Status	Responder	-0.222329678798827	1.31702773278576	0.867158354666096	0.978442040491161	sample_2022120210049
HROV.vOTU53150	Responder_Status	Responder	-0.124706171144346	0.744279655526413	0.868139376921077	0.978442040491161	sample_2022120210049
HROV.vOTU72898	Responder_Status	Responder	0.120834209734737	0.722495143767403	0.868378761060959	0.978465856953337	sample_2022120210049
HROV.vOTU14235	Responder_Status	Responder	-0.0309624624867101	0.185759728246901	0.868819578594763	0.978531591979128	sample_2022120210049
HROV.vOTU33468	Responder_Status	Responder	-0.115587403329043	0.695633125914903	0.86922394440519	0.978682801270484	sample_2022120210049
HROV.vOTU45464	Responder_Status	Responder	-0.107068726442702	0.644984398623569	0.86934821103658	0.978682801270484	sample_2022120210049
HROV.vOTU35482	Responder_Status	Responder	-0.215481065599797	1.31305904754061	0.870826476378845	0.979141654660142	sample_2022120210049
HROV.vOTU58030	Responder_Status	Responder	0.139282366180428	0.847514256689314	0.870642389544916	0.979141654660142	sample_2022120210049
HROV.vOTU32134	Responder_Status	Responder	0.0819834793360776	0.498922482367351	0.870658870107804	0.979141654660142	sample_2022120210049
HROV.vOTU07890	Responder_Status	Responder	-0.0495261286258839	0.302973271063964	0.871324950808688	0.979141654660142	sample_2022120210049
HROV.vOTU42672	Responder_Status	Responder	0.169129228743396	1.03570356486358	0.871456069389516	0.979141654660142	sample_2022120210049
HROV.vOTU17311	Responder_Status	Responder	0.0619434312391774	0.38066605545912	0.871904615746113	0.979141654660142	sample_2022120210049
HROV.vOTU15867	Responder_Status	Responder	0.083106767617521	0.507160110458331	0.871013039645929	0.979141654660142	sample_2022120210049
HROV.vOTU70245	Responder_Status	Responder	-0.196771530057303	1.21265131637983	0.872262088214147	0.979179989652034	sample_2022120210049
HROV.vOTU31882	Responder_Status	Responder	0.158693964870505	0.983496413135261	0.872970942803056	0.979229545085945	sample_2022120210049
HROV.vOTU66549	Responder_Status	Responder	-0.165300788739899	1.02467213119176	0.872999240159934	0.979229545085945	sample_2022120210049
HROV.vOTU32445	Responder_Status	Responder	-0.0992954332659202	0.61273273530882	0.872427572328783	0.979229545085945	sample_2022120210049
HROV.vOTU29204	Responder_Status	Responder	-0.126080271313074	0.778128667386497	0.872445756563799	0.979229545085945	sample_2022120210049
HROV.vOTU37012	Responder_Status	Responder	-0.158067491690663	0.982015527400015	0.873278837851159	0.979229545085945	sample_2022120210049
HROV.vOTU03059	Responder_Status	Responder	0.164226523319425	1.02105737267199	0.873374538740131	0.979229545085945	sample_2022120210049
HROV.vOTU59157	Responder_Status	Responder	-0.151728906825365	0.950770597543509	0.874353474324144	0.979261690307432	sample_2022120210049
HROV.vOTU63903	Responder_Status	Responder	0.170816152452459	1.07290071621966	0.874646565642074	0.979261690307432	sample_2022120210049
HROV.vOTU34103	Responder_Status	Responder	0.175449778664361	1.09724600925503	0.874107690624329	0.979261690307432	sample_2022120210049
HROV.vOTU75110	Responder_Status	Responder	-0.125956099377672	0.790967462009005	0.874620473174937	0.979261690307432	sample_2022120210049
HROV.vOTU14210	Responder_Status	Responder	-0.134795760094525	0.847177855515722	0.874723155441816	0.979261690307432	sample_2022120210049
HROV.vOTU39185	Responder_Status	Responder	0.143834446601602	0.897932304245924	0.873886113204903	0.979261690307432	sample_2022120210049
HROV.vOTU28139	Responder_Status	Responder	0.0843680217936881	0.530062508135505	0.87468050118313	0.979261690307432	sample_2022120210049
HROV.vOTU36921	Responder_Status	Responder	-0.0831372672797002	0.523252965210244	0.874899632734075	0.979291600301625	sample_2022120210049
HROV.vOTU63440	Responder_Status	Responder	0.184061699027439	1.17306005643146	0.876443851637222	0.979494054007484	sample_2022120210049
HROV.vOTU52713	Responder_Status	Responder	-0.122096113477551	0.773688451574788	0.875738759943917	0.979494054007484	sample_2022120210049
HROV.vOTU65018	Responder_Status	Responder	-0.115284837552688	0.732841057986251	0.87612773443847	0.979494054007484	sample_2022120210049
HROV.vOTU05459	Responder_Status	Responder	-0.10659756953604	0.675862753144082	0.875808789263799	0.979494054007484	sample_2022120210049
HROV.vOTU07559	Responder_Status	Responder	-0.163210193151757	1.03777558377915	0.876161261135088	0.979494054007484	sample_2022120210049
HROV.vOTU00728	Responder_Status	Responder	-0.083356692504259	0.527177117482356	0.875497921203438	0.979494054007484	sample_2022120210049
HROV.vOTU34622	Responder_Status	Responder	0.109890330424997	0.702078896509373	0.876745218573115	0.979509408935532	sample_2022120210049
HROV.vOTU47931	Responder_Status	Responder	-0.204482964583936	1.30857441839409	0.876946226715432	0.979582598842806	sample_2022120210049
HROV.vOTU37593	Responder_Status	Responder	0.158404772594062	1.02494047288047	0.878284573528413	0.97972780397428	sample_2022120210049
HROV.vOTU56079	Responder_Status	Responder	-0.109059049033054	0.702009369999845	0.877657815523856	0.97972780397428	sample_2022120210049
HROV.vOTU74409	Responder_Status	Responder	0.0851963953516077	0.549361688189605	0.877868821446814	0.97972780397428	sample_2022120210049
HROV.vOTU39127	Responder_Status	Responder	-0.0640289456212135	0.416444006505874	0.878908369382297	0.979763570746575	sample_2022120210049
HROV.vOTU54313	Responder_Status	Responder	0.0534060758898831	0.347357891964156	0.878910094013197	0.979763570746575	sample_2022120210049
HROV.vOTU01004	Responder_Status	Responder	-0.116044923517216	0.772264043071421	0.881632117414662	0.980104539736691	sample_2022120210049
HROV.vOTU02247	Responder_Status	Responder	0.161105487674659	1.07269968279293	0.881693801511745	0.980104539736691	sample_2022120210049
HROV.vOTU21542	Responder_Status	Responder	-0.117707678709258	0.770646907773124	0.879699638314384	0.980104539736691	sample_2022120210049
HROV.vOTU41996	Responder_Status	Responder	0.0658722489602551	0.432418724979192	0.880015597941674	0.980104539736691	sample_2022120210049
HROV.vOTU67231	Responder_Status	Responder	0.0915125975858306	0.609737307675134	0.88177326061367	0.980104539736691	sample_2022120210049
HROV.vOTU19804	Responder_Status	Responder	-0.107276679787055	0.715015302636855	0.881813265715393	0.980104539736691	sample_2022120210049
HROV.vOTU16478	Responder_Status	Responder	-0.102802927024198	0.678403578815193	0.880639054243646	0.980104539736691	sample_2022120210049
HROV.vOTU38461	Responder_Status	Responder	0.0625280557857446	0.417395622731579	0.881992147785039	0.980104539736691	sample_2022120210049
HROV.vOTU24290	Responder_Status	Responder	-0.105950150540224	0.703884359804105	0.881431847663069	0.980104539736691	sample_2022120210049
HROV.vOTU52765	Responder_Status	Responder	-0.114394165350458	0.75286317569404	0.880319484858631	0.980104539736691	sample_2022120210049
HROV.vOTU05957	Responder_Status	Responder	-0.0505862126115466	0.338274786824245	0.882198099007777	0.980141704944651	sample_2022120210049
HROV.vOTU00904	Responder_Status	Responder	0.204329179949995	1.37314489689988	0.882775001773435	0.980188606080305	sample_2022120210049
HROV.vOTU16683	Responder_Status	Responder	0.0572631416240506	0.384403673011669	0.882648068887041	0.980188606080305	sample_2022120210049
HROV.vOTU02898	Responder_Status	Responder	-0.103255246917132	0.692542956264158	0.882546726595417	0.980188606080305	sample_2022120210049
HROV.vOTU37414	Responder_Status	Responder	-0.128294751673931	0.867509097884214	0.883490497953287	0.980443161743086	sample_2022120210049
HROV.vOTU21463	Responder_Status	Responder	0.138870805902529	0.950142157445603	0.884843917463324	0.980626189183203	sample_2022120210049
HROV.vOTU04498	Responder_Status	Responder	-0.224583635108268	1.53202710705108	0.884504073352748	0.980626189183203	sample_2022120210049
HROV.vOTU19348	Responder_Status	Responder	-0.105036709652491	0.718047421123693	0.884747645354904	0.980626189183203	sample_2022120210049
HROV.vOTU02493	Responder_Status	Responder	-0.163679973591129	1.1165521656325	0.884502787637742	0.980626189183203	sample_2022120210049
HROV.vOTU74481	Responder_Status	Responder	-0.079946810869124	0.547914380200678	0.885036932050321	0.980626189183203	sample_2022120210049
HROV.vOTU03303	Responder_Status	Responder	-0.10329066213793	0.714502290652646	0.886091379519213	0.980817676029519	sample_2022120210049
HROV.vOTU35442	Responder_Status	Responder	0.147038063938761	1.01657797304991	0.886031043986637	0.980817676029519	sample_2022120210049
HROV.vOTU03141	Responder_Status	Responder	0.0757155746127581	0.524020964923267	0.886148880901352	0.980817676029519	sample_2022120210049
HROV.vOTU65053	Responder_Status	Responder	-0.12226208892177	0.845392288199302	0.886045515885989	0.980817676029519	sample_2022120210049
HROV.vOTU10574	Responder_Status	Responder	-0.119270424155936	0.826283032458862	0.886261426368954	0.98082402371169	sample_2022120210049
HROV.vOTU13703	Responder_Status	Responder	-0.166352634058217	1.15604963225557	0.886612101944123	0.980965596304275	sample_2022120210049
HROV.vOTU57265	Responder_Status	Responder	-0.19105449532684	1.33461772879659	0.887194612302976	0.980988261569165	sample_2022120210049
HROV.vOTU14756	Responder_Status	Responder	-0.0896892573458497	0.626902146479331	0.887261572524697	0.980988261569165	sample_2022120210049
HROV.vOTU33368	Responder_Status	Responder	-0.125403362129694	0.876120250339541	0.88720877321469	0.980988261569165	sample_2022120210049
HROV.vOTU08028	Responder_Status	Responder	0.157491092921539	1.10080449998843	0.887260250335292	0.980988261569165	sample_2022120210049
HROV.vOTU18571	Responder_Status	Responder	-0.0746482378340909	0.521388856193585	0.887179795710097	0.980988261569165	sample_2022120210049
HROV.vOTU20224	Responder_Status	Responder	0.0354185153956642	0.248006014654765	0.887460528026216	0.980988261569165	sample_2022120210049
HROV.vOTU54565	Responder_Status	Responder	0.170615183102144	1.19384590254079	0.887382982678141	0.980988261569165	sample_2022120210049
HROV.vOTU00921	Responder_Status	Responder	0.133162533175317	0.933423828502383	0.887580109464784	0.980988261569165	sample_2022120210049
HROV.vOTU18575	Responder_Status	Responder	0.0849020140738796	0.592804996953259	0.887141530403418	0.980988261569165	sample_2022120210049
HROV.vOTU63713	Responder_Status	Responder	-0.1351968722544	0.948668271031501	0.887695950431863	0.981018677518053	sample_2022120210049
HROV.vOTU07483	Responder_Status	Responder	-0.10199678371299	0.72509721318675	0.889140618487591	0.981477765445424	sample_2022120210049
HROV.vOTU43798	Responder_Status	Responder	0.11608383752859	0.825286180749098	0.889146464013646	0.981477765445424	sample_2022120210049
HROV.vOTU15717	Responder_Status	Responder	-0.0766894562977886	0.543483970073644	0.888795631426618	0.981477765445424	sample_2022120210049
HROV.vOTU31297	Responder_Status	Responder	-0.10072272808273	0.719619368205359	0.889688314451732	0.981569517320013	sample_2022120210049
HROV.vOTU28184	Responder_Status	Responder	-0.0837502998780139	0.598402838930645	0.889696364966209	0.981569517320013	sample_2022120210049
HROV.vOTU19515	Responder_Status	Responder	0.129000076299962	0.923510165733832	0.889909189853174	0.981612495625899	sample_2022120210049
HROV.vOTU01886	Responder_Status	Responder	-0.0655983844282434	0.474198519898612	0.890965542927565	0.981810388927484	sample_2022120210049
HROV.vOTU74408	Responder_Status	Responder	-0.156614054573386	1.14509771583193	0.892191947016224	0.982161480878895	sample_2022120210049
HROV.vOTU67283	Responder_Status	Responder	-0.121580950690974	0.885403887291459	0.891762960037352	0.982161480878895	sample_2022120210049
HROV.vOTU08038	Responder_Status	Responder	0.098158320527794	0.717134238746274	0.892108433658537	0.982161480878895	sample_2022120210049
HROV.vOTU22105	Responder_Status	Responder	-0.1002754865835	0.732037222489547	0.892025726956979	0.982161480878895	sample_2022120210049
HROV.vOTU47892	Responder_Status	Responder	-0.105708196842436	0.780781894271312	0.893274044077056	0.982626459631372	sample_2022120210049
HROV.vOTU17993	Responder_Status	Responder	0.132375054292088	0.977126438824182	0.893206513852922	0.982626459631372	sample_2022120210049
HROV.vOTU42542	Responder_Status	Responder	-0.184024788504811	1.35771780732119	0.893154839982784	0.982626459631372	sample_2022120210049
HROV.vOTU55814	Responder_Status	Responder	0.129637372909512	0.953639888186584	0.892841718049877	0.982626459631372	sample_2022120210049
HROV.vOTU69870	Responder_Status	Responder	-0.0627783364414108	0.462055624193751	0.892898159283541	0.982626459631372	sample_2022120210049
HROV.vOTU61960	Responder_Status	Responder	-0.161662415811326	1.20052301121123	0.89384403910221	0.982784602312896	sample_2022120210049
HROV.vOTU17408	Responder_Status	Responder	-0.112667652601008	0.840297442231435	0.894297891053951	0.983048251562154	sample_2022120210049
HROV.vOTU39786	Responder_Status	Responder	0.0454466479953395	0.340676971579227	0.89483042547299	0.983214480196552	sample_2022120210049
HROV.vOTU60666	Responder_Status	Responder	-0.102676252184437	0.77160802283661	0.895091434821338	0.983349857342609	sample_2022120210049
HROV.vOTU34489	Responder_Status	Responder	-0.0704272324461311	0.529697937532513	0.895178055274421	0.98339316575148	sample_2022120210049
HROV.vOTU51623	Responder_Status	Responder	-0.11778982321078	0.923429848238997	0.899411363640941	0.983757538368781	sample_2022120210049
HROV.vOTU75686	Responder_Status	Responder	-0.0678962433191261	0.517577358416149	0.896570261191068	0.983757538368781	sample_2022120210049
HROV.vOTU72545	Responder_Status	Responder	0.076470995956888	0.58108573901154	0.89624160544718	0.983757538368781	sample_2022120210049
HROV.vOTU23035	Responder_Status	Responder	0.144428241385343	1.13577724371319	0.899720645212861	0.983757538368781	sample_2022120210049
HROV.vOTU62590	Responder_Status	Responder	0.114870293230666	0.908687412555968	0.900308072915471	0.983757538368781	sample_2022120210049
HROV.vOTU56498	Responder_Status	Responder	-0.095172679352675	0.730135603997927	0.897222043044966	0.983757538368781	sample_2022120210049
HROV.vOTU11316	Responder_Status	Responder	-0.113625666729138	0.870714368103144	0.897106233915893	0.983757538368781	sample_2022120210049
HROV.vOTU14287	Responder_Status	Responder	-0.135937374153419	1.05122737677101	0.898034431701192	0.983757538368781	sample_2022120210049
HROV.vOTU22511	Responder_Status	Responder	-0.164551028922227	1.27866361713449	0.898522993967247	0.983757538368781	sample_2022120210049
HROV.vOTU52432	Responder_Status	Responder	-0.111072484114467	0.865011537134494	0.898745718391136	0.983757538368781	sample_2022120210049
HROV.vOTU21304	Responder_Status	Responder	-0.138439512954596	1.09172149346244	0.899998273979301	0.983757538368781	sample_2022120210049
HROV.vOTU52664	Responder_Status	Responder	-0.0413969162276524	0.32065355008753	0.89820010011411	0.983757538368781	sample_2022120210049
HROV.vOTU57842	Responder_Status	Responder	0.0921511016763586	0.721372441277517	0.899264517994168	0.983757538368781	sample_2022120210049
HROV.vOTU70430	Responder_Status	Responder	-0.139335768196611	1.06968463652373	0.897293049608164	0.983757538368781	sample_2022120210049
HROV.vOTU13371	Responder_Status	Responder	-0.0753931001844642	0.580154951795374	0.897532411574705	0.983757538368781	sample_2022120210049
HROV.vOTU41784	Responder_Status	Responder	0.135017440808519	1.05317500518091	0.898906768075667	0.983757538368781	sample_2022120210049
HROV.vOTU49059	Responder_Status	Responder	-0.0954496148022691	0.750121984606968	0.899655568162998	0.983757538368781	sample_2022120210049
HROV.vOTU41868	Responder_Status	Responder	-0.0562736154025219	0.430201419828547	0.896862822559535	0.983757538368781	sample_2022120210049
HROV.vOTU09662	Responder_Status	Responder	-0.0852486495930215	0.663897085204248	0.89874521735655	0.983757538368781	sample_2022120210049
HROV.vOTU59437	Responder_Status	Responder	0.02954267762961	0.231701302093569	0.899453383215658	0.983757538368781	sample_2022120210049
HROV.vOTU03672	Responder_Status	Responder	-0.0796369627057034	0.636058928837392	0.901256874700374	0.983841666365859	sample_2022120210049
HROV.vOTU39637	Responder_Status	Responder	-0.0731602280311156	0.585149111828776	0.901394459767597	0.983841666365859	sample_2022120210049
HROV.vOTU15034	Responder_Status	Responder	-0.0445258064744806	0.358250800807129	0.901976259962506	0.983879730023945	sample_2022120210049
HROV.vOTU21646	Responder_Status	Responder	-0.104898490850736	0.842797672539031	0.901836678058408	0.983879730023945	sample_2022120210049
HROV.vOTU07463	Responder_Status	Responder	0.157229784504949	1.2649867047388	0.901970819179737	0.983879730023945	sample_2022120210049
HROV.vOTU59600	Responder_Status	Responder	-0.128511817554008	1.03279244182864	0.901862731162227	0.983879730023945	sample_2022120210049
HROV.vOTU31244	Responder_Status	Responder	-0.051790234435263	0.420040941962596	0.902751882678443	0.984348429596444	sample_2022120210049
HROV.vOTU73171	Responder_Status	Responder	0.0955300405366954	0.780239089432734	0.903427598015442	0.984668027027189	sample_2022120210049
HROV.vOTU72289	Responder_Status	Responder	-0.0894831033897108	0.730246818706122	0.903348124872706	0.984668027027189	sample_2022120210049
HROV.vOTU08406	Responder_Status	Responder	-0.160302417173889	1.32881682241268	0.904841304742166	0.984675709521567	sample_2022120210049
HROV.vOTU13294	Responder_Status	Responder	0.0503703702307134	0.41819650177732	0.904989483986582	0.984675709521567	sample_2022120210049
HROV.vOTU67011	Responder_Status	Responder	-0.107495734081702	0.887637129753199	0.90447416628961	0.984675709521567	sample_2022120210049
HROV.vOTU18787	Responder_Status	Responder	0.0906478495683315	0.748365743565171	0.904454941669963	0.984675709521567	sample_2022120210049
HROV.vOTU64896	Responder_Status	Responder	-0.0557071603992692	0.458794188360929	0.904224942689192	0.984675709521567	sample_2022120210049
HROV.vOTU47242	Responder_Status	Responder	-0.0768861078702358	0.640055679925915	0.905242661466686	0.984740294035316	sample_2022120210049
HROV.vOTU12648	Responder_Status	Responder	-0.174669355563834	1.480725200492	0.906939906080401	0.984813526581503	sample_2022120210049
HROV.vOTU17724	Responder_Status	Responder	-0.112982413719051	0.957226956845151	0.906885793258622	0.984813526581503	sample_2022120210049
HROV.vOTU71894	Responder_Status	Responder	-0.0896864564963979	0.760815875956927	0.907002783882182	0.984813526581503	sample_2022120210049
HROV.vOTU30012	Responder_Status	Responder	0.0618870897125001	0.520996315935629	0.906292996197904	0.984813526581503	sample_2022120210049
HROV.vOTU67701	Responder_Status	Responder	-0.108252258413812	0.914731207430003	0.90664061810263	0.984813526581503	sample_2022120210049
HROV.vOTU12645	Responder_Status	Responder	0.0861461025081991	0.723414257859202	0.906060134110422	0.984813526581503	sample_2022120210049
HROV.vOTU11334	Responder_Status	Responder	0.0318831510667939	0.26727624773843	0.905898064410369	0.984813526581503	sample_2022120210049
HROV.vOTU09667	Responder_Status	Responder	-0.162664329070162	1.39529048025799	0.90802428738371	0.985040405479517	sample_2022120210049
HROV.vOTU28292	Responder_Status	Responder	0.105774136249842	0.906743786345149	0.907967946204375	0.985040405479517	sample_2022120210049
HROV.vOTU65619	Responder_Status	Responder	0.154821300765132	1.32436748786741	0.907772155310086	0.985040405479517	sample_2022120210049
HROV.vOTU05590	Responder_Status	Responder	-0.0374278984998172	0.319248576454111	0.907508790792537	0.985040405479517	sample_2022120210049
HROV.vOTU09873	Responder_Status	Responder	-0.0761035049392337	0.653823299383248	0.908168235981104	0.985053851167993	sample_2022120210049
HROV.vOTU02808	Responder_Status	Responder	0.115985372745047	1.00199313335906	0.908673186453773	0.98521276502917	sample_2022120210049
HROV.vOTU23614	Responder_Status	Responder	0.0762666770626802	0.658767087275369	0.908659694105261	0.98521276502917	sample_2022120210049
HROV.vOTU41963	Responder_Status	Responder	-0.10590889944816	0.918590277732026	0.909034149855283	0.985319646674175	sample_2022120210049
HROV.vOTU56302	Responder_Status	Responder	0.0492777142301797	0.427268295750928	0.909005106630487	0.985319646674175	sample_2022120210049
HROV.vOTU68703	Responder_Status	Responder	-0.0910508760255377	0.791811808749729	0.909273288016257	0.985369237273417	sample_2022120210049
HROV.vOTU29058	Responder_Status	Responder	0.114312037717274	0.997906743768654	0.9096178723862	0.985511701297154	sample_2022120210049
HROV.vOTU42975	Responder_Status	Responder	0.101578480547395	0.900174955491754	0.910960152439926	0.985756104048713	sample_2022120210049
HROV.vOTU07900	Responder_Status	Responder	0.0894991963017052	0.785322544077898	0.91007889063922	0.985756104048713	sample_2022120210049
HROV.vOTU09858	Responder_Status	Responder	0.132526304339997	1.16972463188683	0.910603525298098	0.985756104048713	sample_2022120210049
HROV.vOTU65585	Responder_Status	Responder	-0.116604795091705	1.02607168784142	0.910332556013598	0.985756104048713	sample_2022120210049
HROV.vOTU68572	Responder_Status	Responder	-0.142028722180023	1.26178464427158	0.911181117090689	0.985756104048713	sample_2022120210049
HROV.vOTU72935	Responder_Status	Responder	0.115207569407925	1.01119535209298	0.910104677501954	0.985756104048713	sample_2022120210049
HROV.vOTU47608	Responder_Status	Responder	-0.087936949739978	0.780644413033747	0.911114467891557	0.985756104048713	sample_2022120210049
HROV.vOTU14222	Responder_Status	Responder	-0.0572350078592342	0.508256190495662	0.911142802261423	0.985756104048713	sample_2022120210049
HROV.vOTU06179	Responder_Status	Responder	-0.116112068705413	1.02254015291393	0.910402767438034	0.985756104048713	sample_2022120210049
HROV.vOTU67392	Responder_Status	Responder	0.103935452897697	0.92522104917013	0.911358647255886	0.985776028818237	sample_2022120210049
HROV.vOTU20031	Responder_Status	Responder	0.122704581320761	1.09193688929898	0.911329169550914	0.985776028818237	sample_2022120210049
HROV.vOTU49471	Responder_Status	Responder	0.077424982103319	0.696140938534304	0.912235119729219	0.985839369121621	sample_2022120210049
HROV.vOTU62225	Responder_Status	Responder	-0.101453180367034	0.915013112761159	0.912505472337149	0.985839369121621	sample_2022120210049
HROV.vOTU39338	Responder_Status	Responder	-0.122687806168034	1.10515776763023	0.912397322914059	0.985839369121621	sample_2022120210049
HROV.vOTU14344	Responder_Status	Responder	0.0730978145921341	0.656267018815053	0.912106267377587	0.985839369121621	sample_2022120210049
HROV.vOTU73950	Responder_Status	Responder	-0.0858934975925689	0.773111828923054	0.912328834759922	0.985839369121621	sample_2022120210049
HROV.vOTU18479	Responder_Status	Responder	-0.0793218025487048	0.707726928496479	0.911559880302678	0.985839369121621	sample_2022120210049
HROV.vOTU15898	Responder_Status	Responder	-0.129083672202809	1.16935124013313	0.912888210019568	0.985851130241937	sample_2022120210049
HROV.vOTU39594	Responder_Status	Responder	0.0697690530128058	0.63241225620629	0.91294088186511	0.985856912701336	sample_2022120210049
HROV.vOTU47224	Responder_Status	Responder	-0.111494468852277	1.0131671053871	0.913158260058474	0.985931274631363	sample_2022120210049
HROV.vOTU27141	Responder_Status	Responder	-0.05428358198245	0.495201348170012	0.913493257237147	0.985935866267354	sample_2022120210049
HROV.vOTU04485	Responder_Status	Responder	0.0786770188668871	0.725921342411259	0.914465407981771	0.98611023143271	sample_2022120210049
HROV.vOTU05286	Responder_Status	Responder	-0.0546889443209149	0.502344183883443	0.914084062777526	0.98611023143271	sample_2022120210049
HROV.vOTU18853	Responder_Status	Responder	-0.0327209747108729	0.300710031196774	0.914127366036884	0.98611023143271	sample_2022120210049
HROV.vOTU59318	Responder_Status	Responder	-0.0507664223981078	0.472251224072731	0.915159895127704	0.986129662238028	sample_2022120210049
HROV.vOTU52852	Responder_Status	Responder	-0.0868577078832335	0.807768274362977	0.915136911767169	0.986129662238028	sample_2022120210049
HROV.vOTU49708	Responder_Status	Responder	-0.0470766866479198	0.436343844897403	0.914853171633027	0.986129662238028	sample_2022120210049
HROV.vOTU58189	Responder_Status	Responder	0.0274129442909643	0.254541388908101	0.915005301610024	0.986129662238028	sample_2022120210049
HROV.vOTU17122	Responder_Status	Responder	0.103787935380869	0.968750260899492	0.915445135445918	0.986311893526512	sample_2022120210049
HROV.vOTU41534	Responder_Status	Responder	-0.0699175667715103	0.653058494525781	0.915503451376842	0.986323719397926	sample_2022120210049
HROV.vOTU06225	Responder_Status	Responder	0.11367819408534	1.0647479139282	0.915736429640613	0.986423880777461	sample_2022120210049
HROV.vOTU19502	Responder_Status	Responder	-0.103557449280154	0.974446566258785	0.916123432003568	0.98668553661382	sample_2022120210049
HROV.vOTU27906	Responder_Status	Responder	0.1001508034067	0.978343902701596	0.919194446185854	0.986735181983508	sample_2022120210049
HROV.vOTU52091	Responder_Status	Responder	-0.123862380459435	1.1916656797574	0.91795747432668	0.986735181983508	sample_2022120210049
HROV.vOTU69467	Responder_Status	Responder	0.0657733818705033	0.633065544934783	0.917992002130779	0.986735181983508	sample_2022120210049
HROV.vOTU55256	Responder_Status	Responder	-0.0640680561068717	0.630958964766428	0.919844861644151	0.986735181983508	sample_2022120210049
HROV.vOTU49348	Responder_Status	Responder	-0.117068787090639	1.11128898114791	0.916853084253701	0.986735181983508	sample_2022120210049
HROV.vOTU13279	Responder_Status	Responder	0.127998875687689	1.22908184780718	0.917799161753458	0.986735181983508	sample_2022120210049
HROV.vOTU47932	Responder_Status	Responder	-0.12334005659065	1.18671141958451	0.9179623616663	0.986735181983508	sample_2022120210049
HROV.vOTU41864	Responder_Status	Responder	-0.155353242609461	1.47335326525364	0.916776890699332	0.986735181983508	sample_2022120210049
HROV.vOTU61114	Responder_Status	Responder	0.0800972157692271	0.773802232916363	0.918295093393761	0.986735181983508	sample_2022120210049
HROV.vOTU47530	Responder_Status	Responder	-0.0726537961471299	0.709160743878717	0.919129398624132	0.986735181983508	sample_2022120210049
HROV.vOTU74953	Responder_Status	Responder	0.0714415369387307	0.691014121031293	0.918393172590687	0.986735181983508	sample_2022120210049
HROV.vOTU34646	Responder_Status	Responder	-0.102359505916498	1.01407351465216	0.920318262160371	0.986735181983508	sample_2022120210049
HROV.vOTU05982	Responder_Status	Responder	0.0663404541949814	0.648217582938139	0.919213958218754	0.986735181983508	sample_2022120210049
HROV.vOTU67292	Responder_Status	Responder	-0.0749005703881416	0.74112252989605	0.920220138196303	0.986735181983508	sample_2022120210049
HROV.vOTU71805	Responder_Status	Responder	-0.109824661893794	1.0726215834779	0.919177676255424	0.986735181983508	sample_2022120210049
HROV.vOTU73093	Responder_Status	Responder	-0.0645952203843644	0.619035062055471	0.917636875756812	0.986735181983508	sample_2022120210049
HROV.vOTU59060	Responder_Status	Responder	-0.0598154324617206	0.579257879866111	0.918490947065817	0.986735181983508	sample_2022120210049
HROV.vOTU72513	Responder_Status	Responder	-0.0392255423483398	0.37821334159358	0.918136617793772	0.986735181983508	sample_2022120210049
HROV.vOTU20731	Responder_Status	Responder	-0.0702625333924978	0.689973570728621	0.919614479707523	0.986735181983508	sample_2022120210049
HROV.vOTU67636	Responder_Status	Responder	-0.071127373397069	0.694165476415171	0.919118240271302	0.986735181983508	sample_2022120210049
HROV.vOTU49568	Responder_Status	Responder	0.0515699450301261	0.487081916503158	0.916436174348654	0.986735181983508	sample_2022120210049
HROV.vOTU45051	Responder_Status	Responder	0.12229252354194	1.22268715315817	0.921041580932206	0.9868522764768	sample_2022120210049
HROV.vOTU42657	Responder_Status	Responder	-0.14598968065544	1.45323893670046	0.920696484992527	0.9868522764768	sample_2022120210049
HROV.vOTU41050	Responder_Status	Responder	-0.135221643790881	1.34496719343882	0.920632882500716	0.9868522764768	sample_2022120210049
HROV.vOTU19767	Responder_Status	Responder	0.0693259925776328	0.694796972645155	0.921230939660173	0.9868522764768	sample_2022120210049
HROV.vOTU05670	Responder_Status	Responder	0.0615831578674697	0.620416728057769	0.92163833480684	0.986995376042252	sample_2022120210049
HROV.vOTU49930	Responder_Status	Responder	0.0768672939920629	0.776820204676964	0.921882043201454	0.98707088597062	sample_2022120210049
HROV.vOTU13271	Responder_Status	Responder	-0.0395442271192337	0.400539854635859	0.922058194042885	0.987208760168731	sample_2022120210049
HROV.vOTU44644	Responder_Status	Responder	0.11853110165094	1.2042091625813	0.922291615568434	0.987344232864014	sample_2022120210049
HROV.vOTU30674	Responder_Status	Responder	-0.149230492909287	1.54055766737839	0.923521396927141	0.987963047082408	sample_2022120210049
HROV.vOTU67787	Responder_Status	Responder	-0.0815675360753438	0.847058393082518	0.923972167573389	0.988095657482054	sample_2022120210049
HROV.vOTU26597	Responder_Status	Responder	0.0465635708593716	0.491044817081548	0.92512880125338	0.988095657482054	sample_2022120210049
HROV.vOTU15261	Responder_Status	Responder	0.113342697346415	1.19110743045252	0.92486755371322	0.988095657482054	sample_2022120210049
HROV.vOTU34201	Responder_Status	Responder	0.0670214264368596	0.707640349265018	0.925218815264272	0.988095657482054	sample_2022120210049
HROV.vOTU36712	Responder_Status	Responder	0.0437012142079764	0.462568137590512	0.925404540515214	0.988095657482054	sample_2022120210049
HROV.vOTU37217	Responder_Status	Responder	0.0486091659405121	0.510731108503315	0.924853195508304	0.988095657482054	sample_2022120210049
HROV.vOTU12820	Responder_Status	Responder	-0.10138412658581	1.07110634022178	0.92526406853415	0.988095657482054	sample_2022120210049
HROV.vOTU08302	Responder_Status	Responder	-0.0453815360519486	0.48291255663661	0.925798555583846	0.988217270638324	sample_2022120210049
HROV.vOTU34031	Responder_Status	Responder	-0.0501027990140821	0.551847424122306	0.92830503249974	0.98870494354723	sample_2022120210049
HROV.vOTU66843	Responder_Status	Responder	-0.0774917481132879	0.842934259755477	0.927407481818938	0.98870494354723	sample_2022120210049
HROV.vOTU53087	Responder_Status	Responder	-0.166536084158185	1.83567189397707	0.928359281999898	0.98870494354723	sample_2022120210049
HROV.vOTU71472	Responder_Status	Responder	-0.110160371789591	1.20743420836749	0.927955377708362	0.98870494354723	sample_2022120210049
HROV.vOTU34371	Responder_Status	Responder	0.080750064696758	0.883621612953904	0.927837071982767	0.98870494354723	sample_2022120210049
HROV.vOTU33032	Responder_Status	Responder	0.0492429885679314	0.537742278613445	0.927688855005498	0.98870494354723	sample_2022120210049
HROV.vOTU02637	Responder_Status	Responder	0.0569285203593931	0.614723505874025	0.926874166903504	0.98870494354723	sample_2022120210049
HROV.vOTU63283	Responder_Status	Responder	-0.0870352842837714	0.955287396711208	0.928054658698423	0.98870494354723	sample_2022120210049
HROV.vOTU35278	Responder_Status	Responder	-0.0367918417870901	0.400097490845438	0.927386821210915	0.98870494354723	sample_2022120210049
HROV.vOTU11220	Responder_Status	Responder	-0.058420348554841	0.649083099861752	0.928924455856635	0.988717294394534	sample_2022120210049
HROV.vOTU69966	Responder_Status	Responder	-0.0981285790494353	1.09262558074738	0.929077650224958	0.988720562613542	sample_2022120210049
HROV.vOTU01077	Responder_Status	Responder	0.0651168702529039	0.755876737277374	0.931962278609685	0.988969852033859	sample_2022120210049
HROV.vOTU66328	Responder_Status	Responder	0.0746611773567971	0.84976150505486	0.93061227123033	0.988969852033859	sample_2022120210049
HROV.vOTU33866	Responder_Status	Responder	0.0730865820009142	0.82533475583608	0.930066822493975	0.988969852033859	sample_2022120210049
HROV.vOTU71479	Responder_Status	Responder	-0.0680352128824874	0.766563968879244	0.929909615942687	0.988969852033859	sample_2022120210049
HROV.vOTU16677	Responder_Status	Responder	0.0791930237984925	0.905802536464662	0.930953135022262	0.988969852033859	sample_2022120210049
HROV.vOTU71313	Responder_Status	Responder	0.0717917877733284	0.83021601044235	0.931705352164897	0.988969852033859	sample_2022120210049
HROV.vOTU25762	Responder_Status	Responder	-0.0587944700756409	0.66860713371945	0.93055365618683	0.988969852033859	sample_2022120210049
HROV.vOTU53401	Responder_Status	Responder	0.0964236874805446	1.10209933016385	0.930904024571533	0.988969852033859	sample_2022120210049
HROV.vOTU19110	Responder_Status	Responder	-0.0400087657783274	0.45688268270565	0.930842515524971	0.988969852033859	sample_2022120210049
HROV.vOTU02549	Responder_Status	Responder	-0.0531487527745759	0.600310765378941	0.930081366085299	0.988969852033859	sample_2022120210049
HROV.vOTU03192	Responder_Status	Responder	0.0814695086710479	0.946855204803108	0.932045205223817	0.989007479034287	sample_2022120210049
HROV.vOTU39652	Responder_Status	Responder	-0.0765664041619708	0.894854745391728	0.932422761086638	0.989132685479249	sample_2022120210049
HROV.vOTU26115	Responder_Status	Responder	0.105622660449612	1.23643703182909	0.932531415041287	0.989132685479249	sample_2022120210049
HROV.vOTU55191	Responder_Status	Responder	-0.0600786129321462	0.706178303964632	0.932806619686307	0.989287855486819	sample_2022120210049
HROV.vOTU02356	Responder_Status	Responder	0.0691679412203857	0.832934083444535	0.93440952295653	0.98931499053909	sample_2022120210049
HROV.vOTU73012	Responder_Status	Responder	0.102892874091931	1.2267923756573	0.93375540822052	0.98931499053909	sample_2022120210049
HROV.vOTU19005	Responder_Status	Responder	0.0501912169388249	0.596702827511761	0.93356410749872	0.98931499053909	sample_2022120210049
HROV.vOTU64647	Responder_Status	Responder	0.0582305118290371	0.701340848619446	0.934420482051894	0.98931499053909	sample_2022120210049
HROV.vOTU58773	Responder_Status	Responder	0.103529954650772	1.23830535152289	0.933964450023646	0.98931499053909	sample_2022120210049
HROV.vOTU50639	Responder_Status	Responder	-0.08058026922733	0.956373722950047	0.933452394238898	0.98931499053909	sample_2022120210049
HROV.vOTU62036	Responder_Status	Responder	0.051533012821212	0.614833090131888	0.933798902127378	0.98931499053909	sample_2022120210049
HROV.vOTU33099	Responder_Status	Responder	0.0915268115289964	1.10171738958066	0.934381807165474	0.98931499053909	sample_2022120210049
HROV.vOTU10675	Responder_Status	Responder	-0.0800414783598742	0.963928308983396	0.93441311615216	0.98931499053909	sample_2022120210049
HROV.vOTU14957	Responder_Status	Responder	0.065460199123054	0.786394489807288	0.934252241855216	0.98931499053909	sample_2022120210049
HROV.vOTU40104	Responder_Status	Responder	-0.0431850964074594	0.522021516088497	0.934657466387375	0.989462213742396	sample_2022120210049
HROV.vOTU07479	Responder_Status	Responder	0.0247374832589887	0.302979362378698	0.93550794273021	0.98990898866348	sample_2022120210049
HROV.vOTU02348	Responder_Status	Responder	-0.106311467922962	1.31547861356867	0.936163332714148	0.990082312992671	sample_2022120210049
HROV.vOTU58500	Responder_Status	Responder	-0.0227878852484867	0.282838704815899	0.936358258377861	0.990082312992671	sample_2022120210049
HROV.vOTU42631	Responder_Status	Responder	0.0746567639037317	0.950280970705898	0.937939123782541	0.990770718110385	sample_2022120210049
HROV.vOTU31651	Responder_Status	Responder	-0.114854059978973	1.48324085431216	0.938828570493973	0.990782839005647	sample_2022120210049
HROV.vOTU57553	Responder_Status	Responder	0.0761988192918549	0.975949829499851	0.938322433733938	0.990782839005647	sample_2022120210049
HROV.vOTU25923	Responder_Status	Responder	-0.0297451516739701	0.384585681094649	0.938900438827543	0.990782839005647	sample_2022120210049
HROV.vOTU12129	Responder_Status	Responder	-0.0638508136662273	0.827328728540719	0.93903153386655	0.990782839005647	sample_2022120210049
HROV.vOTU41053	Responder_Status	Responder	0.0453326956707647	0.60520696389961	0.940823339493775	0.991206798646834	sample_2022120210049
HROV.vOTU33454	Responder_Status	Responder	-0.0691082845747385	0.927055167150767	0.941105956718885	0.991261819807405	sample_2022120210049
HROV.vOTU48475	Responder_Status	Responder	0.072556254605024	0.982381925043481	0.941648908572929	0.991515788147408	sample_2022120210049
HROV.vOTU25148	Responder_Status	Responder	-0.0760458222282213	1.02795488719423	0.941554044500007	0.991515788147408	sample_2022120210049
HROV.vOTU33152	Responder_Status	Responder	-0.0252640061626018	0.340825629934076	0.941437246499776	0.991515788147408	sample_2022120210049
HROV.vOTU06783	Responder_Status	Responder	0.0551443555166696	0.752676872886333	0.942116668263903	0.991745088153522	sample_2022120210049
HROV.vOTU21336	Responder_Status	Responder	0.0528368005541797	0.723900530010964	0.942333756661804	0.991792474239679	sample_2022120210049
HROV.vOTU66996	Responder_Status	Responder	-0.0799810126203157	1.10261861186189	0.942689981813352	0.991879284574141	sample_2022120210049
HROV.vOTU25063	Responder_Status	Responder	-0.0382328777430347	0.529904920800137	0.942995099037561	0.991879284574141	sample_2022120210049
HROV.vOTU47867	Responder_Status	Responder	-0.0768549016471261	1.06683877681477	0.943082327451209	0.991879284574141	sample_2022120210049
HROV.vOTU17241	Responder_Status	Responder	0.0594360311263868	0.818956072352041	0.942659992212081	0.991879284574141	sample_2022120210049
HROV.vOTU42326	Responder_Status	Responder	0.0467348759439586	0.64759477583936	0.942982162732487	0.991879284574141	sample_2022120210049
HROV.vOTU18958	Responder_Status	Responder	0.0618928538336501	0.85091687144401	0.942532782265769	0.991879284574141	sample_2022120210049
HROV.vOTU61745	Responder_Status	Responder	-0.0374229149975059	0.52090051635059	0.9432377889501	0.991889681902582	sample_2022120210049
HROV.vOTU48486	Responder_Status	Responder	-0.069875437793959	0.97816341977384	0.94355909412794	0.991948283001122	sample_2022120210049
HROV.vOTU12141	Responder_Status	Responder	0.0989271036463298	1.39402354281782	0.943929935941575	0.992019178579709	sample_2022120210049
HROV.vOTU47976	Responder_Status	Responder	-0.0359381539884535	0.517379033984722	0.945115638179331	0.992074547231242	sample_2022120210049
HROV.vOTU28487	Responder_Status	Responder	-0.0727797511962544	1.043564405538	0.944895118475203	0.992074547231242	sample_2022120210049
HROV.vOTU53602	Responder_Status	Responder	-0.0273064501280753	0.390783394035074	0.944788887285812	0.992074547231242	sample_2022120210049
HROV.vOTU42785	Responder_Status	Responder	0.0539053110015774	0.773660729423805	0.944947067827146	0.992074547231242	sample_2022120210049
HROV.vOTU58937	Responder_Status	Responder	0.0306119361916762	0.43904595885935	0.944909113033465	0.992074547231242	sample_2022120210049
HROV.vOTU48596	Responder_Status	Responder	-0.0479764918938865	0.696921969052887	0.945605817941643	0.992124918624607	sample_2022120210049
HROV.vOTU26082	Responder_Status	Responder	-0.0686617000241824	0.992427134558935	0.945333600489678	0.992124918624607	sample_2022120210049
HROV.vOTU42350	Responder_Status	Responder	0.0583553102099392	0.851670123541287	0.9458597323491	0.992124918624607	sample_2022120210049
HROV.vOTU14975	Responder_Status	Responder	-0.0604050403184196	0.889836845615929	0.946360994721456	0.992124918624607	sample_2022120210049
HROV.vOTU59223	Responder_Status	Responder	0.0573419999015422	0.856635565237501	0.947106269638373	0.99215441339009	sample_2022120210049
HROV.vOTU19658	Responder_Status	Responder	0.0414903466089272	0.619582511899632	0.947085449685546	0.99215441339009	sample_2022120210049
HROV.vOTU71719	Responder_Status	Responder	-0.0581968475731056	0.86842031744718	0.947046315370832	0.99215441339009	sample_2022120210049
HROV.vOTU71482	Responder_Status	Responder	0.024396466548606	0.364944212690577	0.947176302012411	0.99217789102205	sample_2022120210049
HROV.vOTU16598	Responder_Status	Responder	-0.0288208801067712	0.435620701877049	0.947720196133959	0.992187441117843	sample_2022120210049
HROV.vOTU01193	Responder_Status	Responder	0.0570473362531469	0.861510157495247	0.947674953767781	0.992187441117843	sample_2022120210049
HROV.vOTU66084	Responder_Status	Responder	0.0720450350696328	1.10062606956167	0.948274296324265	0.992330234249928	sample_2022120210049
HROV.vOTU26676	Responder_Status	Responder	-0.0811242001521604	1.25155480142079	0.948778894873668	0.992609001993114	sample_2022120210049
HROV.vOTU53756	Responder_Status	Responder	0.047791275432137	0.738154634906529	0.94883766229907	0.992620641393911	sample_2022120210049
HROV.vOTU34476	Responder_Status	Responder	-0.0511845488538828	0.796603349786227	0.949224921401214	0.992648714131485	sample_2022120210049
HROV.vOTU15698	Responder_Status	Responder	-0.0610877570298234	0.947277218435857	0.949040086722707	0.992648714131485	sample_2022120210049
HROV.vOTU49542	Responder_Status	Responder	0.0536855512396624	0.849505611647339	0.950059243946085	0.992683656096635	sample_2022120210049
HROV.vOTU47637	Responder_Status	Responder	-0.0242001703313134	0.382602950320808	0.9500157092993	0.992683656096635	sample_2022120210049
HROV.vOTU33001	Responder_Status	Responder	0.0483951977420565	0.778224733245912	0.950855980885863	0.992760380606215	sample_2022120210049
HROV.vOTU54255	Responder_Status	Responder	-0.072466556902772	1.16036669726016	0.950647025735371	0.992760380606215	sample_2022120210049
HROV.vOTU05144	Responder_Status	Responder	0.0509140894052235	0.825822336804607	0.951277480022117	0.992909345401084	sample_2022120210049
HROV.vOTU21097	Responder_Status	Responder	-0.054757722943699	0.888682989867905	0.951305800474991	0.992909345401084	sample_2022120210049
HROV.vOTU20840	Responder_Status	Responder	-0.0558216739844032	0.906970471077157	0.951360503979237	0.992916700917067	sample_2022120210049
HROV.vOTU26706	Responder_Status	Responder	0.0493854995372546	0.816120083601502	0.952177287291873	0.993221877477029	sample_2022120210049
HROV.vOTU51612	Responder_Status	Responder	-0.0422015568755544	0.700533603343433	0.952390812490332	0.993295418643243	sample_2022120210049
HROV.vOTU31267	Responder_Status	Responder	-0.0506216443056225	0.847190396090905	0.952777291207003	0.993306811343566	sample_2022120210049
HROV.vOTU06750	Responder_Status	Responder	-0.0627408801026809	1.04992069462792	0.952773067938189	0.993306811343566	sample_2022120210049
HROV.vOTU17607	Responder_Status	Responder	0.0526748317617797	0.888831739545046	0.953163585797797	0.993355507707939	sample_2022120210049
HROV.vOTU05936	Responder_Status	Responder	0.0250971510484371	0.425836129849775	0.953421569750029	0.99344908082225	sample_2022120210049
HROV.vOTU22787	Responder_Status	Responder	-0.0374658241122945	0.636009706364321	0.953444099837855	0.99344908082225	sample_2022120210049
HROV.vOTU16572	Responder_Status	Responder	0.0596025185107668	1.03135437088024	0.954325936918325	0.993589087233641	sample_2022120210049
HROV.vOTU11370	Responder_Status	Responder	0.0563420237279439	0.987616503049289	0.954911743875122	0.993774120708659	sample_2022120210049
HROV.vOTU47902	Responder_Status	Responder	-0.0467872001651916	0.842023723300791	0.956082806370017	0.993874006490726	sample_2022120210049
HROV.vOTU37661	Responder_Status	Responder	-0.046992047131975	0.849835017778753	0.956295733725623	0.993885449801634	sample_2022120210049
HROV.vOTU48171	Responder_Status	Responder	-0.0845014770560494	1.53727053127235	0.956553900648456	0.993955439629474	sample_2022120210049
HROV.vOTU27520	Responder_Status	Responder	0.0618502187498554	1.13189321452177	0.956810791156638	0.994015771742566	sample_2022120210049
HROV.vOTU38448	Responder_Status	Responder	0.0403561675896297	0.744610718133572	0.957162538035021	0.994092093113986	sample_2022120210049
HROV.vOTU56568	Responder_Status	Responder	0.0393446737299138	0.728338038083877	0.957302986686177	0.994106391050815	sample_2022120210049
HROV.vOTU31171	Responder_Status	Responder	0.0553891260269204	1.03250539712743	0.957598644204523	0.994148575016255	sample_2022120210049
HROV.vOTU09745	Responder_Status	Responder	0.0559065221894771	1.04712075640528	0.957799721981615	0.994226476221654	sample_2022120210049
HROV.vOTU15595	Responder_Status	Responder	0.0433949208616276	0.818133314715877	0.958075565537421	0.994281076104919	sample_2022120210049
HROV.vOTU02036	Responder_Status	Responder	0.022705223567416	0.430676798383923	0.95832944885311	0.994461304256128	sample_2022120210049
HROV.vOTU72882	Responder_Status	Responder	-0.0264997704151385	0.505704731364269	0.958580720595023	0.994573443234765	sample_2022120210049
HROV.vOTU52139	Responder_Status	Responder	0.0585156007686507	1.12932934569079	0.959044419598535	0.994599115110192	sample_2022120210049
HROV.vOTU46449	Responder_Status	Responder	-0.0522429247510372	1.00844039591162	0.95905137280097	0.994599115110192	sample_2022120210049
HROV.vOTU60668	Responder_Status	Responder	-0.0307451829614446	0.593677658447423	0.959065582532859	0.994599115110192	sample_2022120210049
HROV.vOTU08096	Responder_Status	Responder	0.0363881135692823	0.705955143629117	0.959257604934105	0.994642419921597	sample_2022120210049
HROV.vOTU20399	Responder_Status	Responder	-0.0254180223836637	0.505649446075519	0.96026565286596	0.994713531535606	sample_2022120210049
HROV.vOTU32660	Responder_Status	Responder	0.0780120917204734	1.55541322663279	0.960354778933107	0.994713531535606	sample_2022120210049
HROV.vOTU25189	Responder_Status	Responder	-0.0439040314183602	0.880119735805832	0.960568855596001	0.994713531535606	sample_2022120210049
HROV.vOTU54487	Responder_Status	Responder	-0.0335368010092149	0.672444481677234	0.960577694000307	0.994713531535606	sample_2022120210049
HROV.vOTU56596	Responder_Status	Responder	-0.0436702929690948	0.873356415612583	0.960475130632806	0.994713531535606	sample_2022120210049
HROV.vOTU27473	Responder_Status	Responder	0.0135226410355526	0.265810776289119	0.959787765250693	0.994713531535606	sample_2022120210049
HROV.vOTU06552	Responder_Status	Responder	0.0416320310339276	0.84196084571735	0.960914497343375	0.994765653987341	sample_2022120210049
HROV.vOTU28313	Responder_Status	Responder	-0.0196943035737734	0.398220122633344	0.960907147953925	0.994765653987341	sample_2022120210049
HROV.vOTU70617	Responder_Status	Responder	0.0401261700028643	0.829204208431457	0.961748017591177	0.99513408554391	sample_2022120210049
HROV.vOTU43692	Responder_Status	Responder	-0.051031577677164	1.0695246299371	0.962282680891075	0.995260976812738	sample_2022120210049
HROV.vOTU10296	Responder_Status	Responder	0.0276431390526305	0.579667965304444	0.962303514849129	0.995260976812738	sample_2022120210049
HROV.vOTU18688	Responder_Status	Responder	-0.0397740970558004	0.835321992921857	0.962360856547838	0.995260976812738	sample_2022120210049
HROV.vOTU37133	Responder_Status	Responder	-0.0338505192757896	0.722098201813901	0.962943225792679	0.995424514896643	sample_2022120210049
HROV.vOTU36085	Responder_Status	Responder	-0.0379322849987912	0.807908579533916	0.962885397846592	0.995424514896643	sample_2022120210049
HROV.vOTU10480	Responder_Status	Responder	-0.0442214835612218	0.966821683982651	0.963842918251531	0.995424514896643	sample_2022120210049
HROV.vOTU40040	Responder_Status	Responder	-0.020473941541097	0.451649464598362	0.964164853383473	0.995424514896643	sample_2022120210049
HROV.vOTU68255	Responder_Status	Responder	-0.0243974397276507	0.52555846674692	0.963303474597374	0.995424514896643	sample_2022120210049
HROV.vOTU04737	Responder_Status	Responder	-0.0344715604094924	0.765009929047415	0.964379096182255	0.995424514896643	sample_2022120210049
HROV.vOTU60366	Responder_Status	Responder	-0.0173803784222685	0.37423459647834	0.963287253142397	0.995424514896643	sample_2022120210049
HROV.vOTU14738	Responder_Status	Responder	-0.0496374590064446	1.06725023943482	0.963234168048299	0.995424514896643	sample_2022120210049
HROV.vOTU03737	Responder_Status	Responder	-0.0187990664872883	0.418085645989144	0.964454654852102	0.995424514896643	sample_2022120210049
HROV.vOTU35660	Responder_Status	Responder	0.0495444323255869	1.12083414507913	0.96505618629435	0.995453834269582	sample_2022120210049
HROV.vOTU49746	Responder_Status	Responder	0.06095287394896	1.37960196612292	0.965073318478989	0.995453834269582	sample_2022120210049
HROV.vOTU47235	Responder_Status	Responder	-0.0258587906128329	0.597102675155253	0.965764090716892	0.995471041863083	sample_2022120210049
HROV.vOTU30434	Responder_Status	Responder	0.0359886597329854	0.820048489561884	0.965306746333004	0.995471041863083	sample_2022120210049
HROV.vOTU35490	Responder_Status	Responder	-0.0181533596554064	0.416450026813779	0.965540026046605	0.995471041863083	sample_2022120210049
HROV.vOTU56004	Responder_Status	Responder	0.0204313320327348	0.464763263557815	0.965247721141065	0.995471041863083	sample_2022120210049
HROV.vOTU56622	Responder_Status	Responder	0.0450411017562247	1.06015391085447	0.966413245255542	0.995579766117703	sample_2022120210049
HROV.vOTU64208	Responder_Status	Responder	-0.0455564184608335	1.06689463092208	0.966243716044371	0.995579766117703	sample_2022120210049
HROV.vOTU19833	Responder_Status	Responder	0.0397414972742853	0.927483995825846	0.96612623774926	0.995579766117703	sample_2022120210049
HROV.vOTU08341	Responder_Status	Responder	0.0230090930290222	0.554115668534693	0.967172857513097	0.995882796522998	sample_2022120210049
HROV.vOTU23807	Responder_Status	Responder	-0.0415119006727297	1.02324201731923	0.967927402062836	0.99602906813192	sample_2022120210049
HROV.vOTU60000	Responder_Status	Responder	0.0541025656334411	1.33630429247768	0.967992416755509	0.99602906813192	sample_2022120210049
HROV.vOTU50705	Responder_Status	Responder	-0.032893483450183	0.812181901415252	0.967981803497997	0.99602906813192	sample_2022120210049
HROV.vOTU28517	Responder_Status	Responder	0.0276529560201546	0.681607519205821	0.96792644720251	0.99602906813192	sample_2022120210049
HROV.vOTU06580	Responder_Status	Responder	-0.0237323172039545	0.582908327703429	0.967813119316546	0.99602906813192	sample_2022120210049
HROV.vOTU17933	Responder_Status	Responder	0.0350854825366577	0.870030778905939	0.968118834292588	0.996047803574546	sample_2022120210049
HROV.vOTU10652	Responder_Status	Responder	0.0153119282598879	0.382138819702302	0.968322446275689	0.996058133949853	sample_2022120210049
HROV.vOTU56015	Responder_Status	Responder	0.0277956672954862	0.693862303116812	0.968330093743905	0.996058133949853	sample_2022120210049
HROV.vOTU12405	Responder_Status	Responder	-0.0263434865386436	0.662057168610336	0.968542635334759	0.996095854686107	sample_2022120210049
HROV.vOTU34381	Responder_Status	Responder	-0.0333582755689226	0.853463663369365	0.969099372547164	0.996259803257861	sample_2022120210049
HROV.vOTU65815	Responder_Status	Responder	0.0325709242444383	0.864448325278332	0.970211551456584	0.996492477954058	sample_2022120210049
HROV.vOTU68816	Responder_Status	Responder	0.0401742316289159	1.0624471566727	0.970105154155628	0.996492477954058	sample_2022120210049
HROV.vOTU03762	Responder_Status	Responder	-0.0175859377064091	0.468809492316241	0.97034302091011	0.996492477954058	sample_2022120210049
HROV.vOTU48671	Responder_Status	Responder	0.0144612666879757	0.380583173746898	0.969959180225146	0.996492477954058	sample_2022120210049
HROV.vOTU37732	Responder_Status	Responder	0.0219933888450965	0.589964201412055	0.970526916500862	0.996595776505444	sample_2022120210049
HROV.vOTU29943	Responder_Status	Responder	0.0251541839168637	0.693575839719049	0.971326485023776	0.996628409756767	sample_2022120210049
HROV.vOTU28659	Responder_Status	Responder	0.0240149213728089	0.664859561029472	0.971442728683015	0.996628409756767	sample_2022120210049
HROV.vOTU68446	Responder_Status	Responder	-0.0253684962527486	0.69312545969396	0.971063519005859	0.996628409756767	sample_2022120210049
HROV.vOTU43683	Responder_Status	Responder	0.0181997906656663	0.494843825557604	0.970922297031546	0.996628409756767	sample_2022120210049
HROV.vOTU37008	Responder_Status	Responder	-0.0437423090467496	1.25876631456021	0.972525529736415	0.996928384357108	sample_2022120210049
HROV.vOTU52308	Responder_Status	Responder	-0.0308875002434931	0.88730064707869	0.972477721608656	0.996928384357108	sample_2022120210049
HROV.vOTU63077	Responder_Status	Responder	-0.0262955134192658	0.762202870019335	0.972723721754998	0.996984393091568	sample_2022120210049
HROV.vOTU06011	Responder_Status	Responder	0.0190732274782274	0.555709055535435	0.972863635460654	0.997049782381438	sample_2022120210049
HROV.vOTU39862	Responder_Status	Responder	-0.0329625678873004	1.03355000588633	0.974783979275989	0.997100339152933	sample_2022120210049
HROV.vOTU09082	Responder_Status	Responder	0.0146833678389448	0.438158191267519	0.973504396510478	0.997100339152933	sample_2022120210049
HROV.vOTU18057	Responder_Status	Responder	-0.0152309036496266	0.456339294798968	0.973611326813919	0.997100339152933	sample_2022120210049
HROV.vOTU40721	Responder_Status	Responder	-0.0181621208674888	0.546011025184237	0.973700622773908	0.997100339152933	sample_2022120210049
HROV.vOTU08070	Responder_Status	Responder	0.0250108739165154	0.783943684792798	0.974775012715217	0.997100339152933	sample_2022120210049
HROV.vOTU34340	Responder_Status	Responder	0.00974860577633233	0.297296840018266	0.97407403863437	0.997100339152933	sample_2022120210049
HROV.vOTU34913	Responder_Status	Responder	0.0169472534451587	0.505279969660672	0.973481670047639	0.997100339152933	sample_2022120210049
HROV.vOTU31620	Responder_Status	Responder	0.024431122679156	0.733312735287949	0.973658879284326	0.997100339152933	sample_2022120210049
HROV.vOTU07230	Responder_Status	Responder	0.0196325918007575	0.611731417127816	0.97462518427019	0.997100339152933	sample_2022120210049
HROV.vOTU43081	Responder_Status	Responder	0.0141728077568775	0.421695036954802	0.973427281421693	0.997100339152933	sample_2022120210049
HROV.vOTU01273	Responder_Status	Responder	0.0337433123549594	1.09282950221152	0.975586666225264	0.997109923274914	sample_2022120210049
HROV.vOTU16733	Responder_Status	Responder	0.0312404715954005	0.985166776696527	0.97492761203309	0.997109923274914	sample_2022120210049
HROV.vOTU23948	Responder_Status	Responder	-0.0157391420516183	0.509699715021116	0.975584903711974	0.997109923274914	sample_2022120210049
HROV.vOTU52078	Responder_Status	Responder	-0.0238655083795349	0.769784988601681	0.975487226281364	0.997109923274914	sample_2022120210049
HROV.vOTU26337	Responder_Status	Responder	-0.0168247820954347	0.545199262106275	0.975600211852937	0.997109923274914	sample_2022120210049
HROV.vOTU16351	Responder_Status	Responder	-0.0245766749470312	0.84275481852477	0.976942013244378	0.997295656895997	sample_2022120210049
HROV.vOTU70483	Responder_Status	Responder	-0.0217069777879912	0.738842610580637	0.976770172868907	0.997295656895997	sample_2022120210049
HROV.vOTU61603	Responder_Status	Responder	-0.0419515209083606	1.41582933181222	0.976572052263956	0.997295656895997	sample_2022120210049
HROV.vOTU53866	Responder_Status	Responder	-0.0307981128953823	1.09173584562482	0.977694593863593	0.997533016055655	sample_2022120210049
HROV.vOTU17325	Responder_Status	Responder	0.0306750889205513	1.09290264522661	0.977807381180928	0.997533016055655	sample_2022120210049
HROV.vOTU32187	Responder_Status	Responder	-0.0192183882569212	0.683765452778285	0.977776429032885	0.997533016055655	sample_2022120210049
HROV.vOTU12921	Responder_Status	Responder	-0.0246578608438771	0.866205682223488	0.977492001434757	0.997533016055655	sample_2022120210049
HROV.vOTU57308	Responder_Status	Responder	-0.0271684720979003	0.956928327227454	0.977551432406228	0.997533016055655	sample_2022120210049
HROV.vOTU66180	Responder_Status	Responder	0.0255103256125385	0.886412712995615	0.977244771884054	0.997533016055655	sample_2022120210049
HROV.vOTU21563	Responder_Status	Responder	-0.0246779016316868	0.887151461812538	0.978005418328021	0.997533853551667	sample_2022120210049
HROV.vOTU12665	Responder_Status	Responder	-0.0279522960802141	1.04020495729876	0.978752507086636	0.997868886291946	sample_2022120210049
HROV.vOTU50805	Responder_Status	Responder	-0.00721741527060502	0.269290414552811	0.978808084846731	0.997869865820895	sample_2022120210049
HROV.vOTU74791	Responder_Status	Responder	0.0242574725557973	0.930453956291153	0.979385967029284	0.998082737843513	sample_2022120210049
HROV.vOTU15726	Responder_Status	Responder	-0.0070067068374085	0.276005732738836	0.979927069130161	0.998082737843513	sample_2022120210049
HROV.vOTU42036	Responder_Status	Responder	0.0179474933515559	0.714638414209422	0.980142095481994	0.99811561705323	sample_2022120210049
HROV.vOTU12311	Responder_Status	Responder	0.0304343250436605	1.2750052737077	0.98112563992132	0.998158807305269	sample_2022120210049
HROV.vOTU73571	Responder_Status	Responder	-0.031156953516274	1.34006972016297	0.981615563462296	0.998158807305269	sample_2022120210049
HROV.vOTU57650	Responder_Status	Responder	-0.0140391974218267	0.580408553654091	0.980873836139355	0.998158807305269	sample_2022120210049
HROV.vOTU50866	Responder_Status	Responder	-0.00977608587238507	0.42864383700733	0.981965974242193	0.998158807305269	sample_2022120210049
HROV.vOTU70525	Responder_Status	Responder	0.0229217342627908	1.02614630303607	0.982337017503639	0.998247908546659	sample_2022120210049
HROV.vOTU08970	Responder_Status	Responder	-0.0190290552534116	0.854396847604493	0.982389014487195	0.998247908546659	sample_2022120210049
HROV.vOTU42535	Responder_Status	Responder	0.0239228928615651	1.07408338187896	0.982388280296605	0.998247908546659	sample_2022120210049
HROV.vOTU01367	Responder_Status	Responder	0.0172242027406388	0.828334344897192	0.983557634351546	0.998266252050308	sample_2022120210049
HROV.vOTU21560	Responder_Status	Responder	0.0243430832738202	1.1980309328141	0.983932812659998	0.998266252050308	sample_2022120210049
HROV.vOTU65965	Responder_Status	Responder	-0.0128779502101172	0.616244849584549	0.983475666294568	0.998266252050308	sample_2022120210049
HROV.vOTU01290	Responder_Status	Responder	0.0161068338908237	0.906145079041434	0.98594431508475	0.998266252050308	sample_2022120210049
HROV.vOTU08868	Responder_Status	Responder	-0.0253815388548257	1.22600843850583	0.983629738554988	0.998266252050308	sample_2022120210049
HROV.vOTU61668	Responder_Status	Responder	-0.0179939447919382	0.903472132287462	0.984251284350241	0.998266252050308	sample_2022120210049
HROV.vOTU31478	Responder_Status	Responder	-0.0128663109427253	0.717289079608501	0.985815992281098	0.998266252050308	sample_2022120210049
HROV.vOTU34282	Responder_Status	Responder	0.0201403732547336	0.984381980066642	0.983821593839101	0.998266252050308	sample_2022120210049
HROV.vOTU15132	Responder_Status	Responder	-0.0192405037290646	0.940864224180801	0.983829576722128	0.998266252050308	sample_2022120210049
HROV.vOTU58365	Responder_Status	Responder	0.0193482842712134	0.971673719453479	0.984254533421759	0.998266252050308	sample_2022120210049
HROV.vOTU74110	Responder_Status	Responder	0.015861112301211	0.754070588665226	0.983367722338022	0.998266252050308	sample_2022120210049
HROV.vOTU32394	Responder_Status	Responder	-0.0116161565769606	0.626437113788965	0.985337012790674	0.998266252050308	sample_2022120210049
HROV.vOTU74439	Responder_Status	Responder	-0.0136764928145546	0.661412164936212	0.983649397296261	0.998266252050308	sample_2022120210049
HROV.vOTU02943	Responder_Status	Responder	0.0145546036980673	0.809776718030463	0.985787380275698	0.998266252050308	sample_2022120210049
HROV.vOTU62007	Responder_Status	Responder	0.00809564018298903	0.369986911683374	0.98269816362904	0.998266252050308	sample_2022120210049
HROV.vOTU12680	Responder_Status	Responder	-0.012770657328204	0.581661521059013	0.982639187919006	0.998266252050308	sample_2022120210049
HROV.vOTU64916	Responder_Status	Responder	-0.023736711060931	1.08060495527408	0.982630765739497	0.998266252050308	sample_2022120210049
HROV.vOTU34831	Responder_Status	Responder	-0.0202337090933786	1.01201707111241	0.984190397444701	0.998266252050308	sample_2022120210049
HROV.vOTU41896	Responder_Status	Responder	-0.00733283027949979	0.35110906777965	0.983485700939366	0.998266252050308	sample_2022120210049
HROV.vOTU58551	Responder_Status	Responder	-0.00611330894938267	0.364903297895551	0.986752291284308	0.998266252050308	sample_2022120210049
HROV.vOTU69471	Responder_Status	Responder	-0.0099755174443525	0.548694110216514	0.985623816388011	0.998266252050308	sample_2022120210049
HROV.vOTU40204	Responder_Status	Responder	-0.0194577245872149	1.10818158366623	0.986115787010676	0.998266252050308	sample_2022120210049
HROV.vOTU64818	Responder_Status	Responder	-0.00905068519377614	0.476378240235613	0.984976686180199	0.998266252050308	sample_2022120210049
HROV.vOTU52850	Responder_Status	Responder	-0.00647218759890322	0.440733442591331	0.988387594842683	0.998671376482876	sample_2022120210049
HROV.vOTU04579	Responder_Status	Responder	0.02048067063736	1.63215728831998	0.990077214211911	0.998683916609758	sample_2022120210049
HROV.vOTU15737	Responder_Status	Responder	-0.00635144882582547	0.606791851725593	0.991722711269089	0.998683916609758	sample_2022120210049
HROV.vOTU14274	Responder_Status	Responder	0.00940025571206793	0.833642022658083	0.991083102134792	0.998683916609758	sample_2022120210049
HROV.vOTU17525	Responder_Status	Responder	-0.00473111674705876	0.380160510765516	0.990158794355511	0.998683916609758	sample_2022120210049
HROV.vOTU15154	Responder_Status	Responder	0.00356504125447533	0.271625408417428	0.989621262952824	0.998683916609758	sample_2022120210049
HROV.vOTU25943	Responder_Status	Responder	0.00495624151016611	0.524501920256036	0.992527568551725	0.998683916609758	sample_2022120210049
HROV.vOTU53048	Responder_Status	Responder	0.00423353574016549	0.35782742591673	0.990644169010572	0.998683916609758	sample_2022120210049
HROV.vOTU48734	Responder_Status	Responder	0.00469833980167646	0.400737815316165	0.990728776563767	0.998683916609758	sample_2022120210049
HROV.vOTU17211	Responder_Status	Responder	0.00518595550507077	0.573602290489073	0.992850510431964	0.998683916609758	sample_2022120210049
HROV.vOTU30080	Responder_Status	Responder	0.00436552888042605	0.441280256557227	0.992176910712922	0.998683916609758	sample_2022120210049
HROV.vOTU61851	Responder_Status	Responder	-0.00903725563773201	0.744043422445625	0.990395152337042	0.998683916609758	sample_2022120210049
HROV.vOTU73439	Responder_Status	Responder	-0.00854504794617505	0.774275537984141	0.991272836954752	0.998683916609758	sample_2022120210049
HROV.vOTU06818	Responder_Status	Responder	-0.00734242121491848	0.751548722382596	0.992274292629426	0.998683916609758	sample_2022120210049
HROV.vOTU64000	Responder_Status	Responder	-0.00960332730605896	0.703120735144844	0.989199568766575	0.998683916609758	sample_2022120210049
HROV.vOTU70250	Responder_Status	Responder	0.0066105070834797	0.849941936823489	0.993849587601567	0.998843810742569	sample_2022120210049
HROV.vOTU04933	Responder_Status	Responder	0.00756060241816024	0.887033293272169	0.993259776631298	0.998843810742569	sample_2022120210049
HROV.vOTU49325	Responder_Status	Responder	0.00475281113594342	0.66373261956691	0.994337387982319	0.998843810742569	sample_2022120210049
HROV.vOTU29160	Responder_Status	Responder	0.00390637187585108	0.57773752067435	0.994653090430022	0.998852790886988	sample_2022120210049
HROV.vOTU24582	Responder_Status	Responder	0.00497816170711851	1.02906687615706	0.996174511493902	0.999147737302048	sample_2022120210049
HROV.vOTU18513	Responder_Status	Responder	-0.00514990102887363	1.37996528500785	0.997048838797802	0.999345754264478	sample_2022120210049
HROV.vOTU25898	Responder_Status	Responder	-0.00140087058021612	0.322506535425891	0.996565042755341	0.999345754264478	sample_2022120210049
HROV.vOTU67004	Responder_Status	Responder	-0.00196269255111807	0.590564529427959	0.997371866980437	0.999459821491498	sample_2022120210049
HROV.vOTU17996	Responder_Status	Responder	-0.00312736639712455	0.950132043280184	0.997397101437544	0.999459821491498	sample_2022120210049
HROV.vOTU04552	Responder_Status	Responder	-0.004581784803282	1.56364138582352	0.997682818020499	0.999554245846607	sample_2022120210049
HROV.vOTU29403	Responder_Status	Responder	0.00200144877535487	0.891998173509299	0.998225633244005	0.999594196402093	sample_2022120210049
HROV.vOTU39607	Responder_Status	Responder	-0.00299747024971455	1.14584312913091	0.99793132408228	0.999594196402093	sample_2022120210049
HROV.vOTU37450	Responder_Status	Responder	0.000581190385982619	0.23154066598868	0.998015030096056	0.999594196402093	sample_2022120210049
HROV.vOTU70449	Responder_Status	Responder	0.00126542654435439	0.971762718337752	0.99897023094957	0.99964193659451	sample_2022120210049
HROV.vOTU58282	Responder_Status	Responder	-0.00074470710905278	0.455052717082494	0.998705843367828	0.99964193659451	sample_2022120210049
HROV.vOTU52059	Responder_Status	Responder	0.000380822571935345	0.529090467347705	0.999430811703978	0.999814709840706	sample_2022120210049
