feature	metadata	value	coef	stderr	pval	qval	holdout
HROV.vOTU20811	Responder_Status	Responder	4.02810266179582	0.673911711761642	1.94588220282305e-06	0.00450039311686242	sample_2022120210011
HROV.vOTU03764	Responder_Status	Responder	-2.71601307720543	0.555048737492475	3.713014446112e-05	0.0386431978479106	sample_2022120210011
HROV.vOTU41492	Responder_Status	Responder	3.11428025514239	0.652206074418605	5.13053731087903e-05	0.0485418791481578	sample_2022120210011
HROV.vOTU07618	Responder_Status	Responder	-3.87961850032088	0.849375599992287	9.03729955273096e-05	0.0714670930585606	sample_2022120210011
HROV.vOTU35149	Responder_Status	Responder	-1.17639406815198	0.270195404022431	0.00016166787265741	0.105159899042625	sample_2022120210011
HROV.vOTU75944	Responder_Status	Responder	-1.72399830106602	0.397146090352234	0.000167426766835025	0.10560570156579	sample_2022120210011
HROV.vOTU72475	Responder_Status	Responder	-2.6804464641334	0.629701774894586	0.000210391713246473	0.121647319756259	sample_2022120210011
HROV.vOTU01981	Responder_Status	Responder	2.79966229106481	0.688203952470819	0.000350011608434389	0.165027419715825	sample_2022120210011
HROV.vOTU66954	Responder_Status	Responder	-2.55147484500687	0.64072622420629	0.000440785417656524	0.188908009085774	sample_2022120210011
HROV.vOTU50963	Responder_Status	Responder	-2.51292189999055	0.667067728915045	0.000781769894088655	0.246861995349186	sample_2022120210011
HROV.vOTU46906	Responder_Status	Responder	-3.79831150529882	1.01476362166864	0.000833190755506937	0.250637577777049	sample_2022120210011
HROV.vOTU09867	Responder_Status	Responder	-0.80185079009279	0.21537068829943	0.00087826541455034	0.251927437555505	sample_2022120210011
HROV.vOTU14455	Responder_Status	Responder	2.45006319099102	0.668450513306352	0.00102295075649537	0.269528101220901	sample_2022120210011
HROV.vOTU38705	Responder_Status	Responder	2.60158958214251	0.713325123163733	0.00107299167913668	0.275732367916419	sample_2022120210011
HROV.vOTU15831	Responder_Status	Responder	2.09384424656087	0.583363095705644	0.00124889611858616	0.298561509910378	sample_2022120210011
HROV.vOTU26732	Responder_Status	Responder	-3.49396124025295	0.981878629003011	0.00135372069089329	0.309645012977404	sample_2022120210011
HROV.vOTU66335	Responder_Status	Responder	-3.78216633786341	1.07216397867545	0.00146717036781387	0.315768384091374	sample_2022120210011
HROV.vOTU64653	Responder_Status	Responder	-1.79225381080986	0.509382519924099	0.00150243723319394	0.315768384091374	sample_2022120210011
HROV.vOTU65727	Responder_Status	Responder	2.65496805566128	0.752127349095843	0.00145823354426843	0.315768384091374	sample_2022120210011
HROV.vOTU45963	Responder_Status	Responder	-1.8929565107928	0.548759865170499	0.00179715928072804	0.322934288487414	sample_2022120210011
HROV.vOTU63613	Responder_Status	Responder	2.30557318816061	0.669945726374652	0.0018351718173073	0.323721198112301	sample_2022120210011
HROV.vOTU70612	Responder_Status	Responder	-1.42777922269856	0.4191770094029	0.00201038317327241	0.324180356433449	sample_2022120210011
HROV.vOTU45175	Responder_Status	Responder	2.63226576206884	0.777790286193323	0.00212694137941529	0.325893607229084	sample_2022120210011
HROV.vOTU06026	Responder_Status	Responder	2.61783594465957	0.772788806575654	0.00210931436002313	0.325893607229084	sample_2022120210011
HROV.vOTU19048	Responder_Status	Responder	2.70759651965334	0.80285933831502	0.0021927962360662	0.325893607229084	sample_2022120210011
HROV.vOTU08745	Responder_Status	Responder	2.6469859932977	0.78866827293101	0.00228587396855375	0.325893607229084	sample_2022120210011
HROV.vOTU28638	Responder_Status	Responder	-2.31502383710463	0.694099145627547	0.00241234316262738	0.329388735213739	sample_2022120210011
HROV.vOTU09864	Responder_Status	Responder	-1.86295480498234	0.559222792600454	0.00243698607844899	0.329388735213739	sample_2022120210011
HROV.vOTU29861	Responder_Status	Responder	-2.60520784571233	0.78293916254053	0.00246119393612463	0.330514527615704	sample_2022120210011
HROV.vOTU26034	Responder_Status	Responder	3.45385600363506	1.04264460045448	0.0025567784430943	0.336831286664607	sample_2022120210011
HROV.vOTU18970	Responder_Status	Responder	3.10780637168508	0.941336812792955	0.0026304684788651	0.337452641317986	sample_2022120210011
HROV.vOTU44485	Responder_Status	Responder	2.47651722497811	0.749628311168481	0.00261586039360544	0.337452641317986	sample_2022120210011
HROV.vOTU08997	Responder_Status	Responder	-2.21553954243306	0.669968390356959	0.00259407042795847	0.337452641317986	sample_2022120210011
HROV.vOTU23447	Responder_Status	Responder	-2.84207031529116	0.865121433416996	0.00274238255698519	0.345058155045565	sample_2022120210011
HROV.vOTU26508	Responder_Status	Responder	2.66447723043093	0.818426767407767	0.0029569631415587	0.347635913961364	sample_2022120210011
HROV.vOTU30890	Responder_Status	Responder	-2.56298242338071	0.78950464707774	0.00302768169257913	0.349214159331697	sample_2022120210011
HROV.vOTU01467	Responder_Status	Responder	1.76723058314115	0.551696747312611	0.00337710968956354	0.353510503316956	sample_2022120210011
HROV.vOTU71826	Responder_Status	Responder	-2.1273942825972	0.668748820456667	0.00357126943852252	0.360854239625468	sample_2022120210011
HROV.vOTU01892	Responder_Status	Responder	-4.18784939583918	1.31861014473236	0.00361845509990639	0.362106456271883	sample_2022120210011
HROV.vOTU03523	Responder_Status	Responder	2.85624035512357	0.902631417164657	0.00372598562248631	0.363688552244025	sample_2022120210011
HROV.vOTU13191	Responder_Status	Responder	2.69719427995104	0.851986918486281	0.00371265946943337	0.363688552244025	sample_2022120210011
HROV.vOTU71115	Responder_Status	Responder	-3.23874831981015	1.03858234831794	0.00418205036199931	0.364788463034225	sample_2022120210011
HROV.vOTU02712	Responder_Status	Responder	2.49975825179078	0.794765311265243	0.00390930031550452	0.364788463034225	sample_2022120210011
HROV.vOTU02469	Responder_Status	Responder	2.07927794107851	0.66676918891578	0.00418199315222048	0.364788463034225	sample_2022120210011
HROV.vOTU61707	Responder_Status	Responder	-2.37749741818367	0.755041790960454	0.00387452996961546	0.364788463034225	sample_2022120210011
HROV.vOTU74504	Responder_Status	Responder	-0.795159058579384	0.255173117445727	0.00420599831537007	0.364788463034225	sample_2022120210011
HROV.vOTU51288	Responder_Status	Responder	2.086813841689	0.663413247115673	0.00390641909178448	0.364788463034225	sample_2022120210011
HROV.vOTU13507	Responder_Status	Responder	-1.93426759107691	0.625793801783894	0.00448057518528707	0.369127193224472	sample_2022120210011
HROV.vOTU32053	Responder_Status	Responder	-1.80879004243945	0.583246705034339	0.00436612770078343	0.369127193224472	sample_2022120210011
HROV.vOTU57623	Responder_Status	Responder	2.05011305860908	0.662659689084015	0.00444861585848814	0.369127193224472	sample_2022120210011
HROV.vOTU48360	Responder_Status	Responder	2.68887965839971	0.86901326714163	0.00444404376389978	0.369127193224472	sample_2022120210011
HROV.vOTU74082	Responder_Status	Responder	-3.45036627537564	1.11958024658186	0.00458323059845892	0.370285046063842	sample_2022120210011
HROV.vOTU47360	Responder_Status	Responder	-1.83299360839672	0.597837059139452	0.00476754226976266	0.370285046063842	sample_2022120210011
HROV.vOTU09958	Responder_Status	Responder	-2.90129055078196	0.945891754990453	0.00475315258717976	0.370285046063842	sample_2022120210011
HROV.vOTU23159	Responder_Status	Responder	2.79665722970558	0.910065642159833	0.00468517911446798	0.370285046063842	sample_2022120210011
HROV.vOTU39537	Responder_Status	Responder	-1.56458020831997	0.508990054909539	0.00467509353476374	0.370285046063842	sample_2022120210011
HROV.vOTU00893	Responder_Status	Responder	2.43346209795011	0.794462540779344	0.00480348679297034	0.371689879537835	sample_2022120210011
HROV.vOTU64982	Responder_Status	Responder	-3.02772016451564	0.994501498120699	0.00503079961290753	0.374789223185986	sample_2022120210011
HROV.vOTU11726	Responder_Status	Responder	2.92997787582957	0.966716380573126	0.00520380053946327	0.376467680680202	sample_2022120210011
HROV.vOTU04023	Responder_Status	Responder	2.67770784633841	0.882525266212288	0.00516148638538364	0.376467680680202	sample_2022120210011
HROV.vOTU08478	Responder_Status	Responder	-1.82344367601955	0.602982151989623	0.00529255465982727	0.377275771384605	sample_2022120210011
HROV.vOTU15473	Responder_Status	Responder	2.80481414936387	0.929496147287822	0.00537828337072546	0.379488028344578	sample_2022120210011
HROV.vOTU24797	Responder_Status	Responder	2.23530571234871	0.745327930488275	0.00563005597719149	0.382972598579219	sample_2022120210011
HROV.vOTU57091	Responder_Status	Responder	1.91692092117347	0.639152648368599	0.00562908728448841	0.382972598579219	sample_2022120210011
HROV.vOTU64497	Responder_Status	Responder	-1.52275237986077	0.507344710419567	0.00559775739825888	0.382972598579219	sample_2022120210011
HROV.vOTU18437	Responder_Status	Responder	-1.84468191887069	0.617629311263232	0.00580495485070107	0.38727607441456	sample_2022120210011
HROV.vOTU43771	Responder_Status	Responder	2.63724068350008	0.887161061287219	0.00600960079126469	0.388642890199069	sample_2022120210011
HROV.vOTU60687	Responder_Status	Responder	2.53716917185032	0.853233344553702	0.00599599121942175	0.388642890199069	sample_2022120210011
HROV.vOTU07359	Responder_Status	Responder	2.60630460633772	0.888441473050152	0.00661630351494032	0.408028305819497	sample_2022120210011
HROV.vOTU43248	Responder_Status	Responder	-2.19350775176367	0.745801417276951	0.00649446024697773	0.408028305819497	sample_2022120210011
HROV.vOTU59503	Responder_Status	Responder	-2.2849443707657	0.779986371738555	0.00668320988494721	0.410356972729133	sample_2022120210011
HROV.vOTU20963	Responder_Status	Responder	-3.11015690755202	1.06356756641692	0.00676892115631405	0.411679506002401	sample_2022120210011
HROV.vOTU06856	Responder_Status	Responder	3.32261372464385	1.13754468568784	0.00682560414889694	0.413008576625843	sample_2022120210011
HROV.vOTU00682	Responder_Status	Responder	1.95186670440215	0.683556238124208	0.00800595012264473	0.418341658681558	sample_2022120210011
HROV.vOTU04606	Responder_Status	Responder	2.04324453886949	0.703053006655172	0.00707419036650699	0.418341658681558	sample_2022120210011
HROV.vOTU21781	Responder_Status	Responder	-1.4304742494732	0.495755769529665	0.007442748574953	0.418341658681558	sample_2022120210011
HROV.vOTU53817	Responder_Status	Responder	-2.14733649001645	0.75071154050481	0.00791041530129655	0.418341658681558	sample_2022120210011
HROV.vOTU43253	Responder_Status	Responder	-3.21229632196023	1.12510814813992	0.00801292729882888	0.418341658681558	sample_2022120210011
HROV.vOTU15781	Responder_Status	Responder	-2.33277288423407	0.811566862471138	0.00764553849203301	0.418341658681558	sample_2022120210011
HROV.vOTU49726	Responder_Status	Responder	-0.428338065029754	0.149847252307113	0.0079470812228808	0.418341658681558	sample_2022120210011
HROV.vOTU34455	Responder_Status	Responder	-1.88144644844116	0.646706319668939	0.00702198214452944	0.418341658681558	sample_2022120210011
HROV.vOTU04694	Responder_Status	Responder	-1.60937109946573	0.555468441585633	0.00723010481242157	0.418341658681558	sample_2022120210011
HROV.vOTU62944	Responder_Status	Responder	2.87891307568026	1.00883707515668	0.00804030953113064	0.418397607226211	sample_2022120210011
HROV.vOTU01482	Responder_Status	Responder	1.9689155783265	0.699573464872107	0.00884157476909012	0.430038328245027	sample_2022120210011
HROV.vOTU21061	Responder_Status	Responder	1.99029580679133	0.70431578612304	0.00860126029869203	0.430038328245027	sample_2022120210011
HROV.vOTU01179	Responder_Status	Responder	2.65417964095163	0.938293708521269	0.00854170575954814	0.430038328245027	sample_2022120210011
HROV.vOTU73077	Responder_Status	Responder	-2.46220975669672	0.870562259118074	0.00855063161446771	0.430038328245027	sample_2022120210011
HROV.vOTU56246	Responder_Status	Responder	-0.889724611981488	0.315391037742278	0.0087024045650968	0.430038328245027	sample_2022120210011
HROV.vOTU02505	Responder_Status	Responder	2.04116816158219	0.727650588569542	0.00904224504052677	0.434675128218394	sample_2022120210011
HROV.vOTU66152	Responder_Status	Responder	-1.11030875975028	0.395435792529472	0.008984395840871	0.434675128218394	sample_2022120210011
HROV.vOTU12418	Responder_Status	Responder	2.6929745087984	0.960448874665454	0.00907014605971452	0.435011728647368	sample_2022120210011
HROV.vOTU11025	Responder_Status	Responder	3.49661840018322	1.24951680590838	0.00919101878929378	0.4383501087916	sample_2022120210011
HROV.vOTU50435	Responder_Status	Responder	2.38737322717261	0.855820661876782	0.00938788004952576	0.439574013972838	sample_2022120210011
HROV.vOTU08062	Responder_Status	Responder	2.5991843371852	0.931472530198305	0.00936911399161625	0.439574013972838	sample_2022120210011
HROV.vOTU55030	Responder_Status	Responder	2.13246771849964	0.765159477585978	0.00944706997979082	0.440898568675663	sample_2022120210011
HROV.vOTU10197	Responder_Status	Responder	1.7686060280527	0.635874470354036	0.0095746844991475	0.443868725723286	sample_2022120210011
HROV.vOTU01904	Responder_Status	Responder	2.76416891211666	0.999084729944345	0.00991791713895513	0.446842955080847	sample_2022120210011
HROV.vOTU04572	Responder_Status	Responder	1.90127373725998	0.690845009979913	0.0102708920301739	0.449410373286076	sample_2022120210011
HROV.vOTU00906	Responder_Status	Responder	1.75315241995628	0.63845323974715	0.0104233429434465	0.449410373286076	sample_2022120210011
HROV.vOTU00231	Responder_Status	Responder	2.17694596552354	0.789243574014326	0.0101203334094127	0.449410373286076	sample_2022120210011
HROV.vOTU52833	Responder_Status	Responder	-0.812486934177445	0.296187773106377	0.010493040847274	0.449410373286076	sample_2022120210011
HROV.vOTU10654	Responder_Status	Responder	2.42916457193839	0.886333234758713	0.0105548348968141	0.449472884520858	sample_2022120210011
HROV.vOTU61744	Responder_Status	Responder	-1.63097090425337	0.595900321143359	0.0106485857855301	0.449565595366394	sample_2022120210011
HROV.vOTU56294	Responder_Status	Responder	-2.06762748605794	0.755557191576203	0.0106594249113096	0.449565595366394	sample_2022120210011
HROV.vOTU02836	Responder_Status	Responder	2.56318194673189	0.942345360227746	0.0110885445153051	0.457045651655597	sample_2022120210011
HROV.vOTU05922	Responder_Status	Responder	2.16771212727663	0.797488066605306	0.0111368931311929	0.457845482710096	sample_2022120210011
HROV.vOTU56571	Responder_Status	Responder	2.28639636593322	0.842002337516016	0.0112099419678251	0.458418353753006	sample_2022120210011
HROV.vOTU49658	Responder_Status	Responder	1.93156564915797	0.713156838854759	0.0113968744538574	0.460974944950322	sample_2022120210011
HROV.vOTU00884	Responder_Status	Responder	-1.38480855468252	0.511383247236179	0.0114105937530186	0.460974944950322	sample_2022120210011
HROV.vOTU73170	Responder_Status	Responder	-1.50874866719107	0.556692164622244	0.0113500971365907	0.460974944950322	sample_2022120210011
HROV.vOTU40209	Responder_Status	Responder	1.78154803681418	0.659670951638639	0.0116102788443778	0.464175455701388	sample_2022120210011
HROV.vOTU66454	Responder_Status	Responder	-1.47146916384866	0.544831769089215	0.011607097442756	0.464175455701388	sample_2022120210011
HROV.vOTU21345	Responder_Status	Responder	-3.07246902226236	1.13813616200838	0.0116406239671451	0.464175455701388	sample_2022120210011
HROV.vOTU21008	Responder_Status	Responder	-1.55077190905028	0.57464694446457	0.0116657973238294	0.464237569773927	sample_2022120210011
HROV.vOTU07961	Responder_Status	Responder	-1.22764044074307	0.456247944298203	0.0118869988574956	0.467727563740586	sample_2022120210011
HROV.vOTU00482	Responder_Status	Responder	2.02261673680844	0.754002327920683	0.0121208011342423	0.469525010886482	sample_2022120210011
HROV.vOTU04802	Responder_Status	Responder	1.92039336647066	0.716870155820472	0.0122259214941376	0.469525010886482	sample_2022120210011
HROV.vOTU22120	Responder_Status	Responder	1.78915187270334	0.667753262398667	0.0122113899280001	0.469525010886482	sample_2022120210011
HROV.vOTU46686	Responder_Status	Responder	2.00807800712106	0.747351832379637	0.0119946861543429	0.469525010886482	sample_2022120210011
HROV.vOTU19010	Responder_Status	Responder	-2.86601828739591	1.06859275793228	0.0121339519090258	0.469525010886482	sample_2022120210011
HROV.vOTU74507	Responder_Status	Responder	-1.9730127774198	0.737422028858876	0.0123218177829175	0.471468082998947	sample_2022120210011
HROV.vOTU14169	Responder_Status	Responder	1.86973138836731	0.700635974661316	0.0125253886820639	0.472057179628745	sample_2022120210011
HROV.vOTU32200	Responder_Status	Responder	-0.861596885597477	0.323441674322627	0.0126675491516545	0.472057179628745	sample_2022120210011
HROV.vOTU39998	Responder_Status	Responder	2.5747781844311	0.967271365129335	0.012725718014826	0.472057179628745	sample_2022120210011
HROV.vOTU50610	Responder_Status	Responder	3.0266021016412	1.13760747904274	0.0127678394592655	0.472057179628745	sample_2022120210011
HROV.vOTU06347	Responder_Status	Responder	-2.63997749829901	0.993721155429926	0.0128839606942898	0.475495818885892	sample_2022120210011
HROV.vOTU58042	Responder_Status	Responder	1.94637985634828	0.73422568106411	0.0130590802643334	0.479944331554727	sample_2022120210011
HROV.vOTU02985	Responder_Status	Responder	1.69957895136352	0.641941999928567	0.0131631189882874	0.479944331554727	sample_2022120210011
HROV.vOTU01753	Responder_Status	Responder	1.94884534392095	0.739599697071288	0.0135576347538925	0.481255435674091	sample_2022120210011
HROV.vOTU34920	Responder_Status	Responder	1.78343143438039	0.67580341860603	0.0134314459956021	0.481255435674091	sample_2022120210011
HROV.vOTU04129	Responder_Status	Responder	2.03720731176173	0.771896508369151	0.0134237512426682	0.481255435674091	sample_2022120210011
HROV.vOTU02014	Responder_Status	Responder	2.84402332147233	1.07916713118542	0.0135453120065627	0.481255435674091	sample_2022120210011
HROV.vOTU27505	Responder_Status	Responder	3.8460824854712	1.457781150447	0.0134525178999016	0.481255435674091	sample_2022120210011
HROV.vOTU09477	Responder_Status	Responder	-0.36540756139617	0.138422138957697	0.0134053851359981	0.481255435674091	sample_2022120210011
HROV.vOTU62466	Responder_Status	Responder	2.49101210515366	0.947852456391157	0.0137803904173481	0.481773842872414	sample_2022120210011
HROV.vOTU24359	Responder_Status	Responder	-1.10489989292556	0.421029810477314	0.0139031056370222	0.482321906391029	sample_2022120210011
HROV.vOTU09406	Responder_Status	Responder	2.20630846932994	0.843229454685049	0.0141589599242873	0.484276606143624	sample_2022120210011
HROV.vOTU23163	Responder_Status	Responder	1.93288126171982	0.739606327930195	0.0142623178813336	0.485081939052219	sample_2022120210011
HROV.vOTU56634	Responder_Status	Responder	-3.28260174520277	1.26443795110508	0.0148507635110091	0.486321625689739	sample_2022120210011
HROV.vOTU64237	Responder_Status	Responder	1.88342701581442	0.730773002099967	0.015515433126159	0.486321625689739	sample_2022120210011
HROV.vOTU01913	Responder_Status	Responder	1.82095946293907	0.715812672643645	0.016765698043994	0.486321625689739	sample_2022120210011
HROV.vOTU10130	Responder_Status	Responder	1.98348637089683	0.764699768081185	0.0149301645597365	0.486321625689739	sample_2022120210011
HROV.vOTU07510	Responder_Status	Responder	1.79058746317438	0.691041752868763	0.0150233887654511	0.486321625689739	sample_2022120210011
HROV.vOTU04367	Responder_Status	Responder	1.90378696131006	0.739412112986644	0.0156087358886347	0.486321625689739	sample_2022120210011
HROV.vOTU05208	Responder_Status	Responder	1.77637696412838	0.689484547143978	0.0155488187865404	0.486321625689739	sample_2022120210011
HROV.vOTU05088	Responder_Status	Responder	1.98944286520582	0.775453542955175	0.0159463769257709	0.486321625689739	sample_2022120210011
HROV.vOTU24513	Responder_Status	Responder	1.90489375488284	0.744045113397369	0.0161450974796965	0.486321625689739	sample_2022120210011
HROV.vOTU45866	Responder_Status	Responder	-2.52432634740726	0.989144121716861	0.0164532440457848	0.486321625689739	sample_2022120210011
HROV.vOTU38195	Responder_Status	Responder	-3.0299149362611	1.16190210967952	0.0144528678854959	0.486321625689739	sample_2022120210011
HROV.vOTU16270	Responder_Status	Responder	-2.86497497304178	1.10278592635075	0.0147868524976505	0.486321625689739	sample_2022120210011
HROV.vOTU16744	Responder_Status	Responder	3.11518370387774	1.20658898523457	0.0153536837771698	0.486321625689739	sample_2022120210011
HROV.vOTU32551	Responder_Status	Responder	2.06949839434667	0.806900619194304	0.0159749735009871	0.486321625689739	sample_2022120210011
HROV.vOTU07148	Responder_Status	Responder	2.9533474496308	1.15491584295723	0.0162574050580671	0.486321625689739	sample_2022120210011
HROV.vOTU09923	Responder_Status	Responder	-2.5244342299737	0.979939170836167	0.0155586178469418	0.486321625689739	sample_2022120210011
HROV.vOTU36826	Responder_Status	Responder	2.32916441507861	0.915892418292077	0.0167987148148413	0.486321625689739	sample_2022120210011
HROV.vOTU13757	Responder_Status	Responder	-1.07547599790808	0.412145715700905	0.0143942979669879	0.486321625689739	sample_2022120210011
HROV.vOTU41116	Responder_Status	Responder	-2.63921279691003	1.02811795407039	0.0158905011866803	0.486321625689739	sample_2022120210011
HROV.vOTU20073	Responder_Status	Responder	-1.86025195872736	0.724499528109719	0.0158682171270625	0.486321625689739	sample_2022120210011
HROV.vOTU18154	Responder_Status	Responder	3.78369347787643	1.48621122969134	0.0166898269221692	0.486321625689739	sample_2022120210011
HROV.vOTU36861	Responder_Status	Responder	-1.99292907507309	0.784710902591024	0.0169295963929392	0.487635038061969	sample_2022120210011
HROV.vOTU72708	Responder_Status	Responder	-1.69977075133072	0.669112496510414	0.0169046505663882	0.487635038061969	sample_2022120210011
HROV.vOTU71552	Responder_Status	Responder	-1.14820525462446	0.451868227631924	0.0168780291756854	0.487635038061969	sample_2022120210011
HROV.vOTU10880	Responder_Status	Responder	1.84973046246715	0.729368664385078	0.0170721336650606	0.487670687421894	sample_2022120210011
HROV.vOTU22200	Responder_Status	Responder	-1.87808336506725	0.740506082075603	0.0170664020060485	0.487670687421894	sample_2022120210011
HROV.vOTU25214	Responder_Status	Responder	-1.13335207334217	0.447970111509219	0.0173142320237374	0.490949163833698	sample_2022120210011
HROV.vOTU14373	Responder_Status	Responder	1.77359910321735	0.702516273802119	0.0175286227853305	0.493044734815932	sample_2022120210011
HROV.vOTU01795	Responder_Status	Responder	-2.29675305249149	0.909255071899781	0.017474764999475	0.493044734815932	sample_2022120210011
HROV.vOTU71197	Responder_Status	Responder	-1.32635704551309	0.525607740351038	0.0175757479333856	0.493044734815932	sample_2022120210011
HROV.vOTU00314	Responder_Status	Responder	1.88580652599957	0.748847120020355	0.0177873368119512	0.494648560772499	sample_2022120210011
HROV.vOTU50652	Responder_Status	Responder	1.72965147931632	0.689695019613504	0.0182193903723188	0.498902416673723	sample_2022120210011
HROV.vOTU00880	Responder_Status	Responder	-2.34569641955209	0.937757153716233	0.018491811853542	0.500383596815275	sample_2022120210011
HROV.vOTU73912	Responder_Status	Responder	1.83952100626399	0.735525377020579	0.0185099968047944	0.500383596815275	sample_2022120210011
HROV.vOTU59956	Responder_Status	Responder	-1.00718254724773	0.402460499443226	0.0184420902294633	0.500383596815275	sample_2022120210011
HROV.vOTU70488	Responder_Status	Responder	-1.53521159472274	0.61572984408332	0.0188374192414558	0.503985708882908	sample_2022120210011
HROV.vOTU23606	Responder_Status	Responder	-2.7148276712032	1.08871273961931	0.0188247944288255	0.503985708882908	sample_2022120210011
HROV.vOTU28343	Responder_Status	Responder	-2.7407022834724	1.10036106306398	0.018949600695154	0.504106574640154	sample_2022120210011
HROV.vOTU06547	Responder_Status	Responder	-2.03263579503516	0.816271905443569	0.0189750009527651	0.504106574640154	sample_2022120210011
HROV.vOTU13358	Responder_Status	Responder	1.60033207567062	0.642738768723667	0.0189872473945655	0.504106574640154	sample_2022120210011
HROV.vOTU49879	Responder_Status	Responder	2.01269902900011	0.808857129070781	0.0190543349125047	0.504656599048613	sample_2022120210011
HROV.vOTU02740	Responder_Status	Responder	-1.23882357329731	0.500282784247186	0.019588314923264	0.505493068151954	sample_2022120210011
HROV.vOTU07317	Responder_Status	Responder	1.82854326036694	0.741465200688849	0.0200465406367084	0.505493068151954	sample_2022120210011
HROV.vOTU04832	Responder_Status	Responder	1.81614197257412	0.736941577606205	0.0201239799723221	0.505493068151954	sample_2022120210011
HROV.vOTU32755	Responder_Status	Responder	1.79660024085644	0.729400171956185	0.0201842528807086	0.505493068151954	sample_2022120210011
HROV.vOTU29848	Responder_Status	Responder	2.38168566326593	0.967116686500739	0.0202051517032153	0.505493068151954	sample_2022120210011
HROV.vOTU03695	Responder_Status	Responder	2.19007660850069	0.882748848534752	0.0193777090803691	0.505493068151954	sample_2022120210011
HROV.vOTU19710	Responder_Status	Responder	-2.23402153526199	0.904794875756484	0.0199111077001917	0.505493068151954	sample_2022120210011
HROV.vOTU02488	Responder_Status	Responder	1.96406796286339	0.798074878267568	0.020281725237328	0.506799652839114	sample_2022120210011
HROV.vOTU69478	Responder_Status	Responder	1.71315146765823	0.696801361846097	0.0203935837687146	0.507714486825929	sample_2022120210011
HROV.vOTU71167	Responder_Status	Responder	2.47568442696609	1.00695645543507	0.0203941565727292	0.507714486825929	sample_2022120210011
HROV.vOTU08556	Responder_Status	Responder	1.70635920825891	0.696091209820539	0.0207330091695004	0.510156826406544	sample_2022120210011
HROV.vOTU03452	Responder_Status	Responder	1.65460981692646	0.67828091891914	0.0213027775575589	0.514343784256892	sample_2022120210011
HROV.vOTU43762	Responder_Status	Responder	3.20293387165501	1.31149026513014	0.0211680992871007	0.514343784256892	sample_2022120210011
HROV.vOTU20363	Responder_Status	Responder	-1.10550923521857	0.453365830666391	0.0213496531154434	0.514343784256892	sample_2022120210011
HROV.vOTU10784	Responder_Status	Responder	-1.0960519747212	0.448552037959354	0.0211045137375211	0.514343784256892	sample_2022120210011
HROV.vOTU23520	Responder_Status	Responder	2.16072561425457	0.887946761420824	0.0215958343831937	0.516093332590329	sample_2022120210011
HROV.vOTU00162	Responder_Status	Responder	2.14265496265721	0.881453763518675	0.0217223346491865	0.516234120864544	sample_2022120210011
HROV.vOTU01399	Responder_Status	Responder	2.70698878525869	1.11656219017335	0.0220407448907418	0.519398462115783	sample_2022120210011
HROV.vOTU39112	Responder_Status	Responder	-2.45075445349629	1.01304055125075	0.0223010878465188	0.519629443840725	sample_2022120210011
HROV.vOTU44304	Responder_Status	Responder	-2.08448058255434	0.860820884331516	0.0221855219437405	0.519629443840725	sample_2022120210011
HROV.vOTU03095	Responder_Status	Responder	-1.40152318600002	0.579000175680583	0.0222313120049623	0.519629443840725	sample_2022120210011
HROV.vOTU07899	Responder_Status	Responder	2.58352470689726	1.06860925385311	0.0223796601187522	0.519629443840725	sample_2022120210011
HROV.vOTU71326	Responder_Status	Responder	2.14038199103767	0.885200568306573	0.0223639127485227	0.519629443840725	sample_2022120210011
HROV.vOTU39739	Responder_Status	Responder	-1.05264576360596	0.434812295157248	0.0222148220876342	0.519629443840725	sample_2022120210011
HROV.vOTU59028	Responder_Status	Responder	-2.18481854550731	0.905597463574611	0.0226380825760675	0.519629443840725	sample_2022120210011
HROV.vOTU01449	Responder_Status	Responder	-0.957259048838254	0.397302951676132	0.0228011427080809	0.519831090327168	sample_2022120210011
HROV.vOTU38546	Responder_Status	Responder	-0.693994129594669	0.289215065697923	0.0233115362715068	0.525709238885605	sample_2022120210011
HROV.vOTU05109	Responder_Status	Responder	1.75942600189728	0.738099354710168	0.0241580055276158	0.532600295032818	sample_2022120210011
HROV.vOTU52361	Responder_Status	Responder	-2.02131593688716	0.849058969507225	0.0243251833965491	0.534101996201656	sample_2022120210011
HROV.vOTU22477	Responder_Status	Responder	-1.40079066817328	0.588669656836075	0.0243835381664332	0.534385463816916	sample_2022120210011
HROV.vOTU39158	Responder_Status	Responder	-1.61319631834504	0.678420959471922	0.0244777225984455	0.534385463816916	sample_2022120210011
HROV.vOTU12145	Responder_Status	Responder	-1.57151271749674	0.661255082999596	0.0245497005765192	0.534385463816916	sample_2022120210011
HROV.vOTU00371	Responder_Status	Responder	1.91025982247822	0.806198543397308	0.0249432815870302	0.537468329434817	sample_2022120210011
HROV.vOTU02903	Responder_Status	Responder	2.13760017555377	0.903935620411592	0.0252069127163662	0.538784825908067	sample_2022120210011
HROV.vOTU69623	Responder_Status	Responder	2.09284902469047	0.884073729261477	0.0250657553563828	0.538784825908067	sample_2022120210011
HROV.vOTU33117	Responder_Status	Responder	1.35993901462392	0.575140813198453	0.0252203488809277	0.538784825908067	sample_2022120210011
HROV.vOTU28137	Responder_Status	Responder	-1.7411548847079	0.73863638158189	0.0256341282073604	0.539628509640223	sample_2022120210011
HROV.vOTU59107	Responder_Status	Responder	1.84796112297587	0.785911838059477	0.0259739613362283	0.541731468149891	sample_2022120210011
HROV.vOTU28082	Responder_Status	Responder	-0.63259775999864	0.269185539086428	0.0260503470338447	0.542316240840997	sample_2022120210011
HROV.vOTU07535	Responder_Status	Responder	1.72196105080461	0.734338689976505	0.0263501197868026	0.544203624378923	sample_2022120210011
HROV.vOTU75483	Responder_Status	Responder	-2.9600450782089	1.26224665649322	0.0263414990453238	0.544203624378923	sample_2022120210011
HROV.vOTU01761	Responder_Status	Responder	2.09525037468124	0.893724053670002	0.026380084410201	0.544203624378923	sample_2022120210011
HROV.vOTU36129	Responder_Status	Responder	2.40469216393107	1.02450179741299	0.0262171933814281	0.544203624378923	sample_2022120210011
HROV.vOTU70504	Responder_Status	Responder	-0.790607491210849	0.33750821260287	0.0264932354680563	0.545288133650766	sample_2022120210011
HROV.vOTU33883	Responder_Status	Responder	2.68165442203417	1.147340570857	0.02680215134324	0.545554119405654	sample_2022120210011
HROV.vOTU24280	Responder_Status	Responder	-1.22711485078026	0.527194579085676	0.027383335167242	0.547535179160558	sample_2022120210011
HROV.vOTU02260	Responder_Status	Responder	1.80382108339961	0.775987338667558	0.0275714255796342	0.548767193054293	sample_2022120210011
HROV.vOTU38878	Responder_Status	Responder	-1.08456949339589	0.466782626262928	0.0276357400056776	0.548767193054293	sample_2022120210011
HROV.vOTU14470	Responder_Status	Responder	3.75602935862136	1.61647914429331	0.0276304329471312	0.548767193054293	sample_2022120210011
HROV.vOTU42956	Responder_Status	Responder	-2.55486579248448	1.10229286704001	0.0279890473974044	0.549194589232815	sample_2022120210011
HROV.vOTU20487	Responder_Status	Responder	2.34908320884166	1.01323267731003	0.0279499465532852	0.549194589232815	sample_2022120210011
HROV.vOTU47170	Responder_Status	Responder	2.40255690845432	1.03605759789323	0.0279166854051372	0.549194589232815	sample_2022120210011
HROV.vOTU05956	Responder_Status	Responder	2.00766028773573	0.868937253892656	0.0284451747127119	0.552319320564456	sample_2022120210011
HROV.vOTU06373	Responder_Status	Responder	1.62225218180815	0.701881665478947	0.0283940617897207	0.552319320564456	sample_2022120210011
HROV.vOTU06486	Responder_Status	Responder	-1.62617049561114	0.706327894847489	0.0289651783396226	0.55828260733569	sample_2022120210011
HROV.vOTU02021	Responder_Status	Responder	1.68822693613317	0.733468707730916	0.0290026917881665	0.558454460534113	sample_2022120210011
HROV.vOTU60083	Responder_Status	Responder	-1.78781687790453	0.780471285503646	0.0297164663160744	0.56202857004906	sample_2022120210011
HROV.vOTU03230	Responder_Status	Responder	1.55064991217255	0.677528391080445	0.0298479466383218	0.56202857004906	sample_2022120210011
HROV.vOTU19646	Responder_Status	Responder	-0.872062799549966	0.380908160134916	0.029799014895621	0.56202857004906	sample_2022120210011
HROV.vOTU08968	Responder_Status	Responder	-1.57975881231205	0.689772022874696	0.0297444322195023	0.56202857004906	sample_2022120210011
HROV.vOTU64314	Responder_Status	Responder	-0.756379602679165	0.330195287904109	0.0297154869157292	0.56202857004906	sample_2022120210011
HROV.vOTU54452	Responder_Status	Responder	1.52810036229514	0.666728414880934	0.0296347036100471	0.56202857004906	sample_2022120210011
HROV.vOTU14113	Responder_Status	Responder	-2.19322559856002	0.96454673801126	0.0308391747053288	0.566152048218332	sample_2022120210011
HROV.vOTU16455	Responder_Status	Responder	1.56539247804349	0.690316166932203	0.0312615455974208	0.570797431237117	sample_2022120210011
HROV.vOTU28648	Responder_Status	Responder	2.85054596458635	1.259843669342	0.0316081134611442	0.573103555482331	sample_2022120210011
HROV.vOTU13785	Responder_Status	Responder	-3.22810898030965	1.43646190109647	0.0326883269043604	0.574078680747876	sample_2022120210011
HROV.vOTU73280	Responder_Status	Responder	-1.66814503039569	0.740356475648585	0.0322693292087542	0.574078680747876	sample_2022120210011
HROV.vOTU73091	Responder_Status	Responder	-1.92433482031875	0.85568441314798	0.0325728150418541	0.574078680747876	sample_2022120210011
HROV.vOTU03454	Responder_Status	Responder	-2.2181486802555	0.986848906979237	0.0326565866834777	0.574078680747876	sample_2022120210011
HROV.vOTU23684	Responder_Status	Responder	2.0552397899889	0.910596998039354	0.0319978748637703	0.574078680747876	sample_2022120210011
HROV.vOTU13913	Responder_Status	Responder	2.33007097382879	1.03374593051344	0.032209884206261	0.574078680747876	sample_2022120210011
HROV.vOTU74890	Responder_Status	Responder	-0.647478918789988	0.287442267203242	0.0323125393773765	0.574078680747876	sample_2022120210011
HROV.vOTU00252	Responder_Status	Responder	1.90818956152274	0.849650765234488	0.0327893342989994	0.574528163732143	sample_2022120210011
HROV.vOTU23315	Responder_Status	Responder	-1.65313415131744	0.73621617874444	0.0328183515098495	0.574528163732143	sample_2022120210011
HROV.vOTU00812	Responder_Status	Responder	1.40627546553669	0.63112325769476	0.0340749926810187	0.580295839475075	sample_2022120210011
HROV.vOTU07385	Responder_Status	Responder	1.69149925791079	0.76350593463116	0.0350340675966859	0.580295839475075	sample_2022120210011
HROV.vOTU52875	Responder_Status	Responder	-2.27305300073037	1.02719671935629	0.0352296930922274	0.580295839475075	sample_2022120210011
HROV.vOTU43644	Responder_Status	Responder	2.17406687010825	0.983351375873212	0.0353824428023615	0.580295839475075	sample_2022120210011
HROV.vOTU06193	Responder_Status	Responder	2.47785535133424	1.12048017512587	0.0353404425418025	0.580295839475075	sample_2022120210011
HROV.vOTU23255	Responder_Status	Responder	2.43328225215917	1.08970094993343	0.033722868736902	0.580295839475075	sample_2022120210011
HROV.vOTU51082	Responder_Status	Responder	1.74538636535591	0.787434139529565	0.0349496153481119	0.580295839475075	sample_2022120210011
HROV.vOTU11783	Responder_Status	Responder	1.95063527997567	0.879086829003924	0.0347691447049853	0.580295839475075	sample_2022120210011
HROV.vOTU11625	Responder_Status	Responder	-1.84545381524393	0.833360770550448	0.0351075215669252	0.580295839475075	sample_2022120210011
HROV.vOTU29916	Responder_Status	Responder	2.14194736348172	0.960250107636456	0.0338971942480808	0.580295839475075	sample_2022120210011
HROV.vOTU18867	Responder_Status	Responder	1.78968574672147	0.809126210245412	0.0353058329694455	0.580295839475075	sample_2022120210011
HROV.vOTU75024	Responder_Status	Responder	2.26991922914737	1.0231625671841	0.0347994536538944	0.580295839475075	sample_2022120210011
HROV.vOTU06779	Responder_Status	Responder	-1.00401265702301	0.453894530566968	0.035296582186573	0.580295839475075	sample_2022120210011
HROV.vOTU58173	Responder_Status	Responder	-0.715825764903398	0.322794707212096	0.0348708559679115	0.580295839475075	sample_2022120210011
HROV.vOTU14922	Responder_Status	Responder	-0.866679905769377	0.391744880587683	0.0352688500361858	0.580295839475075	sample_2022120210011
HROV.vOTU06274	Responder_Status	Responder	1.19750183850822	0.538604768472022	0.0344378155554173	0.580295839475075	sample_2022120210011
HROV.vOTU26100	Responder_Status	Responder	1.85009748737208	0.838697220944182	0.035764480583566	0.581277879547009	sample_2022120210011
HROV.vOTU70703	Responder_Status	Responder	-1.09010346371002	0.494073051497088	0.0357302110433012	0.581277879547009	sample_2022120210011
HROV.vOTU15122	Responder_Status	Responder	-2.30530037676238	1.04702947133243	0.0360883730932291	0.583213886595935	sample_2022120210011
HROV.vOTU23301	Responder_Status	Responder	1.73937888460291	0.790584897102024	0.0362163578894251	0.583301369523586	sample_2022120210011
HROV.vOTU67925	Responder_Status	Responder	-1.86521897214656	0.84911106866083	0.0364870170234927	0.583329168260404	sample_2022120210011
HROV.vOTU62915	Responder_Status	Responder	-2.02864826515415	0.92584729880132	0.0369267212327179	0.586580155904784	sample_2022120210011
HROV.vOTU42695	Responder_Status	Responder	-1.11607149292724	0.509518689453182	0.0369812350802892	0.586580155904784	sample_2022120210011
HROV.vOTU46158	Responder_Status	Responder	-2.96850394822118	1.35614351065952	0.0371020981047589	0.587285301939587	sample_2022120210011
HROV.vOTU48330	Responder_Status	Responder	-0.676688287861049	0.309215930193908	0.0371445489574237	0.587510476100893	sample_2022120210011
HROV.vOTU52970	Responder_Status	Responder	-0.69793691924275	0.320140944104058	0.0378156039622849	0.590652582150652	sample_2022120210011
HROV.vOTU39268	Responder_Status	Responder	1.93562472004844	0.888885269570577	0.0380201441640812	0.591117960920721	sample_2022120210011
HROV.vOTU71677	Responder_Status	Responder	-2.36419310020772	1.09098373232907	0.038892824112252	0.592662995355386	sample_2022120210011
HROV.vOTU29692	Responder_Status	Responder	-2.21933201953917	1.02330424390933	0.0387460088886829	0.592662995355386	sample_2022120210011
HROV.vOTU58420	Responder_Status	Responder	-1.48947751431331	0.688026330616246	0.0390746749288011	0.592662995355386	sample_2022120210011
HROV.vOTU18442	Responder_Status	Responder	2.3463758287327	1.08049348193692	0.0385146265620177	0.592662995355386	sample_2022120210011
HROV.vOTU20008	Responder_Status	Responder	1.97681534988989	0.911593387349427	0.0387678575336191	0.592662995355386	sample_2022120210011
HROV.vOTU43196	Responder_Status	Responder	-1.21916969211401	0.561089145603161	0.0384084157743451	0.592662995355386	sample_2022120210011
HROV.vOTU33631	Responder_Status	Responder	-1.50899581589952	0.69506330491216	0.0385608962786453	0.592662995355386	sample_2022120210011
HROV.vOTU67371	Responder_Status	Responder	-1.03584855144907	0.478783491375053	0.0391883882720917	0.592809812415398	sample_2022120210011
HROV.vOTU20726	Responder_Status	Responder	1.80331769810228	0.834721215840493	0.0394512740020931	0.592878716693126	sample_2022120210011
HROV.vOTU73443	Responder_Status	Responder	1.93668426477181	0.898478143457927	0.0398648007650059	0.594276379856342	sample_2022120210011
HROV.vOTU43686	Responder_Status	Responder	-2.42085547111053	1.12491031295748	0.0401622713034155	0.595877465243976	sample_2022120210011
HROV.vOTU22252	Responder_Status	Responder	-2.09421251552377	0.974180003209045	0.0403624975309368	0.595961979324984	sample_2022120210011
HROV.vOTU13955	Responder_Status	Responder	-2.05969002924716	0.958228521538882	0.0403833369903312	0.595961979324984	sample_2022120210011
HROV.vOTU68200	Responder_Status	Responder	-1.19194487117197	0.555220858937431	0.0406156006793075	0.59662224992222	sample_2022120210011
HROV.vOTU11502	Responder_Status	Responder	-0.922514448210393	0.430042467615084	0.0407567404552726	0.597457782070572	sample_2022120210011
HROV.vOTU34617	Responder_Status	Responder	-0.815945949711785	0.380364630970628	0.0407569842471029	0.597457782070572	sample_2022120210011
HROV.vOTU48567	Responder_Status	Responder	1.32211427084209	0.617055933641691	0.0409796557117785	0.597751600308809	sample_2022120210011
HROV.vOTU23716	Responder_Status	Responder	1.64706343920736	0.77037354373819	0.0413848076000383	0.601133824281087	sample_2022120210011
HROV.vOTU11600	Responder_Status	Responder	2.00914355947887	0.941693870344928	0.0417805101017204	0.602968350433281	sample_2022120210011
HROV.vOTU62516	Responder_Status	Responder	-1.8588105149941	0.874216551136851	0.042433376313465	0.605826439893032	sample_2022120210011
HROV.vOTU38085	Responder_Status	Responder	-0.924684160692829	0.435124532754548	0.0425378579375012	0.605826439893032	sample_2022120210011
HROV.vOTU46834	Responder_Status	Responder	-1.13603202164735	0.534190761477633	0.0423988721991483	0.605826439893032	sample_2022120210011
HROV.vOTU58254	Responder_Status	Responder	-1.07217520180228	0.503703673963492	0.0422240271473456	0.605826439893032	sample_2022120210011
HROV.vOTU71419	Responder_Status	Responder	-2.44166439082344	1.14991600252666	0.0426973995113507	0.606238997836811	sample_2022120210011
HROV.vOTU55031	Responder_Status	Responder	-1.0347873409916	0.488298758552099	0.0430776347351748	0.60665219066601	sample_2022120210011
HROV.vOTU05758	Responder_Status	Responder	-0.960516991542272	0.453671891499818	0.0432574631027937	0.60665219066601	sample_2022120210011
HROV.vOTU06773	Responder_Status	Responder	1.85535671993537	0.87406046912989	0.0427568467910341	0.60665219066601	sample_2022120210011
HROV.vOTU56128	Responder_Status	Responder	-1.98533019475998	0.936165355755763	0.0429373170706005	0.60665219066601	sample_2022120210011
HROV.vOTU53018	Responder_Status	Responder	-2.27816160224572	1.07634642417944	0.0433160037324405	0.60665219066601	sample_2022120210011
HROV.vOTU70406	Responder_Status	Responder	-1.62464894068334	0.768364050825483	0.0435134143965579	0.60665219066601	sample_2022120210011
HROV.vOTU74328	Responder_Status	Responder	-1.03285026832275	0.488743026095614	0.0436194200835467	0.60680523637864	sample_2022120210011
HROV.vOTU66207	Responder_Status	Responder	-2.49753856203622	1.18158709453852	0.0435790708838475	0.60680523637864	sample_2022120210011
HROV.vOTU61820	Responder_Status	Responder	-1.90153417982433	0.900195744204297	0.0437048225014269	0.60719718652748	sample_2022120210011
HROV.vOTU36975	Responder_Status	Responder	-2.52747667195477	1.19813054364998	0.0439686338056557	0.608920234640535	sample_2022120210011
HROV.vOTU09478	Responder_Status	Responder	-1.94038557561489	0.923580860989904	0.0447743955615581	0.611534805520887	sample_2022120210011
HROV.vOTU69864	Responder_Status	Responder	-1.62402835993111	0.774140197435402	0.0450677539350707	0.612727170580338	sample_2022120210011
HROV.vOTU04569	Responder_Status	Responder	1.74210893237457	0.830250204973815	0.0450252976057985	0.612727170580338	sample_2022120210011
HROV.vOTU08392	Responder_Status	Responder	-1.19014335086468	0.571314756906557	0.0464853153149913	0.617746554713468	sample_2022120210011
HROV.vOTU53890	Responder_Status	Responder	-1.76748443945741	0.847426864666918	0.046237129194831	0.617746554713468	sample_2022120210011
HROV.vOTU09476	Responder_Status	Responder	1.92771967507421	0.925320872825154	0.0464723164842767	0.617746554713468	sample_2022120210011
HROV.vOTU53337	Responder_Status	Responder	-2.08400533477627	0.99859989961689	0.0461184239038738	0.617746554713468	sample_2022120210011
HROV.vOTU54421	Responder_Status	Responder	1.02981977766059	0.493716627517355	0.0462230467138271	0.617746554713468	sample_2022120210011
HROV.vOTU40255	Responder_Status	Responder	-0.537161316508295	0.258455361581961	0.0469585873906033	0.618895334187576	sample_2022120210011
HROV.vOTU37858	Responder_Status	Responder	-2.39724172881905	1.15355201354357	0.0469796407696514	0.618895334187576	sample_2022120210011
HROV.vOTU04583	Responder_Status	Responder	-1.57885750673334	0.761370697808609	0.0474196788176822	0.619527562887206	sample_2022120210011
HROV.vOTU21612	Responder_Status	Responder	-0.872666214728212	0.420793151513925	0.0474041147815703	0.619527562887206	sample_2022120210011
HROV.vOTU07112	Responder_Status	Responder	-2.00726811725076	0.968163958846456	0.0474626485306901	0.619527562887206	sample_2022120210011
HROV.vOTU70060	Responder_Status	Responder	-0.931656805473623	0.449750011054956	0.0476397861091629	0.620818341593162	sample_2022120210011
HROV.vOTU16615	Responder_Status	Responder	-1.56864017134122	0.759748918586518	0.0483260536346065	0.621727217014624	sample_2022120210011
HROV.vOTU11598	Responder_Status	Responder	-2.23027687612456	1.07965814516832	0.0482205182085529	0.621727217014624	sample_2022120210011
HROV.vOTU70799	Responder_Status	Responder	-2.12043435612559	1.02641534605545	0.0482064856169733	0.621727217014624	sample_2022120210011
HROV.vOTU00144	Responder_Status	Responder	-2.08218127360035	1.0078101087675	0.0481881525333057	0.621727217014624	sample_2022120210011
HROV.vOTU75058	Responder_Status	Responder	1.74725635370648	0.844711380289124	0.0479441229817587	0.621727217014624	sample_2022120210011
HROV.vOTU45052	Responder_Status	Responder	2.54229307011766	1.2330415118741	0.0486181779761151	0.621727217014624	sample_2022120210011
HROV.vOTU71707	Responder_Status	Responder	-1.66283747442066	0.806786952319454	0.0486941221356244	0.621811957427471	sample_2022120210011
HROV.vOTU02199	Responder_Status	Responder	-0.58792918627523	0.285340653754293	0.0487568643982382	0.621811957427471	sample_2022120210011
HROV.vOTU75192	Responder_Status	Responder	-1.04921396239549	0.509747121350145	0.0489761962456969	0.622748640717276	sample_2022120210011
HROV.vOTU08820	Responder_Status	Responder	-2.25669759886965	1.09828712644222	0.0493423597741083	0.623746961706514	sample_2022120210011
HROV.vOTU22361	Responder_Status	Responder	-0.962063806356886	0.468796257822229	0.0496053516729692	0.625021425588894	sample_2022120210011
HROV.vOTU16979	Responder_Status	Responder	1.30640103432738	0.638013700980443	0.0500836494852456	0.627628635782894	sample_2022120210011
HROV.vOTU38564	Responder_Status	Responder	-1.01185522138425	0.494556397642829	0.0502534028950741	0.627865895114627	sample_2022120210011
HROV.vOTU67091	Responder_Status	Responder	1.44531384807981	0.706365212634828	0.0502384298625841	0.627865895114627	sample_2022120210011
HROV.vOTU15472	Responder_Status	Responder	1.79211548677939	0.876275600792275	0.050341041124087	0.628583545889545	sample_2022120210011
HROV.vOTU74139	Responder_Status	Responder	-2.49041678105863	1.21793264187974	0.0503788944249364	0.628679069217657	sample_2022120210011
HROV.vOTU28315	Responder_Status	Responder	-0.778565728347475	0.380954752421495	0.0504912507869877	0.628949961179623	sample_2022120210011
HROV.vOTU61513	Responder_Status	Responder	-1.87132814899144	0.915828999465581	0.0505340454863334	0.629106553108869	sample_2022120210011
HROV.vOTU48965	Responder_Status	Responder	-2.71364374351617	1.32874393691645	0.0506452090890879	0.629737172753503	sample_2022120210011
HROV.vOTU16041	Responder_Status	Responder	1.63370649845273	0.802437926746106	0.0513179235004057	0.631074084541915	sample_2022120210011
HROV.vOTU30640	Responder_Status	Responder	-2.16993390332485	1.0641577530404	0.0509791379348339	0.631074084541915	sample_2022120210011
HROV.vOTU38642	Responder_Status	Responder	2.80069965049738	1.37459585501449	0.0511533637144021	0.631074084541915	sample_2022120210011
HROV.vOTU04917	Responder_Status	Responder	-3.03208008004062	1.49710308779373	0.0524647865180101	0.631390342574291	sample_2022120210011
HROV.vOTU61734	Responder_Status	Responder	-2.21647098356355	1.0986572014079	0.0533274008661488	0.631390342574291	sample_2022120210011
HROV.vOTU22514	Responder_Status	Responder	-1.17927103878553	0.582222484276666	0.0524466529577538	0.631390342574291	sample_2022120210011
HROV.vOTU32166	Responder_Status	Responder	-2.05673339826432	1.02265201301186	0.0540231860262552	0.631390342574291	sample_2022120210011
HROV.vOTU01212	Responder_Status	Responder	-1.27050912253705	0.631741629003768	0.0540293105082704	0.631390342574291	sample_2022120210011
HROV.vOTU65493	Responder_Status	Responder	1.82563391697419	0.902059193847075	0.0526225775063018	0.631390342574291	sample_2022120210011
HROV.vOTU08671	Responder_Status	Responder	2.3778249864934	1.17884070545311	0.0533659535682671	0.631390342574291	sample_2022120210011
HROV.vOTU59733	Responder_Status	Responder	1.5496422698489	0.768082758520079	0.053315289273224	0.631390342574291	sample_2022120210011
HROV.vOTU09573	Responder_Status	Responder	-0.793952495500587	0.394877884441277	0.0540845054436686	0.631390342574291	sample_2022120210011
HROV.vOTU41251	Responder_Status	Responder	-1.31272342804424	0.647326652138951	0.0521803958496735	0.631390342574291	sample_2022120210011
HROV.vOTU08600	Responder_Status	Responder	2.22726191928755	1.10352309763431	0.0532299083002082	0.631390342574291	sample_2022120210011
HROV.vOTU70764	Responder_Status	Responder	1.62022212274114	0.803906119014616	0.0535487595765458	0.631390342574291	sample_2022120210011
HROV.vOTU25654	Responder_Status	Responder	0.720425067861152	0.357742067049591	0.0537293251328036	0.631390342574291	sample_2022120210011
HROV.vOTU18266	Responder_Status	Responder	1.03482731182138	0.50895232522914	0.0516048174170956	0.631390342574291	sample_2022120210011
HROV.vOTU42142	Responder_Status	Responder	-0.67217510851952	0.33303882629031	0.0532310904235049	0.631390342574291	sample_2022120210011
HROV.vOTU32103	Responder_Status	Responder	-1.98298718312887	0.987818634315865	0.0544421800805185	0.632617691242052	sample_2022120210011
HROV.vOTU20894	Responder_Status	Responder	-1.45929090645139	0.72964074526579	0.0552837655714289	0.632617691242052	sample_2022120210011
HROV.vOTU25750	Responder_Status	Responder	1.90738299266436	0.951153046384794	0.0546793002721848	0.632617691242052	sample_2022120210011
HROV.vOTU03026	Responder_Status	Responder	2.2521457334671	1.12515826157949	0.055100059286944	0.632617691242052	sample_2022120210011
HROV.vOTU62508	Responder_Status	Responder	-0.737696117612402	0.368588487403802	0.055124776168473	0.632617691242052	sample_2022120210011
HROV.vOTU13265	Responder_Status	Responder	2.372754916293	1.18499373460481	0.0550193952829069	0.632617691242052	sample_2022120210011
HROV.vOTU60923	Responder_Status	Responder	-0.399135051201449	0.199186193246459	0.054849978785072	0.632617691242052	sample_2022120210011
HROV.vOTU02547	Responder_Status	Responder	-0.413040088739177	0.206357314633018	0.0551055838618899	0.632617691242052	sample_2022120210011
HROV.vOTU33206	Responder_Status	Responder	-1.67094191100074	0.841091330694081	0.056828337108639	0.63319657032586	sample_2022120210011
HROV.vOTU62679	Responder_Status	Responder	-1.3153391253675	0.663690286987631	0.0573891967156976	0.63319657032586	sample_2022120210011
HROV.vOTU02748	Responder_Status	Responder	1.93632195133446	0.972412465538652	0.056290647079222	0.63319657032586	sample_2022120210011
HROV.vOTU09505	Responder_Status	Responder	1.75148167787323	0.877538647049333	0.0557543748956194	0.63319657032586	sample_2022120210011
HROV.vOTU01210	Responder_Status	Responder	2.43376284953011	1.22387789091864	0.0566030448168354	0.63319657032586	sample_2022120210011
HROV.vOTU34922	Responder_Status	Responder	-1.48219450659686	0.746426862615729	0.0569354528515512	0.63319657032586	sample_2022120210011
HROV.vOTU27429	Responder_Status	Responder	-0.982116164774374	0.49537759217987	0.057306277273922	0.63319657032586	sample_2022120210011
HROV.vOTU73363	Responder_Status	Responder	-1.8584317298025	0.930477730504039	0.0555953968771235	0.63319657032586	sample_2022120210011
HROV.vOTU58731	Responder_Status	Responder	-1.31306146929359	0.659178216692339	0.0562082389962266	0.63319657032586	sample_2022120210011
HROV.vOTU45018	Responder_Status	Responder	1.42407782834892	0.713834249228031	0.0558616564662925	0.63319657032586	sample_2022120210011
HROV.vOTU25646	Responder_Status	Responder	1.33143975194405	0.671572880400546	0.0573052734533365	0.63319657032586	sample_2022120210011
HROV.vOTU17341	Responder_Status	Responder	-0.824378603632491	0.414893382196718	0.0567898517209928	0.63319657032586	sample_2022120210011
HROV.vOTU05499	Responder_Status	Responder	-0.730578017796799	0.368247545846741	0.0571450699978686	0.63319657032586	sample_2022120210011
HROV.vOTU73219	Responder_Status	Responder	-2.01555651279419	1.01775564636959	0.0575619279196279	0.633607366286121	sample_2022120210011
HROV.vOTU69573	Responder_Status	Responder	-1.23127578113982	0.621883783211033	0.0576187228277533	0.633897312716535	sample_2022120210011
HROV.vOTU31854	Responder_Status	Responder	1.9239871917147	0.972106199749986	0.0577037712635945	0.634049637971196	sample_2022120210011
HROV.vOTU13259	Responder_Status	Responder	1.63339554832728	0.825193222488788	0.0576782704616937	0.634049637971196	sample_2022120210011
HROV.vOTU75522	Responder_Status	Responder	-2.43324196975847	1.23060940327977	0.0579325858246846	0.634853203789374	sample_2022120210011
HROV.vOTU04671	Responder_Status	Responder	1.98747329835986	1.00571323649848	0.0580614219906662	0.634853203789374	sample_2022120210011
HROV.vOTU72566	Responder_Status	Responder	2.65931333346318	1.34594089625846	0.0581067406004773	0.634903834960071	sample_2022120210011
HROV.vOTU58320	Responder_Status	Responder	-1.87999910149824	0.952127326679418	0.0582591545536542	0.635105011577531	sample_2022120210011
HROV.vOTU09281	Responder_Status	Responder	2.84696870216206	1.44190903448552	0.0582688110223048	0.635105011577531	sample_2022120210011
HROV.vOTU39610	Responder_Status	Responder	-0.780565718250155	0.395400488412452	0.0583082237388739	0.635105011577531	sample_2022120210011
HROV.vOTU52112	Responder_Status	Responder	-1.6407151497141	0.83320714458025	0.0589034494155017	0.636922233549958	sample_2022120210011
HROV.vOTU00758	Responder_Status	Responder	2.50337203394026	1.27275546114732	0.0591771149992313	0.637302721970655	sample_2022120210011
HROV.vOTU02061	Responder_Status	Responder	0.927551988859008	0.471385263262637	0.059077455683492	0.637302721970655	sample_2022120210011
HROV.vOTU07395	Responder_Status	Responder	-2.39613456756122	1.21746856775579	0.0590275171875335	0.637302721970655	sample_2022120210011
HROV.vOTU11450	Responder_Status	Responder	-1.24099009247908	0.630939190439293	0.0591769049661903	0.637302721970655	sample_2022120210011
HROV.vOTU49263	Responder_Status	Responder	-0.791819893254845	0.403064844003768	0.0594676151703644	0.638379788432767	sample_2022120210011
HROV.vOTU05550	Responder_Status	Responder	-1.87983779212	0.958711678997785	0.059919249854351	0.641354516909707	sample_2022120210011
HROV.vOTU08189	Responder_Status	Responder	-1.45036531409168	0.740618206868681	0.060223328465227	0.641857952894879	sample_2022120210011
HROV.vOTU53011	Responder_Status	Responder	-1.80550222342329	0.923606284420806	0.0606522112737459	0.643233942636615	sample_2022120210011
HROV.vOTU07726	Responder_Status	Responder	-1.10801941343571	0.567273451041445	0.0608507904059638	0.644256969633843	sample_2022120210011
HROV.vOTU43440	Responder_Status	Responder	-1.03751087389466	0.532087974090515	0.0612677760743499	0.645062599386744	sample_2022120210011
HROV.vOTU74047	Responder_Status	Responder	-0.953775300819284	0.489671606266112	0.0615304166135647	0.645912654244783	sample_2022120210011
HROV.vOTU75309	Responder_Status	Responder	-1.8991170563128	0.97546918229232	0.0616445233638711	0.646072181863265	sample_2022120210011
HROV.vOTU73162	Responder_Status	Responder	1.53997981620802	0.792510120272539	0.0621113567853491	0.647682534022175	sample_2022120210011
HROV.vOTU01021	Responder_Status	Responder	1.93413659909716	0.994689667024616	0.0619479789486727	0.647682534022175	sample_2022120210011
HROV.vOTU16329	Responder_Status	Responder	2.09422055521786	1.07731804772138	0.0620163041529433	0.647682534022175	sample_2022120210011
HROV.vOTU17874	Responder_Status	Responder	1.49867874511965	0.772434109191606	0.0624868098301599	0.647682534022175	sample_2022120210011
HROV.vOTU08696	Responder_Status	Responder	2.22990207302083	1.15342565172011	0.0633704089297964	0.648825273475605	sample_2022120210011
HROV.vOTU25803	Responder_Status	Responder	-1.62663421709983	0.840946156587565	0.063241444079017	0.648825273475605	sample_2022120210011
HROV.vOTU09500	Responder_Status	Responder	-2.34869338085731	1.21461256675038	0.0633175700216413	0.648825273475605	sample_2022120210011
HROV.vOTU66997	Responder_Status	Responder	1.5784384132157	0.816476986663294	0.0633775571662106	0.648825273475605	sample_2022120210011
HROV.vOTU24292	Responder_Status	Responder	-1.45553140305876	0.752094412735188	0.0631115134407131	0.648825273475605	sample_2022120210011
HROV.vOTU72961	Responder_Status	Responder	-2.13324883582146	1.10524971017363	0.063780385628765	0.650044069500652	sample_2022120210011
HROV.vOTU03930	Responder_Status	Responder	-0.944826071039053	0.489942591107528	0.0639957093069945	0.650044069500652	sample_2022120210011
HROV.vOTU55731	Responder_Status	Responder	1.69204483254777	0.877698228020994	0.064076349875223	0.650044069500652	sample_2022120210011
HROV.vOTU63584	Responder_Status	Responder	1.10498551302156	0.573126520211906	0.0640536337037655	0.650044069500652	sample_2022120210011
HROV.vOTU39819	Responder_Status	Responder	1.26739087557719	0.656946972364214	0.0638958301486592	0.650044069500652	sample_2022120210011
HROV.vOTU35715	Responder_Status	Responder	-0.747907169077136	0.387948396217769	0.0640722648125287	0.650044069500652	sample_2022120210011
HROV.vOTU02986	Responder_Status	Responder	-1.95561145318281	1.01586140285704	0.064433298374765	0.651057818286764	sample_2022120210011
HROV.vOTU51433	Responder_Status	Responder	-1.57832345606563	0.820340117968664	0.0645756309444664	0.651863122264339	sample_2022120210011
HROV.vOTU34402	Responder_Status	Responder	-2.41358173840349	1.25591250191271	0.0648651270004144	0.652885695606202	sample_2022120210011
HROV.vOTU08559	Responder_Status	Responder	-0.81003687467888	0.423018806320863	0.0657730335954617	0.654504493369256	sample_2022120210011
HROV.vOTU37702	Responder_Status	Responder	-0.986068869968133	0.514581879324782	0.0655930893983805	0.654504493369256	sample_2022120210011
HROV.vOTU64611	Responder_Status	Responder	-1.73979692576754	0.908723126435023	0.0658187835634455	0.654504493369256	sample_2022120210011
HROV.vOTU03004	Responder_Status	Responder	-1.36166265018543	0.710292331284709	0.0654881560061505	0.654504493369256	sample_2022120210011
HROV.vOTU16132	Responder_Status	Responder	-1.71427555040972	0.893899699387053	0.0653951074687075	0.654504493369256	sample_2022120210011
HROV.vOTU31835	Responder_Status	Responder	-0.459689807899711	0.239913720532285	0.0656182051358032	0.654504493369256	sample_2022120210011
HROV.vOTU71497	Responder_Status	Responder	-1.30055412023648	0.677589678463525	0.0651796012236459	0.654504493369256	sample_2022120210011
HROV.vOTU10396	Responder_Status	Responder	-0.940862411062774	0.492098111936235	0.066166370451694	0.6558347623581	sample_2022120210011
HROV.vOTU13522	Responder_Status	Responder	-1.56026381319748	0.81683736204133	0.0664086881860029	0.655860335942826	sample_2022120210011
HROV.vOTU08294	Responder_Status	Responder	2.64766891496298	1.3865296433892	0.066484040780176	0.655860335942826	sample_2022120210011
HROV.vOTU15370	Responder_Status	Responder	-1.08326982960406	0.567108531032365	0.0664039627454354	0.655860335942826	sample_2022120210011
HROV.vOTU60533	Responder_Status	Responder	-2.10435699862538	1.10236967130024	0.0665679548007851	0.656252279812135	sample_2022120210011
HROV.vOTU24869	Responder_Status	Responder	-1.65454925879288	0.867159157088619	0.0666926138750352	0.656673016938911	sample_2022120210011
HROV.vOTU46902	Responder_Status	Responder	-1.40753165072721	0.738513511333223	0.0669770438138976	0.657707072223911	sample_2022120210011
HROV.vOTU58814	Responder_Status	Responder	1.44170624216036	0.756662657821329	0.0670512017152721	0.657707072223911	sample_2022120210011
HROV.vOTU43341	Responder_Status	Responder	-1.74980000710543	0.919326001080642	0.0673213836264432	0.658812694021822	sample_2022120210011
HROV.vOTU73341	Responder_Status	Responder	-1.12263912786114	0.589991671387844	0.067395374357169	0.659226840810373	sample_2022120210011
HROV.vOTU59590	Responder_Status	Responder	2.20680202936888	1.16004770116631	0.0674588263932489	0.659227920833557	sample_2022120210011
HROV.vOTU35391	Responder_Status	Responder	-2.02144173436483	1.06449257869684	0.0679168774523487	0.662460076930946	sample_2022120210011
HROV.vOTU51034	Responder_Status	Responder	-1.59020305282298	0.839886424457178	0.0686874738792244	0.664534452552035	sample_2022120210011
HROV.vOTU05373	Responder_Status	Responder	-2.74439467957447	1.44766231741592	0.0683590376480322	0.664534452552035	sample_2022120210011
HROV.vOTU33624	Responder_Status	Responder	2.14425098666108	1.13135244708347	0.06841993926117	0.664534452552035	sample_2022120210011
HROV.vOTU14574	Responder_Status	Responder	-0.479492595803736	0.253297460920274	0.0687361362644503	0.664534452552035	sample_2022120210011
HROV.vOTU02205	Responder_Status	Responder	-0.736339462741618	0.388505065062666	0.068417724987735	0.664534452552035	sample_2022120210011
HROV.vOTU42137	Responder_Status	Responder	-1.83135282228196	0.967647729168077	0.0687940687188578	0.664561273334962	sample_2022120210011
HROV.vOTU74196	Responder_Status	Responder	-1.7531591805583	0.927438255618303	0.0691063396314231	0.665948360846329	sample_2022120210011
HROV.vOTU35516	Responder_Status	Responder	-1.853788051951	0.982073583505918	0.0694811115736131	0.668631223950419	sample_2022120210011
HROV.vOTU03533	Responder_Status	Responder	-2.0600297225815	1.09241541370437	0.0697418578648758	0.6690038378243	sample_2022120210011
HROV.vOTU53073	Responder_Status	Responder	1.82369547183301	0.967795113481444	0.0699341487004347	0.6690038378243	sample_2022120210011
HROV.vOTU49140	Responder_Status	Responder	1.59940110374598	0.851225246282444	0.0706997069566185	0.6690038378243	sample_2022120210011
HROV.vOTU43757	Responder_Status	Responder	-1.23661835434112	0.656673504852915	0.0701060251919862	0.6690038378243	sample_2022120210011
HROV.vOTU28353	Responder_Status	Responder	2.08121928210328	1.10746604655478	0.0706541429916314	0.6690038378243	sample_2022120210011
HROV.vOTU53565	Responder_Status	Responder	-0.701197106348688	0.371773120954285	0.0696954914072315	0.6690038378243	sample_2022120210011
HROV.vOTU08567	Responder_Status	Responder	2.65707936440804	1.4103060386711	0.069981384074132	0.6690038378243	sample_2022120210011
HROV.vOTU25132	Responder_Status	Responder	-2.45096239582379	1.30791966653689	0.0714095352849433	0.669446525765868	sample_2022120210011
HROV.vOTU56685	Responder_Status	Responder	1.85478427075097	0.990150525461026	0.0715100936569994	0.669446525765868	sample_2022120210011
HROV.vOTU60600	Responder_Status	Responder	1.30288080244466	0.695595906321106	0.0715375037271523	0.669446525765868	sample_2022120210011
HROV.vOTU09376	Responder_Status	Responder	0.801171957929765	0.428383334250671	0.0719412353235249	0.670496573405291	sample_2022120210011
HROV.vOTU66047	Responder_Status	Responder	-1.65043393291583	0.882548534361233	0.071962015132713	0.670496573405291	sample_2022120210011
HROV.vOTU59484	Responder_Status	Responder	-1.28532962269696	0.68743216545112	0.0720082990002505	0.670627625812176	sample_2022120210011
HROV.vOTU05007	Responder_Status	Responder	-2.86544518842068	1.53421597146369	0.0723048350640614	0.671725878600602	sample_2022120210011
HROV.vOTU32964	Responder_Status	Responder	1.54803014093258	0.828840885837296	0.0723031988219486	0.671725878600602	sample_2022120210011
HROV.vOTU12851	Responder_Status	Responder	1.82812768944996	0.981069268980676	0.0729253856647597	0.6729386489923	sample_2022120210011
HROV.vOTU02347	Responder_Status	Responder	-1.15301604216575	0.619658455078015	0.0733146187180629	0.6729386489923	sample_2022120210011
HROV.vOTU53891	Responder_Status	Responder	1.21436715436104	0.652270163026593	0.0731650345093784	0.6729386489923	sample_2022120210011
HROV.vOTU69731	Responder_Status	Responder	-0.656398371877607	0.352399279969151	0.0730340502162052	0.6729386489923	sample_2022120210011
HROV.vOTU15386	Responder_Status	Responder	-1.57321702784378	0.847038712731181	0.0738140120015951	0.673829637978983	sample_2022120210011
HROV.vOTU08657	Responder_Status	Responder	-1.41790770398226	0.766302281750561	0.0748455968905551	0.675608872932522	sample_2022120210011
HROV.vOTU34854	Responder_Status	Responder	1.7317833238031	0.935942078243808	0.0748476608687195	0.675608872932522	sample_2022120210011
HROV.vOTU08373	Responder_Status	Responder	-0.853778234179727	0.46270509526042	0.0756113909907969	0.67904343232566	sample_2022120210011
HROV.vOTU28350	Responder_Status	Responder	0.268702682398564	0.145627756192319	0.0756196337319664	0.67904343232566	sample_2022120210011
HROV.vOTU49540	Responder_Status	Responder	-1.02380884067458	0.554962333484482	0.0756657638626273	0.67907386402322	sample_2022120210011
HROV.vOTU39035	Responder_Status	Responder	-1.71194420679882	0.933617267671621	0.0773538684028418	0.6796815599014	sample_2022120210011
HROV.vOTU68778	Responder_Status	Responder	2.29287298760179	1.24692928163412	0.0765711039676541	0.6796815599014	sample_2022120210011
HROV.vOTU23687	Responder_Status	Responder	1.56109687102619	0.851137984991508	0.0772835004996702	0.6796815599014	sample_2022120210011
HROV.vOTU48368	Responder_Status	Responder	-1.6227127882239	0.886748425803105	0.0779222368854565	0.679778818395835	sample_2022120210011
HROV.vOTU68950	Responder_Status	Responder	-1.58430395992181	0.865504464912716	0.0778393917151592	0.679778818395835	sample_2022120210011
HROV.vOTU49004	Responder_Status	Responder	1.55625625301339	0.850904929644476	0.0780785091911091	0.679962088705094	sample_2022120210011
HROV.vOTU19336	Responder_Status	Responder	2.05196850993047	1.12294375542929	0.0783299117553491	0.681051425725811	sample_2022120210011
HROV.vOTU06438	Responder_Status	Responder	1.5497419697032	0.850974131822802	0.0792879460231859	0.682706662523507	sample_2022120210011
HROV.vOTU02746	Responder_Status	Responder	-1.37114014791979	0.75219031671665	0.0790192968967311	0.682706662523507	sample_2022120210011
HROV.vOTU19145	Responder_Status	Responder	-2.71622604383863	1.49133359643794	0.0792565027721201	0.682706662523507	sample_2022120210011
HROV.vOTU59361	Responder_Status	Responder	0.936859382968213	0.514427192240795	0.0792830675723905	0.682706662523507	sample_2022120210011
HROV.vOTU09590	Responder_Status	Responder	-1.32997890619083	0.729681640881586	0.0790472274816316	0.682706662523507	sample_2022120210011
HROV.vOTU01792	Responder_Status	Responder	-1.73297400739186	0.952829703800021	0.0796588876823939	0.683743735883429	sample_2022120210011
HROV.vOTU42025	Responder_Status	Responder	1.8491120132801	1.0169318695746	0.0797280403462282	0.683743735883429	sample_2022120210011
HROV.vOTU50600	Responder_Status	Responder	-1.99061379752319	1.09596466011551	0.0800440013766787	0.683792664076889	sample_2022120210011
HROV.vOTU46696	Responder_Status	Responder	-1.08157496482597	0.596373044009196	0.0804734201223242	0.683792664076889	sample_2022120210011
HROV.vOTU00403	Responder_Status	Responder	-3.68105701615927	2.03088340421511	0.0806391712378932	0.683792664076889	sample_2022120210011
HROV.vOTU53580	Responder_Status	Responder	1.63637737789062	0.902290247633695	0.0804743552725151	0.683792664076889	sample_2022120210011
HROV.vOTU23903	Responder_Status	Responder	-1.11498746434158	0.614945486448011	0.0805428837845191	0.683792664076889	sample_2022120210011
HROV.vOTU31955	Responder_Status	Responder	2.14398712172299	1.18291282018825	0.080651141330818	0.683792664076889	sample_2022120210011
HROV.vOTU55586	Responder_Status	Responder	1.44677198924552	0.796452721470988	0.0800113592084455	0.683792664076889	sample_2022120210011
HROV.vOTU36687	Responder_Status	Responder	-1.00929909410465	0.557813507041614	0.0811399174388437	0.684885393953582	sample_2022120210011
HROV.vOTU28979	Responder_Status	Responder	-1.66094730846284	0.918653243997956	0.0813566058666164	0.685602328386081	sample_2022120210011
HROV.vOTU21547	Responder_Status	Responder	1.24322009795744	0.688153540687576	0.0815835695052963	0.686220446670465	sample_2022120210011
HROV.vOTU63137	Responder_Status	Responder	-0.96365170170293	0.53342824788004	0.0815959332203772	0.686220446670465	sample_2022120210011
HROV.vOTU12864	Responder_Status	Responder	1.57469677436939	0.872322417100619	0.0818116948130063	0.686566657188991	sample_2022120210011
HROV.vOTU35741	Responder_Status	Responder	-1.46392468355099	0.81103325138063	0.0818382276000412	0.686566657188991	sample_2022120210011
HROV.vOTU74692	Responder_Status	Responder	-1.37618311066825	0.762608117737837	0.081908377333185	0.686566657188991	sample_2022120210011
HROV.vOTU23121	Responder_Status	Responder	-1.17836059081159	0.653183604977934	0.081996295185429	0.686690560002081	sample_2022120210011
HROV.vOTU10686	Responder_Status	Responder	1.79943138700877	1.00033338978004	0.0828339918687435	0.688306379778802	sample_2022120210011
HROV.vOTU03430	Responder_Status	Responder	1.49817268674769	0.834137763197102	0.0832817289076927	0.688306379778802	sample_2022120210011
HROV.vOTU05189	Responder_Status	Responder	-1.01116916268521	0.563083427553053	0.0833308708644046	0.688306379778802	sample_2022120210011
HROV.vOTU47619	Responder_Status	Responder	1.66996740345518	0.929683731797724	0.0832489835732879	0.688306379778802	sample_2022120210011
HROV.vOTU25911	Responder_Status	Responder	1.80212290495578	1.00207241222579	0.082904595224151	0.688306379778802	sample_2022120210011
HROV.vOTU08918	Responder_Status	Responder	-1.02061682834285	0.568633636544946	0.0834796280593493	0.688459295459412	sample_2022120210011
HROV.vOTU07055	Responder_Status	Responder	-1.70636821746129	0.950803560890337	0.0835121246300197	0.688459295459412	sample_2022120210011
HROV.vOTU23303	Responder_Status	Responder	1.00048273779476	0.557459814809561	0.0835026362124178	0.688459295459412	sample_2022120210011
HROV.vOTU64477	Responder_Status	Responder	-0.821897933966966	0.457782940792566	0.0833933387899183	0.688459295459412	sample_2022120210011
HROV.vOTU01773	Responder_Status	Responder	-1.70251771533181	0.950985151652228	0.0842309669493262	0.690803002065805	sample_2022120210011
HROV.vOTU52240	Responder_Status	Responder	-2.21962149042776	1.24015656805984	0.0843092059142075	0.690803002065805	sample_2022120210011
HROV.vOTU22119	Responder_Status	Responder	-0.989349843225644	0.553073796606662	0.0844689251321975	0.690803002065805	sample_2022120210011
HROV.vOTU28224	Responder_Status	Responder	-1.88602458142661	1.05420400472702	0.0844310261083351	0.690803002065805	sample_2022120210011
HROV.vOTU35112	Responder_Status	Responder	0.706521109512897	0.39479306436692	0.0843409029937748	0.690803002065805	sample_2022120210011
HROV.vOTU37886	Responder_Status	Responder	-1.40853411352042	0.788661281363446	0.0849376542828747	0.691300132462234	sample_2022120210011
HROV.vOTU58654	Responder_Status	Responder	-1.47975964884106	0.828777463014758	0.085021779442869	0.691300132462234	sample_2022120210011
HROV.vOTU70215	Responder_Status	Responder	-1.81879693973106	1.01999506032302	0.085408359320582	0.691832299779071	sample_2022120210011
HROV.vOTU15287	Responder_Status	Responder	-1.72879939543487	0.968810301928548	0.0851903004516091	0.691832299779071	sample_2022120210011
HROV.vOTU17285	Responder_Status	Responder	2.02700379933626	1.13675859613537	0.0854082436599034	0.691832299779071	sample_2022120210011
HROV.vOTU01986	Responder_Status	Responder	1.50535297973417	0.844414215121829	0.085478907270023	0.691832299779071	sample_2022120210011
HROV.vOTU43167	Responder_Status	Responder	1.50994858495494	0.847496863785674	0.0856557028485039	0.691860091110442	sample_2022120210011
HROV.vOTU69838	Responder_Status	Responder	-0.840069428411449	0.4725737758959	0.0863261360445549	0.6929475695136	sample_2022120210011
HROV.vOTU56818	Responder_Status	Responder	-1.79557484747906	1.01018716765142	0.0863562813028239	0.6929475695136	sample_2022120210011
HROV.vOTU38933	Responder_Status	Responder	-1.16011129161091	0.65295636197614	0.0864841963007795	0.693439347457906	sample_2022120210011
HROV.vOTU01728	Responder_Status	Responder	-1.62024764533926	0.915605720672019	0.0876866636264864	0.69627498883493	sample_2022120210011
HROV.vOTU57537	Responder_Status	Responder	-2.68860745544526	1.52273706084271	0.0883603239450711	0.69627498883493	sample_2022120210011
HROV.vOTU14986	Responder_Status	Responder	-0.904485152043005	0.510818879316303	0.0875055546820356	0.69627498883493	sample_2022120210011
HROV.vOTU07207	Responder_Status	Responder	-0.929382988892956	0.525973019567443	0.0881317707056306	0.69627498883493	sample_2022120210011
HROV.vOTU01387	Responder_Status	Responder	-1.1993723971446	0.678947328341249	0.0882104870012071	0.69627498883493	sample_2022120210011
HROV.vOTU08851	Responder_Status	Responder	-1.73459772977874	0.979666185311327	0.0875151353674278	0.69627498883493	sample_2022120210011
HROV.vOTU59806	Responder_Status	Responder	-1.03436794933314	0.585470300834279	0.0881741974847891	0.69627498883493	sample_2022120210011
HROV.vOTU22570	Responder_Status	Responder	-0.643701672537648	0.365003561357246	0.0887189633288734	0.697604066391171	sample_2022120210011
HROV.vOTU39751	Responder_Status	Responder	-0.873067680276521	0.495406990130712	0.0889294992724468	0.698027647180576	sample_2022120210011
HROV.vOTU67068	Responder_Status	Responder	-1.35911754559655	0.772093658788845	0.0892780872840167	0.699143486387061	sample_2022120210011
HROV.vOTU38803	Responder_Status	Responder	-1.41626491273083	0.804537942626794	0.0892704386275214	0.699143486387061	sample_2022120210011
HROV.vOTU40817	Responder_Status	Responder	-1.38625425515115	0.788101108238085	0.0895064021642961	0.699933981268443	sample_2022120210011
HROV.vOTU72107	Responder_Status	Responder	0.866837779406547	0.49282283809911	0.0895161758904264	0.699933981268443	sample_2022120210011
HROV.vOTU32214	Responder_Status	Responder	1.71509742389663	0.976752027819043	0.0900373216911222	0.700184762533234	sample_2022120210011
HROV.vOTU74848	Responder_Status	Responder	1.52674312956845	0.869668715226196	0.0901022519176767	0.700184762533234	sample_2022120210011
HROV.vOTU28665	Responder_Status	Responder	-1.71473452357376	0.977426529788292	0.0903129137656677	0.70081352908773	sample_2022120210011
HROV.vOTU48679	Responder_Status	Responder	1.42804719079613	0.81606423608662	0.0910854801448503	0.70350436705568	sample_2022120210011
HROV.vOTU04131	Responder_Status	Responder	2.20428668724219	1.25991064820246	0.091149082949079	0.703734481300104	sample_2022120210011
HROV.vOTU04657	Responder_Status	Responder	1.01129725975851	0.578577885973828	0.0914404617243367	0.704374658289034	sample_2022120210011
HROV.vOTU40350	Responder_Status	Responder	1.90899830261275	1.09386300735717	0.0919192957706731	0.705505236118215	sample_2022120210011
HROV.vOTU50642	Responder_Status	Responder	2.23926900410076	1.28442705272597	0.0922365652592625	0.706626883870893	sample_2022120210011
HROV.vOTU19720	Responder_Status	Responder	-1.58942813763057	0.911499566360905	0.0921741673522519	0.706626883870893	sample_2022120210011
HROV.vOTU72226	Responder_Status	Responder	-1.16558087594358	0.671196361193859	0.0934548515634862	0.707627847433815	sample_2022120210011
HROV.vOTU03337	Responder_Status	Responder	1.50065396120807	0.862868608699533	0.0929940585569553	0.707627847433815	sample_2022120210011
HROV.vOTU38393	Responder_Status	Responder	0.738255989575112	0.423725960578164	0.0924325274331579	0.707627847433815	sample_2022120210011
HROV.vOTU42173	Responder_Status	Responder	1.64964131950523	0.948941597287241	0.0931271004304507	0.707627847433815	sample_2022120210011
HROV.vOTU27588	Responder_Status	Responder	-0.602848187448082	0.346401626404324	0.0927851306361625	0.707627847433815	sample_2022120210011
HROV.vOTU43506	Responder_Status	Responder	-1.23633059353891	0.710191036414918	0.0926912497625542	0.707627847433815	sample_2022120210011
HROV.vOTU47874	Responder_Status	Responder	2.13679590017173	1.22969397046786	0.0932589529953666	0.707627847433815	sample_2022120210011
HROV.vOTU55301	Responder_Status	Responder	-1.44938117979279	0.834820262141183	0.0935289037762264	0.707789134514691	sample_2022120210011
HROV.vOTU66925	Responder_Status	Responder	0.530321276214986	0.305915768524399	0.0939978901780918	0.710187326336472	sample_2022120210011
HROV.vOTU53530	Responder_Status	Responder	-1.64500448566342	0.950019126137819	0.094359926981448	0.711115814670108	sample_2022120210011
HROV.vOTU70173	Responder_Status	Responder	-1.50644780897509	0.871023731161187	0.0947286370624937	0.711716489737242	sample_2022120210011
HROV.vOTU35216	Responder_Status	Responder	1.73754326970503	1.00593669312867	0.0951332544148466	0.712451263729473	sample_2022120210011
HROV.vOTU55544	Responder_Status	Responder	-1.33233905680662	0.771701083300284	0.0952777277282458	0.712970269155186	sample_2022120210011
HROV.vOTU34588	Responder_Status	Responder	1.72271860278908	0.999282810197501	0.0957421987881943	0.71403578207677	sample_2022120210011
HROV.vOTU10994	Responder_Status	Responder	2.07423527573779	1.20344924751511	0.0958117801038808	0.714298783260129	sample_2022120210011
HROV.vOTU44352	Responder_Status	Responder	-1.53522640500334	0.892337650850486	0.0963850983552288	0.715497796813155	sample_2022120210011
HROV.vOTU06241	Responder_Status	Responder	-1.06587170173667	0.62003161537568	0.0966422001236034	0.715856290441103	sample_2022120210011
HROV.vOTU00652	Responder_Status	Responder	1.28257092512139	0.746603209750129	0.0968612174159629	0.716222465546454	sample_2022120210011
HROV.vOTU27614	Responder_Status	Responder	-1.51906924052752	0.88411920210152	0.0968062047663597	0.716222465546454	sample_2022120210011
HROV.vOTU21960	Responder_Status	Responder	-2.01371760207058	1.17549315319514	0.0977508605731602	0.716308211976599	sample_2022120210011
HROV.vOTU08173	Responder_Status	Responder	-0.582429941208275	0.3396517710092	0.0974340196179441	0.716308211976599	sample_2022120210011
HROV.vOTU01314	Responder_Status	Responder	-1.84120878505646	1.07449718751862	0.0976631801406407	0.716308211976599	sample_2022120210011
HROV.vOTU17332	Responder_Status	Responder	2.19835975872984	1.28239743396539	0.097532156722545	0.716308211976599	sample_2022120210011
HROV.vOTU10893	Responder_Status	Responder	-1.54901550146341	0.904017893815255	0.097677155763186	0.716308211976599	sample_2022120210011
HROV.vOTU32359	Responder_Status	Responder	0.999588293339228	0.58366426053134	0.0978393990889437	0.716308211976599	sample_2022120210011
HROV.vOTU40432	Responder_Status	Responder	-0.663490938937008	0.38734827861309	0.0977840175258079	0.716308211976599	sample_2022120210011
HROV.vOTU03693	Responder_Status	Responder	-2.26160994250378	1.32375116670247	0.0986109137739199	0.717057539237654	sample_2022120210011
HROV.vOTU63559	Responder_Status	Responder	-0.819236501216948	0.47988246965554	0.0988599563317619	0.717057539237654	sample_2022120210011
HROV.vOTU09258	Responder_Status	Responder	1.59034291809258	0.93228864659296	0.0991071752956603	0.717057539237654	sample_2022120210011
HROV.vOTU34520	Responder_Status	Responder	-1.10779255573889	0.649986488376588	0.099393472487089	0.717057539237654	sample_2022120210011
HROV.vOTU50270	Responder_Status	Responder	-1.48175756248378	0.869118860507804	0.0992867911925431	0.717057539237654	sample_2022120210011
HROV.vOTU24790	Responder_Status	Responder	-1.40959581623655	0.827236710888662	0.0994597307282255	0.717095356809149	sample_2022120210011
HROV.vOTU42154	Responder_Status	Responder	0.38023523963994	0.223430550348281	0.0998719988808218	0.718077947048119	sample_2022120210011
HROV.vOTU48715	Responder_Status	Responder	-1.19720157879322	0.703854049519743	0.100039500112134	0.718500354431828	sample_2022120210011
HROV.vOTU72129	Responder_Status	Responder	0.977226675868096	0.574938768152902	0.100271084646319	0.719185340856302	sample_2022120210011
HROV.vOTU03487	Responder_Status	Responder	-1.94815548266091	1.14816418974821	0.100833896472522	0.721647741529617	sample_2022120210011
HROV.vOTU75400	Responder_Status	Responder	-1.02105316375177	0.603133953943564	0.101571576692317	0.722515530668656	sample_2022120210011
HROV.vOTU69242	Responder_Status	Responder	-0.532725193391104	0.314653003399766	0.101543983945846	0.722515530668656	sample_2022120210011
HROV.vOTU45865	Responder_Status	Responder	1.3080229831641	0.773001001071841	0.101721143371291	0.722616575187054	sample_2022120210011
HROV.vOTU39549	Responder_Status	Responder	2.09592923974409	1.23849212792347	0.101685067675881	0.722616575187054	sample_2022120210011
HROV.vOTU07496	Responder_Status	Responder	-1.47164138762041	0.870662178830629	0.102084176043215	0.723733693576129	sample_2022120210011
HROV.vOTU15873	Responder_Status	Responder	-0.570523567332509	0.33746787672641	0.102017354484447	0.723733693576129	sample_2022120210011
HROV.vOTU32399	Responder_Status	Responder	-1.50138704658952	0.888711362746562	0.102250044457468	0.723977414488971	sample_2022120210011
HROV.vOTU23563	Responder_Status	Responder	0.840067498927069	0.497260364775566	0.102251244025338	0.723977414488971	sample_2022120210011
HROV.vOTU64652	Responder_Status	Responder	0.860054970674051	0.508973942304712	0.102175718821395	0.723977414488971	sample_2022120210011
HROV.vOTU74213	Responder_Status	Responder	0.814188957778812	0.482326018885396	0.102511809745942	0.723977414488971	sample_2022120210011
HROV.vOTU56629	Responder_Status	Responder	-0.637809807191686	0.377785904286996	0.10246587898454	0.723977414488971	sample_2022120210011
HROV.vOTU49200	Responder_Status	Responder	-1.43070272534958	0.847985456301765	0.102680408622146	0.724260489823778	sample_2022120210011
HROV.vOTU18938	Responder_Status	Responder	1.02919850591019	0.610268364002571	0.102818335243757	0.724987685670329	sample_2022120210011
HROV.vOTU02539	Responder_Status	Responder	1.38498666267452	0.823259631807457	0.103627654067256	0.72714835835452	sample_2022120210011
HROV.vOTU16955	Responder_Status	Responder	-0.824123495503666	0.489956400188858	0.103683705385357	0.72714835835452	sample_2022120210011
HROV.vOTU48102	Responder_Status	Responder	-1.46567781472643	0.872231742758232	0.104008778744801	0.727759886028698	sample_2022120210011
HROV.vOTU50704	Responder_Status	Responder	-2.20325201239369	1.31109065669468	0.103989918363743	0.727759886028698	sample_2022120210011
HROV.vOTU06820	Responder_Status	Responder	1.19557868063153	0.711584680133684	0.104050608735114	0.727759886028698	sample_2022120210011
HROV.vOTU01819	Responder_Status	Responder	1.66622607578313	0.992040067467309	0.104162235596396	0.728093859107935	sample_2022120210011
HROV.vOTU52357	Responder_Status	Responder	1.04244687804819	0.622251525439671	0.105013113169242	0.729972998544699	sample_2022120210011
HROV.vOTU15151	Responder_Status	Responder	1.20273299691751	0.718708497353781	0.105373454111028	0.730265998667102	sample_2022120210011
HROV.vOTU58235	Responder_Status	Responder	0.872182963228663	0.521997250006738	0.105891997113387	0.731058679905519	sample_2022120210011
HROV.vOTU75697	Responder_Status	Responder	-1.462764608594	0.876400284167491	0.106250773446942	0.731550321219559	sample_2022120210011
HROV.vOTU72279	Responder_Status	Responder	-1.09238059663699	0.654629832042428	0.106322803596542	0.731550321219559	sample_2022120210011
HROV.vOTU65186	Responder_Status	Responder	1.63098402591696	0.978282897468724	0.106624982584214	0.731550321219559	sample_2022120210011
HROV.vOTU35520	Responder_Status	Responder	-1.33970013830529	0.804203001552596	0.106889377043883	0.731690942835466	sample_2022120210011
HROV.vOTU51043	Responder_Status	Responder	-0.865725603529696	0.519516810090346	0.106782491899439	0.731690942835466	sample_2022120210011
HROV.vOTU65868	Responder_Status	Responder	-0.935111222898149	0.561347691972867	0.106897533373176	0.731690942835466	sample_2022120210011
HROV.vOTU40670	Responder_Status	Responder	-0.598284274225148	0.359067220268948	0.106820102237698	0.731690942835466	sample_2022120210011
HROV.vOTU10604	Responder_Status	Responder	-0.823381299517995	0.494967184935584	0.107365612645053	0.732631604887624	sample_2022120210011
HROV.vOTU46624	Responder_Status	Responder	1.30140531570355	0.782251703699712	0.107333588715461	0.732631604887624	sample_2022120210011
HROV.vOTU34493	Responder_Status	Responder	-0.920562928830252	0.553451998134777	0.107405059576538	0.732631604887624	sample_2022120210011
HROV.vOTU18116	Responder_Status	Responder	-1.61290809223505	0.970220457529628	0.107586153724359	0.732789852674255	sample_2022120210011
HROV.vOTU73863	Responder_Status	Responder	-0.400138200790206	0.24074115462594	0.107647641955889	0.732968814953169	sample_2022120210011
HROV.vOTU22948	Responder_Status	Responder	1.00398295180936	0.60442150100867	0.107859069601434	0.73392825555863	sample_2022120210011
HROV.vOTU10518	Responder_Status	Responder	1.21518934367343	0.732492935783896	0.108282126785431	0.735266640417005	sample_2022120210011
HROV.vOTU06760	Responder_Status	Responder	-2.25124792280383	1.35672124107884	0.108210626140457	0.735266640417005	sample_2022120210011
HROV.vOTU00352	Responder_Status	Responder	-1.91849010135696	1.15688316298491	0.108414389195413	0.735389457460232	sample_2022120210011
HROV.vOTU17559	Responder_Status	Responder	1.11281675657523	0.671433666175589	0.108608155797979	0.735898034809551	sample_2022120210011
HROV.vOTU01633	Responder_Status	Responder	1.603674194732	0.969472323378149	0.109261625964987	0.736734256362814	sample_2022120210011
HROV.vOTU20502	Responder_Status	Responder	1.91770261144134	1.15815251420607	0.108923069423528	0.736734256362814	sample_2022120210011
HROV.vOTU03678	Responder_Status	Responder	1.10906478421911	0.670162024025263	0.109108644546229	0.736734256362814	sample_2022120210011
HROV.vOTU50560	Responder_Status	Responder	-1.21142886890292	0.733122983860931	0.109620125627189	0.737473469595974	sample_2022120210011
HROV.vOTU13293	Responder_Status	Responder	2.48372637037189	1.5035909658414	0.109734938955567	0.737714669751719	sample_2022120210011
HROV.vOTU07285	Responder_Status	Responder	-1.75881568558562	1.06577577244206	0.110062869419487	0.737957481399732	sample_2022120210011
HROV.vOTU55083	Responder_Status	Responder	-1.70825712766296	1.03499509241185	0.110015578762464	0.737957481399732	sample_2022120210011
HROV.vOTU05191	Responder_Status	Responder	-1.33932059661507	0.812556336460211	0.110472681516563	0.73869494747561	sample_2022120210011
HROV.vOTU38811	Responder_Status	Responder	1.16281932294792	0.705838167497886	0.110648271413035	0.73869494747561	sample_2022120210011
HROV.vOTU29144	Responder_Status	Responder	2.65892224083959	1.61270641606768	0.110379241353266	0.73869494747561	sample_2022120210011
HROV.vOTU12146	Responder_Status	Responder	-0.891492489519411	0.541129284981363	0.110640781534419	0.73869494747561	sample_2022120210011
HROV.vOTU20414	Responder_Status	Responder	-1.88087017615899	1.14740698448306	0.112353535206733	0.739022228925129	sample_2022120210011
HROV.vOTU09661	Responder_Status	Responder	-1.48089383308175	0.902747233155023	0.112103567415015	0.739022228925129	sample_2022120210011
HROV.vOTU22888	Responder_Status	Responder	1.16397913441525	0.707906509401691	0.111306375217119	0.739022228925129	sample_2022120210011
HROV.vOTU04595	Responder_Status	Responder	1.31176235935195	0.797186829050386	0.111050254225152	0.739022228925129	sample_2022120210011
HROV.vOTU32220	Responder_Status	Responder	-1.23674001264488	0.75489029895071	0.112548665178605	0.739022228925129	sample_2022120210011
HROV.vOTU53426	Responder_Status	Responder	-0.569981085792025	0.347901372188595	0.112540963878778	0.739022228925129	sample_2022120210011
HROV.vOTU16913	Responder_Status	Responder	1.19702271425163	0.730912332352364	0.112673271419152	0.739607109615154	sample_2022120210011
HROV.vOTU09659	Responder_Status	Responder	1.34138226304847	0.819800623409229	0.112984394919834	0.739619882820635	sample_2022120210011
HROV.vOTU15752	Responder_Status	Responder	-0.719326006674918	0.43940202085648	0.112810558945243	0.739619882820635	sample_2022120210011
HROV.vOTU06975	Responder_Status	Responder	-0.595672283523089	0.364559882210957	0.113465087598205	0.740368588826529	sample_2022120210011
HROV.vOTU66742	Responder_Status	Responder	-0.959023523977012	0.587848911098919	0.114001877366985	0.742040674756681	sample_2022120210011
HROV.vOTU35164	Responder_Status	Responder	-1.81116102402251	1.11007924088186	0.113970396997625	0.742040674756681	sample_2022120210011
HROV.vOTU00515	Responder_Status	Responder	1.59306804773351	0.976876641083609	0.114136429159888	0.742040674756681	sample_2022120210011
HROV.vOTU03705	Responder_Status	Responder	-1.29296150109408	0.792723966175879	0.114081462119262	0.742040674756681	sample_2022120210011
HROV.vOTU56580	Responder_Status	Responder	-1.05210921338161	0.64642663334984	0.114817025235034	0.743595637917621	sample_2022120210011
HROV.vOTU09133	Responder_Status	Responder	1.43317253938171	0.881582728112124	0.115221840915258	0.744408560764639	sample_2022120210011
HROV.vOTU49583	Responder_Status	Responder	1.28638501975305	0.793729777139887	0.116294598088899	0.747813425770906	sample_2022120210011
HROV.vOTU41109	Responder_Status	Responder	-1.53668460222461	0.949139399788284	0.116651556492389	0.748259521845634	sample_2022120210011
HROV.vOTU01231	Responder_Status	Responder	2.03317580104808	1.25807125459772	0.117284648971441	0.750206341206001	sample_2022120210011
HROV.vOTU60207	Responder_Status	Responder	1.85117607813589	1.14555569782584	0.117315476369231	0.750206341206001	sample_2022120210011
HROV.vOTU32680	Responder_Status	Responder	-1.65571348974926	1.02576035050755	0.117713352724217	0.750254563725945	sample_2022120210011
HROV.vOTU10186	Responder_Status	Responder	1.70922193319917	1.05794073929041	0.117391731242511	0.750254563725945	sample_2022120210011
HROV.vOTU28941	Responder_Status	Responder	2.17329138955468	1.34712832161725	0.117899720295343	0.750254563725945	sample_2022120210011
HROV.vOTU30787	Responder_Status	Responder	-0.868114575954789	0.538763374613213	0.118329199350439	0.751180458045408	sample_2022120210011
HROV.vOTU67948	Responder_Status	Responder	-1.35907669855657	0.843558693528582	0.118370016929567	0.751180458045408	sample_2022120210011
HROV.vOTU01885	Responder_Status	Responder	-0.759753123687833	0.472236101182156	0.118869696681634	0.752689033331684	sample_2022120210011
HROV.vOTU51859	Responder_Status	Responder	-1.59369156536186	0.992152064748894	0.119428999064306	0.753589433230685	sample_2022120210011
HROV.vOTU66788	Responder_Status	Responder	1.51192968807322	0.941499030883234	0.119522153445988	0.753589433230685	sample_2022120210011
HROV.vOTU27744	Responder_Status	Responder	-1.60483220375616	1.00019506503941	0.119821287760906	0.753589433230685	sample_2022120210011
HROV.vOTU23300	Responder_Status	Responder	1.98954372890818	1.23859942862822	0.119431785324956	0.753589433230685	sample_2022120210011
HROV.vOTU48561	Responder_Status	Responder	1.42416120479566	0.887664942393139	0.119849720234737	0.753589433230685	sample_2022120210011
HROV.vOTU72761	Responder_Status	Responder	1.55579818986018	0.970117248805875	0.119997522702527	0.753589433230685	sample_2022120210011
HROV.vOTU42804	Responder_Status	Responder	-1.52681349540275	0.954187473521532	0.120796449893725	0.754085246924235	sample_2022120210011
HROV.vOTU04675	Responder_Status	Responder	2.07266510808826	1.29539508470391	0.120817249684473	0.754085246924235	sample_2022120210011
HROV.vOTU01204	Responder_Status	Responder	-1.64850277047801	1.03002488716972	0.120722986320494	0.754085246924235	sample_2022120210011
HROV.vOTU42685	Responder_Status	Responder	0.909214493082478	0.568532200436412	0.120993966450684	0.754264573725962	sample_2022120210011
HROV.vOTU15935	Responder_Status	Responder	-1.48586355257842	0.929470173602289	0.121131593698759	0.754565631146862	sample_2022120210011
HROV.vOTU49842	Responder_Status	Responder	1.27502559377423	0.797575993713026	0.121128839763407	0.754565631146862	sample_2022120210011
HROV.vOTU22508	Responder_Status	Responder	-1.14739333895609	0.717915096330641	0.121217117132691	0.754565631146862	sample_2022120210011
HROV.vOTU46268	Responder_Status	Responder	-1.17364435478816	0.734482610078021	0.121286259116795	0.754565631146862	sample_2022120210011
HROV.vOTU15477	Responder_Status	Responder	-0.769068856981336	0.481902610378079	0.121737361372815	0.75492939307997	sample_2022120210011
HROV.vOTU28323	Responder_Status	Responder	1.06996409524894	0.670430905195831	0.12172976966117	0.75492939307997	sample_2022120210011
HROV.vOTU39510	Responder_Status	Responder	1.38488786361868	0.868823428557994	0.122167698600274	0.75492939307997	sample_2022120210011
HROV.vOTU67958	Responder_Status	Responder	1.0785188703218	0.676183018542533	0.121936823858637	0.75492939307997	sample_2022120210011
HROV.vOTU67015	Responder_Status	Responder	-0.444361326452542	0.278790919230822	0.122188668041625	0.75492939307997	sample_2022120210011
HROV.vOTU57796	Responder_Status	Responder	1.48866278330115	0.934436409792524	0.122362594856742	0.755107444987571	sample_2022120210011
HROV.vOTU74136	Responder_Status	Responder	1.48071164398677	0.929305004995887	0.122308491336741	0.755107444987571	sample_2022120210011
HROV.vOTU22053	Responder_Status	Responder	-0.687005156063377	0.431618743222364	0.122681729153609	0.755157406760633	sample_2022120210011
HROV.vOTU20977	Responder_Status	Responder	2.18498088272298	1.37309881413031	0.122775720775888	0.755157406760633	sample_2022120210011
HROV.vOTU62203	Responder_Status	Responder	-1.46538002983988	0.921567707644935	0.123042425524726	0.755157406760633	sample_2022120210011
HROV.vOTU48140	Responder_Status	Responder	0.893405770476126	0.56117422804633	0.122606351404467	0.755157406760633	sample_2022120210011
HROV.vOTU21384	Responder_Status	Responder	-1.29243865818301	0.813291785129507	0.123256984663386	0.755395906179284	sample_2022120210011
HROV.vOTU46389	Responder_Status	Responder	-1.57633005757883	0.993867716742192	0.123956963621328	0.756275804204959	sample_2022120210011
HROV.vOTU56207	Responder_Status	Responder	1.51585746050686	0.955666034921236	0.12392905886523	0.756275804204959	sample_2022120210011
HROV.vOTU61514	Responder_Status	Responder	-0.665253535907309	0.419412935003155	0.123934734823501	0.756275804204959	sample_2022120210011
HROV.vOTU07321	Responder_Status	Responder	-1.44683870391203	0.914510914949146	0.124860507988028	0.757040046930951	sample_2022120210011
HROV.vOTU68597	Responder_Status	Responder	1.90123051970308	1.20222941521179	0.125013545601393	0.757040046930951	sample_2022120210011
HROV.vOTU57852	Responder_Status	Responder	1.73963892958477	1.10090214397823	0.125294401233588	0.757040046930951	sample_2022120210011
HROV.vOTU45737	Responder_Status	Responder	1.76901096319495	1.11835330779861	0.124926881124652	0.757040046930951	sample_2022120210011
HROV.vOTU12593	Responder_Status	Responder	-1.19370315222368	0.755377701014936	0.125276241937479	0.757040046930951	sample_2022120210011
HROV.vOTU08185	Responder_Status	Responder	-0.631766065551095	0.399621922186155	0.125130540031174	0.757040046930951	sample_2022120210011
HROV.vOTU37931	Responder_Status	Responder	1.05649433457246	0.66901712818303	0.125528349766679	0.757573963581743	sample_2022120210011
HROV.vOTU21289	Responder_Status	Responder	-1.59293564514421	1.01311832364063	0.127111855519022	0.75764052106097	sample_2022120210011
HROV.vOTU60404	Responder_Status	Responder	-0.837512010386541	0.531071248091868	0.126022578836765	0.75764052106097	sample_2022120210011
HROV.vOTU43325	Responder_Status	Responder	1.25649416573069	0.796916718194075	0.126098434636226	0.75764052106097	sample_2022120210011
HROV.vOTU61225	Responder_Status	Responder	-1.18827709590289	0.75415571150779	0.12634177628808	0.75764052106097	sample_2022120210011
HROV.vOTU14813	Responder_Status	Responder	-1.16153572339357	0.736702416105315	0.126104340358761	0.75764052106097	sample_2022120210011
HROV.vOTU51707	Responder_Status	Responder	-0.535072002415011	0.339505687642397	0.12625099305766	0.75764052106097	sample_2022120210011
HROV.vOTU63227	Responder_Status	Responder	-0.774636535686767	0.491988165451613	0.12660422917362	0.75764052106097	sample_2022120210011
HROV.vOTU44910	Responder_Status	Responder	-1.0006302907177	0.634203254901489	0.125849630711288	0.75764052106097	sample_2022120210011
HROV.vOTU61223	Responder_Status	Responder	1.40924847048892	0.893394649204568	0.125933994059448	0.75764052106097	sample_2022120210011
HROV.vOTU64261	Responder_Status	Responder	1.46807888934317	0.933782990024033	0.127140924336583	0.75764052106097	sample_2022120210011
HROV.vOTU49966	Responder_Status	Responder	1.66145579536523	1.05447429700581	0.126345048391043	0.75764052106097	sample_2022120210011
HROV.vOTU58984	Responder_Status	Responder	-2.56640274137386	1.63694790526238	0.128161654541965	0.757865011162216	sample_2022120210011
HROV.vOTU71569	Responder_Status	Responder	1.45572136775625	0.927653304791925	0.127822571752006	0.757865011162216	sample_2022120210011
HROV.vOTU01972	Responder_Status	Responder	1.32078597792947	0.842240417807825	0.128071986003947	0.757865011162216	sample_2022120210011
HROV.vOTU74833	Responder_Status	Responder	-1.72363437957144	1.09768003447375	0.127589673096195	0.757865011162216	sample_2022120210011
HROV.vOTU37747	Responder_Status	Responder	1.5130242785246	0.963293860692657	0.12749069109127	0.757865011162216	sample_2022120210011
HROV.vOTU31601	Responder_Status	Responder	0.695779715591196	0.443414791331554	0.127848643044662	0.757865011162216	sample_2022120210011
HROV.vOTU21259	Responder_Status	Responder	-0.813410012016695	0.518391917582672	0.127857309435406	0.757865011162216	sample_2022120210011
HROV.vOTU17965	Responder_Status	Responder	1.45898791015429	0.932747409503675	0.129007644262754	0.757972102456677	sample_2022120210011
HROV.vOTU55745	Responder_Status	Responder	-1.2430762303703	0.794639465324531	0.128973840970776	0.757972102456677	sample_2022120210011
HROV.vOTU59570	Responder_Status	Responder	-1.39914100638259	0.895425344351123	0.129392997805994	0.757972102456677	sample_2022120210011
HROV.vOTU38389	Responder_Status	Responder	-1.83415337866156	1.1724918879721	0.128975386399326	0.757972102456677	sample_2022120210011
HROV.vOTU38801	Responder_Status	Responder	1.52272394037968	0.975138584563095	0.12962780928675	0.757972102456677	sample_2022120210011
HROV.vOTU00662	Responder_Status	Responder	1.69915534233158	1.08510751156428	0.128608363946091	0.757972102456677	sample_2022120210011
HROV.vOTU52372	Responder_Status	Responder	1.62803503307514	1.03868944664919	0.128255994310253	0.757972102456677	sample_2022120210011
HROV.vOTU65644	Responder_Status	Responder	-1.01035528624254	0.646659845095307	0.129421677971115	0.757972102456677	sample_2022120210011
HROV.vOTU46802	Responder_Status	Responder	0.891480314363981	0.570584577042016	0.129427176799539	0.757972102456677	sample_2022120210011
HROV.vOTU00489	Responder_Status	Responder	-0.638063590153347	0.408828633096939	0.129824586575069	0.758367836940808	sample_2022120210011
HROV.vOTU32413	Responder_Status	Responder	1.85808274645256	1.19073483956248	0.129886204116934	0.758367836940808	sample_2022120210011
HROV.vOTU36685	Responder_Status	Responder	0.996691935306738	0.638718038414119	0.129884700707795	0.758367836940808	sample_2022120210011
HROV.vOTU47480	Responder_Status	Responder	-1.16786723257704	0.748245794638649	0.129802094125307	0.758367836940808	sample_2022120210011
HROV.vOTU26953	Responder_Status	Responder	-1.3539543857767	0.871953810095399	0.131706370619801	0.759133137230706	sample_2022120210011
HROV.vOTU40972	Responder_Status	Responder	-1.1939562967184	0.767462960442686	0.131006967552298	0.759133137230706	sample_2022120210011
HROV.vOTU49378	Responder_Status	Responder	-1.69899152943478	1.09140335001096	0.130772990000268	0.759133137230706	sample_2022120210011
HROV.vOTU14202	Responder_Status	Responder	1.46962837965109	0.945075678556889	0.131168835080124	0.759133137230706	sample_2022120210011
HROV.vOTU04446	Responder_Status	Responder	-0.664252532882056	0.427923845585344	0.13182915070458	0.759133137230706	sample_2022120210011
HROV.vOTU61540	Responder_Status	Responder	2.04217345039924	1.31173107023395	0.130737356974945	0.759133137230706	sample_2022120210011
HROV.vOTU34183	Responder_Status	Responder	1.60703817444934	1.03392321784132	0.131341855226967	0.759133137230706	sample_2022120210011
HROV.vOTU69959	Responder_Status	Responder	-0.549163693511304	0.353522265345606	0.131557478817438	0.759133137230706	sample_2022120210011
HROV.vOTU43848	Responder_Status	Responder	-0.478841362558269	0.307523572782872	0.130681711159288	0.759133137230706	sample_2022120210011
HROV.vOTU25193	Responder_Status	Responder	1.60445342449248	1.03223166964127	0.131331601059078	0.759133137230706	sample_2022120210011
HROV.vOTU21496	Responder_Status	Responder	-0.948197734785411	0.611544502770295	0.132252888349831	0.759223320188096	sample_2022120210011
HROV.vOTU48404	Responder_Status	Responder	-1.78992095003943	1.15594804058454	0.132745279126203	0.759223320188096	sample_2022120210011
HROV.vOTU74002	Responder_Status	Responder	1.06458736672746	0.687256774224945	0.132602483767486	0.759223320188096	sample_2022120210011
HROV.vOTU16410	Responder_Status	Responder	-1.6593490425815	1.06990504684173	0.132148865590602	0.759223320188096	sample_2022120210011
HROV.vOTU31463	Responder_Status	Responder	-0.906789095038877	0.585831457420771	0.132884028777254	0.759223320188096	sample_2022120210011
HROV.vOTU20950	Responder_Status	Responder	-0.959892207118755	0.620439457372578	0.133064524119972	0.759223320188096	sample_2022120210011
HROV.vOTU03270	Responder_Status	Responder	1.32069355044458	0.854550662624548	0.133458246633547	0.759620837756981	sample_2022120210011
HROV.vOTU22790	Responder_Status	Responder	-0.768817487305714	0.498266998168309	0.134062640706658	0.761395325050229	sample_2022120210011
HROV.vOTU30268	Responder_Status	Responder	0.90420946019318	0.586130723299532	0.134137142155639	0.761405545919998	sample_2022120210011
HROV.vOTU43750	Responder_Status	Responder	1.37015531811308	0.888937754066287	0.134461040479516	0.76240984951815	sample_2022120210011
HROV.vOTU01674	Responder_Status	Responder	1.48669805927104	0.965537371914597	0.134844519673405	0.762507111383302	sample_2022120210011
HROV.vOTU00606	Responder_Status	Responder	1.65597195466947	1.07564947183978	0.134906194494128	0.762648679629353	sample_2022120210011
HROV.vOTU74488	Responder_Status	Responder	-1.82319475906084	1.18452699217788	0.134987414991429	0.762693551315582	sample_2022120210011
HROV.vOTU35103	Responder_Status	Responder	-2.05748600822813	1.33802835255916	0.135347172951565	0.764100514577359	sample_2022120210011
HROV.vOTU52184	Responder_Status	Responder	-1.55686541623836	1.01302803915071	0.135556362854131	0.764100514577359	sample_2022120210011
HROV.vOTU07994	Responder_Status	Responder	-1.41568353914213	0.922250189964177	0.135999638244317	0.764969396071298	sample_2022120210011
HROV.vOTU16293	Responder_Status	Responder	1.93560802660093	1.26156874561276	0.136182388064219	0.764969396071298	sample_2022120210011
HROV.vOTU03409	Responder_Status	Responder	1.52925892226689	0.997612543601324	0.136518286359226	0.764969396071298	sample_2022120210011
HROV.vOTU31047	Responder_Status	Responder	1.10570081249663	0.721373738542143	0.136554572616213	0.764969396071298	sample_2022120210011
HROV.vOTU52161	Responder_Status	Responder	0.752238291700094	0.491078377606554	0.136791268619823	0.764969396071298	sample_2022120210011
HROV.vOTU13935	Responder_Status	Responder	0.514031908425971	0.335694894538429	0.136929618537005	0.764969396071298	sample_2022120210011
HROV.vOTU57885	Responder_Status	Responder	-1.93009408613124	1.26234332316017	0.137489932349195	0.765548972945701	sample_2022120210011
HROV.vOTU21746	Responder_Status	Responder	1.40894387993825	0.921683904674988	0.137567668141376	0.765548972945701	sample_2022120210011
HROV.vOTU67214	Responder_Status	Responder	-2.12167606663726	1.38871252974311	0.137781011356981	0.766282757890612	sample_2022120210011
HROV.vOTU11570	Responder_Status	Responder	-1.26115413164112	0.827326926014557	0.138632233612617	0.766534468843703	sample_2022120210011
HROV.vOTU09249	Responder_Status	Responder	-1.60530835901552	1.0531444276081	0.138650121316192	0.766534468843703	sample_2022120210011
HROV.vOTU01295	Responder_Status	Responder	-1.79056458422119	1.17260257286541	0.137979340567235	0.766534468843703	sample_2022120210011
HROV.vOTU16624	Responder_Status	Responder	0.978903547055345	0.642173332087007	0.138635179627881	0.766534468843703	sample_2022120210011
HROV.vOTU70085	Responder_Status	Responder	1.27587137499164	0.83630061018669	0.138323590539003	0.766534468843703	sample_2022120210011
HROV.vOTU01872	Responder_Status	Responder	-1.54671589133414	1.01511208290922	0.138802160149303	0.766560616478575	sample_2022120210011
HROV.vOTU07878	Responder_Status	Responder	1.24691376986281	0.818213621556739	0.138738213886931	0.766560616478575	sample_2022120210011
HROV.vOTU04811	Responder_Status	Responder	0.523700777204838	0.343770577335025	0.138873874591265	0.766753235972726	sample_2022120210011
HROV.vOTU27969	Responder_Status	Responder	-2.10537546322641	1.38217130009432	0.138914818999563	0.766775910229623	sample_2022120210011
HROV.vOTU06834	Responder_Status	Responder	-0.483048377974213	0.317209022403343	0.139022030364803	0.767164252927725	sample_2022120210011
HROV.vOTU54797	Responder_Status	Responder	-0.756400235983755	0.496875917995467	0.139145728830085	0.767439943189777	sample_2022120210011
HROV.vOTU58212	Responder_Status	Responder	-0.812142265313335	0.533833993925371	0.139388930639256	0.767939103106995	sample_2022120210011
HROV.vOTU09021	Responder_Status	Responder	1.34791167631414	0.886148268757913	0.139450977827694	0.767939103106995	sample_2022120210011
HROV.vOTU17684	Responder_Status	Responder	-0.729018312710334	0.479219214794338	0.139407910306894	0.767939103106995	sample_2022120210011
HROV.vOTU60406	Responder_Status	Responder	-1.27371692964854	0.837292443284175	0.139415323853488	0.767939103106995	sample_2022120210011
HROV.vOTU24353	Responder_Status	Responder	1.60053033708765	1.05292194885807	0.13970273581598	0.768678944226705	sample_2022120210011
HROV.vOTU41365	Responder_Status	Responder	-1.20673488237318	0.794916584426667	0.1402093161085	0.769635262341358	sample_2022120210011
HROV.vOTU01595	Responder_Status	Responder	1.38119772363235	0.909980965132522	0.140267940601812	0.769754068976195	sample_2022120210011
HROV.vOTU53214	Responder_Status	Responder	-1.43050047886013	0.942969265775585	0.140472689865605	0.770268450883185	sample_2022120210011
HROV.vOTU34214	Responder_Status	Responder	-1.24528743638103	0.821039151889908	0.140547155098256	0.770473803889967	sample_2022120210011
HROV.vOTU16151	Responder_Status	Responder	0.578417126774204	0.38157204513129	0.140759181237324	0.770621345990239	sample_2022120210011
HROV.vOTU30007	Responder_Status	Responder	1.01582859097034	0.670284145955215	0.140849882824838	0.77091514882961	sample_2022120210011
HROV.vOTU15270	Responder_Status	Responder	-0.506897786744955	0.334506142261029	0.140889640035884	0.77093003610592	sample_2022120210011
HROV.vOTU19481	Responder_Status	Responder	-1.4950498525036	0.987969811205542	0.141421804551236	0.771709112109047	sample_2022120210011
HROV.vOTU69794	Responder_Status	Responder	-1.1555325338654	0.763412027092935	0.141323829743127	0.771709112109047	sample_2022120210011
HROV.vOTU34716	Responder_Status	Responder	-0.823513371124698	0.544221721422608	0.141436979181019	0.771709112109047	sample_2022120210011
HROV.vOTU50244	Responder_Status	Responder	1.0091110139338	0.666481362811025	0.141211283392518	0.771709112109047	sample_2022120210011
HROV.vOTU01546	Responder_Status	Responder	1.35984770901489	0.899113079057895	0.141629910478544	0.771773146590536	sample_2022120210011
HROV.vOTU14206	Responder_Status	Responder	0.610501265720285	0.403686528174901	0.141659585792938	0.771773146590536	sample_2022120210011
HROV.vOTU66220	Responder_Status	Responder	-1.38993953496634	0.919956373733586	0.142024627048272	0.772135079142076	sample_2022120210011
HROV.vOTU28637	Responder_Status	Responder	0.81896713607176	0.542059094698327	0.142032429695152	0.772135079142076	sample_2022120210011
HROV.vOTU64337	Responder_Status	Responder	-0.742254416340297	0.491454928896682	0.142165569400785	0.772227642765487	sample_2022120210011
HROV.vOTU55519	Responder_Status	Responder	-1.06729633729928	0.706630598992017	0.142144824141875	0.772227642765487	sample_2022120210011
HROV.vOTU12748	Responder_Status	Responder	0.73313045578708	0.485802318226514	0.142472622624185	0.773088540125758	sample_2022120210011
HROV.vOTU46010	Responder_Status	Responder	1.30597915463093	0.865879694473088	0.142687553007906	0.77324895578302	sample_2022120210011
HROV.vOTU28535	Responder_Status	Responder	-0.682169320882848	0.452250279801914	0.142656895395459	0.77324895578302	sample_2022120210011
HROV.vOTU46469	Responder_Status	Responder	-0.72956648700547	0.483711721198281	0.142687928857198	0.77324895578302	sample_2022120210011
HROV.vOTU68918	Responder_Status	Responder	1.6520692211887	1.09615795595634	0.142973997641838	0.774194526772859	sample_2022120210011
HROV.vOTU28745	Responder_Status	Responder	1.2621960346833	0.838016272716675	0.143222714839481	0.774498617010713	sample_2022120210011
HROV.vOTU08682	Responder_Status	Responder	-1.96549262450954	1.30636747478454	0.143638017441608	0.775519633526687	sample_2022120210011
HROV.vOTU07569	Responder_Status	Responder	1.99744114666805	1.32935078716972	0.144145696694914	0.775860195276454	sample_2022120210011
HROV.vOTU37626	Responder_Status	Responder	1.00118147719659	0.666431078541096	0.144213987210848	0.775863050864255	sample_2022120210011
HROV.vOTU11599	Responder_Status	Responder	-1.58126181665593	1.05385847176828	0.14469086233176	0.776068812287836	sample_2022120210011
HROV.vOTU38220	Responder_Status	Responder	-1.21515253496204	0.809784061714487	0.144655184892828	0.776068812287836	sample_2022120210011
HROV.vOTU35510	Responder_Status	Responder	0.807737956041411	0.537916662036745	0.144393663169434	0.776068812287836	sample_2022120210011
HROV.vOTU04541	Responder_Status	Responder	-0.815197097046019	0.54330058147113	0.144690006196897	0.776068812287836	sample_2022120210011
HROV.vOTU67959	Responder_Status	Responder	-0.611481043781532	0.407634853049643	0.144788625400253	0.776068812287836	sample_2022120210011
HROV.vOTU24697	Responder_Status	Responder	0.763637426094301	0.509034559508989	0.144763472555261	0.776068812287836	sample_2022120210011
HROV.vOTU17948	Responder_Status	Responder	1.1475127298988	0.766272099076448	0.145445715456168	0.777266384395415	sample_2022120210011
HROV.vOTU03566	Responder_Status	Responder	1.28523262696742	0.859970251268323	0.146228369038385	0.778026245184167	sample_2022120210011
HROV.vOTU07170	Responder_Status	Responder	1.04770186778143	0.701534062773383	0.146505135882344	0.778036046760078	sample_2022120210011
HROV.vOTU20308	Responder_Status	Responder	1.31755882415338	0.883592089715465	0.147106001187783	0.778741458475002	sample_2022120210011
HROV.vOTU20887	Responder_Status	Responder	-0.950320652665167	0.638195508088224	0.14764596130725	0.779617119383663	sample_2022120210011
HROV.vOTU07552	Responder_Status	Responder	1.81220889080469	1.21972381338226	0.148517809173264	0.780031966030503	sample_2022120210011
HROV.vOTU28293	Responder_Status	Responder	-1.56358536295753	1.05265557420227	0.148618157758	0.780031966030503	sample_2022120210011
HROV.vOTU61708	Responder_Status	Responder	-1.55469704519392	1.04472222179323	0.147889836609271	0.780031966030503	sample_2022120210011
HROV.vOTU39839	Responder_Status	Responder	-2.16984986231476	1.45923003630518	0.148194617619588	0.780031966030503	sample_2022120210011
HROV.vOTU50928	Responder_Status	Responder	0.787954606253232	0.52950278306403	0.147900610438757	0.780031966030503	sample_2022120210011
HROV.vOTU31384	Responder_Status	Responder	0.734952746537501	0.494800930985157	0.148623914353926	0.780031966030503	sample_2022120210011
HROV.vOTU37302	Responder_Status	Responder	1.35891486382123	0.915661625350359	0.148958773182502	0.780109662673908	sample_2022120210011
HROV.vOTU09691	Responder_Status	Responder	-1.74149726199306	1.17377044173836	0.149064798628588	0.780181992319353	sample_2022120210011
HROV.vOTU45542	Responder_Status	Responder	-1.64287952590738	1.10894689719153	0.149646536584258	0.780497391914647	sample_2022120210011
HROV.vOTU45183	Responder_Status	Responder	-1.34164293462746	0.909333728119725	0.151258957812488	0.780734599478278	sample_2022120210011
HROV.vOTU10459	Responder_Status	Responder	-0.997278121643812	0.67425411366762	0.150281360540915	0.780734599478278	sample_2022120210011
HROV.vOTU46262	Responder_Status	Responder	-1.48996575430669	1.01018228906804	0.151383369853199	0.780734599478278	sample_2022120210011
HROV.vOTU40909	Responder_Status	Responder	0.641713700202048	0.434528876723321	0.150888076414881	0.780734599478278	sample_2022120210011
HROV.vOTU58202	Responder_Status	Responder	1.67907664132294	1.13570709220052	0.15045195156652	0.780734599478278	sample_2022120210011
HROV.vOTU32957	Responder_Status	Responder	1.23117918949992	0.834134943168949	0.151103581280072	0.780734599478278	sample_2022120210011
HROV.vOTU72000	Responder_Status	Responder	-0.564090433422018	0.382291368232887	0.151222131748133	0.780734599478278	sample_2022120210011
HROV.vOTU45109	Responder_Status	Responder	0.845499040506263	0.571772178995177	0.150374189040101	0.780734599478278	sample_2022120210011
HROV.vOTU10321	Responder_Status	Responder	1.0632389136853	0.719141161654041	0.150440606425173	0.780734599478278	sample_2022120210011
HROV.vOTU70773	Responder_Status	Responder	-0.587167641314453	0.398573998986368	0.151858673652553	0.780989400565684	sample_2022120210011
HROV.vOTU60099	Responder_Status	Responder	1.78378270950288	1.20999267146891	0.1515806551479	0.780989400565684	sample_2022120210011
HROV.vOTU26908	Responder_Status	Responder	1.78065845942736	1.2082288262456	0.151696697929512	0.780989400565684	sample_2022120210011
HROV.vOTU22345	Responder_Status	Responder	-1.65842622910596	1.12575342328238	0.151858917304559	0.780989400565684	sample_2022120210011
HROV.vOTU08686	Responder_Status	Responder	0.913963537678718	0.620974716507488	0.152220706129953	0.780989400565684	sample_2022120210011
HROV.vOTU56218	Responder_Status	Responder	-1.54930446343401	1.05249711642924	0.152165309092153	0.780989400565684	sample_2022120210011
HROV.vOTU24816	Responder_Status	Responder	0.888223478962993	0.602911657475885	0.151844663037051	0.780989400565684	sample_2022120210011
HROV.vOTU21557	Responder_Status	Responder	-1.04446739917612	0.710278075597156	0.152574243339659	0.781209986638127	sample_2022120210011
HROV.vOTU75544	Responder_Status	Responder	1.33154900374435	0.905920416402201	0.152755819250331	0.781231542431363	sample_2022120210011
HROV.vOTU55642	Responder_Status	Responder	-1.54399001424979	1.05128482473417	0.153068425139116	0.78196126753243	sample_2022120210011
HROV.vOTU02423	Responder_Status	Responder	0.754917304558891	0.514282017833369	0.153274580784714	0.78196126753243	sample_2022120210011
HROV.vOTU18429	Responder_Status	Responder	-0.971289341942161	0.661376087679068	0.153090268531747	0.78196126753243	sample_2022120210011
HROV.vOTU04934	Responder_Status	Responder	-1.51287492262984	1.03114112199463	0.153469053221812	0.78196126753243	sample_2022120210011
HROV.vOTU09933	Responder_Status	Responder	-2.11238516746154	1.44004409749528	0.153549015787136	0.782021718524404	sample_2022120210011
HROV.vOTU10264	Responder_Status	Responder	-1.25806676886949	0.857990073375161	0.153709624533846	0.782265485249879	sample_2022120210011
HROV.vOTU07214	Responder_Status	Responder	-1.1167533007128	0.761814069945756	0.153813000950549	0.782408996770692	sample_2022120210011
HROV.vOTU38862	Responder_Status	Responder	1.40735401716092	0.961100237210258	0.154245903551131	0.783103469171239	sample_2022120210011
HROV.vOTU56875	Responder_Status	Responder	0.574115622514232	0.392102483780315	0.154277826678801	0.783103469171239	sample_2022120210011
HROV.vOTU35627	Responder_Status	Responder	1.74117044967744	1.18878517542324	0.154151493828643	0.783103469171239	sample_2022120210011
HROV.vOTU69410	Responder_Status	Responder	-1.10389103121436	0.7554406031363	0.155078035668708	0.784322120167541	sample_2022120210011
HROV.vOTU12134	Responder_Status	Responder	-0.34886659658247	0.23887726381135	0.155299298766985	0.784322120167541	sample_2022120210011
HROV.vOTU55299	Responder_Status	Responder	-1.42154662586327	0.973861826146003	0.155501875882562	0.784322120167541	sample_2022120210011
HROV.vOTU67194	Responder_Status	Responder	-0.551482898171902	0.377499377503019	0.155178947823509	0.784322120167541	sample_2022120210011
HROV.vOTU30149	Responder_Status	Responder	-1.69530187033555	1.16117188138451	0.155422261703805	0.784322120167541	sample_2022120210011
HROV.vOTU36207	Responder_Status	Responder	1.82216881369828	1.24814452824251	0.155446849851428	0.784322120167541	sample_2022120210011
HROV.vOTU15928	Responder_Status	Responder	-0.719288638788609	0.492844820901207	0.155566819619801	0.784322120167541	sample_2022120210011
HROV.vOTU24172	Responder_Status	Responder	-0.812861526478324	0.556663866681378	0.155355285062131	0.784322120167541	sample_2022120210011
HROV.vOTU16562	Responder_Status	Responder	-1.12478587357566	0.770127774585316	0.15527866765756	0.784322120167541	sample_2022120210011
HROV.vOTU07555	Responder_Status	Responder	2.49792748279146	1.70847899999906	0.154854162099358	0.784322120167541	sample_2022120210011
HROV.vOTU13070	Responder_Status	Responder	-1.4016810851477	0.960710758652337	0.155692075611906	0.784584473549822	sample_2022120210011
HROV.vOTU59995	Responder_Status	Responder	1.77681245906585	1.21959957299476	0.156273000177524	0.786085669090179	sample_2022120210011
HROV.vOTU47690	Responder_Status	Responder	-1.01706235501082	0.69841706427663	0.156449216016873	0.786212079041819	sample_2022120210011
HROV.vOTU11679	Responder_Status	Responder	0.608943045754478	0.418206438208117	0.156492252178087	0.786238529830287	sample_2022120210011
HROV.vOTU65200	Responder_Status	Responder	0.706005604107161	0.485028351260183	0.156625628378755	0.786339231718232	sample_2022120210011
HROV.vOTU03842	Responder_Status	Responder	0.990694850182847	0.681123528720281	0.156926715316496	0.787091464894666	sample_2022120210011
HROV.vOTU13481	Responder_Status	Responder	-1.72082123726706	1.18343699957579	0.157040405362935	0.787282282666061	sample_2022120210011
HROV.vOTU06759	Responder_Status	Responder	-0.886686043122919	0.609781533520075	0.157035807393015	0.787282282666061	sample_2022120210011
HROV.vOTU41002	Responder_Status	Responder	-1.25615566964856	0.864300341267156	0.157235636756587	0.787502353004898	sample_2022120210011
HROV.vOTU66044	Responder_Status	Responder	-0.697187547167219	0.479816792619399	0.157332074611494	0.787606333102033	sample_2022120210011
HROV.vOTU56546	Responder_Status	Responder	1.55323197409715	1.07084443076619	0.158037402728471	0.787985574720361	sample_2022120210011
HROV.vOTU08281	Responder_Status	Responder	1.52051095807738	1.04813611159656	0.15798019844766	0.787985574720361	sample_2022120210011
HROV.vOTU27225	Responder_Status	Responder	1.35491457506434	0.93399215267396	0.157983138404388	0.787985574720361	sample_2022120210011
HROV.vOTU38735	Responder_Status	Responder	1.19233044482581	0.821238423812384	0.15765198868693	0.787985574720361	sample_2022120210011
HROV.vOTU19280	Responder_Status	Responder	-1.86159500992397	1.28396924149993	0.158203116200129	0.788364343716947	sample_2022120210011
HROV.vOTU68141	Responder_Status	Responder	-0.846276717430672	0.584114608310533	0.158495495977308	0.788468325498217	sample_2022120210011
HROV.vOTU45378	Responder_Status	Responder	0.55395438626888	0.382405175010422	0.158554764117417	0.788468325498217	sample_2022120210011
HROV.vOTU30877	Responder_Status	Responder	1.64095830854986	1.13291991380976	0.158602780632286	0.788468325498217	sample_2022120210011
HROV.vOTU44129	Responder_Status	Responder	-2.14003321897035	1.47844978031069	0.158865961803131	0.788771463098558	sample_2022120210011
HROV.vOTU11091	Responder_Status	Responder	1.48844851879918	1.02904803459116	0.159158376723303	0.789157125177597	sample_2022120210011
HROV.vOTU07700	Responder_Status	Responder	1.36075266476149	0.941079212270097	0.159292871878962	0.789447887657284	sample_2022120210011
HROV.vOTU64657	Responder_Status	Responder	0.835320693386077	0.578016102879554	0.159515074544857	0.789919817005766	sample_2022120210011
HROV.vOTU10330	Responder_Status	Responder	-1.87493968457703	1.29810032056153	0.159732343610087	0.790217646174629	sample_2022120210011
HROV.vOTU17514	Responder_Status	Responder	-1.15994000065652	0.803450701644662	0.15992048785394	0.790863614796807	sample_2022120210011
HROV.vOTU24417	Responder_Status	Responder	1.50798194125351	1.04477760293415	0.160017032794573	0.791153096821623	sample_2022120210011
HROV.vOTU15439	Responder_Status	Responder	-1.31798652136399	0.915118241851135	0.160889302702095	0.791245876950655	sample_2022120210011
HROV.vOTU19575	Responder_Status	Responder	1.41165722090176	0.978968439746193	0.160399455732606	0.791245876950655	sample_2022120210011
HROV.vOTU10151	Responder_Status	Responder	1.5100458321253	1.04667787966193	0.160198299038543	0.791245876950655	sample_2022120210011
HROV.vOTU47628	Responder_Status	Responder	-1.13478603534645	0.787027003768871	0.160433109829963	0.791245876950655	sample_2022120210011
HROV.vOTU20277	Responder_Status	Responder	-0.564259568919637	0.391895254736079	0.161005460630416	0.791245876950655	sample_2022120210011
HROV.vOTU05518	Responder_Status	Responder	0.977766227640454	0.679183331814939	0.161062156168144	0.791245876950655	sample_2022120210011
HROV.vOTU19975	Responder_Status	Responder	-0.674701421314102	0.468459489402407	0.160883880283767	0.791245876950655	sample_2022120210011
HROV.vOTU20282	Responder_Status	Responder	-1.41870921154245	0.986705907293176	0.161567295534941	0.791786442296869	sample_2022120210011
HROV.vOTU08533	Responder_Status	Responder	0.505605375737408	0.351748141555518	0.161684543189112	0.791786442296869	sample_2022120210011
HROV.vOTU17653	Responder_Status	Responder	0.687331080809112	0.477888368005319	0.161442559266696	0.791786442296869	sample_2022120210011
HROV.vOTU69449	Responder_Status	Responder	0.273003063820778	0.189877837678462	0.161578867551977	0.791786442296869	sample_2022120210011
HROV.vOTU24040	Responder_Status	Responder	0.863645433740346	0.600841086273915	0.161688284022589	0.791786442296869	sample_2022120210011
HROV.vOTU29992	Responder_Status	Responder	-1.08339154137388	0.7551074383345	0.16243397876271	0.793318690624343	sample_2022120210011
HROV.vOTU29426	Responder_Status	Responder	2.10313975601568	1.46600477485872	0.162475021769473	0.793318690624343	sample_2022120210011
HROV.vOTU31815	Responder_Status	Responder	1.31271343341459	0.915448633556256	0.162658879844986	0.793843982174299	sample_2022120210011
HROV.vOTU04018	Responder_Status	Responder	-0.708192696099621	0.494122322761526	0.162863556020588	0.794284188980444	sample_2022120210011
HROV.vOTU72239	Responder_Status	Responder	1.36859188720866	0.95597220502425	0.163320300590191	0.794654768056913	sample_2022120210011
HROV.vOTU37640	Responder_Status	Responder	-1.72517920065803	1.20546152102587	0.163458688296535	0.794987067683563	sample_2022120210011
HROV.vOTU75719	Responder_Status	Responder	1.2839895984799	0.897868404070552	0.163769682998883	0.795179563066164	sample_2022120210011
HROV.vOTU16795	Responder_Status	Responder	-0.664445022999705	0.464647632802421	0.163782325263133	0.795179563066164	sample_2022120210011
HROV.vOTU01894	Responder_Status	Responder	-1.12443274302304	0.786879306946259	0.164072857368564	0.795192807412234	sample_2022120210011
HROV.vOTU15797	Responder_Status	Responder	-1.052603259692	0.736557756056023	0.164042343710625	0.795192807412234	sample_2022120210011
HROV.vOTU05159	Responder_Status	Responder	1.13001290077969	0.791926748055229	0.16466113551785	0.795192807412234	sample_2022120210011
HROV.vOTU54933	Responder_Status	Responder	1.31443586692103	0.920149912409008	0.164208411194255	0.795192807412234	sample_2022120210011
HROV.vOTU37929	Responder_Status	Responder	0.501463398807068	0.351824817821794	0.165117352702263	0.795192807412234	sample_2022120210011
HROV.vOTU71847	Responder_Status	Responder	1.52085749048058	1.06793117380573	0.165462937961633	0.795443218664253	sample_2022120210011
HROV.vOTU67169	Responder_Status	Responder	-1.11551484931008	0.783562448389067	0.165597967565866	0.795443218664253	sample_2022120210011
HROV.vOTU44282	Responder_Status	Responder	-0.878867462973467	0.618526235332094	0.166385835204622	0.796656798813739	sample_2022120210011
HROV.vOTU05573	Responder_Status	Responder	0.921438988157174	0.649514096534344	0.167034233537935	0.7978011865746	sample_2022120210011
HROV.vOTU36179	Responder_Status	Responder	-0.263612728145637	0.185926964996798	0.167274124522726	0.797981673394362	sample_2022120210011
HROV.vOTU08935	Responder_Status	Responder	-1.15936242440274	0.819037203351471	0.167943857133282	0.799394325687002	sample_2022120210011
HROV.vOTU10339	Responder_Status	Responder	-0.866254890008794	0.614099129855052	0.169373294580159	0.799522509024666	sample_2022120210011
HROV.vOTU41452	Responder_Status	Responder	-1.03707266683917	0.73547638963399	0.169531614994754	0.799522509024666	sample_2022120210011
HROV.vOTU55832	Responder_Status	Responder	-1.19334403146354	0.843941141952268	0.16838126917654	0.799522509024666	sample_2022120210011
HROV.vOTU03107	Responder_Status	Responder	1.16948316783076	0.829564630279148	0.169623448186137	0.799522509024666	sample_2022120210011
HROV.vOTU64807	Responder_Status	Responder	1.16270524637205	0.823665897942364	0.169077879692715	0.799522509024666	sample_2022120210011
HROV.vOTU11306	Responder_Status	Responder	1.49273515923919	1.0557225526624	0.168400725579639	0.799522509024666	sample_2022120210011
HROV.vOTU16199	Responder_Status	Responder	1.76257906731302	1.24945144343198	0.169352405394397	0.799522509024666	sample_2022120210011
HROV.vOTU53204	Responder_Status	Responder	1.43561067797505	1.01454855441997	0.168087454294534	0.799522509024666	sample_2022120210011
HROV.vOTU67808	Responder_Status	Responder	1.41617101996654	1.00302507638966	0.168996912379219	0.799522509024666	sample_2022120210011
HROV.vOTU01645	Responder_Status	Responder	1.4065767648071	0.997121434560924	0.169365540006382	0.799522509024666	sample_2022120210011
HROV.vOTU06556	Responder_Status	Responder	0.732870510487554	0.519320766417565	0.169198353896875	0.799522509024666	sample_2022120210011
HROV.vOTU40468	Responder_Status	Responder	1.49768664020282	1.06346866554684	0.170048644491849	0.800081947354848	sample_2022120210011
HROV.vOTU38046	Responder_Status	Responder	1.91139568449364	1.35891223104797	0.170559482553872	0.801344758937644	sample_2022120210011
HROV.vOTU26648	Responder_Status	Responder	1.18964453379985	0.847046558767203	0.171177811296482	0.802235528139973	sample_2022120210011
HROV.vOTU46503	Responder_Status	Responder	0.512134394798518	0.364748444249977	0.171291647782198	0.802303251257079	sample_2022120210011
HROV.vOTU05478	Responder_Status	Responder	-0.912803858159398	0.651175485140076	0.171969972972938	0.802802707975756	sample_2022120210011
HROV.vOTU35974	Responder_Status	Responder	-1.36193274821982	0.972042782991409	0.172169674815212	0.802802707975756	sample_2022120210011
HROV.vOTU55788	Responder_Status	Responder	0.641858877855818	0.458010624357023	0.172080176805028	0.802802707975756	sample_2022120210011
HROV.vOTU29016	Responder_Status	Responder	-0.810532916078594	0.577947981754551	0.171776715012516	0.802802707975756	sample_2022120210011
HROV.vOTU31026	Responder_Status	Responder	-0.774406137162978	0.552097200780329	0.171708647527964	0.802802707975756	sample_2022120210011
HROV.vOTU45982	Responder_Status	Responder	1.0203174892892	0.728008789138612	0.172047035642982	0.802802707975756	sample_2022120210011
HROV.vOTU70414	Responder_Status	Responder	0.869724066620442	0.620937617227031	0.172300313844332	0.802802707975756	sample_2022120210011
HROV.vOTU49935	Responder_Status	Responder	0.88113905087665	0.627981589872897	0.171570993647523	0.802802707975756	sample_2022120210011
HROV.vOTU04949	Responder_Status	Responder	1.51561912076471	1.08409701263279	0.173076306842708	0.805766791977404	sample_2022120210011
HROV.vOTU71692	Responder_Status	Responder	0.907527566069624	0.649337626993214	0.173203283154914	0.80599739299565	sample_2022120210011
HROV.vOTU03889	Responder_Status	Responder	0.932822583050904	0.668603574105283	0.173930265416784	0.806936572755253	sample_2022120210011
HROV.vOTU36175	Responder_Status	Responder	-0.469995313658582	0.336884870388941	0.173947845397685	0.806936572755253	sample_2022120210011
HROV.vOTU22134	Responder_Status	Responder	-1.45986562966582	1.04626439860836	0.173890885732885	0.806936572755253	sample_2022120210011
HROV.vOTU16592	Responder_Status	Responder	1.42655519893884	1.02270663376646	0.174019287766644	0.806951740771215	sample_2022120210011
HROV.vOTU10515	Responder_Status	Responder	-1.84047228076967	1.32111715152875	0.174546535656287	0.807555080626499	sample_2022120210011
HROV.vOTU06489	Responder_Status	Responder	1.94547720316787	1.39785007747244	0.174952186021601	0.8076065697497	sample_2022120210011
HROV.vOTU09277	Responder_Status	Responder	1.27725561326501	0.918828254968622	0.175454036397202	0.8076065697497	sample_2022120210011
HROV.vOTU69341	Responder_Status	Responder	-0.867991204165247	0.623635415242682	0.174933929210284	0.8076065697497	sample_2022120210011
HROV.vOTU05358	Responder_Status	Responder	-0.464764483340922	0.333932774757641	0.174944178183696	0.8076065697497	sample_2022120210011
HROV.vOTU54408	Responder_Status	Responder	1.08704658020611	0.782750148499348	0.175856689325793	0.807869562638797	sample_2022120210011
HROV.vOTU68101	Responder_Status	Responder	-1.18982994482599	0.857353024488949	0.176145341716089	0.808152853119763	sample_2022120210011
HROV.vOTU74035	Responder_Status	Responder	-1.13855535733669	0.821810829198942	0.176861415862668	0.809148384437668	sample_2022120210011
HROV.vOTU07037	Responder_Status	Responder	-1.09100757245183	0.787975531928855	0.177119275405979	0.809691427936379	sample_2022120210011
HROV.vOTU15782	Responder_Status	Responder	-0.839899231686599	0.60679770316545	0.177246468352709	0.809813198122647	sample_2022120210011
HROV.vOTU51937	Responder_Status	Responder	0.817023425880792	0.591208682560158	0.177912569863861	0.809923037351965	sample_2022120210011
HROV.vOTU08091	Responder_Status	Responder	0.671943504591985	0.486159213006637	0.177854057770051	0.809923037351965	sample_2022120210011
HROV.vOTU41394	Responder_Status	Responder	-0.820744306742522	0.59381622463541	0.177852531130309	0.809923037351965	sample_2022120210011
HROV.vOTU07931	Responder_Status	Responder	1.08141023116894	0.785637916267598	0.179583493606024	0.81199275716739	sample_2022120210011
HROV.vOTU73181	Responder_Status	Responder	-1.05356829749472	0.765515351953738	0.179640963091801	0.81199275716739	sample_2022120210011
HROV.vOTU01236	Responder_Status	Responder	1.72370119296939	1.25141529197921	0.179299892224595	0.81199275716739	sample_2022120210011
HROV.vOTU74179	Responder_Status	Responder	-1.07818501409253	0.783969687662482	0.179946384826815	0.812677284880221	sample_2022120210011
HROV.vOTU41480	Responder_Status	Responder	-1.07048970743147	0.778375869363534	0.179947246780643	0.812677284880221	sample_2022120210011
HROV.vOTU15791	Responder_Status	Responder	1.00108722619076	0.728340962009051	0.180195730722192	0.81346364859206	sample_2022120210011
HROV.vOTU62321	Responder_Status	Responder	1.60621636417336	1.16905658598033	0.180359549807553	0.813474329197015	sample_2022120210011
HROV.vOTU17790	Responder_Status	Responder	-1.52602637842084	1.11359262452016	0.181461149431678	0.814819139143792	sample_2022120210011
HROV.vOTU52333	Responder_Status	Responder	-1.82248275153386	1.33275334360065	0.182359536009288	0.814819139143792	sample_2022120210011
HROV.vOTU56198	Responder_Status	Responder	-1.09607837006299	0.801278702153745	0.182218775574685	0.814819139143792	sample_2022120210011
HROV.vOTU45672	Responder_Status	Responder	1.82519415674316	1.33355100174253	0.181983452701057	0.814819139143792	sample_2022120210011
HROV.vOTU46353	Responder_Status	Responder	-1.21061774460663	0.885480852000181	0.182443198813556	0.814819139143792	sample_2022120210011
HROV.vOTU28970	Responder_Status	Responder	-1.44216929331414	1.05146968251481	0.181087665707088	0.814819139143792	sample_2022120210011
HROV.vOTU04691	Responder_Status	Responder	1.57626159889392	1.1517210163721	0.182001418700808	0.814819139143792	sample_2022120210011
HROV.vOTU34151	Responder_Status	Responder	1.65503768455075	1.20675852101421	0.18111877273087	0.814819139143792	sample_2022120210011
HROV.vOTU01280	Responder_Status	Responder	1.9134682148771	1.39724153200018	0.181739573205284	0.814819139143792	sample_2022120210011
HROV.vOTU11329	Responder_Status	Responder	1.13778391263331	0.829831391865823	0.181233175634681	0.814819139143792	sample_2022120210011
HROV.vOTU57502	Responder_Status	Responder	-1.01208318361068	0.742296149018005	0.183604030923235	0.814819139143792	sample_2022120210011
HROV.vOTU35661	Responder_Status	Responder	-1.65278566558067	1.20964627815504	0.182706331180108	0.814819139143792	sample_2022120210011
HROV.vOTU04553	Responder_Status	Responder	-1.51116404483185	1.10468221157717	0.182202940154602	0.814819139143792	sample_2022120210011
HROV.vOTU18362	Responder_Status	Responder	-1.69780845694773	1.23732883918306	0.180908639557415	0.814819139143792	sample_2022120210011
HROV.vOTU11909	Responder_Status	Responder	-0.844863126334067	0.619774989679539	0.183688779903673	0.814819139143792	sample_2022120210011
HROV.vOTU36677	Responder_Status	Responder	1.78205796398143	1.30482352126079	0.182889912824975	0.814819139143792	sample_2022120210011
HROV.vOTU18880	Responder_Status	Responder	-0.403856534478725	0.294883486077725	0.18171337677281	0.814819139143792	sample_2022120210011
HROV.vOTU63272	Responder_Status	Responder	0.904830778800256	0.663381522866602	0.183442774152404	0.814819139143792	sample_2022120210011
HROV.vOTU37690	Responder_Status	Responder	-0.520308504210596	0.381921832222762	0.18394877515603	0.814873133465742	sample_2022120210011
HROV.vOTU24682	Responder_Status	Responder	1.01217030206072	0.743340925446083	0.184164884059445	0.815268409548565	sample_2022120210011
HROV.vOTU37128	Responder_Status	Responder	-0.50061404405939	0.367622168912593	0.184129863706616	0.815268409548565	sample_2022120210011
HROV.vOTU17661	Responder_Status	Responder	-1.19696394456276	0.881140732615292	0.18517349912347	0.815757678067539	sample_2022120210011
HROV.vOTU13781	Responder_Status	Responder	-1.35245180459979	0.995362124963411	0.185070669673718	0.815757678067539	sample_2022120210011
HROV.vOTU40887	Responder_Status	Responder	-0.62899069402235	0.462912921834559	0.185066523830348	0.815757678067539	sample_2022120210011
HROV.vOTU03335	Responder_Status	Responder	-0.747065215103039	0.549953649410733	0.185176796967049	0.815757678067539	sample_2022120210011
HROV.vOTU69975	Responder_Status	Responder	-1.43412975703934	1.05375401774738	0.184376627190848	0.815757678067539	sample_2022120210011
HROV.vOTU25638	Responder_Status	Responder	0.744205307749099	0.547403994356606	0.184831440498527	0.815757678067539	sample_2022120210011
HROV.vOTU15372	Responder_Status	Responder	1.54545575573781	1.13555920387744	0.184378985430271	0.815757678067539	sample_2022120210011
HROV.vOTU61489	Responder_Status	Responder	-1.25659693102497	0.924512281538243	0.18493088762119	0.815757678067539	sample_2022120210011
HROV.vOTU08388	Responder_Status	Responder	1.59010727009292	1.1694913750281	0.184787745649317	0.815757678067539	sample_2022120210011
HROV.vOTU54200	Responder_Status	Responder	-1.23840002689662	0.913068002563406	0.185838579580473	0.815951536011906	sample_2022120210011
HROV.vOTU53264	Responder_Status	Responder	1.726589477443	1.27289141015985	0.185799410079921	0.815951536011906	sample_2022120210011
HROV.vOTU41168	Responder_Status	Responder	1.40987527749526	1.03945726033979	0.185822649314917	0.815951536011906	sample_2022120210011
HROV.vOTU62380	Responder_Status	Responder	1.24145882455014	0.914984204652147	0.18568066841761	0.815951536011906	sample_2022120210011
HROV.vOTU35480	Responder_Status	Responder	-0.816867216741726	0.602200968648107	0.185787353934589	0.815951536011906	sample_2022120210011
HROV.vOTU35657	Responder_Status	Responder	-1.32141050349771	0.974936676389243	0.186129686977304	0.816327314461142	sample_2022120210011
HROV.vOTU10023	Responder_Status	Responder	-0.646228729670454	0.476989664541777	0.186310481525847	0.816432141675896	sample_2022120210011
HROV.vOTU71923	Responder_Status	Responder	0.984293060362161	0.727797503473334	0.187061037174269	0.816808128011395	sample_2022120210011
HROV.vOTU67952	Responder_Status	Responder	-0.97827907984981	0.723234339417622	0.18699230637234	0.816808128011395	sample_2022120210011
HROV.vOTU21431	Responder_Status	Responder	1.49661072151352	1.10620896788098	0.186905798799262	0.816808128011395	sample_2022120210011
HROV.vOTU05033	Responder_Status	Responder	1.37230043921324	1.01496990912131	0.187176967873962	0.816808128011395	sample_2022120210011
HROV.vOTU44375	Responder_Status	Responder	1.34876785005437	0.997342300940801	0.18708159501499	0.816808128011395	sample_2022120210011
HROV.vOTU60167	Responder_Status	Responder	-0.909996689520929	0.672485700259779	0.186822125178814	0.816808128011395	sample_2022120210011
HROV.vOTU03632	Responder_Status	Responder	-2.07316441435936	1.53415564581205	0.18740502402951	0.817129304069205	sample_2022120210011
HROV.vOTU23940	Responder_Status	Responder	0.458155599698172	0.338985684094716	0.187338758170115	0.817129304069205	sample_2022120210011
HROV.vOTU33603	Responder_Status	Responder	0.849551476774473	0.628827417238598	0.187509474188344	0.817288622567278	sample_2022120210011
HROV.vOTU36422	Responder_Status	Responder	-1.20250866283232	0.891041800544073	0.187970557342182	0.818023656926096	sample_2022120210011
HROV.vOTU16890	Responder_Status	Responder	-0.469060420783385	0.347722475532592	0.188161871925378	0.818342951133878	sample_2022120210011
HROV.vOTU14817	Responder_Status	Responder	-1.59596172075839	1.18387199471363	0.188436282036245	0.818511428826542	sample_2022120210011
HROV.vOTU06360	Responder_Status	Responder	-0.889879800485781	0.659857773298617	0.188275261281864	0.818511428826542	sample_2022120210011
HROV.vOTU41249	Responder_Status	Responder	1.0538171575947	0.781691172117789	0.188424117250221	0.818511428826542	sample_2022120210011
HROV.vOTU64966	Responder_Status	Responder	-0.908509046390316	0.674136987921527	0.188571044127642	0.818924740979944	sample_2022120210011
HROV.vOTU01625	Responder_Status	Responder	1.61219428296494	1.19692760770656	0.188799570156562	0.818942507911755	sample_2022120210011
HROV.vOTU34090	Responder_Status	Responder	-0.975498564227705	0.724036616238239	0.188684497913849	0.818942507911755	sample_2022120210011
HROV.vOTU33355	Responder_Status	Responder	1.37405912831539	1.0205372405429	0.188970258328803	0.819105655043978	sample_2022120210011
HROV.vOTU17802	Responder_Status	Responder	-0.404604312691422	0.30082741193507	0.189427975091559	0.819734443980746	sample_2022120210011
HROV.vOTU07547	Responder_Status	Responder	-1.08864490384984	0.809312802498459	0.189371925509842	0.819734443980746	sample_2022120210011
HROV.vOTU45964	Responder_Status	Responder	-0.78861642490389	0.587237010978145	0.190081124890903	0.820132316340086	sample_2022120210011
HROV.vOTU23360	Responder_Status	Responder	0.53072597274467	0.395182406502945	0.190061004686333	0.820132316340086	sample_2022120210011
HROV.vOTU32970	Responder_Status	Responder	1.6693773590606	1.24236156927455	0.189829828522251	0.820132316340086	sample_2022120210011
HROV.vOTU14223	Responder_Status	Responder	-0.900876213963827	0.671819484354654	0.190714400203765	0.821718120521913	sample_2022120210011
HROV.vOTU70050	Responder_Status	Responder	-0.534732866411816	0.399055878448655	0.191020821149814	0.821774172549207	sample_2022120210011
HROV.vOTU37447	Responder_Status	Responder	-1.3177827730862	0.984016375323454	0.191280128080755	0.821774172549207	sample_2022120210011
HROV.vOTU53941	Responder_Status	Responder	1.07174030535275	0.800206318511016	0.191234447716231	0.821774172549207	sample_2022120210011
HROV.vOTU28238	Responder_Status	Responder	1.47132606658314	1.0978994989986	0.190978044558849	0.821774172549207	sample_2022120210011
HROV.vOTU20490	Responder_Status	Responder	0.951724573083736	0.710173371688449	0.190977493447414	0.821774172549207	sample_2022120210011
HROV.vOTU04196	Responder_Status	Responder	-0.596227148345358	0.445300238992271	0.191362088400127	0.821915532157172	sample_2022120210011
HROV.vOTU27032	Responder_Status	Responder	-1.28996435173228	0.964710402095932	0.19193544394042	0.822213678868046	sample_2022120210011
HROV.vOTU13745	Responder_Status	Responder	-1.72698524713144	1.29255947977473	0.192275572518983	0.822511349463562	sample_2022120210011
HROV.vOTU10338	Responder_Status	Responder	1.0072400307384	0.753877698192579	0.192281538625496	0.822511349463562	sample_2022120210011
HROV.vOTU02550	Responder_Status	Responder	1.42533960074493	1.06735940806476	0.192504405191278	0.822857118093033	sample_2022120210011
HROV.vOTU17187	Responder_Status	Responder	-1.57751752577703	1.18315825276395	0.193176571366021	0.823800518947702	sample_2022120210011
HROV.vOTU05768	Responder_Status	Responder	-1.09216841158884	0.81904236461278	0.193124972462035	0.823800518947702	sample_2022120210011
HROV.vOTU03127	Responder_Status	Responder	-0.711477722434554	0.533791738156688	0.193317695534152	0.823844268322208	sample_2022120210011
HROV.vOTU14828	Responder_Status	Responder	0.467248403121984	0.350779221182771	0.193591783470133	0.824051732705688	sample_2022120210011
HROV.vOTU41621	Responder_Status	Responder	1.45136909869095	1.09053889623703	0.193967320086577	0.825144035888433	sample_2022120210011
HROV.vOTU06807	Responder_Status	Responder	-1.60679040992978	1.20853600159471	0.194402699400944	0.825814732251152	sample_2022120210011
HROV.vOTU14305	Responder_Status	Responder	1.35942393960626	1.02248054458605	0.194402478378694	0.825814732251152	sample_2022120210011
HROV.vOTU37296	Responder_Status	Responder	1.38837526650105	1.04509574581076	0.194750424798307	0.82592640662786	sample_2022120210011
HROV.vOTU66406	Responder_Status	Responder	1.2967928401351	0.976489246106211	0.194897658429975	0.82592640662786	sample_2022120210011
HROV.vOTU67736	Responder_Status	Responder	1.30323148339934	0.981020707772209	0.194757803104859	0.82592640662786	sample_2022120210011
HROV.vOTU57817	Responder_Status	Responder	1.47852433120861	1.11396490405334	0.19514321728541	0.82592640662786	sample_2022120210011
HROV.vOTU49611	Responder_Status	Responder	-1.01675657363661	0.766699360977807	0.195507571760384	0.826426258598522	sample_2022120210011
HROV.vOTU44351	Responder_Status	Responder	-0.931160879546807	0.703395936268392	0.196273780210928	0.827414530314937	sample_2022120210011
HROV.vOTU03367	Responder_Status	Responder	0.429376590335834	0.324968396450292	0.197101610463524	0.829157239652033	sample_2022120210011
HROV.vOTU43358	Responder_Status	Responder	-1.06042042724974	0.803748917710689	0.197742075256996	0.830177073309451	sample_2022120210011
HROV.vOTU62131	Responder_Status	Responder	-0.556033716847532	0.421605508971834	0.197905246813768	0.830177073309451	sample_2022120210011
HROV.vOTU36813	Responder_Status	Responder	1.46662698477525	1.11181227887599	0.197811692810729	0.830177073309451	sample_2022120210011
HROV.vOTU01828	Responder_Status	Responder	-1.26398105561176	0.959298987688904	0.198314552305709	0.830491948323914	sample_2022120210011
HROV.vOTU74217	Responder_Status	Responder	0.606720365702219	0.460493959732961	0.198336558977573	0.830491948323914	sample_2022120210011
HROV.vOTU06106	Responder_Status	Responder	1.06728677639045	0.811134122766372	0.198914670309428	0.83102059538211	sample_2022120210011
HROV.vOTU69166	Responder_Status	Responder	1.12417079030982	0.854385557282605	0.198924767314563	0.83102059538211	sample_2022120210011
HROV.vOTU67940	Responder_Status	Responder	-0.93662150971057	0.712037724412471	0.199042502167424	0.831059156398985	sample_2022120210011
HROV.vOTU09255	Responder_Status	Responder	1.91524590653428	1.45940595280713	0.200060077304885	0.831465795667057	sample_2022120210011
HROV.vOTU61537	Responder_Status	Responder	0.866556628490014	0.660457322765888	0.200156865999475	0.831465795667057	sample_2022120210011
HROV.vOTU54379	Responder_Status	Responder	-0.475220518705268	0.362137397722296	0.200086849359698	0.831465795667057	sample_2022120210011
HROV.vOTU46324	Responder_Status	Responder	-0.830070301168218	0.63255277611248	0.200090568275331	0.831465795667057	sample_2022120210011
HROV.vOTU63450	Responder_Status	Responder	-0.422326073388568	0.32133587612466	0.199416553422964	0.831465795667057	sample_2022120210011
HROV.vOTU00181	Responder_Status	Responder	-0.483327413715274	0.368019979072358	0.199736748724982	0.831465795667057	sample_2022120210011
HROV.vOTU21886	Responder_Status	Responder	1.34613473643381	1.02687939822803	0.200542291031924	0.831595992821182	sample_2022120210011
HROV.vOTU37364	Responder_Status	Responder	1.05405078879459	0.804096031725869	0.200557861348179	0.831595992821182	sample_2022120210011
HROV.vOTU31714	Responder_Status	Responder	0.964351570074362	0.736094770658925	0.200811482351122	0.832316010581166	sample_2022120210011
HROV.vOTU64911	Responder_Status	Responder	1.73335839935201	1.32460306511186	0.201314112477117	0.833569375613925	sample_2022120210011
HROV.vOTU48854	Responder_Status	Responder	-0.83633151932395	0.639554585819389	0.201618234473658	0.833729533303445	sample_2022120210011
HROV.vOTU19378	Responder_Status	Responder	-1.71296992419713	1.31247014502305	0.202466083084942	0.834953318409135	sample_2022120210011
HROV.vOTU03562	Responder_Status	Responder	1.84843364515859	1.41691863697829	0.202669347538015	0.835358904753226	sample_2022120210011
HROV.vOTU49194	Responder_Status	Responder	-0.742390869296499	0.569622610103509	0.203087020079234	0.835921756565011	sample_2022120210011
HROV.vOTU51501	Responder_Status	Responder	-0.706436483572096	0.54212883904499	0.203162586563054	0.836067465264919	sample_2022120210011
HROV.vOTU52417	Responder_Status	Responder	-0.746938494532005	0.573679762036784	0.203521675267531	0.836688001418391	sample_2022120210011
HROV.vOTU51101	Responder_Status	Responder	-2.28837268960896	1.75855217313169	0.20376820300509	0.836688001418391	sample_2022120210011
HROV.vOTU03830	Responder_Status	Responder	0.600892804597223	0.461608510743631	0.203614806286246	0.836688001418391	sample_2022120210011
HROV.vOTU33361	Responder_Status	Responder	1.37445038414427	1.05704901432379	0.204109666307454	0.836852334628257	sample_2022120210011
HROV.vOTU12871	Responder_Status	Responder	-0.6384107200427	0.490904078704744	0.204039257768057	0.836852334628257	sample_2022120210011
HROV.vOTU24034	Responder_Status	Responder	1.52640552196129	1.17378827840895	0.204062902453895	0.836852334628257	sample_2022120210011
HROV.vOTU35828	Responder_Status	Responder	1.4170332006501	1.09054557604453	0.204410991259433	0.837232346136384	sample_2022120210011
HROV.vOTU46573	Responder_Status	Responder	-0.877554431731233	0.675956778619417	0.204796849652179	0.837257614946087	sample_2022120210011
HROV.vOTU72662	Responder_Status	Responder	0.69721030977356	0.536730946266812	0.204541629503142	0.837257614946087	sample_2022120210011
HROV.vOTU19199	Responder_Status	Responder	1.19628782231868	0.92170078473599	0.204907676814039	0.837257614946087	sample_2022120210011
HROV.vOTU48814	Responder_Status	Responder	1.3002875551471	1.00177531130308	0.204884016014032	0.837257614946087	sample_2022120210011
HROV.vOTU12936	Responder_Status	Responder	-0.428849360552256	0.330112470137199	0.204505513282487	0.837257614946087	sample_2022120210011
HROV.vOTU36564	Responder_Status	Responder	1.02569986335191	0.791204739419276	0.205428879074864	0.837456225937398	sample_2022120210011
HROV.vOTU43612	Responder_Status	Responder	0.925380021961487	0.713709830099823	0.205360934739187	0.837456225937398	sample_2022120210011
HROV.vOTU49836	Responder_Status	Responder	-0.882946460275805	0.68169574733413	0.205821970615573	0.838228197684043	sample_2022120210011
HROV.vOTU11438	Responder_Status	Responder	1.08772967835392	0.840158723636933	0.206008790629378	0.838294222858756	sample_2022120210011
HROV.vOTU19142	Responder_Status	Responder	-1.3058875775091	1.00867658254605	0.206014660266126	0.838294222858756	sample_2022120210011
HROV.vOTU19384	Responder_Status	Responder	0.812012544431872	0.627777867053509	0.206417711664123	0.838331426323418	sample_2022120210011
HROV.vOTU37143	Responder_Status	Responder	1.7040411687394	1.31775874193571	0.20653199875986	0.838331426323418	sample_2022120210011
HROV.vOTU31921	Responder_Status	Responder	1.19782506068436	0.926021517232741	0.206401895782508	0.838331426323418	sample_2022120210011
HROV.vOTU21634	Responder_Status	Responder	-0.979197335296734	0.757506885821508	0.206695031328753	0.838829611446284	sample_2022120210011
HROV.vOTU02921	Responder_Status	Responder	-0.530896949597798	0.411132131458238	0.207157130922857	0.839395694015819	sample_2022120210011
HROV.vOTU14873	Responder_Status	Responder	1.5001160673239	1.16239624591312	0.207419540159114	0.839700586865436	sample_2022120210011
HROV.vOTU06938	Responder_Status	Responder	1.04756206160322	0.812498514559052	0.207840050376628	0.840556932501182	sample_2022120210011
HROV.vOTU60823	Responder_Status	Responder	-1.27412546015692	0.988963464198698	0.208170997348448	0.841211281267317	sample_2022120210011
HROV.vOTU45888	Responder_Status	Responder	1.00662258729287	0.781274947340141	0.208139623412962	0.841211281267317	sample_2022120210011
HROV.vOTU69542	Responder_Status	Responder	-1.59394044064522	1.24137394243798	0.209661045039815	0.841371787625854	sample_2022120210011
HROV.vOTU29517	Responder_Status	Responder	-0.667063105936745	0.523601623100398	0.213140560194746	0.841371787625854	sample_2022120210011
HROV.vOTU19228	Responder_Status	Responder	0.833383164225519	0.647979160108103	0.208932976221434	0.841371787625854	sample_2022120210011
HROV.vOTU21580	Responder_Status	Responder	-0.577136720188776	0.453347927195345	0.213467377113663	0.841371787625854	sample_2022120210011
HROV.vOTU44591	Responder_Status	Responder	-1.30663478870159	1.02599881766136	0.213303078046539	0.841371787625854	sample_2022120210011
HROV.vOTU74508	Responder_Status	Responder	-0.963073600433103	0.748708909769473	0.208869001119273	0.841371787625854	sample_2022120210011
HROV.vOTU57540	Responder_Status	Responder	-1.10348173601103	0.859031052642222	0.209470529635307	0.841371787625854	sample_2022120210011
HROV.vOTU07258	Responder_Status	Responder	-0.664114302971345	0.520529412100107	0.212493602511665	0.841371787625854	sample_2022120210011
HROV.vOTU21661	Responder_Status	Responder	1.34235244993433	1.04733826417818	0.210467091137622	0.841371787625854	sample_2022120210011
HROV.vOTU07151	Responder_Status	Responder	1.1945275934042	0.927976992962599	0.208550701719026	0.841371787625854	sample_2022120210011
HROV.vOTU09229	Responder_Status	Responder	1.52569679082437	1.18978521722873	0.210242420902339	0.841371787625854	sample_2022120210011
HROV.vOTU11934	Responder_Status	Responder	1.80097307080353	1.40064283969295	0.209038815049882	0.841371787625854	sample_2022120210011
HROV.vOTU67153	Responder_Status	Responder	0.963982735306999	0.752579492262049	0.210735380122794	0.841371787625854	sample_2022120210011
HROV.vOTU08060	Responder_Status	Responder	1.57278347820676	1.23307838506225	0.212615762837217	0.841371787625854	sample_2022120210011
HROV.vOTU39425	Responder_Status	Responder	-1.17947899973679	0.919489380801618	0.210095624298996	0.841371787625854	sample_2022120210011
HROV.vOTU25966	Responder_Status	Responder	0.765592042913338	0.595974946333297	0.209457150547206	0.841371787625854	sample_2022120210011
HROV.vOTU59611	Responder_Status	Responder	-1.444798889296	1.13059906574485	0.21177601432119	0.841371787625854	sample_2022120210011
HROV.vOTU43584	Responder_Status	Responder	1.11792610821413	0.878145349483608	0.213467766221688	0.841371787625854	sample_2022120210011
HROV.vOTU60614	Responder_Status	Responder	-0.693804677545423	0.541538044070532	0.210642054312257	0.841371787625854	sample_2022120210011
HROV.vOTU34003	Responder_Status	Responder	-0.820908790790911	0.638079851354211	0.208794227985039	0.841371787625854	sample_2022120210011
HROV.vOTU50143	Responder_Status	Responder	-0.73158466812822	0.573668877179048	0.212692512939962	0.841371787625854	sample_2022120210011
HROV.vOTU48198	Responder_Status	Responder	-0.960318164985723	0.754213582064646	0.213391803785109	0.841371787625854	sample_2022120210011
HROV.vOTU72186	Responder_Status	Responder	1.49622729919521	1.17210907365701	0.212256123367667	0.841371787625854	sample_2022120210011
HROV.vOTU19800	Responder_Status	Responder	-1.2252079116457	0.962100297668462	0.213321438110125	0.841371787625854	sample_2022120210011
HROV.vOTU50165	Responder_Status	Responder	0.727151238548955	0.564698405291082	0.208398773363331	0.841371787625854	sample_2022120210011
HROV.vOTU15709	Responder_Status	Responder	1.44977567504102	1.13515780657323	0.212036077765311	0.841371787625854	sample_2022120210011
HROV.vOTU58926	Responder_Status	Responder	-0.880219166748235	0.69081775633477	0.213077653193125	0.841371787625854	sample_2022120210011
HROV.vOTU66410	Responder_Status	Responder	1.57717112266295	1.22707865769208	0.209215535189513	0.841371787625854	sample_2022120210011
HROV.vOTU39986	Responder_Status	Responder	0.908573695051771	0.709983685427232	0.211149256982582	0.841371787625854	sample_2022120210011
HROV.vOTU07407	Responder_Status	Responder	1.05093401851535	0.824906137083671	0.213135458643263	0.841371787625854	sample_2022120210011
HROV.vOTU73450	Responder_Status	Responder	0.784930499208713	0.613278002856644	0.211085868926449	0.841371787625854	sample_2022120210011
HROV.vOTU51003	Responder_Status	Responder	-0.434985875870504	0.340176737523603	0.211498088533061	0.841371787625854	sample_2022120210011
HROV.vOTU26832	Responder_Status	Responder	1.38213039076208	1.07732582119475	0.210035974926272	0.841371787625854	sample_2022120210011
HROV.vOTU11248	Responder_Status	Responder	-0.645257989343702	0.501921568668218	0.209122667114272	0.841371787625854	sample_2022120210011
HROV.vOTU45031	Responder_Status	Responder	0.68055356742718	0.530107769514884	0.209733787541108	0.841371787625854	sample_2022120210011
HROV.vOTU39835	Responder_Status	Responder	0.612913308555708	0.480392493034975	0.212488196999242	0.841371787625854	sample_2022120210011
HROV.vOTU65125	Responder_Status	Responder	0.508619080815367	0.398822592047336	0.212682691141043	0.841371787625854	sample_2022120210011
HROV.vOTU54655	Responder_Status	Responder	-1.02471580322337	0.796444814056113	0.208765838066563	0.841371787625854	sample_2022120210011
HROV.vOTU63664	Responder_Status	Responder	1.20837189809557	0.949529613133952	0.213626262557183	0.841527376065057	sample_2022120210011
HROV.vOTU73104	Responder_Status	Responder	-1.09476314150081	0.860365807965875	0.213682740856879	0.841590586742845	sample_2022120210011
HROV.vOTU69880	Responder_Status	Responder	-0.665939553964325	0.523479825635943	0.213787510971934	0.841843935089067	sample_2022120210011
HROV.vOTU27815	Responder_Status	Responder	-1.49498471360146	1.18071602128822	0.21588623948453	0.84259772001769	sample_2022120210011
HROV.vOTU71437	Responder_Status	Responder	-1.34072581599923	1.06261932380328	0.217460242706463	0.84259772001769	sample_2022120210011
HROV.vOTU30980	Responder_Status	Responder	-1.06575283662633	0.839410735971734	0.214662723249354	0.84259772001769	sample_2022120210011
HROV.vOTU04874	Responder_Status	Responder	-0.491568572720381	0.387246491079379	0.214750372331653	0.84259772001769	sample_2022120210011
HROV.vOTU44878	Responder_Status	Responder	0.884229553884151	0.698798360744416	0.216172333358096	0.84259772001769	sample_2022120210011
HROV.vOTU07688	Responder_Status	Responder	1.10169902723253	0.868948764315253	0.215292573372396	0.84259772001769	sample_2022120210011
HROV.vOTU31606	Responder_Status	Responder	0.764373372654231	0.603435652328192	0.215697771411364	0.84259772001769	sample_2022120210011
HROV.vOTU23941	Responder_Status	Responder	-1.3186534483794	1.03995699839308	0.215244794496814	0.84259772001769	sample_2022120210011
HROV.vOTU45720	Responder_Status	Responder	-1.45029353645952	1.14639036174375	0.216264683744501	0.84259772001769	sample_2022120210011
HROV.vOTU62126	Responder_Status	Responder	1.35533524083216	1.07412409148024	0.217429319246683	0.84259772001769	sample_2022120210011
HROV.vOTU61220	Responder_Status	Responder	0.626586231880431	0.494676322104166	0.215713049095724	0.84259772001769	sample_2022120210011
HROV.vOTU23225	Responder_Status	Responder	0.673426460447312	0.532018640366662	0.216017850586348	0.84259772001769	sample_2022120210011
HROV.vOTU49292	Responder_Status	Responder	1.14310601218245	0.90612918275629	0.21752812135601	0.84270386116236	sample_2022120210011
HROV.vOTU73249	Responder_Status	Responder	1.55298611832037	1.23177899782254	0.217797763844709	0.843277614290851	sample_2022120210011
HROV.vOTU30807	Responder_Status	Responder	-1.51753874812915	1.20420281700009	0.217998425073948	0.843434602031282	sample_2022120210011
HROV.vOTU08930	Responder_Status	Responder	-0.984653841170741	0.781362058206561	0.218007591203001	0.843434602031282	sample_2022120210011
HROV.vOTU59893	Responder_Status	Responder	1.17580644980709	0.933863507013523	0.218398308258452	0.843434602031282	sample_2022120210011
HROV.vOTU11240	Responder_Status	Responder	1.67618114060919	1.33264796128517	0.218859500927922	0.843434602031282	sample_2022120210011
HROV.vOTU50690	Responder_Status	Responder	0.889979154470348	0.70750608081569	0.218813932726926	0.843434602031282	sample_2022120210011
HROV.vOTU51632	Responder_Status	Responder	-0.474874812290549	0.376814028769124	0.21798613255125	0.843434602031282	sample_2022120210011
HROV.vOTU10545	Responder_Status	Responder	0.98522371484007	0.78208437473047	0.218162289826881	0.843434602031282	sample_2022120210011
HROV.vOTU18875	Responder_Status	Responder	1.2458360139313	0.992620360384744	0.21981776725557	0.844775435980895	sample_2022120210011
HROV.vOTU31580	Responder_Status	Responder	0.760360343801743	0.605682542300551	0.21971784023352	0.844775435980895	sample_2022120210011
HROV.vOTU64574	Responder_Status	Responder	-1.30700716794016	1.04086977561842	0.219607109143711	0.844775435980895	sample_2022120210011
HROV.vOTU16097	Responder_Status	Responder	1.08845294390508	0.866729454470773	0.219561102343265	0.844775435980895	sample_2022120210011
HROV.vOTU56526	Responder_Status	Responder	-1.23479229906433	0.984558767831718	0.220154149046195	0.845145915062339	sample_2022120210011
HROV.vOTU26829	Responder_Status	Responder	0.910102108271883	0.725885411453984	0.220288784038753	0.845145915062339	sample_2022120210011
HROV.vOTU46022	Responder_Status	Responder	1.45103357455018	1.15842764122488	0.220716463813542	0.845145915062339	sample_2022120210011
HROV.vOTU07046	Responder_Status	Responder	0.662101855751406	0.528570939338074	0.220703042368772	0.845145915062339	sample_2022120210011
HROV.vOTU53592	Responder_Status	Responder	-0.412863233289988	0.329434054225373	0.220479410757982	0.845145915062339	sample_2022120210011
HROV.vOTU46976	Responder_Status	Responder	0.43607265655124	0.348037059751961	0.220587346464054	0.845145915062339	sample_2022120210011
HROV.vOTU34240	Responder_Status	Responder	1.41634570812117	1.13129199221508	0.22093787884856	0.845431054424572	sample_2022120210011
HROV.vOTU55704	Responder_Status	Responder	0.311182441857053	0.248624154013612	0.221064956688271	0.845702457905966	sample_2022120210011
HROV.vOTU51416	Responder_Status	Responder	-0.641122423336889	0.512894420612623	0.22164347766313	0.846670762994688	sample_2022120210011
HROV.vOTU66467	Responder_Status	Responder	-1.10913427041973	0.888904020980638	0.222455580737433	0.8469092565224	sample_2022120210011
HROV.vOTU47141	Responder_Status	Responder	-1.32170719212128	1.0620048051958	0.2236179570235	0.8469092565224	sample_2022120210011
HROV.vOTU24409	Responder_Status	Responder	-1.37245439185468	1.10233287460037	0.223434867519632	0.8469092565224	sample_2022120210011
HROV.vOTU41678	Responder_Status	Responder	0.631564253964695	0.506991076106888	0.223194048591429	0.8469092565224	sample_2022120210011
HROV.vOTU13650	Responder_Status	Responder	0.855403521113132	0.684990766014495	0.222085498811923	0.8469092565224	sample_2022120210011
HROV.vOTU33387	Responder_Status	Responder	-0.50553601031534	0.406172075229879	0.223583427416293	0.8469092565224	sample_2022120210011
HROV.vOTU50809	Responder_Status	Responder	0.940840025712446	0.753015629338613	0.22185188234123	0.8469092565224	sample_2022120210011
HROV.vOTU47351	Responder_Status	Responder	0.775213110719792	0.62245529527215	0.223302257328267	0.8469092565224	sample_2022120210011
HROV.vOTU64808	Responder_Status	Responder	1.5787083718009	1.26879994404276	0.223721782769731	0.8469092565224	sample_2022120210011
HROV.vOTU09011	Responder_Status	Responder	1.5361448676319	1.22977323977828	0.22196031084083	0.8469092565224	sample_2022120210011
HROV.vOTU73633	Responder_Status	Responder	0.383003191834297	0.306598466886324	0.221934120475381	0.8469092565224	sample_2022120210011
HROV.vOTU21204	Responder_Status	Responder	-0.934238127886739	0.751205697135528	0.223939883173457	0.847048640424405	sample_2022120210011
HROV.vOTU01875	Responder_Status	Responder	1.07437930858947	0.864625861302185	0.22432347611225	0.847957382992123	sample_2022120210011
HROV.vOTU68414	Responder_Status	Responder	0.702322067353799	0.565544649573614	0.224593637488842	0.848519960075247	sample_2022120210011
HROV.vOTU74065	Responder_Status	Responder	0.925271689508255	0.745466155174044	0.22483069433871	0.848875549185607	sample_2022120210011
HROV.vOTU07548	Responder_Status	Responder	-1.8085020418696	1.45859137595882	0.225304828112195	0.848916756782373	sample_2022120210011
HROV.vOTU66623	Responder_Status	Responder	0.683096331292552	0.550589801370558	0.225025683114374	0.848916756782373	sample_2022120210011
HROV.vOTU47271	Responder_Status	Responder	1.44739275357219	1.16655835795011	0.224998510251343	0.848916756782373	sample_2022120210011
HROV.vOTU37099	Responder_Status	Responder	0.734048285451014	0.592058259321861	0.225331015192054	0.848916756782373	sample_2022120210011
HROV.vOTU26728	Responder_Status	Responder	-0.396404804724496	0.319684517639821	0.225271604187952	0.848916756782373	sample_2022120210011
HROV.vOTU70425	Responder_Status	Responder	0.814774891851474	0.656637850944746	0.224965448046341	0.848916756782373	sample_2022120210011
HROV.vOTU51929	Responder_Status	Responder	-1.50050576609672	1.21058668492009	0.225454182974678	0.849227075392314	sample_2022120210011
HROV.vOTU66841	Responder_Status	Responder	-1.01067469006064	0.815569657217396	0.225549315520329	0.849270383144972	sample_2022120210011
HROV.vOTU67290	Responder_Status	Responder	-0.54101084185911	0.437096988444963	0.22609273959982	0.850093998332777	sample_2022120210011
HROV.vOTU60343	Responder_Status	Responder	-1.88984396455432	1.52749638467245	0.226282636579984	0.850347189097737	sample_2022120210011
HROV.vOTU43365	Responder_Status	Responder	-1.10997918482628	0.897328103804085	0.226368221452894	0.850361763136975	sample_2022120210011
HROV.vOTU72241	Responder_Status	Responder	-0.790429413362495	0.639525930750286	0.226741750465654	0.850735775717127	sample_2022120210011
HROV.vOTU01838	Responder_Status	Responder	-0.957262608411437	0.776763171048107	0.228057885640734	0.851645078779546	sample_2022120210011
HROV.vOTU28978	Responder_Status	Responder	0.79761093792257	0.647358641545625	0.228158376063118	0.851645078779546	sample_2022120210011
HROV.vOTU61992	Responder_Status	Responder	0.780048567991012	0.63243865580413	0.227681587409907	0.851645078779546	sample_2022120210011
HROV.vOTU36599	Responder_Status	Responder	-1.34606868916752	1.09206430324656	0.227978036122506	0.851645078779546	sample_2022120210011
HROV.vOTU74149	Responder_Status	Responder	-0.733401635900351	0.595052098961445	0.228011551738734	0.851645078779546	sample_2022120210011
HROV.vOTU39970	Responder_Status	Responder	1.88938686317446	1.53254470241754	0.227885480898254	0.851645078779546	sample_2022120210011
HROV.vOTU13532	Responder_Status	Responder	0.770397865042883	0.625593073456337	0.228391090977481	0.852116966964738	sample_2022120210011
HROV.vOTU11852	Responder_Status	Responder	-0.629701730760056	0.511668156590292	0.228679850025458	0.852184312820152	sample_2022120210011
HROV.vOTU23169	Responder_Status	Responder	0.998224960720397	0.811435468886915	0.228859491168131	0.852184312820152	sample_2022120210011
HROV.vOTU40737	Responder_Status	Responder	0.846148071256687	0.687718285331445	0.228795424151587	0.852184312820152	sample_2022120210011
HROV.vOTU60746	Responder_Status	Responder	-0.848129163155421	0.689255738032159	0.228747596093231	0.852184312820152	sample_2022120210011
HROV.vOTU35709	Responder_Status	Responder	0.862556256361314	0.700890039008049	0.228689199350364	0.852184312820152	sample_2022120210011
HROV.vOTU05778	Responder_Status	Responder	-0.457652551413459	0.372907701452825	0.229945952340426	0.852435985294892	sample_2022120210011
HROV.vOTU50049	Responder_Status	Responder	-1.20229792771822	0.981675702305596	0.230877293556931	0.852435985294892	sample_2022120210011
HROV.vOTU28078	Responder_Status	Responder	-0.581401346353486	0.473795751725404	0.229997871708496	0.852435985294892	sample_2022120210011
HROV.vOTU05127	Responder_Status	Responder	-1.24141169182009	1.0106637050769	0.229554408151408	0.852435985294892	sample_2022120210011
HROV.vOTU43810	Responder_Status	Responder	1.86841313252908	1.5220745863002	0.229838868827774	0.852435985294892	sample_2022120210011
HROV.vOTU18411	Responder_Status	Responder	1.30566757508366	1.06255649815636	0.2293752954228	0.852435985294892	sample_2022120210011
HROV.vOTU23522	Responder_Status	Responder	0.739772682646049	0.603943683409315	0.23081682395442	0.852435985294892	sample_2022120210011
HROV.vOTU31912	Responder_Status	Responder	-1.19995982511073	0.980387372256276	0.231165158875375	0.852435985294892	sample_2022120210011
HROV.vOTU20022	Responder_Status	Responder	-0.784002461011975	0.639852241537476	0.230674655176287	0.852435985294892	sample_2022120210011
HROV.vOTU41906	Responder_Status	Responder	1.26079593869259	1.02593982958768	0.229331079584489	0.852435985294892	sample_2022120210011
HROV.vOTU68484	Responder_Status	Responder	0.746156997771239	0.609597716322052	0.231146435784666	0.852435985294892	sample_2022120210011
HROV.vOTU31817	Responder_Status	Responder	0.856499553392336	0.698532579175212	0.230357983262248	0.852435985294892	sample_2022120210011
HROV.vOTU07517	Responder_Status	Responder	1.00658288203131	0.823631100086593	0.231848060708167	0.852936971304437	sample_2022120210011
HROV.vOTU34787	Responder_Status	Responder	1.18101469668958	0.966600080077704	0.231961536030334	0.852977060654219	sample_2022120210011
HROV.vOTU71904	Responder_Status	Responder	-1.42628139667714	1.16783608789488	0.232155513131918	0.852977060654219	sample_2022120210011
HROV.vOTU18349	Responder_Status	Responder	-0.501562180505289	0.410743229303078	0.232227768567257	0.852977060654219	sample_2022120210011
HROV.vOTU14822	Responder_Status	Responder	0.896196936124341	0.733846409806537	0.232181755467934	0.852977060654219	sample_2022120210011
HROV.vOTU26340	Responder_Status	Responder	1.11917749613523	0.917254124129394	0.232589424061519	0.853026848721281	sample_2022120210011
HROV.vOTU64997	Responder_Status	Responder	0.888971669207452	0.728969770917872	0.232831489073441	0.853026848721281	sample_2022120210011
HROV.vOTU03587	Responder_Status	Responder	-1.14652843135543	0.93939257102529	0.232454825987979	0.853026848721281	sample_2022120210011
HROV.vOTU37401	Responder_Status	Responder	0.80971665459984	0.663883489047844	0.232765641786252	0.853026848721281	sample_2022120210011
HROV.vOTU12202	Responder_Status	Responder	-1.37368997787748	1.12764691268198	0.233316865038267	0.853167040697935	sample_2022120210011
HROV.vOTU36919	Responder_Status	Responder	-1.40675003180545	1.15655980430858	0.23401655308485	0.853971695733023	sample_2022120210011
HROV.vOTU33246	Responder_Status	Responder	0.768313631952781	0.631526387071125	0.233913473714417	0.853971695733023	sample_2022120210011
HROV.vOTU51131	Responder_Status	Responder	0.490340828917102	0.403126369651156	0.234008144280395	0.853971695733023	sample_2022120210011
HROV.vOTU37802	Responder_Status	Responder	-1.79292043188232	1.47479456809715	0.234246846650116	0.854008429088915	sample_2022120210011
HROV.vOTU30770	Responder_Status	Responder	0.715740335296094	0.589066507498918	0.234497119843165	0.854078311379786	sample_2022120210011
HROV.vOTU39286	Responder_Status	Responder	-1.52564282110509	1.25614022452373	0.234682418701152	0.854454179685933	sample_2022120210011
HROV.vOTU27485	Responder_Status	Responder	0.721661979588654	0.594461711330839	0.234897584253837	0.854789023818815	sample_2022120210011
HROV.vOTU43068	Responder_Status	Responder	-1.42014175333814	1.16979984047183	0.234886866847467	0.854789023818815	sample_2022120210011
HROV.vOTU43885	Responder_Status	Responder	1.29064828979433	1.06385159622072	0.235195051016728	0.855093106271538	sample_2022120210011
HROV.vOTU61440	Responder_Status	Responder	0.780237629004515	0.644819786169036	0.236392113926837	0.855093106271538	sample_2022120210011
HROV.vOTU34659	Responder_Status	Responder	-1.01030666836993	0.833303774137463	0.235486205350577	0.855093106271538	sample_2022120210011
HROV.vOTU72168	Responder_Status	Responder	-0.745353916548099	0.615167664411317	0.235781482794186	0.855093106271538	sample_2022120210011
HROV.vOTU32961	Responder_Status	Responder	1.02501400957741	0.846318003037879	0.235963231154639	0.855093106271538	sample_2022120210011
HROV.vOTU63604	Responder_Status	Responder	-0.291164072593998	0.240436954046173	0.236025975694378	0.855093106271538	sample_2022120210011
HROV.vOTU26712	Responder_Status	Responder	-1.18916406818414	0.983289158569848	0.23663205543559	0.855566481481987	sample_2022120210011
HROV.vOTU32087	Responder_Status	Responder	1.54867098347947	1.28068453184031	0.236677869926068	0.855583512072091	sample_2022120210011
HROV.vOTU26654	Responder_Status	Responder	-0.569998842603318	0.471624202039135	0.236929560600811	0.856184757233139	sample_2022120210011
HROV.vOTU07805	Responder_Status	Responder	1.30964771837953	1.084280608639	0.23720867357468	0.856278578608139	sample_2022120210011
HROV.vOTU63216	Responder_Status	Responder	1.01380161307149	0.839157818053298	0.237107025640175	0.856278578608139	sample_2022120210011
HROV.vOTU46996	Responder_Status	Responder	1.31860794399275	1.09273829686754	0.237643958393764	0.85639871779193	sample_2022120210011
HROV.vOTU66452	Responder_Status	Responder	1.16099122394979	0.96222439244943	0.23769341917293	0.856428686183927	sample_2022120210011
HROV.vOTU07154	Responder_Status	Responder	1.01179001992373	0.839710879538712	0.238317249419369	0.856892466609095	sample_2022120210011
HROV.vOTU68419	Responder_Status	Responder	-0.547265612930328	0.454345015376204	0.23847350427563	0.856892466609095	sample_2022120210011
HROV.vOTU48193	Responder_Status	Responder	1.4301955644814	1.18664811297955	0.238198282869553	0.856892466609095	sample_2022120210011
HROV.vOTU34202	Responder_Status	Responder	0.500096253525203	0.416539022707402	0.239965824887221	0.857995635709382	sample_2022120210011
HROV.vOTU12769	Responder_Status	Responder	0.568647245308081	0.473739486488773	0.240065653729111	0.857995635709382	sample_2022120210011
HROV.vOTU14148	Responder_Status	Responder	1.89535135113717	1.57977439974082	0.240286028980751	0.858037840944159	sample_2022120210011
HROV.vOTU22923	Responder_Status	Responder	-0.814586428729482	0.679647318372702	0.240751951324497	0.858956238600047	sample_2022120210011
HROV.vOTU59291	Responder_Status	Responder	-1.10293915238615	0.92126659484071	0.241266942830694	0.859632217566054	sample_2022120210011
HROV.vOTU64708	Responder_Status	Responder	1.0725858039451	0.896188262231926	0.241407994269366	0.859663552633341	sample_2022120210011
HROV.vOTU69117	Responder_Status	Responder	-0.595767162364843	0.497961346867819	0.241568546479261	0.859823750849149	sample_2022120210011
HROV.vOTU06937	Responder_Status	Responder	0.578152066225697	0.483667923621268	0.241976874103835	0.859953243883355	sample_2022120210011
HROV.vOTU03100	Responder_Status	Responder	0.698588905573652	0.584170831363313	0.241779085538672	0.859953243883355	sample_2022120210011
HROV.vOTU52476	Responder_Status	Responder	-1.50524429244199	1.25958958395344	0.242100487890257	0.860099275547995	sample_2022120210011
HROV.vOTU60571	Responder_Status	Responder	1.23369206551849	1.03460621424534	0.243101849491959	0.861885562469891	sample_2022120210011
HROV.vOTU47915	Responder_Status	Responder	0.709164806989835	0.594764713545217	0.243133302768777	0.861885562469891	sample_2022120210011
HROV.vOTU58813	Responder_Status	Responder	-0.716595386103975	0.60149465294973	0.243514244193391	0.861885562469891	sample_2022120210011
HROV.vOTU23857	Responder_Status	Responder	0.763040495956641	0.640348363946941	0.243419938968714	0.861885562469891	sample_2022120210011
HROV.vOTU47257	Responder_Status	Responder	1.370577259204	1.15143328847137	0.243914118950791	0.862498534091459	sample_2022120210011
HROV.vOTU74209	Responder_Status	Responder	0.473261481013935	0.398151882501517	0.244563069638055	0.86297138341545	sample_2022120210011
HROV.vOTU02798	Responder_Status	Responder	1.18725490109016	0.998669935628367	0.244489281322481	0.86297138341545	sample_2022120210011
HROV.vOTU23600	Responder_Status	Responder	-0.963209763457209	0.811601695623508	0.245278246506965	0.863255861188969	sample_2022120210011
HROV.vOTU62383	Responder_Status	Responder	-0.754621777863301	0.635481210850968	0.245014490885404	0.863255861188969	sample_2022120210011
HROV.vOTU11379	Responder_Status	Responder	-0.606702400503071	0.511472179925025	0.245516114807781	0.863255861188969	sample_2022120210011
HROV.vOTU32409	Responder_Status	Responder	0.532309482501478	0.448494886393554	0.245247723576796	0.863255861188969	sample_2022120210011
HROV.vOTU14997	Responder_Status	Responder	0.906071484440076	0.763627803938049	0.245381351574303	0.863255861188969	sample_2022120210011
HROV.vOTU65887	Responder_Status	Responder	-1.48329253907153	1.25163502018432	0.245945427197036	0.863299373671406	sample_2022120210011
HROV.vOTU05795	Responder_Status	Responder	-0.84323121300099	0.711576353422604	0.245970834573129	0.863299373671406	sample_2022120210011
HROV.vOTU22913	Responder_Status	Responder	-0.202117271425883	0.170558504903619	0.245965655598379	0.863299373671406	sample_2022120210011
HROV.vOTU37604	Responder_Status	Responder	1.02020064823937	0.861137111855052	0.246089577872973	0.863353788124652	sample_2022120210011
HROV.vOTU26869	Responder_Status	Responder	-0.751951582468888	0.635097543682936	0.246369660728465	0.86405804348155	sample_2022120210011
HROV.vOTU50896	Responder_Status	Responder	-1.30910878859241	1.11067337623031	0.248452383355544	0.864094366928625	sample_2022120210011
HROV.vOTU38298	Responder_Status	Responder	-1.11552675509652	0.945602113038737	0.248046010527889	0.864094366928625	sample_2022120210011
HROV.vOTU65601	Responder_Status	Responder	-0.738943178730085	0.625536376420531	0.247422200082933	0.864094366928625	sample_2022120210011
HROV.vOTU34791	Responder_Status	Responder	-0.620511170691248	0.524834713455477	0.247030616321487	0.864094366928625	sample_2022120210011
HROV.vOTU09968	Responder_Status	Responder	-0.965436210486928	0.818339706589433	0.248026446165615	0.864094366928625	sample_2022120210011
HROV.vOTU09774	Responder_Status	Responder	-0.487664403782803	0.41343668065938	0.24810927460846	0.864094366928625	sample_2022120210011
HROV.vOTU49510	Responder_Status	Responder	-1.07150810826506	0.907072768360123	0.247427663586193	0.864094366928625	sample_2022120210011
HROV.vOTU20111	Responder_Status	Responder	1.3635013398677	1.15280752326384	0.246848225934912	0.864094366928625	sample_2022120210011
HROV.vOTU04006	Responder_Status	Responder	0.730603407237655	0.618484275566734	0.247427984553376	0.864094366928625	sample_2022120210011
HROV.vOTU74625	Responder_Status	Responder	0.396509232050616	0.336091620227832	0.248020429518675	0.864094366928625	sample_2022120210011
HROV.vOTU59173	Responder_Status	Responder	1.08559668416448	0.922422493702355	0.249144635721508	0.864624024664636	sample_2022120210011
HROV.vOTU74285	Responder_Status	Responder	1.0371012335203	0.881222661159305	0.249147965406605	0.864624024664636	sample_2022120210011
HROV.vOTU43804	Responder_Status	Responder	1.15573841001236	0.9821286432808	0.249195130315307	0.864643546843328	sample_2022120210011
HROV.vOTU26471	Responder_Status	Responder	-0.532301253379418	0.452563052189669	0.24942156659393	0.865284984775443	sample_2022120210011
HROV.vOTU34620	Responder_Status	Responder	1.58160584778888	1.34507790222949	0.249557346163285	0.865611758105113	sample_2022120210011
HROV.vOTU43965	Responder_Status	Responder	1.70795011043878	1.4531839957112	0.249766253745443	0.865830882191576	sample_2022120210011
HROV.vOTU35711	Responder_Status	Responder	0.753757772326898	0.641698521525543	0.250036484883669	0.865830882191576	sample_2022120210011
HROV.vOTU35300	Responder_Status	Responder	1.07635532790346	0.916642957278832	0.25019121766346	0.865960841841225	sample_2022120210011
HROV.vOTU15369	Responder_Status	Responder	0.748125732679693	0.637476461915307	0.250452175358175	0.865973759149569	sample_2022120210011
HROV.vOTU60122	Responder_Status	Responder	1.31453906432068	1.1200243853125	0.250414278860849	0.865973759149569	sample_2022120210011
HROV.vOTU53287	Responder_Status	Responder	-0.415005389312387	0.353967326692221	0.250899490007848	0.865982184265851	sample_2022120210011
HROV.vOTU19387	Responder_Status	Responder	1.32712708444777	1.13235229697349	0.251069573650053	0.865982184265851	sample_2022120210011
HROV.vOTU46602	Responder_Status	Responder	1.14304939018546	0.976331516218717	0.251563347153314	0.865982184265851	sample_2022120210011
HROV.vOTU42481	Responder_Status	Responder	0.868965490430913	0.741921739947109	0.251374938463412	0.865982184265851	sample_2022120210011
HROV.vOTU12428	Responder_Status	Responder	-0.669918053055915	0.571667105824011	0.251125489290566	0.865982184265851	sample_2022120210011
HROV.vOTU17592	Responder_Status	Responder	0.838349518949822	0.714694832451791	0.250671576014441	0.865982184265851	sample_2022120210011
HROV.vOTU47122	Responder_Status	Responder	-0.698224555738228	0.596713874237872	0.251817847992991	0.866181635137246	sample_2022120210011
HROV.vOTU16167	Responder_Status	Responder	0.35158737808687	0.300514539609347	0.251883101500684	0.866181635137246	sample_2022120210011
HROV.vOTU07335	Responder_Status	Responder	0.413657607803406	0.353563679787511	0.251877146842996	0.866181635137246	sample_2022120210011
HROV.vOTU08541	Responder_Status	Responder	-0.821145783121338	0.702951190234917	0.252600605234416	0.866701993005356	sample_2022120210011
HROV.vOTU30867	Responder_Status	Responder	0.721099457846344	0.617230864441377	0.252544659969179	0.866701993005356	sample_2022120210011
HROV.vOTU26399	Responder_Status	Responder	-0.712434374141499	0.610294039844588	0.25290936049052	0.866980951681516	sample_2022120210011
HROV.vOTU49981	Responder_Status	Responder	1.10456301747129	0.94658550304528	0.25309621876317	0.8671930524371	sample_2022120210011
HROV.vOTU08400	Responder_Status	Responder	-0.497747275295064	0.426608408689342	0.253150832993613	0.867237136547664	sample_2022120210011
HROV.vOTU60965	Responder_Status	Responder	-0.987322243151508	0.846364483786092	0.253234077152856	0.867237136547664	sample_2022120210011
HROV.vOTU29721	Responder_Status	Responder	1.03015957534182	0.883064477562395	0.253222764744977	0.867237136547664	sample_2022120210011
HROV.vOTU57374	Responder_Status	Responder	-1.67487773025799	1.44349169270269	0.25572626826578	0.867255019183551	sample_2022120210011
HROV.vOTU35796	Responder_Status	Responder	1.20933350132074	1.04092113638626	0.255128163411863	0.867255019183551	sample_2022120210011
HROV.vOTU61919	Responder_Status	Responder	-0.929177886440044	0.796686993500347	0.2533305235244	0.867255019183551	sample_2022120210011
HROV.vOTU53179	Responder_Status	Responder	1.33606500474698	1.15709266301035	0.257983704034992	0.867255019183551	sample_2022120210011
HROV.vOTU27690	Responder_Status	Responder	-1.01416346819589	0.869944671725677	0.253538495027862	0.867255019183551	sample_2022120210011
HROV.vOTU21405	Responder_Status	Responder	0.597209165774648	0.51323920014851	0.254403231340848	0.867255019183551	sample_2022120210011
HROV.vOTU48984	Responder_Status	Responder	0.476234287949273	0.411825754724609	0.257290152737487	0.867255019183551	sample_2022120210011
HROV.vOTU03657	Responder_Status	Responder	1.46918221181083	1.27287417510772	0.258165001154145	0.867255019183551	sample_2022120210011
HROV.vOTU55097	Responder_Status	Responder	1.07925252629584	0.934854797555399	0.258069963393234	0.867255019183551	sample_2022120210011
HROV.vOTU01747	Responder_Status	Responder	1.2551001464232	1.08138097885115	0.255586367500044	0.867255019183551	sample_2022120210011
HROV.vOTU16108	Responder_Status	Responder	-0.83039216273463	0.719382286018959	0.258129314778409	0.867255019183551	sample_2022120210011
HROV.vOTU66985	Responder_Status	Responder	-0.877554041015922	0.759369900531697	0.257597067147789	0.867255019183551	sample_2022120210011
HROV.vOTU20326	Responder_Status	Responder	0.708105829487177	0.610612535418483	0.255979047319126	0.867255019183551	sample_2022120210011
HROV.vOTU01119	Responder_Status	Responder	0.661275384417165	0.568396855921226	0.254484379023443	0.867255019183551	sample_2022120210011
HROV.vOTU74797	Responder_Status	Responder	0.532392649556583	0.458148533699777	0.255023958091965	0.867255019183551	sample_2022120210011
HROV.vOTU56260	Responder_Status	Responder	1.45225085648979	1.24940463695397	0.254903425169419	0.867255019183551	sample_2022120210011
HROV.vOTU75194	Responder_Status	Responder	0.922403801089307	0.798861657336009	0.257994352290455	0.867255019183551	sample_2022120210011
HROV.vOTU01659	Responder_Status	Responder	-0.225759383994244	0.195068968191004	0.256915019305267	0.867255019183551	sample_2022120210011
HROV.vOTU56492	Responder_Status	Responder	1.03116077896492	0.892089265905796	0.257492586729883	0.867255019183551	sample_2022120210011
HROV.vOTU13792	Responder_Status	Responder	0.266234741291997	0.230543292666434	0.25792716973515	0.867255019183551	sample_2022120210011
HROV.vOTU16803	Responder_Status	Responder	-0.966420439018225	0.837565833919324	0.258318221033124	0.867380830908932	sample_2022120210011
HROV.vOTU04146	Responder_Status	Responder	0.67434805832318	0.58481448022919	0.258619450893614	0.867472732566708	sample_2022120210011
HROV.vOTU04156	Responder_Status	Responder	-1.08062209364259	0.93799771889887	0.259041608909586	0.867472732566708	sample_2022120210011
HROV.vOTU27399	Responder_Status	Responder	-1.15223040506338	1.00111700714511	0.25948922572814	0.867472732566708	sample_2022120210011
HROV.vOTU29703	Responder_Status	Responder	0.367282233798742	0.319126057907273	0.25950727850003	0.867472732566708	sample_2022120210011
HROV.vOTU04775	Responder_Status	Responder	-1.02458090301584	0.892028754127976	0.260440591485228	0.86834389104037	sample_2022120210011
HROV.vOTU59175	Responder_Status	Responder	1.18402242517014	1.0310652276676	0.260541025191682	0.868407059130923	sample_2022120210011
HROV.vOTU50288	Responder_Status	Responder	0.60217155302989	0.524483155544343	0.260632325214958	0.868407059130923	sample_2022120210011
HROV.vOTU14671	Responder_Status	Responder	0.883005781891446	0.7704639000875	0.261466686268193	0.868665069461004	sample_2022120210011
HROV.vOTU22520	Responder_Status	Responder	0.949430745500365	0.827769855941915	0.261099126546793	0.868665069461004	sample_2022120210011
HROV.vOTU73925	Responder_Status	Responder	1.11146855775251	0.970466633425976	0.261783058768778	0.868665069461004	sample_2022120210011
HROV.vOTU28965	Responder_Status	Responder	-0.663887136258734	0.57889788607469	0.261165019648437	0.868665069461004	sample_2022120210011
HROV.vOTU49084	Responder_Status	Responder	0.710782001346575	0.62014713688064	0.261434023647163	0.868665069461004	sample_2022120210011
HROV.vOTU74254	Responder_Status	Responder	0.5513226651179	0.481382947594611	0.261784592465268	0.868665069461004	sample_2022120210011
HROV.vOTU33455	Responder_Status	Responder	-0.401372142505054	0.350357191354624	0.261654628069523	0.868665069461004	sample_2022120210011
HROV.vOTU30746	Responder_Status	Responder	0.71762146839286	0.625878951310677	0.261258628774111	0.868665069461004	sample_2022120210011
HROV.vOTU07600	Responder_Status	Responder	1.69777344223177	1.48387817919913	0.26225029131267	0.868767496395837	sample_2022120210011
HROV.vOTU22540	Responder_Status	Responder	1.70856361250418	1.49335818041222	0.262265671372148	0.868767496395837	sample_2022120210011
HROV.vOTU74826	Responder_Status	Responder	0.392453547954443	0.343494092810353	0.262908280415975	0.869715445725766	sample_2022120210011
HROV.vOTU06146	Responder_Status	Responder	0.918052927064837	0.803584637656722	0.262943623891555	0.869715445725766	sample_2022120210011
HROV.vOTU66684	Responder_Status	Responder	-1.57563272238421	1.38289367114938	0.264201177504469	0.872081749089046	sample_2022120210011
HROV.vOTU61921	Responder_Status	Responder	-1.87528104536597	1.64911457392156	0.265116195544969	0.872519603553014	sample_2022120210011
HROV.vOTU30351	Responder_Status	Responder	1.28890584966312	1.13572628598895	0.266050392325137	0.872519603553014	sample_2022120210011
HROV.vOTU20596	Responder_Status	Responder	1.00362572224281	0.883571499089612	0.265638592910138	0.872519603553014	sample_2022120210011
HROV.vOTU48450	Responder_Status	Responder	1.30866886999689	1.15170775784401	0.265469200968752	0.872519603553014	sample_2022120210011
HROV.vOTU04125	Responder_Status	Responder	0.876884273642078	0.770059506229592	0.264468108713869	0.872519603553014	sample_2022120210011
HROV.vOTU14994	Responder_Status	Responder	0.992143978629603	0.874347816173396	0.266111805665571	0.872519603553014	sample_2022120210011
HROV.vOTU27008	Responder_Status	Responder	0.625623119879955	0.550581913669281	0.265465575105179	0.872519603553014	sample_2022120210011
HROV.vOTU69480	Responder_Status	Responder	1.11532157686673	0.983231914576599	0.266269353145835	0.872818359957567	sample_2022120210011
HROV.vOTU28591	Responder_Status	Responder	1.39944321074776	1.23413955237176	0.266434231630459	0.872946408214704	sample_2022120210011
HROV.vOTU08280	Responder_Status	Responder	-0.937450011380465	0.827842422271627	0.26707026234208	0.873068544150363	sample_2022120210011
HROV.vOTU02501	Responder_Status	Responder	0.841964686441678	0.744110228042468	0.267440677691646	0.873068544150363	sample_2022120210011
HROV.vOTU12384	Responder_Status	Responder	-0.581856848806795	0.515174374055669	0.268297108774737	0.873068544150363	sample_2022120210011
HROV.vOTU73241	Responder_Status	Responder	-1.01387452203305	0.89554268056912	0.267180698297169	0.873068544150363	sample_2022120210011
HROV.vOTU20618	Responder_Status	Responder	-0.556128738315044	0.491638587155151	0.267577758182925	0.873068544150363	sample_2022120210011
HROV.vOTU29218	Responder_Status	Responder	-0.172653074110973	0.152467288120753	0.267073279744816	0.873068544150363	sample_2022120210011
HROV.vOTU51286	Responder_Status	Responder	0.980006141729661	0.865198329941122	0.266948885498808	0.873068544150363	sample_2022120210011
HROV.vOTU15056	Responder_Status	Responder	-1.3636208722383	1.20809612675069	0.26858790563843	0.873105445250117	sample_2022120210011
HROV.vOTU60459	Responder_Status	Responder	1.27304281524325	1.12785264027104	0.268589521243123	0.873105445250117	sample_2022120210011
HROV.vOTU70738	Responder_Status	Responder	-0.829730535557535	0.735818560755007	0.269047038394203	0.873821728100895	sample_2022120210011
HROV.vOTU53328	Responder_Status	Responder	-0.688822981488044	0.611514794310941	0.269549285271698	0.873821728100895	sample_2022120210011
HROV.vOTU65540	Responder_Status	Responder	1.14578667352055	1.01793061853791	0.269889179225417	0.873821728100895	sample_2022120210011
HROV.vOTU48934	Responder_Status	Responder	0.756617952056148	0.670955373231747	0.269029060059065	0.873821728100895	sample_2022120210011
HROV.vOTU62616	Responder_Status	Responder	1.12358716160887	0.997884950734631	0.269737379562983	0.873821728100895	sample_2022120210011
HROV.vOTU10057	Responder_Status	Responder	1.35064347341034	1.19952615047944	0.269732299717296	0.873821728100895	sample_2022120210011
HROV.vOTU03133	Responder_Status	Responder	0.959696142994308	0.852124115495387	0.269624543141718	0.873821728100895	sample_2022120210011
HROV.vOTU69010	Responder_Status	Responder	0.841699210426881	0.748126052852309	0.270108689560824	0.873821728100895	sample_2022120210011
HROV.vOTU65027	Responder_Status	Responder	1.39782768642224	1.24193243511844	0.269921460089516	0.873821728100895	sample_2022120210011
HROV.vOTU53340	Responder_Status	Responder	0.619231134405164	0.550018388058169	0.269792096881983	0.873821728100895	sample_2022120210011
HROV.vOTU48417	Responder_Status	Responder	-0.379808560679452	0.33712640411523	0.269472353899493	0.873821728100895	sample_2022120210011
HROV.vOTU61158	Responder_Status	Responder	0.95187758771723	0.846459769792777	0.270332449131888	0.873930608739989	sample_2022120210011
HROV.vOTU21018	Responder_Status	Responder	1.61745261667689	1.44089429908117	0.271169336789224	0.874654910303046	sample_2022120210011
HROV.vOTU56119	Responder_Status	Responder	1.11420448317193	0.992644241231923	0.271199749752383	0.874654910303046	sample_2022120210011
HROV.vOTU24679	Responder_Status	Responder	-0.415930333218068	0.370490751195875	0.271122071933159	0.874654910303046	sample_2022120210011
HROV.vOTU53720	Responder_Status	Responder	1.03667187830038	0.92402583969618	0.271430886652449	0.875068225676687	sample_2022120210011
HROV.vOTU37432	Responder_Status	Responder	-0.775876832467346	0.69204071193834	0.271750594517728	0.875588313398099	sample_2022120210011
HROV.vOTU53381	Responder_Status	Responder	-0.364257416438617	0.324921047744639	0.271783622044925	0.875588313398099	sample_2022120210011
HROV.vOTU26724	Responder_Status	Responder	-1.24351683404791	1.1098289646087	0.2720373734231	0.87603557866875	sample_2022120210011
HROV.vOTU17808	Responder_Status	Responder	0.519232762299689	0.464015129902947	0.272648460643339	0.876715705369167	sample_2022120210011
HROV.vOTU28477	Responder_Status	Responder	0.53053552779679	0.474198163020363	0.272729865633687	0.876715705369167	sample_2022120210011
HROV.vOTU01504	Responder_Status	Responder	0.887062904293042	0.793273588337478	0.272971030394238	0.876835184823468	sample_2022120210011
HROV.vOTU50804	Responder_Status	Responder	-1.00986429554027	0.908204457297741	0.275622563401073	0.877447423301314	sample_2022120210011
HROV.vOTU30612	Responder_Status	Responder	-1.08786735293976	0.97837168679078	0.275630485305646	0.877447423301314	sample_2022120210011
HROV.vOTU57134	Responder_Status	Responder	-0.590959280346081	0.530654001596663	0.274901249570624	0.877447423301314	sample_2022120210011
HROV.vOTU04464	Responder_Status	Responder	-1.02309905595347	0.91989894063717	0.275516332714479	0.877447423301314	sample_2022120210011
HROV.vOTU66091	Responder_Status	Responder	-1.04980750425964	0.944337036358979	0.275727243517996	0.877447423301314	sample_2022120210011
HROV.vOTU02979	Responder_Status	Responder	-0.779387712840098	0.701237587860962	0.275829270924142	0.877447423301314	sample_2022120210011
HROV.vOTU62550	Responder_Status	Responder	-0.708424718917911	0.6370831091265	0.275602840702533	0.877447423301314	sample_2022120210011
HROV.vOTU15438	Responder_Status	Responder	-0.591926400113484	0.531573669568215	0.27494653423906	0.877447423301314	sample_2022120210011
HROV.vOTU62984	Responder_Status	Responder	0.980213334545785	0.881856619054693	0.275792196422264	0.877447423301314	sample_2022120210011
HROV.vOTU30360	Responder_Status	Responder	0.563184360037072	0.506719482212227	0.27583509754591	0.877447423301314	sample_2022120210011
HROV.vOTU48844	Responder_Status	Responder	0.266900385602169	0.23917170700733	0.273935226233486	0.877447423301314	sample_2022120210011
HROV.vOTU02709	Responder_Status	Responder	0.669502122681235	0.600986360453637	0.27474848981826	0.877447423301314	sample_2022120210011
HROV.vOTU11730	Responder_Status	Responder	1.0215703825667	0.915750563907438	0.274095569489549	0.877447423301314	sample_2022120210011
HROV.vOTU15774	Responder_Status	Responder	0.709672401731549	0.638306478930167	0.275677451789804	0.877447423301314	sample_2022120210011
HROV.vOTU41782	Responder_Status	Responder	0.526014884157199	0.470934875593576	0.273505203734829	0.877447423301314	sample_2022120210011
HROV.vOTU59588	Responder_Status	Responder	-1.06472198163867	0.959332596172265	0.276501785138473	0.877774887773037	sample_2022120210011
HROV.vOTU34273	Responder_Status	Responder	0.36623865885987	0.32984406939649	0.276297755362196	0.877774887773037	sample_2022120210011
HROV.vOTU02995	Responder_Status	Responder	0.877770340848896	0.790918444894689	0.276521076443346	0.877774887773037	sample_2022120210011
HROV.vOTU21529	Responder_Status	Responder	0.670144904893	0.603581276477999	0.276322157784745	0.877774887773037	sample_2022120210011
HROV.vOTU34499	Responder_Status	Responder	-0.859397477999002	0.78728794525571	0.284316562833492	0.877928242736819	sample_2022120210011
HROV.vOTU34131	Responder_Status	Responder	-0.761496106136183	0.695222804525546	0.282706066194513	0.877928242736819	sample_2022120210011
HROV.vOTU44039	Responder_Status	Responder	-0.416463494379884	0.376724945839198	0.278358522645977	0.877928242736819	sample_2022120210011
HROV.vOTU06892	Responder_Status	Responder	-0.492110485267021	0.447294877703612	0.280617417282727	0.877928242736819	sample_2022120210011
HROV.vOTU56283	Responder_Status	Responder	0.370861727384374	0.339070630171582	0.283381141969029	0.877928242736819	sample_2022120210011
HROV.vOTU57557	Responder_Status	Responder	-1.2924965171737	1.16766450959484	0.277753238191381	0.877928242736819	sample_2022120210011
HROV.vOTU67500	Responder_Status	Responder	-0.841759173774663	0.770171474362908	0.283730147451406	0.877928242736819	sample_2022120210011
HROV.vOTU55957	Responder_Status	Responder	-0.309407159777798	0.283051423202748	0.283660011922263	0.877928242736819	sample_2022120210011
HROV.vOTU64354	Responder_Status	Responder	1.15231316957379	1.0538586880033	0.283526311317896	0.877928242736819	sample_2022120210011
HROV.vOTU12762	Responder_Status	Responder	-1.38218578552697	1.26816267419144	0.285043330162591	0.877928242736819	sample_2022120210011
HROV.vOTU49413	Responder_Status	Responder	0.93176353466517	0.855085867957435	0.285147062971089	0.877928242736819	sample_2022120210011
HROV.vOTU67718	Responder_Status	Responder	0.84050347210813	0.772004963658715	0.285556235100603	0.877928242736819	sample_2022120210011
HROV.vOTU56168	Responder_Status	Responder	-0.91881386472616	0.840050477882895	0.283380801709608	0.877928242736819	sample_2022120210011
HROV.vOTU68750	Responder_Status	Responder	0.852405238255022	0.780102377220348	0.283845170963964	0.877928242736819	sample_2022120210011
HROV.vOTU36366	Responder_Status	Responder	1.29617230460879	1.17578545069967	0.279678448770186	0.877928242736819	sample_2022120210011
HROV.vOTU05156	Responder_Status	Responder	0.963900895220421	0.885227709731032	0.285493246722479	0.877928242736819	sample_2022120210011
HROV.vOTU70315	Responder_Status	Responder	1.0524733185387	0.962672932792915	0.283586913827861	0.877928242736819	sample_2022120210011
HROV.vOTU31698	Responder_Status	Responder	0.808102684326027	0.739700250340789	0.283936095048088	0.877928242736819	sample_2022120210011
HROV.vOTU39907	Responder_Status	Responder	-0.434753438268916	0.392651565618405	0.277618508593935	0.877928242736819	sample_2022120210011
HROV.vOTU33661	Responder_Status	Responder	-0.647146015142499	0.590201989557699	0.282209041460948	0.877928242736819	sample_2022120210011
HROV.vOTU37335	Responder_Status	Responder	-0.807370888951835	0.739093014664524	0.283976055194426	0.877928242736819	sample_2022120210011
HROV.vOTU21127	Responder_Status	Responder	1.47302064541156	1.34919475999284	0.28423649737847	0.877928242736819	sample_2022120210011
HROV.vOTU08578	Responder_Status	Responder	1.5328915304995	1.39680208005284	0.281802172048181	0.877928242736819	sample_2022120210011
HROV.vOTU12710	Responder_Status	Responder	0.884371173809903	0.805960353464159	0.281862559042562	0.877928242736819	sample_2022120210011
HROV.vOTU22698	Responder_Status	Responder	-1.3725328435083	1.23846968054703	0.277183505256305	0.877928242736819	sample_2022120210011
HROV.vOTU55876	Responder_Status	Responder	-0.509468951874161	0.466830275644714	0.284427098790095	0.877928242736819	sample_2022120210011
HROV.vOTU74913	Responder_Status	Responder	0.867898861190908	0.785719395687347	0.278738753735944	0.877928242736819	sample_2022120210011
HROV.vOTU75519	Responder_Status	Responder	1.39979575157473	1.2637341789996	0.277430875182935	0.877928242736819	sample_2022120210011
HROV.vOTU58516	Responder_Status	Responder	-0.742599280899565	0.680020536375675	0.284129724074012	0.877928242736819	sample_2022120210011
HROV.vOTU09438	Responder_Status	Responder	-0.440080289925959	0.398914214660931	0.27933400629443	0.877928242736819	sample_2022120210011
HROV.vOTU15902	Responder_Status	Responder	-0.921447163501831	0.842670857590756	0.283499906792925	0.877928242736819	sample_2022120210011
HROV.vOTU49012	Responder_Status	Responder	-0.735972065217224	0.668164535202099	0.280065224348509	0.877928242736819	sample_2022120210011
HROV.vOTU34386	Responder_Status	Responder	-0.973562805535495	0.888918801010124	0.282751434910466	0.877928242736819	sample_2022120210011
HROV.vOTU18241	Responder_Status	Responder	0.585074204162563	0.536881768914747	0.285107608904069	0.877928242736819	sample_2022120210011
HROV.vOTU37096	Responder_Status	Responder	-1.0443792341279	0.95290199746933	0.282417007875629	0.877928242736819	sample_2022120210011
HROV.vOTU44777	Responder_Status	Responder	-0.503923773804384	0.462110266235021	0.284795870695194	0.877928242736819	sample_2022120210011
HROV.vOTU10154	Responder_Status	Responder	-0.682552481279452	0.62730774199944	0.285843153453472	0.877928242736819	sample_2022120210011
HROV.vOTU42183	Responder_Status	Responder	-0.609628171698683	0.553923483145688	0.280458477474048	0.877928242736819	sample_2022120210011
HROV.vOTU06214	Responder_Status	Responder	0.788632064783997	0.715794196320415	0.279947748833638	0.877928242736819	sample_2022120210011
HROV.vOTU67547	Responder_Status	Responder	1.32004941464857	1.21335367295509	0.28590034433603	0.877928242736819	sample_2022120210011
HROV.vOTU11151	Responder_Status	Responder	0.816815736909346	0.742433773022219	0.280619930071709	0.877928242736819	sample_2022120210011
HROV.vOTU47446	Responder_Status	Responder	0.731963463319505	0.660365485093624	0.277110228424427	0.877928242736819	sample_2022120210011
HROV.vOTU01853	Responder_Status	Responder	0.934148204645541	0.847609008744983	0.279802510772524	0.877928242736819	sample_2022120210011
HROV.vOTU46374	Responder_Status	Responder	0.733858396238253	0.661759588232826	0.276886107971618	0.877928242736819	sample_2022120210011
HROV.vOTU70292	Responder_Status	Responder	0.733849776571246	0.665686826441645	0.279675686521474	0.877928242736819	sample_2022120210011
HROV.vOTU41466	Responder_Status	Responder	0.81718868604388	0.736751739051307	0.27678958546723	0.877928242736819	sample_2022120210011
HROV.vOTU16708	Responder_Status	Responder	1.42730107667373	1.29885397514568	0.281174309907142	0.877928242736819	sample_2022120210011
HROV.vOTU05092	Responder_Status	Responder	0.505480668676681	0.460137886468926	0.281324782332312	0.877928242736819	sample_2022120210011
HROV.vOTU28412	Responder_Status	Responder	0.550263096223123	0.501540757705917	0.281924132302959	0.877928242736819	sample_2022120210011
HROV.vOTU64126	Responder_Status	Responder	0.560309930508288	0.51453758053998	0.285456478924879	0.877928242736819	sample_2022120210011
HROV.vOTU54685	Responder_Status	Responder	0.870658548298699	0.787196044987268	0.278128404491381	0.877928242736819	sample_2022120210011
HROV.vOTU05001	Responder_Status	Responder	0.422394380859964	0.384034919556947	0.280748949497483	0.877928242736819	sample_2022120210011
HROV.vOTU53190	Responder_Status	Responder	0.608870942824312	0.550766993197175	0.278353340090076	0.877928242736819	sample_2022120210011
HROV.vOTU25738	Responder_Status	Responder	0.381888394547359	0.350029978448317	0.284565583131371	0.877928242736819	sample_2022120210011
HROV.vOTU09115	Responder_Status	Responder	1.1721223767939	1.07806869985919	0.286200606928637	0.878523172573304	sample_2022120210011
HROV.vOTU62742	Responder_Status	Responder	1.12585323347515	1.03580208693141	0.286332698141189	0.878761493961484	sample_2022120210011
HROV.vOTU58027	Responder_Status	Responder	0.792032934396612	0.729516962393128	0.286873154436847	0.879032049109813	sample_2022120210011
HROV.vOTU54041	Responder_Status	Responder	-0.564753305303556	0.520792315774886	0.287431639284321	0.87936776782416	sample_2022120210011
HROV.vOTU63677	Responder_Status	Responder	-0.558035811494427	0.514361301289543	0.28721462859033	0.87936776782416	sample_2022120210011
HROV.vOTU09782	Responder_Status	Responder	0.983067112131276	0.906050945724685	0.287174652163933	0.87936776782416	sample_2022120210011
HROV.vOTU15866	Responder_Status	Responder	0.617013731139533	0.568663487063575	0.28716493589237	0.87936776782416	sample_2022120210011
HROV.vOTU47756	Responder_Status	Responder	1.43534959118642	1.32453336730843	0.28775726501482	0.879864602210774	sample_2022120210011
HROV.vOTU53637	Responder_Status	Responder	0.545176742882862	0.503275788084019	0.287935090177871	0.879864602210774	sample_2022120210011
HROV.vOTU60854	Responder_Status	Responder	0.660491725179234	0.60995103399058	0.288107890947878	0.879864602210774	sample_2022120210011
HROV.vOTU02293	Responder_Status	Responder	-0.963179946241526	0.890518760819118	0.288660547249149	0.880539640142511	sample_2022120210011
HROV.vOTU22379	Responder_Status	Responder	-0.861947585726356	0.797059071648129	0.28874106398784	0.880539640142511	sample_2022120210011
HROV.vOTU08866	Responder_Status	Responder	0.67459694185694	0.623979594696744	0.2888676673789	0.880539640142511	sample_2022120210011
HROV.vOTU49444	Responder_Status	Responder	1.08283601357076	1.00201711635873	0.289070505596235	0.880837735907719	sample_2022120210011
HROV.vOTU37583	Responder_Status	Responder	-1.40191512396152	1.29782178158372	0.289267329294194	0.881050550081746	sample_2022120210011
HROV.vOTU21801	Responder_Status	Responder	-1.06406530992072	0.987216976253678	0.290302310139108	0.881633647133952	sample_2022120210011
HROV.vOTU09951	Responder_Status	Responder	0.94226742055488	0.872988680765755	0.289638512388687	0.881633647133952	sample_2022120210011
HROV.vOTU01502	Responder_Status	Responder	1.24081783966164	1.15135352962521	0.290363634566608	0.881633647133952	sample_2022120210011
HROV.vOTU30549	Responder_Status	Responder	0.721779531651267	0.669154801296165	0.289951512464327	0.881633647133952	sample_2022120210011
HROV.vOTU02846	Responder_Status	Responder	0.604546320774779	0.561547578952179	0.290860378733839	0.882287785389809	sample_2022120210011
HROV.vOTU74076	Responder_Status	Responder	-0.839693874700329	0.779956577839387	0.290852173401903	0.882287785389809	sample_2022120210011
HROV.vOTU26844	Responder_Status	Responder	1.15134137607369	1.06943588790739	0.290853481733093	0.882287785389809	sample_2022120210011
HROV.vOTU74846	Responder_Status	Responder	-0.408573509032896	0.379770959559962	0.291181094765873	0.882593955100709	sample_2022120210011
HROV.vOTU32094	Responder_Status	Responder	-0.953469740724009	0.887984167766342	0.292103193773054	0.883451612205197	sample_2022120210011
HROV.vOTU52612	Responder_Status	Responder	-1.31192765313937	1.22170036718273	0.292055828167525	0.883451612205197	sample_2022120210011
HROV.vOTU37071	Responder_Status	Responder	-0.89025919933545	0.829521353608745	0.29233496059892	0.883541775064108	sample_2022120210011
HROV.vOTU07693	Responder_Status	Responder	-0.513495445148927	0.478897856201327	0.292765441095176	0.883559903783686	sample_2022120210011
HROV.vOTU69621	Responder_Status	Responder	-0.614859702364154	0.573637203486249	0.292934275492674	0.883813153265693	sample_2022120210011
HROV.vOTU26158	Responder_Status	Responder	-0.606984554359597	0.567148201447228	0.293650790270454	0.884000070003147	sample_2022120210011
HROV.vOTU37850	Responder_Status	Responder	-1.31137128097105	1.22402457179396	0.293155637833171	0.884000070003147	sample_2022120210011
HROV.vOTU50460	Responder_Status	Responder	-0.636357918907589	0.594146705117771	0.293294846206846	0.884000070003147	sample_2022120210011
HROV.vOTU55711	Responder_Status	Responder	0.468826004192787	0.438169689621379	0.293772527327495	0.884000070003147	sample_2022120210011
HROV.vOTU16111	Responder_Status	Responder	0.949813139650755	0.886878259620782	0.293331449617055	0.884000070003147	sample_2022120210011
HROV.vOTU55324	Responder_Status	Responder	-0.354843930109297	0.331530697593853	0.293615319972773	0.884000070003147	sample_2022120210011
HROV.vOTU11494	Responder_Status	Responder	-1.23052997357295	1.14956408436957	0.293565876374739	0.884000070003147	sample_2022120210011
HROV.vOTU35959	Responder_Status	Responder	-0.622775624010251	0.582128224823973	0.293833998715979	0.884000070003147	sample_2022120210011
HROV.vOTU37713	Responder_Status	Responder	0.53141915677252	0.496396425590861	0.293511886173598	0.884000070003147	sample_2022120210011
HROV.vOTU70645	Responder_Status	Responder	0.509530653596012	0.476927729685456	0.2944826560366	0.884000070003147	sample_2022120210011
HROV.vOTU15017	Responder_Status	Responder	-0.89441767016215	0.838080267209013	0.294987304143088	0.884073259777796	sample_2022120210011
HROV.vOTU04807	Responder_Status	Responder	-0.502626923379655	0.470996815514613	0.295016712102646	0.884073259777796	sample_2022120210011
HROV.vOTU22961	Responder_Status	Responder	0.982428528567575	0.920439305959069	0.294931652873774	0.884073259777796	sample_2022120210011
HROV.vOTU60828	Responder_Status	Responder	0.880317624117552	0.824706822130021	0.294894591188012	0.884073259777796	sample_2022120210011
HROV.vOTU39150	Responder_Status	Responder	-0.74798211246627	0.702054477411419	0.295787887430857	0.885449716406354	sample_2022120210011
HROV.vOTU61207	Responder_Status	Responder	0.929607408510429	0.872885823512303	0.295982253111762	0.885818921426501	sample_2022120210011
HROV.vOTU16567	Responder_Status	Responder	0.563259772874948	0.528997568040175	0.296077198378334	0.885848337537015	sample_2022120210011
HROV.vOTU52191	Responder_Status	Responder	-1.21672763869099	1.14372039011334	0.296493260678331	0.886251148273815	sample_2022120210011
HROV.vOTU72559	Responder_Status	Responder	0.927134354830258	0.872450237090726	0.297007472979346	0.886251148273815	sample_2022120210011
HROV.vOTU20504	Responder_Status	Responder	-0.613990413589703	0.577439983386775	0.296731841247129	0.886251148273815	sample_2022120210011
HROV.vOTU11756	Responder_Status	Responder	0.538347252680155	0.506766332825209	0.297168089999666	0.886251148273815	sample_2022120210011
HROV.vOTU08443	Responder_Status	Responder	0.759143470388159	0.714256718983224	0.29693383518493	0.886251148273815	sample_2022120210011
HROV.vOTU14316	Responder_Status	Responder	-0.973252404717071	0.915186336115053	0.296665076621715	0.886251148273815	sample_2022120210011
HROV.vOTU49020	Responder_Status	Responder	-0.670779461206339	0.630980436198779	0.296830950056077	0.886251148273815	sample_2022120210011
HROV.vOTU02957	Responder_Status	Responder	1.04213118032121	0.981134615447606	0.297234574225873	0.886251148273815	sample_2022120210011
HROV.vOTU01617	Responder_Status	Responder	-0.858387592742673	0.807694740537621	0.296970207835027	0.886251148273815	sample_2022120210011
HROV.vOTU47859	Responder_Status	Responder	-0.732514379701483	0.689470752906198	0.297118397855199	0.886251148273815	sample_2022120210011
HROV.vOTU42965	Responder_Status	Responder	-0.582990698525699	0.547930889862499	0.296425288166848	0.886251148273815	sample_2022120210011
HROV.vOTU08563	Responder_Status	Responder	-1.18486731317362	1.12358937878336	0.300651851647539	0.886256884394177	sample_2022120210011
HROV.vOTU24955	Responder_Status	Responder	-0.789496447867988	0.747005668642821	0.29959943741282	0.886256884394177	sample_2022120210011
HROV.vOTU22193	Responder_Status	Responder	-0.633320406695098	0.596752699445263	0.29763238446705	0.886256884394177	sample_2022120210011
HROV.vOTU39627	Responder_Status	Responder	-1.48599721593243	1.399944156324	0.297547088483953	0.886256884394177	sample_2022120210011
HROV.vOTU32676	Responder_Status	Responder	0.787187757324145	0.743700554100722	0.298885806226383	0.886256884394177	sample_2022120210011
HROV.vOTU11972	Responder_Status	Responder	1.11639218716155	1.05517466618506	0.299090727492028	0.886256884394177	sample_2022120210011
HROV.vOTU53029	Responder_Status	Responder	1.04986254751672	0.9894669270328	0.297739210682144	0.886256884394177	sample_2022120210011
HROV.vOTU04247	Responder_Status	Responder	1.19078855136768	1.12513235984852	0.298939482926646	0.886256884394177	sample_2022120210011
HROV.vOTU61467	Responder_Status	Responder	0.96884402788323	0.916655554919695	0.299576072337855	0.886256884394177	sample_2022120210011
HROV.vOTU41648	Responder_Status	Responder	-0.811393952050231	0.768974025976808	0.300370216923689	0.886256884394177	sample_2022120210011
HROV.vOTU03486	Responder_Status	Responder	-0.430487659692688	0.406359756921253	0.298482320384619	0.886256884394177	sample_2022120210011
HROV.vOTU07603	Responder_Status	Responder	-1.32037190977521	1.24956924222977	0.299698025219431	0.886256884394177	sample_2022120210011
HROV.vOTU61322	Responder_Status	Responder	-0.916786529067063	0.869042457178039	0.300471588101585	0.886256884394177	sample_2022120210011
HROV.vOTU03985	Responder_Status	Responder	1.0854084460157	1.02547079002717	0.298897071188816	0.886256884394177	sample_2022120210011
HROV.vOTU37618	Responder_Status	Responder	-0.531159620564439	0.501771467385005	0.298843399001594	0.886256884394177	sample_2022120210011
HROV.vOTU73490	Responder_Status	Responder	0.341052138677188	0.32252049480908	0.299340598225565	0.886256884394177	sample_2022120210011
HROV.vOTU05048	Responder_Status	Responder	0.793865406745168	0.750769041400094	0.299365630529263	0.886256884394177	sample_2022120210011
HROV.vOTU27327	Responder_Status	Responder	0.54875578928749	0.517895643706536	0.298387570254008	0.886256884394177	sample_2022120210011
HROV.vOTU74263	Responder_Status	Responder	0.650237702966798	0.617042680876123	0.30098497758602	0.886515113690817	sample_2022120210011
HROV.vOTU11697	Responder_Status	Responder	0.437746934261383	0.416367179704159	0.30208809249791	0.887628973086393	sample_2022120210011
HROV.vOTU19606	Responder_Status	Responder	-1.03190446169759	0.982091213191387	0.302370879707346	0.887952593589237	sample_2022120210011
HROV.vOTU70059	Responder_Status	Responder	-1.36630481858945	1.30675368313317	0.304701637033015	0.888474860264735	sample_2022120210011
HROV.vOTU72030	Responder_Status	Responder	-0.882024023626485	0.844390425070057	0.305156981940428	0.888474860264735	sample_2022120210011
HROV.vOTU63750	Responder_Status	Responder	-0.757117809240576	0.724811865306119	0.30515583071676	0.888474860264735	sample_2022120210011
HROV.vOTU48382	Responder_Status	Responder	1.20887149145014	1.15371032414432	0.303686217770433	0.888474860264735	sample_2022120210011
HROV.vOTU07478	Responder_Status	Responder	0.613048206203664	0.585743822228186	0.304228536226521	0.888474860264735	sample_2022120210011
HROV.vOTU03969	Responder_Status	Responder	1.02169344553525	0.976821826314063	0.304536243097897	0.888474860264735	sample_2022120210011
HROV.vOTU41294	Responder_Status	Responder	-0.715626939813542	0.683935120511794	0.304354316063552	0.888474860264735	sample_2022120210011
HROV.vOTU27379	Responder_Status	Responder	-0.379592600507725	0.362902001859618	0.304510982018387	0.888474860264735	sample_2022120210011
HROV.vOTU09977	Responder_Status	Responder	-0.868280981972763	0.829052458961989	0.303910239600326	0.888474860264735	sample_2022120210011
HROV.vOTU20831	Responder_Status	Responder	-0.259402587271419	0.247741121423021	0.304021743838181	0.888474860264735	sample_2022120210011
HROV.vOTU01013	Responder_Status	Responder	0.581654289601964	0.556708118853549	0.305047427433185	0.888474860264735	sample_2022120210011
HROV.vOTU75872	Responder_Status	Responder	-0.810361149548926	0.774345671429922	0.304275700305675	0.888474860264735	sample_2022120210011
HROV.vOTU36894	Responder_Status	Responder	0.698997052391346	0.667624809566722	0.304058150780222	0.888474860264735	sample_2022120210011
HROV.vOTU34795	Responder_Status	Responder	0.848675695041575	0.81264814059182	0.30526394818798	0.888474860264735	sample_2022120210011
HROV.vOTU51691	Responder_Status	Responder	1.25394889520698	1.1960265408691	0.303406954504846	0.888474860264735	sample_2022120210011
HROV.vOTU32309	Responder_Status	Responder	0.374602982701064	0.357500790919585	0.303674347059924	0.888474860264735	sample_2022120210011
HROV.vOTU74004	Responder_Status	Responder	-0.576168852037895	0.552008505896169	0.305520963324626	0.888542786665328	sample_2022120210011
HROV.vOTU16714	Responder_Status	Responder	-0.627753810334059	0.605785331489254	0.308945898220387	0.888634450763764	sample_2022120210011
HROV.vOTU35881	Responder_Status	Responder	-1.33092214337071	1.28217242522452	0.308141671193828	0.888634450763764	sample_2022120210011
HROV.vOTU72034	Responder_Status	Responder	-1.30003357808753	1.25463701717927	0.308983215811926	0.888634450763764	sample_2022120210011
HROV.vOTU56010	Responder_Status	Responder	-0.555784889348784	0.534285500046314	0.307128211235519	0.888634450763764	sample_2022120210011
HROV.vOTU51259	Responder_Status	Responder	1.12482683658917	1.08433735127684	0.308453205811224	0.888634450763764	sample_2022120210011
HROV.vOTU16004	Responder_Status	Responder	0.918685953040557	0.881313036426941	0.306140706871995	0.888634450763764	sample_2022120210011
HROV.vOTU27154	Responder_Status	Responder	1.0556452354958	1.01353137578089	0.306529867169021	0.888634450763764	sample_2022120210011
HROV.vOTU18920	Responder_Status	Responder	0.972974860583996	0.935269261281977	0.30709365937678	0.888634450763764	sample_2022120210011
HROV.vOTU47873	Responder_Status	Responder	0.769444438614016	0.741484095967651	0.30828465693254	0.888634450763764	sample_2022120210011
HROV.vOTU05302	Responder_Status	Responder	-0.761309325451517	0.730791249779194	0.306434766059828	0.888634450763764	sample_2022120210011
HROV.vOTU55776	Responder_Status	Responder	-0.550259586332841	0.530965150788263	0.308912009880487	0.888634450763764	sample_2022120210011
HROV.vOTU01806	Responder_Status	Responder	-0.268506087609096	0.257771631015215	0.306488093060241	0.888634450763764	sample_2022120210011
HROV.vOTU55676	Responder_Status	Responder	-0.59167304268693	0.570925902607872	0.308911533276352	0.888634450763764	sample_2022120210011
HROV.vOTU55024	Responder_Status	Responder	1.27633429158773	1.2318217225511	0.309004966264693	0.888634450763764	sample_2022120210011
HROV.vOTU16798	Responder_Status	Responder	0.370499945999622	0.35722937988691	0.308540964713457	0.888634450763764	sample_2022120210011
HROV.vOTU31976	Responder_Status	Responder	0.8181566788028	0.784698902113139	0.306035190360128	0.888634450763764	sample_2022120210011
HROV.vOTU38921	Responder_Status	Responder	0.670724000994597	0.646086626573813	0.308090424655241	0.888634450763764	sample_2022120210011
HROV.vOTU56306	Responder_Status	Responder	0.361849509971999	0.348440714212569	0.307930822258224	0.888634450763764	sample_2022120210011
HROV.vOTU47996	Responder_Status	Responder	0.525618285667635	0.505883660129292	0.307689542879802	0.888634450763764	sample_2022120210011
HROV.vOTU74668	Responder_Status	Responder	1.17634284709395	1.13031595287138	0.30690883185877	0.888634450763764	sample_2022120210011
HROV.vOTU57616	Responder_Status	Responder	0.714033664059449	0.687789754579511	0.308079613213565	0.888634450763764	sample_2022120210011
HROV.vOTU48896	Responder_Status	Responder	-0.389844731410291	0.374625587285911	0.306952361734938	0.888634450763764	sample_2022120210011
HROV.vOTU02638	Responder_Status	Responder	0.911606575631315	0.879678536560006	0.308931849741449	0.888634450763764	sample_2022120210011
HROV.vOTU23476	Responder_Status	Responder	0.838972820335603	0.805287881818147	0.306403163084603	0.888634450763764	sample_2022120210011
HROV.vOTU49317	Responder_Status	Responder	-0.815875600621687	0.787949196534824	0.309322975601884	0.888842466353558	sample_2022120210011
HROV.vOTU62699	Responder_Status	Responder	0.883030604242452	0.853228106426796	0.309558198631511	0.889156550929038	sample_2022120210011
HROV.vOTU04830	Responder_Status	Responder	0.711565207903523	0.687909401419461	0.309806569229099	0.889271781914072	sample_2022120210011
HROV.vOTU33936	Responder_Status	Responder	-0.784509349597185	0.758765903095237	0.310017769971537	0.889458288347007	sample_2022120210011
HROV.vOTU56428	Responder_Status	Responder	-0.77736321142251	0.752138784883095	0.310197454984067	0.889529029895731	sample_2022120210011
HROV.vOTU36922	Responder_Status	Responder	-1.14281849105413	1.10689319852695	0.310694440767362	0.890093415688994	sample_2022120210011
HROV.vOTU36307	Responder_Status	Responder	-1.24007823124462	1.20287811335815	0.311398845528287	0.890093415688994	sample_2022120210011
HROV.vOTU44410	Responder_Status	Responder	0.629438146101677	0.61072120891073	0.311527252878681	0.890093415688994	sample_2022120210011
HROV.vOTU61142	Responder_Status	Responder	0.590786589540283	0.573280077038506	0.311577868064493	0.890093415688994	sample_2022120210011
HROV.vOTU41630	Responder_Status	Responder	-1.00755649840239	0.975544969316063	0.310529772219349	0.890093415688994	sample_2022120210011
HROV.vOTU00799	Responder_Status	Responder	-0.7057752455432	0.683844361420532	0.310872032712996	0.890093415688994	sample_2022120210011
HROV.vOTU67216	Responder_Status	Responder	1.61043143260859	1.56200551067902	0.311363610664704	0.890093415688994	sample_2022120210011
HROV.vOTU69490	Responder_Status	Responder	0.484820568428982	0.470237087604715	0.311358710200503	0.890093415688994	sample_2022120210011
HROV.vOTU74611	Responder_Status	Responder	0.389284168066999	0.37715526934238	0.310831119408371	0.890093415688994	sample_2022120210011
HROV.vOTU37055	Responder_Status	Responder	-0.386520806921443	0.375601548690029	0.312254127746732	0.890596008365062	sample_2022120210011
HROV.vOTU12196	Responder_Status	Responder	1.49207326459156	1.45102315552678	0.312614767794533	0.890826699178986	sample_2022120210011
HROV.vOTU61047	Responder_Status	Responder	-0.526267936046199	0.51183008994958	0.312652735269721	0.890826699178986	sample_2022120210011
HROV.vOTU63801	Responder_Status	Responder	0.640322739741436	0.622844295541073	0.312720186927737	0.890826699178986	sample_2022120210011
HROV.vOTU50713	Responder_Status	Responder	0.951794205856188	0.92872686837577	0.314212796773676	0.890871885511328	sample_2022120210011
HROV.vOTU10841	Responder_Status	Responder	0.935017555607299	0.910362870516913	0.313173292727705	0.890871885511328	sample_2022120210011
HROV.vOTU51628	Responder_Status	Responder	1.08168363680466	1.05554278241519	0.314246304942692	0.890871885511328	sample_2022120210011
HROV.vOTU27546	Responder_Status	Responder	0.402088780145089	0.392176507554897	0.314010032063575	0.890871885511328	sample_2022120210011
HROV.vOTU27306	Responder_Status	Responder	0.922230672084235	0.900467906294604	0.31452321326436	0.890871885511328	sample_2022120210011
HROV.vOTU26067	Responder_Status	Responder	-0.964462241014037	0.939206043119279	0.313261768390763	0.890871885511328	sample_2022120210011
HROV.vOTU66003	Responder_Status	Responder	-0.598712968589596	0.583541178011658	0.313674410359543	0.890871885511328	sample_2022120210011
HROV.vOTU67177	Responder_Status	Responder	1.25099630665332	1.22134549539559	0.314472699828879	0.890871885511328	sample_2022120210011
HROV.vOTU29100	Responder_Status	Responder	0.476102743933478	0.463349694327517	0.312969192475795	0.890871885511328	sample_2022120210011
HROV.vOTU13618	Responder_Status	Responder	-0.464265534612907	0.45274555191154	0.313931401212755	0.890871885511328	sample_2022120210011
HROV.vOTU60573	Responder_Status	Responder	0.669947427172121	0.653499551490361	0.314059209715514	0.890871885511328	sample_2022120210011
HROV.vOTU05414	Responder_Status	Responder	-0.397053212742641	0.386855091337561	0.313506766867692	0.890871885511328	sample_2022120210011
HROV.vOTU38906	Responder_Status	Responder	-1.09367777278488	1.06897319255167	0.315014204046995	0.890880358669625	sample_2022120210011
HROV.vOTU06484	Responder_Status	Responder	-1.04610382787456	1.02385861893633	0.315657333680636	0.890880358669625	sample_2022120210011
HROV.vOTU31729	Responder_Status	Responder	-0.761575886368338	0.745027412397478	0.31543178352468	0.890880358669625	sample_2022120210011
HROV.vOTU03088	Responder_Status	Responder	0.525524067284819	0.514347693926705	0.315656225916463	0.890880358669625	sample_2022120210011
HROV.vOTU54197	Responder_Status	Responder	0.576196900822191	0.563299599883603	0.315113877761856	0.890880358669625	sample_2022120210011
HROV.vOTU54557	Responder_Status	Responder	0.384074941259196	0.376108722327192	0.315911449762977	0.890895112696973	sample_2022120210011
HROV.vOTU24158	Responder_Status	Responder	0.837266100953226	0.820341280642493	0.316167095591604	0.890941458686615	sample_2022120210011
HROV.vOTU54723	Responder_Status	Responder	-0.279019928847816	0.273300217302784	0.316028885269372	0.890941458686615	sample_2022120210011
HROV.vOTU52028	Responder_Status	Responder	0.700378492154144	0.686520416127354	0.31637456745893	0.890941458686615	sample_2022120210011
HROV.vOTU29822	Responder_Status	Responder	-0.891397199028904	0.875171806412157	0.317142118568739	0.891209281969173	sample_2022120210011
HROV.vOTU60443	Responder_Status	Responder	-1.15620795947003	1.1352478354552	0.317177875831163	0.891209281969173	sample_2022120210011
HROV.vOTU02038	Responder_Status	Responder	-1.296591367635	1.27147648061266	0.316576518214701	0.891209281969173	sample_2022120210011
HROV.vOTU42317	Responder_Status	Responder	0.786993465283406	0.772349084943299	0.316945636846599	0.891209281969173	sample_2022120210011
HROV.vOTU74691	Responder_Status	Responder	-1.17404130105376	1.15353629626125	0.317498701853922	0.891385956176072	sample_2022120210011
HROV.vOTU18260	Responder_Status	Responder	-0.323580876930884	0.318411587414442	0.318218960695846	0.891634074505225	sample_2022120210011
HROV.vOTU32825	Responder_Status	Responder	0.926895750275343	0.911333098778984	0.317825228539787	0.891634074505225	sample_2022120210011
HROV.vOTU53334	Responder_Status	Responder	0.947676214100313	0.932557750991353	0.318229619961533	0.891634074505225	sample_2022120210011
HROV.vOTU24776	Responder_Status	Responder	-0.51725474384084	0.508821457326465	0.318060179846592	0.891634074505225	sample_2022120210011
HROV.vOTU07540	Responder_Status	Responder	0.791626981949513	0.778681510014526	0.318036473456319	0.891634074505225	sample_2022120210011
HROV.vOTU04693	Responder_Status	Responder	0.369328435641268	0.363415586392822	0.318202310984432	0.891634074505225	sample_2022120210011
HROV.vOTU43598	Responder_Status	Responder	0.381176193852871	0.375637804349601	0.318916686734916	0.891889505342326	sample_2022120210011
HROV.vOTU49399	Responder_Status	Responder	0.737804180078122	0.727078077286379	0.318912762441745	0.891889505342326	sample_2022120210011
HROV.vOTU62662	Responder_Status	Responder	0.588494987379571	0.579806067680053	0.318803368521981	0.891889505342326	sample_2022120210011
HROV.vOTU59097	Responder_Status	Responder	-0.743578225668516	0.733463023061755	0.319363281033589	0.891889505342326	sample_2022120210011
HROV.vOTU35173	Responder_Status	Responder	0.904194431774943	0.891497440841494	0.319151726728841	0.891889505342326	sample_2022120210011
HROV.vOTU16938	Responder_Status	Responder	-0.461667496679164	0.454738119219517	0.318685246452117	0.891889505342326	sample_2022120210011
HROV.vOTU01537	Responder_Status	Responder	0.959191597488774	0.947655620097083	0.320122467442692	0.892912558562113	sample_2022120210011
HROV.vOTU40942	Responder_Status	Responder	-1.35000115964582	1.33452889252145	0.320394643793758	0.892977612535517	sample_2022120210011
HROV.vOTU69031	Responder_Status	Responder	0.435613332564007	0.430723845798952	0.320508384397108	0.892977612535517	sample_2022120210011
HROV.vOTU02437	Responder_Status	Responder	-0.450805284083334	0.44554282606989	0.320292431124936	0.892977612535517	sample_2022120210011
HROV.vOTU53131	Responder_Status	Responder	-1.30017554290685	1.28672023469571	0.320929127554085	0.893104634509079	sample_2022120210011
HROV.vOTU06769	Responder_Status	Responder	-0.746765320516831	0.73908058286875	0.320957054163263	0.893104634509079	sample_2022120210011
HROV.vOTU49969	Responder_Status	Responder	0.575050598539696	0.569178983397093	0.32099552321722	0.893104634509079	sample_2022120210011
HROV.vOTU23237	Responder_Status	Responder	-0.254605716923252	0.251942622927225	0.320875883320898	0.893104634509079	sample_2022120210011
HROV.vOTU22759	Responder_Status	Responder	0.813391761931146	0.805727609111823	0.321373907191264	0.893326592351769	sample_2022120210011
HROV.vOTU72562	Responder_Status	Responder	-0.516525242806983	0.511837794981222	0.321540645405383	0.893335362268158	sample_2022120210011
HROV.vOTU47642	Responder_Status	Responder	-0.358707720518624	0.355570301984157	0.321698222428806	0.893473023523349	sample_2022120210011
HROV.vOTU19997	Responder_Status	Responder	0.441706241539403	0.438080497052229	0.321956147364774	0.893478014607209	sample_2022120210011
HROV.vOTU09854	Responder_Status	Responder	-0.886219064489641	0.88450256488728	0.324952970423829	0.893885822272823	sample_2022120210011
HROV.vOTU19713	Responder_Status	Responder	0.614570400345437	0.611268971281927	0.323313886449089	0.893885822272823	sample_2022120210011
HROV.vOTU69059	Responder_Status	Responder	-0.783451708758738	0.781378569848768	0.324614986451529	0.893885822272823	sample_2022120210011
HROV.vOTU07014	Responder_Status	Responder	1.29884858352737	1.29837058499753	0.325699709436631	0.893885822272823	sample_2022120210011
HROV.vOTU37537	Responder_Status	Responder	0.966937189350012	0.960926511385779	0.322910170202648	0.893885822272823	sample_2022120210011
HROV.vOTU15775	Responder_Status	Responder	0.874801860889149	0.87229399817625	0.324509809791875	0.893885822272823	sample_2022120210011
HROV.vOTU08830	Responder_Status	Responder	0.536710820142986	0.533747534980114	0.323242535144244	0.893885822272823	sample_2022120210011
HROV.vOTU00172	Responder_Status	Responder	-0.798733335502682	0.796605295501791	0.324606354565724	0.893885822272823	sample_2022120210011
HROV.vOTU71398	Responder_Status	Responder	-0.792053798057015	0.791329999950902	0.325440051656413	0.893885822272823	sample_2022120210011
HROV.vOTU33822	Responder_Status	Responder	1.18259492507616	1.17692807210197	0.323591059364041	0.893885822272823	sample_2022120210011
HROV.vOTU54203	Responder_Status	Responder	-0.697531070202324	0.695719399076482	0.324638294907724	0.893885822272823	sample_2022120210011
HROV.vOTU40683	Responder_Status	Responder	-0.887235060256048	0.886332306332873	0.325390718058371	0.893885822272823	sample_2022120210011
HROV.vOTU30159	Responder_Status	Responder	0.896788465058987	0.895575150338841	0.325231040391617	0.893885822272823	sample_2022120210011
HROV.vOTU14451	Responder_Status	Responder	0.399775372900003	0.399668517373145	0.325747613549932	0.893885822272823	sample_2022120210011
HROV.vOTU73958	Responder_Status	Responder	-0.541919762346101	0.541342648707986	0.325368134753823	0.893885822272823	sample_2022120210011
HROV.vOTU28588	Responder_Status	Responder	-0.36047608748447	0.360283006771986	0.325619987210712	0.893885822272823	sample_2022120210011
HROV.vOTU25012	Responder_Status	Responder	0.390052954171856	0.389051844672344	0.324652910717739	0.893885822272823	sample_2022120210011
HROV.vOTU19674	Responder_Status	Responder	0.383986240621129	0.383528574472051	0.325307716593342	0.893885822272823	sample_2022120210011
HROV.vOTU35198	Responder_Status	Responder	-0.593877999271014	0.590529282608601	0.323186344882502	0.893885822272823	sample_2022120210011
HROV.vOTU10220	Responder_Status	Responder	0.688843506880357	0.68576412970766	0.323744627510256	0.893885822272823	sample_2022120210011
HROV.vOTU02169	Responder_Status	Responder	1.16096931076925	1.16402599398233	0.327124797135003	0.893972432966518	sample_2022120210011
HROV.vOTU05711	Responder_Status	Responder	1.0046474033921	1.00604781875046	0.326536960206819	0.893972432966518	sample_2022120210011
HROV.vOTU04448	Responder_Status	Responder	0.570368724254298	0.571083431080198	0.326470072544712	0.893972432966518	sample_2022120210011
HROV.vOTU21438	Responder_Status	Responder	-0.390742859175609	0.391783968163783	0.327139763493279	0.893972432966518	sample_2022120210011
HROV.vOTU15938	Responder_Status	Responder	-0.836105397982146	0.838328115985	0.327136910621803	0.893972432966518	sample_2022120210011
HROV.vOTU32342	Responder_Status	Responder	-0.744605027458077	0.746382004531135	0.327007944813161	0.893972432966518	sample_2022120210011
HROV.vOTU30358	Responder_Status	Responder	0.884597591922712	0.886372457386353	0.326827651228305	0.893972432966518	sample_2022120210011
HROV.vOTU37867	Responder_Status	Responder	0.768538846805831	0.771987506647397	0.328003301162874	0.894065674956594	sample_2022120210011
HROV.vOTU74567	Responder_Status	Responder	-0.770250887361878	0.774714375751024	0.32862175317803	0.89455503613013	sample_2022120210011
HROV.vOTU18475	Responder_Status	Responder	-0.176852494507253	0.177836449266196	0.328512483633289	0.89455503613013	sample_2022120210011
HROV.vOTU03165	Responder_Status	Responder	0.435984027772308	0.438648074167078	0.328770891719521	0.894674612516909	sample_2022120210011
HROV.vOTU49493	Responder_Status	Responder	-0.401520645567145	0.404156291799969	0.328985244826723	0.894790000139584	sample_2022120210011
HROV.vOTU32744	Responder_Status	Responder	0.546768167402498	0.551372863281111	0.329861735210102	0.895725155404734	sample_2022120210011
HROV.vOTU29003	Responder_Status	Responder	0.353270749181297	0.356207992534676	0.329811179299482	0.895725155404734	sample_2022120210011
HROV.vOTU16373	Responder_Status	Responder	-1.30375629338802	1.32520367624908	0.333631402899645	0.89586494433672	sample_2022120210011
HROV.vOTU21466	Responder_Status	Responder	-0.410413697025978	0.414186705126516	0.330225308385703	0.89586494433672	sample_2022120210011
HROV.vOTU51319	Responder_Status	Responder	-0.542679699108607	0.548959976676292	0.331344862067192	0.89586494433672	sample_2022120210011
HROV.vOTU06013	Responder_Status	Responder	-0.759490401683318	0.772046436083365	0.333669618979131	0.89586494433672	sample_2022120210011
HROV.vOTU56948	Responder_Status	Responder	-1.30469583121158	1.31743814534925	0.330495296944152	0.89586494433672	sample_2022120210011
HROV.vOTU04385	Responder_Status	Responder	-1.13193214447939	1.15170983361263	0.33410907964149	0.89586494433672	sample_2022120210011
HROV.vOTU62981	Responder_Status	Responder	-0.535560576182385	0.542955013536127	0.332393589077143	0.89586494433672	sample_2022120210011
HROV.vOTU59949	Responder_Status	Responder	1.02011858335886	1.03663486257819	0.333509851508866	0.89586494433672	sample_2022120210011
HROV.vOTU09591	Responder_Status	Responder	-0.590975939228806	0.596660270662977	0.330425637999525	0.89586494433672	sample_2022120210011
HROV.vOTU42209	Responder_Status	Responder	0.895179231217847	0.904789657310081	0.330951385220464	0.89586494433672	sample_2022120210011
HROV.vOTU00059	Responder_Status	Responder	0.847191578955852	0.85955950738001	0.332764702577935	0.89586494433672	sample_2022120210011
HROV.vOTU29071	Responder_Status	Responder	1.14875632317206	1.16219756024891	0.331404995318379	0.89586494433672	sample_2022120210011
HROV.vOTU07160	Responder_Status	Responder	0.927432989526172	0.93607372197827	0.330283548273394	0.89586494433672	sample_2022120210011
HROV.vOTU31655	Responder_Status	Responder	-0.846021414459216	0.855169231106876	0.330987595130415	0.89586494433672	sample_2022120210011
HROV.vOTU18924	Responder_Status	Responder	-1.25620398716768	1.27250201696274	0.332002913931491	0.89586494433672	sample_2022120210011
HROV.vOTU10071	Responder_Status	Responder	-0.874342296277326	0.889662303547253	0.33413208327621	0.89586494433672	sample_2022120210011
HROV.vOTU21852	Responder_Status	Responder	-0.718735051403926	0.730456662858891	0.333565097192911	0.89586494433672	sample_2022120210011
HROV.vOTU64505	Responder_Status	Responder	-0.400032484786459	0.406890132315307	0.333955005278468	0.89586494433672	sample_2022120210011
HROV.vOTU47918	Responder_Status	Responder	-0.375019735040931	0.38161215522806	0.334158759772772	0.89586494433672	sample_2022120210011
HROV.vOTU04957	Responder_Status	Responder	0.728302113175341	0.74109485277694	0.334152357526128	0.89586494433672	sample_2022120210011
HROV.vOTU30475	Responder_Status	Responder	0.781210602478335	0.789117440080438	0.330662283413823	0.89586494433672	sample_2022120210011
HROV.vOTU23270	Responder_Status	Responder	0.510780303856669	0.519243016201404	0.33368646118801	0.89586494433672	sample_2022120210011
HROV.vOTU32022	Responder_Status	Responder	0.822631784547995	0.836289653096671	0.33370256687161	0.89586494433672	sample_2022120210011
HROV.vOTU07118	Responder_Status	Responder	-0.802134365346109	0.809251919785555	0.330074586385959	0.89586494433672	sample_2022120210011
HROV.vOTU51625	Responder_Status	Responder	-0.739422903925722	0.748415030600331	0.331621234578307	0.89586494433672	sample_2022120210011
HROV.vOTU07437	Responder_Status	Responder	0.556917617477746	0.563068134152872	0.331096268752424	0.89586494433672	sample_2022120210011
HROV.vOTU67265	Responder_Status	Responder	0.695692014406178	0.710276619238471	0.335737246535356	0.896701013787049	sample_2022120210011
HROV.vOTU24081	Responder_Status	Responder	1.4309711486152	1.45856417440833	0.334953909797179	0.896701013787049	sample_2022120210011
HROV.vOTU17656	Responder_Status	Responder	-0.526914148186834	0.538233082104472	0.335978011543375	0.896701013787049	sample_2022120210011
HROV.vOTU53268	Responder_Status	Responder	0.46218652902825	0.47170720444276	0.335567334318473	0.896701013787049	sample_2022120210011
HROV.vOTU23278	Responder_Status	Responder	0.486500303413368	0.496763197629064	0.335798303874516	0.896701013787049	sample_2022120210011
HROV.vOTU24074	Responder_Status	Responder	0.610034636690489	0.622442599187851	0.335446511704096	0.896701013787049	sample_2022120210011
HROV.vOTU01043	Responder_Status	Responder	-0.578629305924562	0.590195340223197	0.335282955394954	0.896701013787049	sample_2022120210011
HROV.vOTU59666	Responder_Status	Responder	0.750802585305649	0.767170307079741	0.336126278007372	0.896705036876865	sample_2022120210011
HROV.vOTU42450	Responder_Status	Responder	1.00544817003667	1.02740449906984	0.336143511208912	0.896705036876865	sample_2022120210011
HROV.vOTU14912	Responder_Status	Responder	-0.332026451412703	0.339477670370646	0.336424454456682	0.897203718067373	sample_2022120210011
HROV.vOTU70759	Responder_Status	Responder	0.983155962568526	1.00558644007953	0.33659784143043	0.897222359919625	sample_2022120210011
HROV.vOTU24826	Responder_Status	Responder	0.483540764040425	0.495140915513453	0.337143530666497	0.897263712381106	sample_2022120210011
HROV.vOTU14207	Responder_Status	Responder	-0.817191620013849	0.838413259027662	0.338060925687734	0.897789597080729	sample_2022120210011
HROV.vOTU10505	Responder_Status	Responder	-0.57692501326206	0.591647113933673	0.33785212650556	0.897789597080729	sample_2022120210011
HROV.vOTU48856	Responder_Status	Responder	1.42670128633763	1.46625867659144	0.338874091546876	0.898212685030972	sample_2022120210011
HROV.vOTU04356	Responder_Status	Responder	0.490397028867841	0.504396442661278	0.339253287558969	0.89841694408905	sample_2022120210011
HROV.vOTU32042	Responder_Status	Responder	-1.15926780621425	1.19305750482921	0.339530493070801	0.898962618944383	sample_2022120210011
HROV.vOTU21098	Responder_Status	Responder	0.848976294436347	0.875119124429389	0.340289604684771	0.89979014400774	sample_2022120210011
HROV.vOTU34025	Responder_Status	Responder	0.800314446924901	0.826008791434559	0.340893776136772	0.900241556747894	sample_2022120210011
HROV.vOTU57313	Responder_Status	Responder	0.647572238343954	0.668476596214601	0.340974676956072	0.900340974355021	sample_2022120210011
HROV.vOTU13136	Responder_Status	Responder	-0.752451625264993	0.777001205813922	0.34113339174518	0.900417391475516	sample_2022120210011
HROV.vOTU59691	Responder_Status	Responder	1.32788475774444	1.37153687109489	0.341247122431456	0.900452032583495	sample_2022120210011
HROV.vOTU02236	Responder_Status	Responder	1.08243346267985	1.11808542562462	0.341276295222253	0.900452032583495	sample_2022120210011
HROV.vOTU61017	Responder_Status	Responder	0.512000257414392	0.529038712626578	0.34143322514436	0.900659065838695	sample_2022120210011
HROV.vOTU32776	Responder_Status	Responder	0.291937926158072	0.3019546347889	0.341907732814442	0.901124951179043	sample_2022120210011
HROV.vOTU58198	Responder_Status	Responder	0.995956793639252	1.04189391662873	0.34729870351001	0.901324370906104	sample_2022120210011
HROV.vOTU60217	Responder_Status	Responder	-0.763117306257594	0.794818449346888	0.345215393255545	0.901324370906104	sample_2022120210011
HROV.vOTU07138	Responder_Status	Responder	-0.400958961069587	0.42108312712467	0.349139369925854	0.901324370906104	sample_2022120210011
HROV.vOTU36535	Responder_Status	Responder	-0.66810112283604	0.701803002180718	0.349254169579334	0.901324370906104	sample_2022120210011
HROV.vOTU13869	Responder_Status	Responder	0.606007355715414	0.634830774411306	0.347951040291435	0.901324370906104	sample_2022120210011
HROV.vOTU16732	Responder_Status	Responder	1.09121598865913	1.13869673164571	0.346112375383429	0.901324370906104	sample_2022120210011
HROV.vOTU72267	Responder_Status	Responder	-1.31260545475021	1.38516016171274	0.351430264093921	0.901324370906104	sample_2022120210011
HROV.vOTU31186	Responder_Status	Responder	0.80239393062376	0.843775499711819	0.349763403304552	0.901324370906104	sample_2022120210011
HROV.vOTU28920	Responder_Status	Responder	0.623760779777756	0.653312274814257	0.347866565575699	0.901324370906104	sample_2022120210011
HROV.vOTU19045	Responder_Status	Responder	1.04393796963895	1.09998107551049	0.350714818886926	0.901324370906104	sample_2022120210011
HROV.vOTU17770	Responder_Status	Responder	0.489178102387169	0.507178028909291	0.343047370951914	0.901324370906104	sample_2022120210011
HROV.vOTU15022	Responder_Status	Responder	0.678719435574664	0.716496789691658	0.351602949878159	0.901324370906104	sample_2022120210011
HROV.vOTU28752	Responder_Status	Responder	0.717988801411014	0.749780345495978	0.346461013128577	0.901324370906104	sample_2022120210011
HROV.vOTU67877	Responder_Status	Responder	0.780264979191485	0.809786421693766	0.343522914747455	0.901324370906104	sample_2022120210011
HROV.vOTU37079	Responder_Status	Responder	0.543595079942143	0.564904859174007	0.344147609490857	0.901324370906104	sample_2022120210011
HROV.vOTU60373	Responder_Status	Responder	-0.832815338749572	0.878093463381081	0.351022193649177	0.901324370906104	sample_2022120210011
HROV.vOTU66226	Responder_Status	Responder	-0.919491470262654	0.953969209365822	0.343367969217649	0.901324370906104	sample_2022120210011
HROV.vOTU25355	Responder_Status	Responder	-0.636589100968026	0.667153320398015	0.348154652566391	0.901324370906104	sample_2022120210011
HROV.vOTU75084	Responder_Status	Responder	-1.13014292926809	1.17629190756985	0.344893058366607	0.901324370906104	sample_2022120210011
HROV.vOTU48546	Responder_Status	Responder	1.29924282259528	1.35658325195698	0.346395165608199	0.901324370906104	sample_2022120210011
HROV.vOTU66680	Responder_Status	Responder	-0.516439598326262	0.539023733365143	0.34621182304271	0.901324370906104	sample_2022120210011
HROV.vOTU23188	Responder_Status	Responder	-0.442775928834111	0.465306388476143	0.349452943444595	0.901324370906104	sample_2022120210011
HROV.vOTU04846	Responder_Status	Responder	-0.664705611332272	0.692711108877349	0.345484453188488	0.901324370906104	sample_2022120210011
HROV.vOTU14680	Responder_Status	Responder	0.8465830344003	0.880279198725178	0.34442208675216	0.901324370906104	sample_2022120210011
HROV.vOTU45209	Responder_Status	Responder	0.891842592473039	0.923930038338287	0.342672834156709	0.901324370906104	sample_2022120210011
HROV.vOTU70158	Responder_Status	Responder	0.31361113674676	0.330590024919775	0.350919820657884	0.901324370906104	sample_2022120210011
HROV.vOTU06436	Responder_Status	Responder	0.54769326261849	0.576926257206175	0.350575474218119	0.901324370906104	sample_2022120210011
HROV.vOTU31772	Responder_Status	Responder	0.924684306159121	0.966430207326249	0.346855087287293	0.901324370906104	sample_2022120210011
HROV.vOTU60252	Responder_Status	Responder	0.410910296666573	0.430171339878464	0.34763898434041	0.901324370906104	sample_2022120210011
HROV.vOTU73192	Responder_Status	Responder	0.860495562571981	0.895843610299966	0.345004361829675	0.901324370906104	sample_2022120210011
HROV.vOTU73302	Responder_Status	Responder	0.996265569042776	1.05259709955717	0.351999318332727	0.901324370906104	sample_2022120210011
HROV.vOTU46527	Responder_Status	Responder	0.592699775214248	0.622164464069018	0.348923671515491	0.901324370906104	sample_2022120210011
HROV.vOTU23782	Responder_Status	Responder	-0.420641801878448	0.435246524794008	0.342095491854349	0.901324370906104	sample_2022120210011
HROV.vOTU01539	Responder_Status	Responder	-0.41929124916278	0.441822596639709	0.350738410292273	0.901324370906104	sample_2022120210011
HROV.vOTU33026	Responder_Status	Responder	0.424850058095471	0.446487073052317	0.349472815768109	0.901324370906104	sample_2022120210011
HROV.vOTU04677	Responder_Status	Responder	0.452764943753056	0.473711969964485	0.347362688824293	0.901324370906104	sample_2022120210011
HROV.vOTU09655	Responder_Status	Responder	-0.376704656374143	0.397032966215429	0.350840453410381	0.901324370906104	sample_2022120210011
HROV.vOTU60846	Responder_Status	Responder	0.355834748753299	0.368442953875621	0.342422460288856	0.901324370906104	sample_2022120210011
HROV.vOTU03324	Responder_Status	Responder	-0.302143105954827	0.315266132421918	0.34607661331755	0.901324370906104	sample_2022120210011
HROV.vOTU23984	Responder_Status	Responder	0.781530414510538	0.821200045339131	0.349396223842087	0.901324370906104	sample_2022120210011
HROV.vOTU21744	Responder_Status	Responder	-0.559177261011671	0.590513443563557	0.351773607653608	0.901324370906104	sample_2022120210011
HROV.vOTU65362	Responder_Status	Responder	0.926787150440727	0.971900111445517	0.348455260659466	0.901324370906104	sample_2022120210011
HROV.vOTU05761	Responder_Status	Responder	1.07818031176213	1.11939765287435	0.343702888588809	0.901324370906104	sample_2022120210011
HROV.vOTU71676	Responder_Status	Responder	0.458813616387652	0.478344809450376	0.345683324805994	0.901324370906104	sample_2022120210011
HROV.vOTU38654	Responder_Status	Responder	1.27224697744896	1.34190648644967	0.351195571071746	0.901324370906104	sample_2022120210011
HROV.vOTU38064	Responder_Status	Responder	0.873914864855932	0.913312278184162	0.346825759338585	0.901324370906104	sample_2022120210011
HROV.vOTU19339	Responder_Status	Responder	0.873396120749371	0.906249177459181	0.343422322003475	0.901324370906104	sample_2022120210011
HROV.vOTU55684	Responder_Status	Responder	0.495824471761347	0.516787710179563	0.345551573360289	0.901324370906104	sample_2022120210011
HROV.vOTU57880	Responder_Status	Responder	0.411167027582991	0.429088949454454	0.346147014464212	0.901324370906104	sample_2022120210011
HROV.vOTU72586	Responder_Status	Responder	-0.665276700004122	0.691213873051516	0.344049593216805	0.901324370906104	sample_2022120210011
HROV.vOTU74372	Responder_Status	Responder	0.427011080472772	0.447213722887472	0.347837311285652	0.901324370906104	sample_2022120210011
HROV.vOTU40521	Responder_Status	Responder	0.433385435519583	0.451957627699958	0.345812988335933	0.901324370906104	sample_2022120210011
HROV.vOTU25387	Responder_Status	Responder	-0.508715509093219	0.538336586735495	0.35275452013346	0.90150904607295	sample_2022120210011
HROV.vOTU58176	Responder_Status	Responder	-0.737852465477167	0.780506705489282	0.352566991870679	0.90150904607295	sample_2022120210011
HROV.vOTU25800	Responder_Status	Responder	0.670781411822822	0.709826971160596	0.352746399052233	0.90150904607295	sample_2022120210011
HROV.vOTU29297	Responder_Status	Responder	0.671498884433417	0.710874946049351	0.35293896459224	0.90150904607295	sample_2022120210011
HROV.vOTU09393	Responder_Status	Responder	0.654674567075961	0.692575940457081	0.352605002873702	0.90150904607295	sample_2022120210011
HROV.vOTU59597	Responder_Status	Responder	0.716911152558134	0.75923231228737	0.353115150291633	0.901579791476563	sample_2022120210011
HROV.vOTU73713	Responder_Status	Responder	0.345665155962567	0.366160594393351	0.353231546963756	0.901579791476563	sample_2022120210011
HROV.vOTU01835	Responder_Status	Responder	-0.585326651661357	0.620607133538836	0.353670746133928	0.902274369503335	sample_2022120210011
HROV.vOTU57832	Responder_Status	Responder	0.400384453561063	0.424606908339372	0.353770467457245	0.902353956647922	sample_2022120210011
HROV.vOTU42180	Responder_Status	Responder	-0.826428007824949	0.87833654517729	0.354802702833098	0.902436265838826	sample_2022120210011
HROV.vOTU31834	Responder_Status	Responder	-0.703806135172592	0.75116199159822	0.356792789657568	0.902436265838826	sample_2022120210011
HROV.vOTU67350	Responder_Status	Responder	-0.682140767720921	0.727737642455667	0.356596812961194	0.902436265838826	sample_2022120210011
HROV.vOTU15896	Responder_Status	Responder	0.935639549021079	0.998659159644643	0.356823498119065	0.902436265838826	sample_2022120210011
HROV.vOTU56860	Responder_Status	Responder	0.49504334771797	0.525172449389959	0.353932896157202	0.902436265838826	sample_2022120210011
HROV.vOTU55384	Responder_Status	Responder	-1.39635609768223	1.49132767122599	0.357115903036964	0.902436265838826	sample_2022120210011
HROV.vOTU21543	Responder_Status	Responder	0.930819551136748	0.990709510468864	0.355484386443997	0.902436265838826	sample_2022120210011
HROV.vOTU22458	Responder_Status	Responder	-0.589805657741341	0.628032353257953	0.355694077664447	0.902436265838826	sample_2022120210011
HROV.vOTU67833	Responder_Status	Responder	-0.9450933449006	1.00899939792123	0.356940696804201	0.902436265838826	sample_2022120210011
HROV.vOTU37726	Responder_Status	Responder	-0.776012014050872	0.828110543312197	0.356726614777708	0.902436265838826	sample_2022120210011
HROV.vOTU50574	Responder_Status	Responder	-0.653342850749013	0.696439843346211	0.356206005780452	0.902436265838826	sample_2022120210011
HROV.vOTU08794	Responder_Status	Responder	-0.555855751703797	0.593107263756485	0.356673477615982	0.902436265838826	sample_2022120210011
HROV.vOTU67860	Responder_Status	Responder	-0.511069467206801	0.545792151572717	0.357083695004988	0.902436265838826	sample_2022120210011
HROV.vOTU30278	Responder_Status	Responder	-0.736789281597844	0.786169932511411	0.356675649391467	0.902436265838826	sample_2022120210011
HROV.vOTU44691	Responder_Status	Responder	1.36682536641808	1.45769502184294	0.35643630029406	0.902436265838826	sample_2022120210011
HROV.vOTU49689	Responder_Status	Responder	0.613908931337763	0.655628162623211	0.3570905621873	0.902436265838826	sample_2022120210011
HROV.vOTU22687	Responder_Status	Responder	0.664250179990003	0.705981309491368	0.354808808678776	0.902436265838826	sample_2022120210011
HROV.vOTU33570	Responder_Status	Responder	-0.47696118908871	0.509030356175239	0.356771073530249	0.902436265838826	sample_2022120210011
HROV.vOTU07520	Responder_Status	Responder	0.402212809390122	0.428109246934524	0.355503884355807	0.902436265838826	sample_2022120210011
HROV.vOTU75876	Responder_Status	Responder	0.521002539675484	0.5527898505009	0.354000017556078	0.902436265838826	sample_2022120210011
HROV.vOTU12421	Responder_Status	Responder	-0.797559622286412	0.852611025675928	0.357563886881759	0.902663125744442	sample_2022120210011
HROV.vOTU55005	Responder_Status	Responder	-0.367818753734117	0.393338079357649	0.357721241980033	0.902663125744442	sample_2022120210011
HROV.vOTU75320	Responder_Status	Responder	0.757853830080241	0.811379942138	0.358273577783116	0.903168768506183	sample_2022120210011
HROV.vOTU29269	Responder_Status	Responder	0.529364275207487	0.566874208592523	0.358375220520539	0.903277163041065	sample_2022120210011
HROV.vOTU24574	Responder_Status	Responder	-1.38697629726867	1.48670537098075	0.358837124750427	0.903592685350584	sample_2022120210011
HROV.vOTU23394	Responder_Status	Responder	0.318873533554367	0.341829763721062	0.358875845774359	0.903592685350584	sample_2022120210011
HROV.vOTU11108	Responder_Status	Responder	0.748242843905135	0.802285779231501	0.35897951073848	0.903635084777055	sample_2022120210011
HROV.vOTU53736	Responder_Status	Responder	0.326801354087029	0.350782106914151	0.359488479778568	0.904257282473753	sample_2022120210011
HROV.vOTU56605	Responder_Status	Responder	-0.709069797105955	0.761903249260637	0.359986691966864	0.904521223077198	sample_2022120210011
HROV.vOTU40394	Responder_Status	Responder	-0.914213562953594	0.982223919976565	0.35993440369091	0.904521223077198	sample_2022120210011
HROV.vOTU54818	Responder_Status	Responder	-1.14687859294844	1.23355448951433	0.360455204705955	0.904723873864038	sample_2022120210011
HROV.vOTU12887	Responder_Status	Responder	-0.713271137166941	0.767980863306915	0.360950672311519	0.905681242370365	sample_2022120210011
HROV.vOTU12294	Responder_Status	Responder	-0.558126299779234	0.601017362746328	0.361014698654296	0.905691328490921	sample_2022120210011
HROV.vOTU62066	Responder_Status	Responder	-1.18317652267222	1.27605353564863	0.361738739586447	0.906195039062058	sample_2022120210011
HROV.vOTU67791	Responder_Status	Responder	0.819455685128971	0.884307466681447	0.362020190283654	0.906195039062058	sample_2022120210011
HROV.vOTU73771	Responder_Status	Responder	-0.582452401634243	0.627779898332085	0.361442107700479	0.906195039062058	sample_2022120210011
HROV.vOTU13689	Responder_Status	Responder	-0.698790210696751	0.753989379654412	0.361955507047655	0.906195039062058	sample_2022120210011
HROV.vOTU23140	Responder_Status	Responder	0.348342642287177	0.376114967716985	0.362277324706679	0.906195039062058	sample_2022120210011
HROV.vOTU69180	Responder_Status	Responder	0.320686832144239	0.346130099377197	0.362107756638439	0.906195039062058	sample_2022120210011
HROV.vOTU02040	Responder_Status	Responder	-1.01458488777581	1.09672363915517	0.362816061359107	0.90655035597723	sample_2022120210011
HROV.vOTU04065	Responder_Status	Responder	-0.461804721385127	0.499515696214593	0.363122990325753	0.90655035597723	sample_2022120210011
HROV.vOTU20527	Responder_Status	Responder	1.16996283344137	1.26451729050025	0.362754979551248	0.90655035597723	sample_2022120210011
HROV.vOTU60665	Responder_Status	Responder	0.785382447535687	0.849131413898026	0.3629084859803	0.90655035597723	sample_2022120210011
HROV.vOTU08073	Responder_Status	Responder	0.744050634495406	0.804805596869589	0.363120514750576	0.90655035597723	sample_2022120210011
HROV.vOTU27737	Responder_Status	Responder	0.836321559125831	0.904807851561149	0.363223456563077	0.90655035597723	sample_2022120210011
HROV.vOTU15604	Responder_Status	Responder	-0.771026851676511	0.833270251130629	0.362715426498959	0.90655035597723	sample_2022120210011
HROV.vOTU29846	Responder_Status	Responder	0.155443631895398	0.168240991053068	0.363414823843447	0.90655035597723	sample_2022120210011
HROV.vOTU43434	Responder_Status	Responder	-0.677851259559508	0.739133782695138	0.366928275999924	0.906870403803102	sample_2022120210011
HROV.vOTU43676	Responder_Status	Responder	-0.903754985253394	0.989882795400331	0.369041568945211	0.906870403803102	sample_2022120210011
HROV.vOTU39186	Responder_Status	Responder	-0.997297322064458	1.08685056627811	0.366663565689009	0.906870403803102	sample_2022120210011
HROV.vOTU33881	Responder_Status	Responder	-1.6380317217694	1.79352819064364	0.36888166938787	0.906870403803102	sample_2022120210011
HROV.vOTU29337	Responder_Status	Responder	-0.381995055978473	0.414998044834366	0.3651878559469	0.906870403803102	sample_2022120210011
HROV.vOTU59262	Responder_Status	Responder	-0.930958380905229	1.01510744342011	0.366920775401973	0.906870403803102	sample_2022120210011
HROV.vOTU15021	Responder_Status	Responder	-0.660176356712909	0.723071318693831	0.369028638310262	0.906870403803102	sample_2022120210011
HROV.vOTU13759	Responder_Status	Responder	-0.667933265297636	0.728380232750732	0.366967886399091	0.906870403803102	sample_2022120210011
HROV.vOTU02992	Responder_Status	Responder	1.04439586194105	1.1379766690535	0.366579876240946	0.906870403803102	sample_2022120210011
HROV.vOTU04717	Responder_Status	Responder	-0.873399437602188	0.949603679185933	0.365558973153227	0.906870403803102	sample_2022120210011
HROV.vOTU17050	Responder_Status	Responder	0.881660303055279	0.96193643944379	0.367207077135531	0.906870403803102	sample_2022120210011
HROV.vOTU74323	Responder_Status	Responder	0.769201888607959	0.841052124942786	0.368226067952091	0.906870403803102	sample_2022120210011
HROV.vOTU57371	Responder_Status	Responder	0.654951038510748	0.716698637691359	0.368601165051962	0.906870403803102	sample_2022120210011
HROV.vOTU67096	Responder_Status	Responder	-0.999435771601062	1.08572571721548	0.365162755976987	0.906870403803102	sample_2022120210011
HROV.vOTU08300	Responder_Status	Responder	-0.502603131514261	0.545889106402305	0.365069202454828	0.906870403803102	sample_2022120210011
HROV.vOTU23118	Responder_Status	Responder	0.547969025003601	0.600669242613364	0.369417801342845	0.906870403803102	sample_2022120210011
HROV.vOTU44915	Responder_Status	Responder	-0.908484102758383	0.99271736915277	0.367927974037751	0.906870403803102	sample_2022120210011
HROV.vOTU26589	Responder_Status	Responder	0.990292018426482	1.07768923205348	0.365994878970527	0.906870403803102	sample_2022120210011
HROV.vOTU02759	Responder_Status	Responder	1.28030831338101	1.40185818890229	0.368885600484218	0.906870403803102	sample_2022120210011
HROV.vOTU65851	Responder_Status	Responder	0.735442358673606	0.797479783973257	0.364298682285824	0.906870403803102	sample_2022120210011
HROV.vOTU02658	Responder_Status	Responder	0.614885190820118	0.671751389239843	0.367826079788486	0.906870403803102	sample_2022120210011
HROV.vOTU63797	Responder_Status	Responder	0.669957406246982	0.73264829584419	0.368297554996201	0.906870403803102	sample_2022120210011
HROV.vOTU16315	Responder_Status	Responder	1.38808133068444	1.51674383530426	0.367916058531943	0.906870403803102	sample_2022120210011
HROV.vOTU50399	Responder_Status	Responder	0.46761014175341	0.509856968340244	0.36690195667048	0.906870403803102	sample_2022120210011
HROV.vOTU03622	Responder_Status	Responder	0.875146117136743	0.954659785203151	0.367123332771371	0.906870403803102	sample_2022120210011
HROV.vOTU41114	Responder_Status	Responder	0.962399174958931	1.05404851664703	0.369011462169685	0.906870403803102	sample_2022120210011
HROV.vOTU45998	Responder_Status	Responder	0.601821900775562	0.653131643324036	0.36469223110419	0.906870403803102	sample_2022120210011
HROV.vOTU09633	Responder_Status	Responder	0.363165428975919	0.398202981517672	0.369548833651114	0.906870403803102	sample_2022120210011
HROV.vOTU24656	Responder_Status	Responder	-0.320969060246879	0.349512003765493	0.366287048750133	0.906870403803102	sample_2022120210011
HROV.vOTU14422	Responder_Status	Responder	1.0395973069388	1.13519360234522	0.367598091689306	0.906870403803102	sample_2022120210011
HROV.vOTU52822	Responder_Status	Responder	0.42977920858646	0.470727391877897	0.369031789606735	0.906870403803102	sample_2022120210011
HROV.vOTU16374	Responder_Status	Responder	-0.319286562277647	0.34669994069859	0.364953764729808	0.906870403803102	sample_2022120210011
HROV.vOTU27780	Responder_Status	Responder	-1.17670973805432	1.29323096264079	0.370642215220964	0.907242615026413	sample_2022120210011
HROV.vOTU09847	Responder_Status	Responder	1.07377405790138	1.18000968586426	0.370605207322721	0.907242615026413	sample_2022120210011
HROV.vOTU63699	Responder_Status	Responder	-0.618122428353722	0.679139256662462	0.370509288813004	0.907242615026413	sample_2022120210011
HROV.vOTU63563	Responder_Status	Responder	0.867247654277752	0.95244954677837	0.370307860128112	0.907242615026413	sample_2022120210011
HROV.vOTU02585	Responder_Status	Responder	1.00969611880719	1.10992226890169	0.370745512403917	0.907286872328124	sample_2022120210011
HROV.vOTU24068	Responder_Status	Responder	-0.752892147865056	0.828650050094964	0.371328007644947	0.907732605366093	sample_2022120210011
HROV.vOTU47801	Responder_Status	Responder	-0.679589894340109	0.748246260191682	0.371500881674456	0.907743349473516	sample_2022120210011
HROV.vOTU55792	Responder_Status	Responder	-0.843375777770391	0.928995615396657	0.371712439278128	0.908014836706282	sample_2022120210011
HROV.vOTU52072	Responder_Status	Responder	0.84619178076903	0.933595155092107	0.372469152133817	0.908606602434285	sample_2022120210011
HROV.vOTU08942	Responder_Status	Responder	0.937036566481377	1.03577671192835	0.373358619792721	0.909155319488241	sample_2022120210011
HROV.vOTU37292	Responder_Status	Responder	0.886739015238174	0.98009964126847	0.373320445792429	0.909155319488241	sample_2022120210011
HROV.vOTU03725	Responder_Status	Responder	-0.624227682932103	0.689819084445181	0.373231239092555	0.909155319488241	sample_2022120210011
HROV.vOTU52600	Responder_Status	Responder	0.86719917472323	0.95903739223359	0.373583247716029	0.909196792396047	sample_2022120210011
HROV.vOTU43228	Responder_Status	Responder	0.715607448394594	0.792237113427739	0.374086112331783	0.909862401050018	sample_2022120210011
HROV.vOTU00850	Responder_Status	Responder	-0.561778361626717	0.62207537266143	0.374192031358409	0.909975411476526	sample_2022120210011
HROV.vOTU65332	Responder_Status	Responder	0.862590404179694	0.955231036363175	0.374220010676871	0.909975411476526	sample_2022120210011
HROV.vOTU49591	Responder_Status	Responder	0.666287015846918	0.738093158849469	0.374378362358572	0.909977648966874	sample_2022120210011
HROV.vOTU63882	Responder_Status	Responder	0.142044185358054	0.157377473652445	0.374453484865881	0.909977648966874	sample_2022120210011
HROV.vOTU52624	Responder_Status	Responder	-1.00608864143679	1.11837873119028	0.376007453718737	0.910264380219304	sample_2022120210011
HROV.vOTU72092	Responder_Status	Responder	-0.761779168648798	0.848243027969706	0.376807679243176	0.910264380219304	sample_2022120210011
HROV.vOTU68963	Responder_Status	Responder	-0.902597251998893	1.0044494283499	0.376529098639122	0.910264380219304	sample_2022120210011
HROV.vOTU34299	Responder_Status	Responder	-0.564684263853693	0.628987688309831	0.376965031645403	0.910264380219304	sample_2022120210011
HROV.vOTU36327	Responder_Status	Responder	-0.793128343033406	0.879495707286119	0.374855897595453	0.910264380219304	sample_2022120210011
HROV.vOTU71761	Responder_Status	Responder	-0.310457826437011	0.345064598175813	0.375948001771133	0.910264380219304	sample_2022120210011
HROV.vOTU23568	Responder_Status	Responder	0.51519034014519	0.573646879707026	0.376792207011632	0.910264380219304	sample_2022120210011
HROV.vOTU18316	Responder_Status	Responder	1.05132314085729	1.17031512869778	0.376672680572978	0.910264380219304	sample_2022120210011
HROV.vOTU02851	Responder_Status	Responder	0.886993056263108	0.98341587931105	0.374776473364303	0.910264380219304	sample_2022120210011
HROV.vOTU33700	Responder_Status	Responder	-0.682467348379987	0.760746746287819	0.377313564910101	0.910477840668185	sample_2022120210011
HROV.vOTU19533	Responder_Status	Responder	1.30256690187866	1.45349597001215	0.377806946768074	0.911034707712866	sample_2022120210011
HROV.vOTU15658	Responder_Status	Responder	0.771149979782535	0.86064024106696	0.377881669397128	0.911085802720726	sample_2022120210011
HROV.vOTU16260	Responder_Status	Responder	-0.500805244801881	0.559552812604827	0.378411583999282	0.911645077417046	sample_2022120210011
HROV.vOTU71984	Responder_Status	Responder	1.20235278200898	1.34375279631813	0.378536357792131	0.911645077417046	sample_2022120210011
HROV.vOTU53606	Responder_Status	Responder	-0.526874245037018	0.588918419707963	0.378602068976012	0.911645077417046	sample_2022120210011
HROV.vOTU04461	Responder_Status	Responder	0.970391788113729	1.08533166378391	0.378891298859484	0.911792209076199	sample_2022120210011
HROV.vOTU01833	Responder_Status	Responder	-0.31277745074086	0.350065899879568	0.379214931147751	0.911795936137563	sample_2022120210011
HROV.vOTU08586	Responder_Status	Responder	0.60119648802467	0.672873476820705	0.379217747736867	0.911795936137563	sample_2022120210011
HROV.vOTU18501	Responder_Status	Responder	0.330500302760559	0.370055362262844	0.379410237557794	0.911942736116107	sample_2022120210011
HROV.vOTU31699	Responder_Status	Responder	-0.718173738428303	0.804997596721345	0.37991904938839	0.912018942578021	sample_2022120210011
HROV.vOTU38452	Responder_Status	Responder	-0.978565398842577	1.09708533498951	0.380011544029747	0.912018942578021	sample_2022120210011
HROV.vOTU46641	Responder_Status	Responder	-0.637176725660743	0.714866798364537	0.380351961335794	0.912520294514125	sample_2022120210011
HROV.vOTU73532	Responder_Status	Responder	-0.788557269012781	0.885394271387544	0.38071782916961	0.912636570281463	sample_2022120210011
HROV.vOTU63482	Responder_Status	Responder	-0.624825307398601	0.702736277108866	0.381507566401021	0.912636570281463	sample_2022120210011
HROV.vOTU41729	Responder_Status	Responder	-1.2473171173469	1.40117415477843	0.380946861353583	0.912636570281463	sample_2022120210011
HROV.vOTU05683	Responder_Status	Responder	0.546968964186331	0.614693466795577	0.381142250760607	0.912636570281463	sample_2022120210011
HROV.vOTU04551	Responder_Status	Responder	1.03503114542755	1.16201779421675	0.380670122157296	0.912636570281463	sample_2022120210011
HROV.vOTU12337	Responder_Status	Responder	-0.435453978734044	0.489786029245193	0.381540400412649	0.912636570281463	sample_2022120210011
HROV.vOTU44071	Responder_Status	Responder	0.767830709527787	0.861845630202731	0.380566984868268	0.912636570281463	sample_2022120210011
HROV.vOTU02279	Responder_Status	Responder	0.779044273327062	0.876222380963758	0.381527504397356	0.912636570281463	sample_2022120210011
HROV.vOTU41535	Responder_Status	Responder	0.655248164274596	0.73750383360061	0.38185861702805	0.912978074137246	sample_2022120210011
HROV.vOTU01979	Responder_Status	Responder	-0.60531246933004	0.681434203860374	0.38195141125095	0.913050445229499	sample_2022120210011
HROV.vOTU54484	Responder_Status	Responder	-0.628107553629425	0.708193630249964	0.382679557818194	0.913064617332186	sample_2022120210011
HROV.vOTU24576	Responder_Status	Responder	0.747609256097922	0.842820164267133	0.382617146585648	0.913064617332186	sample_2022120210011
HROV.vOTU72148	Responder_Status	Responder	1.20489349189497	1.35694753014586	0.382135269497523	0.913064617332186	sample_2022120210011
HROV.vOTU54368	Responder_Status	Responder	0.60636400043364	0.683068201948838	0.382260936410867	0.913064617332186	sample_2022120210011
HROV.vOTU41921	Responder_Status	Responder	-0.826637187784805	0.93293896865807	0.383133706917866	0.913064617332186	sample_2022120210011
HROV.vOTU25602	Responder_Status	Responder	-0.429454642704961	0.484231251265539	0.382698482599973	0.913064617332186	sample_2022120210011
HROV.vOTU20653	Responder_Status	Responder	-0.766968038538954	0.865200261830958	0.382918776772767	0.913064617332186	sample_2022120210011
HROV.vOTU02568	Responder_Status	Responder	0.706909104027708	0.797198041089381	0.382771031525345	0.913064617332186	sample_2022120210011
HROV.vOTU67358	Responder_Status	Responder	0.410594353385489	0.463301489094108	0.383039089339218	0.913064617332186	sample_2022120210011
HROV.vOTU30321	Responder_Status	Responder	0.60614849131013	0.685074805262355	0.383804205445877	0.913072623068197	sample_2022120210011
HROV.vOTU37684	Responder_Status	Responder	1.00614236839227	1.13739080537635	0.383902826747761	0.913072623068197	sample_2022120210011
HROV.vOTU37579	Responder_Status	Responder	0.538323104840699	0.608667431237252	0.383996540208948	0.913072623068197	sample_2022120210011
HROV.vOTU35084	Responder_Status	Responder	0.954468523242615	1.07887453978697	0.383858606195987	0.913072623068197	sample_2022120210011
HROV.vOTU41415	Responder_Status	Responder	-1.03629770363604	1.17292361587298	0.384480499713935	0.913201661646335	sample_2022120210011
HROV.vOTU67200	Responder_Status	Responder	-0.369546675055762	0.41820578908656	0.384410902660659	0.913201661646335	sample_2022120210011
HROV.vOTU28376	Responder_Status	Responder	-0.718824494897465	0.814004290780172	0.384716561950648	0.91351531337015	sample_2022120210011
HROV.vOTU62404	Responder_Status	Responder	0.220105430265093	0.2493737272812	0.384949879823217	0.91357382558015	sample_2022120210011
HROV.vOTU11474	Responder_Status	Responder	-0.68821097372353	0.781262176689824	0.385872989132922	0.913772474842234	sample_2022120210011
HROV.vOTU20938	Responder_Status	Responder	0.752205400042965	0.853438992191245	0.385614885205108	0.913772474842234	sample_2022120210011
HROV.vOTU56971	Responder_Status	Responder	1.1162909398566	1.26662212644432	0.385651185835774	0.913772474842234	sample_2022120210011
HROV.vOTU11195	Responder_Status	Responder	1.45104616057263	1.65227862889108	0.38730430460268	0.91380631971818	sample_2022120210011
HROV.vOTU44513	Responder_Status	Responder	-0.665919600294382	0.756823143793142	0.386409663296884	0.91380631971818	sample_2022120210011
HROV.vOTU70683	Responder_Status	Responder	0.549380527104228	0.624841153581647	0.386758911201837	0.91380631971818	sample_2022120210011
HROV.vOTU57856	Responder_Status	Responder	-0.51420449358005	0.585081931786963	0.386957863635857	0.91380631971818	sample_2022120210011
HROV.vOTU32612	Responder_Status	Responder	0.243303273684105	0.276829517091416	0.386940200882778	0.91380631971818	sample_2022120210011
HROV.vOTU13053	Responder_Status	Responder	0.572756414584729	0.650471742619874	0.38607074233749	0.91380631971818	sample_2022120210011
HROV.vOTU70227	Responder_Status	Responder	0.414155797769273	0.471337210058774	0.387051869915668	0.91380631971818	sample_2022120210011
HROV.vOTU04210	Responder_Status	Responder	0.423731087800417	0.481279909879265	0.386123539083437	0.91380631971818	sample_2022120210011
HROV.vOTU12508	Responder_Status	Responder	0.645633911469279	0.733449265518032	0.386205905172789	0.91380631971818	sample_2022120210011
HROV.vOTU35376	Responder_Status	Responder	-0.432421221913937	0.492521881798818	0.387429901766656	0.913807751305717	sample_2022120210011
HROV.vOTU59313	Responder_Status	Responder	-0.356914528403857	0.406922796015433	0.387892725833682	0.913910115331632	sample_2022120210011
HROV.vOTU63905	Responder_Status	Responder	0.742272879087591	0.846383259282375	0.387952750118083	0.913910115331632	sample_2022120210011
HROV.vOTU22959	Responder_Status	Responder	0.466186498472573	0.531671402669414	0.388039139418948	0.913910115331632	sample_2022120210011
HROV.vOTU28582	Responder_Status	Responder	0.232728324412316	0.265592350133648	0.388343874385318	0.914120438180199	sample_2022120210011
HROV.vOTU66429	Responder_Status	Responder	0.320233407556432	0.365677161415294	0.388629351599222	0.914120438180199	sample_2022120210011
HROV.vOTU59505	Responder_Status	Responder	-0.715130831021201	0.81750099625689	0.389137510518603	0.914410686296391	sample_2022120210011
HROV.vOTU66953	Responder_Status	Responder	-0.816100410965403	0.933148699623693	0.389250064898374	0.914410686296391	sample_2022120210011
HROV.vOTU25173	Responder_Status	Responder	0.445804477985168	0.510806466480456	0.390224516270451	0.914499688828241	sample_2022120210011
HROV.vOTU15979	Responder_Status	Responder	0.889793951002331	1.01941209165207	0.390168920117321	0.914499688828241	sample_2022120210011
HROV.vOTU10006	Responder_Status	Responder	-0.555836071272711	0.638804319120904	0.391633770253719	0.914719042283867	sample_2022120210011
HROV.vOTU06122	Responder_Status	Responder	-0.626396977782913	0.7186035703013	0.390792744810208	0.914719042283867	sample_2022120210011
HROV.vOTU59791	Responder_Status	Responder	0.227954894401329	0.261754217677917	0.391228747032345	0.914719042283867	sample_2022120210011
HROV.vOTU40120	Responder_Status	Responder	-0.415179421285545	0.478200502368196	0.392659104433184	0.914982716378713	sample_2022120210011
HROV.vOTU02175	Responder_Status	Responder	0.458966626502535	0.528699344324925	0.392716596126763	0.914982716378713	sample_2022120210011
HROV.vOTU50443	Responder_Status	Responder	0.319734814311435	0.368849956631766	0.393396339145944	0.915227986959072	sample_2022120210011
HROV.vOTU00374	Responder_Status	Responder	0.70868311597789	0.817485649885269	0.393362195625059	0.915227986959072	sample_2022120210011
HROV.vOTU50156	Responder_Status	Responder	0.579640818160083	0.668600873180792	0.393340614372565	0.915227986959072	sample_2022120210011
HROV.vOTU02103	Responder_Status	Responder	1.07024024951506	1.23735949726759	0.394422583824494	0.915611208012462	sample_2022120210011
HROV.vOTU46856	Responder_Status	Responder	-0.605644043136995	0.701101830550163	0.39501244703501	0.916120789418801	sample_2022120210011
HROV.vOTU60677	Responder_Status	Responder	-0.398076992739804	0.460805380699595	0.394998281293715	0.916120789418801	sample_2022120210011
HROV.vOTU22887	Responder_Status	Responder	-0.39273981856709	0.454687302900262	0.395059969519854	0.916128928872076	sample_2022120210011
HROV.vOTU21802	Responder_Status	Responder	-1.0909974165343	1.26453859460065	0.395597487809408	0.916360990605328	sample_2022120210011
HROV.vOTU36749	Responder_Status	Responder	-0.952339085366209	1.1034696175136	0.395447575506768	0.916360990605328	sample_2022120210011
HROV.vOTU37639	Responder_Status	Responder	0.990065376399701	1.14794579324202	0.395757638024584	0.916360990605328	sample_2022120210011
HROV.vOTU40992	Responder_Status	Responder	-0.760141383103646	0.88285104545215	0.39654728358753	0.916526038136531	sample_2022120210011
HROV.vOTU39116	Responder_Status	Responder	-0.698330134966203	0.81311061431222	0.397723033043612	0.916526038136531	sample_2022120210011
HROV.vOTU44696	Responder_Status	Responder	-1.40979762530997	1.6445286680255	0.3985764583105	0.916526038136531	sample_2022120210011
HROV.vOTU69775	Responder_Status	Responder	-0.786260967493095	0.914563732355931	0.397249312090986	0.916526038136531	sample_2022120210011
HROV.vOTU57404	Responder_Status	Responder	0.623922377402989	0.724549366104659	0.396487563150494	0.916526038136531	sample_2022120210011
HROV.vOTU05314	Responder_Status	Responder	-0.676495709803577	0.785412140543332	0.396375013412643	0.916526038136531	sample_2022120210011
HROV.vOTU29370	Responder_Status	Responder	0.502558194012647	0.586226561933623	0.398570518838857	0.916526038136531	sample_2022120210011
HROV.vOTU45180	Responder_Status	Responder	0.37941980756006	0.441173339050387	0.397079786471482	0.916526038136531	sample_2022120210011
HROV.vOTU14008	Responder_Status	Responder	0.324877200539441	0.377097736638806	0.396269953430071	0.916526038136531	sample_2022120210011
HROV.vOTU42808	Responder_Status	Responder	0.403072245245643	0.46887100376792	0.397274227365232	0.916526038136531	sample_2022120210011
HROV.vOTU51830	Responder_Status	Responder	0.262612769925579	0.306543531970046	0.398889107659985	0.91663466283314	sample_2022120210011
HROV.vOTU10958	Responder_Status	Responder	-1.02296489822638	1.19559445943305	0.399475195187025	0.917171430379212	sample_2022120210011
HROV.vOTU02138	Responder_Status	Responder	0.717258668040486	0.843745753449041	0.402486592572134	0.917507638737689	sample_2022120210011
HROV.vOTU07124	Responder_Status	Responder	-0.873475107806988	1.02324170965035	0.400551318168193	0.917507638737689	sample_2022120210011
HROV.vOTU30941	Responder_Status	Responder	-0.916550042378701	1.0813110485908	0.403832508503761	0.917507638737689	sample_2022120210011
HROV.vOTU45238	Responder_Status	Responder	0.976732007226748	1.14743419142364	0.401862362572067	0.917507638737689	sample_2022120210011
HROV.vOTU51944	Responder_Status	Responder	-1.0321823176991	1.21153842673864	0.401464668844947	0.917507638737689	sample_2022120210011
HROV.vOTU29117	Responder_Status	Responder	-0.542384584913158	0.641040218214659	0.404669761626607	0.917507638737689	sample_2022120210011
HROV.vOTU51786	Responder_Status	Responder	0.82939651670484	0.979188658082223	0.404163522956549	0.917507638737689	sample_2022120210011
HROV.vOTU03578	Responder_Status	Responder	0.787730981699545	0.921871044294886	0.400084913799087	0.917507638737689	sample_2022120210011
HROV.vOTU59708	Responder_Status	Responder	-0.58843670929693	0.697846742890759	0.406252710189003	0.917507638737689	sample_2022120210011
HROV.vOTU57974	Responder_Status	Responder	-0.42157810166278	0.499638086956791	0.405950831459366	0.917507638737689	sample_2022120210011
HROV.vOTU04455	Responder_Status	Responder	0.740166826133182	0.87684641102141	0.405754839633886	0.917507638737689	sample_2022120210011
HROV.vOTU39924	Responder_Status	Responder	0.827125348095534	0.980610513199938	0.406108523236083	0.917507638737689	sample_2022120210011
HROV.vOTU72947	Responder_Status	Responder	0.853660932839892	0.998538080255524	0.399856705976479	0.917507638737689	sample_2022120210011
HROV.vOTU20558	Responder_Status	Responder	-0.675056978858112	0.78976107045015	0.39993819760017	0.917507638737689	sample_2022120210011
HROV.vOTU42795	Responder_Status	Responder	-0.373260171322551	0.439243250976433	0.402655230748116	0.917507638737689	sample_2022120210011
HROV.vOTU45611	Responder_Status	Responder	0.45640898095276	0.537827534656467	0.403291979307494	0.917507638737689	sample_2022120210011
HROV.vOTU39613	Responder_Status	Responder	-0.642694715648905	0.752443081277803	0.4002741627905	0.917507638737689	sample_2022120210011
HROV.vOTU38578	Responder_Status	Responder	-0.455682908545117	0.538215374182874	0.404365698408014	0.917507638737689	sample_2022120210011
HROV.vOTU72768	Responder_Status	Responder	1.05001820426899	1.23892530030892	0.403890051206812	0.917507638737689	sample_2022120210011
HROV.vOTU66740	Responder_Status	Responder	-0.68868890564372	0.81266555093984	0.403933307680941	0.917507638737689	sample_2022120210011
HROV.vOTU65507	Responder_Status	Responder	0.6641031397796	0.785861094851747	0.405238373163629	0.917507638737689	sample_2022120210011
HROV.vOTU49736	Responder_Status	Responder	0.916546249096252	1.08364642351714	0.404835647126696	0.917507638737689	sample_2022120210011
HROV.vOTU15513	Responder_Status	Responder	0.573990210657143	0.678285214774066	0.404594894429315	0.917507638737689	sample_2022120210011
HROV.vOTU66013	Responder_Status	Responder	-0.517376434453813	0.61064608416044	0.404033956235067	0.917507638737689	sample_2022120210011
HROV.vOTU46177	Responder_Status	Responder	-0.41168527724896	0.48199226738763	0.400280386740098	0.917507638737689	sample_2022120210011
HROV.vOTU35161	Responder_Status	Responder	0.400075575383149	0.468744604826657	0.40062257875739	0.917507638737689	sample_2022120210011
HROV.vOTU10315	Responder_Status	Responder	0.254570757203485	0.300448302559998	0.40401077168679	0.917507638737689	sample_2022120210011
HROV.vOTU53512	Responder_Status	Responder	0.561002612556664	0.656882845601706	0.400332121971114	0.917507638737689	sample_2022120210011
HROV.vOTU14589	Responder_Status	Responder	0.402343627452741	0.47517343436661	0.40432473542736	0.917507638737689	sample_2022120210011
HROV.vOTU61032	Responder_Status	Responder	0.359614902383716	0.421930645910367	0.401274786316617	0.917507638737689	sample_2022120210011
HROV.vOTU11859	Responder_Status	Responder	-0.601845569390824	0.705737073252025	0.401011933493031	0.917507638737689	sample_2022120210011
HROV.vOTU15527	Responder_Status	Responder	0.39814744670496	0.465661616123122	0.399800224365461	0.917507638737689	sample_2022120210011
HROV.vOTU46426	Responder_Status	Responder	0.496208616157163	0.586947355041107	0.405051027936529	0.917507638737689	sample_2022120210011
HROV.vOTU21114	Responder_Status	Responder	0.414690026437142	0.489005027027994	0.403613663821323	0.917507638737689	sample_2022120210011
HROV.vOTU65452	Responder_Status	Responder	-0.744168462454959	0.871499135596389	0.400409947298612	0.917507638737689	sample_2022120210011
HROV.vOTU12830	Responder_Status	Responder	-0.59522360925274	0.702271158459991	0.403864815742103	0.917507638737689	sample_2022120210011
HROV.vOTU05652	Responder_Status	Responder	-0.274292767864026	0.32499412594509	0.405826630507702	0.917507638737689	sample_2022120210011
HROV.vOTU01832	Responder_Status	Responder	0.254962908551177	0.302770944905856	0.406868340902427	0.918144461826107	sample_2022120210011
HROV.vOTU22441	Responder_Status	Responder	0.653060817152806	0.776153438559113	0.407248948014788	0.918523575126867	sample_2022120210011
HROV.vOTU32613	Responder_Status	Responder	-1.0864117934717	1.29188290703286	0.407499306421501	0.918771453982187	sample_2022120210011
HROV.vOTU39947	Responder_Status	Responder	-0.735335908315405	0.875389585249223	0.40801854014384	0.919676411842884	sample_2022120210011
HROV.vOTU73601	Responder_Status	Responder	-0.543409292627902	0.647431478422183	0.408392888700273	0.919972612536421	sample_2022120210011
HROV.vOTU58430	Responder_Status	Responder	0.344265669896083	0.410353285716038	0.408603342952209	0.920077576168147	sample_2022120210011
HROV.vOTU70013	Responder_Status	Responder	-0.611567089522991	0.729808965679923	0.409137103759047	0.920431788167457	sample_2022120210011
HROV.vOTU22654	Responder_Status	Responder	-0.675229479311544	0.80687431168678	0.40976496146418	0.92056221527336	sample_2022120210011
HROV.vOTU41573	Responder_Status	Responder	-0.930238521778291	1.11240874017206	0.410101024344503	0.92056221527336	sample_2022120210011
HROV.vOTU05391	Responder_Status	Responder	0.654797994438554	0.783112920877882	0.410151044172238	0.92056221527336	sample_2022120210011
HROV.vOTU31916	Responder_Status	Responder	0.605401095402584	0.723224128121232	0.409632050870487	0.92056221527336	sample_2022120210011
HROV.vOTU47048	Responder_Status	Responder	0.315664454245292	0.37737649053299	0.409972272589856	0.92056221527336	sample_2022120210011
HROV.vOTU02440	Responder_Status	Responder	1.10674506360817	1.32506015886305	0.410652419141395	0.920724582231011	sample_2022120210011
HROV.vOTU03023	Responder_Status	Responder	0.808969135854192	0.968439947651389	0.410602114161414	0.920724582231011	sample_2022120210011
HROV.vOTU46443	Responder_Status	Responder	-0.499014661387894	0.59779004359973	0.410915703213821	0.920789144406898	sample_2022120210011
HROV.vOTU58889	Responder_Status	Responder	-0.735116736293667	0.885825463234802	0.413634037180072	0.920896465377041	sample_2022120210011
HROV.vOTU53100	Responder_Status	Responder	-0.615285418059797	0.737396962038259	0.411117204902678	0.920896465377041	sample_2022120210011
HROV.vOTU04221	Responder_Status	Responder	-1.06645480364974	1.28071056232585	0.412057396202445	0.920896465377041	sample_2022120210011
HROV.vOTU21688	Responder_Status	Responder	0.441975636931139	0.531507957408448	0.412698429845773	0.920896465377041	sample_2022120210011
HROV.vOTU57904	Responder_Status	Responder	0.685895804502687	0.825456004763954	0.413043175924938	0.920896465377041	sample_2022120210011
HROV.vOTU75484	Responder_Status	Responder	1.02948039066182	1.24052328804399	0.413628718182705	0.920896465377041	sample_2022120210011
HROV.vOTU12520	Responder_Status	Responder	0.484317855021188	0.583813373490105	0.413795200107459	0.920896465377041	sample_2022120210011
HROV.vOTU58577	Responder_Status	Responder	0.400423476908126	0.481904577466066	0.413049270383372	0.920896465377041	sample_2022120210011
HROV.vOTU63000	Responder_Status	Responder	0.544723784301685	0.654458600639506	0.412267208379538	0.920896465377041	sample_2022120210011
HROV.vOTU20117	Responder_Status	Responder	-0.689426285374629	0.831552236598209	0.414069385769229	0.920896465377041	sample_2022120210011
HROV.vOTU67752	Responder_Status	Responder	-0.663381268846035	0.797469036479956	0.412527469866938	0.920896465377041	sample_2022120210011
HROV.vOTU09248	Responder_Status	Responder	0.387756888307667	0.465499666716647	0.411899268277257	0.920896465377041	sample_2022120210011
HROV.vOTU35834	Responder_Status	Responder	0.619525160697153	0.743829845757861	0.411957549277723	0.920896465377041	sample_2022120210011
HROV.vOTU36113	Responder_Status	Responder	0.650481033319309	0.784803501162265	0.414201708329554	0.920896465377041	sample_2022120210011
HROV.vOTU28484	Responder_Status	Responder	-0.451943547074408	0.54531678335277	0.414242466828184	0.920896465377041	sample_2022120210011
HROV.vOTU61977	Responder_Status	Responder	-0.648100700199061	0.782142373186421	0.414325985983953	0.920896465377041	sample_2022120210011
HROV.vOTU60061	Responder_Status	Responder	-0.39448688116209	0.473034493917044	0.411367808372786	0.920896465377041	sample_2022120210011
HROV.vOTU56474	Responder_Status	Responder	0.434425239079135	0.524715154782863	0.414713773004029	0.920980377179066	sample_2022120210011
HROV.vOTU49365	Responder_Status	Responder	-0.654027506591595	0.791596061796801	0.41566791202286	0.92108963595849	sample_2022120210011
HROV.vOTU07278	Responder_Status	Responder	0.968780361918276	1.17345936839696	0.41602340813017	0.92108963595849	sample_2022120210011
HROV.vOTU20675	Responder_Status	Responder	0.743292662883192	0.899296305104299	0.415493221512468	0.92108963595849	sample_2022120210011
HROV.vOTU16021	Responder_Status	Responder	0.724203158926391	0.876790637202808	0.415803575518942	0.92108963595849	sample_2022120210011
HROV.vOTU08781	Responder_Status	Responder	0.725617215175294	0.879973594577382	0.416574150936456	0.921563497900132	sample_2022120210011
HROV.vOTU75577	Responder_Status	Responder	-0.646485982472083	0.784130618641723	0.416645439625011	0.921623254600914	sample_2022120210011
HROV.vOTU58622	Responder_Status	Responder	0.308979159740386	0.374816088126843	0.416708772431877	0.921665401994424	sample_2022120210011
HROV.vOTU72401	Responder_Status	Responder	0.879687330859939	1.06775267288881	0.416977286820097	0.921769565118981	sample_2022120210011
HROV.vOTU26649	Responder_Status	Responder	1.07991957220414	1.311951765591	0.417384401315672	0.92178292732447	sample_2022120210011
HROV.vOTU31842	Responder_Status	Responder	0.870269269991701	1.05721595272924	0.417367025601232	0.92178292732447	sample_2022120210011
HROV.vOTU50222	Responder_Status	Responder	-0.994748084387856	1.208589982566	0.417426176937807	0.92178292732447	sample_2022120210011
HROV.vOTU05377	Responder_Status	Responder	-0.370674412683185	0.450701734328611	0.417776612044009	0.922219680488361	sample_2022120210011
HROV.vOTU49553	Responder_Status	Responder	-0.484798996372664	0.589707053892919	0.417965164297962	0.92228823225507	sample_2022120210011
HROV.vOTU11158	Responder_Status	Responder	0.23282092832106	0.283182881645387	0.41793377719345	0.92228823225507	sample_2022120210011
HROV.vOTU60104	Responder_Status	Responder	0.698732953986091	0.850974891326818	0.418527435012174	0.922706809254786	sample_2022120210011
HROV.vOTU72684	Responder_Status	Responder	0.460182768063056	0.560453007575566	0.418530963182854	0.922706809254786	sample_2022120210011
HROV.vOTU26057	Responder_Status	Responder	0.59129859144133	0.720744503259237	0.418918076592541	0.922917762169312	sample_2022120210011
HROV.vOTU21435	Responder_Status	Responder	0.913049631100453	1.11403158417015	0.419371737286944	0.923336440832213	sample_2022120210011
HROV.vOTU27016	Responder_Status	Responder	-0.488355000777546	0.59616898568203	0.419615770350626	0.923369694032863	sample_2022120210011
HROV.vOTU06939	Responder_Status	Responder	-1.11048539422469	1.35601857994108	0.419741726876721	0.923369694032863	sample_2022120210011
HROV.vOTU18422	Responder_Status	Responder	0.401278849294881	0.489948204716075	0.419690003670714	0.923369694032863	sample_2022120210011
HROV.vOTU50739	Responder_Status	Responder	0.594463256817019	0.725853085556165	0.419710962299878	0.923369694032863	sample_2022120210011
HROV.vOTU69935	Responder_Status	Responder	-0.967988363604012	1.18249303401904	0.419927563319839	0.923680886664108	sample_2022120210011
HROV.vOTU57768	Responder_Status	Responder	-0.372376551605117	0.456022444270291	0.421064742069493	0.92390546065228	sample_2022120210011
HROV.vOTU42746	Responder_Status	Responder	0.943898513489889	1.15628394845786	0.421207747518534	0.92390546065228	sample_2022120210011
HROV.vOTU38942	Responder_Status	Responder	0.509528653058544	0.624427316286323	0.421391724790011	0.92390546065228	sample_2022120210011
HROV.vOTU58184	Responder_Status	Responder	0.264825878645402	0.324030905107031	0.420665271704312	0.92390546065228	sample_2022120210011
HROV.vOTU00410	Responder_Status	Responder	0.394179249823189	0.483118864541546	0.421441343219553	0.92390546065228	sample_2022120210011
HROV.vOTU10903	Responder_Status	Responder	-0.766464222780479	0.939863027905421	0.421665812237753	0.924086532083473	sample_2022120210011
HROV.vOTU38135	Responder_Status	Responder	-0.168967059225459	0.20745726748365	0.422250935272595	0.924740537527698	sample_2022120210011
HROV.vOTU15824	Responder_Status	Responder	0.322434813333279	0.396017070016477	0.422404452960337	0.924740537527698	sample_2022120210011
HROV.vOTU64884	Responder_Status	Responder	0.405709051652349	0.50089079696131	0.424785079145225	0.925108916452542	sample_2022120210011
HROV.vOTU62317	Responder_Status	Responder	-0.76764809608725	0.947437745340206	0.424637648597193	0.925108916452542	sample_2022120210011
HROV.vOTU00255	Responder_Status	Responder	0.924296880513301	1.13705701935336	0.423142147992067	0.925108916452542	sample_2022120210011
HROV.vOTU40888	Responder_Status	Responder	-0.495070322967305	0.611287948668001	0.424838402924623	0.925108916452542	sample_2022120210011
HROV.vOTU47777	Responder_Status	Responder	0.925637354466055	1.13926957383857	0.423368906578668	0.925108916452542	sample_2022120210011
HROV.vOTU50916	Responder_Status	Responder	0.806246722377978	0.991619709700405	0.423043391417064	0.925108916452542	sample_2022120210011
HROV.vOTU45376	Responder_Status	Responder	0.501068485691511	0.617644264187206	0.424060651486249	0.925108916452542	sample_2022120210011
HROV.vOTU49134	Responder_Status	Responder	0.972476450513858	1.1963287267896	0.423142867610265	0.925108916452542	sample_2022120210011
HROV.vOTU46391	Responder_Status	Responder	-0.64182293945352	0.792512707652314	0.424851114266766	0.925108916452542	sample_2022120210011
HROV.vOTU03570	Responder_Status	Responder	-0.553826265359398	0.682623965027042	0.424025485906774	0.925108916452542	sample_2022120210011
HROV.vOTU48052	Responder_Status	Responder	0.608919436330875	0.749460097507415	0.423372127206059	0.925108916452542	sample_2022120210011
HROV.vOTU64068	Responder_Status	Responder	0.681032273998615	0.839480353437746	0.424062254107199	0.925108916452542	sample_2022120210011
HROV.vOTU01116	Responder_Status	Responder	0.439737449490548	0.543116006457777	0.424965110131608	0.925108916452542	sample_2022120210011
HROV.vOTU28132	Responder_Status	Responder	0.575839849062064	0.709323995677189	0.423745903080312	0.925108916452542	sample_2022120210011
HROV.vOTU69101	Responder_Status	Responder	0.276915713633217	0.34172419572614	0.424573994577706	0.925108916452542	sample_2022120210011
HROV.vOTU11572	Responder_Status	Responder	-0.224409149175307	0.277439853502046	0.425417351811131	0.925427844429601	sample_2022120210011
HROV.vOTU74340	Responder_Status	Responder	0.414429962384517	0.512628480704084	0.425652611198734	0.925544260700324	sample_2022120210011
HROV.vOTU57826	Responder_Status	Responder	-0.646847234598021	0.800254228280603	0.425731268950876	0.925584301049545	sample_2022120210011
HROV.vOTU49753	Responder_Status	Responder	-0.421407786535085	0.522145701707923	0.426429397646418	0.925717330853073	sample_2022120210011
HROV.vOTU41807	Responder_Status	Responder	0.788360262881139	0.976696470436941	0.426372269114633	0.925717330853073	sample_2022120210011
HROV.vOTU31555	Responder_Status	Responder	0.831951543905036	1.03129254317764	0.426634369892127	0.925776938366689	sample_2022120210011
HROV.vOTU06205	Responder_Status	Responder	0.722937725991569	0.896553070426745	0.426835704435032	0.925779126010364	sample_2022120210011
HROV.vOTU52786	Responder_Status	Responder	-1.11146992183095	1.37935029060043	0.427153266387311	0.925860958788073	sample_2022120210011
HROV.vOTU19271	Responder_Status	Responder	0.401113636861818	0.497730516729452	0.427100635063049	0.925860958788073	sample_2022120210011
HROV.vOTU63649	Responder_Status	Responder	-0.595803457626873	0.739864697885687	0.427439914266378	0.925938817831111	sample_2022120210011
HROV.vOTU04808	Responder_Status	Responder	-0.715494542470813	0.88955776302699	0.427985347148698	0.926549862912476	sample_2022120210011
HROV.vOTU48027	Responder_Status	Responder	-0.857354732495469	1.0781313209364	0.433173575309296	0.926707749634625	sample_2022120210011
HROV.vOTU44478	Responder_Status	Responder	-0.618151729233219	0.777512995130019	0.4332798375904	0.926707749634625	sample_2022120210011
HROV.vOTU62011	Responder_Status	Responder	-0.888128570921907	1.10788891871459	0.429512023570003	0.926707749634625	sample_2022120210011
HROV.vOTU58536	Responder_Status	Responder	-0.64715925593607	0.813341713176017	0.432912492020859	0.926707749634625	sample_2022120210011
HROV.vOTU01529	Responder_Status	Responder	1.04444586332244	1.31285264729566	0.43298390922671	0.926707749634625	sample_2022120210011
HROV.vOTU61483	Responder_Status	Responder	0.695379898669309	0.864978445215217	0.428211771836131	0.926707749634625	sample_2022120210011
HROV.vOTU48273	Responder_Status	Responder	0.330064132172607	0.411889597755891	0.429682301067797	0.926707749634625	sample_2022120210011
HROV.vOTU27563	Responder_Status	Responder	0.725263445330737	0.909786355626821	0.432054965332672	0.926707749634625	sample_2022120210011
HROV.vOTU25310	Responder_Status	Responder	0.875793045644934	1.09257989721724	0.42954493933248	0.926707749634625	sample_2022120210011
HROV.vOTU34848	Responder_Status	Responder	1.01261324726945	1.27350443489029	0.433221487710678	0.926707749634625	sample_2022120210011
HROV.vOTU19088	Responder_Status	Responder	-0.777031232941708	0.973931848712201	0.431684277905478	0.926707749634625	sample_2022120210011
HROV.vOTU67968	Responder_Status	Responder	0.521986136975008	0.651838345641459	0.429995714937606	0.926707749634625	sample_2022120210011
HROV.vOTU08296	Responder_Status	Responder	0.611098098910108	0.761455903458964	0.429000839298883	0.926707749634625	sample_2022120210011
HROV.vOTU51674	Responder_Status	Responder	0.449959604372528	0.56566737127181	0.433044198942196	0.926707749634625	sample_2022120210011
HROV.vOTU65784	Responder_Status	Responder	-0.441925632116637	0.55280596848584	0.430775229596141	0.926707749634625	sample_2022120210011
HROV.vOTU27793	Responder_Status	Responder	-0.359498517992974	0.451575609563924	0.432673074574666	0.926707749634625	sample_2022120210011
HROV.vOTU15731	Responder_Status	Responder	-0.611039208791938	0.760656453360602	0.428565354961103	0.926707749634625	sample_2022120210011
HROV.vOTU56795	Responder_Status	Responder	0.876056650726554	1.10093640371496	0.432879136794118	0.926707749634625	sample_2022120210011
HROV.vOTU65171	Responder_Status	Responder	0.863090127240422	1.08183274925068	0.431698836538449	0.926707749634625	sample_2022120210011
HROV.vOTU19413	Responder_Status	Responder	0.56792086032474	0.711590253840134	0.431529148630784	0.926707749634625	sample_2022120210011
HROV.vOTU56066	Responder_Status	Responder	0.843810100273589	1.05406141983073	0.430142986445612	0.926707749634625	sample_2022120210011
HROV.vOTU06941	Responder_Status	Responder	0.233631656065515	0.291786290634027	0.43005058799755	0.926707749634625	sample_2022120210011
HROV.vOTU64696	Responder_Status	Responder	0.568736012500079	0.712182639413617	0.431254844964767	0.926707749634625	sample_2022120210011
HROV.vOTU22789	Responder_Status	Responder	0.849928684942162	1.06546875595066	0.431755731278157	0.926707749634625	sample_2022120210011
HROV.vOTU24435	Responder_Status	Responder	-0.49251510377534	0.616629236674762	0.431175017984853	0.926707749634625	sample_2022120210011
HROV.vOTU13448	Responder_Status	Responder	0.49677222311104	0.621920191513353	0.431146476150029	0.926707749634625	sample_2022120210011
HROV.vOTU31272	Responder_Status	Responder	0.351922072668481	0.437873244705677	0.428336626811673	0.926707749634625	sample_2022120210011
HROV.vOTU05701	Responder_Status	Responder	-0.56785304404109	0.715429899704963	0.434032194019623	0.92672867332513	sample_2022120210011
HROV.vOTU36178	Responder_Status	Responder	0.878668696730677	1.10753095188959	0.434241090796735	0.92672867332513	sample_2022120210011
HROV.vOTU38884	Responder_Status	Responder	-0.608873700405188	0.76606073757243	0.433409095105681	0.92672867332513	sample_2022120210011
HROV.vOTU37360	Responder_Status	Responder	0.516024352706803	0.650474407878285	0.434271753289861	0.92672867332513	sample_2022120210011
HROV.vOTU63838	Responder_Status	Responder	0.334373550397657	0.421777323664853	0.434576560745315	0.926791188745548	sample_2022120210011
HROV.vOTU12221	Responder_Status	Responder	1.08234580370241	1.36770397966838	0.435386905258884	0.926845231214607	sample_2022120210011
HROV.vOTU44933	Responder_Status	Responder	0.636073020143242	0.804510271432528	0.435803548794133	0.92686736161744	sample_2022120210011
HROV.vOTU74367	Responder_Status	Responder	-0.674284418459339	0.853777469787953	0.436301970389933	0.927005007126256	sample_2022120210011
HROV.vOTU71934	Responder_Status	Responder	0.797829701277402	1.010236181356	0.43631362261907	0.927005007126256	sample_2022120210011
HROV.vOTU52056	Responder_Status	Responder	0.275816196771982	0.349194249883105	0.436245289951369	0.927005007126256	sample_2022120210011
HROV.vOTU00854	Responder_Status	Responder	-0.537608086848162	0.681076976968732	0.436541042926795	0.927015079424732	sample_2022120210011
HROV.vOTU51039	Responder_Status	Responder	-1.00319828054004	1.27060528693781	0.436429757830744	0.927015079424732	sample_2022120210011
HROV.vOTU08856	Responder_Status	Responder	0.419154673017616	0.531203591724826	0.436704287591159	0.927053516336222	sample_2022120210011
HROV.vOTU49285	Responder_Status	Responder	-0.673084558848791	0.853489317210486	0.436956785019958	0.927287633244725	sample_2022120210011
HROV.vOTU51026	Responder_Status	Responder	1.09650151289188	1.39115955138193	0.437206592289687	0.927387671304375	sample_2022120210011
HROV.vOTU63698	Responder_Status	Responder	-0.587472511850017	0.746089819379242	0.437661561033443	0.927530059745984	sample_2022120210011
HROV.vOTU50395	Responder_Status	Responder	0.499710986448286	0.63447063744704	0.437545779878122	0.927530059745984	sample_2022120210011
HROV.vOTU40101	Responder_Status	Responder	0.281808793669642	0.35771589172678	0.437432071166121	0.927530059745984	sample_2022120210011
HROV.vOTU01791	Responder_Status	Responder	0.290857337173858	0.36931437906334	0.43757037331878	0.927530059745984	sample_2022120210011
HROV.vOTU10108	Responder_Status	Responder	-0.499173257056426	0.635277123813974	0.438609188342688	0.927606624821906	sample_2022120210011
HROV.vOTU66895	Responder_Status	Responder	0.360261210477541	0.45878610836228	0.438902033529667	0.9276752465394	sample_2022120210011
HROV.vOTU05381	Responder_Status	Responder	0.722341337070887	0.922577787870734	0.440223069716124	0.928299381637233	sample_2022120210011
HROV.vOTU05577	Responder_Status	Responder	-0.58980012964798	0.752697862523949	0.439864024167556	0.928299381637233	sample_2022120210011
HROV.vOTU69853	Responder_Status	Responder	-0.557143818571716	0.710639832657177	0.439620657462344	0.928299381637233	sample_2022120210011
HROV.vOTU56296	Responder_Status	Responder	-0.537243647965545	0.686114167810412	0.440186173394712	0.928299381637233	sample_2022120210011
HROV.vOTU53418	Responder_Status	Responder	0.638413440548749	0.814854899026479	0.439929069750277	0.928299381637233	sample_2022120210011
HROV.vOTU55466	Responder_Status	Responder	0.460085414500774	0.587510524972317	0.440136272889799	0.928299381637233	sample_2022120210011
HROV.vOTU01559	Responder_Status	Responder	0.453642038004416	0.579667489453855	0.44043667665853	0.928400379448605	sample_2022120210011
HROV.vOTU72585	Responder_Status	Responder	-0.65177565089331	0.832961266731592	0.440500216528591	0.928400379448605	sample_2022120210011
HROV.vOTU24645	Responder_Status	Responder	0.276001587040361	0.352847085173747	0.440654595552161	0.928456868753743	sample_2022120210011
HROV.vOTU40564	Responder_Status	Responder	0.817663988084626	1.0461907399127	0.441030408476749	0.928521287182033	sample_2022120210011
HROV.vOTU12828	Responder_Status	Responder	0.979630880946219	1.25934777560214	0.443159093528612	0.928521287182033	sample_2022120210011
HROV.vOTU33173	Responder_Status	Responder	0.220293407382335	0.283215174780545	0.443192135334485	0.928521287182033	sample_2022120210011
HROV.vOTU08175	Responder_Status	Responder	-0.517168681481055	0.664510610123703	0.442937266582372	0.928521287182033	sample_2022120210011
HROV.vOTU67751	Responder_Status	Responder	-0.36368786492925	0.468926446526816	0.444501250799559	0.928521287182033	sample_2022120210011
HROV.vOTU48533	Responder_Status	Responder	0.451538032946903	0.581824931039773	0.44421282307455	0.928521287182033	sample_2022120210011
HROV.vOTU66093	Responder_Status	Responder	-0.913058236580138	1.17717365868775	0.444466115721506	0.928521287182033	sample_2022120210011
HROV.vOTU65305	Responder_Status	Responder	-0.517914395739776	0.664593387347904	0.442343121561159	0.928521287182033	sample_2022120210011
HROV.vOTU60005	Responder_Status	Responder	0.702274185288618	0.899321468951421	0.441417764960733	0.928521287182033	sample_2022120210011
HROV.vOTU45907	Responder_Status	Responder	-0.207112410147118	0.266164597209312	0.443014636066054	0.928521287182033	sample_2022120210011
HROV.vOTU51810	Responder_Status	Responder	-0.305818148665129	0.395606337121362	0.44597799448459	0.928897140843755	sample_2022120210011
HROV.vOTU40876	Responder_Status	Responder	0.525413150728243	0.680717815436699	0.44666817613498	0.928897140843755	sample_2022120210011
HROV.vOTU25935	Responder_Status	Responder	0.86903234771425	1.12542451421423	0.446475779901867	0.928897140843755	sample_2022120210011
HROV.vOTU48991	Responder_Status	Responder	0.481683221477168	0.622742978169892	0.445716122866802	0.928897140843755	sample_2022120210011
HROV.vOTU75179	Responder_Status	Responder	0.916037312602898	1.18708574385955	0.446774585824068	0.928897140843755	sample_2022120210011
HROV.vOTU30514	Responder_Status	Responder	-0.539963352896342	0.696889971411271	0.44494114603731	0.928897140843755	sample_2022120210011
HROV.vOTU26417	Responder_Status	Responder	-0.570783904658373	0.738391572936934	0.445993568756723	0.928897140843755	sample_2022120210011
HROV.vOTU12753	Responder_Status	Responder	0.662615276811809	0.856777206952981	0.445777422648165	0.928897140843755	sample_2022120210011
HROV.vOTU57831	Responder_Status	Responder	-0.686091069910182	0.889456988499262	0.446955034283255	0.928897140843755	sample_2022120210011
HROV.vOTU50467	Responder_Status	Responder	0.566106892419991	0.73370740587546	0.446832096071223	0.928897140843755	sample_2022120210011
HROV.vOTU24201	Responder_Status	Responder	0.342693380627834	0.443307790707761	0.445977645167207	0.928897140843755	sample_2022120210011
HROV.vOTU65289	Responder_Status	Responder	0.321492628501208	0.417101669722428	0.447294319372337	0.928999327253562	sample_2022120210011
HROV.vOTU04039	Responder_Status	Responder	0.880047892327029	1.14255584739169	0.447605042278873	0.929424991971142	sample_2022120210011
HROV.vOTU30486	Responder_Status	Responder	-1.0879944912877	1.41568060680281	0.448605757312164	0.929490197328401	sample_2022120210011
HROV.vOTU16355	Responder_Status	Responder	-0.740482664249433	0.962870861792744	0.448310599854497	0.929490197328401	sample_2022120210011
HROV.vOTU10378	Responder_Status	Responder	0.798597326167123	1.03924625720773	0.448659551753991	0.929490197328401	sample_2022120210011
HROV.vOTU07654	Responder_Status	Responder	0.618920875991251	0.809500004696717	0.450922563607623	0.929587577473014	sample_2022120210011
HROV.vOTU60030	Responder_Status	Responder	-0.225860373815122	0.294844180835803	0.450066688621166	0.929587577473014	sample_2022120210011
HROV.vOTU44615	Responder_Status	Responder	-0.613567527203767	0.802138478845522	0.45072161924465	0.929587577473014	sample_2022120210011
HROV.vOTU41205	Responder_Status	Responder	0.655547254607501	0.857702631834928	0.451078364853066	0.929587577473014	sample_2022120210011
HROV.vOTU34727	Responder_Status	Responder	0.310758940345161	0.405871059420618	0.45028550303044	0.929587577473014	sample_2022120210011
HROV.vOTU37097	Responder_Status	Responder	0.278221795700497	0.363175807611986	0.450039060493764	0.929587577473014	sample_2022120210011
HROV.vOTU17427	Responder_Status	Responder	-0.809869441956502	1.06141844612669	0.451840339375308	0.929943894083926	sample_2022120210011
HROV.vOTU29773	Responder_Status	Responder	-0.368264172311162	0.482733569082986	0.451919110512223	0.929943894083926	sample_2022120210011
HROV.vOTU66937	Responder_Status	Responder	0.406577014387315	0.533038953315603	0.451989301098713	0.929943894083926	sample_2022120210011
HROV.vOTU05388	Responder_Status	Responder	-0.608824100348617	0.798626202889861	0.452232115289344	0.93004597753946	sample_2022120210011
HROV.vOTU49692	Responder_Status	Responder	-0.452476278305392	0.594013125079553	0.452591201810365	0.93004597753946	sample_2022120210011
HROV.vOTU27814	Responder_Status	Responder	0.86983319754229	1.14173763197553	0.452519201123754	0.93004597753946	sample_2022120210011
HROV.vOTU16763	Responder_Status	Responder	-0.487088299860609	0.641486292211508	0.454011374762058	0.930417127662915	sample_2022120210011
HROV.vOTU13760	Responder_Status	Responder	-0.404686038510025	0.532210981139172	0.453379406801776	0.930417127662915	sample_2022120210011
HROV.vOTU19163	Responder_Status	Responder	0.279365549434851	0.367513485623029	0.453518188548969	0.930417127662915	sample_2022120210011
HROV.vOTU55149	Responder_Status	Responder	-0.399037416936582	0.525964213424982	0.454384668121775	0.930614509251769	sample_2022120210011
HROV.vOTU25949	Responder_Status	Responder	-0.373780247421235	0.492677117823839	0.454388236624277	0.930614509251769	sample_2022120210011
HROV.vOTU08849	Responder_Status	Responder	-0.379925949082576	0.500824057057966	0.45442956013707	0.930614509251769	sample_2022120210011
HROV.vOTU06874	Responder_Status	Responder	-0.429308432016448	0.566083784273247	0.454558180391421	0.930621473871096	sample_2022120210011
HROV.vOTU11253	Responder_Status	Responder	0.301097234635664	0.397217050604625	0.454773919519084	0.93072137037675	sample_2022120210011
HROV.vOTU69656	Responder_Status	Responder	-0.800101565254785	1.05631898147914	0.455111958130981	0.930891703548673	sample_2022120210011
HROV.vOTU43917	Responder_Status	Responder	0.393000102120894	0.518841247700944	0.455103600107171	0.930891703548673	sample_2022120210011
HROV.vOTU18026	Responder_Status	Responder	-0.73111782844206	0.966985069252689	0.455915824640663	0.931315751956083	sample_2022120210011
HROV.vOTU69332	Responder_Status	Responder	0.669918886474177	0.889895957469327	0.457849576452394	0.931378352111391	sample_2022120210011
HROV.vOTU26023	Responder_Status	Responder	-0.662891823407325	0.878076355545496	0.456590587914091	0.931378352111391	sample_2022120210011
HROV.vOTU11096	Responder_Status	Responder	0.360618619073344	0.477833411253823	0.456732981821418	0.931378352111391	sample_2022120210011
HROV.vOTU53898	Responder_Status	Responder	-0.469326515299754	0.621488198922582	0.456455279699727	0.931378352111391	sample_2022120210011
HROV.vOTU62802	Responder_Status	Responder	-0.577803054962099	0.765288957517462	0.456545419570451	0.931378352111391	sample_2022120210011
HROV.vOTU32330	Responder_Status	Responder	0.334352586787414	0.443409780230384	0.457114884349991	0.931378352111391	sample_2022120210011
HROV.vOTU17342	Responder_Status	Responder	-0.648296590229654	0.861866706788217	0.458207649242088	0.931587440806219	sample_2022120210011
HROV.vOTU52595	Responder_Status	Responder	1.05862250993745	1.42456466206814	0.463598930258661	0.931611869821224	sample_2022120210011
HROV.vOTU43556	Responder_Status	Responder	-0.732487322888104	0.977820231670184	0.460042986656635	0.931611869821224	sample_2022120210011
HROV.vOTU09777	Responder_Status	Responder	-0.52588842105451	0.706775785185231	0.463035048969327	0.931611869821224	sample_2022120210011
HROV.vOTU28448	Responder_Status	Responder	0.92537628965568	1.23670682907361	0.460543594101914	0.931611869821224	sample_2022120210011
HROV.vOTU07508	Responder_Status	Responder	0.206718868807837	0.276363601449823	0.460699338260478	0.931611869821224	sample_2022120210011
HROV.vOTU46313	Responder_Status	Responder	0.751560114457667	1.00814195165782	0.462188020009098	0.931611869821224	sample_2022120210011
HROV.vOTU15544	Responder_Status	Responder	0.727784491893992	0.972099038129179	0.460297480791456	0.931611869821224	sample_2022120210011
HROV.vOTU05602	Responder_Status	Responder	-0.893407357061554	1.20156598561735	0.46335124256783	0.931611869821224	sample_2022120210011
HROV.vOTU18898	Responder_Status	Responder	0.324050675668524	0.43444330482636	0.461945251415957	0.931611869821224	sample_2022120210011
HROV.vOTU00029	Responder_Status	Responder	0.406528174524445	0.542948186835393	0.460256592748176	0.931611869821224	sample_2022120210011
HROV.vOTU57910	Responder_Status	Responder	-0.740833929406026	0.998168772512498	0.464151372974831	0.931611869821224	sample_2022120210011
HROV.vOTU67503	Responder_Status	Responder	-0.602476320951058	0.807573148647542	0.461865308787184	0.931611869821224	sample_2022120210011
HROV.vOTU46506	Responder_Status	Responder	-0.231253039735572	0.30799999998078	0.459023975306798	0.931611869821224	sample_2022120210011
HROV.vOTU30073	Responder_Status	Responder	-0.752097216450248	1.00653672377205	0.461164306075585	0.931611869821224	sample_2022120210011
HROV.vOTU17535	Responder_Status	Responder	-0.395923073464424	0.527371511656331	0.459067582686654	0.931611869821224	sample_2022120210011
HROV.vOTU51500	Responder_Status	Responder	-0.410377387326955	0.549727559131352	0.461581591934998	0.931611869821224	sample_2022120210011
HROV.vOTU28243	Responder_Status	Responder	-0.689408356690023	0.923361923053499	0.461511447826493	0.931611869821224	sample_2022120210011
HROV.vOTU75509	Responder_Status	Responder	-0.800345929108052	1.06624196015982	0.459141483105764	0.931611869821224	sample_2022120210011
HROV.vOTU03839	Responder_Status	Responder	0.996499558864141	1.33273353695715	0.460868509843064	0.931611869821224	sample_2022120210011
HROV.vOTU48190	Responder_Status	Responder	0.570824960656958	0.761555169322609	0.459776477659133	0.931611869821224	sample_2022120210011
HROV.vOTU25593	Responder_Status	Responder	-0.524470005759814	0.699174616232355	0.459435256330813	0.931611869821224	sample_2022120210011
HROV.vOTU01715	Responder_Status	Responder	0.512139362952747	0.686055635124034	0.461588835409111	0.931611869821224	sample_2022120210011
HROV.vOTU21315	Responder_Status	Responder	0.380133827609268	0.511077922715174	0.46320083245115	0.931611869821224	sample_2022120210011
HROV.vOTU10672	Responder_Status	Responder	-0.668096815702271	0.900777790714731	0.464452045559434	0.931813911163337	sample_2022120210011
HROV.vOTU46311	Responder_Status	Responder	1.01508725897163	1.37093742532999	0.465201402826954	0.931826914705358	sample_2022120210011
HROV.vOTU56750	Responder_Status	Responder	0.690672155136706	0.933743795180706	0.465650679174742	0.931826914705358	sample_2022120210011
HROV.vOTU01220	Responder_Status	Responder	-0.582274637757555	0.787135394408611	0.465615871917143	0.931826914705358	sample_2022120210011
HROV.vOTU59140	Responder_Status	Responder	-0.275197181669895	0.372494911228532	0.46618013781176	0.931972155789366	sample_2022120210011
HROV.vOTU42023	Responder_Status	Responder	-0.619999288100593	0.840373670545678	0.466794982499863	0.932291072801253	sample_2022120210011
HROV.vOTU26939	Responder_Status	Responder	-0.654699546697464	0.886827927043142	0.466506429148778	0.932291072801253	sample_2022120210011
HROV.vOTU29655	Responder_Status	Responder	-0.649385664025257	0.879764363420598	0.466573866568356	0.932291072801253	sample_2022120210011
HROV.vOTU03709	Responder_Status	Responder	-0.350704828351014	0.475518995565826	0.466942190318846	0.932406148454219	sample_2022120210011
HROV.vOTU58363	Responder_Status	Responder	0.526027722161178	0.71334976773716	0.46701103851391	0.932452088585327	sample_2022120210011
HROV.vOTU55361	Responder_Status	Responder	-0.9140485969534	1.2399411324523	0.46715111389199	0.932554947315794	sample_2022120210011
HROV.vOTU42910	Responder_Status	Responder	0.551370573424755	0.749814415101002	0.468245945885067	0.933284025911461	sample_2022120210011
HROV.vOTU10976	Responder_Status	Responder	-0.332929258714756	0.452400387359901	0.467901718713439	0.933284025911461	sample_2022120210011
HROV.vOTU36400	Responder_Status	Responder	0.274295361625393	0.372767859676759	0.467951444833485	0.933284025911461	sample_2022120210011
HROV.vOTU09198	Responder_Status	Responder	-0.831968095593421	1.1328564435834	0.46881196308472	0.933446481920265	sample_2022120210011
HROV.vOTU03135	Responder_Status	Responder	0.571092909208249	0.777656207196095	0.468824809094833	0.933446481920265	sample_2022120210011
HROV.vOTU31167	Responder_Status	Responder	-0.604993639039136	0.825154792781032	0.469538178087598	0.934113697816988	sample_2022120210011
HROV.vOTU07783	Responder_Status	Responder	0.89887100579587	1.22671669899625	0.469803918874535	0.934119144819326	sample_2022120210011
HROV.vOTU38772	Responder_Status	Responder	-0.614369878044065	0.840118438958168	0.4706784723143	0.934428381259835	sample_2022120210011
HROV.vOTU46108	Responder_Status	Responder	-0.678729254341178	0.931813453477341	0.472419550104784	0.934999006417945	sample_2022120210011
HROV.vOTU21834	Responder_Status	Responder	-0.93530771486471	1.28778570844016	0.473688287884664	0.934999006417945	sample_2022120210011
HROV.vOTU23954	Responder_Status	Responder	-0.855801949582944	1.17714396443248	0.473251550037208	0.934999006417945	sample_2022120210011
HROV.vOTU29429	Responder_Status	Responder	-0.630316438582206	0.866627471268706	0.473067328238484	0.934999006417945	sample_2022120210011
HROV.vOTU43832	Responder_Status	Responder	0.702263164019029	0.962239373250259	0.471561267666803	0.934999006417945	sample_2022120210011
HROV.vOTU22418	Responder_Status	Responder	0.845159462484932	1.1596144643878	0.472159427586532	0.934999006417945	sample_2022120210011
HROV.vOTU59392	Responder_Status	Responder	-0.363275772342771	0.497823779535381	0.471617860006769	0.934999006417945	sample_2022120210011
HROV.vOTU47236	Responder_Status	Responder	-0.466065180831621	0.641930013371586	0.47384156963081	0.934999006417945	sample_2022120210011
HROV.vOTU70272	Responder_Status	Responder	-0.434084089646121	0.595842949824628	0.472344311005288	0.934999006417945	sample_2022120210011
HROV.vOTU38116	Responder_Status	Responder	0.717192486955994	0.982990720530381	0.471693169153488	0.934999006417945	sample_2022120210011
HROV.vOTU27190	Responder_Status	Responder	-0.364577364659073	0.499289499530789	0.471338272862025	0.934999006417945	sample_2022120210011
HROV.vOTU16350	Responder_Status	Responder	-0.591686080772067	0.811726750314104	0.472102370239308	0.934999006417945	sample_2022120210011
HROV.vOTU08286	Responder_Status	Responder	-0.267679539088685	0.37088979054005	0.476449296972617	0.935070365880569	sample_2022120210011
HROV.vOTU12354	Responder_Status	Responder	-0.810239521686158	1.12512272953991	0.477411265203179	0.935070365880569	sample_2022120210011
HROV.vOTU44842	Responder_Status	Responder	-0.501725569903231	0.692782813900547	0.474940321162369	0.935070365880569	sample_2022120210011
HROV.vOTU17004	Responder_Status	Responder	0.507670778648585	0.701478163454678	0.475243674246223	0.935070365880569	sample_2022120210011
HROV.vOTU02961	Responder_Status	Responder	-0.546404880856953	0.75943490836294	0.477802605045601	0.935070365880569	sample_2022120210011
HROV.vOTU53362	Responder_Status	Responder	-0.589119050976305	0.817612193505375	0.477167861904384	0.935070365880569	sample_2022120210011
HROV.vOTU60831	Responder_Status	Responder	-0.54292504164367	0.752254362804737	0.476444406983932	0.935070365880569	sample_2022120210011
HROV.vOTU27152	Responder_Status	Responder	-0.51041846671409	0.70627990350953	0.475866433893773	0.935070365880569	sample_2022120210011
HROV.vOTU52390	Responder_Status	Responder	-0.728229202708401	1.00607195544977	0.475172118677876	0.935070365880569	sample_2022120210011
HROV.vOTU12872	Responder_Status	Responder	0.444849749005127	0.614083162372094	0.474822395757109	0.935070365880569	sample_2022120210011
HROV.vOTU35858	Responder_Status	Responder	0.41349602755987	0.57649273853455	0.479154158985545	0.935070365880569	sample_2022120210011
HROV.vOTU67099	Responder_Status	Responder	0.825704209317739	1.14281174951905	0.475966812817975	0.935070365880569	sample_2022120210011
HROV.vOTU46735	Responder_Status	Responder	-0.335016177804036	0.462185647329665	0.474557165608595	0.935070365880569	sample_2022120210011
HROV.vOTU17126	Responder_Status	Responder	-0.336714681218323	0.465377987228012	0.475356272796636	0.935070365880569	sample_2022120210011
HROV.vOTU22312	Responder_Status	Responder	-0.531751897890322	0.741136998013841	0.47902069541639	0.935070365880569	sample_2022120210011
HROV.vOTU33743	Responder_Status	Responder	-0.432728616216811	0.598506952030893	0.475668229740173	0.935070365880569	sample_2022120210011
HROV.vOTU71928	Responder_Status	Responder	0.157197330108149	0.217763841035359	0.476359662063674	0.935070365880569	sample_2022120210011
HROV.vOTU17850	Responder_Status	Responder	0.691832234524095	0.964575149147353	0.479166973154646	0.935070365880569	sample_2022120210011
HROV.vOTU24010	Responder_Status	Responder	0.372646846404089	0.515045936860179	0.47536103736069	0.935070365880569	sample_2022120210011
HROV.vOTU61652	Responder_Status	Responder	0.36236166193208	0.504355922686319	0.478424065250544	0.935070365880569	sample_2022120210011
HROV.vOTU42917	Responder_Status	Responder	-0.220051989028079	0.306065089684529	0.478116463744189	0.935070365880569	sample_2022120210011
HROV.vOTU08375	Responder_Status	Responder	0.594033871532687	0.825698681942203	0.477837154899037	0.935070365880569	sample_2022120210011
HROV.vOTU18620	Responder_Status	Responder	0.433455440471509	0.60124541266181	0.476929630370761	0.935070365880569	sample_2022120210011
HROV.vOTU63780	Responder_Status	Responder	0.363474982177288	0.503281169232102	0.476153956992086	0.935070365880569	sample_2022120210011
HROV.vOTU71430	Responder_Status	Responder	0.790667872716307	1.10444925028233	0.479985442865572	0.935522040746325	sample_2022120210011
HROV.vOTU38736	Responder_Status	Responder	0.614514536578265	0.859862208293878	0.480731720855797	0.935522040746325	sample_2022120210011
HROV.vOTU02863	Responder_Status	Responder	0.415027180192351	0.580766188520482	0.480759839632566	0.935522040746325	sample_2022120210011
HROV.vOTU70896	Responder_Status	Responder	-0.757027887182224	1.05820465185271	0.48029214631996	0.935522040746325	sample_2022120210011
HROV.vOTU14404	Responder_Status	Responder	-0.204819099599988	0.286578562390562	0.480708237007421	0.935522040746325	sample_2022120210011
HROV.vOTU00058	Responder_Status	Responder	0.513943850276052	0.718790683770784	0.480521495804632	0.935522040746325	sample_2022120210011
HROV.vOTU61773	Responder_Status	Responder	0.318236198714933	0.445692759150329	0.481121428422459	0.935522040746325	sample_2022120210011
HROV.vOTU07697	Responder_Status	Responder	0.340383173118173	0.47783040202637	0.482141395887291	0.935556013141404	sample_2022120210011
HROV.vOTU70480	Responder_Status	Responder	0.222085309968933	0.311813763580864	0.4822111249299	0.935556013141404	sample_2022120210011
HROV.vOTU03584	Responder_Status	Responder	0.280866506028012	0.394414316036872	0.48228836232788	0.935556013141404	sample_2022120210011
HROV.vOTU19365	Responder_Status	Responder	-0.49038292253897	0.69276341035973	0.484880273349648	0.935598223359226	sample_2022120210011
HROV.vOTU71045	Responder_Status	Responder	0.762919368146973	1.07550038671447	0.483965220728726	0.935598223359226	sample_2022120210011
HROV.vOTU10529	Responder_Status	Responder	-0.63564245332121	0.894087723181911	0.483002263939149	0.935598223359226	sample_2022120210011
HROV.vOTU06722	Responder_Status	Responder	0.500269932033837	0.702980619224148	0.482574416244071	0.935598223359226	sample_2022120210011
HROV.vOTU71213	Responder_Status	Responder	-0.469984798691115	0.663253148622348	0.484427593625944	0.935598223359226	sample_2022120210011
HROV.vOTU73871	Responder_Status	Responder	0.219613927259456	0.310274732407398	0.484917075572963	0.935598223359226	sample_2022120210011
HROV.vOTU30602	Responder_Status	Responder	0.446556399355596	0.629579235927086	0.484007269394265	0.935598223359226	sample_2022120210011
HROV.vOTU07059	Responder_Status	Responder	0.614445750494091	0.865532529355443	0.48363385551516	0.935598223359226	sample_2022120210011
HROV.vOTU48788	Responder_Status	Responder	0.233479426551628	0.329473007028963	0.484403375318818	0.935598223359226	sample_2022120210011
HROV.vOTU34262	Responder_Status	Responder	-0.791830105356092	1.11973498561608	0.485312339766153	0.935644880987106	sample_2022120210011
HROV.vOTU64280	Responder_Status	Responder	-0.67403974552056	0.953404935496417	0.485420565447022	0.935644880987106	sample_2022120210011
HROV.vOTU71160	Responder_Status	Responder	0.375740534789033	0.531360488282066	0.485330240238601	0.935644880987106	sample_2022120210011
HROV.vOTU25231	Responder_Status	Responder	0.357803216582275	0.506618063013167	0.485863223624977	0.935724445444704	sample_2022120210011
HROV.vOTU61599	Responder_Status	Responder	0.404676555295851	0.573370581177923	0.486152803451749	0.935929578602309	sample_2022120210011
HROV.vOTU11046	Responder_Status	Responder	0.253127359399091	0.358798227968074	0.486335738926533	0.935935503490734	sample_2022120210011
HROV.vOTU10158	Responder_Status	Responder	-0.269276655940236	0.381635511763906	0.486274917179664	0.935935503490734	sample_2022120210011
HROV.vOTU31711	Responder_Status	Responder	0.292886977768134	0.415508060346622	0.486702003469413	0.936294103716806	sample_2022120210011
HROV.vOTU41035	Responder_Status	Responder	-0.224175773083856	0.318807471417864	0.487756025596403	0.937368818464511	sample_2022120210011
HROV.vOTU04024	Responder_Status	Responder	0.880097551776617	1.25266263744289	0.48811703379984	0.937495651898346	sample_2022120210011
HROV.vOTU10047	Responder_Status	Responder	-0.721315620102822	1.02619113360177	0.487918033999548	0.937495651898346	sample_2022120210011
HROV.vOTU29576	Responder_Status	Responder	-0.179519544531992	0.255621937546061	0.488298797033897	0.937632791536952	sample_2022120210011
HROV.vOTU49771	Responder_Status	Responder	-0.624941965821365	0.891652334046019	0.489161530123239	0.93784466111293	sample_2022120210011
HROV.vOTU24427	Responder_Status	Responder	-0.705685962642778	1.00683631336361	0.489153130565708	0.93784466111293	sample_2022120210011
HROV.vOTU19602	Responder_Status	Responder	0.387037913599928	0.552193750267225	0.489143793076272	0.93784466111293	sample_2022120210011
HROV.vOTU55741	Responder_Status	Responder	0.738403262756408	1.05301030141109	0.488946443988549	0.93784466111293	sample_2022120210011
HROV.vOTU11217	Responder_Status	Responder	-0.210665149879737	0.301407313780638	0.490355982370771	0.938619243228264	sample_2022120210011
HROV.vOTU63038	Responder_Status	Responder	-0.625468306808172	0.897211987777849	0.491473050545621	0.938622823601726	sample_2022120210011
HROV.vOTU30121	Responder_Status	Responder	-0.734186150376246	1.05245852286965	0.491185223650988	0.938622823601726	sample_2022120210011
HROV.vOTU52452	Responder_Status	Responder	-0.941993135619253	1.35321606946338	0.492095591057887	0.938622823601726	sample_2022120210011
HROV.vOTU41376	Responder_Status	Responder	0.512992860522377	0.735109910716979	0.491029036649153	0.938622823601726	sample_2022120210011
HROV.vOTU20688	Responder_Status	Responder	0.828538990241347	1.1899234898047	0.491983582927437	0.938622823601726	sample_2022120210011
HROV.vOTU11401	Responder_Status	Responder	-0.26696053222812	0.38273758017168	0.491239882312984	0.938622823601726	sample_2022120210011
HROV.vOTU72521	Responder_Status	Responder	-0.898312011917366	1.28843494250777	0.491419172305768	0.938622823601726	sample_2022120210011
HROV.vOTU51876	Responder_Status	Responder	-0.320059358653963	0.459858590011008	0.492169085730612	0.938622823601726	sample_2022120210011
HROV.vOTU06299	Responder_Status	Responder	0.275539785115199	0.395893669085577	0.492169548929267	0.938622823601726	sample_2022120210011
HROV.vOTU09000	Responder_Status	Responder	-0.461220780879958	0.660561221159789	0.490794720036186	0.938622823601726	sample_2022120210011
HROV.vOTU50753	Responder_Status	Responder	-0.538189193807912	0.773668021217125	0.492392304592762	0.938702473909124	sample_2022120210011
HROV.vOTU18901	Responder_Status	Responder	-0.616435247623415	0.886823050228213	0.492718120531845	0.938702473909124	sample_2022120210011
HROV.vOTU01844	Responder_Status	Responder	0.315267255194599	0.45348250883351	0.49265112349161	0.938702473909124	sample_2022120210011
HROV.vOTU75805	Responder_Status	Responder	0.849761788615735	1.22529706135944	0.493699919002272	0.938834185030449	sample_2022120210011
HROV.vOTU18809	Responder_Status	Responder	0.339800569572669	0.489912980148535	0.49365123525621	0.938834185030449	sample_2022120210011
HROV.vOTU66910	Responder_Status	Responder	-0.71490400913291	1.03340744786539	0.494764294887529	0.939387038457177	sample_2022120210011
HROV.vOTU20362	Responder_Status	Responder	-0.448876005128285	0.648309548968021	0.494401827444504	0.939387038457177	sample_2022120210011
HROV.vOTU56647	Responder_Status	Responder	0.499621084455228	0.722279174141139	0.49480417589594	0.939387038457177	sample_2022120210011
HROV.vOTU74737	Responder_Status	Responder	-0.846469793857404	1.22704805151139	0.495971540553325	0.939580349354065	sample_2022120210011
HROV.vOTU75402	Responder_Status	Responder	-0.245665107843623	0.356157700239612	0.496019504478591	0.939580349354065	sample_2022120210011
HROV.vOTU73023	Responder_Status	Responder	-0.432253130309507	0.626291538282497	0.495763238724535	0.939580349354065	sample_2022120210011
HROV.vOTU31641	Responder_Status	Responder	-0.911850671755423	1.32308039948769	0.49637716296184	0.939580349354065	sample_2022120210011
HROV.vOTU34175	Responder_Status	Responder	0.385739508529558	0.559259625313212	0.496039654594491	0.939580349354065	sample_2022120210011
HROV.vOTU25340	Responder_Status	Responder	-0.406293776864081	0.589300045779131	0.496213712808032	0.939580349354065	sample_2022120210011
HROV.vOTU10940	Responder_Status	Responder	0.776584889148652	1.12675312956445	0.496354865148985	0.939580349354065	sample_2022120210011
HROV.vOTU60075	Responder_Status	Responder	-0.410347487285399	0.594495145221092	0.495722043087713	0.939580349354065	sample_2022120210011
HROV.vOTU69371	Responder_Status	Responder	-0.522130939246438	0.759071368727569	0.497203383558416	0.93974359107592	sample_2022120210011
HROV.vOTU18091	Responder_Status	Responder	0.773770934384922	1.13000950202923	0.499132848796943	0.939818072371202	sample_2022120210011
HROV.vOTU69424	Responder_Status	Responder	0.636245749877916	0.925520720809037	0.497456851922933	0.939818072371202	sample_2022120210011
HROV.vOTU29849	Responder_Status	Responder	-0.473098640088482	0.689534593796778	0.498284382278739	0.939818072371202	sample_2022120210011
HROV.vOTU37715	Responder_Status	Responder	-0.63821773974521	0.932073689453773	0.499144308914899	0.939818072371202	sample_2022120210011
HROV.vOTU10823	Responder_Status	Responder	-0.753113092863599	1.09895674280119	0.498790475943579	0.939818072371202	sample_2022120210011
HROV.vOTU51836	Responder_Status	Responder	-0.55866609711353	0.814239572385318	0.498279995890541	0.939818072371202	sample_2022120210011
HROV.vOTU31229	Responder_Status	Responder	0.435908420161546	0.636076196531045	0.498784088777881	0.939818072371202	sample_2022120210011
HROV.vOTU44787	Responder_Status	Responder	0.769412599030248	1.12384319293984	0.499208053746585	0.939853078756799	sample_2022120210011
HROV.vOTU66601	Responder_Status	Responder	0.549113802376835	0.80248224570641	0.499430118966863	0.939931096410058	sample_2022120210011
HROV.vOTU54102	Responder_Status	Responder	-0.569336842588055	0.832433613932451	0.499633124272541	0.94005816521133	sample_2022120210011
HROV.vOTU57710	Responder_Status	Responder	-0.566993300525771	0.829814957206595	0.500047318649649	0.940131666492906	sample_2022120210011
HROV.vOTU05029	Responder_Status	Responder	0.792256467356588	1.15972150657429	0.500130117018189	0.940131666492906	sample_2022120210011
HROV.vOTU07919	Responder_Status	Responder	-0.505157850305409	0.738868912156092	0.499789782316022	0.940131666492906	sample_2022120210011
HROV.vOTU23838	Responder_Status	Responder	0.385631275556145	0.564449101255899	0.500095485099137	0.940131666492906	sample_2022120210011
HROV.vOTU02128	Responder_Status	Responder	-0.487596108030092	0.714320828792221	0.500467897213344	0.940141044120988	sample_2022120210011
HROV.vOTU09805	Responder_Status	Responder	-0.923854802207552	1.35461973148317	0.500840183720776	0.940141044120988	sample_2022120210011
HROV.vOTU09525	Responder_Status	Responder	0.517144500401951	0.758479939876719	0.500956074037521	0.940141044120988	sample_2022120210011
HROV.vOTU44759	Responder_Status	Responder	-0.424164660132815	0.624274431877444	0.502430116220977	0.940300429504488	sample_2022120210011
HROV.vOTU35902	Responder_Status	Responder	-0.491321973252848	0.72407569545086	0.502992802807591	0.940300429504488	sample_2022120210011
HROV.vOTU72848	Responder_Status	Responder	0.215022007496794	0.315967505092901	0.501764628694578	0.940300429504488	sample_2022120210011
HROV.vOTU25853	Responder_Status	Responder	-0.64094137399222	0.946401194311655	0.503810869319411	0.94041253323172	sample_2022120210011
HROV.vOTU35076	Responder_Status	Responder	-0.443713747837534	0.655552686734654	0.504052216573685	0.94041253323172	sample_2022120210011
HROV.vOTU26544	Responder_Status	Responder	0.174593358075634	0.258122610111483	0.50433815348168	0.940550157213064	sample_2022120210011
HROV.vOTU36038	Responder_Status	Responder	0.217190248571464	0.321339356575475	0.504654796776023	0.940653100561873	sample_2022120210011
HROV.vOTU63928	Responder_Status	Responder	-0.51343883404009	0.760770315229993	0.505278670728494	0.940932041412904	sample_2022120210011
HROV.vOTU14834	Responder_Status	Responder	-0.317408991677444	0.470557414916452	0.505500910324896	0.940932041412904	sample_2022120210011
HROV.vOTU28719	Responder_Status	Responder	0.393970407962498	0.584384189936131	0.50573563419194	0.940932041412904	sample_2022120210011
HROV.vOTU61421	Responder_Status	Responder	0.577534328919284	0.857396398108094	0.506094199979987	0.940932041412904	sample_2022120210011
HROV.vOTU27047	Responder_Status	Responder	-0.831853329166583	1.2345541247688	0.505957714690941	0.940932041412904	sample_2022120210011
HROV.vOTU42245	Responder_Status	Responder	-0.416895406709582	0.619123721851862	0.506236497945274	0.940932041412904	sample_2022120210011
HROV.vOTU04883	Responder_Status	Responder	-0.902394011244962	1.34469022216577	0.507668598220949	0.941544009518744	sample_2022120210011
HROV.vOTU04488	Responder_Status	Responder	0.68470531036315	1.02162277786237	0.508212164974907	0.941644669214233	sample_2022120210011
HROV.vOTU51173	Responder_Status	Responder	1.00354045668984	1.49996747454903	0.508948248253948	0.941841702598842	sample_2022120210011
HROV.vOTU18440	Responder_Status	Responder	0.834785569787701	1.25066696999851	0.509934735673334	0.942614734191251	sample_2022120210011
HROV.vOTU05179	Responder_Status	Responder	-0.782701315318911	1.17629504717288	0.511242041882539	0.943061246170245	sample_2022120210011
HROV.vOTU55067	Responder_Status	Responder	-0.561456306165083	0.844225746740844	0.511456668048832	0.943289965039557	sample_2022120210011
HROV.vOTU54100	Responder_Status	Responder	-0.498137791008914	0.749571060339497	0.511766010344472	0.943323234081345	sample_2022120210011
HROV.vOTU25472	Responder_Status	Responder	0.573935788247404	0.863774762317728	0.511837261864747	0.943323234081345	sample_2022120210011
HROV.vOTU38097	Responder_Status	Responder	0.63204489228731	0.951674226532775	0.512033165606218	0.943445843220518	sample_2022120210011
HROV.vOTU75934	Responder_Status	Responder	-0.471743575814478	0.710973443181855	0.512425445838179	0.94357409857139	sample_2022120210011
HROV.vOTU23382	Responder_Status	Responder	-0.143208262408438	0.21590823569127	0.512573580622757	0.94357409857139	sample_2022120210011
HROV.vOTU34447	Responder_Status	Responder	0.969820204540133	1.46574840760752	0.513600889271225	0.943638858167555	sample_2022120210011
HROV.vOTU21175	Responder_Status	Responder	-0.560023234916928	0.846045629426902	0.513427248746565	0.943638858167555	sample_2022120210011
HROV.vOTU73417	Responder_Status	Responder	-0.329352629067691	0.497279989114185	0.513188663650126	0.943638858167555	sample_2022120210011
HROV.vOTU74685	Responder_Status	Responder	0.501352185366136	0.757662841827803	0.513567093267384	0.943638858167555	sample_2022120210011
HROV.vOTU65595	Responder_Status	Responder	-0.332957843092981	0.503263814848911	0.513637690429589	0.943638858167555	sample_2022120210011
HROV.vOTU36805	Responder_Status	Responder	-0.305953573762431	0.463115325507339	0.514240806749369	0.944328688855191	sample_2022120210011
HROV.vOTU29883	Responder_Status	Responder	-0.607288906126161	0.920184967709293	0.514669567496076	0.94435700541302	sample_2022120210011
HROV.vOTU69314	Responder_Status	Responder	0.456877406293885	0.694516744954197	0.516016487298968	0.94435700541302	sample_2022120210011
HROV.vOTU13413	Responder_Status	Responder	0.395497813545114	0.601631387818884	0.516307349483895	0.94435700541302	sample_2022120210011
HROV.vOTU16189	Responder_Status	Responder	0.684396597126479	1.04087221056389	0.51621452406215	0.94435700541302	sample_2022120210011
HROV.vOTU02754	Responder_Status	Responder	-0.254012643356099	0.385544361245414	0.515379428584877	0.94435700541302	sample_2022120210011
HROV.vOTU33140	Responder_Status	Responder	-0.568746021037825	0.86378284631022	0.515635828481914	0.94435700541302	sample_2022120210011
HROV.vOTU09885	Responder_Status	Responder	0.161408967752789	0.244950046680644	0.515313049679084	0.94435700541302	sample_2022120210011
HROV.vOTU10758	Responder_Status	Responder	0.358378342374686	0.54620692633538	0.517101663919308	0.944357727932211	sample_2022120210011
HROV.vOTU10126	Responder_Status	Responder	0.235875127001866	0.359556234201203	0.51716795462538	0.944368012591216	sample_2022120210011
HROV.vOTU27058	Responder_Status	Responder	-0.309999052280703	0.472881142324548	0.51746180599615	0.944738837979989	sample_2022120210011
HROV.vOTU57492	Responder_Status	Responder	-0.440272525437083	0.671556585665813	0.517432515685806	0.944738837979989	sample_2022120210011
HROV.vOTU68315	Responder_Status	Responder	-0.694953647778425	1.06103173128781	0.517826289571205	0.944866131593311	sample_2022120210011
HROV.vOTU00623	Responder_Status	Responder	0.855173812222954	1.30690704167695	0.518225844767652	0.945056155496642	sample_2022120210011
HROV.vOTU46316	Responder_Status	Responder	-0.312639932888704	0.477988626837389	0.518400615091528	0.945235342757895	sample_2022120210011
HROV.vOTU06228	Responder_Status	Responder	0.641215021952269	1.00575399178287	0.528948293708745	0.945461893771847	sample_2022120210011
HROV.vOTU45294	Responder_Status	Responder	-0.554714695410858	0.852360418966999	0.520482013648216	0.945461893771847	sample_2022120210011
HROV.vOTU11831	Responder_Status	Responder	0.594986423124848	0.916924024162739	0.521694133559477	0.945461893771847	sample_2022120210011
HROV.vOTU64011	Responder_Status	Responder	-0.543888897233329	0.857441990725601	0.531023616545148	0.945461893771847	sample_2022120210011
HROV.vOTU17949	Responder_Status	Responder	0.703142662465276	1.10721851484266	0.530549496134945	0.945461893771847	sample_2022120210011
HROV.vOTU43151	Responder_Status	Responder	-0.778823181093001	1.20308863107608	0.522675964696799	0.945461893771847	sample_2022120210011
HROV.vOTU61314	Responder_Status	Responder	-0.577990400281002	0.908141625409046	0.529649589587365	0.945461893771847	sample_2022120210011
HROV.vOTU69810	Responder_Status	Responder	0.820707405346431	1.27783314431985	0.525925377761338	0.945461893771847	sample_2022120210011
HROV.vOTU75081	Responder_Status	Responder	0.768623994577973	1.20596426861227	0.529073022314561	0.945461893771847	sample_2022120210011
HROV.vOTU36489	Responder_Status	Responder	-0.541079623016364	0.853222419846171	0.531123653150911	0.945461893771847	sample_2022120210011
HROV.vOTU53569	Responder_Status	Responder	0.385566851520811	0.607666265603529	0.530902345547083	0.945461893771847	sample_2022120210011
HROV.vOTU43948	Responder_Status	Responder	-0.314285995970402	0.490470939996601	0.526873077529284	0.945461893771847	sample_2022120210011
HROV.vOTU60097	Responder_Status	Responder	0.296907804122214	0.463708737566573	0.527189889001583	0.945461893771847	sample_2022120210011
HROV.vOTU03114	Responder_Status	Responder	0.303695357021399	0.478301339951933	0.530618619421438	0.945461893771847	sample_2022120210011
HROV.vOTU43813	Responder_Status	Responder	-0.552617719735591	0.857583612240493	0.524567378223368	0.945461893771847	sample_2022120210011
HROV.vOTU15039	Responder_Status	Responder	0.6676538090158	1.04506527247482	0.528103795711911	0.945461893771847	sample_2022120210011
HROV.vOTU14209	Responder_Status	Responder	-0.540692898558218	0.851019060795463	0.53036031855334	0.945461893771847	sample_2022120210011
HROV.vOTU59249	Responder_Status	Responder	-0.306247858866335	0.473340946192734	0.522906152505826	0.945461893771847	sample_2022120210011
HROV.vOTU19773	Responder_Status	Responder	0.321222982688841	0.500010581947767	0.525818270445524	0.945461893771847	sample_2022120210011
HROV.vOTU27937	Responder_Status	Responder	-0.844655051235159	1.31633133800014	0.526303720056384	0.945461893771847	sample_2022120210011
HROV.vOTU72645	Responder_Status	Responder	-0.681029467457194	1.07237224045157	0.530539881133406	0.945461893771847	sample_2022120210011
HROV.vOTU27268	Responder_Status	Responder	-0.719728205382643	1.12673576784145	0.528161768469843	0.945461893771847	sample_2022120210011
HROV.vOTU43318	Responder_Status	Responder	-0.30587761485368	0.479901027168738	0.529057465693924	0.945461893771847	sample_2022120210011
HROV.vOTU74783	Responder_Status	Responder	-0.291473418270121	0.459845515209957	0.53132262257516	0.945461893771847	sample_2022120210011
HROV.vOTU06637	Responder_Status	Responder	-0.558650509245639	0.859663154481392	0.52108657831006	0.945461893771847	sample_2022120210011
HROV.vOTU56171	Responder_Status	Responder	-0.616512424778538	0.956100159100028	0.524292353859437	0.945461893771847	sample_2022120210011
HROV.vOTU64793	Responder_Status	Responder	-0.341464530998263	0.525161612299535	0.520857259510191	0.945461893771847	sample_2022120210011
HROV.vOTU30551	Responder_Status	Responder	0.352789184481128	0.556230350285383	0.531065750523283	0.945461893771847	sample_2022120210011
HROV.vOTU29919	Responder_Status	Responder	-0.532334816324611	0.828996043740219	0.526002748020555	0.945461893771847	sample_2022120210011
HROV.vOTU63975	Responder_Status	Responder	0.838208497304992	1.301350124832	0.524747850322854	0.945461893771847	sample_2022120210011
HROV.vOTU21077	Responder_Status	Responder	-0.529639993091088	0.829982107855182	0.528571296887792	0.945461893771847	sample_2022120210011
HROV.vOTU60699	Responder_Status	Responder	-0.399033102666883	0.629105095218547	0.531042139205012	0.945461893771847	sample_2022120210011
HROV.vOTU27610	Responder_Status	Responder	-0.402352390124599	0.632516884179519	0.529868416846556	0.945461893771847	sample_2022120210011
HROV.vOTU23789	Responder_Status	Responder	-0.416825795224543	0.641690670469774	0.521260870574264	0.945461893771847	sample_2022120210011
HROV.vOTU01432	Responder_Status	Responder	0.680415244474563	1.06415866153032	0.527764447500931	0.945461893771847	sample_2022120210011
HROV.vOTU66463	Responder_Status	Responder	0.329914182767736	0.509037342435343	0.522191047393462	0.945461893771847	sample_2022120210011
HROV.vOTU53162	Responder_Status	Responder	0.562668236827429	0.867564700418039	0.521906480667423	0.945461893771847	sample_2022120210011
HROV.vOTU52384	Responder_Status	Responder	0.324955161443994	0.500355617645927	0.521341042391017	0.945461893771847	sample_2022120210011
HROV.vOTU19458	Responder_Status	Responder	0.312328911940009	0.490234812458425	0.529234481042481	0.945461893771847	sample_2022120210011
HROV.vOTU49166	Responder_Status	Responder	0.4230744203458	0.657664508045919	0.525264603243538	0.945461893771847	sample_2022120210011
HROV.vOTU11722	Responder_Status	Responder	-0.660666104576058	1.02473330043342	0.524356132116571	0.945461893771847	sample_2022120210011
HROV.vOTU13656	Responder_Status	Responder	-0.335260022776844	0.519749603947623	0.524150908856606	0.945461893771847	sample_2022120210011
HROV.vOTU56723	Responder_Status	Responder	0.293339076067204	0.454488855224549	0.523905164327573	0.945461893771847	sample_2022120210011
HROV.vOTU15078	Responder_Status	Responder	0.282305960455968	0.439686539308261	0.526055277919885	0.945461893771847	sample_2022120210011
HROV.vOTU75152	Responder_Status	Responder	0.506000794632948	0.800107742366461	0.532245990540063	0.945899643150329	sample_2022120210011
HROV.vOTU29735	Responder_Status	Responder	0.723990863622389	1.14408547259395	0.531991049405932	0.945899643150329	sample_2022120210011
HROV.vOTU16611	Responder_Status	Responder	-0.504720772097158	0.797670443053841	0.53203506633902	0.945899643150329	sample_2022120210011
HROV.vOTU40926	Responder_Status	Responder	-0.584730560401159	0.924614721247974	0.532253244135402	0.945899643150329	sample_2022120210011
HROV.vOTU56372	Responder_Status	Responder	-0.321636233124062	0.508564741448554	0.532230996273267	0.945899643150329	sample_2022120210011
HROV.vOTU42166	Responder_Status	Responder	0.366626977732057	0.579348017421187	0.53198140926072	0.945899643150329	sample_2022120210011
HROV.vOTU63277	Responder_Status	Responder	-0.546895944888851	0.865629166878199	0.532648904801931	0.94592168912787	sample_2022120210011
HROV.vOTU37291	Responder_Status	Responder	-0.617084186850451	0.976837428764196	0.532696402657242	0.94592168912787	sample_2022120210011
HROV.vOTU22265	Responder_Status	Responder	0.862373171745076	1.36418855991433	0.532416491906558	0.94592168912787	sample_2022120210011
HROV.vOTU11758	Responder_Status	Responder	-0.218072330269814	0.344992965162715	0.532445086225779	0.94592168912787	sample_2022120210011
HROV.vOTU21069	Responder_Status	Responder	0.567718876219163	0.898845404049648	0.532765534729438	0.94592168912787	sample_2022120210011
HROV.vOTU66731	Responder_Status	Responder	0.425370570549039	0.674050764107196	0.533115332873452	0.94592168912787	sample_2022120210011
HROV.vOTU75566	Responder_Status	Responder	-0.408511511506783	0.647689174724599	0.533337364510222	0.946059914138074	sample_2022120210011
HROV.vOTU06163	Responder_Status	Responder	0.75007671132978	1.19065257813384	0.533821141118498	0.946321727896927	sample_2022120210011
HROV.vOTU55368	Responder_Status	Responder	-0.521148762351706	0.828484644178549	0.534422654018939	0.946559451447913	sample_2022120210011
HROV.vOTU08743	Responder_Status	Responder	-0.416677509055796	0.662766768785353	0.534644951602521	0.946714986610505	sample_2022120210011
HROV.vOTU38489	Responder_Status	Responder	-0.233849598957103	0.372452728708433	0.535180852727921	0.946979192482409	sample_2022120210011
HROV.vOTU46852	Responder_Status	Responder	-0.358929867381893	0.572207094531097	0.535562638466828	0.947145592542946	sample_2022120210011
HROV.vOTU08081	Responder_Status	Responder	-0.583592268922882	0.931296257825785	0.53596805974298	0.947286876311816	sample_2022120210011
HROV.vOTU28595	Responder_Status	Responder	-0.759314794730747	1.21259580116262	0.53626251053788	0.947600896397707	sample_2022120210011
HROV.vOTU19194	Responder_Status	Responder	-0.539233339996898	0.862551432253362	0.536927682045754	0.947756804388272	sample_2022120210011
HROV.vOTU19474	Responder_Status	Responder	-0.241447976568827	0.38619609402803	0.536905375493448	0.947756804388272	sample_2022120210011
HROV.vOTU04431	Responder_Status	Responder	0.333124700915467	0.532909681279693	0.536963535630598	0.947756804388272	sample_2022120210011
HROV.vOTU05876	Responder_Status	Responder	0.689023942935666	1.1021703379677	0.536933399649094	0.947756804388272	sample_2022120210011
HROV.vOTU09844	Responder_Status	Responder	-0.431855501647808	0.69093944067437	0.537014510399963	0.947766409528169	sample_2022120210011
HROV.vOTU44891	Responder_Status	Responder	-0.678525657282372	1.08705451930987	0.537557520689622	0.947768505150443	sample_2022120210011
HROV.vOTU19129	Responder_Status	Responder	-0.648859894878148	1.04024923601551	0.537837843289914	0.947768505150443	sample_2022120210011
HROV.vOTU31632	Responder_Status	Responder	-0.590813654507488	0.948406444338464	0.538356008227542	0.947768505150443	sample_2022120210011
HROV.vOTU67577	Responder_Status	Responder	0.523131854278576	0.837234778728117	0.53713977392758	0.947768505150443	sample_2022120210011
HROV.vOTU66687	Responder_Status	Responder	-0.508999220171766	0.816127905368965	0.537888643210695	0.947768505150443	sample_2022120210011
HROV.vOTU65890	Responder_Status	Responder	0.249877482103229	0.400349959082538	0.537583208293402	0.947768505150443	sample_2022120210011
HROV.vOTU48553	Responder_Status	Responder	-0.237722472370371	0.382061965991613	0.538838582668426	0.947934437761252	sample_2022120210011
HROV.vOTU35245	Responder_Status	Responder	-0.36247547024894	0.5827680702129	0.538981134001136	0.948102113093353	sample_2022120210011
HROV.vOTU70413	Responder_Status	Responder	0.614111248737259	0.988021404604666	0.539261557820331	0.948265844373561	sample_2022120210011
HROV.vOTU20351	Responder_Status	Responder	0.395512308532669	0.63706825386279	0.539731483722795	0.94854025951452	sample_2022120210011
HROV.vOTU60555	Responder_Status	Responder	-0.529623780072959	0.861030838802763	0.543453087316932	0.9485493323297	sample_2022120210011
HROV.vOTU32051	Responder_Status	Responder	-0.714555613195877	1.17200708020744	0.5469864612105	0.9485493323297	sample_2022120210011
HROV.vOTU01582	Responder_Status	Responder	0.839222161889067	1.36682580315809	0.544176408026334	0.9485493323297	sample_2022120210011
HROV.vOTU50677	Responder_Status	Responder	-0.330798217917864	0.534533431032795	0.541015066847387	0.9485493323297	sample_2022120210011
HROV.vOTU05407	Responder_Status	Responder	0.315855335634766	0.51080197377202	0.541341308612739	0.9485493323297	sample_2022120210011
HROV.vOTU59704	Responder_Status	Responder	0.608828977598978	0.998130741537394	0.546801138868083	0.9485493323297	sample_2022120210011
HROV.vOTU62835	Responder_Status	Responder	0.497700629758073	0.808408410911478	0.543094724334957	0.9485493323297	sample_2022120210011
HROV.vOTU66553	Responder_Status	Responder	0.578839040627767	0.933229063606834	0.540106399681777	0.9485493323297	sample_2022120210011
HROV.vOTU54798	Responder_Status	Responder	0.448985271663731	0.736432869268959	0.54699275975997	0.9485493323297	sample_2022120210011
HROV.vOTU28977	Responder_Status	Responder	0.530459207155575	0.855987136323029	0.540462882798583	0.9485493323297	sample_2022120210011
HROV.vOTU22737	Responder_Status	Responder	-0.657618343260925	1.07417438908864	0.545340009057696	0.9485493323297	sample_2022120210011
HROV.vOTU13787	Responder_Status	Responder	0.647699477020763	1.05695251949915	0.544954771988543	0.9485493323297	sample_2022120210011
HROV.vOTU27418	Responder_Status	Responder	-0.183869195115317	0.297922260541793	0.542108201630962	0.9485493323297	sample_2022120210011
HROV.vOTU01261	Responder_Status	Responder	-0.293697416724567	0.48030923353514	0.545817793468065	0.9485493323297	sample_2022120210011
HROV.vOTU75022	Responder_Status	Responder	-0.465068203890922	0.755970782018277	0.543395124208548	0.9485493323297	sample_2022120210011
HROV.vOTU58571	Responder_Status	Responder	0.270236898659487	0.443127566188549	0.546885517298378	0.9485493323297	sample_2022120210011
HROV.vOTU61630	Responder_Status	Responder	0.482049321588762	0.786248472619853	0.544758275184413	0.9485493323297	sample_2022120210011
HROV.vOTU13086	Responder_Status	Responder	0.31495372152841	0.511277308567777	0.542861432672956	0.9485493323297	sample_2022120210011
HROV.vOTU72056	Responder_Status	Responder	-0.194893716246533	0.315422703227622	0.541647166537611	0.9485493323297	sample_2022120210011
HROV.vOTU48924	Responder_Status	Responder	0.423098668000598	0.684984031177237	0.541779980251909	0.9485493323297	sample_2022120210011
HROV.vOTU33481	Responder_Status	Responder	0.680854414099159	1.1081465774271	0.543906270576627	0.9485493323297	sample_2022120210011
HROV.vOTU02442	Responder_Status	Responder	0.568172064530675	0.927058625942098	0.544904539120374	0.9485493323297	sample_2022120210011
HROV.vOTU72891	Responder_Status	Responder	-0.295078240868393	0.483140298761373	0.546290942127732	0.9485493323297	sample_2022120210011
HROV.vOTU71269	Responder_Status	Responder	-0.494748097560576	0.805564890267223	0.544066046346738	0.9485493323297	sample_2022120210011
HROV.vOTU29143	Responder_Status	Responder	0.591641235848525	0.962720748385072	0.543813160735034	0.9485493323297	sample_2022120210011
HROV.vOTU30563	Responder_Status	Responder	0.53846114034957	0.87248533722896	0.542117246692831	0.9485493323297	sample_2022120210011
HROV.vOTU04672	Responder_Status	Responder	-0.170275455489494	0.27481093007508	0.540524658534923	0.9485493323297	sample_2022120210011
HROV.vOTU02203	Responder_Status	Responder	-0.444741945793435	0.730307776080116	0.547448089910674	0.948695975604928	sample_2022120210011
HROV.vOTU23269	Responder_Status	Responder	-0.410191315656489	0.673529160985764	0.547422533812442	0.948695975604928	sample_2022120210011
HROV.vOTU07934	Responder_Status	Responder	-0.602103043197749	0.989221930681846	0.547654290820897	0.948758190629095	sample_2022120210011
HROV.vOTU40268	Responder_Status	Responder	-0.686389759320207	1.12798912704713	0.547756142868457	0.948758190629095	sample_2022120210011
HROV.vOTU50000	Responder_Status	Responder	-0.654210283617285	1.07571295509396	0.547980402776367	0.948758190629095	sample_2022120210011
HROV.vOTU34553	Responder_Status	Responder	-0.650803166298341	1.07401520124406	0.549426852876356	0.949058356587406	sample_2022120210011
HROV.vOTU33222	Responder_Status	Responder	-0.621458155383024	1.02416913119058	0.548877661722913	0.949058356587406	sample_2022120210011
HROV.vOTU04413	Responder_Status	Responder	-0.352297019449241	0.580226010513404	0.548629342749149	0.949058356587406	sample_2022120210011
HROV.vOTU22834	Responder_Status	Responder	-0.802271536290736	1.32169695111862	0.54874116666884	0.949058356587406	sample_2022120210011
HROV.vOTU33018	Responder_Status	Responder	0.623562565751988	1.0298095820815	0.549715542668303	0.949177023694793	sample_2022120210011
HROV.vOTU03404	Responder_Status	Responder	0.526194324255978	0.869629475191491	0.549999608167507	0.949352503856594	sample_2022120210011
HROV.vOTU21986	Responder_Status	Responder	0.356955700567284	0.589879232591742	0.549963734971239	0.949352503856594	sample_2022120210011
HROV.vOTU22862	Responder_Status	Responder	-0.813144884835513	1.34457171042858	0.550207596234097	0.949554026665511	sample_2022120210011
HROV.vOTU26021	Responder_Status	Responder	-0.60737713281656	1.00612473540656	0.550916383333648	0.949674908413241	sample_2022120210011
HROV.vOTU24821	Responder_Status	Responder	0.262649762567974	0.434898861844428	0.550750389033011	0.949674908413241	sample_2022120210011
HROV.vOTU67370	Responder_Status	Responder	0.839170989496601	1.3911459046104	0.551215970079039	0.949955325152774	sample_2022120210011
HROV.vOTU55034	Responder_Status	Responder	0.642355475520199	1.06485297730972	0.551208682492519	0.949955325152774	sample_2022120210011
HROV.vOTU38231	Responder_Status	Responder	-0.187507410977756	0.310883739912575	0.551268205751405	0.949966694487581	sample_2022120210011
HROV.vOTU75492	Responder_Status	Responder	-0.592856328400061	0.983295652230356	0.551409440375353	0.95000705658028	sample_2022120210011
HROV.vOTU43519	Responder_Status	Responder	0.334724894880819	0.555433106257613	0.551599802161406	0.95000705658028	sample_2022120210011
HROV.vOTU42319	Responder_Status	Responder	0.219766273204048	0.364613793403481	0.551534532810097	0.95000705658028	sample_2022120210011
HROV.vOTU06709	Responder_Status	Responder	-0.5630399613357	0.934532033183231	0.551701041104332	0.950007817068268	sample_2022120210011
HROV.vOTU47269	Responder_Status	Responder	-0.358039560050154	0.59457221299333	0.551899987388054	0.950046754139426	sample_2022120210011
HROV.vOTU25215	Responder_Status	Responder	-0.31627851430462	0.52545573142196	0.552075428826003	0.950047652242513	sample_2022120210011
HROV.vOTU18330	Responder_Status	Responder	-0.38386098971041	0.638899430226926	0.552795494423962	0.950557291331743	sample_2022120210011
HROV.vOTU04512	Responder_Status	Responder	-0.53765175320566	0.89613083334881	0.55335113394365	0.950763483710528	sample_2022120210011
HROV.vOTU64692	Responder_Status	Responder	0.307998038965565	0.513637272829553	0.553567346788992	0.950763483710528	sample_2022120210011
HROV.vOTU43438	Responder_Status	Responder	0.339861870278568	0.566910990267922	0.553661580138788	0.950785066462246	sample_2022120210011
HROV.vOTU12570	Responder_Status	Responder	-0.535262518741276	0.894926347368412	0.554575493034586	0.950822253466561	sample_2022120210011
HROV.vOTU48056	Responder_Status	Responder	-0.422518834087123	0.705571029678829	0.554098958402696	0.950822253466561	sample_2022120210011
HROV.vOTU71080	Responder_Status	Responder	0.472870748363515	0.792138986991656	0.555334662629396	0.950822253466561	sample_2022120210011
HROV.vOTU18912	Responder_Status	Responder	0.29954416091899	0.49997242633795	0.553909008167921	0.950822253466561	sample_2022120210011
HROV.vOTU21230	Responder_Status	Responder	-0.261709916536353	0.438330073653938	0.555264215721473	0.950822253466561	sample_2022120210011
HROV.vOTU43100	Responder_Status	Responder	-0.686268533989792	1.15052090804567	0.555643585290594	0.950822253466561	sample_2022120210011
HROV.vOTU26281	Responder_Status	Responder	-0.283230463154199	0.474805040244204	0.555620910663073	0.950822253466561	sample_2022120210011
HROV.vOTU25865	Responder_Status	Responder	-0.77378620266402	1.29209597051041	0.554080029355114	0.950822253466561	sample_2022120210011
HROV.vOTU23013	Responder_Status	Responder	0.699010502834866	1.16737329419035	0.554127413121934	0.950822253466561	sample_2022120210011
HROV.vOTU71255	Responder_Status	Responder	-0.320857291408093	0.536191402260902	0.55438291951827	0.950822253466561	sample_2022120210011
HROV.vOTU56612	Responder_Status	Responder	0.290129015041386	0.485870580933518	0.555217473185115	0.950822253466561	sample_2022120210011
HROV.vOTU42674	Responder_Status	Responder	0.157284542757383	0.263599605122378	0.555515401689823	0.950822253466561	sample_2022120210011
HROV.vOTU39131	Responder_Status	Responder	0.362606231818322	0.608193495340819	0.555829935894092	0.950870919977668	sample_2022120210011
HROV.vOTU02401	Responder_Status	Responder	0.238367808868138	0.400615338139914	0.556619155605336	0.950973642212997	sample_2022120210011
HROV.vOTU31336	Responder_Status	Responder	-0.551144607273408	0.927780277783493	0.557250557406663	0.951219481090675	sample_2022120210011
HROV.vOTU31990	Responder_Status	Responder	0.66762147750271	1.12441238042474	0.557445138944206	0.951317583596265	sample_2022120210011
HROV.vOTU30124	Responder_Status	Responder	-0.573428243958954	0.968951803394211	0.558731297322885	0.951361964421262	sample_2022120210011
HROV.vOTU00473	Responder_Status	Responder	0.693720298802871	1.17404642170177	0.55934089377986	0.951361964421262	sample_2022120210011
HROV.vOTU70220	Responder_Status	Responder	0.526923576897943	0.890556342777198	0.558812886678168	0.951361964421262	sample_2022120210011
HROV.vOTU66515	Responder_Status	Responder	-0.331603279513343	0.559272995432598	0.55799470790974	0.951361964421262	sample_2022120210011
HROV.vOTU46569	Responder_Status	Responder	0.185357153872128	0.313158208033797	0.558669520091654	0.951361964421262	sample_2022120210011
HROV.vOTU26109	Responder_Status	Responder	0.417961554432157	0.708519391568078	0.559982897122812	0.951473155870785	sample_2022120210011
HROV.vOTU10969	Responder_Status	Responder	0.42290799582602	0.716679063002677	0.559860230373649	0.951473155870785	sample_2022120210011
HROV.vOTU01448	Responder_Status	Responder	0.599890671743499	1.01688298154161	0.559968048340353	0.951473155870785	sample_2022120210011
HROV.vOTU48740	Responder_Status	Responder	-0.218408192799398	0.370143270709319	0.559880090883855	0.951473155870785	sample_2022120210011
HROV.vOTU27295	Responder_Status	Responder	-0.414882688043016	0.703375207671501	0.560024507555003	0.951473155870785	sample_2022120210011
HROV.vOTU10491	Responder_Status	Responder	-0.697235967841319	1.18276030163468	0.560253632999519	0.951585423980824	sample_2022120210011
HROV.vOTU53921	Responder_Status	Responder	-0.511542135611037	0.869871093188341	0.561201240490441	0.951962284064521	sample_2022120210011
HROV.vOTU04013	Responder_Status	Responder	-0.208975858706685	0.35535674257419	0.561196719146092	0.951962284064521	sample_2022120210011
HROV.vOTU73653	Responder_Status	Responder	0.544380636843776	0.926130249256304	0.561376792650227	0.952042642031362	sample_2022120210011
HROV.vOTU18567	Responder_Status	Responder	0.582418382220015	0.991029393287043	0.561450310659482	0.952042642031362	sample_2022120210011
HROV.vOTU16998	Responder_Status	Responder	-0.304153769907019	0.517915245729784	0.561731562283939	0.952042642031362	sample_2022120210011
HROV.vOTU43749	Responder_Status	Responder	-0.216551783699119	0.369244813164441	0.562257070042091	0.952346074776314	sample_2022120210011
HROV.vOTU13956	Responder_Status	Responder	-0.351927211273622	0.600022504024665	0.562223120444954	0.952346074776314	sample_2022120210011
HROV.vOTU29891	Responder_Status	Responder	0.294915552274223	0.503399033750862	0.562670302804309	0.952580915239665	sample_2022120210011
HROV.vOTU37103	Responder_Status	Responder	-0.442334987953125	0.766485434014551	0.5684866632793	0.95267712108582	sample_2022120210011
HROV.vOTU09663	Responder_Status	Responder	-0.66826595063674	1.14592948407523	0.564450177075512	0.95267712108582	sample_2022120210011
HROV.vOTU36455	Responder_Status	Responder	-0.626598483845033	1.07414844755208	0.564331086117748	0.95267712108582	sample_2022120210011
HROV.vOTU74655	Responder_Status	Responder	0.459711909197085	0.78537720206448	0.563007994913	0.95267712108582	sample_2022120210011
HROV.vOTU13649	Responder_Status	Responder	0.572167201475513	0.983192446895553	0.565258089566932	0.95267712108582	sample_2022120210011
HROV.vOTU10034	Responder_Status	Responder	-0.423828924152258	0.732727868615563	0.567600300306608	0.95267712108582	sample_2022120210011
HROV.vOTU09485	Responder_Status	Responder	0.407932100314697	0.701084275321596	0.565317520979479	0.95267712108582	sample_2022120210011
HROV.vOTU36611	Responder_Status	Responder	0.510754097059107	0.877978360486206	0.565397270444019	0.95267712108582	sample_2022120210011
HROV.vOTU29060	Responder_Status	Responder	0.658776545210666	1.13014867679507	0.564618521584442	0.95267712108582	sample_2022120210011
HROV.vOTU41638	Responder_Status	Responder	0.328311124563041	0.568660654465164	0.568322840652455	0.95267712108582	sample_2022120210011
HROV.vOTU64636	Responder_Status	Responder	-0.600069718290492	1.02828307997228	0.564184869830949	0.95267712108582	sample_2022120210011
HROV.vOTU36670	Responder_Status	Responder	-0.451043577213292	0.779952466121586	0.567686749970092	0.95267712108582	sample_2022120210011
HROV.vOTU27480	Responder_Status	Responder	0.411437550223665	0.705593084613063	0.564487461008368	0.95267712108582	sample_2022120210011
HROV.vOTU72658	Responder_Status	Responder	-0.240204581930019	0.417409497222271	0.569573115597438	0.95267712108582	sample_2022120210011
HROV.vOTU67522	Responder_Status	Responder	-0.477896474106889	0.82828429117618	0.568568972716376	0.95267712108582	sample_2022120210011
HROV.vOTU05840	Responder_Status	Responder	0.541153233496044	0.934859990231992	0.567311373967945	0.95267712108582	sample_2022120210011
HROV.vOTU54353	Responder_Status	Responder	-0.163717192701227	0.280820110533213	0.564561902721691	0.95267712108582	sample_2022120210011
HROV.vOTU17233	Responder_Status	Responder	0.20252843670421	0.349382469335331	0.566768954382243	0.95267712108582	sample_2022120210011
HROV.vOTU50822	Responder_Status	Responder	0.58493239020794	1.0164730642632	0.5695812137536	0.95267712108582	sample_2022120210011
HROV.vOTU74463	Responder_Status	Responder	0.397051181269998	0.688256187375122	0.568620337430785	0.95267712108582	sample_2022120210011
HROV.vOTU27507	Responder_Status	Responder	-0.168482781820863	0.291700015447172	0.568157534767678	0.95267712108582	sample_2022120210011
HROV.vOTU49322	Responder_Status	Responder	0.455030928643056	0.788365249915216	0.568428182935218	0.95267712108582	sample_2022120210011
HROV.vOTU59165	Responder_Status	Responder	0.344578818702165	0.594973233356582	0.567118443309467	0.95267712108582	sample_2022120210011
HROV.vOTU48889	Responder_Status	Responder	0.192409674694865	0.333096833843675	0.568124470263124	0.95267712108582	sample_2022120210011
HROV.vOTU01917	Responder_Status	Responder	0.298047330334641	0.518336348398436	0.569878222175329	0.952772304785499	sample_2022120210011
HROV.vOTU22382	Responder_Status	Responder	0.439043098627836	0.765190656250116	0.570704314233845	0.953172338344658	sample_2022120210011
HROV.vOTU68967	Responder_Status	Responder	-0.458461841979798	0.800209384054783	0.571266626117558	0.953561733972491	sample_2022120210011
HROV.vOTU60429	Responder_Status	Responder	-0.264208924865932	0.461302395251329	0.571388000575968	0.95365352480864	sample_2022120210011
HROV.vOTU18749	Responder_Status	Responder	0.389784313054271	0.681783647891073	0.572078157083163	0.953814634306572	sample_2022120210011
HROV.vOTU71891	Responder_Status	Responder	0.264056997904018	0.461920942756166	0.572120162703449	0.953814634306572	sample_2022120210011
HROV.vOTU14934	Responder_Status	Responder	-0.820670454129681	1.43747141566803	0.572612983157175	0.953896698232621	sample_2022120210011
HROV.vOTU33539	Responder_Status	Responder	-0.488356594513907	0.856668424895993	0.573179878446474	0.954459133589069	sample_2022120210011
HROV.vOTU72437	Responder_Status	Responder	-0.686182284160472	1.20362445761667	0.573158627838116	0.954459133589069	sample_2022120210011
HROV.vOTU54587	Responder_Status	Responder	-0.471917562439878	0.828906350780239	0.573674573790345	0.954619338724605	sample_2022120210011
HROV.vOTU28607	Responder_Status	Responder	0.487526630441696	0.856367471086072	0.57369430610428	0.954619338724605	sample_2022120210011
HROV.vOTU46129	Responder_Status	Responder	-0.476863865973946	0.838814710600972	0.574229032629934	0.954630194703439	sample_2022120210011
HROV.vOTU21900	Responder_Status	Responder	-0.186693776954198	0.328833209192634	0.574732084999973	0.954630194703439	sample_2022120210011
HROV.vOTU58162	Responder_Status	Responder	-0.410109280381704	0.723927664071246	0.57556316472848	0.954797803275246	sample_2022120210011
HROV.vOTU56271	Responder_Status	Responder	-0.437363192276457	0.77248711531377	0.575784730245205	0.954797803275246	sample_2022120210011
HROV.vOTU38840	Responder_Status	Responder	-0.195964427085622	0.346207410139326	0.575880960104439	0.954797803275246	sample_2022120210011
HROV.vOTU24413	Responder_Status	Responder	0.247704323155881	0.437486262969641	0.575768840174786	0.954797803275246	sample_2022120210011
HROV.vOTU71363	Responder_Status	Responder	-0.438290592773047	0.788484470069653	0.582718393789891	0.955059340901229	sample_2022120210011
HROV.vOTU71149	Responder_Status	Responder	-0.644444463109039	1.1676564113287	0.585386717442617	0.955059340901229	sample_2022120210011
HROV.vOTU18653	Responder_Status	Responder	-0.383207759106946	0.690684625543382	0.583421061039908	0.955059340901229	sample_2022120210011
HROV.vOTU61101	Responder_Status	Responder	-0.990552882887367	1.79007061381536	0.584409047751918	0.955059340901229	sample_2022120210011
HROV.vOTU30964	Responder_Status	Responder	-0.211445936543615	0.380697805461558	0.58302047870285	0.955059340901229	sample_2022120210011
HROV.vOTU49565	Responder_Status	Responder	-0.66578638802939	1.18073481603972	0.577328358259887	0.955059340901229	sample_2022120210011
HROV.vOTU21564	Responder_Status	Responder	0.312014291508484	0.555743692262364	0.578966976020588	0.955059340901229	sample_2022120210011
HROV.vOTU66914	Responder_Status	Responder	-0.344449516161706	0.619479461967408	0.582606452251595	0.955059340901229	sample_2022120210011
HROV.vOTU63778	Responder_Status	Responder	-0.601771228383093	1.09102366721772	0.585621339071923	0.955059340901229	sample_2022120210011
HROV.vOTU07068	Responder_Status	Responder	-0.504240063793273	0.91416616254519	0.585608494030609	0.955059340901229	sample_2022120210011
HROV.vOTU22926	Responder_Status	Responder	-0.344776780861777	0.618342301562286	0.581560377784975	0.955059340901229	sample_2022120210011
HROV.vOTU31292	Responder_Status	Responder	0.44821935285996	0.796333987257323	0.578014114223217	0.955059340901229	sample_2022120210011
HROV.vOTU51606	Responder_Status	Responder	0.168336917767692	0.299921344212908	0.579078167727986	0.955059340901229	sample_2022120210011
HROV.vOTU29421	Responder_Status	Responder	-0.492405102388113	0.884515127744467	0.582158485185749	0.955059340901229	sample_2022120210011
HROV.vOTU72571	Responder_Status	Responder	-0.469169648119743	0.832698347826038	0.577624943628254	0.955059340901229	sample_2022120210011
HROV.vOTU56707	Responder_Status	Responder	-0.600343707764524	1.06556177148263	0.577643128871381	0.955059340901229	sample_2022120210011
HROV.vOTU20020	Responder_Status	Responder	0.408919111176585	0.730494558994145	0.580077934165425	0.955059340901229	sample_2022120210011
HROV.vOTU29531	Responder_Status	Responder	-0.383472670774219	0.67986313700894	0.577214695793441	0.955059340901229	sample_2022120210011
HROV.vOTU49528	Responder_Status	Responder	0.455175997495056	0.813433941821551	0.58021961344718	0.955059340901229	sample_2022120210011
HROV.vOTU56181	Responder_Status	Responder	0.441262375474087	0.784341462984767	0.578191366878506	0.955059340901229	sample_2022120210011
HROV.vOTU60930	Responder_Status	Responder	0.482629238978891	0.864445971801111	0.581069905282502	0.955059340901229	sample_2022120210011
HROV.vOTU16750	Responder_Status	Responder	-0.709434070984274	1.27832025237652	0.583319433067722	0.955059340901229	sample_2022120210011
HROV.vOTU11143	Responder_Status	Responder	0.587717094923892	1.06106062115037	0.584046945677763	0.955059340901229	sample_2022120210011
HROV.vOTU19551	Responder_Status	Responder	0.618483862951128	1.1040515450944	0.579801513756697	0.955059340901229	sample_2022120210011
HROV.vOTU61213	Responder_Status	Responder	0.328390847085166	0.592543826647771	0.583838127020851	0.955059340901229	sample_2022120210011
HROV.vOTU08047	Responder_Status	Responder	0.374450923035107	0.678697078096795	0.585516848153272	0.955059340901229	sample_2022120210011
HROV.vOTU13303	Responder_Status	Responder	0.385757849015441	0.692382707298861	0.581854849921963	0.955059340901229	sample_2022120210011
HROV.vOTU50212	Responder_Status	Responder	0.398417012080856	0.718904096342189	0.583841271606304	0.955059340901229	sample_2022120210011
HROV.vOTU09645	Responder_Status	Responder	-0.436587284518394	0.781028086106101	0.580611983295872	0.955059340901229	sample_2022120210011
HROV.vOTU09380	Responder_Status	Responder	-0.576805037990966	1.02797326800121	0.579186579460881	0.955059340901229	sample_2022120210011
HROV.vOTU35590	Responder_Status	Responder	0.440553917455752	0.78060905457666	0.576994458571757	0.955059340901229	sample_2022120210011
HROV.vOTU74563	Responder_Status	Responder	-0.497811590724379	0.884938267927829	0.578225915048363	0.955059340901229	sample_2022120210011
HROV.vOTU06121	Responder_Status	Responder	-0.385935246104071	0.694243196921507	0.58268921089633	0.955059340901229	sample_2022120210011
HROV.vOTU51342	Responder_Status	Responder	-0.218099950335948	0.393157238724078	0.583477282601346	0.955059340901229	sample_2022120210011
HROV.vOTU64423	Responder_Status	Responder	-0.288186243128486	0.519464407531138	0.583453007521003	0.955059340901229	sample_2022120210011
HROV.vOTU58024	Responder_Status	Responder	-0.310066988784997	0.558115741831633	0.582923589686981	0.955059340901229	sample_2022120210011
HROV.vOTU75635	Responder_Status	Responder	0.654118835340757	1.18647349849399	0.585791873535656	0.955059340901229	sample_2022120210011
HROV.vOTU16406	Responder_Status	Responder	0.367900076418974	0.653102318110771	0.577706442507684	0.955059340901229	sample_2022120210011
HROV.vOTU69936	Responder_Status	Responder	0.361926421875667	0.655456787711671	0.585209902429568	0.955059340901229	sample_2022120210011
HROV.vOTU28506	Responder_Status	Responder	-0.336078704739801	0.601010282161301	0.580477944089716	0.955059340901229	sample_2022120210011
HROV.vOTU49546	Responder_Status	Responder	-0.299886090246736	0.536189645480238	0.580409633003647	0.955059340901229	sample_2022120210011
HROV.vOTU12682	Responder_Status	Responder	0.354799516237293	0.64648065822525	0.587481238130869	0.955059340901229	sample_2022120210011
HROV.vOTU01921	Responder_Status	Responder	0.318637751733024	0.580419871466724	0.587372146617976	0.955059340901229	sample_2022120210011
HROV.vOTU70339	Responder_Status	Responder	0.23848772529523	0.42463218535494	0.578833829180827	0.955059340901229	sample_2022120210011
HROV.vOTU16271	Responder_Status	Responder	-0.432409130482333	0.78266018024815	0.584998990819204	0.955059340901229	sample_2022120210011
HROV.vOTU67775	Responder_Status	Responder	0.181268539274067	0.327041259174989	0.583795634540849	0.955059340901229	sample_2022120210011
HROV.vOTU05380	Responder_Status	Responder	-0.291485579037317	0.532190737903033	0.58823179018179	0.955291082366837	sample_2022120210011
HROV.vOTU47188	Responder_Status	Responder	0.438742457927038	0.802112173623578	0.58872308668944	0.955349734890519	sample_2022120210011
HROV.vOTU10215	Responder_Status	Responder	-0.680065129619884	1.24316966596345	0.588684201097111	0.955349734890519	sample_2022120210011
HROV.vOTU61538	Responder_Status	Responder	-0.688288773626014	1.25832787160049	0.588721111533145	0.955349734890519	sample_2022120210011
HROV.vOTU62918	Responder_Status	Responder	-0.170282676198471	0.311220266355348	0.588613763079002	0.955349734890519	sample_2022120210011
HROV.vOTU44975	Responder_Status	Responder	0.21247472853763	0.388285495463538	0.588568061364371	0.955349734890519	sample_2022120210011
HROV.vOTU52804	Responder_Status	Responder	0.506970493057083	0.927824482748998	0.589113698238769	0.955349878622277	sample_2022120210011
HROV.vOTU02117	Responder_Status	Responder	-0.0931213650746027	0.170577970983103	0.589446703448534	0.955426448855759	sample_2022120210011
HROV.vOTU47090	Responder_Status	Responder	-0.242298396564113	0.444176298832713	0.589729027567838	0.955566690707189	sample_2022120210011
HROV.vOTU02362	Responder_Status	Responder	-0.271386531253807	0.499504244933382	0.591214801513328	0.955798946947145	sample_2022120210011
HROV.vOTU15990	Responder_Status	Responder	0.726202053987193	1.34155708798219	0.592573312955717	0.955798946947145	sample_2022120210011
HROV.vOTU36712	Responder_Status	Responder	0.203589425927441	0.376750922379012	0.593206413570881	0.955798946947145	sample_2022120210011
HROV.vOTU40973	Responder_Status	Responder	-0.127611744888951	0.235110534715717	0.591580530583033	0.955798946947145	sample_2022120210011
HROV.vOTU41694	Responder_Status	Responder	-0.516133551383639	0.947226775212511	0.590143878786381	0.955798946947145	sample_2022120210011
HROV.vOTU34692	Responder_Status	Responder	-0.483282172884456	0.892465986177534	0.592437018842594	0.955798946947145	sample_2022120210011
HROV.vOTU73846	Responder_Status	Responder	0.36205173732636	0.666527804155089	0.591297000559672	0.955798946947145	sample_2022120210011
HROV.vOTU59916	Responder_Status	Responder	-0.197584671281227	0.362933471834802	0.590468951890436	0.955798946947145	sample_2022120210011
HROV.vOTU04724	Responder_Status	Responder	-0.188923021002148	0.347556572238321	0.591036096510357	0.955798946947145	sample_2022120210011
HROV.vOTU41784	Responder_Status	Responder	0.582453973463066	1.07051638771909	0.590688391870983	0.955798946947145	sample_2022120210011
HROV.vOTU31098	Responder_Status	Responder	0.37754085328562	0.697162955701282	0.592419598103088	0.955798946947145	sample_2022120210011
HROV.vOTU12332	Responder_Status	Responder	-0.403570566651215	0.742579972094394	0.591106749152052	0.955798946947145	sample_2022120210011
HROV.vOTU55389	Responder_Status	Responder	0.551354871025936	1.02265782655721	0.594052287254095	0.955997792526113	sample_2022120210011
HROV.vOTU47851	Responder_Status	Responder	-0.153280872764066	0.284366623400974	0.594129636523494	0.955997792526113	sample_2022120210011
HROV.vOTU33272	Responder_Status	Responder	-0.37702967724119	0.700687966783738	0.594770181796259	0.956160882703128	sample_2022120210011
HROV.vOTU49506	Responder_Status	Responder	-0.296204187081681	0.551130394819603	0.595203861176297	0.956496368116619	sample_2022120210011
HROV.vOTU69633	Responder_Status	Responder	-0.455227988522545	0.851482043634059	0.597125876082571	0.956503884134024	sample_2022120210011
HROV.vOTU31978	Responder_Status	Responder	-0.41553186771113	0.777182132576708	0.597102294447745	0.956503884134024	sample_2022120210011
HROV.vOTU03489	Responder_Status	Responder	-0.262102435061839	0.489892564723855	0.596859682584875	0.956503884134024	sample_2022120210011
HROV.vOTU40608	Responder_Status	Responder	-0.32030940414339	0.596474049949382	0.595506262861573	0.956503884134024	sample_2022120210011
HROV.vOTU07984	Responder_Status	Responder	0.318129643817076	0.594000335045831	0.596483586742647	0.956503884134024	sample_2022120210011
HROV.vOTU74803	Responder_Status	Responder	0.237985047911025	0.445510945465883	0.597430074351499	0.956503884134024	sample_2022120210011
HROV.vOTU18869	Responder_Status	Responder	-0.26645063150322	0.498302275827905	0.597066705773957	0.956503884134024	sample_2022120210011
HROV.vOTU70281	Responder_Status	Responder	-0.540017747204316	1.00731124857867	0.596124341668802	0.956503884134024	sample_2022120210011
HROV.vOTU49629	Responder_Status	Responder	0.355411039192631	0.663565520788567	0.596458642048901	0.956503884134024	sample_2022120210011
HROV.vOTU12546	Responder_Status	Responder	0.179225656738012	0.335074299383987	0.596953104943928	0.956503884134024	sample_2022120210011
HROV.vOTU73512	Responder_Status	Responder	0.435069275820359	0.811134486478117	0.595938099696052	0.956503884134024	sample_2022120210011
HROV.vOTU17386	Responder_Status	Responder	0.218318233188988	0.407305376408566	0.596187039309761	0.956503884134024	sample_2022120210011
HROV.vOTU16799	Responder_Status	Responder	0.504446831614329	0.944638594173551	0.597548944017888	0.956547048352868	sample_2022120210011
HROV.vOTU48727	Responder_Status	Responder	-0.29959893653943	0.5614515863376	0.597818988579518	0.956784287907087	sample_2022120210011
HROV.vOTU25315	Responder_Status	Responder	0.415072964950063	0.778788566379978	0.598257689202903	0.956945654403937	sample_2022120210011
HROV.vOTU28914	Responder_Status	Responder	-0.294637060778848	0.553198245789123	0.598507706033606	0.957036884241817	sample_2022120210011
HROV.vOTU03667	Responder_Status	Responder	-0.47440182242956	0.892642348736556	0.599292847188518	0.957070579899065	sample_2022120210011
HROV.vOTU03137	Responder_Status	Responder	-0.662527980146162	1.24464515566046	0.598715393894643	0.957070579899065	sample_2022120210011
HROV.vOTU49449	Responder_Status	Responder	0.282595997172748	0.531884399826148	0.599393325945914	0.957070579899065	sample_2022120210011
HROV.vOTU46349	Responder_Status	Responder	-0.692502884550987	1.30571031517951	0.600040355914529	0.957274227518065	sample_2022120210011
HROV.vOTU09408	Responder_Status	Responder	0.374182018707732	0.705972250553997	0.600273777468781	0.957274227518065	sample_2022120210011
HROV.vOTU10690	Responder_Status	Responder	-0.416537688817511	0.785312296182929	0.600009315806296	0.957274227518065	sample_2022120210011
HROV.vOTU35803	Responder_Status	Responder	0.480643774521983	0.905630255883713	0.599791634024101	0.957274227518065	sample_2022120210011
HROV.vOTU33744	Responder_Status	Responder	0.377611777896273	0.71243791599353	0.600271085173695	0.957274227518065	sample_2022120210011
HROV.vOTU11476	Responder_Status	Responder	0.354562993828181	0.669273180699063	0.600445182213209	0.957354765819068	sample_2022120210011
HROV.vOTU30174	Responder_Status	Responder	-0.306768160437822	0.579406044841159	0.600664446164426	0.957441717324806	sample_2022120210011
HROV.vOTU23074	Responder_Status	Responder	-0.288451657532451	0.545157255519103	0.60089470367132	0.957484747524957	sample_2022120210011
HROV.vOTU24834	Responder_Status	Responder	0.162565194775737	0.307347459384566	0.601022544330591	0.957615145456311	sample_2022120210011
HROV.vOTU06005	Responder_Status	Responder	0.435202000718751	0.827203548145473	0.602952846933266	0.957853243762968	sample_2022120210011
HROV.vOTU47534	Responder_Status	Responder	0.682463429481506	1.30567718014583	0.605302136031362	0.957853243762968	sample_2022120210011
HROV.vOTU11718	Responder_Status	Responder	-0.482063785635816	0.921065218767167	0.604830205657068	0.957853243762968	sample_2022120210011
HROV.vOTU44417	Responder_Status	Responder	-0.458970090049354	0.873903515766476	0.60358174186015	0.957853243762968	sample_2022120210011
HROV.vOTU73366	Responder_Status	Responder	-0.334130645549454	0.639796239169994	0.605607068127474	0.957853243762968	sample_2022120210011
HROV.vOTU56542	Responder_Status	Responder	0.55807050018955	1.06536069060867	0.604517072751978	0.957853243762968	sample_2022120210011
HROV.vOTU71281	Responder_Status	Responder	-0.337841669559391	0.641902520747708	0.602815242367894	0.957853243762968	sample_2022120210011
HROV.vOTU07299	Responder_Status	Responder	-0.437489210380239	0.8336320172285	0.603853725033219	0.957853243762968	sample_2022120210011
HROV.vOTU62816	Responder_Status	Responder	-0.448045961092587	0.851579725165578	0.602937264696593	0.957853243762968	sample_2022120210011
HROV.vOTU07581	Responder_Status	Responder	-0.445460989289915	0.846524620508111	0.602876764101596	0.957853243762968	sample_2022120210011
HROV.vOTU08786	Responder_Status	Responder	-0.501439613499369	0.962458061526105	0.60646381146558	0.957853243762968	sample_2022120210011
HROV.vOTU69548	Responder_Status	Responder	-0.416194850243183	0.791445187627422	0.603121135142032	0.957853243762968	sample_2022120210011
HROV.vOTU50037	Responder_Status	Responder	-0.391591935935051	0.750245199530987	0.605808724636536	0.957853243762968	sample_2022120210011
HROV.vOTU73439	Responder_Status	Responder	0.405180276463789	0.769098677813426	0.602464414091483	0.957853243762968	sample_2022120210011
HROV.vOTU53729	Responder_Status	Responder	0.182790291360551	0.346295185173582	0.60176515298256	0.957853243762968	sample_2022120210011
HROV.vOTU09913	Responder_Status	Responder	0.508318275810414	0.978043236776995	0.607336661545705	0.958068405462209	sample_2022120210011
HROV.vOTU43577	Responder_Status	Responder	-0.616164870625068	1.19092998891067	0.608953560398338	0.958079411377337	sample_2022120210011
HROV.vOTU03488	Responder_Status	Responder	-0.378354639844168	0.72849556848675	0.607588155061522	0.958079411377337	sample_2022120210011
HROV.vOTU07149	Responder_Status	Responder	-0.444806367460702	0.856680279597404	0.60768683739057	0.958079411377337	sample_2022120210011
HROV.vOTU17380	Responder_Status	Responder	0.450848541860728	0.871442368490283	0.608968910498033	0.958079411377337	sample_2022120210011
HROV.vOTU49019	Responder_Status	Responder	0.38579782288067	0.745452585944447	0.608847645366467	0.958079411377337	sample_2022120210011
HROV.vOTU49589	Responder_Status	Responder	0.491049447110981	0.947584169467967	0.608381439141602	0.958079411377337	sample_2022120210011
HROV.vOTU10032	Responder_Status	Responder	0.574112428746318	1.10823461394582	0.60849825445293	0.958079411377337	sample_2022120210011
HROV.vOTU75092	Responder_Status	Responder	0.38382252874793	0.741675100447865	0.608866511215489	0.958079411377337	sample_2022120210011
HROV.vOTU65849	Responder_Status	Responder	-0.303036173733403	0.585605929479332	0.608889292634243	0.958079411377337	sample_2022120210011
HROV.vOTU40169	Responder_Status	Responder	-0.30894509174091	0.59491573793987	0.607626262983132	0.958079411377337	sample_2022120210011
HROV.vOTU05596	Responder_Status	Responder	-0.590151504103345	1.1434408174031	0.60982342666995	0.958480224058856	sample_2022120210011
HROV.vOTU48328	Responder_Status	Responder	-0.606760043868778	1.17875391929583	0.610769536067832	0.958762383540702	sample_2022120210011
HROV.vOTU40093	Responder_Status	Responder	-0.507255001376454	0.986419317030989	0.611120222158954	0.958762383540702	sample_2022120210011
HROV.vOTU30687	Responder_Status	Responder	-0.362179939014338	0.704173472581484	0.611054885093247	0.958762383540702	sample_2022120210011
HROV.vOTU72046	Responder_Status	Responder	0.58358427061213	1.13435522070595	0.610965174801304	0.958762383540702	sample_2022120210011
HROV.vOTU42914	Responder_Status	Responder	0.32837936822862	0.63835793286976	0.611000236509506	0.958762383540702	sample_2022120210011
HROV.vOTU37315	Responder_Status	Responder	-0.232652714130408	0.451721862025507	0.610570654292859	0.958762383540702	sample_2022120210011
HROV.vOTU19405	Responder_Status	Responder	0.314540560501662	0.612056988442911	0.611348921506448	0.958874824893128	sample_2022120210011
HROV.vOTU21945	Responder_Status	Responder	0.293218327815932	0.571048583611219	0.611648334943337	0.958934782945395	sample_2022120210011
HROV.vOTU65351	Responder_Status	Responder	0.135603748766188	0.264036999567998	0.611575811000276	0.958934782945395	sample_2022120210011
HROV.vOTU70727	Responder_Status	Responder	-0.42110522448055	0.820558110665031	0.61184153735896	0.958997108443279	sample_2022120210011
HROV.vOTU03607	Responder_Status	Responder	-0.501633412708815	0.978473610809985	0.612203592939693	0.959034260870206	sample_2022120210011
HROV.vOTU19927	Responder_Status	Responder	-0.383433869372642	0.749330538786172	0.612871865349633	0.959034260870206	sample_2022120210011
HROV.vOTU29302	Responder_Status	Responder	0.601106289659918	1.17517373790962	0.613008489804406	0.959034260870206	sample_2022120210011
HROV.vOTU00742	Responder_Status	Responder	0.617611605945555	1.20432565754583	0.612094200362951	0.959034260870206	sample_2022120210011
HROV.vOTU06950	Responder_Status	Responder	-0.379379026789585	0.742678899280217	0.613477837304194	0.959034260870206	sample_2022120210011
HROV.vOTU13389	Responder_Status	Responder	-0.345370109525324	0.676254927629788	0.61355745410912	0.959086693247321	sample_2022120210011
HROV.vOTU51134	Responder_Status	Responder	-0.365968128544717	0.717653142374321	0.614082035354354	0.959362918745318	sample_2022120210011
HROV.vOTU44212	Responder_Status	Responder	-0.346371332796458	0.682140713188892	0.615590678070534	0.959507453937996	sample_2022120210011
HROV.vOTU54096	Responder_Status	Responder	-0.437108811999179	0.859775783814829	0.615156270132459	0.959507453937996	sample_2022120210011
HROV.vOTU12599	Responder_Status	Responder	0.484175084236905	0.952090555951066	0.615059170825937	0.959507453937996	sample_2022120210011
HROV.vOTU73089	Responder_Status	Responder	-0.494026578664285	0.97091472287087	0.614860538702781	0.959507453937996	sample_2022120210011
HROV.vOTU03613	Responder_Status	Responder	0.378057584673033	0.744394518255561	0.615520391321314	0.959507453937996	sample_2022120210011
HROV.vOTU07848	Responder_Status	Responder	-0.526406749749541	1.03455210774149	0.614860659048294	0.959507453937996	sample_2022120210011
HROV.vOTU23521	Responder_Status	Responder	0.290347567273977	0.57152822634662	0.615418594404598	0.959507453937996	sample_2022120210011
HROV.vOTU24693	Responder_Status	Responder	-0.203328366269316	0.400581749968906	0.615721120316023	0.959507453937996	sample_2022120210011
HROV.vOTU46797	Responder_Status	Responder	0.314592201468353	0.617590915578757	0.614472984582487	0.959507453937996	sample_2022120210011
HROV.vOTU32626	Responder_Status	Responder	-0.473589870078069	0.931967745515534	0.615320585802316	0.959507453937996	sample_2022120210011
HROV.vOTU38896	Responder_Status	Responder	0.182642769894606	0.360001900554077	0.615890330350833	0.959562666635672	sample_2022120210011
HROV.vOTU55142	Responder_Status	Responder	-0.437553837028825	0.863505064739994	0.616319788285126	0.959614684024537	sample_2022120210011
HROV.vOTU70497	Responder_Status	Responder	-0.370015078300682	0.730797620407125	0.616598005897903	0.95972538031567	sample_2022120210011
HROV.vOTU63352	Responder_Status	Responder	-0.320710990245892	0.633860512621721	0.616842024531588	0.959806747504659	sample_2022120210011
HROV.vOTU57119	Responder_Status	Responder	0.666769901583943	1.32030251384114	0.61750169846007	0.960009509382597	sample_2022120210011
HROV.vOTU54265	Responder_Status	Responder	0.486555329862838	0.965773392039139	0.618343939677944	0.960009509382597	sample_2022120210011
HROV.vOTU18560	Responder_Status	Responder	-0.256620760024526	0.509218835057301	0.618239033507213	0.960009509382597	sample_2022120210011
HROV.vOTU50006	Responder_Status	Responder	-0.299834504911492	0.593637359505831	0.617455054722962	0.960009509382597	sample_2022120210011
HROV.vOTU25686	Responder_Status	Responder	0.357237711823866	0.709835571956345	0.618711977626527	0.960009509382597	sample_2022120210011
HROV.vOTU48623	Responder_Status	Responder	0.474139582924341	0.938849666343797	0.61749555463202	0.960009509382597	sample_2022120210011
HROV.vOTU51492	Responder_Status	Responder	-0.567535468197971	1.12920737000749	0.619178380433328	0.960020448016863	sample_2022120210011
HROV.vOTU23863	Responder_Status	Responder	0.306890810659713	0.609919074301642	0.618782639173108	0.960020448016863	sample_2022120210011
HROV.vOTU09585	Responder_Status	Responder	-0.568897492628424	1.13471357382447	0.620038484554429	0.960045733249039	sample_2022120210011
HROV.vOTU64702	Responder_Status	Responder	-0.368525341840953	0.736697650581491	0.620815489134944	0.960045733249039	sample_2022120210011
HROV.vOTU24412	Responder_Status	Responder	0.436796326220436	0.874906978721368	0.62150429816736	0.960045733249039	sample_2022120210011
HROV.vOTU18806	Responder_Status	Responder	-0.339524768676657	0.676557289409591	0.619702254908894	0.960045733249039	sample_2022120210011
HROV.vOTU05574	Responder_Status	Responder	-0.262724868641666	0.525762515200746	0.621188837164332	0.960045733249039	sample_2022120210011
HROV.vOTU21222	Responder_Status	Responder	-0.381271561909233	0.761130836563566	0.620337255019471	0.960045733249039	sample_2022120210011
HROV.vOTU44189	Responder_Status	Responder	-0.49897109918055	0.996770744592943	0.620573610073573	0.960045733249039	sample_2022120210011
HROV.vOTU71296	Responder_Status	Responder	0.21407102293591	0.428721383171726	0.621451817504588	0.960045733249039	sample_2022120210011
HROV.vOTU41561	Responder_Status	Responder	-0.306942583627929	0.616187802010433	0.622281546246413	0.960092032006614	sample_2022120210011
HROV.vOTU12957	Responder_Status	Responder	-0.362563008213531	0.728220775569748	0.622459985987555	0.960096673459129	sample_2022120210011
HROV.vOTU14459	Responder_Status	Responder	-0.289749034857149	0.583149804846625	0.623160378359126	0.960124461403379	sample_2022120210011
HROV.vOTU54747	Responder_Status	Responder	0.34976263134716	0.702744275168138	0.6225751230856	0.960124461403379	sample_2022120210011
HROV.vOTU69519	Responder_Status	Responder	0.454802992822652	0.915556833694585	0.623243104334091	0.960124461403379	sample_2022120210011
HROV.vOTU25110	Responder_Status	Responder	-0.48248196107711	0.971856949155135	0.623449555264335	0.960124461403379	sample_2022120210011
HROV.vOTU16249	Responder_Status	Responder	0.281586401891273	0.566684323230783	0.62313758183569	0.960124461403379	sample_2022120210011
HROV.vOTU57517	Responder_Status	Responder	-0.507705615435746	1.03130288596512	0.626348588168132	0.96028105217307	sample_2022120210011
HROV.vOTU03041	Responder_Status	Responder	-0.317011011229001	0.641775787555268	0.625187927508873	0.96028105217307	sample_2022120210011
HROV.vOTU02899	Responder_Status	Responder	-0.830728660221232	1.67779811825287	0.624371514165556	0.96028105217307	sample_2022120210011
HROV.vOTU63670	Responder_Status	Responder	-0.360487886848139	0.732909236952786	0.626653261397796	0.96028105217307	sample_2022120210011
HROV.vOTU31636	Responder_Status	Responder	-0.185148337617278	0.376175118087205	0.626424514142471	0.96028105217307	sample_2022120210011
HROV.vOTU31896	Responder_Status	Responder	0.560056207767528	1.13732712697847	0.626253263218284	0.96028105217307	sample_2022120210011
HROV.vOTU35604	Responder_Status	Responder	-0.22748318741435	0.4606279686764	0.62526090237368	0.96028105217307	sample_2022120210011
HROV.vOTU24358	Responder_Status	Responder	0.261506359281764	0.529115131084435	0.624996705774751	0.96028105217307	sample_2022120210011
HROV.vOTU19375	Responder_Status	Responder	0.241069941526202	0.488504333014248	0.625518040790086	0.96028105217307	sample_2022120210011
HROV.vOTU37908	Responder_Status	Responder	0.488270233790455	0.993820151102546	0.627038923184167	0.960398468438442	sample_2022120210011
HROV.vOTU04630	Responder_Status	Responder	-0.482481982060647	0.982905603974405	0.627341486026296	0.960508498097636	sample_2022120210011
HROV.vOTU17167	Responder_Status	Responder	0.438576748222052	0.894547471446105	0.627757362737659	0.960579982752656	sample_2022120210011
HROV.vOTU14097	Responder_Status	Responder	0.551657778160637	1.12921074462964	0.628976155291705	0.960715713965146	sample_2022120210011
HROV.vOTU22046	Responder_Status	Responder	-0.360354280281038	0.737648091361598	0.628987388715054	0.960715713965146	sample_2022120210011
HROV.vOTU17856	Responder_Status	Responder	-0.516355723728808	1.05737516009369	0.629113663961848	0.960715713965146	sample_2022120210011
HROV.vOTU75616	Responder_Status	Responder	-0.300750769744685	0.615865713322941	0.629113011939422	0.960715713965146	sample_2022120210011
HROV.vOTU17471	Responder_Status	Responder	0.34473501460482	0.705479549489165	0.628892597552581	0.960715713965146	sample_2022120210011
HROV.vOTU38991	Responder_Status	Responder	0.283887086145928	0.580804036778092	0.628802084973949	0.960715713965146	sample_2022120210011
HROV.vOTU64089	Responder_Status	Responder	0.29135570963166	0.594890383628379	0.628116556292114	0.960715713965146	sample_2022120210011
HROV.vOTU24371	Responder_Status	Responder	-0.428397125423548	0.878251993306081	0.629500745339792	0.960975307474781	sample_2022120210011
HROV.vOTU36939	Responder_Status	Responder	0.275243351501744	0.564571703552531	0.629681149087515	0.961050969222513	sample_2022120210011
HROV.vOTU23603	Responder_Status	Responder	-0.39713117269299	0.816075446770165	0.630304312540498	0.961508557385889	sample_2022120210011
HROV.vOTU07005	Responder_Status	Responder	-0.499300592499974	1.03646284528798	0.633738086724249	0.96169163051912	sample_2022120210011
HROV.vOTU55790	Responder_Status	Responder	-0.691569422094653	1.43690360518281	0.634049422291213	0.96169163051912	sample_2022120210011
HROV.vOTU32570	Responder_Status	Responder	0.723991643548829	1.49241067659152	0.631368404783161	0.96169163051912	sample_2022120210011
HROV.vOTU55610	Responder_Status	Responder	0.288060544287511	0.598433554760313	0.63400299824875	0.96169163051912	sample_2022120210011
HROV.vOTU75427	Responder_Status	Responder	0.51228253666486	1.05624303867309	0.631446256167259	0.96169163051912	sample_2022120210011
HROV.vOTU67635	Responder_Status	Responder	0.444390040353836	0.920702699858154	0.633086572854184	0.96169163051912	sample_2022120210011
HROV.vOTU13262	Responder_Status	Responder	0.457943903389848	0.945671934720753	0.63197310806649	0.96169163051912	sample_2022120210011
HROV.vOTU07891	Responder_Status	Responder	-0.286004540667736	0.593425345492007	0.63358358552503	0.96169163051912	sample_2022120210011
HROV.vOTU01543	Responder_Status	Responder	-0.294617613769166	0.610063982244977	0.632900713949629	0.96169163051912	sample_2022120210011
HROV.vOTU75708	Responder_Status	Responder	-0.369978815001406	0.766364954720952	0.633011497016954	0.96169163051912	sample_2022120210011
HROV.vOTU54940	Responder_Status	Responder	0.322420336497723	0.663274491360577	0.630676305979179	0.96169163051912	sample_2022120210011
HROV.vOTU33217	Responder_Status	Responder	-0.253923556236588	0.523579026592961	0.63146576584414	0.96169163051912	sample_2022120210011
HROV.vOTU39614	Responder_Status	Responder	0.266753615427111	0.551828866637125	0.632571108749509	0.96169163051912	sample_2022120210011
HROV.vOTU09635	Responder_Status	Responder	-0.27424020970146	0.565402722171169	0.631424708307041	0.96169163051912	sample_2022120210011
HROV.vOTU40962	Responder_Status	Responder	0.5982183784899	1.24149939260688	0.633656445102797	0.96169163051912	sample_2022120210011
HROV.vOTU66926	Responder_Status	Responder	-0.0878814198158486	0.182637956576455	0.634128834748715	0.96169163051912	sample_2022120210011
HROV.vOTU21507	Responder_Status	Responder	-0.164482126771638	0.340934168843982	0.633239862251844	0.96169163051912	sample_2022120210011
HROV.vOTU42454	Responder_Status	Responder	-0.23618815110349	0.487489867151697	0.631800611579591	0.96169163051912	sample_2022120210011
HROV.vOTU20449	Responder_Status	Responder	0.247509928337001	0.511625149511721	0.632309763740813	0.96169163051912	sample_2022120210011
HROV.vOTU27155	Responder_Status	Responder	0.046746929489896	0.0964958670677826	0.631838234477302	0.96169163051912	sample_2022120210011
HROV.vOTU33821	Responder_Status	Responder	0.487494079332722	1.01412352602077	0.634461140741935	0.961697262076167	sample_2022120210011
HROV.vOTU43747	Responder_Status	Responder	0.497365072180241	1.03589743453042	0.634864947982424	0.961697262076167	sample_2022120210011
HROV.vOTU06912	Responder_Status	Responder	-0.482580312790973	1.00543774286167	0.634976799354778	0.961697262076167	sample_2022120210011
HROV.vOTU40721	Responder_Status	Responder	0.272040614653864	0.567322123964622	0.635295170365235	0.961697262076167	sample_2022120210011
HROV.vOTU70611	Responder_Status	Responder	0.38478884154648	0.802283143358502	0.635224769039605	0.961697262076167	sample_2022120210011
HROV.vOTU05887	Responder_Status	Responder	0.48886668969993	1.01875630525294	0.635049959882819	0.961697262076167	sample_2022120210011
HROV.vOTU67206	Responder_Status	Responder	0.211972456805817	0.442255622159704	0.635448658518838	0.961741369820882	sample_2022120210011
HROV.vOTU54276	Responder_Status	Responder	0.273432254071504	0.570899501079831	0.635693556122707	0.96197465435799	sample_2022120210011
HROV.vOTU65577	Responder_Status	Responder	-0.642207209228603	1.34262873950842	0.636135620734104	0.962027265078147	sample_2022120210011
HROV.vOTU35442	Responder_Status	Responder	0.486398937535274	1.01822925057614	0.636578282393823	0.962027265078147	sample_2022120210011
HROV.vOTU42430	Responder_Status	Responder	-0.437789779523771	0.915406544088495	0.636187965802321	0.962027265078147	sample_2022120210011
HROV.vOTU02735	Responder_Status	Responder	0.301236085725224	0.629686200149636	0.636086403717876	0.962027265078147	sample_2022120210011
HROV.vOTU07922	Responder_Status	Responder	-0.233247885070518	0.487622215707159	0.636124015170417	0.962027265078147	sample_2022120210011
HROV.vOTU11617	Responder_Status	Responder	-0.479029057432877	1.00446215584442	0.63713371105047	0.962215744141345	sample_2022120210011
HROV.vOTU50767	Responder_Status	Responder	-0.503447108189877	1.05713728941085	0.637601311970668	0.962356542893863	sample_2022120210011
HROV.vOTU31355	Responder_Status	Responder	-0.541412509040646	1.13995869336123	0.638513186452088	0.962698878580151	sample_2022120210011
HROV.vOTU49221	Responder_Status	Responder	-0.525332388356038	1.10682981398525	0.63873317877386	0.962934099817331	sample_2022120210011
HROV.vOTU62233	Responder_Status	Responder	-0.512907205230258	1.08717548652869	0.640739963976766	0.962958772935106	sample_2022120210011
HROV.vOTU16618	Responder_Status	Responder	0.455845105328281	0.960765277402884	0.638851141020632	0.962958772935106	sample_2022120210011
HROV.vOTU05852	Responder_Status	Responder	0.141063129474982	0.29943411933876	0.641219838642681	0.962958772935106	sample_2022120210011
HROV.vOTU30479	Responder_Status	Responder	0.588645126696741	1.24655719745904	0.640431823689534	0.962958772935106	sample_2022120210011
HROV.vOTU00780	Responder_Status	Responder	-0.384638753473658	0.815102292489284	0.640662009685192	0.962958772935106	sample_2022120210011
HROV.vOTU06659	Responder_Status	Responder	-0.374468186191932	0.792844241008295	0.64036612949067	0.962958772935106	sample_2022120210011
HROV.vOTU04091	Responder_Status	Responder	0.107223248679579	0.227718106357456	0.641388746728375	0.962961475756586	sample_2022120210011
HROV.vOTU24063	Responder_Status	Responder	0.266528481428127	0.566929271987407	0.641905888183261	0.963252185317179	sample_2022120210011
HROV.vOTU39462	Responder_Status	Responder	-0.578041867778524	1.23510577989156	0.643400028195475	0.963285526801275	sample_2022120210011
HROV.vOTU04421	Responder_Status	Responder	-0.327877057084983	0.700339299881895	0.643287829698931	0.963285526801275	sample_2022120210011
HROV.vOTU05205	Responder_Status	Responder	-0.279695583788085	0.597181668209506	0.643153347536445	0.963285526801275	sample_2022120210011
HROV.vOTU07511	Responder_Status	Responder	0.379115657728766	0.808706677458871	0.642847424884917	0.963285526801275	sample_2022120210011
HROV.vOTU22903	Responder_Status	Responder	-0.24662765196131	0.52626535817903	0.642956933914711	0.963285526801275	sample_2022120210011
HROV.vOTU64638	Responder_Status	Responder	-0.36904053972109	0.785590617029369	0.642163177737474	0.963285526801275	sample_2022120210011
HROV.vOTU32378	Responder_Status	Responder	-0.441609259040173	0.949733302506053	0.645540014129979	0.96332473943498	sample_2022120210011
HROV.vOTU42237	Responder_Status	Responder	0.543826059396399	1.16987225011798	0.645627042234389	0.96332473943498	sample_2022120210011
HROV.vOTU39417	Responder_Status	Responder	0.370608426283158	0.799569699637227	0.646581960367897	0.96332473943498	sample_2022120210011
HROV.vOTU43256	Responder_Status	Responder	0.362740917559911	0.777084626299534	0.644256903479717	0.96332473943498	sample_2022120210011
HROV.vOTU05854	Responder_Status	Responder	-0.467851152377165	1.00391787564094	0.644802495280844	0.96332473943498	sample_2022120210011
HROV.vOTU14865	Responder_Status	Responder	0.30549224975751	0.65638406819884	0.645232688831333	0.96332473943498	sample_2022120210011
HROV.vOTU24461	Responder_Status	Responder	0.260470272331009	0.561134487910567	0.646104065044019	0.96332473943498	sample_2022120210011
HROV.vOTU35144	Responder_Status	Responder	0.328839126080058	0.704422696626762	0.644240256594794	0.96332473943498	sample_2022120210011
HROV.vOTU53233	Responder_Status	Responder	0.173026506664852	0.370133053706453	0.643780711575339	0.96332473943498	sample_2022120210011
HROV.vOTU17055	Responder_Status	Responder	0.159126187007565	0.341481324546305	0.644828908020752	0.96332473943498	sample_2022120210011
HROV.vOTU19022	Responder_Status	Responder	-0.65849499961159	1.42627932759232	0.647872597756912	0.963699089244618	sample_2022120210011
HROV.vOTU23466	Responder_Status	Responder	0.124584712332643	0.27006486006623	0.648137027381927	0.963884387266577	sample_2022120210011
HROV.vOTU07890	Responder_Status	Responder	0.133520655349528	0.291987252160136	0.650996393486174	0.96396741341785	sample_2022120210011
HROV.vOTU43876	Responder_Status	Responder	-0.209999140753521	0.457173750076549	0.649534953635058	0.96396741341785	sample_2022120210011
HROV.vOTU27248	Responder_Status	Responder	0.464032974864423	1.00854738785354	0.648997282395224	0.96396741341785	sample_2022120210011
HROV.vOTU73429	Responder_Status	Responder	-0.374270276520554	0.813651409155031	0.649076574400272	0.96396741341785	sample_2022120210011
HROV.vOTU17300	Responder_Status	Responder	-0.351514889330071	0.766949689144223	0.650253997708751	0.96396741341785	sample_2022120210011
HROV.vOTU19549	Responder_Status	Responder	-0.364566050238112	0.791265023083912	0.648545082730067	0.96396741341785	sample_2022120210011
HROV.vOTU31353	Responder_Status	Responder	-0.209447860597938	0.457466440617889	0.650598440800308	0.96396741341785	sample_2022120210011
HROV.vOTU72013	Responder_Status	Responder	-0.214956835443178	0.467405496317635	0.649143789297899	0.96396741341785	sample_2022120210011
HROV.vOTU49234	Responder_Status	Responder	-0.346147027408393	0.756376136914464	0.650743495183407	0.96396741341785	sample_2022120210011
HROV.vOTU28339	Responder_Status	Responder	0.324310208463509	0.709736123861374	0.651236162266962	0.964111517891173	sample_2022120210011
HROV.vOTU16313	Responder_Status	Responder	-0.37173826717531	0.813637364236815	0.65127898405322	0.964111517891173	sample_2022120210011
HROV.vOTU04021	Responder_Status	Responder	-0.381023599535015	0.838629405482183	0.653086155345645	0.964415456655024	sample_2022120210011
HROV.vOTU47688	Responder_Status	Responder	-0.338001753453608	0.744664392411955	0.653400940069557	0.964415456655024	sample_2022120210011
HROV.vOTU56648	Responder_Status	Responder	-0.232875747933415	0.512846222457393	0.653268092134563	0.964415456655024	sample_2022120210011
HROV.vOTU44418	Responder_Status	Responder	-0.350146739363403	0.772747537445011	0.653954881060149	0.96462572563618	sample_2022120210011
HROV.vOTU04429	Responder_Status	Responder	0.160326045983369	0.353749664999972	0.653883935589199	0.96462572563618	sample_2022120210011
HROV.vOTU02645	Responder_Status	Responder	0.227959196151228	0.503909400983467	0.654479827762654	0.964664892712055	sample_2022120210011
HROV.vOTU75404	Responder_Status	Responder	-0.299526515014571	0.662278102427493	0.654561185457123	0.964680196186214	sample_2022120210011
HROV.vOTU25694	Responder_Status	Responder	0.497226621718256	1.10640504230343	0.65659736686037	0.964848160338764	sample_2022120210011
HROV.vOTU22940	Responder_Status	Responder	0.303598637949069	0.674199586417896	0.655954564301517	0.964848160338764	sample_2022120210011
HROV.vOTU32303	Responder_Status	Responder	0.427431028018787	0.947813079285403	0.655487556979635	0.964848160338764	sample_2022120210011
HROV.vOTU64823	Responder_Status	Responder	0.490390536186023	1.08837207611806	0.655767420831972	0.964848160338764	sample_2022120210011
HROV.vOTU71516	Responder_Status	Responder	-0.37391963272564	0.831727775978731	0.656481710593266	0.964848160338764	sample_2022120210011
HROV.vOTU23542	Responder_Status	Responder	-0.343084218367743	0.760389986567615	0.655324124834622	0.964848160338764	sample_2022120210011
HROV.vOTU62186	Responder_Status	Responder	0.237377270796834	0.527916980207223	0.656425330882522	0.964848160338764	sample_2022120210011
HROV.vOTU05670	Responder_Status	Responder	0.273209564762665	0.60755313046224	0.656397199804228	0.964848160338764	sample_2022120210011
HROV.vOTU25877	Responder_Status	Responder	0.16078177852632	0.357494369555805	0.656355897533829	0.964848160338764	sample_2022120210011
HROV.vOTU14647	Responder_Status	Responder	-0.135638296340684	0.302060090985446	0.656856268886666	0.964956118065916	sample_2022120210011
HROV.vOTU74522	Responder_Status	Responder	-0.410752435722764	0.915397000715564	0.657090752239188	0.965021959098681	sample_2022120210011
HROV.vOTU20181	Responder_Status	Responder	-0.27256533495231	0.607295590551915	0.657017227465716	0.965021959098681	sample_2022120210011
HROV.vOTU70023	Responder_Status	Responder	-0.137541367111705	0.309457961396024	0.660127298286328	0.965621312954559	sample_2022120210011
HROV.vOTU67626	Responder_Status	Responder	-0.377085265890384	0.847788881670731	0.659893227767273	0.965621312954559	sample_2022120210011
HROV.vOTU57556	Responder_Status	Responder	0.478275873413316	1.07381766536967	0.659457076175674	0.965621312954559	sample_2022120210011
HROV.vOTU18137	Responder_Status	Responder	-0.395838774374313	0.885653457490436	0.658352589981298	0.965621312954559	sample_2022120210011
HROV.vOTU13976	Responder_Status	Responder	-0.329606644168474	0.741454138620535	0.660068833836048	0.965621312954559	sample_2022120210011
HROV.vOTU25224	Responder_Status	Responder	-0.134131177040815	0.300895502716572	0.659188958619954	0.965621312954559	sample_2022120210011
HROV.vOTU60668	Responder_Status	Responder	0.254694576700471	0.572216887105331	0.659668524402101	0.965621312954559	sample_2022120210011
HROV.vOTU42860	Responder_Status	Responder	0.279267389001017	0.62922636315322	0.660578982639891	0.965621312954559	sample_2022120210011
HROV.vOTU57545	Responder_Status	Responder	-0.150134784785943	0.336467185372795	0.658877801757185	0.965621312954559	sample_2022120210011
HROV.vOTU23806	Responder_Status	Responder	-0.211114795874586	0.476046523605794	0.66083006616038	0.965621312954559	sample_2022120210011
HROV.vOTU30978	Responder_Status	Responder	0.321338017969284	0.724674488494138	0.660866642348196	0.965621312954559	sample_2022120210011
HROV.vOTU05119	Responder_Status	Responder	-0.267250951624702	0.601915791159964	0.660454704247236	0.965621312954559	sample_2022120210011
HROV.vOTU60486	Responder_Status	Responder	0.540754515042823	1.22233567040209	0.661602377606269	0.966061357024158	sample_2022120210011
HROV.vOTU04428	Responder_Status	Responder	-0.353641775509952	0.800010496630483	0.661851177547216	0.96619902266427	sample_2022120210011
HROV.vOTU17583	Responder_Status	Responder	0.286594218585676	0.648984908410688	0.662167636506546	0.966213808719482	sample_2022120210011
HROV.vOTU03559	Responder_Status	Responder	-0.388605585901194	0.881194435814227	0.662600422958908	0.966301955012238	sample_2022120210011
HROV.vOTU23983	Responder_Status	Responder	-0.240416997498812	0.546917883893379	0.663611794576103	0.966472116054296	sample_2022120210011
HROV.vOTU08046	Responder_Status	Responder	0.481932145015745	1.09504186400069	0.663240605094472	0.966472116054296	sample_2022120210011
HROV.vOTU72529	Responder_Status	Responder	0.280804496655025	0.637987788927682	0.663214122335504	0.966472116054296	sample_2022120210011
HROV.vOTU07041	Responder_Status	Responder	0.362831363924668	0.827385384080801	0.664368893801959	0.966659958500491	sample_2022120210011
HROV.vOTU02230	Responder_Status	Responder	-0.335496247953768	0.765649109747404	0.664613999682373	0.966659958500491	sample_2022120210011
HROV.vOTU52532	Responder_Status	Responder	-0.211854798616547	0.48354352724745	0.664653852554516	0.966659958500491	sample_2022120210011
HROV.vOTU26524	Responder_Status	Responder	-0.1860111633396	0.424460938468783	0.664582642189818	0.966659958500491	sample_2022120210011
HROV.vOTU05049	Responder_Status	Responder	0.15807875531539	0.361636008771498	0.665376359977419	0.966692882873594	sample_2022120210011
HROV.vOTU07677	Responder_Status	Responder	0.253876234440149	0.581217188600982	0.665605807040508	0.96680405621807	sample_2022120210011
HROV.vOTU10146	Responder_Status	Responder	-0.424569571578831	0.972736517970624	0.665843555544332	0.966986733346342	sample_2022120210011
HROV.vOTU74699	Responder_Status	Responder	-0.3312299588036	0.780060031295075	0.67435804059386	0.966986733346342	sample_2022120210011
HROV.vOTU56072	Responder_Status	Responder	0.522438948099552	1.26070863503512	0.681738098927404	0.966986733346342	sample_2022120210011
HROV.vOTU66996	Responder_Status	Responder	-0.526421352674836	1.21257888840532	0.667518419080828	0.966986733346342	sample_2022120210011
HROV.vOTU45763	Responder_Status	Responder	-0.496432855611807	1.17632030002922	0.676231917188571	0.966986733346342	sample_2022120210011
HROV.vOTU06705	Responder_Status	Responder	-0.357887826820795	0.859445112172626	0.680279534304998	0.966986733346342	sample_2022120210011
HROV.vOTU38073	Responder_Status	Responder	-0.158377420907064	0.383832500009378	0.683026657878675	0.966986733346342	sample_2022120210011
HROV.vOTU66153	Responder_Status	Responder	-0.39228797271318	0.90032235761614	0.666381046351206	0.966986733346342	sample_2022120210011
HROV.vOTU33597	Responder_Status	Responder	-0.357614498031955	0.841821507022099	0.674221690656063	0.966986733346342	sample_2022120210011
HROV.vOTU04745	Responder_Status	Responder	-0.357211530753315	0.842268078605172	0.674728728210853	0.966986733346342	sample_2022120210011
HROV.vOTU22577	Responder_Status	Responder	-0.380374534070963	0.920245777381353	0.682506022243962	0.966986733346342	sample_2022120210011
HROV.vOTU29841	Responder_Status	Responder	0.375166389680923	0.875890297085378	0.671690944609189	0.966986733346342	sample_2022120210011
HROV.vOTU25354	Responder_Status	Responder	0.381619790459543	0.900622600785861	0.67500104502038	0.966986733346342	sample_2022120210011
HROV.vOTU42257	Responder_Status	Responder	0.422188010509235	1.0103795667412	0.679243261723056	0.966986733346342	sample_2022120210011
HROV.vOTU42045	Responder_Status	Responder	0.319251514393694	0.752353704296711	0.674562760346659	0.966986733346342	sample_2022120210011
HROV.vOTU13420	Responder_Status	Responder	-0.351313661757245	0.83815830985004	0.678305091415126	0.966986733346342	sample_2022120210011
HROV.vOTU68369	Responder_Status	Responder	0.359534830337167	0.851488023959969	0.676072417402537	0.966986733346342	sample_2022120210011
HROV.vOTU18043	Responder_Status	Responder	0.263248325840356	0.626404624208869	0.67750843569912	0.966986733346342	sample_2022120210011
HROV.vOTU07684	Responder_Status	Responder	0.278844383287079	0.657614479128455	0.674788258015215	0.966986733346342	sample_2022120210011
HROV.vOTU63683	Responder_Status	Responder	-0.35273142071655	0.815741732305642	0.668758679864491	0.966986733346342	sample_2022120210011
HROV.vOTU01908	Responder_Status	Responder	-0.322354209440493	0.776364506946176	0.68115283348944	0.966986733346342	sample_2022120210011
HROV.vOTU23194	Responder_Status	Responder	0.361625436475039	0.854022913192599	0.675210979084459	0.966986733346342	sample_2022120210011
HROV.vOTU68801	Responder_Status	Responder	0.421560617483761	0.99207514952827	0.674136860354208	0.966986733346342	sample_2022120210011
HROV.vOTU17609	Responder_Status	Responder	-0.252520261250659	0.601742723719145	0.677944964309374	0.966986733346342	sample_2022120210011
HROV.vOTU27668	Responder_Status	Responder	0.400421826618469	0.94952374405367	0.67645826259047	0.966986733346342	sample_2022120210011
HROV.vOTU44598	Responder_Status	Responder	-0.643128529445748	1.48018973511619	0.667262360810269	0.966986733346342	sample_2022120210011
HROV.vOTU34645	Responder_Status	Responder	0.349206150514713	0.80836361965932	0.669056217300628	0.966986733346342	sample_2022120210011
HROV.vOTU38618	Responder_Status	Responder	-0.317820815961914	0.75515309911772	0.677063429405753	0.966986733346342	sample_2022120210011
HROV.vOTU06297	Responder_Status	Responder	0.346896024790421	0.807626231165119	0.670828189580448	0.966986733346342	sample_2022120210011
HROV.vOTU23491	Responder_Status	Responder	-0.25794783424302	0.601586920468964	0.671364956718822	0.966986733346342	sample_2022120210011
HROV.vOTU50340	Responder_Status	Responder	0.276645568949981	0.670624397391709	0.683100382525651	0.966986733346342	sample_2022120210011
HROV.vOTU49433	Responder_Status	Responder	0.319819664662599	0.768590103728788	0.68050022220685	0.966986733346342	sample_2022120210011
HROV.vOTU58106	Responder_Status	Responder	0.452336174925051	1.07388507544411	0.676814236274753	0.966986733346342	sample_2022120210011
HROV.vOTU12693	Responder_Status	Responder	-0.385029322236584	0.897545446363502	0.671220177539447	0.966986733346342	sample_2022120210011
HROV.vOTU29546	Responder_Status	Responder	0.442181714122534	1.0172601328086	0.667127145760496	0.966986733346342	sample_2022120210011
HROV.vOTU54639	Responder_Status	Responder	-0.146007231713928	0.335047005563287	0.666336683844307	0.966986733346342	sample_2022120210011
HROV.vOTU50051	Responder_Status	Responder	-0.341225744045095	0.817547711190892	0.679585633894825	0.966986733346342	sample_2022120210011
HROV.vOTU16409	Responder_Status	Responder	0.415003628379938	0.958460956835214	0.668339506468288	0.966986733346342	sample_2022120210011
HROV.vOTU01022	Responder_Status	Responder	-0.428834128788497	1.00425196008274	0.67263162146506	0.966986733346342	sample_2022120210011
HROV.vOTU20868	Responder_Status	Responder	0.310487174486432	0.744963010793086	0.680015859307909	0.966986733346342	sample_2022120210011
HROV.vOTU43426	Responder_Status	Responder	-0.310376521391291	0.733504381407761	0.675424096683568	0.966986733346342	sample_2022120210011
HROV.vOTU18618	Responder_Status	Responder	0.292275442170646	0.691078951921958	0.675579652425666	0.966986733346342	sample_2022120210011
HROV.vOTU29201	Responder_Status	Responder	0.323863648160947	0.768180466198334	0.676537391278151	0.966986733346342	sample_2022120210011
HROV.vOTU23614	Responder_Status	Responder	0.248964652001217	0.573658961163588	0.667618520870549	0.966986733346342	sample_2022120210011
HROV.vOTU36004	Responder_Status	Responder	-0.279164815734797	0.67357555749946	0.681701122610309	0.966986733346342	sample_2022120210011
HROV.vOTU70988	Responder_Status	Responder	-0.380084107871733	0.880936415606581	0.66944176592443	0.966986733346342	sample_2022120210011
HROV.vOTU07976	Responder_Status	Responder	-0.39877089090287	0.932044434562236	0.672036560973796	0.966986733346342	sample_2022120210011
HROV.vOTU51920	Responder_Status	Responder	-0.344907942449573	0.827025488488471	0.679824771978643	0.966986733346342	sample_2022120210011
HROV.vOTU62093	Responder_Status	Responder	-0.240853577472827	0.556646611688772	0.668556972457724	0.966986733346342	sample_2022120210011
HROV.vOTU33528	Responder_Status	Responder	-0.314288969801934	0.746195675663608	0.676833203843038	0.966986733346342	sample_2022120210011
HROV.vOTU01788	Responder_Status	Responder	0.75349484007007	1.77169718270256	0.673872206432323	0.966986733346342	sample_2022120210011
HROV.vOTU21643	Responder_Status	Responder	-0.138961914013591	0.318396818128068	0.665862699336572	0.966986733346342	sample_2022120210011
HROV.vOTU56596	Responder_Status	Responder	0.387103625266444	0.931164843229666	0.680783996386551	0.966986733346342	sample_2022120210011
HROV.vOTU34583	Responder_Status	Responder	-0.502157377522614	1.19170854019784	0.676697845796382	0.966986733346342	sample_2022120210011
HROV.vOTU34569	Responder_Status	Responder	-0.359422038074528	0.832166542817073	0.66911384322837	0.966986733346342	sample_2022120210011
HROV.vOTU41476	Responder_Status	Responder	0.462492917464321	1.09463495199094	0.675880682509368	0.966986733346342	sample_2022120210011
HROV.vOTU06266	Responder_Status	Responder	-0.208423529020231	0.488930805761197	0.673160122456087	0.966986733346342	sample_2022120210011
HROV.vOTU62711	Responder_Status	Responder	0.240645824158419	0.569458972841042	0.675824469550879	0.966986733346342	sample_2022120210011
HROV.vOTU20279	Responder_Status	Responder	-0.393007182474576	0.913937128427741	0.670475863508496	0.966986733346342	sample_2022120210011
HROV.vOTU01040	Responder_Status	Responder	0.274324831534682	0.655319235325169	0.678692985638357	0.966986733346342	sample_2022120210011
HROV.vOTU59988	Responder_Status	Responder	0.309996274488722	0.751671818699448	0.683180289956824	0.966986733346342	sample_2022120210011
HROV.vOTU37764	Responder_Status	Responder	-0.2855215417942	0.681524598867831	0.678452583549274	0.966986733346342	sample_2022120210011
HROV.vOTU45592	Responder_Status	Responder	0.247939446145641	0.588531686734538	0.676763660268203	0.966986733346342	sample_2022120210011
HROV.vOTU37086	Responder_Status	Responder	-0.18591492536371	0.439321795039721	0.675392232827775	0.966986733346342	sample_2022120210011
HROV.vOTU03761	Responder_Status	Responder	-0.309320422967291	0.71976916132318	0.670667132009741	0.966986733346342	sample_2022120210011
HROV.vOTU62337	Responder_Status	Responder	0.354278986050331	0.813327846192493	0.666472539943028	0.966986733346342	sample_2022120210011
HROV.vOTU47650	Responder_Status	Responder	-0.294484323148666	0.686339689521956	0.671159290246802	0.966986733346342	sample_2022120210011
HROV.vOTU13246	Responder_Status	Responder	-0.334126176160862	0.778833683854968	0.671199991015837	0.966986733346342	sample_2022120210011
HROV.vOTU11407	Responder_Status	Responder	0.415961331463685	0.99028739675743	0.677661353878761	0.966986733346342	sample_2022120210011
HROV.vOTU67070	Responder_Status	Responder	0.158589025606408	0.383841197710207	0.682634209112421	0.966986733346342	sample_2022120210011
HROV.vOTU30661	Responder_Status	Responder	0.353117863087702	0.818617292496738	0.669510537969941	0.966986733346342	sample_2022120210011
HROV.vOTU57641	Responder_Status	Responder	0.135559158942114	0.327826673264209	0.682384046522626	0.966986733346342	sample_2022120210011
HROV.vOTU15157	Responder_Status	Responder	0.204457642638166	0.474390509817016	0.669775460804664	0.966986733346342	sample_2022120210011
HROV.vOTU38248	Responder_Status	Responder	-0.354143632458081	0.859961594387115	0.683611859523025	0.967005127968147	sample_2022120210011
HROV.vOTU36381	Responder_Status	Responder	-0.209638633405334	0.509387721242833	0.683802473147402	0.967005127968147	sample_2022120210011
HROV.vOTU73110	Responder_Status	Responder	0.32651315383861	0.793780386447349	0.683955236819211	0.96707259640955	sample_2022120210011
HROV.vOTU56533	Responder_Status	Responder	0.207522340991029	0.505444264809126	0.684509877345832	0.967191105971957	sample_2022120210011
HROV.vOTU32240	Responder_Status	Responder	0.374488936800804	0.926087896879409	0.68900767312165	0.967201159092117	sample_2022120210011
HROV.vOTU03660	Responder_Status	Responder	-0.361648426804322	0.887331595986467	0.686689960042146	0.967201159092117	sample_2022120210011
HROV.vOTU27192	Responder_Status	Responder	-0.344464901887184	0.848585812001242	0.687880916331767	0.967201159092117	sample_2022120210011
HROV.vOTU12852	Responder_Status	Responder	0.337783017087276	0.837942209613762	0.689928840284142	0.967201159092117	sample_2022120210011
HROV.vOTU50707	Responder_Status	Responder	-0.35302471588288	0.871373504336058	0.688456424494457	0.967201159092117	sample_2022120210011
HROV.vOTU41845	Responder_Status	Responder	-0.426330631514537	1.06053434995234	0.690739141027188	0.967201159092117	sample_2022120210011
HROV.vOTU45549	Responder_Status	Responder	-0.289774372543468	0.715123280958575	0.688403355350551	0.967201159092117	sample_2022120210011
HROV.vOTU67176	Responder_Status	Responder	-0.407827330922788	1.0143355657943	0.690690064512277	0.967201159092117	sample_2022120210011
HROV.vOTU56332	Responder_Status	Responder	-0.281080235020697	0.685940046067002	0.685090145004784	0.967201159092117	sample_2022120210011
HROV.vOTU49630	Responder_Status	Responder	0.263671490563936	0.648238058525574	0.687283402311099	0.967201159092117	sample_2022120210011
HROV.vOTU50724	Responder_Status	Responder	0.252181532133831	0.628503661945955	0.691288412437084	0.967201159092117	sample_2022120210011
HROV.vOTU18061	Responder_Status	Responder	0.346471114550801	0.85971191629447	0.690002843321044	0.967201159092117	sample_2022120210011
HROV.vOTU12907	Responder_Status	Responder	0.410735409840724	1.01973384059442	0.690163929058833	0.967201159092117	sample_2022120210011
HROV.vOTU34779	Responder_Status	Responder	-0.238476057760307	0.58894401921365	0.688612269860483	0.967201159092117	sample_2022120210011
HROV.vOTU32540	Responder_Status	Responder	0.200924748274785	0.491675856612809	0.685903125894582	0.967201159092117	sample_2022120210011
HROV.vOTU45038	Responder_Status	Responder	-0.437722479387627	1.0898753732196	0.691008246526937	0.967201159092117	sample_2022120210011
HROV.vOTU20980	Responder_Status	Responder	-0.357654072972312	0.889725531445542	0.690749023392191	0.967201159092117	sample_2022120210011
HROV.vOTU16495	Responder_Status	Responder	-0.166059372714909	0.412417505565403	0.690264420683246	0.967201159092117	sample_2022120210011
HROV.vOTU73063	Responder_Status	Responder	-0.264383332667481	0.652971526568788	0.68863322913115	0.967201159092117	sample_2022120210011
HROV.vOTU73206	Responder_Status	Responder	-0.247295864200608	0.602725854518439	0.684711673934266	0.967201159092117	sample_2022120210011
HROV.vOTU63713	Responder_Status	Responder	-0.313330948669529	0.765731988090862	0.685512478640445	0.967201159092117	sample_2022120210011
HROV.vOTU62525	Responder_Status	Responder	-0.358038492763492	0.880614826314938	0.687409126751448	0.967201159092117	sample_2022120210011
HROV.vOTU53502	Responder_Status	Responder	-0.320534773712587	0.790547412090873	0.688221525814222	0.967201159092117	sample_2022120210011
HROV.vOTU01454	Responder_Status	Responder	0.355972774768878	0.883199209617072	0.689973133978994	0.967201159092117	sample_2022120210011
HROV.vOTU38300	Responder_Status	Responder	0.313883034828361	0.772418462199414	0.687564437775912	0.967201159092117	sample_2022120210011
HROV.vOTU22982	Responder_Status	Responder	-0.288616175322131	0.713056063814158	0.688729977589925	0.967201159092117	sample_2022120210011
HROV.vOTU03141	Responder_Status	Responder	0.267771422786105	0.661097260320099	0.688525476354491	0.967201159092117	sample_2022120210011
HROV.vOTU63834	Responder_Status	Responder	-0.138677243623594	0.344624089504969	0.690444230314017	0.967201159092117	sample_2022120210011
HROV.vOTU07415	Responder_Status	Responder	-0.1978775964479	0.493541707114959	0.691512023220993	0.967261794459039	sample_2022120210011
HROV.vOTU65229	Responder_Status	Responder	0.409573540085776	1.03209066324149	0.694495012306513	0.96740088400628	sample_2022120210011
HROV.vOTU09783	Responder_Status	Responder	-0.412729102849271	1.04355249557417	0.695468386577596	0.96740088400628	sample_2022120210011
HROV.vOTU48092	Responder_Status	Responder	-0.228237228465506	0.586527330721889	0.70012139315552	0.96740088400628	sample_2022120210011
HROV.vOTU59942	Responder_Status	Responder	-0.461401394681069	1.1841725626821	0.69975052381931	0.96740088400628	sample_2022120210011
HROV.vOTU50950	Responder_Status	Responder	0.398960845870552	1.00462204674227	0.694286090887407	0.96740088400628	sample_2022120210011
HROV.vOTU33245	Responder_Status	Responder	-0.609236785568657	1.52536607211675	0.692626084096843	0.96740088400628	sample_2022120210011
HROV.vOTU23555	Responder_Status	Responder	0.42176340651072	1.08407860561222	0.700180432301405	0.96740088400628	sample_2022120210011
HROV.vOTU42214	Responder_Status	Responder	-0.199882913443216	0.510320335300443	0.698258896730688	0.96740088400628	sample_2022120210011
HROV.vOTU62491	Responder_Status	Responder	-0.461424161298048	1.161308112671	0.694135882926783	0.96740088400628	sample_2022120210011
HROV.vOTU56918	Responder_Status	Responder	-0.570366187661158	1.43064354842924	0.693154590467063	0.96740088400628	sample_2022120210011
HROV.vOTU50970	Responder_Status	Responder	0.407370162788419	1.03171375644168	0.695946860567271	0.96740088400628	sample_2022120210011
HROV.vOTU14264	Responder_Status	Responder	-0.363702382614056	0.925692462420052	0.697370483001838	0.96740088400628	sample_2022120210011
HROV.vOTU14110	Responder_Status	Responder	-0.290790102521795	0.743759942773826	0.698776351583984	0.96740088400628	sample_2022120210011
HROV.vOTU43190	Responder_Status	Responder	-0.193215722618764	0.494294486699478	0.6988356461781	0.96740088400628	sample_2022120210011
HROV.vOTU11072	Responder_Status	Responder	0.342178734466086	0.869087825418997	0.696768856676429	0.96740088400628	sample_2022120210011
HROV.vOTU04797	Responder_Status	Responder	0.352240584924148	0.892032273012287	0.695927734827704	0.96740088400628	sample_2022120210011
HROV.vOTU55043	Responder_Status	Responder	-0.19870192695183	0.51052333025751	0.700063558791279	0.96740088400628	sample_2022120210011
HROV.vOTU05941	Responder_Status	Responder	0.291933641474429	0.736377766555356	0.694781715940289	0.96740088400628	sample_2022120210011
HROV.vOTU03138	Responder_Status	Responder	-0.171894536611055	0.431399839071098	0.693315208243647	0.96740088400628	sample_2022120210011
HROV.vOTU00709	Responder_Status	Responder	-0.352155484307447	0.87924745338629	0.691813863628445	0.96740088400628	sample_2022120210011
HROV.vOTU02637	Responder_Status	Responder	0.21859824106045	0.55800062846491	0.698206724013679	0.96740088400628	sample_2022120210011
HROV.vOTU11265	Responder_Status	Responder	0.590980920618256	1.48825529163217	0.694307117780509	0.96740088400628	sample_2022120210011
HROV.vOTU72167	Responder_Status	Responder	-0.300882102192627	0.768166074669683	0.698253338947988	0.96740088400628	sample_2022120210011
HROV.vOTU54284	Responder_Status	Responder	0.266180463265112	0.678443558250719	0.697777804339166	0.96740088400628	sample_2022120210011
HROV.vOTU17878	Responder_Status	Responder	0.445670289335522	1.14834997698684	0.700879862256868	0.967586608610735	sample_2022120210011
HROV.vOTU40842	Responder_Status	Responder	-0.339003627689157	0.873109733608607	0.700751631278289	0.967586608610735	sample_2022120210011
HROV.vOTU44564	Responder_Status	Responder	0.307211963121714	0.791572069114015	0.700874471615678	0.967586608610735	sample_2022120210011
HROV.vOTU30169	Responder_Status	Responder	-0.312105232720525	0.804257618209204	0.700901796042885	0.967586608610735	sample_2022120210011
HROV.vOTU43907	Responder_Status	Responder	-0.389698992806775	1.00515683775021	0.701169994211016	0.967764301405895	sample_2022120210011
HROV.vOTU63708	Responder_Status	Responder	0.214896846671854	0.555385530682226	0.701731274009109	0.967818759803143	sample_2022120210011
HROV.vOTU51519	Responder_Status	Responder	-0.451887122965337	1.17196445496507	0.702721012728391	0.968294872837171	sample_2022120210011
HROV.vOTU24052	Responder_Status	Responder	-0.384878405860314	0.998349875547518	0.702769610806963	0.968294872837171	sample_2022120210011
HROV.vOTU61873	Responder_Status	Responder	0.206327458105303	0.535075487033714	0.7027038167776	0.968294872837171	sample_2022120210011
HROV.vOTU52562	Responder_Status	Responder	-0.350633655065259	0.912251405853629	0.703614790133055	0.968489352893107	sample_2022120210011
HROV.vOTU29751	Responder_Status	Responder	-0.50591587665722	1.31641490643878	0.703649506788492	0.968489352893107	sample_2022120210011
HROV.vOTU68255	Responder_Status	Responder	0.203915758392315	0.530470768601589	0.703582188069409	0.968489352893107	sample_2022120210011
HROV.vOTU62071	Responder_Status	Responder	-0.14949845966264	0.388872929929007	0.703556457686414	0.968489352893107	sample_2022120210011
HROV.vOTU14774	Responder_Status	Responder	-0.152023430995753	0.395759134466986	0.703783005538326	0.968492443934106	sample_2022120210011
HROV.vOTU58030	Responder_Status	Responder	0.325457008697152	0.848281113314775	0.704123584150493	0.968517827276612	sample_2022120210011
HROV.vOTU60379	Responder_Status	Responder	0.387711252579604	1.01138557768663	0.704357999641849	0.968517827276612	sample_2022120210011
HROV.vOTU73786	Responder_Status	Responder	0.166868084231475	0.435544748158758	0.704520455210839	0.968517827276612	sample_2022120210011
HROV.vOTU55435	Responder_Status	Responder	-0.301448360062477	0.785903773305651	0.704194977952601	0.968517827276612	sample_2022120210011
HROV.vOTU63233	Responder_Status	Responder	-0.306709688076609	0.820357716715878	0.711314917290247	0.968571784170679	sample_2022120210011
HROV.vOTU64197	Responder_Status	Responder	-0.434801141455226	1.16500043043453	0.711795673841523	0.968571784170679	sample_2022120210011
HROV.vOTU24406	Responder_Status	Responder	-0.155335906432906	0.406462456871794	0.705223999051906	0.968571784170679	sample_2022120210011
HROV.vOTU46032	Responder_Status	Responder	0.490806354696878	1.29128922301472	0.706746481696891	0.968571784170679	sample_2022120210011
HROV.vOTU32491	Responder_Status	Responder	-0.529712582889748	1.39132809735235	0.706281051752002	0.968571784170679	sample_2022120210011
HROV.vOTU16529	Responder_Status	Responder	-0.406145165819836	1.09434827134564	0.71333430915913	0.968571784170679	sample_2022120210011
HROV.vOTU71745	Responder_Status	Responder	-0.401031039758136	1.06177804860007	0.708503280135518	0.968571784170679	sample_2022120210011
HROV.vOTU63903	Responder_Status	Responder	0.403716776879724	1.06748617071949	0.708138725081014	0.968571784170679	sample_2022120210011
HROV.vOTU14163	Responder_Status	Responder	0.249871560251189	0.667275539859825	0.710879259140035	0.968571784170679	sample_2022120210011
HROV.vOTU72414	Responder_Status	Responder	0.436981838608654	1.18299980777214	0.714620029668498	0.968571784170679	sample_2022120210011
HROV.vOTU40808	Responder_Status	Responder	-0.376192186542426	1.01513333370753	0.713736251499354	0.968571784170679	sample_2022120210011
HROV.vOTU72910	Responder_Status	Responder	0.448966903975113	1.20372058407754	0.71197013741703	0.968571784170679	sample_2022120210011
HROV.vOTU03401	Responder_Status	Responder	0.261935134215437	0.70310421457058	0.712295221072109	0.968571784170679	sample_2022120210011
HROV.vOTU10300	Responder_Status	Responder	-0.354921818669819	0.941637943669151	0.709074895193333	0.968571784170679	sample_2022120210011
HROV.vOTU20060	Responder_Status	Responder	0.463685890310416	1.21584360791949	0.705807651275683	0.968571784170679	sample_2022120210011
HROV.vOTU15004	Responder_Status	Responder	-0.485944481168653	1.30549570738466	0.712524247874395	0.968571784170679	sample_2022120210011
HROV.vOTU00724	Responder_Status	Responder	-0.313636552583771	0.824886806221223	0.706652904306238	0.968571784170679	sample_2022120210011
HROV.vOTU20183	Responder_Status	Responder	0.303152678395293	0.808337018531872	0.710462112012296	0.968571784170679	sample_2022120210011
HROV.vOTU46619	Responder_Status	Responder	-0.169634445295327	0.454765011804191	0.711945891746262	0.968571784170679	sample_2022120210011
HROV.vOTU17618	Responder_Status	Responder	0.322006771547123	0.871142145758685	0.714433641680712	0.968571784170679	sample_2022120210011
HROV.vOTU64896	Responder_Status	Responder	-0.127082079074461	0.340572201671407	0.711852253298671	0.968571784170679	sample_2022120210011
HROV.vOTU06261	Responder_Status	Responder	0.184584599279785	0.495773584106959	0.712460593472493	0.968571784170679	sample_2022120210011
HROV.vOTU54766	Responder_Status	Responder	-0.25836438269654	0.698485266856727	0.714245796048552	0.968571784170679	sample_2022120210011
HROV.vOTU04734	Responder_Status	Responder	-0.37143224349824	0.998052905433273	0.712577981321377	0.968571784170679	sample_2022120210011
HROV.vOTU65654	Responder_Status	Responder	0.251026338773473	0.672300781587639	0.71167480768438	0.968571784170679	sample_2022120210011
HROV.vOTU64915	Responder_Status	Responder	-0.250656052394445	0.674644762856111	0.71303376479116	0.968571784170679	sample_2022120210011
HROV.vOTU07204	Responder_Status	Responder	0.195821030381052	0.521497921367296	0.710120406459932	0.968571784170679	sample_2022120210011
HROV.vOTU75469	Responder_Status	Responder	-0.240893931294707	0.63631606687517	0.707858185182872	0.968571784170679	sample_2022120210011
HROV.vOTU44531	Responder_Status	Responder	0.274316340112632	0.720236985559767	0.706174562202802	0.968571784170679	sample_2022120210011
HROV.vOTU17130	Responder_Status	Responder	0.232797945672589	0.630231232718245	0.714619711222292	0.968571784170679	sample_2022120210011
HROV.vOTU54184	Responder_Status	Responder	-0.290212246893751	0.776250834492472	0.711321612436504	0.968571784170679	sample_2022120210011
HROV.vOTU72977	Responder_Status	Responder	-0.136992993019889	0.360531200410081	0.706830713004008	0.968571784170679	sample_2022120210011
HROV.vOTU69859	Responder_Status	Responder	0.218835194539779	0.58767822094795	0.712419258769658	0.968571784170679	sample_2022120210011
HROV.vOTU36674	Responder_Status	Responder	0.2420273474482	0.642738068530428	0.709341579631699	0.968571784170679	sample_2022120210011
HROV.vOTU08785	Responder_Status	Responder	0.174550890886978	0.457135858449617	0.705465668058648	0.968571784170679	sample_2022120210011
HROV.vOTU16457	Responder_Status	Responder	-0.142026097885808	0.374771637470198	0.707570971843576	0.968571784170679	sample_2022120210011
HROV.vOTU39206	Responder_Status	Responder	0.239753093226576	0.637707355447159	0.709779462372594	0.968571784170679	sample_2022120210011
HROV.vOTU58927	Responder_Status	Responder	0.160124230756632	0.430356751331391	0.712639548741759	0.968571784170679	sample_2022120210011
HROV.vOTU02375	Responder_Status	Responder	0.132844181922427	0.353607125532633	0.709983840568327	0.968571784170679	sample_2022120210011
HROV.vOTU12112	Responder_Status	Responder	-0.314909642544562	0.855106364878078	0.715441914088919	0.968688494572891	sample_2022120210011
HROV.vOTU12978	Responder_Status	Responder	-0.487503611957752	1.32711519201301	0.716126762166113	0.968688494572891	sample_2022120210011
HROV.vOTU75645	Responder_Status	Responder	-0.251510792206496	0.685497329355779	0.71644996889465	0.968702951029164	sample_2022120210011
HROV.vOTU45083	Responder_Status	Responder	-0.150758207974334	0.412145582375115	0.71727185116053	0.968859539511602	sample_2022120210011
HROV.vOTU59311	Responder_Status	Responder	-0.169003027856985	0.462090904484647	0.717311164111592	0.968859539511602	sample_2022120210011
HROV.vOTU59579	Responder_Status	Responder	-0.318924033953674	0.874058120439054	0.717944522135607	0.968988011113309	sample_2022120210011
HROV.vOTU21251	Responder_Status	Responder	-0.172508292098886	0.473776239997889	0.718508570943041	0.96939045269506	sample_2022120210011
HROV.vOTU22969	Responder_Status	Responder	-0.347052621862709	0.954779541435801	0.718969141931563	0.969618953301241	sample_2022120210011
HROV.vOTU60948	Responder_Status	Responder	-0.337539422149132	0.931257950246789	0.719733351057853	0.969854145946239	sample_2022120210011
HROV.vOTU08333	Responder_Status	Responder	-0.392213407356469	1.08143104860185	0.719567364362631	0.969854145946239	sample_2022120210011
HROV.vOTU43200	Responder_Status	Responder	-0.195559664472386	0.54014129257191	0.720030818545927	0.969854145946239	sample_2022120210011
HROV.vOTU24122	Responder_Status	Responder	0.243211007249304	0.670596481430617	0.719568379437403	0.969854145946239	sample_2022120210011
HROV.vOTU18413	Responder_Status	Responder	-0.147320591469772	0.407028463200133	0.720112888617174	0.969854145946239	sample_2022120210011
HROV.vOTU22902	Responder_Status	Responder	-0.480328886816011	1.32891122667084	0.720479720615473	0.970037864463847	sample_2022120210011
HROV.vOTU03800	Responder_Status	Responder	-0.537691822655414	1.48861526527375	0.720659163150457	0.97004887056436	sample_2022120210011
HROV.vOTU14852	Responder_Status	Responder	0.362097980514449	1.0031892030542	0.720848294812136	0.97004887056436	sample_2022120210011
HROV.vOTU29342	Responder_Status	Responder	-0.322809255309485	0.895178430182319	0.721098205161508	0.970212452465249	sample_2022120210011
HROV.vOTU08878	Responder_Status	Responder	-0.388460262973773	1.07802927446177	0.721294806805454	0.970229016805724	sample_2022120210011
HROV.vOTU50793	Responder_Status	Responder	0.256131562262847	0.711971713333282	0.721733612557209	0.970229016805724	sample_2022120210011
HROV.vOTU72850	Responder_Status	Responder	0.324734065752279	0.904236721974801	0.722195629217846	0.970229016805724	sample_2022120210011
HROV.vOTU37069	Responder_Status	Responder	0.272074489013181	0.756388977790851	0.721768980063706	0.970229016805724	sample_2022120210011
HROV.vOTU00904	Responder_Status	Responder	0.489392084315199	1.36843531032847	0.723302780563736	0.970386553492372	sample_2022120210011
HROV.vOTU71496	Responder_Status	Responder	0.386082701418958	1.07926986803022	0.72323107483967	0.970386553492372	sample_2022120210011
HROV.vOTU65765	Responder_Status	Responder	0.302523333657915	0.845558122567556	0.723191368402368	0.970386553492372	sample_2022120210011
HROV.vOTU19905	Responder_Status	Responder	0.11871967710771	0.331704211908961	0.723096039904069	0.970386553492372	sample_2022120210011
HROV.vOTU19568	Responder_Status	Responder	0.294901090288843	0.823111581439302	0.722823906572566	0.970386553492372	sample_2022120210011
HROV.vOTU59373	Responder_Status	Responder	0.40724870929447	1.13909284509088	0.723383277448323	0.970432000521194	sample_2022120210011
HROV.vOTU34657	Responder_Status	Responder	-0.376102520202664	1.05363197442426	0.723799385965917	0.970690740887202	sample_2022120210011
HROV.vOTU67273	Responder_Status	Responder	-0.289809018919087	0.813436337849551	0.724303449790479	0.971011962338398	sample_2022120210011
HROV.vOTU73506	Responder_Status	Responder	0.512538403794396	1.43856281186365	0.724297826558771	0.971011962338398	sample_2022120210011
HROV.vOTU19159	Responder_Status	Responder	0.262243160430785	0.737809243652407	0.724927523091365	0.971040530252832	sample_2022120210011
HROV.vOTU08111	Responder_Status	Responder	-0.291412699648209	0.820387528123413	0.725091576722625	0.971040530252832	sample_2022120210011
HROV.vOTU23130	Responder_Status	Responder	0.104121905958396	0.292950292056356	0.724934740560884	0.971040530252832	sample_2022120210011
HROV.vOTU65910	Responder_Status	Responder	0.54336626695457	1.53056026788567	0.725241328648714	0.971172044250063	sample_2022120210011
HROV.vOTU35482	Responder_Status	Responder	-0.492506053209453	1.38866159041818	0.725499894966244	0.971341410166518	sample_2022120210011
HROV.vOTU14527	Responder_Status	Responder	-0.24964883542325	0.705347406481971	0.726037206289403	0.971341410166518	sample_2022120210011
HROV.vOTU04981	Responder_Status	Responder	-0.33224746387849	0.939294464414932	0.726198186179828	0.971341410166518	sample_2022120210011
HROV.vOTU35660	Responder_Status	Responder	0.37935736183214	1.07296411695648	0.726316857408079	0.971341410166518	sample_2022120210011
HROV.vOTU35718	Responder_Status	Responder	-0.392247194160157	1.1105409284609	0.726581107676805	0.971341410166518	sample_2022120210011
HROV.vOTU21336	Responder_Status	Responder	0.2607226544337	0.736310754818609	0.725921711633357	0.971341410166518	sample_2022120210011
HROV.vOTU63816	Responder_Status	Responder	-0.431560922024672	1.2211001903064	0.726420949397002	0.971341410166518	sample_2022120210011
HROV.vOTU09745	Responder_Status	Responder	0.352487272252507	0.997275295854795	0.726398284842766	0.971341410166518	sample_2022120210011
HROV.vOTU27284	Responder_Status	Responder	0.139498143186707	0.394569850528027	0.726328196534613	0.971341410166518	sample_2022120210011
HROV.vOTU20479	Responder_Status	Responder	-0.351169736454973	0.998268698799359	0.727637881365797	0.971397114160654	sample_2022120210011
HROV.vOTU33511	Responder_Status	Responder	-0.329090294220933	0.936157635299634	0.727820211640895	0.971397114160654	sample_2022120210011
HROV.vOTU43070	Responder_Status	Responder	-0.365822649728195	1.04156944373313	0.728050552912428	0.971397114160654	sample_2022120210011
HROV.vOTU49471	Responder_Status	Responder	0.238876872074047	0.677155378696869	0.726906247511932	0.971397114160654	sample_2022120210011
HROV.vOTU64693	Responder_Status	Responder	-0.237166731102561	0.672457821710289	0.726964700343657	0.971397114160654	sample_2022120210011
HROV.vOTU27519	Responder_Status	Responder	-0.139662300942116	0.397576660874243	0.728004976283653	0.971397114160654	sample_2022120210011
HROV.vOTU11680	Responder_Status	Responder	0.347154299712182	0.986557775159256	0.727559519738595	0.971397114160654	sample_2022120210011
HROV.vOTU60216	Responder_Status	Responder	0.295835471599478	0.843797377738999	0.728512396184698	0.971549013347452	sample_2022120210011
HROV.vOTU05340	Responder_Status	Responder	-0.464679085056775	1.33145247159123	0.729699029539442	0.971683294068229	sample_2022120210011
HROV.vOTU13816	Responder_Status	Responder	-0.253682489337558	0.727567986333261	0.729943911506339	0.971683294068229	sample_2022120210011
HROV.vOTU38162	Responder_Status	Responder	-0.267573340865212	0.767760792094214	0.730063132065675	0.971683294068229	sample_2022120210011
HROV.vOTU74379	Responder_Status	Responder	0.141229010509694	0.40363142095451	0.729035034994474	0.971683294068229	sample_2022120210011
HROV.vOTU53278	Responder_Status	Responder	-0.193732657525498	0.555519381680727	0.729892207411724	0.971683294068229	sample_2022120210011
HROV.vOTU51438	Responder_Status	Responder	0.167421822564891	0.481182794971705	0.73048891960154	0.97173703238399	sample_2022120210011
HROV.vOTU35521	Responder_Status	Responder	-0.409395968578532	1.17910230249534	0.731029933598681	0.972000011521579	sample_2022120210011
HROV.vOTU30481	Responder_Status	Responder	-0.166632658545689	0.480314411996275	0.731242267535529	0.972000011521579	sample_2022120210011
HROV.vOTU10675	Responder_Status	Responder	0.329949450211555	0.951336794525354	0.731314317593337	0.972000011521579	sample_2022120210011
HROV.vOTU62395	Responder_Status	Responder	0.146027400756814	0.421660387004714	0.731694817870698	0.972036528584049	sample_2022120210011
HROV.vOTU22387	Responder_Status	Responder	-0.143725784702593	0.414970531146557	0.731667623658614	0.972036528584049	sample_2022120210011
HROV.vOTU29020	Responder_Status	Responder	0.333389503087638	0.963609598167215	0.731944088818763	0.972071301784078	sample_2022120210011
HROV.vOTU20840	Responder_Status	Responder	-0.280481245038408	0.810690505139404	0.7319453114424	0.972071301784078	sample_2022120210011
HROV.vOTU01415	Responder_Status	Responder	0.326063830521791	0.952282946214277	0.734605220425818	0.972316503492703	sample_2022120210011
HROV.vOTU40319	Responder_Status	Responder	-0.224268223878311	0.65492506926195	0.734582034566593	0.972316503492703	sample_2022120210011
HROV.vOTU19608	Responder_Status	Responder	-0.251380719219322	0.732316956563866	0.733961204535394	0.972316503492703	sample_2022120210011
HROV.vOTU26706	Responder_Status	Responder	0.269684552211244	0.785696668700744	0.733979856573814	0.972316503492703	sample_2022120210011
HROV.vOTU50116	Responder_Status	Responder	-0.238477040572269	0.695062418099682	0.734084746918409	0.972316503492703	sample_2022120210011
HROV.vOTU71347	Responder_Status	Responder	0.487219949194475	1.41833006747382	0.733775959115583	0.972316503492703	sample_2022120210011
HROV.vOTU09621	Responder_Status	Responder	-0.193971427214455	0.565711021069183	0.734249095615169	0.972316503492703	sample_2022120210011
HROV.vOTU33092	Responder_Status	Responder	-0.210528833068801	0.61264724829964	0.733685703131148	0.972316503492703	sample_2022120210011
HROV.vOTU31335	Responder_Status	Responder	-0.140316893976953	0.408053228135031	0.733513729689883	0.972316503492703	sample_2022120210011
HROV.vOTU21695	Responder_Status	Responder	-0.268622290174512	0.785096015713543	0.734791384437743	0.972328212206002	sample_2022120210011
HROV.vOTU30498	Responder_Status	Responder	-0.226984403317229	0.663761784301275	0.734929459428219	0.972328212206002	sample_2022120210011
HROV.vOTU62594	Responder_Status	Responder	0.29278958906176	0.857514798701581	0.735321784036896	0.972503456629954	sample_2022120210011
HROV.vOTU52139	Responder_Status	Responder	0.371963426476544	1.09538997734528	0.736713075739476	0.973321654809089	sample_2022120210011
HROV.vOTU14490	Responder_Status	Responder	-0.369938865715693	1.08832071938205	0.736455715956381	0.973321654809089	sample_2022120210011
HROV.vOTU41864	Responder_Status	Responder	-0.486027231938011	1.43827033014296	0.737940429345908	0.973353985249756	sample_2022120210011
HROV.vOTU11457	Responder_Status	Responder	0.259389809749808	0.770642860745762	0.738936572935944	0.973353985249756	sample_2022120210011
HROV.vOTU67231	Responder_Status	Responder	0.207009968523098	0.616631076214616	0.739591245910072	0.973353985249756	sample_2022120210011
HROV.vOTU43272	Responder_Status	Responder	0.347743603769038	1.04622865643661	0.74207926472525	0.973353985249756	sample_2022120210011
HROV.vOTU22235	Responder_Status	Responder	-0.330007546493333	0.98311194828684	0.73961716985768	0.973353985249756	sample_2022120210011
HROV.vOTU40810	Responder_Status	Responder	0.303292171040008	0.91335586391035	0.742314311766246	0.973353985249756	sample_2022120210011
HROV.vOTU07438	Responder_Status	Responder	-0.245597429676403	0.737033932690734	0.741447592714659	0.973353985249756	sample_2022120210011
HROV.vOTU01341	Responder_Status	Responder	-0.24605967016023	0.733507616490979	0.739781516452501	0.973353985249756	sample_2022120210011
HROV.vOTU04654	Responder_Status	Responder	0.314470127707883	0.947150435215888	0.742349003883732	0.973353985249756	sample_2022120210011
HROV.vOTU33056	Responder_Status	Responder	-0.147034533500298	0.442331256078045	0.742056867348322	0.973353985249756	sample_2022120210011
HROV.vOTU44936	Responder_Status	Responder	0.280610781182246	0.838463715101416	0.740366288174688	0.973353985249756	sample_2022120210011
HROV.vOTU07631	Responder_Status	Responder	0.342482770864477	1.02753610664018	0.741387256514746	0.973353985249756	sample_2022120210011
HROV.vOTU14738	Responder_Status	Responder	0.340568435884535	1.02350604947184	0.741803923582988	0.973353985249756	sample_2022120210011
HROV.vOTU36109	Responder_Status	Responder	-0.186179857382133	0.558137727922279	0.741186806559996	0.973353985249756	sample_2022120210011
HROV.vOTU07448	Responder_Status	Responder	0.140693938785149	0.418173988863518	0.7390413958732	0.973353985249756	sample_2022120210011
HROV.vOTU14106	Responder_Status	Responder	-0.257862144939512	0.761850253436507	0.737535326354876	0.973353985249756	sample_2022120210011
HROV.vOTU05429	Responder_Status	Responder	0.151669459028402	0.451805171006667	0.739602151534107	0.973353985249756	sample_2022120210011
HROV.vOTU53543	Responder_Status	Responder	0.145818645498874	0.430538025063542	0.737370558973879	0.973353985249756	sample_2022120210011
HROV.vOTU56015	Responder_Status	Responder	0.205408371473834	0.61989045623001	0.742838129805038	0.973504732852223	sample_2022120210011
HROV.vOTU31635	Responder_Status	Responder	-0.114413595453985	0.345098591529264	0.742706263428601	0.973504732852223	sample_2022120210011
HROV.vOTU15261	Responder_Status	Responder	0.386627463614238	1.17272152587358	0.744092548915541	0.973569608144421	sample_2022120210011
HROV.vOTU49079	Responder_Status	Responder	-0.338268083543548	1.02513212196168	0.743874890368089	0.973569608144421	sample_2022120210011
HROV.vOTU12943	Responder_Status	Responder	0.257699080996791	0.790431525450129	0.746830937530087	0.973576014023507	sample_2022120210011
HROV.vOTU21814	Responder_Status	Responder	-0.303849342257624	0.924709805277539	0.744911381495992	0.973576014023507	sample_2022120210011
HROV.vOTU18579	Responder_Status	Responder	-0.201073688646982	0.616274453034393	0.746644058850205	0.973576014023507	sample_2022120210011
HROV.vOTU12973	Responder_Status	Responder	-0.258458270177384	0.789187641795447	0.745726507446779	0.973576014023507	sample_2022120210011
HROV.vOTU37178	Responder_Status	Responder	-0.351162818062466	1.07441033567743	0.746217920874758	0.973576014023507	sample_2022120210011
HROV.vOTU49670	Responder_Status	Responder	0.267209175005788	0.814567465981496	0.74532330872586	0.973576014023507	sample_2022120210011
HROV.vOTU06476	Responder_Status	Responder	0.34903590945988	1.06540650721094	0.745644911407922	0.973576014023507	sample_2022120210011
HROV.vOTU39228	Responder_Status	Responder	0.358180737089086	1.09052390975417	0.745016497272294	0.973576014023507	sample_2022120210011
HROV.vOTU30403	Responder_Status	Responder	0.160468942762512	0.492653786577728	0.747055301272326	0.973576014023507	sample_2022120210011
HROV.vOTU04898	Responder_Status	Responder	-0.212151337121305	0.647483048691669	0.745609578496532	0.973576014023507	sample_2022120210011
HROV.vOTU46545	Responder_Status	Responder	-0.096750461632055	0.296790316651668	0.746856389687471	0.973576014023507	sample_2022120210011
HROV.vOTU16572	Responder_Status	Responder	0.344156082388568	1.06020704306175	0.747887452893545	0.973580400155994	sample_2022120210011
HROV.vOTU19515	Responder_Status	Responder	0.305120248363972	0.938463938597754	0.747501698233455	0.973580400155994	sample_2022120210011
HROV.vOTU49542	Responder_Status	Responder	0.279073311240635	0.858472540628881	0.747536193097629	0.973580400155994	sample_2022120210011
HROV.vOTU44398	Responder_Status	Responder	-0.20900991407209	0.646711763868473	0.748953711786899	0.973734265719047	sample_2022120210011
HROV.vOTU02807	Responder_Status	Responder	0.234987365804962	0.729463398683032	0.749741571773125	0.974068794039899	sample_2022120210011
HROV.vOTU43123	Responder_Status	Responder	-0.251095479005494	0.779785726258335	0.749840174043999	0.974085844008371	sample_2022120210011
HROV.vOTU27575	Responder_Status	Responder	0.304212063306186	0.946535175718646	0.750297675899666	0.974335301915138	sample_2022120210011
HROV.vOTU41996	Responder_Status	Responder	0.150538137417749	0.469072990138682	0.750648941765061	0.974408659738224	sample_2022120210011
HROV.vOTU51612	Responder_Status	Responder	0.227754838604423	0.709897662868043	0.750723313068402	0.974408659738224	sample_2022120210011
HROV.vOTU02792	Responder_Status	Responder	-0.0981641472697304	0.306091031911203	0.750817225901092	0.974408659738224	sample_2022120210011
HROV.vOTU15208	Responder_Status	Responder	-0.193771044794947	0.604488465348829	0.75092873920971	0.974408659738224	sample_2022120210011
HROV.vOTU56560	Responder_Status	Responder	0.16728864747207	0.522818513481831	0.751363074333285	0.974438571740338	sample_2022120210011
HROV.vOTU57988	Responder_Status	Responder	-0.310060639396899	0.967844886859422	0.751072600351524	0.974438571740338	sample_2022120210011
HROV.vOTU63440	Responder_Status	Responder	0.371220776918931	1.1607068088008	0.751476757814789	0.974457308367482	sample_2022120210011
HROV.vOTU61105	Responder_Status	Responder	-0.392230482590929	1.22620277417194	0.751438473621178	0.974457308367482	sample_2022120210011
HROV.vOTU69432	Responder_Status	Responder	-0.121398300586291	0.380390690742464	0.751988320304046	0.974479151487697	sample_2022120210011
HROV.vOTU64208	Responder_Status	Responder	0.326603822285304	1.02494328093582	0.75235265231882	0.974582982752411	sample_2022120210011
HROV.vOTU20871	Responder_Status	Responder	0.305038030636263	0.958713878937937	0.75271382661588	0.974582982752411	sample_2022120210011
HROV.vOTU27624	Responder_Status	Responder	-0.251614545464072	0.79156388454891	0.752942013189881	0.974587246111688	sample_2022120210011
HROV.vOTU41713	Responder_Status	Responder	-0.318323815553633	1.00588724735854	0.754000109512996	0.974596723520708	sample_2022120210011
HROV.vOTU39467	Responder_Status	Responder	0.288787074400387	0.912521721162465	0.753992060357433	0.974596723520708	sample_2022120210011
HROV.vOTU37474	Responder_Status	Responder	0.333813235785587	1.0523085696714	0.753430112594348	0.974596723520708	sample_2022120210011
HROV.vOTU35848	Responder_Status	Responder	-0.264567343647868	0.835461362829378	0.753841364800993	0.974596723520708	sample_2022120210011
HROV.vOTU57667	Responder_Status	Responder	0.189281964682376	0.596895946903376	0.753512262966178	0.974596723520708	sample_2022120210011
HROV.vOTU17998	Responder_Status	Responder	0.0574692758153734	0.182095638631087	0.754646965966612	0.974898486734008	sample_2022120210011
HROV.vOTU42122	Responder_Status	Responder	-0.174821266254355	0.554704591244048	0.754976264199037	0.974912442046882	sample_2022120210011
HROV.vOTU67489	Responder_Status	Responder	0.164863823733272	0.523670660740857	0.755229839429368	0.974916446606684	sample_2022120210011
HROV.vOTU20962	Responder_Status	Responder	0.282948662993303	0.898829767627658	0.755249949629247	0.974916446606684	sample_2022120210011
HROV.vOTU33520	Responder_Status	Responder	-0.198200453655479	0.63017765147419	0.755461462279296	0.975012123580403	sample_2022120210011
HROV.vOTU23061	Responder_Status	Responder	-0.328514200297291	1.04703216474106	0.756030847030574	0.975012123580403	sample_2022120210011
HROV.vOTU25786	Responder_Status	Responder	-0.203311710495251	0.648141951614088	0.7560861486756	0.975012123580403	sample_2022120210011
HROV.vOTU14153	Responder_Status	Responder	-0.254949424643794	0.813685408892403	0.756354588491605	0.975012123580403	sample_2022120210011
HROV.vOTU14654	Responder_Status	Responder	0.0752796540031599	0.240386870611471	0.756479632160833	0.975042364041126	sample_2022120210011
HROV.vOTU16037	Responder_Status	Responder	0.267769558939328	0.856124558756657	0.756773588201633	0.975150308791001	sample_2022120210011
HROV.vOTU09333	Responder_Status	Responder	0.249312434894438	0.799250061687831	0.757402503631267	0.975468169761452	sample_2022120210011
HROV.vOTU52589	Responder_Status	Responder	-0.17299303607432	0.557966487891808	0.758824947829673	0.976020595011718	sample_2022120210011
HROV.vOTU05395	Responder_Status	Responder	-0.1597913064562	0.51513405431771	0.758710836328058	0.976020595011718	sample_2022120210011
HROV.vOTU05947	Responder_Status	Responder	-0.255287756059676	0.824543606737602	0.759149278985096	0.976079389022376	sample_2022120210011
HROV.vOTU47526	Responder_Status	Responder	-0.118147957180542	0.381245480152047	0.7589318196741	0.976079389022376	sample_2022120210011
HROV.vOTU07532	Responder_Status	Responder	0.236768091695042	0.765327629259335	0.759331934741086	0.976129029976558	sample_2022120210011
HROV.vOTU31942	Responder_Status	Responder	0.467438999019532	1.52513992099001	0.76149973414031	0.976249207579385	sample_2022120210011
HROV.vOTU01364	Responder_Status	Responder	-0.145253903593589	0.475353226213718	0.762191970808196	0.976249207579385	sample_2022120210011
HROV.vOTU26731	Responder_Status	Responder	-0.261095761241119	0.848799496334177	0.760658681278534	0.976249207579385	sample_2022120210011
HROV.vOTU37217	Responder_Status	Responder	0.14630480689603	0.478669850399676	0.762133031712948	0.976249207579385	sample_2022120210011
HROV.vOTU30954	Responder_Status	Responder	-0.284397498837587	0.930695180630113	0.762188290875762	0.976249207579385	sample_2022120210011
HROV.vOTU02408	Responder_Status	Responder	0.437010031055574	1.42431303481069	0.761249375596895	0.976249207579385	sample_2022120210011
HROV.vOTU35132	Responder_Status	Responder	0.107169135477584	0.349564448767276	0.761432094742975	0.976249207579385	sample_2022120210011
HROV.vOTU67651	Responder_Status	Responder	-0.29403136063501	0.966801549446265	0.763279195922323	0.976406072420362	sample_2022120210011
HROV.vOTU55105	Responder_Status	Responder	0.251201673626792	0.825376511036564	0.763113318380718	0.976406072420362	sample_2022120210011
HROV.vOTU20267	Responder_Status	Responder	0.10459307842053	0.344214296006928	0.763480925373647	0.976406072420362	sample_2022120210011
HROV.vOTU65967	Responder_Status	Responder	-0.230060199916394	0.755844765492243	0.76309300057368	0.976406072420362	sample_2022120210011
HROV.vOTU05939	Responder_Status	Responder	-0.242379413144946	0.801564854275861	0.764595170180706	0.976406072420362	sample_2022120210011
HROV.vOTU59281	Responder_Status	Responder	-0.27667037534578	0.911970884361719	0.763845879126843	0.976406072420362	sample_2022120210011
HROV.vOTU33181	Responder_Status	Responder	-0.127078983404601	0.419667932145012	0.764274143692816	0.976406072420362	sample_2022120210011
HROV.vOTU38904	Responder_Status	Responder	-0.214771447680967	0.709109931026462	0.764224167646852	0.976406072420362	sample_2022120210011
HROV.vOTU08027	Responder_Status	Responder	-0.181871400506849	0.596348666179932	0.762640749858226	0.976406072420362	sample_2022120210011
HROV.vOTU27652	Responder_Status	Responder	-0.197885345019318	0.649716643968632	0.762944631321464	0.976406072420362	sample_2022120210011
HROV.vOTU17325	Responder_Status	Responder	0.318759236662974	1.05773051499267	0.765365640860083	0.976572586193468	sample_2022120210011
HROV.vOTU11662	Responder_Status	Responder	0.28246098260133	0.935629725378771	0.764963893575465	0.976572586193468	sample_2022120210011
HROV.vOTU74953	Responder_Status	Responder	0.20659366147375	0.685217438688912	0.76526046451627	0.976572586193468	sample_2022120210011
HROV.vOTU74700	Responder_Status	Responder	-0.351375732644197	1.16531872105778	0.765240321377372	0.976572586193468	sample_2022120210011
HROV.vOTU24665	Responder_Status	Responder	-0.136382362554726	0.452790609369276	0.765484434852113	0.976572586193468	sample_2022120210011
HROV.vOTU17254	Responder_Status	Responder	-0.241035954092482	0.81716888874558	0.770196936171901	0.977198558647589	sample_2022120210011
HROV.vOTU65832	Responder_Status	Responder	-0.250622282355911	0.850008348851145	0.770286014464234	0.977198558647589	sample_2022120210011
HROV.vOTU67392	Responder_Status	Responder	0.271103831856812	0.92743316022274	0.772199929891753	0.977198558647589	sample_2022120210011
HROV.vOTU04890	Responder_Status	Responder	-0.351375206846091	1.21914867415905	0.775306022468145	0.977198558647589	sample_2022120210011
HROV.vOTU05144	Responder_Status	Responder	0.224554539000603	0.772771397070332	0.773511412627614	0.977198558647589	sample_2022120210011
HROV.vOTU66995	Responder_Status	Responder	-0.223653247800995	0.759197155264777	0.770478855702781	0.977198558647589	sample_2022120210011
HROV.vOTU73002	Responder_Status	Responder	-0.313889742107929	1.06931833806708	0.771272792204852	0.977198558647589	sample_2022120210011
HROV.vOTU15235	Responder_Status	Responder	-0.199752023666087	0.670574869896591	0.76799257754483	0.977198558647589	sample_2022120210011
HROV.vOTU42672	Responder_Status	Responder	0.294312421075288	1.00268152577892	0.771285332068537	0.977198558647589	sample_2022120210011
HROV.vOTU21530	Responder_Status	Responder	0.0870709346812243	0.302417242282856	0.775531033978901	0.977198558647589	sample_2022120210011
HROV.vOTU45051	Responder_Status	Responder	0.360864619686172	1.21907076376216	0.769402147972924	0.977198558647589	sample_2022120210011
HROV.vOTU00478	Responder_Status	Responder	0.370291310906445	1.27489717239934	0.773613926509846	0.977198558647589	sample_2022120210011
HROV.vOTU52475	Responder_Status	Responder	-0.28866623337451	0.964144886105045	0.766845088068996	0.977198558647589	sample_2022120210011
HROV.vOTU15402	Responder_Status	Responder	0.245652312789631	0.839456288895984	0.771960592850868	0.977198558647589	sample_2022120210011
HROV.vOTU35203	Responder_Status	Responder	0.255203326795486	0.871400786014814	0.771784346347796	0.977198558647589	sample_2022120210011
HROV.vOTU70617	Responder_Status	Responder	0.26158592883347	0.878270631839341	0.76802257044379	0.977198558647589	sample_2022120210011
HROV.vOTU47152	Responder_Status	Responder	-0.163348481013236	0.562717048744365	0.773737094770677	0.977198558647589	sample_2022120210011
HROV.vOTU69003	Responder_Status	Responder	0.127603625355973	0.442542263976446	0.775208564291522	0.977198558647589	sample_2022120210011
HROV.vOTU67606	Responder_Status	Responder	-0.227241694785538	0.789642421375693	0.775636038541115	0.977198558647589	sample_2022120210011
HROV.vOTU00955	Responder_Status	Responder	-0.342613565575815	1.1723444335144	0.772252738547648	0.977198558647589	sample_2022120210011
HROV.vOTU46449	Responder_Status	Responder	0.293710991135056	0.997387056678467	0.770563038026847	0.977198558647589	sample_2022120210011
HROV.vOTU74870	Responder_Status	Responder	0.175192195867767	0.607003116451819	0.774999463393937	0.977198558647589	sample_2022120210011
HROV.vOTU75151	Responder_Status	Responder	0.114268781390082	0.393186244089574	0.773481789339882	0.977198558647589	sample_2022120210011
HROV.vOTU30252	Responder_Status	Responder	0.194728740263354	0.667035266205092	0.77249094127179	0.977198558647589	sample_2022120210011
HROV.vOTU56910	Responder_Status	Responder	-0.260756439520576	0.904041566293294	0.775138955656102	0.977198558647589	sample_2022120210011
HROV.vOTU52099	Responder_Status	Responder	-0.416000663997326	1.41939763352669	0.771620249861667	0.977198558647589	sample_2022120210011
HROV.vOTU62209	Responder_Status	Responder	-0.277373347781101	0.950443370706651	0.772563554009728	0.977198558647589	sample_2022120210011
HROV.vOTU22906	Responder_Status	Responder	-0.220926085360316	0.740492809609655	0.767638870577775	0.977198558647589	sample_2022120210011
HROV.vOTU10512	Responder_Status	Responder	-0.101087859615665	0.351302088527501	0.775655757193152	0.977198558647589	sample_2022120210011
HROV.vOTU22871	Responder_Status	Responder	0.182692334561887	0.628395076913144	0.773401600348075	0.977198558647589	sample_2022120210011
HROV.vOTU02633	Responder_Status	Responder	-0.28285952919959	0.969014102027431	0.772511562132812	0.977198558647589	sample_2022120210011
HROV.vOTU11263	Responder_Status	Responder	-0.232613353238087	0.787581965781656	0.769904664528589	0.977198558647589	sample_2022120210011
HROV.vOTU01552	Responder_Status	Responder	-0.0650300954840265	0.222040565542038	0.771777366186879	0.977198558647589	sample_2022120210011
HROV.vOTU68499	Responder_Status	Responder	-0.133936790092148	0.463517898129853	0.774742832156949	0.977198558647589	sample_2022120210011
HROV.vOTU02911	Responder_Status	Responder	0.227705976558879	0.776162958296575	0.771399841601414	0.977198558647589	sample_2022120210011
HROV.vOTU25644	Responder_Status	Responder	0.103388679072401	0.346292080951083	0.767480956048739	0.977198558647589	sample_2022120210011
HROV.vOTU00962	Responder_Status	Responder	0.14805926031235	0.504818924988761	0.771461948789793	0.977198558647589	sample_2022120210011
HROV.vOTU43933	Responder_Status	Responder	0.138767281152112	0.464476154142557	0.767328678515268	0.977198558647589	sample_2022120210011
HROV.vOTU59845	Responder_Status	Responder	0.129501225987479	0.437650532668978	0.769489174328642	0.977198558647589	sample_2022120210011
HROV.vOTU15594	Responder_Status	Responder	0.19464654385482	0.675171466515047	0.775246605402664	0.977198558647589	sample_2022120210011
HROV.vOTU09421	Responder_Status	Responder	0.0823994949643824	0.286181482286737	0.775522815162494	0.977198558647589	sample_2022120210011
HROV.vOTU19804	Responder_Status	Responder	-0.205933338298521	0.717451392460456	0.776199349316782	0.977214350483979	sample_2022120210011
HROV.vOTU07116	Responder_Status	Responder	-0.134868572511565	0.469906239639627	0.776216692192082	0.977214350483979	sample_2022120210011
HROV.vOTU37184	Responder_Status	Responder	-0.185767473766762	0.645758568946205	0.775715373093956	0.977214350483979	sample_2022120210011
HROV.vOTU00253	Responder_Status	Responder	-0.241625164036972	0.842937772368902	0.776493433926945	0.977227855224058	sample_2022120210011
HROV.vOTU17996	Responder_Status	Responder	0.249383513119576	0.86997391878218	0.776486000841018	0.977227855224058	sample_2022120210011
HROV.vOTU34201	Responder_Status	Responder	0.208915170070463	0.730818045878651	0.777085937062992	0.977502700078164	sample_2022120210011
HROV.vOTU23010	Responder_Status	Responder	-0.155877822844296	0.545671608252718	0.777239445164946	0.977502700078164	sample_2022120210011
HROV.vOTU26986	Responder_Status	Responder	0.107110029061329	0.37505774096338	0.777299760559947	0.977502700078164	sample_2022120210011
HROV.vOTU11952	Responder_Status	Responder	0.242819179115613	0.853258460110681	0.778061100041896	0.978097704878129	sample_2022120210011
HROV.vOTU53400	Responder_Status	Responder	0.14525391292041	0.510854769418133	0.778245882652453	0.978152771415422	sample_2022120210011
HROV.vOTU14756	Responder_Status	Responder	-0.177441032743127	0.624196717997426	0.778294445275296	0.978154744499776	sample_2022120210011
HROV.vOTU38487	Responder_Status	Responder	0.322837274215586	1.13621209636781	0.778397836341274	0.978225621170297	sample_2022120210011
HROV.vOTU02525	Responder_Status	Responder	-0.143350154970489	0.507942311986771	0.779852438624232	0.978435947506619	sample_2022120210011
HROV.vOTU04217	Responder_Status	Responder	-0.252073779453438	0.891316660292242	0.779402318576361	0.978435947506619	sample_2022120210011
HROV.vOTU24480	Responder_Status	Responder	-0.1314659102169	0.465979832532326	0.77992035647787	0.978435947506619	sample_2022120210011
HROV.vOTU35072	Responder_Status	Responder	0.2169601784846	0.767790193494463	0.779579227288018	0.978435947506619	sample_2022120210011
HROV.vOTU17241	Responder_Status	Responder	0.226578268313843	0.802776620955251	0.779832829472604	0.978435947506619	sample_2022120210011
HROV.vOTU68286	Responder_Status	Responder	-0.13486374333874	0.477591886943991	0.779726902222284	0.978435947506619	sample_2022120210011
HROV.vOTU05286	Responder_Status	Responder	-0.139886611800271	0.496387578075436	0.78016218936786	0.978435947506619	sample_2022120210011
HROV.vOTU66534	Responder_Status	Responder	0.130198709209859	0.460104638687467	0.779276577536038	0.978435947506619	sample_2022120210011
HROV.vOTU29204	Responder_Status	Responder	-0.224403035924254	0.791480182955742	0.778861630011661	0.978435947506619	sample_2022120210011
HROV.vOTU15351	Responder_Status	Responder	-0.251674407598275	0.893506261601181	0.780267456100831	0.978448526943719	sample_2022120210011
HROV.vOTU01741	Responder_Status	Responder	0.287554211453664	1.02164164849641	0.780425081960936	0.978469345923196	sample_2022120210011
HROV.vOTU54503	Responder_Status	Responder	0.142502847209844	0.506292778694129	0.78042475471847	0.978469345923196	sample_2022120210011
HROV.vOTU14772	Responder_Status	Responder	0.237055379066891	0.84288670479828	0.780592541718394	0.978561416277304	sample_2022120210011
HROV.vOTU63062	Responder_Status	Responder	-0.135668687797158	0.482920937596958	0.780826918406764	0.97858890197576	sample_2022120210011
HROV.vOTU22815	Responder_Status	Responder	-0.307124599184581	1.09438095087341	0.781051487186016	0.978645986831585	sample_2022120210011
HROV.vOTU57111	Responder_Status	Responder	-0.058405239385034	0.208202280489274	0.78113965847663	0.978645986831585	sample_2022120210011
HROV.vOTU05759	Responder_Status	Responder	-0.198717718030028	0.709795054985026	0.781562363715699	0.978679016930207	sample_2022120210011
HROV.vOTU32134	Responder_Status	Responder	0.140127189138242	0.501374246587112	0.781925912955013	0.978700656737874	sample_2022120210011
HROV.vOTU09776	Responder_Status	Responder	0.447335553375491	1.60739209746866	0.782827767230161	0.979329001754438	sample_2022120210011
HROV.vOTU30995	Responder_Status	Responder	0.0861329698278405	0.309916489338989	0.783113297867061	0.979411039419391	sample_2022120210011
HROV.vOTU67284	Responder_Status	Responder	0.167775544543194	0.604573486796324	0.783426798792981	0.97955583095367	sample_2022120210011
HROV.vOTU57416	Responder_Status	Responder	0.29545511882638	1.06642806686008	0.783775960448461	0.979587654608471	sample_2022120210011
HROV.vOTU73260	Responder_Status	Responder	-0.179809488399292	0.651219349161431	0.784489811425526	0.979847310220361	sample_2022120210011
HROV.vOTU07169	Responder_Status	Responder	0.265772957606602	0.966992605227379	0.785453298243739	0.980462392980116	sample_2022120210011
HROV.vOTU28292	Responder_Status	Responder	0.263655480007503	0.963553103988669	0.786378590365724	0.980478790094407	sample_2022120210011
HROV.vOTU71476	Responder_Status	Responder	-0.207514606254341	0.757525214175809	0.786143395992666	0.980478790094407	sample_2022120210011
HROV.vOTU59792	Responder_Status	Responder	-0.440259621170697	1.63859463178871	0.790144796710104	0.980533744912046	sample_2022120210011
HROV.vOTU02349	Responder_Status	Responder	-0.318977044775407	1.16683189595114	0.786575029798986	0.980533744912046	sample_2022120210011
HROV.vOTU10171	Responder_Status	Responder	-0.149352211552398	0.555944344063183	0.790171652943366	0.980533744912046	sample_2022120210011
HROV.vOTU44031	Responder_Status	Responder	-0.257887488602993	0.949819080628016	0.787988959938699	0.980533744912046	sample_2022120210011
HROV.vOTU49179	Responder_Status	Responder	0.219130239850701	0.802356770412221	0.786774329598251	0.980533744912046	sample_2022120210011
HROV.vOTU37824	Responder_Status	Responder	0.199464370040953	0.738547302940439	0.789081965221492	0.980533744912046	sample_2022120210011
HROV.vOTU00965	Responder_Status	Responder	0.239474249137269	0.883444720612384	0.788326562644667	0.980533744912046	sample_2022120210011
HROV.vOTU09858	Responder_Status	Responder	0.306891583291846	1.13996311049802	0.789740589562227	0.980533744912046	sample_2022120210011
HROV.vOTU72898	Responder_Status	Responder	0.198917306617169	0.741049845792119	0.790338973172808	0.980533744912046	sample_2022120210011
HROV.vOTU74791	Responder_Status	Responder	0.249212246504939	0.920567172702068	0.78859513412522	0.980533744912046	sample_2022120210011
HROV.vOTU01038	Responder_Status	Responder	-0.0733560176698568	0.270048487099233	0.787891563738093	0.980533744912046	sample_2022120210011
HROV.vOTU07537	Responder_Status	Responder	-0.241621318683528	0.903304045626507	0.791055377633371	0.980533744912046	sample_2022120210011
HROV.vOTU52289	Responder_Status	Responder	-0.174879235071212	0.655747289950781	0.791664496419289	0.980533744912046	sample_2022120210011
HROV.vOTU52852	Responder_Status	Responder	-0.223456044885796	0.820408330367412	0.787334762897795	0.980533744912046	sample_2022120210011
HROV.vOTU73950	Responder_Status	Responder	0.2025482200261	0.750799353029196	0.789310331292964	0.980533744912046	sample_2022120210011
HROV.vOTU12009	Responder_Status	Responder	-0.153162217429063	0.562893368011433	0.787543016992837	0.980533744912046	sample_2022120210011
HROV.vOTU07230	Responder_Status	Responder	0.149728952804125	0.553829173523111	0.788872101576146	0.980533744912046	sample_2022120210011
HROV.vOTU26162	Responder_Status	Responder	-0.363277981128969	1.35231030300479	0.790179957618961	0.980533744912046	sample_2022120210011
HROV.vOTU73667	Responder_Status	Responder	0.133546313963765	0.499955401609764	0.791337122344439	0.980533744912046	sample_2022120210011
HROV.vOTU18238	Responder_Status	Responder	-0.177102127110198	0.662073156352276	0.791047631768313	0.980533744912046	sample_2022120210011
HROV.vOTU12645	Responder_Status	Responder	0.18508297805189	0.694433428074244	0.791788910101292	0.980550104935649	sample_2022120210011
HROV.vOTU59729	Responder_Status	Responder	0.177509675984931	0.670291104869599	0.793084277829258	0.980846737689592	sample_2022120210011
HROV.vOTU42879	Responder_Status	Responder	0.0753286753617688	0.284233987989728	0.792932741902512	0.980846737689592	sample_2022120210011
HROV.vOTU21813	Responder_Status	Responder	-0.168668031976005	0.657008264340339	0.799270926878783	0.981040490254949	sample_2022120210011
HROV.vOTU52792	Responder_Status	Responder	-0.180692101291194	0.690660916410453	0.795527825582531	0.981040490254949	sample_2022120210011
HROV.vOTU01004	Responder_Status	Responder	-0.212833122662579	0.8285208529329	0.799147177846874	0.981040490254949	sample_2022120210011
HROV.vOTU05726	Responder_Status	Responder	0.217730501049166	0.829376429048767	0.794840095489242	0.981040490254949	sample_2022120210011
HROV.vOTU02247	Responder_Status	Responder	0.281222724013783	1.07911602600514	0.796304425944784	0.981040490254949	sample_2022120210011
HROV.vOTU13279	Responder_Status	Responder	0.317092418077736	1.2044892721817	0.794278753930413	0.981040490254949	sample_2022120210011
HROV.vOTU08812	Responder_Status	Responder	0.300325439008812	1.16036613796921	0.797667723048104	0.981040490254949	sample_2022120210011
HROV.vOTU67198	Responder_Status	Responder	0.108007448025381	0.408745092449679	0.793529056176664	0.981040490254949	sample_2022120210011
HROV.vOTU73571	Responder_Status	Responder	0.331259690699429	1.27855561189591	0.797461908310599	0.981040490254949	sample_2022120210011
HROV.vOTU14274	Responder_Status	Responder	0.209009325602999	0.809979404395359	0.798261139863795	0.981040490254949	sample_2022120210011
HROV.vOTU38514	Responder_Status	Responder	-0.142396676402209	0.542898820240084	0.795018366221721	0.981040490254949	sample_2022120210011
HROV.vOTU51983	Responder_Status	Responder	-0.255970504054535	0.978920430304727	0.795634363149643	0.981040490254949	sample_2022120210011
HROV.vOTU68953	Responder_Status	Responder	-0.103415613949996	0.391610804038357	0.793654185178511	0.981040490254949	sample_2022120210011
HROV.vOTU43815	Responder_Status	Responder	-0.143496786802145	0.547203061869546	0.795058597778712	0.981040490254949	sample_2022120210011
HROV.vOTU07559	Responder_Status	Responder	-0.272283472175237	1.0579163119358	0.798769739172801	0.981040490254949	sample_2022120210011
HROV.vOTU73093	Responder_Status	Responder	-0.160374800186165	0.610421456276181	0.794683777978329	0.981040490254949	sample_2022120210011
HROV.vOTU53150	Responder_Status	Responder	-0.196888339184581	0.76661108031958	0.799188252027479	0.981040490254949	sample_2022120210011
HROV.vOTU21646	Responder_Status	Responder	0.227852897748772	0.865715834190288	0.794326720114446	0.981040490254949	sample_2022120210011
HROV.vOTU13478	Responder_Status	Responder	0.287502275554978	1.09718509121927	0.795211657431241	0.981040490254949	sample_2022120210011
HROV.vOTU69384	Responder_Status	Responder	0.289232361419207	1.10526799653555	0.795479539892749	0.981040490254949	sample_2022120210011
HROV.vOTU16478	Responder_Status	Responder	-0.179123403521841	0.683279545318638	0.795122984472606	0.981040490254949	sample_2022120210011
HROV.vOTU10989	Responder_Status	Responder	0.192415442951691	0.7437880408299	0.797761634000605	0.981040490254949	sample_2022120210011
HROV.vOTU04346	Responder_Status	Responder	0.168496672650149	0.651014280553268	0.797666020523286	0.981040490254949	sample_2022120210011
HROV.vOTU18575	Responder_Status	Responder	0.160399465202864	0.612474395163362	0.795325096107548	0.981040490254949	sample_2022120210011
HROV.vOTU57244	Responder_Status	Responder	0.0453920800624782	0.175151611006634	0.797408597986942	0.981040490254949	sample_2022120210011
HROV.vOTU00293	Responder_Status	Responder	-0.189100226416332	0.739179662265649	0.799956485158323	0.981272206865416	sample_2022120210011
HROV.vOTU30335	Responder_Status	Responder	0.278732691308118	1.08957721733288	0.799961954278128	0.981272206865416	sample_2022120210011
HROV.vOTU46509	Responder_Status	Responder	-0.192662781517626	0.753677498881149	0.800104930840531	0.981274106495738	sample_2022120210011
HROV.vOTU71968	Responder_Status	Responder	0.167967988866842	0.657525084935494	0.800239023751502	0.981345845244669	sample_2022120210011
HROV.vOTU04318	Responder_Status	Responder	-0.256850369018294	1.00638824130725	0.800418631522856	0.981389233731407	sample_2022120210011
HROV.vOTU42326	Responder_Status	Responder	0.155232880846757	0.608194046859035	0.800406538819342	0.981389233731407	sample_2022120210011
HROV.vOTU48334	Responder_Status	Responder	0.258857304460925	1.02019003714324	0.801554707152941	0.981954731565935	sample_2022120210011
HROV.vOTU19767	Responder_Status	Responder	0.177854058667231	0.700422052364469	0.801409587598143	0.981954731565935	sample_2022120210011
HROV.vOTU05982	Responder_Status	Responder	0.165145527387104	0.650864925677114	0.80155622599264	0.981954731565935	sample_2022120210011
HROV.vOTU32153	Responder_Status	Responder	-0.315276708121234	1.24403489783489	0.801786967400089	0.981987004141423	sample_2022120210011
HROV.vOTU12483	Responder_Status	Responder	0.157067626769148	0.620195495656232	0.801921397396923	0.981987004141423	sample_2022120210011
HROV.vOTU63177	Responder_Status	Responder	0.229202553070773	0.904553735072942	0.801820106304592	0.981987004141423	sample_2022120210011
HROV.vOTU15737	Responder_Status	Responder	0.155399464975248	0.615451246777288	0.802501496279818	0.982113391181449	sample_2022120210011
HROV.vOTU41142	Responder_Status	Responder	0.175641486198314	0.698827999948186	0.803388865414337	0.982201251517111	sample_2022120210011
HROV.vOTU26256	Responder_Status	Responder	-0.181110771771581	0.71874080876262	0.802894318516988	0.982201251517111	sample_2022120210011
HROV.vOTU56502	Responder_Status	Responder	-0.0882062581215191	0.351628202485069	0.803761088200162	0.982201251517111	sample_2022120210011
HROV.vOTU64818	Responder_Status	Responder	0.108511010930376	0.431888436237836	0.803457320173486	0.982201251517111	sample_2022120210011
HROV.vOTU41690	Responder_Status	Responder	0.161272636569633	0.64485767214797	0.804343390049045	0.982465123234056	sample_2022120210011
HROV.vOTU26115	Responder_Status	Responder	0.2929002918583	1.17198037111922	0.804474444410342	0.982465123234056	sample_2022120210011
HROV.vOTU68402	Responder_Status	Responder	0.264845201406147	1.0611447640275	0.804730711341769	0.98250909781831	sample_2022120210011
HROV.vOTU68703	Responder_Status	Responder	-0.166168256799559	0.666376169996385	0.804901760811512	0.98250909781831	sample_2022120210011
HROV.vOTU59663	Responder_Status	Responder	0.0740530006650259	0.297151238974054	0.805017579749356	0.98250909781831	sample_2022120210011
HROV.vOTU34031	Responder_Status	Responder	-0.140729712867978	0.565961584148901	0.805441747031029	0.982532090829701	sample_2022120210011
HROV.vOTU27487	Responder_Status	Responder	-0.255822517869527	1.02942185714219	0.805552865267782	0.982532090829701	sample_2022120210011
HROV.vOTU06113	Responder_Status	Responder	-0.234602174120378	0.942682853349029	0.805280494114273	0.982532090829701	sample_2022120210011
HROV.vOTU56503	Responder_Status	Responder	-0.227778164629417	0.918944047363748	0.806044178452015	0.982532090829701	sample_2022120210011
HROV.vOTU43532	Responder_Status	Responder	0.166480962414506	0.67219775347834	0.806199549972236	0.982532090829701	sample_2022120210011
HROV.vOTU10652	Responder_Status	Responder	0.115676367445334	0.466313468659871	0.805893866990278	0.982532090829701	sample_2022120210011
HROV.vOTU47892	Responder_Status	Responder	-0.193962762653401	0.785166310474797	0.806684267326273	0.982569666124195	sample_2022120210011
HROV.vOTU12841	Responder_Status	Responder	-0.259776112885401	1.0496313405131	0.806332798074107	0.982569666124195	sample_2022120210011
HROV.vOTU66879	Responder_Status	Responder	0.170491481426411	0.690650026395846	0.806820226186245	0.982667717855399	sample_2022120210011
HROV.vOTU42542	Responder_Status	Responder	-0.339045499899273	1.37577778744138	0.807140081119943	0.982765906910523	sample_2022120210011
HROV.vOTU71791	Responder_Status	Responder	0.0802296759544159	0.325516980565812	0.807117598492991	0.982765906910523	sample_2022120210011
HROV.vOTU23304	Responder_Status	Responder	0.0940242230950123	0.383013186814011	0.807870902359936	0.982822455182718	sample_2022120210011
HROV.vOTU75110	Responder_Status	Responder	-0.193739360881298	0.791586144562187	0.808436116128711	0.982822455182718	sample_2022120210011
HROV.vOTU43064	Responder_Status	Responder	-0.182677419028109	0.748274856535925	0.808909074886536	0.982921330634165	sample_2022120210011
HROV.vOTU22499	Responder_Status	Responder	-0.214494531486385	0.879714801431188	0.809145740537465	0.983041816733751	sample_2022120210011
HROV.vOTU13703	Responder_Status	Responder	-0.28317676245283	1.18351973279718	0.812641621406654	0.983159350762138	sample_2022120210011
HROV.vOTU03179	Responder_Status	Responder	0.110898638623512	0.466403600173463	0.813787757706274	0.983159350762138	sample_2022120210011
HROV.vOTU36786	Responder_Status	Responder	-0.253578782484717	1.04544564137813	0.810117580648395	0.983159350762138	sample_2022120210011
HROV.vOTU60669	Responder_Status	Responder	-0.190043594828982	0.811272436301196	0.816492468397944	0.983159350762138	sample_2022120210011
HROV.vOTU52713	Responder_Status	Responder	-0.181855149668244	0.775824507480297	0.816378171513675	0.983159350762138	sample_2022120210011
HROV.vOTU36848	Responder_Status	Responder	0.203195393481456	0.862873686457872	0.815544773091046	0.983159350762138	sample_2022120210011
HROV.vOTU75148	Responder_Status	Responder	-0.165905615473801	0.702923865040763	0.815133433481239	0.983159350762138	sample_2022120210011
HROV.vOTU47485	Responder_Status	Responder	-0.147922032634983	0.626693505194167	0.815123046718966	0.983159350762138	sample_2022120210011
HROV.vOTU06011	Responder_Status	Responder	0.147390490771361	0.613450150534383	0.81187537779226	0.983159350762138	sample_2022120210011
HROV.vOTU47931	Responder_Status	Responder	-0.302018864388068	1.29513239145746	0.817306098853977	0.983159350762138	sample_2022120210011
HROV.vOTU30919	Responder_Status	Responder	-0.160856044064098	0.667462934018337	0.81131406060905	0.983159350762138	sample_2022120210011
HROV.vOTU45833	Responder_Status	Responder	-0.165484125539344	0.696867723453274	0.814022380415834	0.983159350762138	sample_2022120210011
HROV.vOTU16351	Responder_Status	Responder	0.196366764943044	0.841989902007514	0.817289090222677	0.983159350762138	sample_2022120210011
HROV.vOTU31923	Responder_Status	Responder	-0.0785216049404343	0.330676644072597	0.814030923670363	0.983159350762138	sample_2022120210011
HROV.vOTU34352	Responder_Status	Responder	-0.321499804996613	1.34812947231841	0.813246781795263	0.983159350762138	sample_2022120210011
HROV.vOTU63635	Responder_Status	Responder	-0.0817306085049388	0.350188057506349	0.817155974249944	0.983159350762138	sample_2022120210011
HROV.vOTU41183	Responder_Status	Responder	-0.202641080538823	0.865221751067476	0.816528308740426	0.983159350762138	sample_2022120210011
HROV.vOTU68906	Responder_Status	Responder	-0.155953629992076	0.641891120072567	0.809807732821206	0.983159350762138	sample_2022120210011
HROV.vOTU22787	Responder_Status	Responder	-0.148081765271389	0.622210667013851	0.813619574465914	0.983159350762138	sample_2022120210011
HROV.vOTU33099	Responder_Status	Responder	0.261725700870615	1.08626103971875	0.811355814530469	0.983159350762138	sample_2022120210011
HROV.vOTU23948	Responder_Status	Responder	0.110202459765128	0.463370270291473	0.8137462096825	0.983159350762138	sample_2022120210011
HROV.vOTU55238	Responder_Status	Responder	-0.128954138050693	0.545656721418791	0.814898215319514	0.983159350762138	sample_2022120210011
HROV.vOTU02275	Responder_Status	Responder	0.170681883728959	0.704311108014732	0.810283981499698	0.983159350762138	sample_2022120210011
HROV.vOTU71610	Responder_Status	Responder	-0.224408291634726	0.933466300379303	0.811769165330393	0.983159350762138	sample_2022120210011
HROV.vOTU06225	Responder_Status	Responder	0.24760029327182	1.02026368601686	0.810020189267834	0.983159350762138	sample_2022120210011
HROV.vOTU73220	Responder_Status	Responder	-0.343081120483931	1.46288761653516	0.81628532649549	0.983159350762138	sample_2022120210011
HROV.vOTU49930	Responder_Status	Responder	0.196338121200896	0.814319716681177	0.811229109696268	0.983159350762138	sample_2022120210011
HROV.vOTU25356	Responder_Status	Responder	-0.24063194431874	0.997050310665533	0.811047317819152	0.983159350762138	sample_2022120210011
HROV.vOTU56590	Responder_Status	Responder	-0.10191220710598	0.42654644721282	0.81290462252351	0.983159350762138	sample_2022120210011
HROV.vOTU27906	Responder_Status	Responder	0.239169730063812	1.03289778088541	0.818569719168232	0.983168246830534	sample_2022120210011
HROV.vOTU28892	Responder_Status	Responder	-0.346875459166948	1.5340226838443	0.822749495917631	0.983168246830534	sample_2022120210011
HROV.vOTU34622	Responder_Status	Responder	0.159198780450283	0.700536465533125	0.821878419094062	0.983168246830534	sample_2022120210011
HROV.vOTU55589	Responder_Status	Responder	0.1605284111753	0.694242257868711	0.818818892907782	0.983168246830534	sample_2022120210011
HROV.vOTU17724	Responder_Status	Responder	-0.230600224002734	0.994525989501629	0.818325672104992	0.983168246830534	sample_2022120210011
HROV.vOTU59839	Responder_Status	Responder	0.193851302555185	0.846331816492775	0.820495775956843	0.983168246830534	sample_2022120210011
HROV.vOTU45767	Responder_Status	Responder	-0.225220441461772	0.979350436474144	0.819787507126575	0.983168246830534	sample_2022120210011
HROV.vOTU66843	Responder_Status	Responder	-0.205848800121379	0.903669737348399	0.821463135638095	0.983168246830534	sample_2022120210011
HROV.vOTU25462	Responder_Status	Responder	0.17142018614767	0.736955124783768	0.817759261449288	0.983168246830534	sample_2022120210011
HROV.vOTU34476	Responder_Status	Responder	0.180847153408823	0.791103712538	0.82084039111422	0.983168246830534	sample_2022120210011
HROV.vOTU06176	Responder_Status	Responder	-0.292157826313779	1.28973608072459	0.822438514812913	0.983168246830534	sample_2022120210011
HROV.vOTU71472	Responder_Status	Responder	-0.281703127327231	1.22528746665968	0.819834767290082	0.983168246830534	sample_2022120210011
HROV.vOTU41060	Responder_Status	Responder	0.303858873603675	1.3225414726569	0.819953287077704	0.983168246830534	sample_2022120210011
HROV.vOTU65018	Responder_Status	Responder	-0.170022991362826	0.746459858568151	0.821478239536823	0.983168246830534	sample_2022120210011
HROV.vOTU72250	Responder_Status	Responder	0.212596709313084	0.912194096164241	0.817409538024695	0.983168246830534	sample_2022120210011
HROV.vOTU48217	Responder_Status	Responder	0.120082800727853	0.519432928227636	0.818855556630685	0.983168246830534	sample_2022120210011
HROV.vOTU68787	Responder_Status	Responder	-0.239317860902878	1.04785473668938	0.821004089780719	0.983168246830534	sample_2022120210011
HROV.vOTU73274	Responder_Status	Responder	0.149958114098469	0.653797564855404	0.820252639533352	0.983168246830534	sample_2022120210011
HROV.vOTU00966	Responder_Status	Responder	-0.209032455742231	0.912442892025441	0.82046331143416	0.983168246830534	sample_2022120210011
HROV.vOTU39080	Responder_Status	Responder	-0.0735535997494911	0.322718373382104	0.821365537899242	0.983168246830534	sample_2022120210011
HROV.vOTU45464	Responder_Status	Responder	-0.147735945502851	0.652195257176472	0.822441782512607	0.983168246830534	sample_2022120210011
HROV.vOTU49746	Responder_Status	Responder	0.320094361427713	1.37731414271962	0.81791401494409	0.983168246830534	sample_2022120210011
HROV.vOTU55100	Responder_Status	Responder	0.0754402260449002	0.332371241689898	0.82209160410988	0.983168246830534	sample_2022120210011
HROV.vOTU15867	Responder_Status	Responder	0.123200465019271	0.531243190354439	0.818294715660378	0.983168246830534	sample_2022120210011
HROV.vOTU37106	Responder_Status	Responder	-0.341523538842399	1.47887717938581	0.819044962577945	0.983168246830534	sample_2022120210011
HROV.vOTU72573	Responder_Status	Responder	0.162944992818354	0.712818348264661	0.820846916040938	0.983168246830534	sample_2022120210011
HROV.vOTU57265	Responder_Status	Responder	-0.297733712883198	1.31876838795404	0.823022890230592	0.983287208165877	sample_2022120210011
HROV.vOTU15898	Responder_Status	Responder	-0.271957071098745	1.20551950202055	0.823156320538637	0.983287208165877	sample_2022120210011
HROV.vOTU73396	Responder_Status	Responder	-0.117971505204466	0.522546367021243	0.823025771902089	0.983287208165877	sample_2022120210011
HROV.vOTU17468	Responder_Status	Responder	-0.249799832416084	1.11740283119837	0.82472744452916	0.98334492378419	sample_2022120210011
HROV.vOTU21304	Responder_Status	Responder	-0.250558962438365	1.11765575469087	0.82424305523456	0.98334492378419	sample_2022120210011
HROV.vOTU11247	Responder_Status	Responder	-0.118580628703025	0.529944619410881	0.82456835456179	0.98334492378419	sample_2022120210011
HROV.vOTU57098	Responder_Status	Responder	0.0645981395476466	0.288986255530667	0.82474313331064	0.98334492378419	sample_2022120210011
HROV.vOTU12284	Responder_Status	Responder	-0.19615677001348	0.89440374876258	0.827995086744182	0.983478338379276	sample_2022120210011
HROV.vOTU29058	Responder_Status	Responder	0.218761180796027	0.996426522744189	0.827817649909293	0.983478338379276	sample_2022120210011
HROV.vOTU21463	Responder_Status	Responder	0.205626511072179	0.930831823294153	0.826768462645813	0.983478338379276	sample_2022120210011
HROV.vOTU26597	Responder_Status	Responder	0.111349773250931	0.508662724552757	0.828310429919871	0.983478338379276	sample_2022120210011
HROV.vOTU31478	Responder_Status	Responder	0.143055116987992	0.656684501453309	0.82913007044125	0.983478338379276	sample_2022120210011
HROV.vOTU62538	Responder_Status	Responder	-0.233517836150379	1.06165118174666	0.827500274839089	0.983478338379276	sample_2022120210011
HROV.vOTU41963	Responder_Status	Responder	-0.206132308704748	0.935617486622559	0.827222909919	0.983478338379276	sample_2022120210011
HROV.vOTU14674	Responder_Status	Responder	0.164049070037681	0.739199235358638	0.82598059542882	0.983478338379276	sample_2022120210011
HROV.vOTU71829	Responder_Status	Responder	0.128293468735863	0.588979531711963	0.8291464359534	0.983478338379276	sample_2022120210011
HROV.vOTU13727	Responder_Status	Responder	-0.148525650577227	0.673887366739572	0.827157794886717	0.983478338379276	sample_2022120210011
HROV.vOTU13316	Responder_Status	Responder	0.112286423934919	0.515412499962619	0.829120133377116	0.983478338379276	sample_2022120210011
HROV.vOTU71719	Responder_Status	Responder	-0.191717771379551	0.871759276079869	0.82752855896627	0.983478338379276	sample_2022120210011
HROV.vOTU51360	Responder_Status	Responder	0.0958506875565124	0.437796726287732	0.82828581509329	0.983478338379276	sample_2022120210011
HROV.vOTU65880	Responder_Status	Responder	0.140137485535066	0.636290372986882	0.827281101645202	0.983478338379276	sample_2022120210011
HROV.vOTU40109	Responder_Status	Responder	0.0790401166539885	0.361915743239139	0.828706342369054	0.983478338379276	sample_2022120210011
HROV.vOTU70862	Responder_Status	Responder	0.122378888116596	0.554269585483053	0.826855680956522	0.983478338379276	sample_2022120210011
HROV.vOTU68816	Responder_Status	Responder	0.235857881565899	1.08865664108221	0.830051599293518	0.983784403902272	sample_2022120210011
HROV.vOTU00617	Responder_Status	Responder	0.136158988527326	0.637585024900179	0.832442086452694	0.983919656106728	sample_2022120210011
HROV.vOTU65815	Responder_Status	Responder	0.183749673208012	0.857501510832481	0.831877766686905	0.983919656106728	sample_2022120210011
HROV.vOTU33866	Responder_Status	Responder	0.1741093302763	0.818835988986677	0.833155780125619	0.983919656106728	sample_2022120210011
HROV.vOTU08028	Responder_Status	Responder	0.237590677881664	1.11151329239832	0.832287624201793	0.983919656106728	sample_2022120210011
HROV.vOTU20031	Responder_Status	Responder	0.226149831235087	1.06299121785566	0.833064427697584	0.983919656106728	sample_2022120210011
HROV.vOTU49940	Responder_Status	Responder	-0.193871735706617	0.902900432273929	0.831541013546241	0.983919656106728	sample_2022120210011
HROV.vOTU27263	Responder_Status	Responder	-0.0680832791394746	0.316518213790872	0.831247909277424	0.983919656106728	sample_2022120210011
HROV.vOTU18479	Responder_Status	Responder	-0.151962974954173	0.710020710185322	0.832077655131956	0.983919656106728	sample_2022120210011
HROV.vOTU04632	Responder_Status	Responder	-0.109954233883866	0.509740781891106	0.830780437411742	0.983919656106728	sample_2022120210011
HROV.vOTU43603	Responder_Status	Responder	-0.0787519414202678	0.372559909289771	0.834121296449832	0.983987126855178	sample_2022120210011
HROV.vOTU20641	Responder_Status	Responder	0.106890765592418	0.509886733334123	0.83546942122709	0.983987126855178	sample_2022120210011
HROV.vOTU01491	Responder_Status	Responder	0.1949979333266	0.927165788482876	0.834943927526278	0.983987126855178	sample_2022120210011
HROV.vOTU11316	Responder_Status	Responder	-0.183179098424647	0.866853161271377	0.834171975895278	0.983987126855178	sample_2022120210011
HROV.vOTU37732	Responder_Status	Responder	0.0906881270959601	0.428435854967642	0.833895685888329	0.983987126855178	sample_2022120210011
HROV.vOTU30434	Responder_Status	Responder	0.172580560857243	0.822796919908299	0.835382553650096	0.983987126855178	sample_2022120210011
HROV.vOTU40575	Responder_Status	Responder	0.197890043590553	0.940627862040837	0.834893953948891	0.983987126855178	sample_2022120210011
HROV.vOTU35221	Responder_Status	Responder	-0.209268455132344	0.99603218317167	0.835109364362006	0.983987126855178	sample_2022120210011
HROV.vOTU48645	Responder_Status	Responder	0.0798200066819732	0.379464966919546	0.834918674953586	0.983987126855178	sample_2022120210011
HROV.vOTU65964	Responder_Status	Responder	-0.191456889264448	0.910697974240075	0.835009783760617	0.983987126855178	sample_2022120210011
HROV.vOTU40089	Responder_Status	Responder	-0.139440188749005	0.667270961583947	0.835983846129014	0.984018256575318	sample_2022120210011
HROV.vOTU53905	Responder_Status	Responder	-0.131070119807179	0.625806342552141	0.835619632041283	0.984018256575318	sample_2022120210011
HROV.vOTU29403	Responder_Status	Responder	0.185911225418612	0.890906880386217	0.836211523234124	0.984018256575318	sample_2022120210011
HROV.vOTU05459	Responder_Status	Responder	-0.142174632905248	0.681128006039575	0.836166907806501	0.984018256575318	sample_2022120210011
HROV.vOTU04128	Responder_Status	Responder	-0.0805517262004548	0.386073243820272	0.836236840784399	0.984018256575318	sample_2022120210011
HROV.vOTU06882	Responder_Status	Responder	0.182412777989529	0.874260992465135	0.836233494475481	0.984018256575318	sample_2022120210011
HROV.vOTU26634	Responder_Status	Responder	0.141599964225646	0.678892776408637	0.836290020860321	0.984018256575318	sample_2022120210011
HROV.vOTU61851	Responder_Status	Responder	0.145268817424603	0.696302190787342	0.836248172454882	0.984018256575318	sample_2022120210011
HROV.vOTU69471	Responder_Status	Responder	0.128875294374706	0.61775410137217	0.836255826125611	0.984018256575318	sample_2022120210011
HROV.vOTU75949	Responder_Status	Responder	-0.187409140789877	0.93415010360137	0.842445902027317	0.98408770430671	sample_2022120210011
HROV.vOTU36027	Responder_Status	Responder	-0.203120399056076	0.985933611499944	0.838267245716408	0.98408770430671	sample_2022120210011
HROV.vOTU12141	Responder_Status	Responder	0.285316853111157	1.39419062726026	0.839328326257502	0.98408770430671	sample_2022120210011
HROV.vOTU75686	Responder_Status	Responder	-0.105678612705936	0.517097778047686	0.839543632028838	0.98408770430671	sample_2022120210011
HROV.vOTU73012	Responder_Status	Responder	0.184301986008334	0.888593770917311	0.837191877531732	0.98408770430671	sample_2022120210011
HROV.vOTU41050	Responder_Status	Responder	-0.277461585532445	1.34727737403093	0.838325960549757	0.98408770430671	sample_2022120210011
HROV.vOTU06386	Responder_Status	Responder	-0.111441169016301	0.541130427710423	0.83832674675004	0.98408770430671	sample_2022120210011
HROV.vOTU19348	Responder_Status	Responder	0.140275816057416	0.692429352765018	0.840924272047733	0.98408770430671	sample_2022120210011
HROV.vOTU41338	Responder_Status	Responder	0.127458600367315	0.635419833337074	0.842469414753771	0.98408770430671	sample_2022120210011
HROV.vOTU08951	Responder_Status	Responder	-0.154441194630619	0.746629649162421	0.837623030459706	0.98408770430671	sample_2022120210011
HROV.vOTU74677	Responder_Status	Responder	-0.184121818905985	0.898429684062968	0.839103588897715	0.98408770430671	sample_2022120210011
HROV.vOTU24598	Responder_Status	Responder	0.16555698229411	0.824663807289511	0.842339800628243	0.98408770430671	sample_2022120210011
HROV.vOTU41636	Responder_Status	Responder	-0.159066119943774	0.788441118122814	0.841572625209869	0.98408770430671	sample_2022120210011
HROV.vOTU25762	Responder_Status	Responder	-0.13761670567734	0.668860212531627	0.838476322109481	0.98408770430671	sample_2022120210011
HROV.vOTU41596	Responder_Status	Responder	-0.0874676538874588	0.430812964088035	0.840580340173325	0.98408770430671	sample_2022120210011
HROV.vOTU19833	Responder_Status	Responder	0.195817014017308	0.96967463641058	0.841422933955357	0.98408770430671	sample_2022120210011
HROV.vOTU40970	Responder_Status	Responder	0.154251355533547	0.742983220299396	0.837035483620421	0.98408770430671	sample_2022120210011
HROV.vOTU11220	Responder_Status	Responder	0.130420768960886	0.635899631778158	0.838980483533599	0.98408770430671	sample_2022120210011
HROV.vOTU45043	Responder_Status	Responder	0.208923600335618	1.02348480502032	0.839728648085342	0.98408770430671	sample_2022120210011
HROV.vOTU41084	Responder_Status	Responder	0.112328701789241	0.55861266066346	0.842085632122928	0.98408770430671	sample_2022120210011
HROV.vOTU49128	Responder_Status	Responder	-0.244117138635243	1.21811949747536	0.842612441022331	0.984119512954764	sample_2022120210011
HROV.vOTU61390	Responder_Status	Responder	0.111980533292693	0.559861468224637	0.842914675034187	0.984128956750896	sample_2022120210011
HROV.vOTU54272	Responder_Status	Responder	-0.153522810199747	0.771732764787624	0.843752961818897	0.984512467081134	sample_2022120210011
HROV.vOTU69434	Responder_Status	Responder	-0.0634438181318527	0.319380798966185	0.843974777971146	0.984660893642139	sample_2022120210011
HROV.vOTU42883	Responder_Status	Responder	0.152967074773773	0.769945069681358	0.843954324088784	0.984660893642139	sample_2022120210011
HROV.vOTU14235	Responder_Status	Responder	-0.0370041867506927	0.186417467088495	0.844086816149651	0.984686349227171	sample_2022120210011
HROV.vOTU51865	Responder_Status	Responder	0.224494093218924	1.13655713003391	0.844846650234811	0.984888776589008	sample_2022120210011
HROV.vOTU12643	Responder_Status	Responder	-0.0842013087060607	0.426607603499032	0.844960598083363	0.984888776589008	sample_2022120210011
HROV.vOTU43683	Responder_Status	Responder	0.0936998288525374	0.474986599604403	0.845042577201008	0.984888776589008	sample_2022120210011
HROV.vOTU61960	Responder_Status	Responder	-0.203969779266271	1.05235221032586	0.847713971244873	0.984928496036714	sample_2022120210011
HROV.vOTU68660	Responder_Status	Responder	-0.174926634427775	0.896437251567869	0.84669604743295	0.984928496036714	sample_2022120210011
HROV.vOTU64705	Responder_Status	Responder	0.160744665306094	0.826130053650548	0.847130194397624	0.984928496036714	sample_2022120210011
HROV.vOTU64525	Responder_Status	Responder	0.182496601079311	0.938585221343821	0.847236844193191	0.984928496036714	sample_2022120210011
HROV.vOTU61114	Responder_Status	Responder	0.153033242182307	0.78897087265031	0.847603135190569	0.984928496036714	sample_2022120210011
HROV.vOTU70245	Responder_Status	Responder	-0.238515242509521	1.21220875530406	0.845435922933861	0.984928496036714	sample_2022120210011
HROV.vOTU55191	Responder_Status	Responder	-0.138646606500807	0.717466517410688	0.848162294572801	0.984928496036714	sample_2022120210011
HROV.vOTU41414	Responder_Status	Responder	0.105513271997914	0.540790869262869	0.846716358434601	0.984928496036714	sample_2022120210011
HROV.vOTU14210	Responder_Status	Responder	-0.167125422836484	0.851842532740885	0.845876213023158	0.984928496036714	sample_2022120210011
HROV.vOTU08341	Responder_Status	Responder	0.112933059990201	0.584923613337657	0.84829534542234	0.984928496036714	sample_2022120210011
HROV.vOTU49059	Responder_Status	Responder	-0.146667276546937	0.756914279048905	0.847754871246182	0.984928496036714	sample_2022120210011
HROV.vOTU24290	Responder_Status	Responder	0.1151432656961	0.591320252610366	0.847016322937636	0.984928496036714	sample_2022120210011
HROV.vOTU72225	Responder_Status	Responder	0.0812699902168497	0.42393041691108	0.849356013503829	0.985115732436487	sample_2022120210011
HROV.vOTU31297	Responder_Status	Responder	-0.139462376248662	0.725701065247082	0.848991281797679	0.985115732436487	sample_2022120210011
HROV.vOTU53343	Responder_Status	Responder	0.146377815019148	0.764074285182019	0.849457342752091	0.985115732436487	sample_2022120210011
HROV.vOTU28184	Responder_Status	Responder	-0.115912561266416	0.60448441534988	0.849318415077397	0.985115732436487	sample_2022120210011
HROV.vOTU50048	Responder_Status	Responder	0.121710917026126	0.640004360950659	0.850546382296882	0.985115732436487	sample_2022120210011
HROV.vOTU61935	Responder_Status	Responder	0.0707450982415534	0.371421320610755	0.850314109979383	0.985115732436487	sample_2022120210011
HROV.vOTU74610	Responder_Status	Responder	0.162281316041879	0.85521177799551	0.850869502162784	0.985194898343347	sample_2022120210011
HROV.vOTU00572	Responder_Status	Responder	-0.184672079527892	0.977812796185901	0.851562936497128	0.985253014507792	sample_2022120210011
HROV.vOTU71894	Responder_Status	Responder	-0.146387836841631	0.77636653971517	0.851801549946065	0.985253014507792	sample_2022120210011
HROV.vOTU06271	Responder_Status	Responder	-0.133999654369297	0.710114473516163	0.851687869433031	0.985253014507792	sample_2022120210011
HROV.vOTU06429	Responder_Status	Responder	-0.0873982847544672	0.462386866438017	0.851444088588227	0.985253014507792	sample_2022120210011
HROV.vOTU52394	Responder_Status	Responder	0.12416825890971	0.659456881599473	0.852008371902006	0.985253014507792	sample_2022120210011
HROV.vOTU74481	Responder_Status	Responder	0.10196678989248	0.540209255923549	0.851646908271705	0.985253014507792	sample_2022120210011
HROV.vOTU70430	Responder_Status	Responder	-0.203672281335885	1.07521061194557	0.851125834708257	0.985253014507792	sample_2022120210011
HROV.vOTU47932	Responder_Status	Responder	-0.22049141657133	1.17339193367079	0.852302826047041	0.985273815873338	sample_2022120210011
HROV.vOTU43842	Responder_Status	Responder	-0.261764996427673	1.4075984562428	0.853812390658981	0.985298649391654	sample_2022120210011
HROV.vOTU62704	Responder_Status	Responder	-0.148900838509932	0.807088762639359	0.854957812573132	0.985298649391654	sample_2022120210011
HROV.vOTU01702	Responder_Status	Responder	0.189751779839903	1.02289631081832	0.854170698726366	0.985298649391654	sample_2022120210011
HROV.vOTU60000	Responder_Status	Responder	0.257007945072192	1.37179380723444	0.852735892640207	0.985298649391654	sample_2022120210011
HROV.vOTU46097	Responder_Status	Responder	0.128513199547148	0.694894047291508	0.854609743464895	0.985298649391654	sample_2022120210011
HROV.vOTU02493	Responder_Status	Responder	-0.207664709462774	1.12370817969709	0.854715571368119	0.985298649391654	sample_2022120210011
HROV.vOTU04280	Responder_Status	Responder	0.209727684091006	1.12568136894077	0.853543567356413	0.985298649391654	sample_2022120210011
HROV.vOTU01200	Responder_Status	Responder	0.105967488641265	0.575102720322094	0.855138785512707	0.985298649391654	sample_2022120210011
HROV.vOTU34646	Responder_Status	Responder	0.200605823484458	1.07860574679892	0.853796418898144	0.985298649391654	sample_2022120210011
HROV.vOTU26839	Responder_Status	Responder	-0.234854045585421	1.26882876531385	0.854488644156259	0.985298649391654	sample_2022120210011
HROV.vOTU58365	Responder_Status	Responder	-0.18003056333716	0.968597383939744	0.853888819191482	0.985298649391654	sample_2022120210011
HROV.vOTU67701	Responder_Status	Responder	-0.171995641481635	0.925993457724751	0.853986334612033	0.985298649391654	sample_2022120210011
HROV.vOTU05290	Responder_Status	Responder	-0.150036184204442	0.814225804497369	0.855130896910853	0.985298649391654	sample_2022120210011
HROV.vOTU06580	Responder_Status	Responder	0.0985893137832761	0.534600306057099	0.855015630080615	0.985298649391654	sample_2022120210011
HROV.vOTU02898	Responder_Status	Responder	-0.130149174583199	0.694136130145492	0.85262226525448	0.985298649391654	sample_2022120210011
HROV.vOTU03192	Responder_Status	Responder	0.153143060301635	0.914368867976994	0.868192260068351	0.98532724840132	sample_2022120210011
HROV.vOTU43787	Responder_Status	Responder	-0.176284793510974	0.99558389767725	0.860730607332294	0.98532724840132	sample_2022120210011
HROV.vOTU04887	Responder_Status	Responder	-0.155315309820312	0.868184220720633	0.859307001649656	0.98532724840132	sample_2022120210011
HROV.vOTU67004	Responder_Status	Responder	0.103322364389019	0.566569071142121	0.856610240668105	0.98532724840132	sample_2022120210011
HROV.vOTU74408	Responder_Status	Responder	-0.199636840213225	1.14550121074352	0.862900176588828	0.98532724840132	sample_2022120210011
HROV.vOTU23807	Responder_Status	Responder	-0.180631679918703	1.06381533871571	0.866391365928294	0.98532724840132	sample_2022120210011
HROV.vOTU33154	Responder_Status	Responder	-0.157765991288272	0.936332341821079	0.867406236082783	0.98532724840132	sample_2022120210011
HROV.vOTU24166	Responder_Status	Responder	0.0645136254507472	0.359425195918165	0.85884471332597	0.98532724840132	sample_2022120210011
HROV.vOTU50392	Responder_Status	Responder	-0.149013251921563	0.833282002356885	0.859361294898298	0.98532724840132	sample_2022120210011
HROV.vOTU30674	Responder_Status	Responder	-0.270157748422861	1.58695081488114	0.866047869765162	0.98532724840132	sample_2022120210011
HROV.vOTU08015	Responder_Status	Responder	-0.127356668990653	0.756385532264228	0.867498381236881	0.98532724840132	sample_2022120210011
HROV.vOTU25809	Responder_Status	Responder	-0.136137601270764	0.801510489093959	0.86634834671062	0.98532724840132	sample_2022120210011
HROV.vOTU02641	Responder_Status	Responder	-0.227095042973636	1.31064779623551	0.863686272061158	0.98532724840132	sample_2022120210011
HROV.vOTU47530	Responder_Status	Responder	-0.123174377040207	0.722260807692054	0.865811813769705	0.98532724840132	sample_2022120210011
HROV.vOTU43884	Responder_Status	Responder	-0.106205342719669	0.620377784673641	0.865301924028055	0.98532724840132	sample_2022120210011
HROV.vOTU35575	Responder_Status	Responder	0.0948496210275752	0.563515309563968	0.867543268656349	0.98532724840132	sample_2022120210011
HROV.vOTU73171	Responder_Status	Responder	0.138702024958656	0.771203443097594	0.858564508710437	0.98532724840132	sample_2022120210011
HROV.vOTU06240	Responder_Status	Responder	0.160103251045743	0.946593561073642	0.866905488740463	0.98532724840132	sample_2022120210011
HROV.vOTU47235	Responder_Status	Responder	0.0946657755047628	0.556896619463099	0.866241805236167	0.98532724840132	sample_2022120210011
HROV.vOTU03824	Responder_Status	Responder	0.129378121577225	0.746616352588668	0.863673320811109	0.98532724840132	sample_2022120210011
HROV.vOTU47608	Responder_Status	Responder	-0.136108265895836	0.790595971205947	0.864550794965539	0.98532724840132	sample_2022120210011
HROV.vOTU09276	Responder_Status	Responder	-0.138346456844031	0.774371132520496	0.859493829261622	0.98532724840132	sample_2022120210011
HROV.vOTU04485	Responder_Status	Responder	0.127100419570108	0.729263659049784	0.862894779261568	0.98532724840132	sample_2022120210011
HROV.vOTU40040	Responder_Status	Responder	-0.0789495677121956	0.449808872319266	0.861935772658093	0.98532724840132	sample_2022120210011
HROV.vOTU51250	Responder_Status	Responder	0.125460383187768	0.722044592766415	0.86330648786508	0.98532724840132	sample_2022120210011
HROV.vOTU34371	Responder_Status	Responder	0.148342061570216	0.878177967513662	0.867073747204041	0.98532724840132	sample_2022120210011
HROV.vOTU46317	Responder_Status	Responder	-0.141379023809872	0.833788678862381	0.866573602829174	0.98532724840132	sample_2022120210011
HROV.vOTU15717	Responder_Status	Responder	0.114893313374815	0.653690902322462	0.861746741402571	0.98532724840132	sample_2022120210011
HROV.vOTU14222	Responder_Status	Responder	-0.0935198838137356	0.517369971051856	0.857857856036414	0.98532724840132	sample_2022120210011
HROV.vOTU04737	Responder_Status	Responder	-0.136820663234219	0.762244317017354	0.858840031413144	0.98532724840132	sample_2022120210011
HROV.vOTU03500	Responder_Status	Responder	0.0976115300066439	0.538723046289381	0.857523227406278	0.98532724840132	sample_2022120210011
HROV.vOTU74439	Responder_Status	Responder	0.112008802916633	0.637245259122706	0.861739424889527	0.98532724840132	sample_2022120210011
HROV.vOTU49385	Responder_Status	Responder	-0.177103060810874	1.05862904432804	0.868340549366681	0.98532724840132	sample_2022120210011
HROV.vOTU67636	Responder_Status	Responder	-0.12362553616713	0.704539319078798	0.861973130687527	0.98532724840132	sample_2022120210011
HROV.vOTU20422	Responder_Status	Responder	-0.150444139324163	0.894839972743393	0.867694190605684	0.98532724840132	sample_2022120210011
HROV.vOTU64916	Responder_Status	Responder	0.187468825988495	1.07185922760942	0.862416334093575	0.98532724840132	sample_2022120210011
HROV.vOTU47242	Responder_Status	Responder	-0.114111974372567	0.64839671796922	0.861567698970427	0.98532724840132	sample_2022120210011
HROV.vOTU13371	Responder_Status	Responder	-0.10544613251055	0.584565289755379	0.858150474205547	0.98532724840132	sample_2022120210011
HROV.vOTU59600	Responder_Status	Responder	-0.18982908962278	1.03685816552661	0.856053681517728	0.98532724840132	sample_2022120210011
HROV.vOTU07698	Responder_Status	Responder	0.158042688646263	0.880992780978448	0.858922114569939	0.98532724840132	sample_2022120210011
HROV.vOTU49708	Responder_Status	Responder	0.0690126962927203	0.387496916625051	0.859927751688048	0.98532724840132	sample_2022120210011
HROV.vOTU33751	Responder_Status	Responder	-0.0997252387722476	0.579982128503884	0.864717220784352	0.98532724840132	sample_2022120210011
HROV.vOTU43698	Responder_Status	Responder	0.0830244606968024	0.493135237940517	0.867509998010191	0.98532724840132	sample_2022120210011
HROV.vOTU53756	Responder_Status	Responder	0.131235944269283	0.763786268087427	0.86481262352628	0.98532724840132	sample_2022120210011
HROV.vOTU65659	Responder_Status	Responder	-0.243110595885587	1.42699328633295	0.865947674595084	0.98532724840132	sample_2022120210011
HROV.vOTU19538	Responder_Status	Responder	0.0340202014351849	0.19025143618836	0.859368966497978	0.98532724840132	sample_2022120210011
HROV.vOTU05957	Responder_Status	Responder	-0.0590232260876947	0.339165818448403	0.86309817546505	0.98532724840132	sample_2022120210011
HROV.vOTU69787	Responder_Status	Responder	0.111151052254981	0.665329452352234	0.868522201977259	0.985385495732719	sample_2022120210011
HROV.vOTU67787	Responder_Status	Responder	-0.142156839849944	0.859932376381874	0.869886467885929	0.985397922669148	sample_2022120210011
HROV.vOTU69966	Responder_Status	Responder	0.175096947246441	1.06454545532512	0.870534566083638	0.985756554946737	sample_2022120210011
HROV.vOTU43245	Responder_Status	Responder	0.115874189941928	0.70516329657157	0.870657766427206	0.985788805928106	sample_2022120210011
HROV.vOTU17993	Responder_Status	Responder	0.159307723166819	0.978191916140632	0.871798873763387	0.985829260712151	sample_2022120210011
HROV.vOTU05936	Responder_Status	Responder	0.0698079674697984	0.437748591121874	0.874443018146388	0.985829260712151	sample_2022120210011
HROV.vOTU49348	Responder_Status	Responder	0.172103419622524	1.06541664444297	0.872831032900646	0.985829260712151	sample_2022120210011
HROV.vOTU03083	Responder_Status	Responder	0.147280753407775	0.92447682605842	0.87456626396575	0.985829260712151	sample_2022120210011
HROV.vOTU24337	Responder_Status	Responder	-0.125809498408721	0.778638083693608	0.872799756192617	0.985829260712151	sample_2022120210011
HROV.vOTU21655	Responder_Status	Responder	-0.189213761316653	1.16353349660406	0.871985629494695	0.985829260712151	sample_2022120210011
HROV.vOTU72935	Responder_Status	Responder	0.160097409519379	1.01023619362219	0.875219811121956	0.985829260712151	sample_2022120210011
HROV.vOTU15132	Responder_Status	Responder	-0.153981603575517	0.966792659409478	0.874599033864176	0.985829260712151	sample_2022120210011
HROV.vOTU50485	Responder_Status	Responder	-0.187509291119553	1.16163546161338	0.872923017244024	0.985829260712151	sample_2022120210011
HROV.vOTU05763	Responder_Status	Responder	-0.186503293497511	1.17647207195728	0.875178929875497	0.985829260712151	sample_2022120210011
HROV.vOTU33392	Responder_Status	Responder	-0.131303250375951	0.816840430391137	0.873448177352412	0.985829260712151	sample_2022120210011
HROV.vOTU60666	Responder_Status	Responder	-0.123574010877212	0.770337260310235	0.873705540247236	0.985829260712151	sample_2022120210011
HROV.vOTU59060	Responder_Status	Responder	-0.0923017044532256	0.580742664930579	0.874859094591894	0.985829260712151	sample_2022120210011
HROV.vOTU05157	Responder_Status	Responder	0.116427984237928	0.725069944741767	0.873581184417616	0.985829260712151	sample_2022120210011
HROV.vOTU26082	Responder_Status	Responder	-0.160567192196327	1.00920658175117	0.874730274811515	0.985829260712151	sample_2022120210011
HROV.vOTU41868	Responder_Status	Responder	-0.0707931733413084	0.431957199044207	0.870995570936531	0.985829260712151	sample_2022120210011
HROV.vOTU68457	Responder_Status	Responder	0.0621652535185284	0.380649867604403	0.871444681606114	0.985829260712151	sample_2022120210011
HROV.vOTU08500	Responder_Status	Responder	-0.134798443975755	0.858194590292411	0.876315173485123	0.985920329017386	sample_2022120210011
HROV.vOTU01535	Responder_Status	Responder	0.0927602175426322	0.592674921800126	0.876753197205283	0.986209599023863	sample_2022120210011
HROV.vOTU26876	Responder_Status	Responder	0.147568936278595	0.947639966609171	0.877368957952077	0.986241220451397	sample_2022120210011
HROV.vOTU15034	Responder_Status	Responder	-0.0562102450023331	0.359818409573381	0.876981793850695	0.986241220451397	sample_2022120210011
HROV.vOTU18853	Responder_Status	Responder	-0.0473429712321518	0.303548548792055	0.877179589097392	0.986241220451397	sample_2022120210011
HROV.vOTU17675	Responder_Status	Responder	0.0655375108260066	0.420086746531105	0.877144918506255	0.986241220451397	sample_2022120210011
HROV.vOTU63059	Responder_Status	Responder	0.166442940630721	1.0757534908342	0.878150248020228	0.986480263351392	sample_2022120210011
HROV.vOTU28075	Responder_Status	Responder	0.0711629303998967	0.461519667324368	0.878563885915194	0.986530036431179	sample_2022120210011
HROV.vOTU44289	Responder_Status	Responder	0.0892239250644692	0.580777086704135	0.879004541381481	0.986874758823976	sample_2022120210011
HROV.vOTU01290	Responder_Status	Responder	0.139559437433186	0.916280994989536	0.880034087372891	0.986891191446048	sample_2022120210011
HROV.vOTU11370	Responder_Status	Responder	0.149468452030264	0.99783720390315	0.882002174870933	0.986891191446048	sample_2022120210011
HROV.vOTU36831	Responder_Status	Responder	-0.162820753865799	1.06539142786125	0.879630592100906	0.986891191446048	sample_2022120210011
HROV.vOTU21901	Responder_Status	Responder	-0.234982017131629	1.57130649477358	0.882195088130479	0.986891191446048	sample_2022120210011
HROV.vOTU60532	Responder_Status	Responder	0.154129217744336	1.02404455629626	0.881441095820569	0.986891191446048	sample_2022120210011
HROV.vOTU35445	Responder_Status	Responder	0.147352766264558	0.984765777057543	0.882127339607556	0.986891191446048	sample_2022120210011
HROV.vOTU52664	Responder_Status	Responder	-0.0482788804103609	0.321256107747335	0.881619821529236	0.986891191446048	sample_2022120210011
HROV.vOTU16733	Responder_Status	Responder	0.150345825738911	0.997557362101503	0.881281891427031	0.986891191446048	sample_2022120210011
HROV.vOTU48425	Responder_Status	Responder	0.0731899810300332	0.488343576906987	0.881938448004524	0.986891191446048	sample_2022120210011
HROV.vOTU06750	Responder_Status	Responder	-0.159846626425954	1.04124747141972	0.879093583560065	0.986891191446048	sample_2022120210011
HROV.vOTU01895	Responder_Status	Responder	0.150982759729956	0.985224316449787	0.879302521077989	0.986891191446048	sample_2022120210011
HROV.vOTU04552	Responder_Status	Responder	0.224859287807488	1.49067886379859	0.881180617654989	0.986891191446048	sample_2022120210011
HROV.vOTU24973	Responder_Status	Responder	0.05483649167267	0.361682959880246	0.880577889320399	0.986891191446048	sample_2022120210011
HROV.vOTU52334	Responder_Status	Responder	-0.210908400407696	1.37688500853052	0.879356549215109	0.986891191446048	sample_2022120210011
HROV.vOTU37133	Responder_Status	Responder	-0.108651682399838	0.731788295698096	0.883032683533665	0.987164981382961	sample_2022120210011
HROV.vOTU74911	Responder_Status	Responder	-0.0962349607243378	0.648343726940194	0.8830656715518	0.987164981382961	sample_2022120210011
HROV.vOTU58977	Responder_Status	Responder	0.104004745562494	0.703670816443055	0.883557371818596	0.987276399220221	sample_2022120210011
HROV.vOTU25856	Responder_Status	Responder	0.0784639993452904	0.531028460168496	0.883592219124357	0.987276399220221	sample_2022120210011
HROV.vOTU72513	Responder_Status	Responder	-0.0561993249720279	0.380149936006653	0.883532738318997	0.987276399220221	sample_2022120210011
HROV.vOTU08868	Responder_Status	Responder	-0.182875962214979	1.24055786843233	0.883861408356286	0.987278883011528	sample_2022120210011
HROV.vOTU43798	Responder_Status	Responder	0.122018464938828	0.826848154867419	0.883739199247721	0.987278883011528	sample_2022120210011
HROV.vOTU52308	Responder_Status	Responder	0.13287007636564	0.899691376892141	0.883650468733352	0.987278883011528	sample_2022120210011
HROV.vOTU64056	Responder_Status	Responder	-0.101610174727369	0.696295351892815	0.885022411150874	0.987388851113638	sample_2022120210011
HROV.vOTU56622	Responder_Status	Responder	-0.142151177633042	1.06846424034649	0.895111313032253	0.987388851113638	sample_2022120210011
HROV.vOTU53866	Responder_Status	Responder	0.146139330926432	1.08241079892	0.893567639028416	0.987388851113638	sample_2022120210011
HROV.vOTU04109	Responder_Status	Responder	-0.172383906126419	1.23604130332962	0.890081421154613	0.987388851113638	sample_2022120210011
HROV.vOTU24198	Responder_Status	Responder	-0.133721320847225	0.964262076736069	0.890697699053001	0.987388851113638	sample_2022120210011
HROV.vOTU66501	Responder_Status	Responder	-0.101065282717417	0.743976215195826	0.892915947656939	0.987388851113638	sample_2022120210011
HROV.vOTU08970	Responder_Status	Responder	0.122266083509804	0.860239203318602	0.887994837088955	0.987388851113638	sample_2022120210011
HROV.vOTU67283	Responder_Status	Responder	0.119631810626096	0.889733012988664	0.894002202225888	0.987388851113638	sample_2022120210011
HROV.vOTU32187	Responder_Status	Responder	0.104324518235746	0.714619995335215	0.884978377088162	0.987388851113638	sample_2022120210011
HROV.vOTU34282	Responder_Status	Responder	-0.142321107807566	0.978438395164415	0.885391822570748	0.987388851113638	sample_2022120210011
HROV.vOTU72545	Responder_Status	Responder	0.0774155519287435	0.582218228041148	0.895170840076672	0.987388851113638	sample_2022120210011
HROV.vOTU39607	Responder_Status	Responder	-0.153739875218195	1.15260720609177	0.894843393579275	0.987388851113638	sample_2022120210011
HROV.vOTU58773	Responder_Status	Responder	-0.172084227109646	1.23122899607918	0.88984523066928	0.987388851113638	sample_2022120210011
HROV.vOTU04933	Responder_Status	Responder	0.122555316621005	0.88319241751352	0.890629861659516	0.987388851113638	sample_2022120210011
HROV.vOTU25269	Responder_Status	Responder	-0.101991798782015	0.700282725392837	0.885246071440043	0.987388851113638	sample_2022120210011
HROV.vOTU24527	Responder_Status	Responder	-0.049221173981672	0.357551732794965	0.891492991169941	0.987388851113638	sample_2022120210011
HROV.vOTU45112	Responder_Status	Responder	0.1466206082827	1.07351748307271	0.892340394061234	0.987388851113638	sample_2022120210011
HROV.vOTU33134	Responder_Status	Responder	-0.156197799587111	1.17367617440355	0.895078625421933	0.987388851113638	sample_2022120210011
HROV.vOTU56041	Responder_Status	Responder	0.0749764595404386	0.54461746262244	0.89148795585011	0.987388851113638	sample_2022120210011
HROV.vOTU56568	Responder_Status	Responder	0.108199697688007	0.743606103967544	0.885353234656412	0.987388851113638	sample_2022120210011
HROV.vOTU09873	Responder_Status	Responder	0.0929361432149214	0.633984838596873	0.884505626543618	0.987388851113638	sample_2022120210011
HROV.vOTU56079	Responder_Status	Responder	-0.0935660818195591	0.701891441674519	0.894905149652626	0.987388851113638	sample_2022120210011
HROV.vOTU08302	Responder_Status	Responder	-0.0667914684190475	0.485777098987812	0.891624250845347	0.987388851113638	sample_2022120210011
HROV.vOTU17571	Responder_Status	Responder	0.0515059249182447	0.352005705162556	0.884716160284249	0.987388851113638	sample_2022120210011
HROV.vOTU15698	Responder_Status	Responder	-0.130851622027709	0.953822656455994	0.891865083786374	0.987388851113638	sample_2022120210011
HROV.vOTU08070	Responder_Status	Responder	0.111260059518421	0.760551630704432	0.88474169072006	0.987388851113638	sample_2022120210011
HROV.vOTU09006	Responder_Status	Responder	-0.092998188588087	0.702902348882687	0.895688477588192	0.987388851113638	sample_2022120210011
HROV.vOTU30012	Responder_Status	Responder	0.0736725081532453	0.522327482135353	0.888843008487519	0.987388851113638	sample_2022120210011
HROV.vOTU51722	Responder_Status	Responder	0.0376698960055217	0.269438649823901	0.889811895408928	0.987388851113638	sample_2022120210011
HROV.vOTU57842	Responder_Status	Responder	0.10354162320624	0.722240686626601	0.887031328262034	0.987388851113638	sample_2022120210011
HROV.vOTU40997	Responder_Status	Responder	-0.104912488596576	0.728255175648787	0.886484905903623	0.987388851113638	sample_2022120210011
HROV.vOTU54565	Responder_Status	Responder	0.174901881818312	1.1964378780238	0.88482234283974	0.987388851113638	sample_2022120210011
HROV.vOTU07429	Responder_Status	Responder	0.0328636161172628	0.24293124506265	0.893358736303786	0.987388851113638	sample_2022120210011
HROV.vOTU33152	Responder_Status	Responder	-0.0471578588925926	0.341979650047197	0.89130897458898	0.987388851113638	sample_2022120210011
HROV.vOTU21563	Responder_Status	Responder	0.113364962321711	0.838517442799037	0.893423433072384	0.987388851113638	sample_2022120210011
HROV.vOTU44644	Responder_Status	Responder	0.164236342116259	1.19818125500494	0.891955273283398	0.987388851113638	sample_2022120210011
HROV.vOTU59862	Responder_Status	Responder	0.0329145285362199	0.231028747623662	0.887729495158797	0.987388851113638	sample_2022120210011
HROV.vOTU53949	Responder_Status	Responder	0.067115862591348	0.471944574555491	0.887931456082862	0.987388851113638	sample_2022120210011
HROV.vOTU43115	Responder_Status	Responder	0.0497971880722073	0.355003946506182	0.889449140350674	0.987388851113638	sample_2022120210011
HROV.vOTU51564	Responder_Status	Responder	-0.0920338394296436	0.662503741062123	0.890509121167047	0.987388851113638	sample_2022120210011
HROV.vOTU07731	Responder_Status	Responder	0.0962205342429231	0.685953951471721	0.889448846351109	0.987388851113638	sample_2022120210011
HROV.vOTU37661	Responder_Status	Responder	0.114572515954507	0.81144014137013	0.888725665649774	0.987388851113638	sample_2022120210011
HROV.vOTU20478	Responder_Status	Responder	-0.10496529498576	0.735132558736347	0.887483186595618	0.987388851113638	sample_2022120210011
HROV.vOTU02549	Responder_Status	Responder	-0.0823676258533316	0.605003220329903	0.892681491033003	0.987388851113638	sample_2022120210011
HROV.vOTU05590	Responder_Status	Responder	-0.0427433452016682	0.319646616879523	0.894579990307836	0.987388851113638	sample_2022120210011
HROV.vOTU13271	Responder_Status	Responder	-0.0537568084659362	0.400971542143744	0.894309084384069	0.987388851113638	sample_2022120210011
HROV.vOTU12921	Responder_Status	Responder	-0.115597941182584	0.876784929493292	0.896051325663599	0.987416398098778	sample_2022120210011
HROV.vOTU01091	Responder_Status	Responder	-0.145561848082101	1.10554386292556	0.896190520419163	0.987505606618367	sample_2022120210011
HROV.vOTU17311	Responder_Status	Responder	0.050240883889732	0.381715623820619	0.896227163806273	0.987505606618367	sample_2022120210011
HROV.vOTU02249	Responder_Status	Responder	0.133849108899596	1.02964279153739	0.897499261220821	0.987931634236086	sample_2022120210011
HROV.vOTU31244	Responder_Status	Responder	-0.0546010349156828	0.420873957311912	0.89770556072513	0.987931634236086	sample_2022120210011
HROV.vOTU05258	Responder_Status	Responder	-0.0959561832609102	0.747334467746467	0.898751892236474	0.988142860601215	sample_2022120210011
HROV.vOTU42398	Responder_Status	Responder	-0.173085243054283	1.34970084465962	0.898875934500935	0.988149172043175	sample_2022120210011
HROV.vOTU62007	Responder_Status	Responder	0.0466004747663946	0.363710833294085	0.898965824753867	0.988152847592437	sample_2022120210011
HROV.vOTU67011	Responder_Status	Responder	-0.113685148198896	0.889303297479788	0.899192335195684	0.988181140089466	sample_2022120210011
HROV.vOTU36921	Responder_Status	Responder	0.0667269292561407	0.524140751475817	0.899607093491594	0.988269943492543	sample_2022120210011
HROV.vOTU24695	Responder_Status	Responder	-0.0862989908330542	0.692323389649305	0.901690254888385	0.988652294008684	sample_2022120210011
HROV.vOTU28487	Responder_Status	Responder	-0.132221846267398	1.05962069371798	0.901587514603483	0.988652294008684	sample_2022120210011
HROV.vOTU69300	Responder_Status	Responder	0.162045823681489	1.30314040445027	0.901926405086476	0.988652294008684	sample_2022120210011
HROV.vOTU63642	Responder_Status	Responder	0.16472797144665	1.32704935379151	0.902098394947735	0.988688821126638	sample_2022120210011
HROV.vOTU66328	Responder_Status	Responder	0.105406001765481	0.852241833064312	0.902451550520042	0.988867604973399	sample_2022120210011
HROV.vOTU37067	Responder_Status	Responder	0.0739799107799263	0.615006706393235	0.905111478516949	0.989208874473161	sample_2022120210011
HROV.vOTU31620	Responder_Status	Responder	0.0906955894494649	0.751301419066271	0.904776532066085	0.989208874473161	sample_2022120210011
HROV.vOTU52765	Responder_Status	Responder	0.0803299625882103	0.652854170425155	0.9029510129414	0.989208874473161	sample_2022120210011
HROV.vOTU58500	Responder_Status	Responder	-0.0344187952271597	0.284665707757907	0.904626200314998	0.989208874473161	sample_2022120210011
HROV.vOTU30516	Responder_Status	Responder	-0.0790224115424735	0.661200074253846	0.905721848036945	0.989222387810316	sample_2022120210011
HROV.vOTU17211	Responder_Status	Responder	0.0710129165113419	0.593939832344011	0.905683494946127	0.989222387810316	sample_2022120210011
HROV.vOTU46144	Responder_Status	Responder	0.083637721682327	0.698335482538291	0.905522754910373	0.989222387810316	sample_2022120210011
HROV.vOTU51623	Responder_Status	Responder	0.117154261473453	0.991390696777434	0.906775344851386	0.989801709742598	sample_2022120210011
HROV.vOTU65612	Responder_Status	Responder	0.0810854479328286	0.688815933773207	0.907132171890744	0.989879746154958	sample_2022120210011
HROV.vOTU10480	Responder_Status	Responder	0.116471910925607	0.991063039489857	0.907285234392559	0.98989108679532	sample_2022120210011
HROV.vOTU25063	Responder_Status	Responder	-0.0619585680931094	0.529681670331558	0.907716290904956	0.989950712757936	sample_2022120210011
HROV.vOTU32660	Responder_Status	Responder	0.177844336968764	1.53019157203988	0.908304942850858	0.989992337386797	sample_2022120210011
HROV.vOTU42036	Responder_Status	Responder	-0.0831763562541003	0.714770063151845	0.908191537518417	0.989992337386797	sample_2022120210011
HROV.vOTU28139	Responder_Status	Responder	0.0620116259494411	0.534096977451292	0.908397623674745	0.989992337386797	sample_2022120210011
HROV.vOTU39786	Responder_Status	Responder	0.0397785866351704	0.341406758456381	0.908077067126528	0.989992337386797	sample_2022120210011
HROV.vOTU14975	Responder_Status	Responder	0.100071377273573	0.873513859744869	0.909609985463812	0.990079780904068	sample_2022120210011
HROV.vOTU00921	Responder_Status	Responder	0.106739539486809	0.933908219501037	0.90982085716642	0.990079780904068	sample_2022120210011
HROV.vOTU73961	Responder_Status	Responder	0.0953672223398687	0.828070949774991	0.90913397122877	0.990079780904068	sample_2022120210011
HROV.vOTU08038	Responder_Status	Responder	0.0820837597019372	0.718220321572175	0.90982531699774	0.990079780904068	sample_2022120210011
HROV.vOTU17706	Responder_Status	Responder	0.0566181077662958	0.496265485431005	0.909981917361764	0.990079780904068	sample_2022120210011
HROV.vOTU17122	Responder_Status	Responder	0.109457492823481	0.970499240784705	0.911005964195219	0.990168304205689	sample_2022120210011
HROV.vOTU07267	Responder_Status	Responder	0.13510044552275	1.19721235683029	0.910957947027196	0.990168304205689	sample_2022120210011
HROV.vOTU39127	Responder_Status	Responder	0.0427680108772382	0.379596571126956	0.911098443951043	0.990168304205689	sample_2022120210011
HROV.vOTU54313	Responder_Status	Responder	0.03958162471792	0.349140293040588	0.910547111680589	0.990168304205689	sample_2022120210011
HROV.vOTU61745	Responder_Status	Responder	-0.0589525397785642	0.524424228646508	0.911297343438309	0.990168304205689	sample_2022120210011
HROV.vOTU50639	Responder_Status	Responder	-0.107868663568856	0.960814696629915	0.911411985422203	0.990189491965298	sample_2022120210011
HROV.vOTU03672	Responder_Status	Responder	-0.0701174798457706	0.637174177551061	0.913159078577533	0.990270873541564	sample_2022120210011
HROV.vOTU53230	Responder_Status	Responder	-0.0806536758187579	0.735536634538335	0.913466835493893	0.990270873541564	sample_2022120210011
HROV.vOTU69870	Responder_Status	Responder	0.0594600893044244	0.533760252507997	0.912095079811158	0.990270873541564	sample_2022120210011
HROV.vOTU71479	Responder_Status	Responder	-0.0848249247370088	0.768653212166469	0.912914830279937	0.990270873541564	sample_2022120210011
HROV.vOTU47637	Responder_Status	Responder	0.0404823851848534	0.36640985188662	0.91281375147405	0.990270873541564	sample_2022120210011
HROV.vOTU49568	Responder_Status	Responder	0.054344406163505	0.488211739223231	0.912162107365909	0.990270873541564	sample_2022120210011
HROV.vOTU59157	Responder_Status	Responder	-0.104582398349833	0.9563957240942	0.913704399756988	0.990291547381058	sample_2022120210011
HROV.vOTU13912	Responder_Status	Responder	-0.0947060874667611	0.870336823398419	0.914124959591165	0.990370167839876	sample_2022120210011
HROV.vOTU40626	Responder_Status	Responder	-0.118709665465683	1.10362640399383	0.91510918742417	0.990609555500372	sample_2022120210011
HROV.vOTU12648	Responder_Status	Responder	-0.158321305853847	1.4839877342991	0.915798505049765	0.99061966243329	sample_2022120210011
HROV.vOTU39302	Responder_Status	Responder	-0.0372643034592571	0.350511338218643	0.916091178581715	0.99061966243329	sample_2022120210011
HROV.vOTU33749	Responder_Status	Responder	-0.0931294959858766	0.879106845310494	0.916388065270612	0.990631917871088	sample_2022120210011
HROV.vOTU47902	Responder_Status	Responder	0.0843152939592969	0.801244455387364	0.916943206437988	0.990768939057658	sample_2022120210011
HROV.vOTU39652	Responder_Status	Responder	0.0920790419460554	0.876985807765767	0.917128390870119	0.990769694056311	sample_2022120210011
HROV.vOTU15154	Responder_Status	Responder	-0.0281974428742991	0.269984968469346	0.917564102590706	0.990855280686586	sample_2022120210011
HROV.vOTU11334	Responder_Status	Responder	0.0277569948435662	0.267741613136779	0.918169578000928	0.990855280686586	sample_2022120210011
HROV.vOTU34381	Responder_Status	Responder	-0.089363357276879	0.865070728216767	0.918459795268431	0.990864550560402	sample_2022120210011
HROV.vOTU37593	Responder_Status	Responder	0.106278265976218	1.0349423687977	0.918940921437715	0.991252254381025	sample_2022120210011
HROV.vOTU66481	Responder_Status	Responder	-0.0928161820899565	0.909317862348388	0.919426762645544	0.991342557081948	sample_2022120210011
HROV.vOTU66575	Responder_Status	Responder	0.0959803852480944	0.955492498469068	0.920701930405979	0.991404533428199	sample_2022120210011
HROV.vOTU75676	Responder_Status	Responder	0.111412175574987	1.09703498206295	0.919831665816137	0.991404533428199	sample_2022120210011
HROV.vOTU03210	Responder_Status	Responder	-0.0683744579117557	0.681262119272696	0.920770234937975	0.991404533428199	sample_2022120210011
HROV.vOTU50930	Responder_Status	Responder	-0.0816510680030481	0.807798121937218	0.920208436311153	0.991404533428199	sample_2022120210011
HROV.vOTU63077	Responder_Status	Responder	-0.0784681111243602	0.774131704181618	0.919984894177542	0.991404533428199	sample_2022120210011
HROV.vOTU60366	Responder_Status	Responder	-0.0381286452775301	0.378806960958583	0.920541974019919	0.991404533428199	sample_2022120210011
HROV.vOTU72882	Responder_Status	Responder	-0.0518209478579656	0.510394251666233	0.919852374686266	0.991404533428199	sample_2022120210011
HROV.vOTU12405	Responder_Status	Responder	-0.066753822844072	0.664909392687678	0.920745866595569	0.991404533428199	sample_2022120210011
HROV.vOTU12129	Responder_Status	Responder	-0.0833146513462025	0.828791758733302	0.920643546791591	0.991404533428199	sample_2022120210011
HROV.vOTU55256	Responder_Status	Responder	0.0634806545385388	0.635214286481042	0.921107398484524	0.991452043488233	sample_2022120210011
HROV.vOTU28659	Responder_Status	Responder	0.0659110735133533	0.664265858965491	0.921667460975723	0.991452043488233	sample_2022120210011
HROV.vOTU25943	Responder_Status	Responder	-0.0522772998400888	0.526202386056327	0.921569634837752	0.991452043488233	sample_2022120210011
HROV.vOTU21972	Responder_Status	Responder	-0.0201303825818792	0.202846801207399	0.921655342405603	0.991452043488233	sample_2022120210011
HROV.vOTU74409	Responder_Status	Responder	0.0548170518976558	0.555173695174457	0.922049350708074	0.991517335038701	sample_2022120210011
HROV.vOTU25923	Responder_Status	Responder	-0.0380479920344573	0.38571113927734	0.922123952058686	0.991517335038701	sample_2022120210011
HROV.vOTU48486	Responder_Status	Responder	-0.0976529914748306	0.992306853175832	0.922307812259556	0.991521387882587	sample_2022120210011
HROV.vOTU63466	Responder_Status	Responder	-0.0244786502622452	0.249249051376465	0.922465553030853	0.991537334693375	sample_2022120210011
HROV.vOTU33368	Responder_Status	Responder	0.0852681691491746	0.870484331365085	0.922666002411193	0.991634593739322	sample_2022120210011
HROV.vOTU20731	Responder_Status	Responder	-0.068255527398433	0.698061259656183	0.922804612482012	0.991637077402922	sample_2022120210011
HROV.vOTU33454	Responder_Status	Responder	0.0888333442866088	0.912137181259027	0.92311022528656	0.991674504352425	sample_2022120210011
HROV.vOTU54487	Responder_Status	Responder	-0.065885268250326	0.676747487227273	0.923137429230888	0.991674504352425	sample_2022120210011
HROV.vOTU27585	Responder_Status	Responder	-0.0675223327831437	0.697050576780591	0.923520776698089	0.991698564123541	sample_2022120210011
HROV.vOTU65585	Responder_Status	Responder	-0.0991978812161541	1.02698791034236	0.92373919141289	0.991761106690176	sample_2022120210011
HROV.vOTU68446	Responder_Status	Responder	-0.067338975316523	0.70137026650624	0.92419604538101	0.992014267976781	sample_2022120210011
HROV.vOTU02943	Responder_Status	Responder	0.080094547634403	0.836380793713328	0.924390709563542	0.992068893694151	sample_2022120210011
HROV.vOTU03737	Responder_Status	Responder	-0.0402335520326433	0.420392029240349	0.924436685221576	0.992068893694151	sample_2022120210011
HROV.vOTU07672	Responder_Status	Responder	-0.0891174035987578	0.954576212566931	0.926283920479755	0.992112818638443	sample_2022120210011
HROV.vOTU37008	Responder_Status	Responder	0.123047692747364	1.30497165432515	0.925549160883069	0.992112818638443	sample_2022120210011
HROV.vOTU04579	Responder_Status	Responder	0.125549513854662	1.34112657261017	0.926081697517062	0.992112818638443	sample_2022120210011
HROV.vOTU71614	Responder_Status	Responder	0.0728747444564915	0.773341884146078	0.925594758473089	0.992112818638443	sample_2022120210011
HROV.vOTU36525	Responder_Status	Responder	-0.0523505571883984	0.548796923768436	0.924683310831137	0.992112818638443	sample_2022120210011
HROV.vOTU29180	Responder_Status	Responder	-0.0830877594821065	0.871807315659064	0.924751239315563	0.992112818638443	sample_2022120210011
HROV.vOTU14344	Responder_Status	Responder	0.0611431797963658	0.657326868070543	0.92655170895841	0.992112818638443	sample_2022120210011
HROV.vOTU06071	Responder_Status	Responder	-0.0479843378854012	0.504309028171067	0.924874425261327	0.992112818638443	sample_2022120210011
HROV.vOTU23000	Responder_Status	Responder	-0.147144561699224	1.57260976561318	0.926119362379532	0.992112818638443	sample_2022120210011
HROV.vOTU71058	Responder_Status	Responder	0.0518422836370305	0.548330939257649	0.925349111636258	0.992112818638443	sample_2022120210011
HROV.vOTU32445	Responder_Status	Responder	-0.0397429517415055	0.429862009661785	0.926994777662925	0.992112818638443	sample_2022120210011
HROV.vOTU57308	Responder_Status	Responder	-0.0914873698099585	0.968120178036455	0.925385003436603	0.992112818638443	sample_2022120210011
HROV.vOTU58551	Responder_Status	Responder	-0.0342132422636397	0.367746479782788	0.926538374916671	0.992112818638443	sample_2022120210011
HROV.vOTU65965	Responder_Status	Responder	-0.0563268454290405	0.631513023817898	0.929563081323828	0.992233676692093	sample_2022120210011
HROV.vOTU07900	Responder_Status	Responder	0.0720324426575143	0.789573183524315	0.927959705568777	0.992233676692093	sample_2022120210011
HROV.vOTU43692	Responder_Status	Responder	-0.0966908259515306	1.07158710991675	0.928745700140982	0.992233676692093	sample_2022120210011
HROV.vOTU13101	Responder_Status	Responder	0.0617281988019806	0.692137580485836	0.929569865050392	0.992233676692093	sample_2022120210011
HROV.vOTU52407	Responder_Status	Responder	-0.100259481628452	1.1230060261052	0.929496695482041	0.992233676692093	sample_2022120210011
HROV.vOTU52590	Responder_Status	Responder	0.0975007357501606	1.08819422517078	0.929243998324896	0.992233676692093	sample_2022120210011
HROV.vOTU24078	Responder_Status	Responder	0.0662442902134763	0.730331052297058	0.928373197474618	0.992233676692093	sample_2022120210011
HROV.vOTU06467	Responder_Status	Responder	0.0871031803834423	0.974331687701496	0.929402116091741	0.992233676692093	sample_2022120210011
HROV.vOTU22859	Responder_Status	Responder	-0.0487239008585472	0.550079593606846	0.930049315999553	0.992259175424433	sample_2022120210011
HROV.vOTU18688	Responder_Status	Responder	-0.0738127007594194	0.835820662219623	0.930257591021886	0.992327163684858	sample_2022120210011
HROV.vOTU71482	Responder_Status	Responder	0.0321911369803088	0.364825794665334	0.930316377906423	0.992327163684858	sample_2022120210011
HROV.vOTU36085	Responder_Status	Responder	0.0667765048448684	0.76843921437255	0.931370371196199	0.992681301647644	sample_2022120210011
HROV.vOTU52091	Responder_Status	Responder	-0.101437303783243	1.19295690706736	0.93284250564115	0.992764820505819	sample_2022120210011
HROV.vOTU23035	Responder_Status	Responder	0.0974514534489137	1.15269111091251	0.933226658279852	0.992764820505819	sample_2022120210011
HROV.vOTU48081	Responder_Status	Responder	0.0739323531760989	0.875373764553498	0.933293246132353	0.992764820505819	sample_2022120210011
HROV.vOTU26492	Responder_Status	Responder	0.0671486758373479	0.778962783529442	0.931918791982514	0.992764820505819	sample_2022120210011
HROV.vOTU74110	Responder_Status	Responder	0.0645889962239331	0.760601792912407	0.932930640755225	0.992764820505819	sample_2022120210011
HROV.vOTU03762	Responder_Status	Responder	0.03884500966444	0.459138409304991	0.933178139535399	0.992764820505819	sample_2022120210011
HROV.vOTU28313	Responder_Status	Responder	-0.0342825526239484	0.400488256006826	0.932392075439945	0.992764820505819	sample_2022120210011
HROV.vOTU58307	Responder_Status	Responder	-0.0290969313926588	0.341820388494295	0.932768998455685	0.992764820505819	sample_2022120210011
HROV.vOTU18787	Responder_Status	Responder	0.0617922177810756	0.758854405098437	0.935680632615093	0.993426222405745	sample_2022120210011
HROV.vOTU70483	Responder_Status	Responder	-0.059827802107006	0.74524492150156	0.936586112503063	0.993675314941869	sample_2022120210011
HROV.vOTU16598	Responder_Status	Responder	0.033317554235024	0.425742741739825	0.938179826200475	0.993690636451193	sample_2022120210011
HROV.vOTU48596	Responder_Status	Responder	-0.0564607536398888	0.719294987367079	0.937992929381295	0.993690636451193	sample_2022120210011
HROV.vOTU33001	Responder_Status	Responder	0.0619137953960992	0.778542012586259	0.93718045978033	0.993690636451193	sample_2022120210011
HROV.vOTU54255	Responder_Status	Responder	-0.0897977741359087	1.16138861665001	0.938919399346526	0.993690636451193	sample_2022120210011
HROV.vOTU40298	Responder_Status	Responder	-0.0828020395699662	1.04941664841444	0.93767104457481	0.993690636451193	sample_2022120210011
HROV.vOTU35490	Responder_Status	Responder	-0.0322847501638007	0.418363943282483	0.939037858701066	0.993690636451193	sample_2022120210011
HROV.vOTU52078	Responder_Status	Responder	-0.0616228868928769	0.775240694375291	0.937209304528306	0.993690636451193	sample_2022120210011
HROV.vOTU64000	Responder_Status	Responder	-0.054593559551639	0.712691059005295	0.939484912857087	0.993819101545981	sample_2022120210011
HROV.vOTU55814	Responder_Status	Responder	0.0731893746515329	0.960084915402952	0.939776473169433	0.993931023170543	sample_2022120210011
HROV.vOTU12311	Responder_Status	Responder	0.0985953612755794	1.30165712114229	0.940159775673853	0.994027821946018	sample_2022120210011
HROV.vOTU60079	Responder_Status	Responder	-0.0656788659410097	0.868698626589334	0.940270149703466	0.994055245019764	sample_2022120210011
HROV.vOTU39862	Responder_Status	Responder	0.0779537221600217	1.03541445372914	0.940521343504405	0.994107132739765	sample_2022120210011
HROV.vOTU60071	Responder_Status	Responder	0.0789014511808074	1.05081670585472	0.94068031861912	0.994159544072383	sample_2022120210011
HROV.vOTU18057	Responder_Status	Responder	0.0331656114674382	0.445419836668642	0.94117441423215	0.994219632204826	sample_2022120210011
HROV.vOTU00728	Responder_Status	Responder	-0.03852187606785	0.51710655936467	0.941146162023879	0.994219632204826	sample_2022120210011
HROV.vOTU16149	Responder_Status	Responder	-0.0827741890292126	1.11217424651578	0.941200953763925	0.994219632204826	sample_2022120210011
HROV.vOTU67786	Responder_Status	Responder	0.0832957339205503	1.120699339499	0.941280419081163	0.994253116978302	sample_2022120210011
HROV.vOTU19110	Responder_Status	Responder	0.036345334349279	0.490157558073786	0.94141799801403	0.994262493631276	sample_2022120210011
HROV.vOTU42350	Responder_Status	Responder	0.0617245912788991	0.853754128500774	0.942878846231038	0.994720773371203	sample_2022120210011
HROV.vOTU66549	Responder_Status	Responder	0.0715562637153586	0.995142677780155	0.94318825790942	0.994753931312555	sample_2022120210011
HROV.vOTU21803	Responder_Status	Responder	-0.0707387594136569	0.994025320080069	0.943773151482451	0.995017887256608	sample_2022120210011
HROV.vOTU03303	Responder_Status	Responder	0.0486420081280107	0.688173866513127	0.94415269981325	0.995023310051289	sample_2022120210011
HROV.vOTU40204	Responder_Status	Responder	-0.0790365806228287	1.11834888176479	0.944160720481528	0.995023310051289	sample_2022120210011
HROV.vOTU62590	Responder_Status	Responder	0.0639305949312141	0.91742366328176	0.944939752012385	0.995286450439452	sample_2022120210011
HROV.vOTU10574	Responder_Status	Responder	-0.0494375488413888	0.85404854343511	0.954250484966825	0.995577457152468	sample_2022120210011
HROV.vOTU27141	Responder_Status	Responder	-0.0335410758957858	0.497766554464354	0.946755559679825	0.995577457152468	sample_2022120210011
HROV.vOTU20399	Responder_Status	Responder	0.0311965380953173	0.504906426962263	0.951171582433123	0.995577457152468	sample_2022120210011
HROV.vOTU08847	Responder_Status	Responder	-0.0663984794207173	1.03415552343495	0.949262788752222	0.995577457152468	sample_2022120210011
HROV.vOTU02552	Responder_Status	Responder	-0.0583567124854031	1.07936433013019	0.957266651546265	0.995577457152468	sample_2022120210011
HROV.vOTU35570	Responder_Status	Responder	-0.079109818017854	1.4008542115087	0.9553664244785	0.995577457152468	sample_2022120210011
HROV.vOTU01886	Responder_Status	Responder	0.0286902925472518	0.453117128241729	0.949963457202045	0.995577457152468	sample_2022120210011
HROV.vOTU02348	Responder_Status	Responder	0.0783291666857311	1.2789688940672	0.95159996525502	0.995577457152468	sample_2022120210011
HROV.vOTU02808	Responder_Status	Responder	0.0564190272179653	0.991233202667871	0.955014743448925	0.995577457152468	sample_2022120210011
HROV.vOTU70525	Responder_Status	Responder	-0.0650032088795209	1.03769376646876	0.950496630397293	0.995577457152468	sample_2022120210011
HROV.vOTU21542	Responder_Status	Responder	-0.0530727858823985	0.780113596786703	0.946243566971722	0.995577457152468	sample_2022120210011
HROV.vOTU40123	Responder_Status	Responder	-0.0624918103048036	0.959304227880477	0.94852314818276	0.995577457152468	sample_2022120210011
HROV.vOTU07424	Responder_Status	Responder	-0.0390351369406336	0.608832969354549	0.94933445333242	0.995577457152468	sample_2022120210011
HROV.vOTU47224	Responder_Status	Responder	0.0583954406412423	1.0410847979709	0.955667697596625	0.995577457152468	sample_2022120210011
HROV.vOTU53239	Responder_Status	Responder	-0.0555809562223014	0.915797478135592	0.95203617947051	0.995577457152468	sample_2022120210011
HROV.vOTU08406	Responder_Status	Responder	-0.0887036750728902	1.32028661606342	0.946911753865332	0.995577457152468	sample_2022120210011
HROV.vOTU07120	Responder_Status	Responder	-0.0169421112018054	0.276299308328277	0.951541585523739	0.995577457152468	sample_2022120210011
HROV.vOTU53087	Responder_Status	Responder	-0.108035911125367	1.83123803314389	0.95337425979167	0.995577457152468	sample_2022120210011
HROV.vOTU25189	Responder_Status	Responder	0.0470662678424536	0.861570292639305	0.956822386812705	0.995577457152468	sample_2022120210011
HROV.vOTU09667	Responder_Status	Responder	0.0785594224601068	1.38047382579558	0.95502298355495	0.995577457152468	sample_2022120210011
HROV.vOTU34103	Responder_Status	Responder	-0.0705254300978645	1.05605230121288	0.947229726364939	0.995577457152468	sample_2022120210011
HROV.vOTU01193	Responder_Status	Responder	-0.0559981498515618	0.86011594822582	0.948552736975736	0.995577457152468	sample_2022120210011
HROV.vOTU40750	Responder_Status	Responder	-0.03740624269613	0.59704086010969	0.950488155516113	0.995577457152468	sample_2022120210011
HROV.vOTU57650	Responder_Status	Responder	-0.0374964500248998	0.583532909832405	0.94922164685339	0.995577457152468	sample_2022120210011
HROV.vOTU17525	Responder_Status	Responder	-0.0238218344941286	0.384632119830844	0.951055326563676	0.995577457152468	sample_2022120210011
HROV.vOTU12665	Responder_Status	Responder	-0.0643292647517753	1.06893233263967	0.95243908565145	0.995577457152468	sample_2022120210011
HROV.vOTU72289	Responder_Status	Responder	-0.0511375178569076	0.878443505894872	0.953991817391564	0.995577457152468	sample_2022120210011
HROV.vOTU49358	Responder_Status	Responder	-0.0413926015299944	0.695137757697727	0.9529402775815	0.995577457152468	sample_2022120210011
HROV.vOTU25898	Responder_Status	Responder	-0.0182421244497186	0.325133940760635	0.955655432068552	0.995577457152468	sample_2022120210011
HROV.vOTU04983	Responder_Status	Responder	0.0515400201253071	0.912914070543504	0.955379025428429	0.995577457152468	sample_2022120210011
HROV.vOTU44668	Responder_Status	Responder	-0.0552808594460246	0.881337763432986	0.95043206664077	0.995577457152468	sample_2022120210011
HROV.vOTU50866	Responder_Status	Responder	-0.0265472430264091	0.430049674824034	0.951215880882169	0.995577457152468	sample_2022120210011
HROV.vOTU49325	Responder_Status	Responder	-0.0443410589232971	0.673764894743054	0.947996046764876	0.995577457152468	sample_2022120210011
HROV.vOTU17607	Responder_Status	Responder	-0.0519300857376912	0.853972180125739	0.951942471264022	0.995577457152468	sample_2022120210011
HROV.vOTU37012	Responder_Status	Responder	0.0544101397965836	0.964621523052292	0.955419216902909	0.995577457152468	sample_2022120210011
HROV.vOTU24328	Responder_Status	Responder	-0.027206756746827	0.4692361494905	0.954175618798132	0.995577457152468	sample_2022120210011
HROV.vOTU56004	Responder_Status	Responder	-0.0256495698748438	0.464442974465984	0.956350190641351	0.995577457152468	sample_2022120210011
HROV.vOTU10232	Responder_Status	Responder	0.022150709112828	0.340065362169417	0.948528061143154	0.995577457152468	sample_2022120210011
HROV.vOTU74280	Responder_Status	Responder	0.027732300946282	0.468031722709897	0.953171447011153	0.995577457152468	sample_2022120210011
HROV.vOTU19056	Responder_Status	Responder	0.0718578700467056	1.24307641208276	0.954313348784653	0.995577457152468	sample_2022120210011
HROV.vOTU06179	Responder_Status	Responder	-0.0625617879914982	1.01513848547909	0.951296242778148	0.995577457152468	sample_2022120210011
HROV.vOTU34831	Responder_Status	Responder	0.0616085249446133	1.03196677000268	0.952818555043518	0.995577457152468	sample_2022120210011
HROV.vOTU39594	Responder_Status	Responder	0.0439362621373081	0.636679802918642	0.945473400137888	0.995577457152468	sample_2022120210011
HROV.vOTU22105	Responder_Status	Responder	0.0383158236624369	0.68239995037647	0.955622161405255	0.995577457152468	sample_2022120210011
HROV.vOTU66475	Responder_Status	Responder	-0.0469409466005321	0.801001834845649	0.953684730217616	0.995577457152468	sample_2022120210011
HROV.vOTU63283	Responder_Status	Responder	0.0676546422312127	1.0072300379378	0.946924501643709	0.995577457152468	sample_2022120210011
HROV.vOTU52850	Responder_Status	Responder	-0.0248732716525872	0.443841894586573	0.955707265523237	0.995577457152468	sample_2022120210011
HROV.vOTU04498	Responder_Status	Responder	0.0807480445538968	1.52603865282213	0.958176547059856	0.995589599559395	sample_2022120210011
HROV.vOTU12680	Responder_Status	Responder	-0.0308712865317091	0.58356460178529	0.958186233388103	0.995589599559395	sample_2022120210011
HROV.vOTU07479	Responder_Status	Responder	0.0162382737047473	0.303878283928413	0.957763353639601	0.995589599559395	sample_2022120210011
HROV.vOTU09082	Responder_Status	Responder	-0.0240310735734384	0.457314920343683	0.9584650115239	0.995658971908609	sample_2022120210011
HROV.vOTU17933	Responder_Status	Responder	-0.0462115481353911	0.883398598469373	0.9586522418514	0.995658971908609	sample_2022120210011
HROV.vOTU26337	Responder_Status	Responder	-0.028547024847758	0.5458273316911	0.958660633901872	0.995658971908609	sample_2022120210011
HROV.vOTU01367	Responder_Status	Responder	-0.042211728866902	0.830435829654676	0.959821228158035	0.995688997582942	sample_2022120210011
HROV.vOTU28419	Responder_Status	Responder	-0.0339975529531664	0.722698176070922	0.962813262194074	0.995688997582942	sample_2022120210011
HROV.vOTU25148	Responder_Status	Responder	0.0489997403218937	1.04360960428616	0.962884635570747	0.995688997582942	sample_2022120210011
HROV.vOTU70449	Responder_Status	Responder	0.0476670134004516	0.964145059681634	0.960919904985402	0.995688997582942	sample_2022120210011
HROV.vOTU10296	Responder_Status	Responder	-0.0277200124707307	0.582523470454762	0.962383921340719	0.995688997582942	sample_2022120210011
HROV.vOTU52059	Responder_Status	Responder	-0.0263521179745446	0.533492927156324	0.960954837292836	0.995688997582942	sample_2022120210011
HROV.vOTU06110	Responder_Status	Responder	-0.0146628132021868	0.301186548282381	0.961517140050501	0.995688997582942	sample_2022120210011
HROV.vOTU41896	Responder_Status	Responder	-0.017732279848099	0.352114864363347	0.960193555442926	0.995688997582942	sample_2022120210011
HROV.vOTU05584	Responder_Status	Responder	-0.0486036721435989	1.03534892996149	0.962890900356813	0.995688997582942	sample_2022120210011
HROV.vOTU65053	Responder_Status	Responder	-0.0404093015162063	0.831033510659677	0.96156305692064	0.995688997582942	sample_2022120210011
HROV.vOTU08096	Responder_Status	Responder	-0.0334338724918806	0.715716013293955	0.96307286294091	0.995696699057023	sample_2022120210011
HROV.vOTU26676	Responder_Status	Responder	0.0570236413324114	1.2250249166568	0.963203130931702	0.99572075882525	sample_2022120210011
HROV.vOTU39338	Responder_Status	Responder	-0.0500849057791627	1.09028307660968	0.963686118558957	0.995875003014772	sample_2022120210011
HROV.vOTU09662	Responder_Status	Responder	-0.0308961945666747	0.673451764542317	0.963733638070733	0.995875003014772	sample_2022120210011
HROV.vOTU67333	Responder_Status	Responder	0.0396490462577478	0.87040609789755	0.963990379683967	0.995876012038255	sample_2022120210011
HROV.vOTU31882	Responder_Status	Responder	0.0462316680638734	1.01241748326233	0.963901689048016	0.995876012038255	sample_2022120210011
HROV.vOTU06783	Responder_Status	Responder	0.0342438849430804	0.7559840800853	0.96419201859949	0.995939668228356	sample_2022120210011
HROV.vOTU47867	Responder_Status	Responder	0.0475555179236176	1.05271050905447	0.964288980427908	0.995964626983918	sample_2022120210011
HROV.vOTU39637	Responder_Status	Responder	0.0245932151828446	0.553991574463582	0.9649064188166	0.996241217049651	sample_2022120210011
HROV.vOTU47976	Responder_Status	Responder	0.0228506621394669	0.516712213554761	0.965040378108416	0.996293734315081	sample_2022120210011
HROV.vOTU31651	Responder_Status	Responder	-0.0659554168690075	1.5077821216744	0.96541946495389	0.996344883045021	sample_2022120210011
HROV.vOTU06552	Responder_Status	Responder	-0.0368647046768222	0.847873377362269	0.965628275957674	0.996344883045021	sample_2022120210011
HROV.vOTU32394	Responder_Status	Responder	0.0275428196957223	0.631851105161124	0.965540063154926	0.996344883045021	sample_2022120210011
HROV.vOTU09705	Responder_Status	Responder	-0.015576641134954	0.358032761998098	0.965606812711207	0.996344883045021	sample_2022120210011
HROV.vOTU44575	Responder_Status	Responder	0.0477875233412603	1.40176100155373	0.973046405777891	0.996583992785851	sample_2022120210011
HROV.vOTU35802	Responder_Status	Responder	-0.0320117980265452	0.77704284101692	0.967431246065207	0.996583992785851	sample_2022120210011
HROV.vOTU66084	Responder_Status	Responder	0.044457799704122	1.0996080211839	0.968036760231185	0.996583992785851	sample_2022120210011
HROV.vOTU21560	Responder_Status	Responder	0.0512445547775949	1.21276087291513	0.966595731050002	0.996583992785851	sample_2022120210011
HROV.vOTU42975	Responder_Status	Responder	-0.0311785493330614	0.950502068693874	0.974065048716479	0.996583992785851	sample_2022120210011
HROV.vOTU02356	Responder_Status	Responder	0.0274836845181882	0.836295299288631	0.974016503318282	0.996583992785851	sample_2022120210011
HROV.vOTU18513	Responder_Status	Responder	0.0509477922089043	1.38881230188671	0.970996915169773	0.996583992785851	sample_2022120210011
HROV.vOTU17408	Responder_Status	Responder	0.0241532903586407	0.811204290717268	0.976458026724702	0.996583992785851	sample_2022120210011
HROV.vOTU70250	Responder_Status	Responder	0.0265592893754702	0.850879304911489	0.975320366312825	0.996583992785851	sample_2022120210011
HROV.vOTU70820	Responder_Status	Responder	-0.0420562140055548	1.14247297866015	0.970896453444356	0.996583992785851	sample_2022120210011
HROV.vOTU52385	Responder_Status	Responder	0.0230488430928221	0.772929082629024	0.976422048028246	0.996583992785851	sample_2022120210011
HROV.vOTU48475	Responder_Status	Responder	0.0406158543437182	0.981922716002169	0.967299582835214	0.996583992785851	sample_2022120210011
HROV.vOTU49421	Responder_Status	Responder	-0.0379516502978917	0.960438145620051	0.968760255132922	0.996583992785851	sample_2022120210011
HROV.vOTU68572	Responder_Status	Responder	-0.0401740979712958	1.29390101157741	0.975450871911791	0.996583992785851	sample_2022120210011
HROV.vOTU19005	Responder_Status	Responder	0.0179091662719099	0.602347722643925	0.976491491079839	0.996583992785851	sample_2022120210011
HROV.vOTU50705	Responder_Status	Responder	-0.025593616709722	0.824278893583892	0.975450171192907	0.996583992785851	sample_2022120210011
HROV.vOTU41053	Responder_Status	Responder	0.020503462643304	0.608587856585688	0.973363196842449	0.996583992785851	sample_2022120210011
HROV.vOTU19502	Responder_Status	Responder	0.036415589327093	0.920815048417685	0.968734818288138	0.996583992785851	sample_2022120210011
HROV.vOTU59223	Responder_Status	Responder	-0.0358429692971846	0.875714684562645	0.967642196765634	0.996583992785851	sample_2022120210011
HROV.vOTU29160	Responder_Status	Responder	-0.0189798203728978	0.581168594650109	0.974178987622312	0.996583992785851	sample_2022120210011
HROV.vOTU68836	Responder_Status	Responder	-0.0235634466946829	0.763308013964918	0.975592077630662	0.996583992785851	sample_2022120210011
HROV.vOTU25170	Responder_Status	Responder	0.0391744498174619	1.20769173701678	0.974353317651622	0.996583992785851	sample_2022120210011
HROV.vOTU58942	Responder_Status	Responder	0.0202994278686916	0.504859228336596	0.968212558778836	0.996583992785851	sample_2022120210011
HROV.vOTU12820	Responder_Status	Responder	-0.032789685879134	1.06801930021432	0.975725474282275	0.996583992785851	sample_2022120210011
HROV.vOTU19658	Responder_Status	Responder	0.0244259597395866	0.621578879815713	0.968932744419508	0.996583992785851	sample_2022120210011
HROV.vOTU15595	Responder_Status	Responder	-0.033581841775671	0.839428038510996	0.968372539025725	0.996583992785851	sample_2022120210011
HROV.vOTU42785	Responder_Status	Responder	0.0237808748569182	0.784750644392209	0.976039793154727	0.996583992785851	sample_2022120210011
HROV.vOTU33032	Responder_Status	Responder	0.0156117438030029	0.53785248471396	0.977049701694973	0.996583992785851	sample_2022120210011
HROV.vOTU62036	Responder_Status	Responder	0.0252913027289298	0.617617222108146	0.967626521802971	0.996583992785851	sample_2022120210011
HROV.vOTU53401	Responder_Status	Responder	-0.0429285727998511	1.10650916065137	0.969328016132351	0.996583992785851	sample_2022120210011
HROV.vOTU37414	Responder_Status	Responder	0.0332937750339969	0.837076449237488	0.968555652162866	0.996583992785851	sample_2022120210011
HROV.vOTU27630	Responder_Status	Responder	-0.0341955094077868	0.860589321014038	0.968586376712627	0.996583992785851	sample_2022120210011
HROV.vOTU73755	Responder_Status	Responder	-0.0172045888947113	0.5698371982777	0.976128020870651	0.996583992785851	sample_2022120210011
HROV.vOTU11782	Responder_Status	Responder	-0.010305202165282	0.286005724441157	0.971512933590213	0.996583992785851	sample_2022120210011
HROV.vOTU56302	Responder_Status	Responder	0.0180165152244802	0.436104065103558	0.96734001488195	0.996583992785851	sample_2022120210011
HROV.vOTU50805	Responder_Status	Responder	0.0123121486674074	0.298215705316964	0.967360850987456	0.996583992785851	sample_2022120210011
HROV.vOTU37450	Responder_Status	Responder	-0.00751922478075148	0.232354225799889	0.974413714263112	0.996583992785851	sample_2022120210011
HROV.vOTU48671	Responder_Status	Responder	-0.0119293353995992	0.381142316076695	0.975253208360853	0.996583992785851	sample_2022120210011
HROV.vOTU58282	Responder_Status	Responder	-0.0179971896562483	0.45668028931107	0.968844174168579	0.996583992785851	sample_2022120210011
HROV.vOTU06818	Responder_Status	Responder	-0.0278938347392882	0.752908751782853	0.970709536294612	0.996583992785851	sample_2022120210011
HROV.vOTU33468	Responder_Status	Responder	-0.0196134646042071	0.687479666823336	0.977442202231901	0.996740125389821	sample_2022120210011
HROV.vOTU32243	Responder_Status	Responder	0.0304888452005443	1.09605175769124	0.978005445863154	0.996923768640624	sample_2022120210011
HROV.vOTU29943	Responder_Status	Responder	-0.0189639277286436	0.700417744165294	0.978591834467276	0.997228484991499	sample_2022120210011
HROV.vOTU14287	Responder_Status	Responder	-0.0284999270789981	1.07856585936609	0.979106654123079	0.997557963598741	sample_2022120210011
HROV.vOTU61871	Responder_Status	Responder	-0.0181026644589747	0.867611212890203	0.983501366886239	0.997694423986129	sample_2022120210011
HROV.vOTU01077	Responder_Status	Responder	0.0193175436309182	0.767774628338494	0.980105458022869	0.997694423986129	sample_2022120210011
HROV.vOTU41054	Responder_Status	Responder	0.0335895112076625	1.39477701715961	0.980957731669245	0.997694423986129	sample_2022120210011
HROV.vOTU13294	Responder_Status	Responder	-0.0105431014405205	0.423106977136986	0.980296884338544	0.997694423986129	sample_2022120210011
HROV.vOTU42657	Responder_Status	Responder	0.019061684886798	0.826801743204583	0.981770140880651	0.997694423986129	sample_2022120210011
HROV.vOTU31267	Responder_Status	Responder	-0.0192735694161371	0.846137546465759	0.981988679867582	0.997694423986129	sample_2022120210011
HROV.vOTU64647	Responder_Status	Responder	-0.0155844081079863	0.700248395685337	0.982401959426755	0.997694423986129	sample_2022120210011
HROV.vOTU18958	Responder_Status	Responder	-0.0222652761198768	0.868290247310292	0.979724240764391	0.997694423986129	sample_2022120210011
HROV.vOTU67292	Responder_Status	Responder	-0.0129298898345306	0.577799711162408	0.98230529935389	0.997694423986129	sample_2022120210011
HROV.vOTU53602	Responder_Status	Responder	-0.00930392102468262	0.388987479551475	0.981087420705919	0.997694423986129	sample_2022120210011
HROV.vOTU27530	Responder_Status	Responder	-0.0164988565837932	0.683917532413096	0.980924771949092	0.997694423986129	sample_2022120210011
HROV.vOTU46594	Responder_Status	Responder	-0.0272705630051743	1.09128404738758	0.980240646088367	0.997694423986129	sample_2022120210011
HROV.vOTU42631	Responder_Status	Responder	-0.0250230519812134	0.966062228865848	0.979519142470878	0.997694423986129	sample_2022120210011
HROV.vOTU48734	Responder_Status	Responder	-0.0104840443458775	0.402568080137114	0.979407838986973	0.997694423986129	sample_2022120210011
HROV.vOTU41534	Responder_Status	Responder	-0.0147073743295303	0.667371606171562	0.982574138074654	0.997694423986129	sample_2022120210011
HROV.vOTU66180	Responder_Status	Responder	-0.021706723109352	0.89368040015023	0.980794259236268	0.997694423986129	sample_2022120210011
HROV.vOTU21097	Responder_Status	Responder	-0.0180180247736341	0.89904694101263	0.984152602283159	0.997768860444453	sample_2022120210011
HROV.vOTU18571	Responder_Status	Responder	-0.0103187444313877	0.521271694231495	0.984347035754353	0.997768860444453	sample_2022120210011
HROV.vOTU31042	Responder_Status	Responder	-0.0212532778809912	1.08853802194589	0.984561077220733	0.997785338037645	sample_2022120210011
HROV.vOTU56498	Responder_Status	Responder	0.0145821856930784	0.757927599641752	0.984786455526137	0.997811439473202	sample_2022120210011
HROV.vOTU04086	Responder_Status	Responder	0.00856823016559128	0.48795352889826	0.986114778832728	0.997811439473202	sample_2022120210011
HROV.vOTU61603	Responder_Status	Responder	-0.025576664765127	1.42153481340159	0.985772604697573	0.997811439473202	sample_2022120210011
HROV.vOTU59318	Responder_Status	Responder	-0.007992373651571	0.475530625994232	0.986709559803573	0.997970136998316	sample_2022120210011
HROV.vOTU57553	Responder_Status	Responder	0.0148537041991293	0.975201084125064	0.987955564257961	0.997970136998316	sample_2022120210011
HROV.vOTU71313	Responder_Status	Responder	0.0142232338037973	0.843914247760163	0.98667270561394	0.997970136998316	sample_2022120210011
HROV.vOTU53048	Responder_Status	Responder	-0.00507863599989045	0.358979456963274	0.988812688227398	0.997970136998316	sample_2022120210011
HROV.vOTU34913	Responder_Status	Responder	0.0084324133091706	0.506283060699195	0.986829539889021	0.997970136998316	sample_2022120210011
HROV.vOTU03059	Responder_Status	Responder	0.0169264696221613	1.02007701146594	0.986878724928977	0.997970136998316	sample_2022120210011
HROV.vOTU30080	Responder_Status	Responder	-0.00700073338947004	0.442551785770688	0.987490961281815	0.997970136998316	sample_2022120210011
HROV.vOTU07216	Responder_Status	Responder	-0.0125989549551757	0.842906355697292	0.988180429336029	0.997970136998316	sample_2022120210011
HROV.vOTU60277	Responder_Status	Responder	0.00425468341449051	0.272451097017957	0.987651231111387	0.997970136998316	sample_2022120210011
HROV.vOTU18825	Responder_Status	Responder	0.0115710473266868	0.86005820240655	0.989361154211284	0.9979732281708	sample_2022120210011
HROV.vOTU43081	Responder_Status	Responder	-0.00568551848340969	0.424840078694443	0.989417350215586	0.9979732281708	sample_2022120210011
HROV.vOTU14957	Responder_Status	Responder	0.0103416063943165	0.796925341274752	0.989738260204172	0.998178297696102	sample_2022120210011
HROV.vOTU19754	Responder_Status	Responder	0.00878452834691387	0.712387815341644	0.990248895245181	0.998252734937026	sample_2022120210011
HROV.vOTU34489	Responder_Status	Responder	-0.00585087511419427	0.524606914559763	0.991180565317078	0.998252734937026	sample_2022120210011
HROV.vOTU61668	Responder_Status	Responder	0.00954403670663834	0.904268214068646	0.991653781695089	0.998252734937026	sample_2022120210011
HROV.vOTU42535	Responder_Status	Responder	-0.0129699178264579	1.07730568206572	0.990479699352694	0.998252734937026	sample_2022120210011
HROV.vOTU01273	Responder_Status	Responder	-0.0126347452330569	1.08846603681636	0.990820801513513	0.998252734937026	sample_2022120210011
HROV.vOTU71805	Responder_Status	Responder	0.0123218937579438	1.03292118656309	0.990566717043367	0.998252734937026	sample_2022120210011
HROV.vOTU03278	Responder_Status	Responder	0.00261843914156889	0.24732117235908	0.991627868518072	0.998252734937026	sample_2022120210011
HROV.vOTU65619	Responder_Status	Responder	0.0153173124106694	1.36396823060732	0.991119608418999	0.998252734937026	sample_2022120210011
HROV.vOTU55195	Responder_Status	Responder	-0.00500311697930236	0.448040731514915	0.991169667294183	0.998252734937026	sample_2022120210011
HROV.vOTU38448	Responder_Status	Responder	0.00883537592479857	0.749468013921618	0.990677663688163	0.998252734937026	sample_2022120210011
HROV.vOTU27473	Responder_Status	Responder	0.00312847260906017	0.267706029296743	0.99075882442395	0.998252734937026	sample_2022120210011
HROV.vOTU46243	Responder_Status	Responder	0.00823796996108578	0.815137972802558	0.99200819870079	0.998290981239458	sample_2022120210011
HROV.vOTU27520	Responder_Status	Responder	-0.0113280904438731	1.15318299254806	0.992231905499318	0.998336124372012	sample_2022120210011
HROV.vOTU07463	Responder_Status	Responder	-0.0120006585100128	1.27237378392921	0.992541578008103	0.998384517133359	sample_2022120210011
HROV.vOTU48171	Responder_Status	Responder	0.0112997317708127	1.47849943558562	0.993956258957533	0.998809319398267	sample_2022120210011
HROV.vOTU20224	Responder_Status	Responder	-0.00192730053511281	0.244145132945929	0.993757479825951	0.998809319398267	sample_2022120210011
HROV.vOTU39185	Responder_Status	Responder	-0.00718286615233267	0.920323729013746	0.993828143174824	0.998809319398267	sample_2022120210011
HROV.vOTU40104	Responder_Status	Responder	0.00443687493478919	0.566725477894959	0.993808967126188	0.998809319398267	sample_2022120210011
HROV.vOTU24582	Responder_Status	Responder	0.00766115510863908	1.03117504677614	0.994124822697841	0.998881595142303	sample_2022120210011
HROV.vOTU22511	Responder_Status	Responder	0.00953912184660716	1.28523742158696	0.994130729040017	0.998881595142303	sample_2022120210011
HROV.vOTU69467	Responder_Status	Responder	-0.00427341266952854	0.636118741999341	0.994687529716306	0.999007041304942	sample_2022120210011
HROV.vOTU62225	Responder_Status	Responder	-0.00533907552370337	0.91443965960442	0.995382874169603	0.999106468397146	sample_2022120210011
HROV.vOTU31171	Responder_Status	Responder	-0.00618798787323456	1.02927357972955	0.995245781097064	0.999106468397146	sample_2022120210011
HROV.vOTU16677	Responder_Status	Responder	-0.00535375231635277	0.922476640558007	0.995410518454	0.999106468397146	sample_2022120210011
HROV.vOTU56464	Responder_Status	Responder	-0.00456284560743115	0.855458323037143	0.995782082895125	0.999238492766814	sample_2022120210011
HROV.vOTU07483	Responder_Status	Responder	0.00205240048690594	0.702963068722929	0.997691168622467	0.999983287276933	sample_2022120210011
HROV.vOTU24222	Responder_Status	Responder	0.000195830145542519	0.923030816769109	0.999832225251015	0.999983287276933	sample_2022120210011
HROV.vOTU28517	Responder_Status	Responder	0.000354273017520887	0.678452360172768	0.999587064753931	0.999983287276933	sample_2022120210011
HROV.vOTU52432	Responder_Status	Responder	0.00255426851126795	0.890914678757809	0.997732783079735	0.999983287276933	sample_2022120210011
HROV.vOTU34340	Responder_Status	Responder	-0.000785506718653456	0.298697901635763	0.99792039683775	0.999983287276933	sample_2022120210011
HROV.vOTU02036	Responder_Status	Responder	0.000455724088424564	0.43509902197126	0.999171720236479	0.999983287276933	sample_2022120210011
HROV.vOTU04911	Responder_Status	Responder	0.00173827578810103	0.986775481808083	0.998606960748875	0.999983287276933	sample_2022120210011
HROV.vOTU58937	Responder_Status	Responder	0.000339925824188942	0.439341459988984	0.999388149695259	0.999983287276933	sample_2022120210011
HROV.vOTU52324	Responder_Status	Responder	-0.00131459141974185	0.409316012915662	0.997460229115365	0.999983287276933	sample_2022120210011
