feature	metadata	value	coef	stderr	pval	qval	holdout
HROV.vOTU20811	Responder_Status	Responder	3.82874260984904	0.750307759612182	2.09329568625471e-05	0.0292503183892659	sample_2022120210001
HROV.vOTU03764	Responder_Status	Responder	-2.66811946252419	0.562426198946442	5.58479462133996e-05	0.0616091027701503	sample_2022120210001
HROV.vOTU35149	Responder_Status	Responder	-1.14984067120727	0.250924840293952	8.67989404124545e-05	0.0791002517845672	sample_2022120210001
HROV.vOTU75944	Responder_Status	Responder	-1.70955835230677	0.397334181895314	0.000185802973272846	0.119780148728702	sample_2022120210001
HROV.vOTU07618	Responder_Status	Responder	-3.70577115908593	0.876862577478375	0.000228504589010634	0.133040449601747	sample_2022120210001
HROV.vOTU72475	Responder_Status	Responder	-2.63468989355066	0.628822859043614	0.000252057942570813	0.139029854639059	sample_2022120210001
HROV.vOTU41492	Responder_Status	Responder	2.88151020527534	0.712663288677127	0.000374108449050053	0.182356118420677	sample_2022120210001
HROV.vOTU66954	Responder_Status	Responder	-2.5009207343612	0.643865953212031	0.000572672524640562	0.224790724137994	sample_2022120210001
HROV.vOTU50963	Responder_Status	Responder	-2.43404796067204	0.666996790471865	0.00106698697281486	0.283764684722749	sample_2022120210001
HROV.vOTU46906	Responder_Status	Responder	-3.70362190249182	1.01780142930235	0.00109660970718238	0.283764684722749	sample_2022120210001
HROV.vOTU09867	Responder_Status	Responder	-0.790144925349834	0.215963171203469	0.00104083076080809	0.283764684722749	sample_2022120210001
HROV.vOTU26732	Responder_Status	Responder	-3.40694037502817	0.966605630237036	0.00147851926612366	0.31302791735305	sample_2022120210001
HROV.vOTU45175	Responder_Status	Responder	2.64841753961171	0.758648577087927	0.00161392718590025	0.313221424226566	sample_2022120210001
HROV.vOTU01981	Responder_Status	Responder	2.55571104999243	0.731183014416442	0.00159581517608099	0.313221424226566	sample_2022120210001
HROV.vOTU63613	Responder_Status	Responder	2.29561114841515	0.660624514180045	0.00168265075899912	0.320621453714741	sample_2022120210001
HROV.vOTU64653	Responder_Status	Responder	-1.76106994896041	0.510564859850899	0.00179836523629015	0.333063726720442	sample_2022120210001
HROV.vOTU66335	Responder_Status	Responder	-3.60227988036103	1.06234355594345	0.00209111847134713	0.336317461954677	sample_2022120210001
HROV.vOTU45963	Responder_Status	Responder	-1.83627781034817	0.555739212793754	0.00261220100233861	0.336317461954677	sample_2022120210001
HROV.vOTU26034	Responder_Status	Responder	3.43264687662527	1.04033849472921	0.00264350175095518	0.336317461954677	sample_2022120210001
HROV.vOTU08997	Responder_Status	Responder	-2.29593142823933	0.692326140171072	0.00253290741932257	0.336317461954677	sample_2022120210001
HROV.vOTU70612	Responder_Status	Responder	-1.40874032328521	0.419617501766882	0.00228042965608958	0.336317461954677	sample_2022120210001
HROV.vOTU57623	Responder_Status	Responder	2.11983241468245	0.643933489423369	0.0026949366415809	0.340157239353137	sample_2022120210001
HROV.vOTU29861	Responder_Status	Responder	-2.55160327867845	0.778544571295377	0.00279726971522928	0.340876588553522	sample_2022120210001
HROV.vOTU43771	Responder_Status	Responder	2.6802309936591	0.82064662222483	0.00287976204766834	0.341841266347753	sample_2022120210001
HROV.vOTU03523	Responder_Status	Responder	2.85241122525797	0.892659802358715	0.00344492746554124	0.358892169643428	sample_2022120210001
HROV.vOTU28638	Responder_Status	Responder	-2.42260081038862	0.764845723097023	0.00369707986563386	0.360935634094161	sample_2022120210001
HROV.vOTU23447	Responder_Status	Responder	-2.73646381729391	0.867549634322098	0.0038220608226148	0.364206852607068	sample_2022120210001
HROV.vOTU13191	Responder_Status	Responder	2.6732955710621	0.854650298034281	0.00408342606692085	0.364206852607068	sample_2022120210001
HROV.vOTU38705	Responder_Status	Responder	2.42902908072889	0.77383362254509	0.0039719672431534	0.364206852607068	sample_2022120210001
HROV.vOTU09864	Responder_Status	Responder	-1.78555001315446	0.567471200323351	0.00389727173466485	0.364206852607068	sample_2022120210001
HROV.vOTU30890	Responder_Status	Responder	-2.46397216751194	0.792187458087115	0.00426776867778276	0.366343971473934	sample_2022120210001
HROV.vOTU32053	Responder_Status	Responder	-1.78436779682718	0.578605833945689	0.00455958972328	0.370422482945538	sample_2022120210001
HROV.vOTU71115	Responder_Status	Responder	-3.1263007142607	1.02988820554456	0.00514318286746463	0.378898921860914	sample_2022120210001
HROV.vOTU01467	Responder_Status	Responder	1.72672181428552	0.568512114044267	0.0051216056980846	0.378898921860914	sample_2022120210001
HROV.vOTU60687	Responder_Status	Responder	2.53945289827452	0.833973734232176	0.00502400554406445	0.378898921860914	sample_2022120210001
HROV.vOTU51288	Responder_Status	Responder	2.05080209153937	0.675743499069819	0.00515201301194469	0.378898921860914	sample_2022120210001
HROV.vOTU01892	Responder_Status	Responder	-3.97226553585801	1.31604692306439	0.00536806267926845	0.385323951224201	sample_2022120210001
HROV.vOTU39537	Responder_Status	Responder	-1.68030279857771	0.557316715910546	0.00541274724921217	0.387205400489717	sample_2022120210001
HROV.vOTU74082	Responder_Status	Responder	-3.31065278558152	1.11332865711053	0.00599511650929174	0.388687723902448	sample_2022120210001
HROV.vOTU64982	Responder_Status	Responder	-2.95639250279697	0.990607450646881	0.00583787437879935	0.388687723902448	sample_2022120210001
HROV.vOTU13507	Responder_Status	Responder	-1.86538834191986	0.628210833413915	0.00605879686833052	0.388687723902448	sample_2022120210001
HROV.vOTU47360	Responder_Status	Responder	-1.76479466506167	0.598713490291761	0.0063915280969208	0.388687723902448	sample_2022120210001
HROV.vOTU65727	Responder_Status	Responder	2.46110565146926	0.829179693001601	0.00607742571119537	0.388687723902448	sample_2022120210001
HROV.vOTU71826	Responder_Status	Responder	-2.04307291425299	0.679081428940469	0.00549931347776919	0.388687723902448	sample_2022120210001
HROV.vOTU61707	Responder_Status	Responder	-2.28379640700676	0.770575879713236	0.00614317895851615	0.388687723902448	sample_2022120210001
HROV.vOTU74504	Responder_Status	Responder	-0.77211724264536	0.257980210213705	0.00571644458205467	0.388687723902448	sample_2022120210001
HROV.vOTU64497	Responder_Status	Responder	-1.49541298699912	0.507510626631271	0.00640851300269681	0.388687723902448	sample_2022120210001
HROV.vOTU44351	Responder_Status	Responder	-1.21688658292913	0.414665233913735	0.00659920260531697	0.394590623699737	sample_2022120210001
HROV.vOTU14455	Responder_Status	Responder	2.18687097207608	0.748841044803447	0.00683436413745401	0.398033533131283	sample_2022120210001
HROV.vOTU10654	Responder_Status	Responder	2.45653848537603	0.84384860488733	0.00699048653608124	0.402529114824898	sample_2022120210001
HROV.vOTU21781	Responder_Status	Responder	-1.46113683371963	0.503360910673179	0.00713467667699288	0.406006928464024	sample_2022120210001
HROV.vOTU20963	Responder_Status	Responder	-3.04283344146611	1.05946115715222	0.00768936818359074	0.413254249046313	sample_2022120210001
HROV.vOTU06026	Responder_Status	Responder	2.37910720586969	0.826544252215323	0.00757194838208062	0.413254249046313	sample_2022120210001
HROV.vOTU43248	Responder_Status	Responder	-2.14296036833483	0.745303855490538	0.00762921682347816	0.413254249046313	sample_2022120210001
HROV.vOTU56571	Responder_Status	Responder	2.31904221401504	0.810554109258509	0.00789781188956405	0.414689641888309	sample_2022120210001
HROV.vOTU34455	Responder_Status	Responder	-1.83920355960163	0.643859158687991	0.00798513781279557	0.41633952377163	sample_2022120210001
HROV.vOTU15831	Responder_Status	Responder	1.91043279613035	0.671013384895041	0.00817027089214179	0.419263768850417	sample_2022120210001
HROV.vOTU40209	Responder_Status	Responder	1.84042434635055	0.64677839458354	0.00820124738686407	0.419263768850417	sample_2022120210001
HROV.vOTU59503	Responder_Status	Responder	-2.23215419030207	0.785199450360977	0.00825588583541263	0.420653877591514	sample_2022120210001
HROV.vOTU09958	Responder_Status	Responder	-2.71408763306931	0.955664078866051	0.00831178055159184	0.420653877591514	sample_2022120210001
HROV.vOTU08745	Responder_Status	Responder	2.44758237270288	0.863178738572523	0.00840198017608398	0.420653877591514	sample_2022120210001
HROV.vOTU08062	Responder_Status	Responder	2.59302149635145	0.915056378647624	0.00843901195209075	0.420653877591514	sample_2022120210001
HROV.vOTU50435	Responder_Status	Responder	2.18977484789911	0.776178825611264	0.00869811435420099	0.424776738768076	sample_2022120210001
HROV.vOTU19048	Responder_Status	Responder	2.44238483267956	0.874874737177444	0.00934001324441969	0.424776738768076	sample_2022120210001
HROV.vOTU12418	Responder_Status	Responder	2.62287697321837	0.940437786648928	0.00940089861378146	0.424776738768076	sample_2022120210001
HROV.vOTU18970	Responder_Status	Responder	2.82333251105968	1.01032339824331	0.00927756750089224	0.424776738768076	sample_2022120210001
HROV.vOTU36826	Responder_Status	Responder	2.38265226273276	0.848928301010679	0.0090093789251541	0.424776738768076	sample_2022120210001
HROV.vOTU44485	Responder_Status	Responder	2.288658539275	0.820931696232174	0.00942617342189748	0.424776738768076	sample_2022120210001
HROV.vOTU69623	Responder_Status	Responder	2.9630788811926	1.06279531164516	0.00942332082843668	0.424776738768076	sample_2022120210001
HROV.vOTU59107	Responder_Status	Responder	2.04065495245575	0.73216397610837	0.00944259306943155	0.424776738768076	sample_2022120210001
HROV.vOTU15781	Responder_Status	Responder	-2.27344398997409	0.811276091550894	0.00910441335940953	0.424776738768076	sample_2022120210001
HROV.vOTU49726	Responder_Status	Responder	-0.419224647650851	0.14964776950862	0.00912411189385136	0.424776738768076	sample_2022120210001
HROV.vOTU56246	Responder_Status	Responder	-0.877067804229964	0.314883848916475	0.00948323568680815	0.424776738768076	sample_2022120210001
HROV.vOTU08478	Responder_Status	Responder	-1.73459195951997	0.614175950603634	0.00863455843349776	0.424776738768076	sample_2022120210001
HROV.vOTU62944	Responder_Status	Responder	2.8372924711898	1.01905396929118	0.00950897705702021	0.424913194233739	sample_2022120210001
HROV.vOTU43253	Responder_Status	Responder	-3.07933184875948	1.10804340171691	0.00962783717099313	0.427956273582324	sample_2022120210001
HROV.vOTU26508	Responder_Status	Responder	2.44695915375582	0.901418944514976	0.01123300301109	0.460776676191084	sample_2022120210001
HROV.vOTU74507	Responder_Status	Responder	-2.02014033558988	0.746506928957572	0.0114606485407119	0.462911675658706	sample_2022120210001
HROV.vOTU02469	Responder_Status	Responder	1.86330136431583	0.689689951062368	0.0115830500497801	0.463322001991202	sample_2022120210001
HROV.vOTU27505	Responder_Status	Responder	3.86851810096439	1.43416613053029	0.0117005248033427	0.464609148552206	sample_2022120210001
HROV.vOTU18437	Responder_Status	Responder	-1.73105988605106	0.647043382926168	0.0123281186591792	0.468468437895291	sample_2022120210001
HROV.vOTU52833	Responder_Status	Responder	-0.916134966890319	0.342122427094317	0.0122565972097925	0.468468437895291	sample_2022120210001
HROV.vOTU61744	Responder_Status	Responder	-1.57592988593218	0.593297706641196	0.0128972439512394	0.469808081479571	sample_2022120210001
HROV.vOTU38195	Responder_Status	Responder	-3.0786766134547	1.15318826038476	0.012493232514138	0.469808081479571	sample_2022120210001
HROV.vOTU66454	Responder_Status	Responder	-1.43233962467839	0.539297135886691	0.0129058605450128	0.469808081479571	sample_2022120210001
HROV.vOTU19010	Responder_Status	Responder	-2.79826083693445	1.05706631610876	0.0131743791478917	0.471220114231756	sample_2022120210001
HROV.vOTU23159	Responder_Status	Responder	2.55641157976273	0.968630087640201	0.0134243895851572	0.475385177710574	sample_2022120210001
HROV.vOTU43762	Responder_Status	Responder	3.46611583196723	1.31335880684955	0.013426909599459	0.475385177710574	sample_2022120210001
HROV.vOTU15473	Responder_Status	Responder	2.5328090349224	0.961682946313563	0.0135982841035176	0.47573674593419	sample_2022120210001
HROV.vOTU50610	Responder_Status	Responder	2.99976429952747	1.13922330313772	0.0136161621332193	0.47573674593419	sample_2022120210001
HROV.vOTU01795	Responder_Status	Responder	-2.35914411529509	0.90032921832193	0.0140329954152824	0.48041449058768	sample_2022120210001
HROV.vOTU09923	Responder_Status	Responder	-2.67358275881346	1.02053434701789	0.0140502902065958	0.48041449058768	sample_2022120210001
HROV.vOTU48360	Responder_Status	Responder	2.44491915619989	0.93223883019415	0.0139569236060313	0.48041449058768	sample_2022120210001
HROV.vOTU73077	Responder_Status	Responder	-2.32727698292655	0.888004626710457	0.0140171845216336	0.48041449058768	sample_2022120210001
HROV.vOTU73170	Responder_Status	Responder	-1.46913335953377	0.560561796324753	0.0140162174075627	0.48041449058768	sample_2022120210001
HROV.vOTU16744	Responder_Status	Responder	3.12187382333371	1.1920215756986	0.014077077332038	0.480546483517127	sample_2022120210001
HROV.vOTU32200	Responder_Status	Responder	-0.844958158445555	0.32279527615093	0.0141215244688035	0.480881429623344	sample_2022120210001
HROV.vOTU66152	Responder_Status	Responder	-1.04448154002241	0.409280242838536	0.0164545740480908	0.480993156570303	sample_2022120210001
HROV.vOTU22200	Responder_Status	Responder	-1.89492700364946	0.742187221786279	0.0164100373161438	0.480993156570303	sample_2022120210001
HROV.vOTU53817	Responder_Status	Responder	-1.99861010926838	0.780904901595391	0.0161763776674268	0.480993156570303	sample_2022120210001
HROV.vOTU02903	Responder_Status	Responder	2.27962024619018	0.877032163674073	0.0147420119056579	0.480993156570303	sample_2022120210001
HROV.vOTU02712	Responder_Status	Responder	2.26160948413459	0.869914964968058	0.0147226879002916	0.480993156570303	sample_2022120210001
HROV.vOTU00893	Responder_Status	Responder	2.24290959754451	0.859211638787353	0.0143616137054567	0.480993156570303	sample_2022120210001
HROV.vOTU04023	Responder_Status	Responder	2.38340193659853	0.932057390344651	0.0162595295340054	0.480993156570303	sample_2022120210001
HROV.vOTU57091	Responder_Status	Responder	1.77382651957014	0.678356420549706	0.0142124315757671	0.480993156570303	sample_2022120210001
HROV.vOTU00162	Responder_Status	Responder	2.17106725579242	0.846063992715548	0.0159257423241346	0.480993156570303	sample_2022120210001
HROV.vOTU03230	Responder_Status	Responder	2.20190130799337	0.84903921427218	0.0149443511676371	0.480993156570303	sample_2022120210001
HROV.vOTU20008	Responder_Status	Responder	2.21046601199922	0.859313454284709	0.0156949082085575	0.480993156570303	sample_2022120210001
HROV.vOTU00884	Responder_Status	Responder	-1.34317099620812	0.514518752019585	0.0143578817031963	0.480993156570303	sample_2022120210001
HROV.vOTU21345	Responder_Status	Responder	-2.95441523633344	1.13887816962436	0.0149185161388648	0.480993156570303	sample_2022120210001
HROV.vOTU41116	Responder_Status	Responder	-2.76131397076767	1.06707562953505	0.0151430447936707	0.480993156570303	sample_2022120210001
HROV.vOTU07961	Responder_Status	Responder	-1.17520083925076	0.457819029663605	0.0158933838932667	0.480993156570303	sample_2022120210001
HROV.vOTU56294	Responder_Status	Responder	-1.95683899608156	0.760637201934022	0.0156851198263367	0.480993156570303	sample_2022120210001
HROV.vOTU04694	Responder_Status	Responder	-1.50951760014818	0.582477017215821	0.0150091504302933	0.480993156570303	sample_2022120210001
HROV.vOTU24359	Responder_Status	Responder	-1.08825450687049	0.421294760792376	0.0153069561633144	0.480993156570303	sample_2022120210001
HROV.vOTU07359	Responder_Status	Responder	2.39552519469697	0.944598168522265	0.017073908216165	0.486423289307246	sample_2022120210001
HROV.vOTU25214	Responder_Status	Responder	-1.13004796854379	0.446599837632731	0.0172996846010419	0.491329795715227	sample_2022120210001
HROV.vOTU02014	Responder_Status	Responder	2.77693536621327	1.10104786217023	0.0176321105938239	0.495120073677457	sample_2022120210001
HROV.vOTU45866	Responder_Status	Responder	-2.48406133140707	0.987781512268852	0.0179309045117587	0.499776274689446	sample_2022120210001
HROV.vOTU01179	Responder_Status	Responder	2.40286361768494	0.955786678297092	0.0179627759815808	0.499991361973297	sample_2022120210001
HROV.vOTU11726	Responder_Status	Responder	2.65279004618387	1.05699634359864	0.0181402170594649	0.500288091534716	sample_2022120210001
HROV.vOTU06547	Responder_Status	Responder	-2.15117266405061	0.857584557298331	0.0181959878812669	0.500509062980779	sample_2022120210001
HROV.vOTU06347	Responder_Status	Responder	-2.45560292943489	0.986967790587873	0.0190673075951132	0.501628004631476	sample_2022120210001
HROV.vOTU23255	Responder_Status	Responder	2.63525866097159	1.05643336694182	0.0187871055332655	0.501628004631476	sample_2022120210001
HROV.vOTU21008	Responder_Status	Responder	-1.46882500327952	0.589875731931559	0.0189787891277298	0.501628004631476	sample_2022120210001
HROV.vOTU71197	Responder_Status	Responder	-1.30980401818556	0.525850422559594	0.0189452562589418	0.501628004631476	sample_2022120210001
HROV.vOTU71552	Responder_Status	Responder	-1.12341749171474	0.451421250579932	0.0190412922997126	0.501628004631476	sample_2022120210001
HROV.vOTU28648	Responder_Status	Responder	3.07662038908512	1.2365467005486	0.0190652488263648	0.501628004631476	sample_2022120210001
HROV.vOTU18154	Responder_Status	Responder	3.73423913653026	1.49656668599174	0.0187562111432084	0.501628004631476	sample_2022120210001
HROV.vOTU13757	Responder_Status	Responder	-1.03207293110739	0.41553022856972	0.0192550128997379	0.501731468372174	sample_2022120210001
HROV.vOTU72708	Responder_Status	Responder	-1.65736784657445	0.668041814339075	0.0193794527240413	0.503337458607071	sample_2022120210001
HROV.vOTU09477	Responder_Status	Responder	-0.348159500507499	0.14055525484839	0.0195532950401318	0.50541178239553	sample_2022120210001
HROV.vOTU56634	Responder_Status	Responder	-3.12984640955	1.26758631485053	0.0199089728817415	0.507654588322751	sample_2022120210001
HROV.vOTU00880	Responder_Status	Responder	-2.23146445396023	0.905750675745065	0.0201592782527389	0.508202734400969	sample_2022120210001
HROV.vOTU16270	Responder_Status	Responder	-2.67890306141941	1.09410285224213	0.0208679297200456	0.513044279333769	sample_2022120210001
HROV.vOTU29848	Responder_Status	Responder	2.33689585623925	0.953254172695651	0.0207259980569252	0.513044279333769	sample_2022120210001
HROV.vOTU71326	Responder_Status	Responder	2.14040686359647	0.872992270428786	0.0207112818819209	0.513044279333769	sample_2022120210001
HROV.vOTU39998	Responder_Status	Responder	2.46651186846108	1.00738622056742	0.0208710456565172	0.513044279333769	sample_2022120210001
HROV.vOTU28343	Responder_Status	Responder	-2.70176079391475	1.10515038197506	0.0210486648130526	0.513082922536922	sample_2022120210001
HROV.vOTU06274	Responder_Status	Responder	1.28275671222809	0.528380717201839	0.0218757907500456	0.515766675051693	sample_2022120210001
HROV.vOTU75024	Responder_Status	Responder	2.41674098245542	0.996893399918715	0.022046916545391	0.518053106268381	sample_2022120210001
HROV.vOTU02740	Responder_Status	Responder	-1.20147006473668	0.499490192013066	0.0230079249107998	0.520337153924778	sample_2022120210001
HROV.vOTU04606	Responder_Status	Responder	1.86179978243131	0.779735992610068	0.0239415021414557	0.520337153924778	sample_2022120210001
HROV.vOTU24797	Responder_Status	Responder	1.99546800549642	0.840421085434468	0.0246707809596919	0.520337153924778	sample_2022120210001
HROV.vOTU36861	Responder_Status	Responder	-1.85949597104496	0.779853798920331	0.0241205336811043	0.520337153924778	sample_2022120210001
HROV.vOTU73443	Responder_Status	Responder	1.98940012572636	0.839427061823895	0.0249162375909568	0.520337153924778	sample_2022120210001
HROV.vOTU24280	Responder_Status	Responder	-1.29782659704529	0.543881325553142	0.0240223515105184	0.520337153924778	sample_2022120210001
HROV.vOTU21061	Responder_Status	Responder	1.82879662633778	0.765727219255268	0.0239101684148883	0.520337153924778	sample_2022120210001
HROV.vOTU03454	Responder_Status	Responder	-2.30224554712486	0.969688131041592	0.0246793314145557	0.520337153924778	sample_2022120210001
HROV.vOTU23520	Responder_Status	Responder	2.12325850099114	0.896971743936565	0.0250734983522913	0.520337153924778	sample_2022120210001
HROV.vOTU00231	Responder_Status	Responder	1.98532389811244	0.838587655893361	0.0250555104736778	0.520337153924778	sample_2022120210001
HROV.vOTU20487	Responder_Status	Responder	2.38825615770799	0.988036242608454	0.0224037994075885	0.520337153924778	sample_2022120210001
HROV.vOTU06856	Responder_Status	Responder	2.86957208175565	1.20872934151818	0.02468885864289	0.520337153924778	sample_2022120210001
HROV.vOTU01904	Responder_Status	Responder	2.5533739830779	1.05692875292194	0.0224713420465533	0.520337153924778	sample_2022120210001
HROV.vOTU11025	Responder_Status	Responder	3.05425176023267	1.27629501053858	0.0236561805964215	0.520337153924778	sample_2022120210001
HROV.vOTU67091	Responder_Status	Responder	1.53782249705311	0.64947033136867	0.0250359447035253	0.520337153924778	sample_2022120210001
HROV.vOTU33117	Responder_Status	Responder	1.36489735923223	0.572656263425537	0.0241729626761763	0.520337153924778	sample_2022120210001
HROV.vOTU20363	Responder_Status	Responder	-1.07918038914549	0.454024233982126	0.0245297755511363	0.520337153924778	sample_2022120210001
HROV.vOTU10784	Responder_Status	Responder	-1.07344396737153	0.448327313162286	0.0235886556358015	0.520337153924778	sample_2022120210001
HROV.vOTU38546	Responder_Status	Responder	-0.682987584121205	0.288246051716121	0.0249435836278844	0.520337153924778	sample_2022120210001
HROV.vOTU13358	Responder_Status	Responder	1.56593760047867	0.652989810797146	0.0233890752126029	0.520337153924778	sample_2022120210001
HROV.vOTU12145	Responder_Status	Responder	-1.76741916291421	0.743932432082879	0.0245927666846232	0.520337153924778	sample_2022120210001
HROV.vOTU59956	Responder_Status	Responder	-1.15926381877871	0.488283371624447	0.0246821192924212	0.520337153924778	sample_2022120210001
HROV.vOTU03095	Responder_Status	Responder	-1.36786620770695	0.578495399588359	0.0252208206105111	0.520595683807356	sample_2022120210001
HROV.vOTU05922	Responder_Status	Responder	1.99284542889336	0.844348367339766	0.025464992894036	0.520595683807356	sample_2022120210001
HROV.vOTU23684	Responder_Status	Responder	2.11979957271905	0.897605012935338	0.0253853698809584	0.520595683807356	sample_2022120210001
HROV.vOTU20073	Responder_Status	Responder	-1.72817853516703	0.732716625288974	0.0255577639814786	0.521607335006613	sample_2022120210001
HROV.vOTU75483	Responder_Status	Responder	-2.93357894282145	1.24613514574252	0.0258130843501117	0.521737944048546	sample_2022120210001
HROV.vOTU51082	Responder_Status	Responder	1.8433947273212	0.78279266818449	0.0257696850143915	0.521737944048546	sample_2022120210001
HROV.vOTU39739	Responder_Status	Responder	-1.02652592590725	0.43547568310026	0.0256343450102342	0.521737944048546	sample_2022120210001
HROV.vOTU02985	Responder_Status	Responder	1.60838648205873	0.685219747324713	0.0262128386206627	0.52176742401623	sample_2022120210001
HROV.vOTU01482	Responder_Status	Responder	1.80414666460759	0.76934697151248	0.0263429275497933	0.522670941124101	sample_2022120210001
HROV.vOTU23606	Responder_Status	Responder	-2.46074599178299	1.05108946932816	0.0265727597216978	0.523415796251505	sample_2022120210001
HROV.vOTU00682	Responder_Status	Responder	1.76898040374253	0.759319892252149	0.0272583446049589	0.528595308386842	sample_2022120210001
HROV.vOTU70488	Responder_Status	Responder	-1.42535751345748	0.612459417023519	0.0274054427534223	0.529925126605163	sample_2022120210001
HROV.vOTU28082	Responder_Status	Responder	-0.625557344090431	0.269244813627971	0.0276432633692995	0.531096328039095	sample_2022120210001
HROV.vOTU36129	Responder_Status	Responder	2.38432062912382	1.02623839967078	0.0276443747085235	0.531096328039095	sample_2022120210001
HROV.vOTU06486	Responder_Status	Responder	-1.62904029214361	0.701690326754778	0.027752877231105	0.531477767299791	sample_2022120210001
HROV.vOTU55030	Responder_Status	Responder	1.94838041657383	0.839429833288028	0.0277848161670903	0.531477767299791	sample_2022120210001
HROV.vOTU39112	Responder_Status	Responder	-2.32403854357269	1.00885083410926	0.028878169136133	0.53408394103333	sample_2022120210001
HROV.vOTU70504	Responder_Status	Responder	-0.777811141615072	0.337355973221484	0.0287532664522999	0.53408394103333	sample_2022120210001
HROV.vOTU10197	Responder_Status	Responder	1.59213737465542	0.692663935037079	0.0292040382250434	0.53408394103333	sample_2022120210001
HROV.vOTU40255	Responder_Status	Responder	-0.562692293462924	0.244343123571493	0.0289274814486296	0.53408394103333	sample_2022120210001
HROV.vOTU01761	Responder_Status	Responder	2.0684936921851	0.897459590619623	0.028802742943869	0.53408394103333	sample_2022120210001
HROV.vOTU06193	Responder_Status	Responder	2.5090856279975	1.08565137564263	0.0284038914543016	0.53408394103333	sample_2022120210001
HROV.vOTU03695	Responder_Status	Responder	1.91702099347118	0.833219561147967	0.0290645028096126	0.53408394103333	sample_2022120210001
HROV.vOTU03452	Responder_Status	Responder	1.48594385279683	0.643219289702548	0.0284647696793632	0.53408394103333	sample_2022120210001
HROV.vOTU28137	Responder_Status	Responder	-1.70241352152421	0.737964440794859	0.028671016677354	0.53408394103333	sample_2022120210001
HROV.vOTU39268	Responder_Status	Responder	2.10559063183178	0.911591448430279	0.028488120585211	0.53408394103333	sample_2022120210001
HROV.vOTU02836	Responder_Status	Responder	2.27770710813775	0.992451183969089	0.0294331288549409	0.535373409650838	sample_2022120210001
HROV.vOTU55031	Responder_Status	Responder	-1.11887966331433	0.488264304902172	0.029660412140538	0.536872207464348	sample_2022120210001
HROV.vOTU28315	Responder_Status	Responder	-0.816386578916441	0.356441649041358	0.0297367550723416	0.536872207464348	sample_2022120210001
HROV.vOTU06773	Responder_Status	Responder	1.89827042518679	0.8302711560189	0.0300035925912641	0.536872207464348	sample_2022120210001
HROV.vOTU16455	Responder_Status	Responder	1.56416990910585	0.684879424363415	0.0301668648011463	0.536872207464348	sample_2022120210001
HROV.vOTU48567	Responder_Status	Responder	1.39061014728466	0.609724111037557	0.0303761817415162	0.537081893037805	sample_2022120210001
HROV.vOTU33883	Responder_Status	Responder	2.6362712796523	1.15815767399161	0.0306754407181533	0.54030019953991	sample_2022120210001
HROV.vOTU16041	Responder_Status	Responder	1.71692075874394	0.754847314231639	0.0307926854724386	0.540460701664371	sample_2022120210001
HROV.vOTU22477	Responder_Status	Responder	-1.34676481350014	0.593294516800524	0.0311019984150148	0.540994096911793	sample_2022120210001
HROV.vOTU70637	Responder_Status	Responder	-0.467044294319292	0.206250659332815	0.0314814687157344	0.544432000232502	sample_2022120210001
HROV.vOTU39158	Responder_Status	Responder	-1.54026831726737	0.680491325706663	0.0315495297943657	0.544569129338703	sample_2022120210001
HROV.vOTU02505	Responder_Status	Responder	1.82740070858465	0.810633122535196	0.0321900971437342	0.54490162179702	sample_2022120210001
HROV.vOTU31854	Responder_Status	Responder	2.00274238155164	0.889545348595325	0.0323925296163687	0.54490162179702	sample_2022120210001
HROV.vOTU38878	Responder_Status	Responder	-1.05558246386536	0.468374300812369	0.0322304559217357	0.54490162179702	sample_2022120210001
HROV.vOTU47170	Responder_Status	Responder	2.20726217951054	0.978048391049063	0.0320134265376307	0.54490162179702	sample_2022120210001
HROV.vOTU19646	Responder_Status	Responder	-0.853923761876368	0.379072024346458	0.0323043426028231	0.54490162179702	sample_2022120210001
HROV.vOTU11600	Responder_Status	Responder	2.03715592106243	0.90529512771918	0.0324744608305848	0.545079898219563	sample_2022120210001
HROV.vOTU09476	Responder_Status	Responder	1.97249005631577	0.876641318206158	0.0324896204514605	0.545079898219563	sample_2022120210001
HROV.vOTU64314	Responder_Status	Responder	-0.742171344847444	0.329893762085299	0.0325127395471339	0.545079898219563	sample_2022120210001
HROV.vOTU07148	Responder_Status	Responder	2.65885552312723	1.18529091312734	0.0329790792904106	0.54779864969656	sample_2022120210001
HROV.vOTU67371	Responder_Status	Responder	-1.10202487138621	0.49128321429538	0.0329829148815391	0.54779864969656	sample_2022120210001
HROV.vOTU52875	Responder_Status	Responder	-2.31486047056816	1.03377919062591	0.0332673139341089	0.549604977938958	sample_2022120210001
HROV.vOTU01449	Responder_Status	Responder	-0.913359549094165	0.408110664555884	0.0333546420213542	0.549763927759235	sample_2022120210001
HROV.vOTU62466	Responder_Status	Responder	2.26549992381228	1.01371076718065	0.0335852703702705	0.549763927759235	sample_2022120210001
HROV.vOTU14470	Responder_Status	Responder	3.6756153382289	1.64263961027398	0.0333831611081587	0.549763927759235	sample_2022120210001
HROV.vOTU17545	Responder_Status	Responder	-0.358499207303394	0.160268642766123	0.0334387451965487	0.549763927759235	sample_2022120210001
HROV.vOTU54421	Responder_Status	Responder	1.08899734532109	0.487116686556241	0.0335311350351533	0.549763927759235	sample_2022120210001
HROV.vOTU19710	Responder_Status	Responder	-2.0822034707143	0.930694077781406	0.0334100019742116	0.549763927759235	sample_2022120210001
HROV.vOTU22120	Responder_Status	Responder	1.62630008573646	0.729188041492833	0.0339211872003291	0.552141138216136	sample_2022120210001
HROV.vOTU14113	Responder_Status	Responder	-2.16180433270857	0.970744215914148	0.0341681501893391	0.553022724300037	sample_2022120210001
HROV.vOTU32551	Responder_Status	Responder	1.81338398142817	0.814474239575152	0.0342059553629976	0.553207426241072	sample_2022120210001
HROV.vOTU00144	Responder_Status	Responder	-2.17039818260584	0.978157946921665	0.0347744966387104	0.557669050916121	sample_2022120210001
HROV.vOTU04802	Responder_Status	Responder	1.733959535022	0.783173812031727	0.0351422261901586	0.558378860139436	sample_2022120210001
HROV.vOTU50560	Responder_Status	Responder	-1.48778238628551	0.672689172923857	0.035319689581771	0.559985396092225	sample_2022120210001
HROV.vOTU04572	Responder_Status	Responder	1.69549577444184	0.768583420215465	0.0357580724835406	0.561017089322604	sample_2022120210001
HROV.vOTU44304	Responder_Status	Responder	-1.93608018588721	0.877882510313226	0.03580480461421	0.561017089322604	sample_2022120210001
HROV.vOTU46686	Responder_Status	Responder	1.81575903010247	0.822461775427959	0.0356257705177376	0.561017089322604	sample_2022120210001
HROV.vOTU26100	Responder_Status	Responder	1.70647138035074	0.773928584080235	0.0358397844753324	0.561017089322604	sample_2022120210001
HROV.vOTU18442	Responder_Status	Responder	2.34680008747263	1.06296576378988	0.0356201490939667	0.561017089322604	sample_2022120210001
HROV.vOTU49658	Responder_Status	Responder	1.73543710238998	0.789811012061749	0.0364390300936343	0.564495248161548	sample_2022120210001
HROV.vOTU38803	Responder_Status	Responder	-1.56292584467276	0.711294699658215	0.036437792111251	0.564495248161548	sample_2022120210001
HROV.vOTU71677	Responder_Status	Responder	-2.39255323476087	1.08977782517698	0.0365834952060765	0.565531764891858	sample_2022120210001
HROV.vOTU22252	Responder_Status	Responder	-2.11251389542791	0.965010467803328	0.0370877499359396	0.567744230185125	sample_2022120210001
HROV.vOTU04129	Responder_Status	Responder	1.84326605262232	0.842237759528928	0.0371338436523646	0.567744230185125	sample_2022120210001
HROV.vOTU15287	Responder_Status	Responder	-1.98562790928276	0.907793600758937	0.0372318502629721	0.568375514575306	sample_2022120210001
HROV.vOTU42956	Responder_Status	Responder	-2.39030967567925	1.09537147569055	0.0376451012763685	0.569392008833336	sample_2022120210001
HROV.vOTU60083	Responder_Status	Responder	-1.63830987445583	0.750935889221594	0.0376856820013527	0.569392008833336	sample_2022120210001
HROV.vOTU73091	Responder_Status	Responder	-1.83393166145053	0.841190645311292	0.037809978724609	0.569874689790736	sample_2022120210001
HROV.vOTU45052	Responder_Status	Responder	2.59579533125041	1.19238413225693	0.0380698845822219	0.571229034315972	sample_2022120210001
HROV.vOTU58173	Responder_Status	Responder	-0.700683144796897	0.321962104998568	0.0381263091316171	0.571621916594201	sample_2022120210001
HROV.vOTU05956	Responder_Status	Responder	1.94427032644632	0.895514865828813	0.0385525406084216	0.572288054416812	sample_2022120210001
HROV.vOTU33624	Responder_Status	Responder	2.2837438801369	1.05091126849981	0.0383881539762196	0.572288054416812	sample_2022120210001
HROV.vOTU06779	Responder_Status	Responder	-0.983836699838029	0.452998913284702	0.0384937569631085	0.572288054416812	sample_2022120210001
HROV.vOTU00482	Responder_Status	Responder	1.80114444348005	0.833090234833465	0.0393144125549331	0.573486795098417	sample_2022120210001
HROV.vOTU64237	Responder_Status	Responder	1.71601588382742	0.793944863043285	0.0393671255039606	0.573486795098417	sample_2022120210001
HROV.vOTU09406	Responder_Status	Responder	2.00123119100361	0.927606769146397	0.0397031574944046	0.573486795098417	sample_2022120210001
HROV.vOTU58042	Responder_Status	Responder	1.75766221250886	0.813173451861818	0.0393581934182865	0.573486795098417	sample_2022120210001
HROV.vOTU08820	Responder_Status	Responder	-2.53427016524363	1.17516894867024	0.0397795772880772	0.573486795098417	sample_2022120210001
HROV.vOTU23315	Responder_Status	Responder	-1.58704733777445	0.734265968096676	0.0393648064105079	0.573486795098417	sample_2022120210001
HROV.vOTU08968	Responder_Status	Responder	-1.49796274739218	0.694454061647789	0.0397352196295363	0.573486795098417	sample_2022120210001
HROV.vOTU14922	Responder_Status	Responder	-0.844872027724788	0.390309364300574	0.0390942940574227	0.573486795098417	sample_2022120210001
HROV.vOTU45018	Responder_Status	Responder	1.52968763134956	0.706265713512918	0.0389887477872503	0.573486795098417	sample_2022120210001
HROV.vOTU18266	Responder_Status	Responder	1.07688154847172	0.498910336336471	0.039613618874482	0.573486795098417	sample_2022120210001
HROV.vOTU25654	Responder_Status	Responder	0.813302377470779	0.378238108074795	0.0403175591507175	0.576436589221718	sample_2022120210001
HROV.vOTU14169	Responder_Status	Responder	1.66920068844806	0.776913329806056	0.0404675052038694	0.576959803442773	sample_2022120210001
HROV.vOTU17332	Responder_Status	Responder	2.56142150062631	1.1931588214163	0.0406188622420023	0.577710835356155	sample_2022120210001
HROV.vOTU52361	Responder_Status	Responder	-1.83391557736494	0.855353694175858	0.0408549736911255	0.579163523435514	sample_2022120210001
HROV.vOTU23716	Responder_Status	Responder	1.63967788788873	0.764810809781315	0.0408675024408933	0.579163523435514	sample_2022120210001
HROV.vOTU04367	Responder_Status	Responder	1.71541071582151	0.800626708952934	0.0409824250704965	0.579807109964007	sample_2022120210001
HROV.vOTU61513	Responder_Status	Responder	-1.93759559530624	0.911970090565396	0.0425809417326353	0.580331374491288	sample_2022120210001
HROV.vOTU43686	Responder_Status	Responder	-2.28655055475048	1.0844286116492	0.044060636927134	0.580331374491288	sample_2022120210001
HROV.vOTU15122	Responder_Status	Responder	-2.11943313341201	0.991191426808726	0.0413616886107695	0.580331374491288	sample_2022120210001
HROV.vOTU73162	Responder_Status	Responder	1.57188788906541	0.745937524400463	0.0441788885358471	0.580331374491288	sample_2022120210001
HROV.vOTU50652	Responder_Status	Responder	1.5768957886895	0.737318564707283	0.041324500318179	0.580331374491288	sample_2022120210001
HROV.vOTU10880	Responder_Status	Responder	1.69141068987943	0.794990024558443	0.0423136067470197	0.580331374491288	sample_2022120210001
HROV.vOTU05208	Responder_Status	Responder	1.61341862335315	0.761038766048444	0.0429996568506541	0.580331374491288	sample_2022120210001
HROV.vOTU05088	Responder_Status	Responder	1.81352418736067	0.849346644528477	0.04163324361861	0.580331374491288	sample_2022120210001
HROV.vOTU24513	Responder_Status	Responder	1.72108995775438	0.814868640340816	0.0437279090237976	0.580331374491288	sample_2022120210001
HROV.vOTU23163	Responder_Status	Responder	1.71864097218988	0.814660395333324	0.0439570771147819	0.580331374491288	sample_2022120210001
HROV.vOTU00906	Responder_Status	Responder	1.52132503536611	0.715648531639507	0.0424748694435403	0.580331374491288	sample_2022120210001
HROV.vOTU53890	Responder_Status	Responder	-1.77955268951866	0.839665254266561	0.043060147432912	0.580331374491288	sample_2022120210001
HROV.vOTU35741	Responder_Status	Responder	-1.68623211005718	0.791897580923212	0.0421546104565342	0.580331374491288	sample_2022120210001
HROV.vOTU13955	Responder_Status	Responder	-2.02069005371063	0.956877793168955	0.0437607116970184	0.580331374491288	sample_2022120210001
HROV.vOTU00403	Responder_Status	Responder	-4.03510962484685	1.92062810809827	0.0447748788910691	0.580331374491288	sample_2022120210001
HROV.vOTU01399	Responder_Status	Responder	2.42337493654723	1.15321825977404	0.0447304463301728	0.580331374491288	sample_2022120210001
HROV.vOTU09505	Responder_Status	Responder	1.79241656050989	0.83732701770669	0.0411528298220463	0.580331374491288	sample_2022120210001
HROV.vOTU11625	Responder_Status	Responder	-1.76768641274192	0.832875247800961	0.0427838006218622	0.580331374491288	sample_2022120210001
HROV.vOTU18867	Responder_Status	Responder	1.42899214640024	0.67638002940196	0.0436724320524531	0.580331374491288	sample_2022120210001
HROV.vOTU37858	Responder_Status	Responder	-2.49684129092535	1.18374333778163	0.0439910939719365	0.580331374491288	sample_2022120210001
HROV.vOTU70406	Responder_Status	Responder	-1.64312653923757	0.770501539489294	0.0418696667223143	0.580331374491288	sample_2022120210001
HROV.vOTU58254	Responder_Status	Responder	-1.05724582835303	0.502774201381286	0.0445960628558928	0.580331374491288	sample_2022120210001
HROV.vOTU11502	Responder_Status	Responder	-0.90027061688548	0.427987648096991	0.0445326690019066	0.580331374491288	sample_2022120210001
HROV.vOTU08567	Responder_Status	Responder	2.92693517892739	1.37249805458386	0.0418679730272106	0.580331374491288	sample_2022120210001
HROV.vOTU17874	Responder_Status	Responder	1.64178713010009	0.781848583863442	0.0448747369988221	0.580331374491288	sample_2022120210001
HROV.vOTU70703	Responder_Status	Responder	-1.05669874855335	0.494159280244898	0.0413521095620287	0.580331374491288	sample_2022120210001
HROV.vOTU16615	Responder_Status	Responder	-1.56066077398941	0.75273744352732	0.0474585932453165	0.580357126267114	sample_2022120210001
HROV.vOTU01753	Responder_Status	Responder	1.72159944368696	0.823786129721531	0.045833942642149	0.580357126267114	sample_2022120210001
HROV.vOTU53073	Responder_Status	Responder	1.87052373127447	0.900109249667961	0.0469827846387899	0.580357126267114	sample_2022120210001
HROV.vOTU10130	Responder_Status	Responder	1.75733867670299	0.842549960787638	0.0462341194159224	0.580357126267114	sample_2022120210001
HROV.vOTU07510	Responder_Status	Responder	1.58455375626814	0.763555618921022	0.0472678424733587	0.580357126267114	sample_2022120210001
HROV.vOTU13785	Responder_Status	Responder	-2.92954415897241	1.40258138937477	0.0459483082529311	0.580357126267114	sample_2022120210001
HROV.vOTU66742	Responder_Status	Responder	-1.15842462297098	0.554114617121548	0.0457639553286985	0.580357126267114	sample_2022120210001
HROV.vOTU68200	Responder_Status	Responder	-1.15626974028765	0.555190869815944	0.0465355652242399	0.580357126267114	sample_2022120210001
HROV.vOTU46158	Responder_Status	Responder	-2.76747544620006	1.32100294446166	0.045341540564095	0.580357126267114	sample_2022120210001
HROV.vOTU07112	Responder_Status	Responder	-2.00516011647716	0.964554068064837	0.0469097803741724	0.580357126267114	sample_2022120210001
HROV.vOTU49879	Responder_Status	Responder	1.8431302231992	0.88667346946113	0.0469240338908394	0.580357126267114	sample_2022120210001
HROV.vOTU71167	Responder_Status	Responder	2.14963605099633	1.03310636927242	0.0467223153036868	0.580357126267114	sample_2022120210001
HROV.vOTU52970	Responder_Status	Responder	-0.667152825678662	0.321658979893048	0.0473802676143295	0.580357126267114	sample_2022120210001
HROV.vOTU71707	Responder_Status	Responder	-1.71296252347565	0.819855721723212	0.0458838295861768	0.580357126267114	sample_2022120210001
HROV.vOTU59028	Responder_Status	Responder	-1.98771838510676	0.950707946346586	0.0457455759400299	0.580357126267114	sample_2022120210001
HROV.vOTU48330	Responder_Status	Responder	-0.649392293226215	0.310722384339535	0.0458260581215467	0.580357126267114	sample_2022120210001
HROV.vOTU00314	Responder_Status	Responder	1.70190527262448	0.822266255122026	0.047812652757313	0.580880991267767	sample_2022120210001
HROV.vOTU39819	Responder_Status	Responder	1.36227962589003	0.658362596045832	0.0478709325496004	0.580880991267767	sample_2022120210001
HROV.vOTU34920	Responder_Status	Responder	1.5728527922236	0.762454367805021	0.0485088306241595	0.580974179720371	sample_2022120210001
HROV.vOTU07899	Responder_Status	Responder	2.30043053858229	1.11335213517738	0.0481704865822593	0.580974179720371	sample_2022120210001
HROV.vOTU34617	Responder_Status	Responder	-0.786760209562184	0.381162234116789	0.0483842193067902	0.580974179720371	sample_2022120210001
HROV.vOTU55731	Responder_Status	Responder	1.78932235348043	0.866568152323969	0.0483103435770798	0.580974179720371	sample_2022120210001
HROV.vOTU11783	Responder_Status	Responder	1.87102873264146	0.908446501713613	0.0488442448933188	0.581727604592383	sample_2022120210001
HROV.vOTU16979	Responder_Status	Responder	1.30175221279712	0.632635666695389	0.0490416353680697	0.581727604592383	sample_2022120210001
HROV.vOTU47269	Responder_Status	Responder	-0.720657879378268	0.349606112944919	0.0486654804461717	0.581727604592383	sample_2022120210001
HROV.vOTU46834	Responder_Status	Responder	-1.10278803817013	0.535073097745593	0.0486999340894224	0.581727604592383	sample_2022120210001
HROV.vOTU66207	Responder_Status	Responder	-2.41479949941706	1.17231717900896	0.0488176478794667	0.581727604592383	sample_2022120210001
HROV.vOTU12864	Responder_Status	Responder	1.63307016543115	0.7949109730206	0.0493770910546991	0.581755946321806	sample_2022120210001
HROV.vOTU14373	Responder_Status	Responder	1.57286680814429	0.765442800910869	0.0493317507592323	0.581755946321806	sample_2022120210001
HROV.vOTU05109	Responder_Status	Responder	1.61098832002937	0.795090048117253	0.0523697856179407	0.582610932455843	sample_2022120210001
HROV.vOTU08556	Responder_Status	Responder	1.56978730998957	0.767050451357764	0.050196935563124	0.582610932455843	sample_2022120210001
HROV.vOTU01913	Responder_Status	Responder	1.6165610264661	0.795416735667666	0.0517020855925472	0.582610932455843	sample_2022120210001
HROV.vOTU07317	Responder_Status	Responder	1.62980423062604	0.814222135627763	0.0550949959484764	0.582610932455843	sample_2022120210001
HROV.vOTU02021	Responder_Status	Responder	1.5702282750505	0.78248083505737	0.0545221252886116	0.582610932455843	sample_2022120210001
HROV.vOTU32755	Responder_Status	Responder	1.61739247531011	0.803735266985687	0.05389270105779	0.582610932455843	sample_2022120210001
HROV.vOTU32103	Responder_Status	Responder	-1.99874326642195	0.97825083088854	0.0505483131760318	0.582610932455843	sample_2022120210001
HROV.vOTU73280	Responder_Status	Responder	-1.45557456807291	0.722925273818882	0.053769442923719	0.582610932455843	sample_2022120210001
HROV.vOTU62915	Responder_Status	Responder	-1.86644473035973	0.914349603523519	0.0507489026492404	0.582610932455843	sample_2022120210001
HROV.vOTU22514	Responder_Status	Responder	-1.09589426340339	0.544852368202454	0.0540026444184967	0.582610932455843	sample_2022120210001
HROV.vOTU48679	Responder_Status	Responder	1.48732333260435	0.728041087349454	0.0505767297965393	0.582610932455843	sample_2022120210001
HROV.vOTU05191	Responder_Status	Responder	-1.49852310944653	0.730547639880536	0.0497057719624792	0.582610932455843	sample_2022120210001
HROV.vOTU08559	Responder_Status	Responder	-0.824666614388382	0.409083460245833	0.0534987075073737	0.582610932455843	sample_2022120210001
HROV.vOTU04583	Responder_Status	Responder	-1.54322773789985	0.759752173785932	0.0518226077863902	0.582610932455843	sample_2022120210001
HROV.vOTU58420	Responder_Status	Responder	-1.40280832383718	0.689069718050034	0.0513316573308085	0.582610932455843	sample_2022120210001
HROV.vOTU21612	Responder_Status	Responder	-0.854496593586532	0.419055717986915	0.0509800989304791	0.582610932455843	sample_2022120210001
HROV.vOTU71419	Responder_Status	Responder	-2.34910784238778	1.15103909893463	0.0507936530689583	0.582610932455843	sample_2022120210001
HROV.vOTU58320	Responder_Status	Responder	-1.9000994328544	0.943116919790698	0.0536303485650174	0.582610932455843	sample_2022120210001
HROV.vOTU02488	Responder_Status	Responder	1.76080867464012	0.866527099022019	0.0517359911896264	0.582610932455843	sample_2022120210001
HROV.vOTU16329	Responder_Status	Responder	2.11098935232155	1.04642226413378	0.0533380651572121	0.582610932455843	sample_2022120210001
HROV.vOTU75058	Responder_Status	Responder	1.6185178894919	0.801893392522416	0.0532242655316914	0.582610932455843	sample_2022120210001
HROV.vOTU53337	Responder_Status	Responder	-1.98871255661472	0.98048475599945	0.0521391870436011	0.582610932455843	sample_2022120210001
HROV.vOTU21547	Responder_Status	Responder	1.33364512762406	0.66668932282553	0.0552396584057055	0.582610932455843	sample_2022120210001
HROV.vOTU59733	Responder_Status	Responder	1.32453117795961	0.661516416400608	0.0550273919640229	0.582610932455843	sample_2022120210001
HROV.vOTU30787	Responder_Status	Responder	-0.981305105175835	0.48974963720331	0.0548660274200974	0.582610932455843	sample_2022120210001
HROV.vOTU55876	Responder_Status	Responder	-0.666180731314571	0.326617323892224	0.05092312611082	0.582610932455843	sample_2022120210001
HROV.vOTU13913	Responder_Status	Responder	2.07951293352078	1.03918196343664	0.0551592361164172	0.582610932455843	sample_2022120210001
HROV.vOTU59505	Responder_Status	Responder	-1.17812383117635	0.577279482707626	0.0507976630606819	0.582610932455843	sample_2022120210001
HROV.vOTU07395	Responder_Status	Responder	-2.4770721891596	1.23915928841489	0.0554000799513323	0.582610932455843	sample_2022120210001
HROV.vOTU53018	Responder_Status	Responder	-2.16741356582558	1.05867167630959	0.0501162021000262	0.582610932455843	sample_2022120210001
HROV.vOTU67925	Responder_Status	Responder	-1.72295944339156	0.846930723727476	0.0514860896147832	0.582610932455843	sample_2022120210001
HROV.vOTU75192	Responder_Status	Responder	-1.02442348809925	0.508472481307455	0.0536296882008383	0.582610932455843	sample_2022120210001
HROV.vOTU42695	Responder_Status	Responder	-1.05054555867934	0.516654669064983	0.0515928792510979	0.582610932455843	sample_2022120210001
HROV.vOTU07726	Responder_Status	Responder	-1.16124534961846	0.5758428985339	0.0534197914657441	0.582610932455843	sample_2022120210001
HROV.vOTU73363	Responder_Status	Responder	-1.9627434304085	0.966374501312705	0.0518427699121315	0.582610932455843	sample_2022120210001
HROV.vOTU72566	Responder_Status	Responder	2.67244190882228	1.32063694727048	0.0526499803895816	0.582610932455843	sample_2022120210001
HROV.vOTU22361	Responder_Status	Responder	-0.944745581356315	0.467721243378838	0.0530568217764159	0.582610932455843	sample_2022120210001
HROV.vOTU23687	Responder_Status	Responder	1.688793170503	0.839242395645529	0.0538995980823535	0.582610932455843	sample_2022120210001
HROV.vOTU52112	Responder_Status	Responder	-1.70302558893856	0.847316575793342	0.0541654770829309	0.582610932455843	sample_2022120210001
HROV.vOTU55586	Responder_Status	Responder	1.57667062013308	0.786528459755256	0.0547633107506628	0.582610932455843	sample_2022120210001
HROV.vOTU38642	Responder_Status	Responder	2.77673849503276	1.37421093939358	0.0529781580389085	0.582610932455843	sample_2022120210001
HROV.vOTU70060	Responder_Status	Responder	-0.913924781622419	0.450702101459906	0.05219501593255	0.582610932455843	sample_2022120210001
HROV.vOTU02199	Responder_Status	Responder	-0.577031469235496	0.284859761313226	0.052424444079738	0.582610932455843	sample_2022120210001
HROV.vOTU64162	Responder_Status	Responder	-0.684645479597366	0.342067676942971	0.0551153513735709	0.582610932455843	sample_2022120210001
HROV.vOTU24292	Responder_Status	Responder	-1.6562508608517	0.82882547732376	0.055478229481647	0.582610932455843	sample_2022120210001
HROV.vOTU74890	Responder_Status	Responder	-0.602836512382085	0.295800395414417	0.0510987602186463	0.582610932455843	sample_2022120210001
HROV.vOTU69478	Responder_Status	Responder	1.53117083777938	0.766384386860726	0.0555235318084408	0.582760754484186	sample_2022120210001
HROV.vOTU02061	Responder_Status	Responder	0.938045166592428	0.469708095894006	0.0556190837479405	0.583179587472153	sample_2022120210001
HROV.vOTU00652	Responder_Status	Responder	1.34763611912505	0.675678440956408	0.0559165431483941	0.584252614352114	sample_2022120210001
HROV.vOTU43196	Responder_Status	Responder	-1.11773693628586	0.560382633138274	0.0559047154708741	0.584252614352114	sample_2022120210001
HROV.vOTU75404	Responder_Status	Responder	-0.606302627468598	0.304172188605884	0.0560556183139022	0.584301581241266	sample_2022120210001
HROV.vOTU05758	Responder_Status	Responder	-0.893322677516665	0.450847470368502	0.0574395338184558	0.584806833782383	sample_2022120210001
HROV.vOTU03430	Responder_Status	Responder	1.62739569982239	0.819084558779309	0.0568036273263898	0.584806833782383	sample_2022120210001
HROV.vOTU34854	Responder_Status	Responder	1.82132988394073	0.917927080109128	0.0571162714824637	0.584806833782383	sample_2022120210001
HROV.vOTU70764	Responder_Status	Responder	1.59865165146766	0.806107465471953	0.0572340803560709	0.584806833782383	sample_2022120210001
HROV.vOTU42142	Responder_Status	Responder	-0.66044394211498	0.332875937253523	0.0571306838423603	0.584806833782383	sample_2022120210001
HROV.vOTU69731	Responder_Status	Responder	-1.19967872813382	0.606119349373151	0.0576938692700122	0.585129431575232	sample_2022120210001
HROV.vOTU04832	Responder_Status	Responder	1.58277669909614	0.802419997970789	0.05850095376196	0.586696865623509	sample_2022120210001
HROV.vOTU15370	Responder_Status	Responder	-1.12242638133314	0.56920855597023	0.0585725516052083	0.586696865623509	sample_2022120210001
HROV.vOTU41251	Responder_Status	Responder	-1.28039367618247	0.649063792604653	0.0584801407889599	0.586696865623509	sample_2022120210001
HROV.vOTU14574	Responder_Status	Responder	-0.504416875403994	0.256068733330391	0.0588199102595041	0.587691718215917	sample_2022120210001
HROV.vOTU01210	Responder_Status	Responder	2.33565261390574	1.18730553175504	0.0591412958378352	0.588187229091942	sample_2022120210001
HROV.vOTU02260	Responder_Status	Responder	1.64124814148702	0.835220142701391	0.0594006424975474	0.588368212790663	sample_2022120210001
HROV.vOTU01728	Responder_Status	Responder	-1.75285664630897	0.892974197558214	0.059657022001077	0.588385093261578	sample_2022120210001
HROV.vOTU70799	Responder_Status	Responder	-2.0306439645763	1.0341132873386	0.0595698826987193	0.588385093261578	sample_2022120210001
HROV.vOTU58731	Responder_Status	Responder	-1.28983439754365	0.657564169928211	0.0598289567558926	0.588571562255471	sample_2022120210001
HROV.vOTU54452	Responder_Status	Responder	1.41637768995147	0.723173480602617	0.0601936360752766	0.588571562255471	sample_2022120210001
HROV.vOTU60600	Responder_Status	Responder	1.33604301316379	0.682238421313422	0.0602226377666371	0.588571562255471	sample_2022120210001
HROV.vOTU25803	Responder_Status	Responder	-1.63293209989248	0.834889831666649	0.0605254357626418	0.589504244230935	sample_2022120210001
HROV.vOTU74139	Responder_Status	Responder	-2.3420934835424	1.19926088631822	0.0608867070917211	0.590826565112257	sample_2022120210001
HROV.vOTU08671	Responder_Status	Responder	2.32738722143667	1.19306334584878	0.0611580435612549	0.591542497943656	sample_2022120210001
HROV.vOTU39610	Responder_Status	Responder	-0.768672476497732	0.394575103273608	0.0614908116823634	0.592536079804886	sample_2022120210001
HROV.vOTU33631	Responder_Status	Responder	-1.38057255969845	0.708910830472609	0.0615717357736184	0.592536079804886	sample_2022120210001
HROV.vOTU04671	Responder_Status	Responder	1.9634779775962	1.0085838987658	0.0616581241412399	0.592823065137793	sample_2022120210001
HROV.vOTU66997	Responder_Status	Responder	1.57293586896778	0.808164811879251	0.0617160453116893	0.592858210974062	sample_2022120210001
HROV.vOTU09376	Responder_Status	Responder	0.830841747181915	0.426937648283105	0.0617482618983347	0.592858210974062	sample_2022120210001
HROV.vOTU71497	Responder_Status	Responder	-1.32175542371011	0.6794304207339	0.061831490896436	0.592858210974062	sample_2022120210001
HROV.vOTU05550	Responder_Status	Responder	-1.84052832897216	0.946865173709907	0.062029923174792	0.592949441973895	sample_2022120210001
HROV.vOTU73912	Responder_Status	Responder	1.59622345358668	0.82126217517166	0.0620539233331396	0.592949441973895	sample_2022120210001
HROV.vOTU20894	Responder_Status	Responder	-1.41102115375159	0.726319836807963	0.0621704845517745	0.592949441973895	sample_2022120210001
HROV.vOTU29692	Responder_Status	Responder	-1.9644257468614	1.01072289652005	0.0620586415414841	0.592949441973895	sample_2022120210001
HROV.vOTU38085	Responder_Status	Responder	-0.832113482349306	0.428560478741043	0.0623035616303809	0.592949441973895	sample_2022120210001
HROV.vOTU47619	Responder_Status	Responder	1.78268363412378	0.916939023738731	0.0619850641007199	0.592949441973895	sample_2022120210001
HROV.vOTU02748	Responder_Status	Responder	1.90158466597914	0.980337433263412	0.0625475384484494	0.593704150655304	sample_2022120210001
HROV.vOTU56128	Responder_Status	Responder	-1.81881725097753	0.938777441206603	0.0628395115352878	0.594098404050353	sample_2022120210001
HROV.vOTU49263	Responder_Status	Responder	-0.77525670173721	0.400437104811519	0.0630190938960392	0.594188127782717	sample_2022120210001
HROV.vOTU01986	Responder_Status	Responder	1.61778554258129	0.83724339573798	0.0635003594357342	0.596311619073919	sample_2022120210001
HROV.vOTU01314	Responder_Status	Responder	-2.04962999680742	1.06189715407899	0.0637735473937486	0.597271471569692	sample_2022120210001
HROV.vOTU12851	Responder_Status	Responder	1.85499336133226	0.960823582704905	0.0637128511366332	0.597271471569692	sample_2022120210001
HROV.vOTU04917	Responder_Status	Responder	-2.90938848125082	1.50807306133268	0.063896363765371	0.59762060888986	sample_2022120210001
HROV.vOTU33206	Responder_Status	Responder	-1.61396588272479	0.836940072540247	0.0639995582831185	0.598118765312186	sample_2022120210001
HROV.vOTU13265	Responder_Status	Responder	2.31655016842256	1.20188152318099	0.0641262486232856	0.598435516983111	sample_2022120210001
HROV.vOTU43341	Responder_Status	Responder	-1.77306848536809	0.92178615442082	0.0646374302550588	0.598939229949617	sample_2022120210001
HROV.vOTU34922	Responder_Status	Responder	-1.44980493542908	0.754580786969657	0.064922488579857	0.599460511292425	sample_2022120210001
HROV.vOTU39613	Responder_Status	Responder	-1.06355342705758	0.553506318349634	0.064903384629185	0.599460511292425	sample_2022120210001
HROV.vOTU05373	Responder_Status	Responder	-2.77119674904525	1.44320127952317	0.0650755562471493	0.600344920308208	sample_2022120210001
HROV.vOTU35112	Responder_Status	Responder	0.778688348943434	0.405778198659807	0.0652300755695705	0.600425131310052	sample_2022120210001
HROV.vOTU74047	Responder_Status	Responder	-0.939038529814493	0.489387835751492	0.065256128297915	0.600425131310052	sample_2022120210001
HROV.vOTU00758	Responder_Status	Responder	2.45661288702601	1.28382065448146	0.0659562697280822	0.603423576386121	sample_2022120210001
HROV.vOTU00371	Responder_Status	Responder	1.69711129057416	0.887304723622901	0.066070581172599	0.603678893364287	sample_2022120210001
HROV.vOTU20414	Responder_Status	Responder	-2.09927941896783	1.09807922098439	0.066188607585366	0.603704619229448	sample_2022120210001
HROV.vOTU28353	Responder_Status	Responder	2.08725434327097	1.09178197986026	0.0661869169644412	0.603704619229448	sample_2022120210001
HROV.vOTU31955	Responder_Status	Responder	2.19194641023911	1.14645243651241	0.0661666811996626	0.603704619229448	sample_2022120210001
HROV.vOTU74196	Responder_Status	Responder	-1.78634938551092	0.93459124086969	0.0662426117959306	0.603934381575774	sample_2022120210001
HROV.vOTU41480	Responder_Status	Responder	-1.30650335295327	0.683841489918457	0.0663541520536042	0.604346248201508	sample_2022120210001
HROV.vOTU06373	Responder_Status	Responder	1.46587333276953	0.767553960628823	0.066452809699467	0.6043811934162	sample_2022120210001
HROV.vOTU24869	Responder_Status	Responder	-1.64750662811665	0.864877967278901	0.0671117152591756	0.607629180057158	sample_2022120210001
HROV.vOTU07535	Responder_Status	Responder	1.53832960255432	0.808520942363441	0.0674168662617981	0.607836574625392	sample_2022120210001
HROV.vOTU46624	Responder_Status	Responder	1.3571924365406	0.715276591483419	0.068126692245801	0.607836574625392	sample_2022120210001
HROV.vOTU62679	Responder_Status	Responder	-1.25657670321439	0.662149248028852	0.0680874115535177	0.607836574625392	sample_2022120210001
HROV.vOTU01212	Responder_Status	Responder	-1.20613846287887	0.635117122951669	0.0679021014607314	0.607836574625392	sample_2022120210001
HROV.vOTU04018	Responder_Status	Responder	-0.906631037368058	0.476475382204088	0.0673978569395719	0.607836574625392	sample_2022120210001
HROV.vOTU03004	Responder_Status	Responder	-1.32482494251393	0.697903925071485	0.0680098761316241	0.607836574625392	sample_2022120210001
HROV.vOTU30640	Responder_Status	Responder	-2.04548047273583	1.07467391144859	0.0673215254954947	0.607836574625392	sample_2022120210001
HROV.vOTU09573	Responder_Status	Responder	-0.755190315028131	0.398002165863438	0.068124564557838	0.607836574625392	sample_2022120210001
HROV.vOTU43440	Responder_Status	Responder	-1.00603672078306	0.529464563679655	0.0677627739366442	0.607836574625392	sample_2022120210001
HROV.vOTU38564	Responder_Status	Responder	-0.954866983282901	0.504073630864691	0.0685572067921586	0.608107936675262	sample_2022120210001
HROV.vOTU13259	Responder_Status	Responder	1.49905413216006	0.791203415748045	0.0685090335176026	0.608107936675262	sample_2022120210001
HROV.vOTU74848	Responder_Status	Responder	1.63405869491238	0.863431157334597	0.0688029747811642	0.60951409611716	sample_2022120210001
HROV.vOTU08600	Responder_Status	Responder	2.14930667764682	1.13597809273894	0.068870075768327	0.609593238219651	sample_2022120210001
HROV.vOTU31835	Responder_Status	Responder	-0.452773028516991	0.239390432361608	0.0689632201606639	0.609902571547475	sample_2022120210001
HROV.vOTU59361	Responder_Status	Responder	0.962472629538135	0.510099944476975	0.0695918723308187	0.610973381162794	sample_2022120210001
HROV.vOTU36975	Responder_Status	Responder	-2.30222281372425	1.21981313866367	0.0695186398596611	0.610973381162794	sample_2022120210001
HROV.vOTU08189	Responder_Status	Responder	-1.38419030240618	0.734731389779565	0.0699959433234384	0.612318435750947	sample_2022120210001
HROV.vOTU37702	Responder_Status	Responder	-0.967255300240685	0.513800524966698	0.0701910046293927	0.612877210336808	sample_2022120210001
HROV.vOTU09590	Responder_Status	Responder	-1.46503519079702	0.778203736251802	0.0701860298620697	0.612877210336808	sample_2022120210001
HROV.vOTU53530	Responder_Status	Responder	-1.76392982946528	0.937662808086463	0.0703811020113438	0.61338374143774	sample_2022120210001
HROV.vOTU05499	Responder_Status	Responder	-0.91415309325691	0.487329585133775	0.0711388124635816	0.614797240974343	sample_2022120210001
HROV.vOTU25646	Responder_Status	Responder	1.28240000368185	0.684447157531187	0.0714538305033696	0.614807999733426	sample_2022120210001
HROV.vOTU23903	Responder_Status	Responder	-1.23574090305245	0.659931509901569	0.0716108775974477	0.615401391735344	sample_2022120210001
HROV.vOTU11598	Responder_Status	Responder	-1.98542375236091	1.06165570416216	0.0719558540748098	0.616062414359219	sample_2022120210001
HROV.vOTU61734	Responder_Status	Responder	-2.01701022106302	1.07860408342798	0.0719703629070731	0.616062414359219	sample_2022120210001
HROV.vOTU51433	Responder_Status	Responder	-1.52931421227431	0.817307346541498	0.0718065176824026	0.616062414359219	sample_2022120210001
HROV.vOTU43644	Responder_Status	Responder	1.90547162099017	1.01982303422869	0.0721982462908148	0.617411359549359	sample_2022120210001
HROV.vOTU09478	Responder_Status	Responder	-1.67023246869025	0.8948816257885	0.0724873487320281	0.618369893945181	sample_2022120210001
HROV.vOTU52357	Responder_Status	Responder	1.14314205354178	0.61391226261526	0.0731204843595267	0.619617487562041	sample_2022120210001
HROV.vOTU48965	Responder_Status	Responder	-2.45068190445079	1.31633844860883	0.0731669829242283	0.619628267511848	sample_2022120210001
HROV.vOTU49200	Responder_Status	Responder	-1.53462625827231	0.825930456004705	0.0737050420862614	0.620923505678472	sample_2022120210001
HROV.vOTU72961	Responder_Status	Responder	-1.93444987828684	1.04110432504419	0.0737024802789168	0.620923505678472	sample_2022120210001
HROV.vOTU10396	Responder_Status	Responder	-0.912938169227992	0.491499107788942	0.073793151732443	0.6211664499245	sample_2022120210001
HROV.vOTU08657	Responder_Status	Responder	-1.41643955549951	0.76343046814856	0.0741009426545053	0.621806342067803	sample_2022120210001
HROV.vOTU53565	Responder_Status	Responder	-0.687823462852775	0.37077031284168	0.0741364919102805	0.621806342067803	sample_2022120210001
HROV.vOTU32359	Responder_Status	Responder	1.07397874685129	0.578466595087981	0.073919442047671	0.621806342067803	sample_2022120210001
HROV.vOTU25132	Responder_Status	Responder	-2.37900017828321	1.2840678421805	0.0744927128919698	0.623051581091654	sample_2022120210001
HROV.vOTU17341	Responder_Status	Responder	-0.778807279593602	0.420564214030677	0.0746245000532568	0.623136677517334	sample_2022120210001
HROV.vOTU74692	Responder_Status	Responder	-1.47857854492671	0.799227072071225	0.0748921790444242	0.62316001300958	sample_2022120210001
HROV.vOTU20726	Responder_Status	Responder	1.48298548855228	0.801921472794402	0.0749992603244584	0.623555928758686	sample_2022120210001
HROV.vOTU18116	Responder_Status	Responder	-1.75419520804613	0.953236759211814	0.0763539911247489	0.623794643786124	sample_2022120210001
HROV.vOTU00252	Responder_Status	Responder	1.68687851640977	0.913341555759097	0.075350890387931	0.623794643786124	sample_2022120210001
HROV.vOTU39035	Responder_Status	Responder	-1.70907329681666	0.928510028447401	0.076291958498767	0.623794643786124	sample_2022120210001
HROV.vOTU43757	Responder_Status	Responder	-1.20704121419662	0.654507789408706	0.0757600713786063	0.623794643786124	sample_2022120210001
HROV.vOTU27614	Responder_Status	Responder	-1.60126671570525	0.867179604578886	0.0754118488741491	0.623794643786124	sample_2022120210001
HROV.vOTU09500	Responder_Status	Responder	-2.17276993191921	1.18075237432004	0.0763682147973075	0.623794643786124	sample_2022120210001
HROV.vOTU62516	Responder_Status	Responder	-1.67572820276863	0.910084085980227	0.0761973398486104	0.623794643786124	sample_2022120210001
HROV.vOTU69573	Responder_Status	Responder	-1.15479460715799	0.627402440056409	0.07630190352972	0.623794643786124	sample_2022120210001
HROV.vOTU74213	Responder_Status	Responder	0.872378345112359	0.472582964506398	0.0754930763558245	0.623794643786124	sample_2022120210001
HROV.vOTU35627	Responder_Status	Responder	2.05567042834741	1.11956563404746	0.0769783169599542	0.624739954989878	sample_2022120210001
HROV.vOTU03930	Responder_Status	Responder	-0.901389151182225	0.492394917877903	0.0778202549758311	0.626627946328628	sample_2022120210001
HROV.vOTU50600	Responder_Status	Responder	-1.99478510317373	1.09168111492803	0.0783379463328094	0.62723664708552	sample_2022120210001
HROV.vOTU29916	Responder_Status	Responder	1.79277918684799	0.980069275032362	0.0780331583209366	0.62723664708552	sample_2022120210001
HROV.vOTU06820	Responder_Status	Responder	1.29105362426333	0.70645403697509	0.0782989414281839	0.62723664708552	sample_2022120210001
HROV.vOTU73341	Responder_Status	Responder	-1.07247937812551	0.587379776723553	0.0785527249463277	0.627390813581141	sample_2022120210001
HROV.vOTU60533	Responder_Status	Responder	-1.97326428238475	1.08148715217882	0.0787520170239302	0.627390813581141	sample_2022120210001
HROV.vOTU65493	Responder_Status	Responder	1.54564228676466	0.847244962726718	0.0787936579599127	0.627390813581141	sample_2022120210001
HROV.vOTU54797	Responder_Status	Responder	-1.42105515488309	0.778667657878946	0.0786901884403599	0.627390813581141	sample_2022120210001
HROV.vOTU02205	Responder_Status	Responder	-0.706131435292063	0.38694737204924	0.0787065723319224	0.627390813581141	sample_2022120210001
HROV.vOTU61820	Responder_Status	Responder	-2.14023261706359	1.17499876604262	0.0792352744956087	0.627674083227634	sample_2022120210001
HROV.vOTU19336	Responder_Status	Responder	2.03998562293023	1.11957252711753	0.0791363680257542	0.627674083227634	sample_2022120210001
HROV.vOTU02347	Responder_Status	Responder	-1.1226621017901	0.617450422348381	0.0797440489816774	0.628254934892234	sample_2022120210001
HROV.vOTU32166	Responder_Status	Responder	-1.83964509112578	1.0144535571512	0.080497665972684	0.630102380900073	sample_2022120210001
HROV.vOTU45737	Responder_Status	Responder	1.88231069146078	1.0368645630319	0.0801895637971379	0.630102380900073	sample_2022120210001
HROV.vOTU16132	Responder_Status	Responder	-1.61454542378158	0.89048542898552	0.0805494296776668	0.630102380900073	sample_2022120210001
HROV.vOTU27429	Responder_Status	Responder	-0.91335307260419	0.503546012780176	0.0804332366288761	0.630102380900073	sample_2022120210001
HROV.vOTU63584	Responder_Status	Responder	1.05969927546156	0.584320614227723	0.0804781651820059	0.630102380900073	sample_2022120210001
HROV.vOTU00352	Responder_Status	Responder	-2.04221535514908	1.12745772113699	0.0808284095364899	0.630366529159659	sample_2022120210001
HROV.vOTU28350	Responder_Status	Responder	0.377188053660326	0.208271654215052	0.0808770419468315	0.630413833843655	sample_2022120210001
HROV.vOTU49540	Responder_Status	Responder	-1.00319708631285	0.554197257004311	0.0810133328118159	0.631241433358982	sample_2022120210001
HROV.vOTU57537	Responder_Status	Responder	-2.73247236823599	1.5126266648881	0.0816092720298494	0.633375054684253	sample_2022120210001
HROV.vOTU13522	Responder_Status	Responder	-1.47804432809194	0.81802956419832	0.0815464764283486	0.633375054684253	sample_2022120210001
HROV.vOTU40817	Responder_Status	Responder	-1.40345824126268	0.776327302912485	0.081389546237882	0.633375054684253	sample_2022120210001
HROV.vOTU35216	Responder_Status	Responder	1.79059721007828	0.992130851036544	0.0818722904128913	0.633375054684253	sample_2022120210001
HROV.vOTU42173	Responder_Status	Responder	1.67830860457802	0.929932503577808	0.0818779914678924	0.633375054684253	sample_2022120210001
HROV.vOTU13293	Responder_Status	Responder	2.57682101836427	1.42713814131708	0.0817462110068701	0.633375054684253	sample_2022120210001
HROV.vOTU21289	Responder_Status	Responder	-1.78430326443632	0.989763117336625	0.0822002066010623	0.633425121455245	sample_2022120210001
HROV.vOTU35103	Responder_Status	Responder	-2.34117669533198	1.30240702964159	0.0830374329900722	0.634603907076849	sample_2022120210001
HROV.vOTU58212	Responder_Status	Responder	-0.934335847365825	0.51998202612564	0.0831535442819301	0.63513879292525	sample_2022120210001
HROV.vOTU59611	Responder_Status	Responder	-1.74721803341069	0.972460564041067	0.0831801520314796	0.63513879292525	sample_2022120210001
HROV.vOTU53891	Responder_Status	Responder	1.18495719834822	0.660179144954126	0.0834724296656961	0.635391992544474	sample_2022120210001
HROV.vOTU68950	Responder_Status	Responder	-1.51205408347737	0.843118414459739	0.0837166039549272	0.635889574463417	sample_2022120210001
HROV.vOTU75522	Responder_Status	Responder	-2.19627103025887	1.22610080456086	0.0840672715094527	0.635889574463417	sample_2022120210001
HROV.vOTU51859	Responder_Status	Responder	-1.72452359565593	0.964587996207155	0.0846314781498121	0.636349215192834	sample_2022120210001
HROV.vOTU51034	Responder_Status	Responder	-1.50796042737162	0.843382557433858	0.084605648518836	0.636349215192834	sample_2022120210001
HROV.vOTU25911	Responder_Status	Responder	1.50875842640761	0.843342101392683	0.0844356104507474	0.636349215192834	sample_2022120210001
HROV.vOTU58814	Responder_Status	Responder	1.23807683481157	0.692708493313986	0.0847199165246416	0.636349215192834	sample_2022120210001
HROV.vOTU39751	Responder_Status	Responder	-1.00477436253102	0.561462024262863	0.0843459653922218	0.636349215192834	sample_2022120210001
HROV.vOTU05007	Responder_Status	Responder	-2.6379222086641	1.47916209883244	0.0853673656541118	0.63721801141284	sample_2022120210001
HROV.vOTU64611	Responder_Status	Responder	-1.61411408136347	0.90504499794323	0.0853551928923447	0.63721801141284	sample_2022120210001
HROV.vOTU64652	Responder_Status	Responder	0.905844909775799	0.507534334891617	0.0851340363036252	0.63721801141284	sample_2022120210001
HROV.vOTU37747	Responder_Status	Responder	1.64093729246751	0.919897284515317	0.0852947561847456	0.63721801141284	sample_2022120210001
HROV.vOTU56685	Responder_Status	Responder	1.79394785299572	1.0068246457523	0.0856338839337696	0.637936511953318	sample_2022120210001
HROV.vOTU47874	Responder_Status	Responder	2.14836227007371	1.20614642520215	0.0857354231556029	0.637936511953318	sample_2022120210001
HROV.vOTU42137	Responder_Status	Responder	-1.69953674599224	0.954669581309897	0.0858928350964041	0.638370386432007	sample_2022120210001
HROV.vOTU04569	Responder_Status	Responder	1.53672746734138	0.863362302574912	0.0859433093776805	0.638370386432007	sample_2022120210001
HROV.vOTU02979	Responder_Status	Responder	-1.20928735475131	0.680179391213849	0.0862846117641217	0.638942146478788	sample_2022120210001
HROV.vOTU07385	Responder_Status	Responder	1.49334764623276	0.841889700853165	0.0869728470048655	0.640981319698306	sample_2022120210001
HROV.vOTU08373	Responder_Status	Responder	-0.816120436088426	0.460205891567309	0.0870443328199013	0.641282676943807	sample_2022120210001
HROV.vOTU08392	Responder_Status	Responder	-1.04524895329801	0.589818078380475	0.0872517191825982	0.641408337370045	sample_2022120210001
HROV.vOTU02986	Responder_Status	Responder	-1.77399049227054	1.00213138772426	0.08758021512722	0.641408337370045	sample_2022120210001
HROV.vOTU15386	Responder_Status	Responder	-1.48793721913136	0.840072501490033	0.0874133249445705	0.641408337370045	sample_2022120210001
HROV.vOTU11450	Responder_Status	Responder	-1.12859044293779	0.63744930370914	0.0875358527778456	0.641408337370045	sample_2022120210001
HROV.vOTU22948	Responder_Status	Responder	1.0490786638012	0.592791254872736	0.0876635531518372	0.641408337370045	sample_2022120210001
HROV.vOTU34402	Responder_Status	Responder	-2.16257967147245	1.22387283956503	0.0881285979431678	0.643851348609629	sample_2022120210001
HROV.vOTU35076	Responder_Status	Responder	-0.855856994298167	0.484287161021396	0.0880852368713013	0.643851348609629	sample_2022120210001
HROV.vOTU61537	Responder_Status	Responder	1.04666329490299	0.592519339448292	0.0882198711188881	0.643851348609629	sample_2022120210001
HROV.vOTU15935	Responder_Status	Responder	-1.60381149131712	0.908479852446725	0.0884051736661298	0.64420055456528	sample_2022120210001
HROV.vOTU70215	Responder_Status	Responder	-1.77280678126669	1.00736481509303	0.0893567561032717	0.644341925106026	sample_2022120210001
HROV.vOTU01792	Responder_Status	Responder	-1.65813079544888	0.941851223117315	0.0892434945556943	0.644341925106026	sample_2022120210001
HROV.vOTU25750	Responder_Status	Responder	1.7314398530592	0.983804527994027	0.0893399800484521	0.644341925106026	sample_2022120210001
HROV.vOTU64477	Responder_Status	Responder	-0.806445890265924	0.458158032387444	0.0892970536518565	0.644341925106026	sample_2022120210001
HROV.vOTU41109	Responder_Status	Responder	-1.63314068488667	0.930039471170709	0.090024848197256	0.646373273278745	sample_2022120210001
HROV.vOTU46262	Responder_Status	Responder	-1.68455219425106	0.959176109597021	0.0899799368756518	0.646373273278745	sample_2022120210001
HROV.vOTU53011	Responder_Status	Responder	-1.67436139913182	0.954847110663475	0.0904519784079165	0.646373273278745	sample_2022120210001
HROV.vOTU05189	Responder_Status	Responder	-0.987338664709103	0.563082471273695	0.0904669401085553	0.646373273278745	sample_2022120210001
HROV.vOTU74136	Responder_Status	Responder	1.60512028034754	0.916185683460423	0.0907279742535207	0.646373273278745	sample_2022120210001
HROV.vOTU63137	Responder_Status	Responder	-0.934511855469865	0.533514444071495	0.0907883070864802	0.646373273278745	sample_2022120210001
HROV.vOTU56818	Responder_Status	Responder	-1.76384201994499	1.00468225557047	0.0900890131269548	0.646373273278745	sample_2022120210001
HROV.vOTU57540	Responder_Status	Responder	-1.32136958622769	0.755224654640663	0.0911350586867624	0.646871457023336	sample_2022120210001
HROV.vOTU08281	Responder_Status	Responder	1.77894895285211	1.01636688391114	0.091018448052924	0.646871457023336	sample_2022120210001
HROV.vOTU23301	Responder_Status	Responder	1.50595749919803	0.861304380159209	0.0913418974712834	0.647236704191379	sample_2022120210001
HROV.vOTU23121	Responder_Status	Responder	-1.14022851705957	0.651944159879259	0.0912530371087095	0.647236704191379	sample_2022120210001
HROV.vOTU03533	Responder_Status	Responder	-1.87040430304525	1.07184220027931	0.0919462931824531	0.647810086348695	sample_2022120210001
HROV.vOTU69838	Responder_Status	Responder	-0.824347099220947	0.472157351569063	0.0917908236544151	0.647810086348695	sample_2022120210001
HROV.vOTU10186	Responder_Status	Responder	1.81545494329463	1.03970220732034	0.0917530644431285	0.647810086348695	sample_2022120210001
HROV.vOTU42154	Responder_Status	Responder	0.388442015317666	0.222478116897368	0.0917797823454813	0.647810086348695	sample_2022120210001
HROV.vOTU62508	Responder_Status	Responder	-0.671029487434799	0.384516463797766	0.0919306311531739	0.647810086348695	sample_2022120210001
HROV.vOTU03678	Responder_Status	Responder	1.15203074765721	0.660290293640293	0.0919999823525763	0.647810086348695	sample_2022120210001
HROV.vOTU00812	Responder_Status	Responder	1.22740890542787	0.704288596232674	0.092349310412645	0.64801027248893	sample_2022120210001
HROV.vOTU72226	Responder_Status	Responder	-1.16466815992904	0.668634426146259	0.092509884159177	0.64801027248893	sample_2022120210001
HROV.vOTU00662	Responder_Status	Responder	1.87032164268063	1.07302247646739	0.0923002250019384	0.64801027248893	sample_2022120210001
HROV.vOTU23300	Responder_Status	Responder	2.06532679203891	1.18673631541823	0.0927804784226754	0.64801027248893	sample_2022120210001
HROV.vOTU71569	Responder_Status	Responder	1.58608896539511	0.910533656230726	0.0924969901630461	0.64801027248893	sample_2022120210001
HROV.vOTU16913	Responder_Status	Responder	1.2540302285758	0.719824387322754	0.0924613846043346	0.64801027248893	sample_2022120210001
HROV.vOTU07321	Responder_Status	Responder	-1.56249498989857	0.89841185396714	0.092988855939928	0.648165705211742	sample_2022120210001
HROV.vOTU01387	Responder_Status	Responder	-1.13811744284462	0.656657464853495	0.0940619589836122	0.648165705211742	sample_2022120210001
HROV.vOTU16293	Responder_Status	Responder	2.11953026503955	1.223176692047	0.0941323720394574	0.648165705211742	sample_2022120210001
HROV.vOTU11091	Responder_Status	Responder	1.63901786487722	0.946179080030176	0.0942333078437032	0.648165705211742	sample_2022120210001
HROV.vOTU29144	Responder_Status	Responder	2.72703611256089	1.56749379240628	0.092887348205969	0.648165705211742	sample_2022120210001
HROV.vOTU03026	Responder_Status	Responder	1.76385559007848	1.01737779947693	0.0939665234901565	0.648165705211742	sample_2022120210001
HROV.vOTU65868	Responder_Status	Responder	-1.07791027298368	0.622481751742196	0.0943446010332453	0.648165705211742	sample_2022120210001
HROV.vOTU50270	Responder_Status	Responder	-1.52673116617161	0.879915369620522	0.0937213675929894	0.648165705211742	sample_2022120210001
HROV.vOTU24790	Responder_Status	Responder	-1.44184018357626	0.832783586709101	0.0943958295403039	0.648165705211742	sample_2022120210001
HROV.vOTU42025	Responder_Status	Responder	1.79504887808207	1.03372002888292	0.0934688238563579	0.648165705211742	sample_2022120210001
HROV.vOTU36687	Responder_Status	Responder	-0.958905326280327	0.555819507728211	0.0955126002325698	0.650174536563816	sample_2022120210001
HROV.vOTU22119	Responder_Status	Responder	-0.954417298972788	0.553432726727763	0.0956349699557631	0.650193719986523	sample_2022120210001
HROV.vOTU75309	Responder_Status	Responder	-1.66062824583136	0.964226860088563	0.096057076449505	0.650615576078474	sample_2022120210001
HROV.vOTU46902	Responder_Status	Responder	-1.28612329248632	0.746781112379626	0.0960599291456823	0.650615576078474	sample_2022120210001
HROV.vOTU55083	Responder_Status	Responder	-1.77178120609259	1.03036422960106	0.0965485360165777	0.650872900085231	sample_2022120210001
HROV.vOTU32413	Responder_Status	Responder	1.94888874169361	1.13303089167781	0.0964565570866606	0.650872900085231	sample_2022120210001
HROV.vOTU53580	Responder_Status	Responder	1.5771949961172	0.917832053423545	0.0967656753424833	0.650872900085231	sample_2022120210001
HROV.vOTU35715	Responder_Status	Responder	-0.68628741266857	0.399215549155848	0.0966367290544594	0.650872900085231	sample_2022120210001
HROV.vOTU02547	Responder_Status	Responder	-0.563021319400208	0.327676323354093	0.0967966744891892	0.650872900085231	sample_2022120210001
HROV.vOTU58235	Responder_Status	Responder	0.891064905979576	0.519009381110956	0.0970496281879757	0.65123096937783	sample_2022120210001
HROV.vOTU22570	Responder_Status	Responder	-0.624742326225747	0.364176716499788	0.0973027395971253	0.651586396790973	sample_2022120210001
HROV.vOTU66047	Responder_Status	Responder	-1.52709065884162	0.890469324726741	0.097407566037396	0.652040875330423	sample_2022120210001
HROV.vOTU35391	Responder_Status	Responder	-1.86331995258504	1.08798386821748	0.0978343106001826	0.652643905213185	sample_2022120210001
HROV.vOTU67068	Responder_Status	Responder	-1.51983554820824	0.888403439161229	0.0981866753818694	0.653741387211248	sample_2022120210001
HROV.vOTU22698	Responder_Status	Responder	-1.72325981253172	1.00812435337071	0.098444571106532	0.654008941487452	sample_2022120210001
HROV.vOTU73219	Responder_Status	Responder	-1.75209939632486	1.02529768883336	0.0985389755804426	0.654262319198453	sample_2022120210001
HROV.vOTU75697	Responder_Status	Responder	-1.4792367102492	0.867144607170307	0.0991029058615775	0.65444658341814	sample_2022120210001
HROV.vOTU21746	Responder_Status	Responder	1.50423918523984	0.881493256292215	0.0989905505479385	0.65444658341814	sample_2022120210001
HROV.vOTU09281	Responder_Status	Responder	2.6447397608508	1.55143222381949	0.0993222605845946	0.65444658341814	sample_2022120210001
HROV.vOTU23563	Responder_Status	Responder	0.846776153406552	0.497098376142367	0.099562549203305	0.654604535117443	sample_2022120210001
HROV.vOTU37886	Responder_Status	Responder	-1.14458682248698	0.672692002718174	0.0999295155859913	0.654604535117443	sample_2022120210001
HROV.vOTU27588	Responder_Status	Responder	-0.587398240846259	0.345092157704336	0.0998067603169616	0.654604535117443	sample_2022120210001
HROV.vOTU19720	Responder_Status	Responder	-1.53227421863497	0.90195798657481	0.100437741237721	0.655613533585371	sample_2022120210001
HROV.vOTU11599	Responder_Status	Responder	-1.75647339046252	1.03503625174884	0.100784275715064	0.656324808141225	sample_2022120210001
HROV.vOTU72279	Responder_Status	Responder	-1.03494267641488	0.609780660536479	0.100741959822243	0.656324808141225	sample_2022120210001
HROV.vOTU72107	Responder_Status	Responder	0.844495621953245	0.497655375585447	0.10079721170833	0.656324808141225	sample_2022120210001
HROV.vOTU14986	Responder_Status	Responder	-0.811514000328503	0.478387705087606	0.100911354719374	0.656660041887018	sample_2022120210001
HROV.vOTU21960	Responder_Status	Responder	-1.99467450586992	1.1763781222518	0.101054159527674	0.657206720909726	sample_2022120210001
HROV.vOTU57852	Responder_Status	Responder	1.79487106548106	1.05881245200624	0.101137150530834	0.657206720909726	sample_2022120210001
HROV.vOTU08918	Responder_Status	Responder	-0.967807949953547	0.571503327953523	0.101469676279997	0.657232513853135	sample_2022120210001
HROV.vOTU55544	Responder_Status	Responder	-1.30527428837242	0.770549862892563	0.101371750054343	0.657232513853135	sample_2022120210001
HROV.vOTU35520	Responder_Status	Responder	-1.38297941300092	0.816792847198746	0.101519652087125	0.657353076226793	sample_2022120210001
HROV.vOTU08696	Responder_Status	Responder	2.04813390162197	1.21057472958924	0.10177264468661	0.657495602516416	sample_2022120210001
HROV.vOTU01828	Responder_Status	Responder	-1.42484847128834	0.842284557789976	0.101815387546896	0.657495602516416	sample_2022120210001
HROV.vOTU30149	Responder_Status	Responder	-1.90604007161773	1.12651498108543	0.101751379890521	0.657495602516416	sample_2022120210001
HROV.vOTU22888	Responder_Status	Responder	1.18234127391516	0.699129690611735	0.101909122625618	0.657842688707406	sample_2022120210001
HROV.vOTU56207	Responder_Status	Responder	1.60072674977546	0.94708125294638	0.102100992136327	0.65785515638213	sample_2022120210001
HROV.vOTU66841	Responder_Status	Responder	-1.32175426739988	0.78251874385174	0.102307247467039	0.65811715316244	sample_2022120210001
HROV.vOTU35164	Responder_Status	Responder	-1.86370627133802	1.10344892805678	0.102330403677137	0.65811715316244	sample_2022120210001
HROV.vOTU07496	Responder_Status	Responder	-1.45745156946442	0.863757014603227	0.102649060775306	0.658205420510833	sample_2022120210001
HROV.vOTU01633	Responder_Status	Responder	1.37471164877371	0.814134793704938	0.102413230330109	0.658205420510833	sample_2022120210001
HROV.vOTU21580	Responder_Status	Responder	-0.67437705568485	0.401121438494927	0.103841493379918	0.661016663126138	sample_2022120210001
HROV.vOTU39549	Responder_Status	Responder	2.07560184555773	1.23693296373175	0.104471790073337	0.661396931568468	sample_2022120210001
HROV.vOTU59806	Responder_Status	Responder	-1.06264423255611	0.633654506724672	0.104671797286976	0.661816250719463	sample_2022120210001
HROV.vOTU40350	Responder_Status	Responder	1.85785143596537	1.10819964800915	0.104780360098802	0.661903661142525	sample_2022120210001
HROV.vOTU60923	Responder_Status	Responder	-0.354882050887094	0.2116676255988	0.10475243235694	0.661903661142525	sample_2022120210001
HROV.vOTU43506	Responder_Status	Responder	-1.18775967309377	0.708625685076201	0.104842364734662	0.662072727737851	sample_2022120210001
HROV.vOTU52161	Responder_Status	Responder	0.83100521526895	0.496062079538891	0.105028570235845	0.662423938243634	sample_2022120210001
HROV.vOTU28224	Responder_Status	Responder	-1.74833601353646	1.04436188003164	0.105253060066328	0.663269842855209	sample_2022120210001
HROV.vOTU61540	Responder_Status	Responder	2.10766954915816	1.25993733150245	0.105498070650235	0.663426832327936	sample_2022120210001
HROV.vOTU10893	Responder_Status	Responder	-1.50581449853772	0.900214033178557	0.105519411171761	0.663426832327936	sample_2022120210001
HROV.vOTU61514	Responder_Status	Responder	-0.729982732017153	0.436355531132425	0.105483893050758	0.663426832327936	sample_2022120210001
HROV.vOTU18411	Responder_Status	Responder	1.58183612337827	0.946434296162986	0.105791077894906	0.66386257198146	sample_2022120210001
HROV.vOTU08175	Responder_Status	Responder	-0.885010016861287	0.530875308486664	0.106647753230293	0.66533332074493	sample_2022120210001
HROV.vOTU35516	Responder_Status	Responder	-1.66427934992417	0.998039040324859	0.106553078473748	0.66533332074493	sample_2022120210001
HROV.vOTU48715	Responder_Status	Responder	-1.08664594967828	0.652233368249543	0.106856137602896	0.665984134450403	sample_2022120210001
HROV.vOTU26953	Responder_Status	Responder	-1.43502997659986	0.863648143016321	0.107752497253456	0.667603808616995	sample_2022120210001
HROV.vOTU06241	Responder_Status	Responder	-1.02833291747274	0.619269918174565	0.107961810130506	0.667603808616995	sample_2022120210001
HROV.vOTU15873	Responder_Status	Responder	-0.559969980932054	0.336728284745421	0.107473338653622	0.667603808616995	sample_2022120210001
HROV.vOTU55301	Responder_Status	Responder	-1.38342518790961	0.833228548685952	0.108010005269273	0.667603808616995	sample_2022120210001
HROV.vOTU40432	Responder_Status	Responder	-0.643017946992642	0.386653934085367	0.107461351181314	0.667603808616995	sample_2022120210001
HROV.vOTU46696	Responder_Status	Responder	-1.01707425505131	0.613818772008816	0.108692116609026	0.668285938435081	sample_2022120210001
HROV.vOTU51043	Responder_Status	Responder	-0.859625677196409	0.518624827325577	0.108580551462047	0.668285938435081	sample_2022120210001
HROV.vOTU16151	Responder_Status	Responder	0.63821072033989	0.384946935539529	0.108497330526028	0.668285938435081	sample_2022120210001
HROV.vOTU03693	Responder_Status	Responder	-2.19486832217669	1.32634127298384	0.109127269093762	0.669025387221761	sample_2022120210001
HROV.vOTU31601	Responder_Status	Responder	0.725543478279263	0.438655026062918	0.109293106413333	0.669232693667387	sample_2022120210001
HROV.vOTU38220	Responder_Status	Responder	-1.35203391996865	0.818641877888974	0.109797750692789	0.67027055848919	sample_2022120210001
HROV.vOTU63559	Responder_Status	Responder	-0.78960973081906	0.478123541477433	0.109814365355529	0.67027055848919	sample_2022120210001
HROV.vOTU15151	Responder_Status	Responder	1.18920697468898	0.719645716698314	0.109606372510244	0.67027055848919	sample_2022120210001
HROV.vOTU01885	Responder_Status	Responder	-0.783266402689965	0.474147922738579	0.109718065287647	0.67027055848919	sample_2022120210001
HROV.vOTU30268	Responder_Status	Responder	0.963516923104088	0.583821513696673	0.110043498276487	0.671082840813255	sample_2022120210001
HROV.vOTU01773	Responder_Status	Responder	-1.49738343709316	0.907965730835165	0.110290548926569	0.671902125349248	sample_2022120210001
HROV.vOTU02746	Responder_Status	Responder	-1.21310935792413	0.735732942956262	0.110356190380058	0.672012129682165	sample_2022120210001
HROV.vOTU69242	Responder_Status	Responder	-0.517081614822232	0.313773396292982	0.110541726465597	0.672555758118699	sample_2022120210001
HROV.vOTU25193	Responder_Status	Responder	1.68036792628993	1.0196456993117	0.11053223022038	0.672555758118699	sample_2022120210001
HROV.vOTU32399	Responder_Status	Responder	-1.40407562826484	0.852477566760453	0.1107263720908	0.672811850269188	sample_2022120210001
HROV.vOTU66788	Responder_Status	Responder	1.51952553980248	0.922468745959432	0.110688085733178	0.672811850269188	sample_2022120210001
HROV.vOTU38393	Responder_Status	Responder	0.651345373208686	0.395522296085999	0.110779087708214	0.672811850269188	sample_2022120210001
HROV.vOTU20502	Responder_Status	Responder	1.89982262124163	1.15365880389768	0.110782770286765	0.672811850269188	sample_2022120210001
HROV.vOTU01595	Responder_Status	Responder	1.41879301803942	0.864423829681174	0.111918458834675	0.672926963856187	sample_2022120210001
HROV.vOTU00606	Responder_Status	Responder	1.69458665794726	1.03109501334872	0.11146706914366	0.672926963856187	sample_2022120210001
HROV.vOTU16955	Responder_Status	Responder	-0.80554351389058	0.489615091397185	0.111098065809924	0.672926963856187	sample_2022120210001
HROV.vOTU70173	Responder_Status	Responder	-1.36962049349326	0.835560467132087	0.112368529269879	0.672926963856187	sample_2022120210001
HROV.vOTU08294	Responder_Status	Responder	2.30525383724203	1.40452116261934	0.111919914852621	0.672926963856187	sample_2022120210001
HROV.vOTU07055	Responder_Status	Responder	-1.56529315591347	0.954730443805187	0.112295381056336	0.672926963856187	sample_2022120210001
HROV.vOTU65644	Responder_Status	Responder	-1.1079728669854	0.675424249685626	0.112107738064908	0.672926963856187	sample_2022120210001
HROV.vOTU10321	Responder_Status	Responder	1.16734470113817	0.710663614269351	0.111648260184645	0.672926963856187	sample_2022120210001
HROV.vOTU04811	Responder_Status	Responder	0.567925096873196	0.346324104797681	0.112221567995759	0.672926963856187	sample_2022120210001
HROV.vOTU13935	Responder_Status	Responder	0.551477844750436	0.335879235082272	0.111798108744438	0.672926963856187	sample_2022120210001
HROV.vOTU67958	Responder_Status	Responder	1.10325665168432	0.670328930583337	0.110976765151578	0.672926963856187	sample_2022120210001
HROV.vOTU10518	Responder_Status	Responder	0.992725759461311	0.606084709740363	0.112626684828449	0.673703000572003	sample_2022120210001
HROV.vOTU01021	Responder_Status	Responder	1.71716768648385	1.04929647214562	0.112928774624946	0.674369395112755	sample_2022120210001
HROV.vOTU48404	Responder_Status	Responder	-1.90827487541508	1.16712302997783	0.113238200389154	0.674369395112755	sample_2022120210001
HROV.vOTU52240	Responder_Status	Responder	-2.41007755943419	1.47259292456065	0.112901979800231	0.674369395112755	sample_2022120210001
HROV.vOTU16624	Responder_Status	Responder	1.04862217148666	0.641520070419756	0.113329876930327	0.674369395112755	sample_2022120210001
HROV.vOTU40670	Responder_Status	Responder	-0.586288598794684	0.358543845261811	0.113202586662771	0.674369395112755	sample_2022120210001
HROV.vOTU72129	Responder_Status	Responder	0.948864925119999	0.58082524750853	0.113528333781269	0.674859295534715	sample_2022120210001
HROV.vOTU07569	Responder_Status	Responder	2.07421258571362	1.27156816729436	0.114041631045855	0.675927560900773	sample_2022120210001
HROV.vOTU58654	Responder_Status	Responder	-1.35681849894556	0.831584505353375	0.113960617076625	0.675927560900773	sample_2022120210001
HROV.vOTU60207	Responder_Status	Responder	1.84897127206776	1.13341342425579	0.114019180333662	0.675927560900773	sample_2022120210001
HROV.vOTU48368	Responder_Status	Responder	-1.41113207568403	0.86606786653179	0.1144384626199	0.676288601363136	sample_2022120210001
HROV.vOTU69975	Responder_Status	Responder	-1.60957056998322	0.988043488270116	0.114503707400568	0.676288601363136	sample_2022120210001
HROV.vOTU34183	Responder_Status	Responder	1.6345653951594	1.00412565520877	0.114758977799084	0.677372057073725	sample_2022120210001
HROV.vOTU45183	Responder_Status	Responder	-1.45297428231445	0.893529261221107	0.115130813200579	0.677467978919311	sample_2022120210001
HROV.vOTU68597	Responder_Status	Responder	1.91515485709737	1.18112136590988	0.116124929185583	0.677467978919311	sample_2022120210001
HROV.vOTU43325	Responder_Status	Responder	1.28855110298622	0.793076756159221	0.115421222967185	0.677467978919311	sample_2022120210001
HROV.vOTU41294	Responder_Status	Responder	-0.956085147930732	0.588265388016384	0.115311612836328	0.677467978919311	sample_2022120210001
HROV.vOTU47480	Responder_Status	Responder	-1.31284394912011	0.808213546330854	0.115500905165602	0.677467978919311	sample_2022120210001
HROV.vOTU74833	Responder_Status	Responder	-1.84319154814669	1.1333205076168	0.115075950456902	0.677467978919311	sample_2022120210001
HROV.vOTU65186	Responder_Status	Responder	1.59644455141066	0.985675962210541	0.116518760828635	0.678550119932699	sample_2022120210001
HROV.vOTU03337	Responder_Status	Responder	1.43521644802401	0.887074932682456	0.116891387934193	0.678870460266193	sample_2022120210001
HROV.vOTU28979	Responder_Status	Responder	-1.51631859800117	0.937774997530047	0.117105351214214	0.679548217455685	sample_2022120210001
HROV.vOTU56629	Responder_Status	Responder	-0.612276669798616	0.37906484030043	0.117474883441323	0.679841712931131	sample_2022120210001
HROV.vOTU19378	Responder_Status	Responder	-2.08975209674874	1.29404478798215	0.117546615304099	0.679850181229004	sample_2022120210001
HROV.vOTU07878	Responder_Status	Responder	1.29954467357171	0.804704743355321	0.11753918577383	0.679850181229004	sample_2022120210001
HROV.vOTU07285	Responder_Status	Responder	-1.68007587217819	1.04084005323597	0.117708806816345	0.680412738794981	sample_2022120210001
HROV.vOTU59570	Responder_Status	Responder	-1.42620953797582	0.884390706585638	0.118037251183684	0.680666771286235	sample_2022120210001
HROV.vOTU12748	Responder_Status	Responder	0.779668084668733	0.483320592491118	0.117927681392065	0.680666771286235	sample_2022120210001
HROV.vOTU14206	Responder_Status	Responder	0.646263589593267	0.400536337362948	0.117852141815875	0.680666771286235	sample_2022120210001
HROV.vOTU37302	Responder_Status	Responder	1.45197387233469	0.901007809361107	0.118287626546012	0.681503202969878	sample_2022120210001
HROV.vOTU05768	Responder_Status	Responder	-1.23720284065921	0.767949602864744	0.118386624616887	0.681520431761304	sample_2022120210001
HROV.vOTU73863	Responder_Status	Responder	-0.386194686543068	0.239888042126855	0.118638641440666	0.681520431761304	sample_2022120210001
HROV.vOTU45109	Responder_Status	Responder	0.930347871042348	0.577943657966949	0.118669363483397	0.681520431761304	sample_2022120210001
HROV.vOTU60099	Responder_Status	Responder	1.86281033631219	1.15779876085339	0.11885161202569	0.681940812498895	sample_2022120210001
HROV.vOTU26908	Responder_Status	Responder	1.85844449212986	1.1555246611565	0.118985910122534	0.682075790966526	sample_2022120210001
HROV.vOTU22053	Responder_Status	Responder	-0.690143679768142	0.429302871653695	0.11914426402098	0.682126133264066	sample_2022120210001
HROV.vOTU48102	Responder_Status	Responder	-1.38678673655258	0.86378168330133	0.119608586283141	0.683171790217726	sample_2022120210001
HROV.vOTU64657	Responder_Status	Responder	0.91833025517095	0.572030270474275	0.119629628601041	0.683171790217726	sample_2022120210001
HROV.vOTU38933	Responder_Status	Responder	-0.979064006580417	0.610017973057485	0.119720503151698	0.683185882401197	sample_2022120210001
HROV.vOTU11570	Responder_Status	Responder	-1.31214498950778	0.817675632865976	0.119775718597482	0.683314932445077	sample_2022120210001
HROV.vOTU34520	Responder_Status	Responder	-1.03090996199565	0.644094907868214	0.120699311786278	0.685862353136397	sample_2022120210001
HROV.vOTU56546	Responder_Status	Responder	1.66307672523616	1.04102599657478	0.121371878405789	0.686074341921691	sample_2022120210001
HROV.vOTU31047	Responder_Status	Responder	1.14439556352715	0.7181058864034	0.122246301864179	0.686074341921691	sample_2022120210001
HROV.vOTU24417	Responder_Status	Responder	1.58536026785937	0.991990714635541	0.121232607864109	0.686074341921691	sample_2022120210001
HROV.vOTU59484	Responder_Status	Responder	-1.14404459889468	0.715660698380697	0.121137897961456	0.686074341921691	sample_2022120210001
HROV.vOTU12593	Responder_Status	Responder	-1.20975691701625	0.75683674257834	0.12117061776872	0.686074341921691	sample_2022120210001
HROV.vOTU08851	Responder_Status	Responder	-1.54357648509918	0.965656966679286	0.121162930121982	0.686074341921691	sample_2022120210001
HROV.vOTU31384	Responder_Status	Responder	0.788820352219546	0.494693897234527	0.122037194510673	0.686074341921691	sample_2022120210001
HROV.vOTU12146	Responder_Status	Responder	-0.863167281621998	0.540928806014268	0.121779374935905	0.686074341921691	sample_2022120210001
HROV.vOTU28665	Responder_Status	Responder	-1.5582505574379	0.979900059959006	0.123015574376426	0.686293968307132	sample_2022120210001
HROV.vOTU10604	Responder_Status	Responder	-0.798105042343162	0.501847328528689	0.122988358319408	0.686293968307132	sample_2022120210001
HROV.vOTU05314	Responder_Status	Responder	-1.01838339256253	0.640221112088606	0.122911614263934	0.686293968307132	sample_2022120210001
HROV.vOTU10151	Responder_Status	Responder	1.60328568407754	1.00706518959093	0.122604457663605	0.686293968307132	sample_2022120210001
HROV.vOTU44352	Responder_Status	Responder	-1.42938299311432	0.898851099197292	0.123011152683323	0.686293968307132	sample_2022120210001
HROV.vOTU23303	Responder_Status	Responder	0.930620348452905	0.585019839572031	0.122894568731542	0.686293968307132	sample_2022120210001
HROV.vOTU30514	Responder_Status	Responder	-0.85577884245542	0.538814445415715	0.123456632621449	0.686376760100821	sample_2022120210001
HROV.vOTU45378	Responder_Status	Responder	0.602066886898794	0.379011645662455	0.123398790359271	0.686376760100821	sample_2022120210001
HROV.vOTU17559	Responder_Status	Responder	1.08101863259531	0.680474093756982	0.123374459551465	0.686376760100821	sample_2022120210001
HROV.vOTU70085	Responder_Status	Responder	1.31556682515417	0.828167455605295	0.123396666759228	0.686376760100821	sample_2022120210001
HROV.vOTU38389	Responder_Status	Responder	-1.86215422327475	1.17593270611786	0.124526136290928	0.686545019699549	sample_2022120210001
HROV.vOTU49378	Responder_Status	Responder	-1.75435701432023	1.10721402221148	0.124315707013362	0.686545019699549	sample_2022120210001
HROV.vOTU18429	Responder_Status	Responder	-1.15656428701266	0.729562064371631	0.12413208340395	0.686545019699549	sample_2022120210001
HROV.vOTU06760	Responder_Status	Responder	-2.14143989163249	1.35239201701966	0.124550983390115	0.686545019699549	sample_2022120210001
HROV.vOTU53426	Responder_Status	Responder	-0.551280112850889	0.347944613816298	0.12433580374512	0.686545019699549	sample_2022120210001
HROV.vOTU48561	Responder_Status	Responder	1.40236584397543	0.888928466040835	0.125891968029607	0.687876863894826	sample_2022120210001
HROV.vOTU17948	Responder_Status	Responder	1.19229406801704	0.756322029487635	0.12615774054637	0.68825253561997	sample_2022120210001
HROV.vOTU56580	Responder_Status	Responder	-1.01546908566485	0.645303885457915	0.126806149931423	0.688346931556719	sample_2022120210001
HROV.vOTU19145	Responder_Status	Responder	-2.3614150827761	1.49984963946166	0.126619907282366	0.688346931556719	sample_2022120210001
HROV.vOTU49004	Responder_Status	Responder	1.43144279252006	0.909635373794843	0.126802603911571	0.688346931556719	sample_2022120210001
HROV.vOTU32220	Responder_Status	Responder	-1.17838809866468	0.747924986333034	0.126363872871182	0.688346931556719	sample_2022120210001
HROV.vOTU08173	Responder_Status	Responder	-0.549883525886527	0.349809815069724	0.127195264780958	0.688602982691598	sample_2022120210001
HROV.vOTU31714	Responder_Status	Responder	1.13453983361099	0.723202124351115	0.127934123065324	0.689185419882586	sample_2022120210001
HROV.vOTU40468	Responder_Status	Responder	1.59113559523727	1.0152780726297	0.128303074956404	0.689185419882586	sample_2022120210001
HROV.vOTU24353	Responder_Status	Responder	1.62856458941412	1.03911798226054	0.128287946943392	0.689185419882586	sample_2022120210001
HROV.vOTU64261	Responder_Status	Responder	1.46104533116715	0.931586119349974	0.128034658283787	0.689185419882586	sample_2022120210001
HROV.vOTU28941	Responder_Status	Responder	2.12615416290228	1.3576460796446	0.128567962750309	0.689478834324231	sample_2022120210001
HROV.vOTU58984	Responder_Status	Responder	-2.51658492803164	1.6079365990247	0.128792142324671	0.689699362065687	sample_2022120210001
HROV.vOTU61225	Responder_Status	Responder	-1.48455577144844	0.948435417084691	0.128753219209162	0.689699362065687	sample_2022120210001
HROV.vOTU30807	Responder_Status	Responder	-1.82639190419147	1.16954388544563	0.129608648953671	0.689772511000793	sample_2022120210001
HROV.vOTU01894	Responder_Status	Responder	-1.20577793894059	0.770680164494134	0.128918466329617	0.689772511000793	sample_2022120210001
HROV.vOTU69864	Responder_Status	Responder	-1.35358763052026	0.867202268982693	0.129787866657095	0.689772511000793	sample_2022120210001
HROV.vOTU74328	Responder_Status	Responder	-0.853997918753143	0.548582995983203	0.130765725774509	0.689772511000793	sample_2022120210001
HROV.vOTU68918	Responder_Status	Responder	1.67050202994788	1.0705102830386	0.129880968065142	0.689772511000793	sample_2022120210001
HROV.vOTU38046	Responder_Status	Responder	2.00947089093394	1.2904856477628	0.130668704786553	0.689772511000793	sample_2022120210001
HROV.vOTU59590	Responder_Status	Responder	1.8929020571089	1.21351203852161	0.130026956460305	0.689772511000793	sample_2022120210001
HROV.vOTU43848	Responder_Status	Responder	-0.478638559165711	0.307139372816734	0.130376620612444	0.689772511000793	sample_2022120210001
HROV.vOTU67948	Responder_Status	Responder	-1.31044721571895	0.840869410136059	0.130360659316332	0.689772511000793	sample_2022120210001
HROV.vOTU08388	Responder_Status	Responder	1.72351571400071	1.10583608455987	0.130332194263949	0.689772511000793	sample_2022120210001
HROV.vOTU17653	Responder_Status	Responder	0.756329300760965	0.485597397762152	0.130578548611027	0.689772511000793	sample_2022120210001
HROV.vOTU03842	Responder_Status	Responder	1.06350598841257	0.680935167404655	0.129560597253216	0.689772511000793	sample_2022120210001
HROV.vOTU15752	Responder_Status	Responder	-0.687826171106694	0.439820751357248	0.129079221183743	0.689772511000793	sample_2022120210001
HROV.vOTU67015	Responder_Status	Responder	-0.434113088191718	0.278309579859093	0.130034872709326	0.689772511000793	sample_2022120210001
HROV.vOTU45865	Responder_Status	Responder	1.23963460547582	0.796954556349332	0.131067315301649	0.689897269895171	sample_2022120210001
HROV.vOTU52184	Responder_Status	Responder	-1.57455058090176	1.01394489151778	0.131679305981376	0.690925274282628	sample_2022120210001
HROV.vOTU24816	Responder_Status	Responder	0.929731975578434	0.598727737851571	0.131691148414079	0.690925274282628	sample_2022120210001
HROV.vOTU08533	Responder_Status	Responder	0.545028650863573	0.351107802690823	0.131818801554719	0.691421942088815	sample_2022120210001
HROV.vOTU50704	Responder_Status	Responder	-2.04015093005975	1.31462919889308	0.131921134637258	0.691547877620296	sample_2022120210001
HROV.vOTU54200	Responder_Status	Responder	-1.37759045267228	0.888198478220493	0.132133832456373	0.691645009780787	sample_2022120210001
HROV.vOTU45672	Responder_Status	Responder	2.03043031242932	1.30884110780265	0.132056004406989	0.691645009780787	sample_2022120210001
HROV.vOTU03270	Responder_Status	Responder	1.31904412169846	0.850986766171091	0.132367782659635	0.691645009780787	sample_2022120210001
HROV.vOTU34716	Responder_Status	Responder	-0.851713913833144	0.550042566368263	0.132743647947671	0.691944009197509	sample_2022120210001
HROV.vOTU19575	Responder_Status	Responder	1.47341352967466	0.952073432032417	0.132952077807839	0.692674254553596	sample_2022120210001
HROV.vOTU34588	Responder_Status	Responder	1.56189008949778	1.00995370701241	0.133213822990509	0.693360250777518	sample_2022120210001
HROV.vOTU72761	Responder_Status	Responder	1.51427371579664	0.979788582031566	0.1334515760129	0.693543166927395	sample_2022120210001
HROV.vOTU49935	Responder_Status	Responder	0.993692757879626	0.643483898716307	0.133758779440259	0.694128253792483	sample_2022120210001
HROV.vOTU42804	Responder_Status	Responder	-1.43208578485904	0.928771969803127	0.134321929803236	0.695500901352724	sample_2022120210001
HROV.vOTU15472	Responder_Status	Responder	1.41453443404002	0.917795032645523	0.134487432396249	0.695755021165041	sample_2022120210001
HROV.vOTU61223	Responder_Status	Responder	1.38354968911373	0.897677202021021	0.134481620710941	0.695755021165041	sample_2022120210001
HROV.vOTU69449	Responder_Status	Responder	0.294436432124635	0.191266732529055	0.134932171519715	0.695910018467822	sample_2022120210001
HROV.vOTU09133	Responder_Status	Responder	1.37994600286207	0.897351333390023	0.135322970344673	0.696060305737154	sample_2022120210001
HROV.vOTU11240	Responder_Status	Responder	1.99871139401437	1.3004200350145	0.135524511757134	0.696060305737154	sample_2022120210001
HROV.vOTU22508	Responder_Status	Responder	-1.0761874680734	0.700162466635864	0.135504910313769	0.696060305737154	sample_2022120210001
HROV.vOTU63227	Responder_Status	Responder	-0.754344374966888	0.490392801382976	0.13521411537089	0.696060305737154	sample_2022120210001
HROV.vOTU39510	Responder_Status	Responder	1.34946215020359	0.878313208165366	0.13565869985383	0.696060305737154	sample_2022120210001
HROV.vOTU65200	Responder_Status	Responder	0.73815899661192	0.481356058906549	0.136375726872499	0.697090277648226	sample_2022120210001
HROV.vOTU32680	Responder_Status	Responder	-1.56726562433488	1.02323222393044	0.136822727525874	0.697252254892714	sample_2022120210001
HROV.vOTU22790	Responder_Status	Responder	-0.737189652640321	0.481637152624493	0.137091334645488	0.697252254892714	sample_2022120210001
HROV.vOTU62380	Responder_Status	Responder	1.38660596100803	0.906107950373746	0.137166210563434	0.697252254892714	sample_2022120210001
HROV.vOTU03041	Responder_Status	Responder	-0.660429862490635	0.431749722548673	0.137321436459786	0.697252254892714	sample_2022120210001
HROV.vOTU01204	Responder_Status	Responder	-1.5194008441991	0.992934281819385	0.137184699101858	0.697252254892714	sample_2022120210001
HROV.vOTU05518	Responder_Status	Responder	1.02996840193685	0.67291912827815	0.137089789847963	0.697252254892714	sample_2022120210001
HROV.vOTU46503	Responder_Status	Responder	0.562479079446785	0.366881361541331	0.136464843881052	0.697252254892714	sample_2022120210001
HROV.vOTU21259	Responder_Status	Responder	-0.79008027532951	0.516278850575925	0.137154244269387	0.697252254892714	sample_2022120210001
HROV.vOTU51707	Responder_Status	Responder	-0.518730566618835	0.33922322376618	0.137441830254609	0.697694541568565	sample_2022120210001
HROV.vOTU37929	Responder_Status	Responder	0.538348894403238	0.352241544077967	0.137644675529334	0.697985185429078	sample_2022120210001
HROV.vOTU60404	Responder_Status	Responder	-0.81702836687217	0.534891136429062	0.137863777795828	0.698167826606569	sample_2022120210001
HROV.vOTU32964	Responder_Status	Responder	1.34074942304003	0.878002118789141	0.137968088635707	0.698167826606569	sample_2022120210001
HROV.vOTU10264	Responder_Status	Responder	-1.35700692507691	0.888351936989558	0.137841751758713	0.698167826606569	sample_2022120210001
HROV.vOTU46268	Responder_Status	Responder	-1.12105498101509	0.733796098376569	0.137794261829994	0.698167826606569	sample_2022120210001
HROV.vOTU03409	Responder_Status	Responder	1.51887236944572	0.995009777779166	0.138105959609463	0.698547883360308	sample_2022120210001
HROV.vOTU67214	Responder_Status	Responder	-2.11220739718609	1.38681323328072	0.138957758899044	0.699965062851229	sample_2022120210001
HROV.vOTU08185	Responder_Status	Responder	-0.608602248506417	0.399530724420583	0.138901105603089	0.699965062851229	sample_2022120210001
HROV.vOTU68778	Responder_Status	Responder	1.9149180517921	1.25754135126175	0.139037056504108	0.700028033707926	sample_2022120210001
HROV.vOTU66220	Responder_Status	Responder	-1.38791095264576	0.914399491452343	0.140266113000619	0.700300745516203	sample_2022120210001
HROV.vOTU03487	Responder_Status	Responder	-1.68870218702303	1.11415021121388	0.140807801660243	0.700300745516203	sample_2022120210001
HROV.vOTU10686	Responder_Status	Responder	1.60007846969384	1.05501076009121	0.140565918526002	0.700300745516203	sample_2022120210001
HROV.vOTU00489	Responder_Status	Responder	-0.621799151474931	0.41034325948746	0.140901498686269	0.700300745516203	sample_2022120210001
HROV.vOTU09258	Responder_Status	Responder	1.34618624809196	0.886357608123312	0.140028615700905	0.700300745516203	sample_2022120210001
HROV.vOTU46010	Responder_Status	Responder	1.30447692925357	0.860816236608936	0.14088114521581	0.700300745516203	sample_2022120210001
HROV.vOTU59995	Responder_Status	Responder	1.81526904091868	1.19590249194404	0.140248898677406	0.700300745516203	sample_2022120210001
HROV.vOTU44129	Responder_Status	Responder	-2.21196011824011	1.46077975270874	0.141174631673294	0.700300745516203	sample_2022120210001
HROV.vOTU03705	Responder_Status	Responder	-1.20640501014501	0.793583461021623	0.139673990896844	0.700300745516203	sample_2022120210001
HROV.vOTU44910	Responder_Status	Responder	-0.956901259683686	0.630072948331519	0.140046061640507	0.700300745516203	sample_2022120210001
HROV.vOTU45982	Responder_Status	Responder	1.06985309136214	0.706852781084311	0.14134850568978	0.700300745516203	sample_2022120210001
HROV.vOTU49583	Responder_Status	Responder	1.23194546094794	0.811489762463458	0.140193400256027	0.700300745516203	sample_2022120210001
HROV.vOTU67736	Responder_Status	Responder	1.45069373701368	0.958605392187856	0.141400768513265	0.700300745516203	sample_2022120210001
HROV.vOTU24040	Responder_Status	Responder	0.90041955097574	0.59521588578398	0.141546627746806	0.700712639955848	sample_2022120210001
HROV.vOTU17661	Responder_Status	Responder	-1.30228909866921	0.862728316822055	0.142373891617191	0.702005384799944	sample_2022120210001
HROV.vOTU40909	Responder_Status	Responder	0.652563748360217	0.432234283454898	0.142311683181144	0.702005384799944	sample_2022120210001
HROV.vOTU03889	Responder_Status	Responder	1.01219925410561	0.670557983350403	0.142377141735905	0.702005384799944	sample_2022120210001
HROV.vOTU06438	Responder_Status	Responder	1.35679165778304	0.899268569927753	0.14255922616348	0.702542593543383	sample_2022120210001
HROV.vOTU17285	Responder_Status	Responder	1.84028491101876	1.22034705272371	0.142755674608733	0.702542593543383	sample_2022120210001
HROV.vOTU47690	Responder_Status	Responder	-1.08499626459883	0.719297541507679	0.142651297474158	0.702542593543383	sample_2022120210001
HROV.vOTU74002	Responder_Status	Responder	1.0411327521582	0.690853468967443	0.143004936257254	0.702926488510191	sample_2022120210001
HROV.vOTU58202	Responder_Status	Responder	1.68555085746433	1.11863143162937	0.143062797058405	0.702926488510191	sample_2022120210001
HROV.vOTU32957	Responder_Status	Responder	1.25536817300689	0.834475818090652	0.143681237483711	0.70383771263427	sample_2022120210001
HROV.vOTU07994	Responder_Status	Responder	-1.38418890611832	0.920788850636272	0.143967178868331	0.704212851593982	sample_2022120210001
HROV.vOTU05033	Responder_Status	Responder	1.53175398049521	1.01917252216721	0.144050687885322	0.704292609768217	sample_2022120210001
HROV.vOTU09661	Responder_Status	Responder	-1.33511779817081	0.889008990175657	0.1443421358182	0.704498021079557	sample_2022120210001
HROV.vOTU28535	Responder_Status	Responder	-0.937313315784325	0.623917478054175	0.144213924392244	0.704498021079557	sample_2022120210001
HROV.vOTU13070	Responder_Status	Responder	-1.42715567640734	0.951478558585196	0.144823663367166	0.704543892764222	sample_2022120210001
HROV.vOTU09659	Responder_Status	Responder	1.27433970310006	0.849924054762701	0.144972643558486	0.704543892764222	sample_2022120210001
HROV.vOTU25638	Responder_Status	Responder	0.519534074313471	0.346152239992693	0.144579250899533	0.704543892764222	sample_2022120210001
HROV.vOTU07214	Responder_Status	Responder	-1.15346681546297	0.768378787123083	0.144505531769834	0.704543892764222	sample_2022120210001
HROV.vOTU49842	Responder_Status	Responder	1.1895238843253	0.79255101391198	0.144580095919228	0.704543892764222	sample_2022120210001
HROV.vOTU24697	Responder_Status	Responder	0.761926444671456	0.508148040227008	0.144956874800839	0.704543892764222	sample_2022120210001
HROV.vOTU16199	Responder_Status	Responder	1.81080635567693	1.20818621170633	0.145121429843635	0.704596419151329	sample_2022120210001
HROV.vOTU62321	Responder_Status	Responder	1.67334394488226	1.11879443237028	0.145927481196923	0.705406008905589	sample_2022120210001
HROV.vOTU04131	Responder_Status	Responder	1.84919381750638	1.23717415111735	0.146180723802853	0.705407981474164	sample_2022120210001
HROV.vOTU06489	Responder_Status	Responder	2.05833425233756	1.37715453432595	0.146197150358958	0.705407981474164	sample_2022120210001
HROV.vOTU21557	Responder_Status	Responder	-1.06513584180384	0.712429796351974	0.146081192909815	0.705407981474164	sample_2022120210001
HROV.vOTU70414	Responder_Status	Responder	0.925760025914814	0.619868253585342	0.146496119428713	0.705939271844954	sample_2022120210001
HROV.vOTU15477	Responder_Status	Responder	-0.731643369385606	0.490922499218092	0.147313793356687	0.706102531244291	sample_2022120210001
HROV.vOTU57796	Responder_Status	Responder	1.28407972455892	0.861031241956536	0.147056796650285	0.706102531244291	sample_2022120210001
HROV.vOTU18938	Responder_Status	Responder	0.952853775910707	0.639267360343263	0.147262460244944	0.706102531244291	sample_2022120210001
HROV.vOTU06834	Responder_Status	Responder	-0.472421490152867	0.316836228799813	0.147126968369414	0.706102531244291	sample_2022120210001
HROV.vOTU49140	Responder_Status	Responder	1.37316930774758	0.921650846189581	0.147429400985947	0.706115286541396	sample_2022120210001
HROV.vOTU55745	Responder_Status	Responder	-1.13948277751294	0.765456365770751	0.147761909381649	0.706352528035232	sample_2022120210001
HROV.vOTU04949	Responder_Status	Responder	1.55997736456434	1.04771783413969	0.147684095810342	0.706352528035232	sample_2022120210001
HROV.vOTU14817	Responder_Status	Responder	-1.71235139044662	1.1535469599896	0.148868307705704	0.706600948205364	sample_2022120210001
HROV.vOTU56875	Responder_Status	Responder	0.580664875648533	0.391192642656058	0.14888879456653	0.706600948205364	sample_2022120210001
HROV.vOTU71847	Responder_Status	Responder	1.54332730391893	1.04029969053251	0.149100917806755	0.706600948205364	sample_2022120210001
HROV.vOTU35510	Responder_Status	Responder	0.629746527182251	0.424387717428195	0.149007685627778	0.706600948205364	sample_2022120210001
HROV.vOTU62203	Responder_Status	Responder	-1.37014619346689	0.921204926071516	0.14810043298575	0.706600948205364	sample_2022120210001
HROV.vOTU14828	Responder_Status	Responder	0.522796846838754	0.351531216634052	0.148137835415954	0.706600948205364	sample_2022120210001
HROV.vOTU01645	Responder_Status	Responder	1.46740588020582	0.988513268863934	0.14885917015444	0.706600948205364	sample_2022120210001
HROV.vOTU06556	Responder_Status	Responder	0.763837272605046	0.514513883446097	0.148826734193918	0.706600948205364	sample_2022120210001
HROV.vOTU43365	Responder_Status	Responder	-1.26302790083755	0.852483403358733	0.149617597103481	0.70661289721111	sample_2022120210001
HROV.vOTU10339	Responder_Status	Responder	-1.05324349161266	0.710707861297081	0.149517684327707	0.70661289721111	sample_2022120210001
HROV.vOTU41621	Responder_Status	Responder	1.59727325740617	1.07879799364695	0.149877704189351	0.707212219677801	sample_2022120210001
HROV.vOTU14873	Responder_Status	Responder	1.6545018382637	1.11820895802836	0.15014422615408	0.707615882152464	sample_2022120210001
HROV.vOTU69341	Responder_Status	Responder	-0.966600408383038	0.653848841074133	0.150483241668987	0.707815637492896	sample_2022120210001
HROV.vOTU02550	Responder_Status	Responder	1.51466848334059	1.02697584993854	0.151400775613166	0.708549615840816	sample_2022120210001
HROV.vOTU01280	Responder_Status	Responder	1.99367590076309	1.35177700336869	0.151407902504727	0.708549615840816	sample_2022120210001
HROV.vOTU14316	Responder_Status	Responder	-1.20679053049369	0.817496829448055	0.151048390798162	0.708549615840816	sample_2022120210001
HROV.vOTU23360	Responder_Status	Responder	0.592581598891638	0.401741793095449	0.151361034996756	0.708549615840816	sample_2022120210001
HROV.vOTU06975	Responder_Status	Responder	-0.557573456711957	0.378298169427755	0.151663621124891	0.708718364236661	sample_2022120210001
HROV.vOTU66515	Responder_Status	Responder	-0.5301774768283	0.35995155401612	0.151927678476815	0.708718364236661	sample_2022120210001
HROV.vOTU01625	Responder_Status	Responder	1.68401676763101	1.14452127252499	0.152341169891106	0.709430821925239	sample_2022120210001
HROV.vOTU28323	Responder_Status	Responder	0.89970401576477	0.611560855160327	0.1523981020169	0.709430821925239	sample_2022120210001
HROV.vOTU01236	Responder_Status	Responder	1.77301213204902	1.20550011318924	0.152503255734134	0.709430821925239	sample_2022120210001
HROV.vOTU51937	Responder_Status	Responder	0.860469275924013	0.585166336625016	0.152583754452543	0.709439994082809	sample_2022120210001
HROV.vOTU20977	Responder_Status	Responder	2.07803499076187	1.4154001658166	0.153205646541058	0.710380984921785	sample_2022120210001
HROV.vOTU56218	Responder_Status	Responder	-1.53955080597319	1.04926676628456	0.153447887133068	0.710380984921785	sample_2022120210001
HROV.vOTU21384	Responder_Status	Responder	-1.19826612638409	0.816568126128773	0.153399745983055	0.710380984921785	sample_2022120210001
HROV.vOTU08091	Responder_Status	Responder	0.710476686327875	0.484031769283765	0.153294721151608	0.710380984921785	sample_2022120210001
HROV.vOTU74217	Responder_Status	Responder	0.676589739728924	0.460986164248425	0.153329798249824	0.710380984921785	sample_2022120210001
HROV.vOTU64337	Responder_Status	Responder	-0.719076572369852	0.490097517332238	0.153462007162652	0.710380984921785	sample_2022120210001
HROV.vOTU34214	Responder_Status	Responder	-1.20079247265088	0.817887353520206	0.153204871434661	0.710380984921785	sample_2022120210001
HROV.vOTU41365	Responder_Status	Responder	-1.14866475622867	0.784363719266656	0.154208290074934	0.710584559376027	sample_2022120210001
HROV.vOTU15439	Responder_Status	Responder	-1.34646996519517	0.918344348135756	0.153737312545093	0.710584559376027	sample_2022120210001
HROV.vOTU01872	Responder_Status	Responder	-1.48127987215292	1.01055183459667	0.153840161111807	0.710584559376027	sample_2022120210001
HROV.vOTU53214	Responder_Status	Responder	-1.37929379598848	0.941659605011379	0.154128694031083	0.710584559376027	sample_2022120210001
HROV.vOTU71692	Responder_Status	Responder	0.93888046743646	0.641186352357191	0.15425380463554	0.710584559376027	sample_2022120210001
HROV.vOTU55519	Responder_Status	Responder	-1.03460723628928	0.706535314796663	0.154239533303883	0.710584559376027	sample_2022120210001
HROV.vOTU07555	Responder_Status	Responder	2.48191019521283	1.69561204485688	0.154406092233859	0.710817415598877	sample_2022120210001
HROV.vOTU05159	Responder_Status	Responder	1.15427318246519	0.789147263333013	0.154688958787725	0.710960754562173	sample_2022120210001
HROV.vOTU17684	Responder_Status	Responder	-0.697997979511949	0.477227047361059	0.154708587860595	0.710960754562173	sample_2022120210001
HROV.vOTU39839	Responder_Status	Responder	-2.07319537686567	1.41810424751982	0.154889074509697	0.710997380891584	sample_2022120210001
HROV.vOTU15791	Responder_Status	Responder	1.05492868995354	0.721459424422901	0.154816592785419	0.710997380891584	sample_2022120210001
HROV.vOTU12134	Responder_Status	Responder	-0.346955672488635	0.237476839281444	0.155145094560981	0.711112589162691	sample_2022120210001
HROV.vOTU10994	Responder_Status	Responder	1.68781304278178	1.15614162188765	0.155456420091332	0.711123104076499	sample_2022120210001
HROV.vOTU47628	Responder_Status	Responder	-1.15042120328698	0.78828629322769	0.15558526975695	0.711123104076499	sample_2022120210001
HROV.vOTU28637	Responder_Status	Responder	0.797768109925034	0.546452123063629	0.155446095725085	0.711123104076499	sample_2022120210001
HROV.vOTU01231	Responder_Status	Responder	1.80954972493552	1.24135695448348	0.156043630143343	0.71148020182825	sample_2022120210001
HROV.vOTU61708	Responder_Status	Responder	-1.47996456511311	1.01587653604127	0.156285818376009	0.71153710947143	sample_2022120210001
HROV.vOTU57885	Responder_Status	Responder	-1.96601300508508	1.34945024761543	0.156268235297241	0.71153710947143	sample_2022120210001
HROV.vOTU37296	Responder_Status	Responder	1.49239344790469	1.0244587543855	0.156305619316737	0.71153710947143	sample_2022120210001
HROV.vOTU30007	Responder_Status	Responder	0.974653626189866	0.670048654842245	0.156899137614513	0.712889999610496	sample_2022120210001
HROV.vOTU37626	Responder_Status	Responder	0.791965933518083	0.544539338378571	0.15696059646679	0.712889999610496	sample_2022120210001
HROV.vOTU04934	Responder_Status	Responder	-1.45458116875117	1.0006009279598	0.157145046921023	0.712889999610496	sample_2022120210001
HROV.vOTU15270	Responder_Status	Responder	-0.485518281472568	0.333974709317082	0.157131271286497	0.712889999610496	sample_2022120210001
HROV.vOTU74035	Responder_Status	Responder	-1.25752101448702	0.864979006802313	0.157114980141824	0.712889999610496	sample_2022120210001
HROV.vOTU66925	Responder_Status	Responder	0.474673478452504	0.32679545415202	0.157475224150601	0.712889999610496	sample_2022120210001
HROV.vOTU72239	Responder_Status	Responder	1.37848782919298	0.947627457081425	0.156879485683522	0.712889999610496	sample_2022120210001
HROV.vOTU05358	Responder_Status	Responder	-0.618114647387425	0.425828766442399	0.157738130367093	0.713145419673824	sample_2022120210001
HROV.vOTU11438	Responder_Status	Responder	1.3691470347227	0.944679300000364	0.158355532635933	0.71440636333387	sample_2022120210001
HROV.vOTU33361	Responder_Status	Responder	1.5059830642617	1.03939366001343	0.158471728948129	0.714776724500274	sample_2022120210001
HROV.vOTU28293	Responder_Status	Responder	-1.53134219363166	1.05732648327541	0.158635343012203	0.715053073018448	sample_2022120210001
HROV.vOTU67169	Responder_Status	Responder	-1.13918982737638	0.787091698618634	0.158905927831481	0.715497083897656	sample_2022120210001
HROV.vOTU29574	Responder_Status	Responder	-0.524252758205314	0.362320642368464	0.159019928311279	0.715497083897656	sample_2022120210001
HROV.vOTU34151	Responder_Status	Responder	1.69056678361677	1.16906531506396	0.159255302463622	0.71569278294115	sample_2022120210001
HROV.vOTU50165	Responder_Status	Responder	0.814696322109897	0.563279253494471	0.15918262174219	0.71569278294115	sample_2022120210001
HROV.vOTU30877	Responder_Status	Responder	1.62939197810882	1.12878543639677	0.159978144765605	0.716173025796204	sample_2022120210001
HROV.vOTU15797	Responder_Status	Responder	-1.05278643791366	0.729790666502597	0.1602309072767	0.716385767059618	sample_2022120210001
HROV.vOTU67194	Responder_Status	Responder	-0.544475759592755	0.378015128028572	0.160856169763612	0.716481035900042	sample_2022120210001
HROV.vOTU09249	Responder_Status	Responder	-1.50522086970926	1.04559669841354	0.161073312487454	0.716481035900042	sample_2022120210001
HROV.vOTU14202	Responder_Status	Responder	1.39643441005139	0.970753984676414	0.161375636009638	0.716481035900042	sample_2022120210001
HROV.vOTU43750	Responder_Status	Responder	1.30909618713212	0.909247591756772	0.161023636549487	0.716481035900042	sample_2022120210001
HROV.vOTU09255	Responder_Status	Responder	2.00677015658552	1.39396220269481	0.161063438410969	0.716481035900042	sample_2022120210001
HROV.vOTU17856	Responder_Status	Responder	-1.09107486817088	0.758535299941175	0.161406008579169	0.716481035900042	sample_2022120210001
HROV.vOTU66687	Responder_Status	Responder	-0.809398270899213	0.561554362792919	0.160576146552914	0.716481035900042	sample_2022120210001
HROV.vOTU72000	Responder_Status	Responder	-0.550885537453915	0.382026980887394	0.160393162989724	0.716481035900042	sample_2022120210001
HROV.vOTU46469	Responder_Status	Responder	-0.696661596033082	0.484039794780671	0.161161961116209	0.716481035900042	sample_2022120210001
HROV.vOTU36564	Responder_Status	Responder	1.12977572430119	0.785721713329343	0.161550685064266	0.716481035900042	sample_2022120210001
HROV.vOTU28238	Responder_Status	Responder	1.85847607400569	1.29174210838412	0.161310623241705	0.716481035900042	sample_2022120210001
HROV.vOTU06106	Responder_Status	Responder	1.16148005633188	0.80652896426562	0.160928351735675	0.716481035900042	sample_2022120210001
HROV.vOTU67959	Responder_Status	Responder	-0.584743631502024	0.406994181298705	0.161873430052991	0.717089749556952	sample_2022120210001
HROV.vOTU63272	Responder_Status	Responder	0.947281928264329	0.659347677469455	0.161885115460789	0.717089749556952	sample_2022120210001
HROV.vOTU40972	Responder_Status	Responder	-1.10248041451169	0.768122637471538	0.162281189991173	0.717293634624026	sample_2022120210001
HROV.vOTU60459	Responder_Status	Responder	1.48581096780029	1.03514094813698	0.162259015382813	0.717293634624026	sample_2022120210001
HROV.vOTU06360	Responder_Status	Responder	-1.03608000272168	0.721754244052996	0.162221792912118	0.717293634624026	sample_2022120210001
HROV.vOTU18294	Responder_Status	Responder	-0.373936725471681	0.260382221851316	0.16205114868104	0.717293634624026	sample_2022120210001
HROV.vOTU03107	Responder_Status	Responder	0.886293546907536	0.618119039078249	0.162687365026933	0.717728303718065	sample_2022120210001
HROV.vOTU69410	Responder_Status	Responder	-1.08028697427843	0.754992223387725	0.163537528641387	0.718557806889402	sample_2022120210001
HROV.vOTU74488	Responder_Status	Responder	-1.6449273968253	1.14800340491056	0.162969599255741	0.718557806889402	sample_2022120210001
HROV.vOTU43167	Responder_Status	Responder	1.17845365867596	0.823595477430992	0.163535754394034	0.718557806889402	sample_2022120210001
HROV.vOTU50928	Responder_Status	Responder	0.737737531801003	0.51527216373152	0.163286139094143	0.718557806889402	sample_2022120210001
HROV.vOTU09691	Responder_Status	Responder	-1.68541002159002	1.17737682338177	0.163356435638874	0.718557806889402	sample_2022120210001
HROV.vOTU33355	Responder_Status	Responder	1.42890892302987	0.997691234892654	0.163152149773687	0.718557806889402	sample_2022120210001
HROV.vOTU14813	Responder_Status	Responder	-1.04631147896896	0.732425566128589	0.16419276440242	0.718621913108105	sample_2022120210001
HROV.vOTU13481	Responder_Status	Responder	-1.65174250501808	1.15783656188665	0.164758143705425	0.719391087920598	sample_2022120210001
HROV.vOTU64911	Responder_Status	Responder	1.8094915727424	1.26795318254502	0.164609537119144	0.719391087920598	sample_2022120210001
HROV.vOTU22379	Responder_Status	Responder	-1.08656691522522	0.76183875861522	0.164853640619071	0.719561080253172	sample_2022120210001
HROV.vOTU45542	Responder_Status	Responder	-1.56266942445513	1.09621905651713	0.165063779712766	0.71984028682325	sample_2022120210001
HROV.vOTU54408	Responder_Status	Responder	1.11242177464569	0.78050181813397	0.165133526191355	0.71984028682325	sample_2022120210001
HROV.vOTU11679	Responder_Status	Responder	0.612445512834421	0.429838349872798	0.165258813111998	0.71984028682325	sample_2022120210001
HROV.vOTU15928	Responder_Status	Responder	-0.701130868688293	0.491988570231178	0.165181926681058	0.71984028682325	sample_2022120210001
HROV.vOTU53264	Responder_Status	Responder	1.7676923258203	1.24133978917929	0.16549046123867	0.72024087781614	sample_2022120210001
HROV.vOTU11934	Responder_Status	Responder	1.89841791968211	1.33304259704992	0.165460548284613	0.72024087781614	sample_2022120210001
HROV.vOTU03562	Responder_Status	Responder	1.92992574456529	1.35542734254024	0.165539048795856	0.720302774083691	sample_2022120210001
HROV.vOTU52417	Responder_Status	Responder	-0.787624626604899	0.554321242179654	0.166392902097008	0.720783682275581	sample_2022120210001
HROV.vOTU22345	Responder_Status	Responder	-1.58469737404841	1.11495708266477	0.166269962045203	0.720783682275581	sample_2022120210001
HROV.vOTU16410	Responder_Status	Responder	-1.52839289308364	1.07521365503248	0.16622090721983	0.720783682275581	sample_2022120210001
HROV.vOTU04957	Responder_Status	Responder	2.10648324848015	1.48154339661658	0.166123480729668	0.720783682275581	sample_2022120210001
HROV.vOTU20490	Responder_Status	Responder	1.00148368100639	0.704972999070872	0.166474338064152	0.720783682275581	sample_2022120210001
HROV.vOTU23940	Responder_Status	Responder	0.477606378454292	0.336119103692521	0.166374842672016	0.720783682275581	sample_2022120210001
HROV.vOTU03367	Responder_Status	Responder	0.459577412630677	0.323730620376943	0.166754008427083	0.720949673397619	sample_2022120210001
HROV.vOTU06759	Responder_Status	Responder	-0.858995156822465	0.605737513366773	0.167196431852008	0.721671583941122	sample_2022120210001
HROV.vOTU06807	Responder_Status	Responder	-1.64191679728963	1.15934722498458	0.167733839430679	0.722309655051871	sample_2022120210001
HROV.vOTU31463	Responder_Status	Responder	-0.831913672937063	0.587197194877465	0.167585703826527	0.722309655051871	sample_2022120210001
HROV.vOTU07407	Responder_Status	Responder	1.17307389111777	0.827992797470756	0.167581430881259	0.722309655051871	sample_2022120210001
HROV.vOTU07700	Responder_Status	Responder	1.06709346380466	0.754022308896231	0.168035950998324	0.722468417010229	sample_2022120210001
HROV.vOTU09229	Responder_Status	Responder	1.60918883622001	1.13747359511748	0.168180363638981	0.722559243188753	sample_2022120210001
HROV.vOTU64966	Responder_Status	Responder	-1.12531596136056	0.796702104418109	0.168831351265441	0.72284477921846	sample_2022120210001
HROV.vOTU45964	Responder_Status	Responder	-0.881432436351984	0.624018454120361	0.168818950632914	0.72284477921846	sample_2022120210001
HROV.vOTU34493	Responder_Status	Responder	-0.815652722158443	0.577113580617289	0.168579736002454	0.72284477921846	sample_2022120210001
HROV.vOTU03830	Responder_Status	Responder	0.664230051632882	0.470050205187087	0.168645802529006	0.72284477921846	sample_2022120210001
HROV.vOTU37931	Responder_Status	Responder	0.982694350303748	0.695180905396017	0.168507136155629	0.72284477921846	sample_2022120210001
HROV.vOTU01395	Responder_Status	Responder	-0.777213803771846	0.550086140645493	0.168706902786121	0.72284477921846	sample_2022120210001
HROV.vOTU04446	Responder_Status	Responder	-0.611567137436222	0.433460262552419	0.169290120819346	0.723556470712377	sample_2022120210001
HROV.vOTU24172	Responder_Status	Responder	-0.783283719884281	0.555215705548552	0.169325704203647	0.723561011235157	sample_2022120210001
HROV.vOTU53204	Responder_Status	Responder	1.42178526455514	1.00949527137737	0.170016835377333	0.724670859910936	sample_2022120210001
HROV.vOTU66406	Responder_Status	Responder	1.35820312162885	0.96476037845437	0.170192205209074	0.724899130498313	sample_2022120210001
HROV.vOTU12871	Responder_Status	Responder	-0.812223778319586	0.577388813602281	0.1705136693024	0.725125150392482	sample_2022120210001
HROV.vOTU01295	Responder_Status	Responder	-1.61417412522108	1.1500668446768	0.171447241097606	0.727006252703459	sample_2022120210001
HROV.vOTU44282	Responder_Status	Responder	-0.86620754316076	0.617195886903482	0.171474284947644	0.727006252703459	sample_2022120210001
HROV.vOTU70773	Responder_Status	Responder	-0.56410559755952	0.40291909802243	0.172482782370608	0.727480300473126	sample_2022120210001
HROV.vOTU32214	Responder_Status	Responder	1.37915528052775	0.985775260582654	0.172776571362367	0.727480300473126	sample_2022120210001
HROV.vOTU14305	Responder_Status	Responder	1.3882449173991	0.992228529861655	0.172758277302125	0.727480300473126	sample_2022120210001
HROV.vOTU37604	Responder_Status	Responder	1.20056869771882	0.857063561804309	0.172261655363319	0.727480300473126	sample_2022120210001
HROV.vOTU08060	Responder_Status	Responder	1.66383514135998	1.18974109207029	0.172946274127103	0.72775625490947	sample_2022120210001
HROV.vOTU46573	Responder_Status	Responder	-0.991590687014437	0.70923099156064	0.173054483007071	0.727919318448366	sample_2022120210001
HROV.vOTU24034	Responder_Status	Responder	1.58517579902279	1.13589243756264	0.173824948718368	0.728322109563521	sample_2022120210001
HROV.vOTU20111	Responder_Status	Responder	1.5669495007967	1.12406336768617	0.174281421433696	0.728453897689861	sample_2022120210001
HROV.vOTU75400	Responder_Status	Responder	-0.883749411229807	0.635449127228972	0.175257037619543	0.728698230561164	sample_2022120210001
HROV.vOTU01972	Responder_Status	Responder	1.22445098967144	0.880463545022444	0.175274652579102	0.728698230561164	sample_2022120210001
HROV.vOTU17514	Responder_Status	Responder	-1.11338390485406	0.800651255295453	0.175302032003135	0.728698230561164	sample_2022120210001
HROV.vOTU02961	Responder_Status	Responder	-0.9415678319684	0.677399410626748	0.175489315373551	0.728944916811264	sample_2022120210001
HROV.vOTU20277	Responder_Status	Responder	-0.543201043116688	0.391430299050587	0.176163694814052	0.730154447953832	sample_2022120210001
HROV.vOTU17427	Responder_Status	Responder	-1.1942194515183	0.860754510936755	0.176261297271722	0.730216792774151	sample_2022120210001
HROV.vOTU31655	Responder_Status	Responder	-1.08047944641839	0.77897128797466	0.176367063214719	0.730216792774151	sample_2022120210001
HROV.vOTU09933	Responder_Status	Responder	-1.95232947751569	1.40922555545057	0.176870762753057	0.73062892930707	sample_2022120210001
HROV.vOTU24574	Responder_Status	Responder	-1.91703513308862	1.38342703749422	0.176773144294775	0.73062892930707	sample_2022120210001
HROV.vOTU69166	Responder_Status	Responder	1.17503917160659	0.848667822172361	0.177119684714943	0.730900199849488	sample_2022120210001
HROV.vOTU69542	Responder_Status	Responder	-1.69840618898016	1.22860758568846	0.17778241240488	0.731263541730492	sample_2022120210001
HROV.vOTU68141	Responder_Status	Responder	-0.808544004348662	0.584441371236182	0.177459415918532	0.731263541730492	sample_2022120210001
HROV.vOTU26829	Responder_Status	Responder	0.986714402067834	0.713937462585324	0.177876234436769	0.731263541730492	sample_2022120210001
HROV.vOTU31026	Responder_Status	Responder	-0.760441020226331	0.55023743726576	0.177891599144521	0.731263541730492	sample_2022120210001
HROV.vOTU50244	Responder_Status	Responder	0.947372929323278	0.685286222064624	0.177762505805575	0.731263541730492	sample_2022120210001
HROV.vOTU15782	Responder_Status	Responder	-0.831126898840547	0.601591190632086	0.178036157130281	0.731263541730492	sample_2022120210001
HROV.vOTU49966	Responder_Status	Responder	1.53658406029142	1.1110013146196	0.177576247020836	0.731263541730492	sample_2022120210001
HROV.vOTU04595	Responder_Status	Responder	1.0559965646674	0.764655592770002	0.178199815148947	0.731351543117783	sample_2022120210001
HROV.vOTU50642	Responder_Status	Responder	1.95374453172485	1.4151832188418	0.178336724087547	0.731351543117783	sample_2022120210001
HROV.vOTU39986	Responder_Status	Responder	0.968962427233931	0.702294860107535	0.178595745462182	0.731984126884502	sample_2022120210001
HROV.vOTU36207	Responder_Status	Responder	1.74579227724587	1.26701230242751	0.179153336509479	0.732906707689682	sample_2022120210001
HROV.vOTU32961	Responder_Status	Responder	1.12334399892424	0.815049739147523	0.179040045375601	0.732906707689682	sample_2022120210001
HROV.vOTU68484	Responder_Status	Responder	0.838664988731749	0.608998306522808	0.179385295821216	0.733016786592476	sample_2022120210001
HROV.vOTU46389	Responder_Status	Responder	-1.38812754686626	1.00844235798192	0.179573547877687	0.733223465948698	sample_2022120210001
HROV.vOTU16795	Responder_Status	Responder	-0.635970506543546	0.462369820365327	0.179894483790217	0.733223465948698	sample_2022120210001
HROV.vOTU60406	Responder_Status	Responder	-1.15735612980895	0.840897800550907	0.179626403154129	0.733223465948698	sample_2022120210001
HROV.vOTU35709	Responder_Status	Responder	0.951088727391714	0.692064288750449	0.180256513944133	0.733541119870296	sample_2022120210001
HROV.vOTU07170	Responder_Status	Responder	0.990348453645603	0.720449050129877	0.180149538422604	0.733541119870296	sample_2022120210001
HROV.vOTU12936	Responder_Status	Responder	-0.586040904657949	0.426727898989324	0.180545722541416	0.733607252259563	sample_2022120210001
HROV.vOTU55642	Responder_Status	Responder	-1.42912958950095	1.0421233760774	0.181152861580526	0.733959782928914	sample_2022120210001
HROV.vOTU46022	Responder_Status	Responder	1.56664639467398	1.14253240921157	0.181201526623185	0.733959782928914	sample_2022120210001
HROV.vOTU27969	Responder_Status	Responder	-1.82793730945569	1.33468976228471	0.181709183096038	0.734448546907544	sample_2022120210001
HROV.vOTU73249	Responder_Status	Responder	1.61691994637639	1.18071056305878	0.181744147458435	0.734448546907544	sample_2022120210001
HROV.vOTU20950	Responder_Status	Responder	-0.857901844244225	0.626976542305027	0.182093707671679	0.734825589680091	sample_2022120210001
HROV.vOTU47257	Responder_Status	Responder	1.48764671202888	1.08781903778828	0.182330763368497	0.735044982811928	sample_2022120210001
HROV.vOTU21431	Responder_Status	Responder	1.49373104103936	1.09358278756356	0.182840431837423	0.735149712509568	sample_2022120210001
HROV.vOTU46324	Responder_Status	Responder	-0.880146146197199	0.644512764261847	0.182935580526887	0.735235532327888	sample_2022120210001
HROV.vOTU37401	Responder_Status	Responder	0.900092271308682	0.659547077137298	0.183210994365936	0.735353873726348	sample_2022120210001
HROV.vOTU27744	Responder_Status	Responder	-1.36056154626576	0.998009107179067	0.183658102967046	0.735360495061672	sample_2022120210001
HROV.vOTU04196	Responder_Status	Responder	-0.601881130429607	0.442448406679692	0.184573538045841	0.737175786357413	sample_2022120210001
HROV.vOTU16097	Responder_Status	Responder	1.16391182674666	0.855569247017502	0.184557063631754	0.737175786357413	sample_2022120210001
HROV.vOTU70050	Responder_Status	Responder	-0.542670543255592	0.399034191381265	0.184692980619985	0.737505215049512	sample_2022120210001
HROV.vOTU07207	Responder_Status	Responder	-1.93061253403093	1.42008233199978	0.184834579483088	0.737789523131886	sample_2022120210001
HROV.vOTU41002	Responder_Status	Responder	-1.12331126835331	0.82672630983576	0.185072953532088	0.738319205563867	sample_2022120210001
HROV.vOTU09011	Responder_Status	Responder	1.64660333552627	1.21248819177465	0.185295393281255	0.738636439053037	sample_2022120210001
HROV.vOTU14148	Responder_Status	Responder	2.02775000141155	1.49395427209051	0.185525266789012	0.73872124250207	sample_2022120210001
HROV.vOTU17187	Responder_Status	Responder	-1.59639591954802	1.17768557316047	0.186080672842115	0.739353098943347	sample_2022120210001
HROV.vOTU21634	Responder_Status	Responder	-1.1211722739235	0.826573347561766	0.185806067186111	0.739353098943347	sample_2022120210001
HROV.vOTU27225	Responder_Status	Responder	1.22667365734597	0.904837357415554	0.186034261377409	0.739353098943347	sample_2022120210001
HROV.vOTU45888	Responder_Status	Responder	1.0522417951471	0.776260576382279	0.186083851235732	0.739353098943347	sample_2022120210001
HROV.vOTU43612	Responder_Status	Responder	0.956991587492454	0.705899856915946	0.186027868873272	0.739353098943347	sample_2022120210001
HROV.vOTU07688	Responder_Status	Responder	1.13147214043099	0.835353717788728	0.186412507330725	0.739846944496325	sample_2022120210001
HROV.vOTU22134	Responder_Status	Responder	-1.38819037047459	1.02489596626894	0.18641664586559	0.739846944496325	sample_2022120210001
HROV.vOTU02539	Responder_Status	Responder	1.17936227549444	0.873699515158799	0.187876947775371	0.739993527570729	sample_2022120210001
HROV.vOTU41452	Responder_Status	Responder	-0.918854508450846	0.678849314768551	0.186707467041206	0.739993527570729	sample_2022120210001
HROV.vOTU19481	Responder_Status	Responder	-1.32056057932209	0.978720190191903	0.188059602446613	0.739993527570729	sample_2022120210001
HROV.vOTU69794	Responder_Status	Responder	-1.02117427062663	0.757775952875223	0.188592802021081	0.739993527570729	sample_2022120210001
HROV.vOTU41168	Responder_Status	Responder	1.39668025684403	1.03491989102533	0.187970434730279	0.739993527570729	sample_2022120210001
HROV.vOTU47688	Responder_Status	Responder	-0.705005347217695	0.521207696425964	0.186994408625888	0.739993527570729	sample_2022120210001
HROV.vOTU34787	Responder_Status	Responder	1.24471277188912	0.922279346772521	0.18795427139193	0.739993527570729	sample_2022120210001
HROV.vOTU14671	Responder_Status	Responder	0.984467379813238	0.72844606013201	0.187366033612682	0.739993527570729	sample_2022120210001
HROV.vOTU29016	Responder_Status	Responder	-0.7739776336727	0.57201003425167	0.186853589429662	0.739993527570729	sample_2022120210001
HROV.vOTU31976	Responder_Status	Responder	1.06587203816575	0.788354896149554	0.18718949992705	0.739993527570729	sample_2022120210001
HROV.vOTU46802	Responder_Status	Responder	0.804692672729316	0.596980668228003	0.188483569490084	0.739993527570729	sample_2022120210001
HROV.vOTU41394	Responder_Status	Responder	-0.798264687429028	0.59277052949171	0.18888758695129	0.739993527570729	sample_2022120210001
HROV.vOTU23225	Responder_Status	Responder	0.712067533727971	0.527883308671415	0.188174461603112	0.739993527570729	sample_2022120210001
HROV.vOTU66044	Responder_Status	Responder	-0.651542072271584	0.48356369364465	0.188662125942816	0.739993527570729	sample_2022120210001
HROV.vOTU04675	Responder_Status	Responder	1.84073657157977	1.36795505298583	0.189223779828831	0.740743933973996	sample_2022120210001
HROV.vOTU55832	Responder_Status	Responder	-1.10002731390834	0.817897864797613	0.189436576400414	0.740847664035514	sample_2022120210001
HROV.vOTU74179	Responder_Status	Responder	-1.03456095764999	0.77064620849322	0.190230860437673	0.740951531150034	sample_2022120210001
HROV.vOTU05478	Responder_Status	Responder	-0.809868487434903	0.602614764719654	0.189762381344858	0.740951531150034	sample_2022120210001
HROV.vOTU38811	Responder_Status	Responder	0.913426694767141	0.680652528592142	0.190382062110635	0.740951531150034	sample_2022120210001
HROV.vOTU05573	Responder_Status	Responder	0.708216101602417	0.528227663653535	0.190781611873304	0.740951531150034	sample_2022120210001
HROV.vOTU20282	Responder_Status	Responder	-1.35102847027037	1.00813518526209	0.190978652556256	0.740951531150034	sample_2022120210001
HROV.vOTU44878	Responder_Status	Responder	0.92281767031223	0.686450753867586	0.189632117572489	0.740951531150034	sample_2022120210001
HROV.vOTU69010	Responder_Status	Responder	0.968715725680662	0.721784713492323	0.190342049014574	0.740951531150034	sample_2022120210001
HROV.vOTU65125	Responder_Status	Responder	0.530243442675774	0.39579757543372	0.191120885525407	0.740951531150034	sample_2022120210001
HROV.vOTU03632	Responder_Status	Responder	-2.01260820185399	1.50482461374	0.191843556591656	0.740961334176445	sample_2022120210001
HROV.vOTU64997	Responder_Status	Responder	0.5998673949439	0.448712850458699	0.192028728156096	0.740961334176445	sample_2022120210001
HROV.vOTU32970	Responder_Status	Responder	1.65234566231662	1.23587877950127	0.191990737247925	0.740961334176445	sample_2022120210001
HROV.vOTU15709	Responder_Status	Responder	1.47571543180479	1.10354408122329	0.19190350595527	0.740961334176445	sample_2022120210001
HROV.vOTU39835	Responder_Status	Responder	0.638056202177176	0.476474305074039	0.191301985589023	0.740961334176445	sample_2022120210001
HROV.vOTU08935	Responder_Status	Responder	-1.08622957909415	0.812944104128766	0.192252886167858	0.741059833180617	sample_2022120210001
HROV.vOTU39425	Responder_Status	Responder	-1.253117024697	0.939472696764497	0.193001465603231	0.741986558885496	sample_2022120210001
HROV.vOTU29426	Responder_Status	Responder	2.00093433680919	1.50105053029136	0.193269887358624	0.74274602842625	sample_2022120210001
HROV.vOTU07805	Responder_Status	Responder	1.41267614038392	1.0615910211895	0.194018443230932	0.743599647035095	sample_2022120210001
HROV.vOTU68101	Responder_Status	Responder	-1.11503260083805	0.837562814411464	0.193834434985041	0.743599647035095	sample_2022120210001
HROV.vOTU49981	Responder_Status	Responder	1.26128717883153	0.947231924308425	0.193747354759965	0.743599647035095	sample_2022120210001
HROV.vOTU17790	Responder_Status	Responder	-1.45301965761752	1.09302207984447	0.194459585499961	0.743677166766677	sample_2022120210001
HROV.vOTU61220	Responder_Status	Responder	0.650424595090425	0.490087510740833	0.195176788647164	0.744523541672963	sample_2022120210001
HROV.vOTU37690	Responder_Status	Responder	-0.506052454055897	0.38139546965944	0.195279881711628	0.744644347219988	sample_2022120210001
HROV.vOTU08930	Responder_Status	Responder	-1.03447210557999	0.780714698197109	0.19587252365083	0.74506944660774	sample_2022120210001
HROV.vOTU48450	Responder_Status	Responder	1.43420605817668	1.08351971857738	0.196323894140645	0.74506944660774	sample_2022120210001
HROV.vOTU21204	Responder_Status	Responder	-1.05970110661157	0.800050731146868	0.196032937320398	0.74506944660774	sample_2022120210001
HROV.vOTU04553	Responder_Status	Responder	-1.45468907031658	1.09870964790351	0.196211439599012	0.74506944660774	sample_2022120210001
HROV.vOTU63604	Responder_Status	Responder	-0.378206096744602	0.285671676043567	0.196237321348483	0.74506944660774	sample_2022120210001
HROV.vOTU03100	Responder_Status	Responder	0.768640837123096	0.57989381795959	0.195724156619884	0.74506944660774	sample_2022120210001
HROV.vOTU10545	Responder_Status	Responder	1.02573024393924	0.775795748262138	0.196812884567287	0.745832229349183	sample_2022120210001
HROV.vOTU66467	Responder_Status	Responder	-1.16303519712986	0.881013727336402	0.197489137153689	0.745869036134134	sample_2022120210001
HROV.vOTU38862	Responder_Status	Responder	1.31517476162468	0.996051950025771	0.197397710251183	0.745869036134134	sample_2022120210001
HROV.vOTU55788	Responder_Status	Responder	0.513270644158181	0.388354338990162	0.196980483282553	0.745869036134134	sample_2022120210001
HROV.vOTU16562	Responder_Status	Responder	-1.031258468343	0.78115506378003	0.197469013862752	0.745869036134134	sample_2022120210001
HROV.vOTU66452	Responder_Status	Responder	1.24843965847949	0.945078019963645	0.197199048946574	0.745869036134134	sample_2022120210001
HROV.vOTU61919	Responder_Status	Responder	-1.02602300642093	0.777843425324372	0.197835032617738	0.745955754825668	sample_2022120210001
HROV.vOTU48140	Responder_Status	Responder	0.795248454169513	0.602768543628735	0.197747516156507	0.745955754825668	sample_2022120210001
HROV.vOTU34090	Responder_Status	Responder	-0.95386120495034	0.722875666936062	0.197678058646088	0.745955754825668	sample_2022120210001
HROV.vOTU18880	Responder_Status	Responder	-0.387809699913715	0.293953084007241	0.197759146050447	0.745955754825668	sample_2022120210001
HROV.vOTU46976	Responder_Status	Responder	0.558552358238983	0.423511585613934	0.197901494394243	0.746045921313548	sample_2022120210001
HROV.vOTU47351	Responder_Status	Responder	0.81573679718012	0.618608407993472	0.197965998746191	0.746074106982828	sample_2022120210001
HROV.vOTU11248	Responder_Status	Responder	-0.664712123837885	0.504142012060506	0.198019649438929	0.746088774445436	sample_2022120210001
HROV.vOTU60571	Responder_Status	Responder	1.33348885974676	1.01168660137146	0.198157308663646	0.746339117626239	sample_2022120210001
HROV.vOTU28970	Responder_Status	Responder	-1.3758395697187	1.04429769024319	0.198357777373331	0.746625953668356	sample_2022120210001
HROV.vOTU03657	Responder_Status	Responder	1.62289523015814	1.23187070071883	0.19837595114404	0.746625953668356	sample_2022120210001
HROV.vOTU52372	Responder_Status	Responder	1.39255980074315	1.05772982102324	0.198663115777484	0.746768096609769	sample_2022120210001
HROV.vOTU18362	Responder_Status	Responder	-1.60179472917977	1.21792961037871	0.19911926652657	0.748214382645557	sample_2022120210001
HROV.vOTU37447	Responder_Status	Responder	-1.24976085048681	0.950411282669246	0.199188895689494	0.748247563969372	sample_2022120210001
HROV.vOTU04512	Responder_Status	Responder	-0.974379933412162	0.742192362439192	0.1998957588402	0.7493166310977	sample_2022120210001
HROV.vOTU15017	Responder_Status	Responder	-1.0394492594615	0.793589127770133	0.200906202871809	0.749755493739896	sample_2022120210001
HROV.vOTU43965	Responder_Status	Responder	1.81284368643255	1.38342501729911	0.200707716620499	0.749755493739896	sample_2022120210001
HROV.vOTU36685	Responder_Status	Responder	1.08277881210351	0.82535725503647	0.200211595545295	0.749755493739896	sample_2022120210001
HROV.vOTU75719	Responder_Status	Responder	1.10708942784969	0.844974136754344	0.200773599964243	0.749755493739896	sample_2022120210001
HROV.vOTU10515	Responder_Status	Responder	-1.70856754854283	1.30274330556391	0.2003368092246	0.749755493739896	sample_2022120210001
HROV.vOTU33603	Responder_Status	Responder	0.827667176992758	0.632539131249505	0.201348651699544	0.750439009069629	sample_2022120210001
HROV.vOTU31817	Responder_Status	Responder	0.903683197868846	0.69082282798704	0.201468376114871	0.750528626041747	sample_2022120210001
HROV.vOTU02293	Responder_Status	Responder	-1.13091972065785	0.864771561915529	0.201588467119359	0.750544758689917	sample_2022120210001
HROV.vOTU48934	Responder_Status	Responder	0.827144198126609	0.632659917624412	0.201708903897915	0.750544758689917	sample_2022120210001
HROV.vOTU09277	Responder_Status	Responder	1.0002804915298	0.765192154286825	0.201769011291864	0.750635157379741	sample_2022120210001
HROV.vOTU26712	Responder_Status	Responder	-1.38139565414763	1.05688570721353	0.201830750524465	0.75073159378754	sample_2022120210001
HROV.vOTU51101	Responder_Status	Responder	-2.29502852965137	1.75603801352195	0.201866936764902	0.750732965683523	sample_2022120210001
HROV.vOTU13532	Responder_Status	Responder	0.81211565735288	0.622434085194227	0.202603153768155	0.751345252383247	sample_2022120210001
HROV.vOTU62011	Responder_Status	Responder	-1.29790033264212	0.995201137851593	0.202799072556871	0.751675416662727	sample_2022120210001
HROV.vOTU04541	Responder_Status	Responder	-0.728295472476656	0.558982576095706	0.203224496862787	0.752178254325273	sample_2022120210001
HROV.vOTU56198	Responder_Status	Responder	-0.981568304617661	0.75436725677437	0.203802388134813	0.752345394886656	sample_2022120210001
HROV.vOTU21661	Responder_Status	Responder	1.35732158710251	1.04324465291225	0.203843964578307	0.752345394886656	sample_2022120210001
HROV.vOTU43810	Responder_Status	Responder	1.93431230607877	1.48661392894475	0.203811793448355	0.752345394886656	sample_2022120210001
HROV.vOTU36813	Responder_Status	Responder	1.44719697892667	1.11102075649287	0.203329459848372	0.752345394886656	sample_2022120210001
HROV.vOTU36677	Responder_Status	Responder	1.72091359578706	1.32215926860496	0.203663243395886	0.752345394886656	sample_2022120210001
HROV.vOTU37128	Responder_Status	Responder	-0.476398227394167	0.366016832484141	0.203669526017902	0.752345394886656	sample_2022120210001
HROV.vOTU51131	Responder_Status	Responder	0.519077985253713	0.398714062027528	0.203566416257728	0.752345394886656	sample_2022120210001
HROV.vOTU74065	Responder_Status	Responder	0.962434757961688	0.73931544593957	0.203596280321502	0.752345394886656	sample_2022120210001
HROV.vOTU35480	Responder_Status	Responder	-0.780728008841713	0.600161158674866	0.203909421393025	0.752454484577078	sample_2022120210001
HROV.vOTU03335	Responder_Status	Responder	-0.713746392897021	0.54953955989754	0.204604607884931	0.753560460598867	sample_2022120210001
HROV.vOTU16167	Responder_Status	Responder	0.394007315752669	0.303345986130092	0.204583275315749	0.753560460598867	sample_2022120210001
HROV.vOTU14994	Responder_Status	Responder	1.08725489877004	0.837265471769797	0.204682350602204	0.753581954790479	sample_2022120210001
HROV.vOTU19280	Responder_Status	Responder	-1.60485226923089	1.23673051241794	0.204994538385316	0.75373809142732	sample_2022120210001
HROV.vOTU10459	Responder_Status	Responder	-0.859842930506552	0.662337435085902	0.204812359891031	0.75373809142732	sample_2022120210001
HROV.vOTU49611	Responder_Status	Responder	-0.960242461636523	0.740141476511979	0.205089599303123	0.75373809142732	sample_2022120210001
HROV.vOTU49836	Responder_Status	Responder	-0.873704195912028	0.673230931470915	0.204953633554308	0.75373809142732	sample_2022120210001
HROV.vOTU35711	Responder_Status	Responder	0.829164013981787	0.639279662794939	0.205207766843937	0.753795091666478	sample_2022120210001
HROV.vOTU01674	Responder_Status	Responder	1.16937789293811	0.902093940184304	0.205457573853247	0.754373832827034	sample_2022120210001
HROV.vOTU10330	Responder_Status	Responder	-1.77472401865239	1.36937605439434	0.20555391132441	0.754537649975418	sample_2022120210001
HROV.vOTU12428	Responder_Status	Responder	-0.8337353058476	0.643744391309058	0.205851439332192	0.755497490527532	sample_2022120210001
HROV.vOTU55704	Responder_Status	Responder	0.320634650069093	0.247605581955019	0.20591708747093	0.755606119291087	sample_2022120210001
HROV.vOTU03566	Responder_Status	Responder	0.828495901606257	0.639861253691107	0.205963219552679	0.755643109018756	sample_2022120210001
HROV.vOTU43584	Responder_Status	Responder	1.13973527040768	0.880898688283369	0.206294586796241	0.755760733852993	sample_2022120210001
HROV.vOTU19199	Responder_Status	Responder	1.18885258737637	0.919483941473281	0.20659324961176	0.756175553917851	sample_2022120210001
HROV.vOTU07548	Responder_Status	Responder	-1.85828678353231	1.43868863876049	0.207038115394222	0.756571585441746	sample_2022120210001
HROV.vOTU18349	Responder_Status	Responder	-0.543489170399243	0.421099085597483	0.207383008531325	0.756600189415906	sample_2022120210001
HROV.vOTU47271	Responder_Status	Responder	1.4704282063415	1.1396488744885	0.20751908760019	0.756847063876803	sample_2022120210001
HROV.vOTU36179	Responder_Status	Responder	-0.242470183017166	0.187981592087143	0.20765102805026	0.756913787871083	sample_2022120210001
HROV.vOTU04874	Responder_Status	Responder	-0.498805789711057	0.386959655799539	0.207933026825339	0.757170994138136	sample_2022120210001
HROV.vOTU07037	Responder_Status	Responder	-1.03981235331143	0.806549197522095	0.207873700518732	0.757170994138136	sample_2022120210001
HROV.vOTU35974	Responder_Status	Responder	-1.22948824127338	0.954255759793614	0.208142863236677	0.757277280583362	sample_2022120210001
HROV.vOTU19142	Responder_Status	Responder	-1.26868658107415	0.984586081780481	0.208101071186036	0.757277280583362	sample_2022120210001
HROV.vOTU42180	Responder_Status	Responder	-1.02412018963825	0.795162727808046	0.208310481836525	0.757503523998401	sample_2022120210001
HROV.vOTU15369	Responder_Status	Responder	0.81678405148255	0.634592251138179	0.208598048395812	0.75788093159581	sample_2022120210001
HROV.vOTU56526	Responder_Status	Responder	-1.24811700305436	0.971075745536575	0.209219838032434	0.757906637601073	sample_2022120210001
HROV.vOTU16890	Responder_Status	Responder	-0.453025438624291	0.352353599795699	0.209075436562674	0.757906637601073	sample_2022120210001
HROV.vOTU20887	Responder_Status	Responder	-0.833382403038501	0.648599255950134	0.20935675362617	0.758009596822339	sample_2022120210001
HROV.vOTU03127	Responder_Status	Responder	-0.686056326772794	0.534119305778543	0.209506002023643	0.758014501871272	sample_2022120210001
HROV.vOTU14822	Responder_Status	Responder	0.93694994578086	0.729600034626624	0.209597732148382	0.758014501871272	sample_2022120210001
HROV.vOTU26340	Responder_Status	Responder	1.15010948249696	0.896575996981266	0.210086866809854	0.758099403097752	sample_2022120210001
HROV.vOTU54933	Responder_Status	Responder	1.22104125816951	0.95204796934836	0.210169092209782	0.758200373961622	sample_2022120210001
HROV.vOTU53941	Responder_Status	Responder	1.034670535198	0.806898097946951	0.210259032525201	0.758386112186043	sample_2022120210001
HROV.vOTU34202	Responder_Status	Responder	0.532855559298212	0.415690877676922	0.210406425665547	0.758466632549633	sample_2022120210001
HROV.vOTU03969	Responder_Status	Responder	1.15240499309318	0.899717990022868	0.210753918241718	0.758612764270376	sample_2022120210001
HROV.vOTU11329	Responder_Status	Responder	0.895884490599449	0.699648143342325	0.210883033947115	0.758816891250048	sample_2022120210001
HROV.vOTU63664	Responder_Status	Responder	1.21106216884846	0.946601324660882	0.211264198417179	0.759666769398536	sample_2022120210001
HROV.vOTU46353	Responder_Status	Responder	-1.06153953065962	0.831712256024981	0.212324165667343	0.760325395270335	sample_2022120210001
HROV.vOTU64807	Responder_Status	Responder	0.911540137488098	0.713267113807662	0.211750628585465	0.760325395270335	sample_2022120210001
HROV.vOTU59893	Responder_Status	Responder	1.18033323769053	0.924366221194699	0.212122030950532	0.760325395270335	sample_2022120210001
HROV.vOTU73181	Responder_Status	Responder	-0.961832465195686	0.753403358003445	0.212212795217264	0.760325395270335	sample_2022120210001
HROV.vOTU41617	Responder_Status	Responder	-0.307627299771815	0.240789293578558	0.2118896375419	0.760325395270335	sample_2022120210001
HROV.vOTU28078	Responder_Status	Responder	-0.598353297538889	0.469053367413087	0.212557215356114	0.760474306074667	sample_2022120210001
HROV.vOTU61992	Responder_Status	Responder	0.795070742065605	0.623851532896364	0.212978069173293	0.760474306074667	sample_2022120210001
HROV.vOTU37143	Responder_Status	Responder	1.67259652728541	1.31240501052789	0.212979313487213	0.760474306074667	sample_2022120210001
HROV.vOTU67952	Responder_Status	Responder	-0.922775564229733	0.72360198484	0.212699651200392	0.760474306074667	sample_2022120210001
HROV.vOTU01617	Responder_Status	Responder	-1.26759321385126	0.993796095960491	0.212611292243259	0.760474306074667	sample_2022120210001
HROV.vOTU39970	Responder_Status	Responder	1.91941809639936	1.50560466892198	0.212840689660125	0.760474306074667	sample_2022120210001
HROV.vOTU02995	Responder_Status	Responder	1.02682515177828	0.805579026078344	0.212912686446857	0.760474306074667	sample_2022120210001
HROV.vOTU71904	Responder_Status	Responder	-1.52185412431197	1.19471935050279	0.213200825703097	0.76060120191618	sample_2022120210001
HROV.vOTU44375	Responder_Status	Responder	1.28886198365026	1.01177519981955	0.213185191288499	0.76060120191618	sample_2022120210001
HROV.vOTU67940	Responder_Status	Responder	-0.904038104736894	0.710075945673602	0.213431638182124	0.760911389336211	sample_2022120210001
HROV.vOTU36422	Responder_Status	Responder	-1.05394360871337	0.828587947111169	0.213845047752843	0.761220199966116	sample_2022120210001
HROV.vOTU08682	Responder_Status	Responder	-1.6978945843224	1.33744047271173	0.21470966431652	0.761220199966116	sample_2022120210001
HROV.vOTU04657	Responder_Status	Responder	0.833763297827268	0.656610631026435	0.214608423833194	0.761220199966116	sample_2022120210001
HROV.vOTU27485	Responder_Status	Responder	0.74996529237242	0.590199566597047	0.214292867612885	0.761220199966116	sample_2022120210001
HROV.vOTU10903	Responder_Status	Responder	-1.0213898861234	0.804425575628755	0.214638383745955	0.761220199966116	sample_2022120210001
HROV.vOTU29218	Responder_Status	Responder	-0.211557716795513	0.166613690935494	0.214625546745068	0.761220199966116	sample_2022120210001
HROV.vOTU01819	Responder_Status	Responder	1.15015049607652	0.90611813600566	0.214777862571151	0.761329950869493	sample_2022120210001
HROV.vOTU63450	Responder_Status	Responder	-0.406265844555712	0.320224488079001	0.214997732605085	0.761896375186772	sample_2022120210001
HROV.vOTU31606	Responder_Status	Responder	0.532218113788624	0.419776114828948	0.215289355147711	0.762229619247318	sample_2022120210001
HROV.vOTU14223	Responder_Status	Responder	-0.843639156357971	0.66557230408993	0.215402852031652	0.76225625166021	sample_2022120210001
HROV.vOTU43804	Responder_Status	Responder	1.18951383927241	0.940076308847704	0.216179285448276	0.762671554796125	sample_2022120210001
HROV.vOTU56010	Responder_Status	Responder	-0.649399816099732	0.512923636242268	0.215918990912362	0.762671554796125	sample_2022120210001
HROV.vOTU09021	Responder_Status	Responder	1.00310856658359	0.79248053483339	0.216021956858143	0.762671554796125	sample_2022120210001
HROV.vOTU20558	Responder_Status	Responder	-0.928364610362337	0.733772872058625	0.216230176278739	0.762671554796125	sample_2022120210001
HROV.vOTU60823	Responder_Status	Responder	-1.20718470493789	0.953981050197225	0.216150907236088	0.762671554796125	sample_2022120210001
HROV.vOTU53287	Responder_Status	Responder	-0.455873488654193	0.360645281268002	0.216634450091399	0.76319730745325	sample_2022120210001
HROV.vOTU54379	Responder_Status	Responder	-0.455051318109983	0.360149814645626	0.216826862557465	0.763475227429257	sample_2022120210001
HROV.vOTU60122	Responder_Status	Responder	1.40031108754484	1.10913003271572	0.217171980009	0.763856153696461	sample_2022120210001
HROV.vOTU38735	Responder_Status	Responder	1.08682924772067	0.86159830654231	0.217569251393069	0.76418749969517	sample_2022120210001
HROV.vOTU44591	Responder_Status	Responder	-1.28570326427216	1.02196124530364	0.218755450299095	0.764776981326811	sample_2022120210001
HROV.vOTU00515	Responder_Status	Responder	1.31834761829429	1.0484643224708	0.21899290433824	0.764776981326811	sample_2022120210001
HROV.vOTU31698	Responder_Status	Responder	0.955141649282816	0.758396964651527	0.218275797042346	0.764776981326811	sample_2022120210001
HROV.vOTU40737	Responder_Status	Responder	0.860628911882101	0.684362574422096	0.218937778512821	0.764776981326811	sample_2022120210001
HROV.vOTU19387	Responder_Status	Responder	1.37643513478961	1.09344280865548	0.218494004644262	0.764776981326811	sample_2022120210001
HROV.vOTU62131	Responder_Status	Responder	-0.530283178247418	0.421558058525804	0.218813109895055	0.764776981326811	sample_2022120210001
HROV.vOTU00181	Responder_Status	Responder	-0.464375131776758	0.368666847879248	0.218210123648867	0.764776981326811	sample_2022120210001
HROV.vOTU24682	Responder_Status	Responder	0.860234078694792	0.684497792081135	0.219232134564662	0.764831148547823	sample_2022120210001
HROV.vOTU21496	Responder_Status	Responder	-0.750593806568423	0.597819762306701	0.219655527321681	0.764851531992099	sample_2022120210001
HROV.vOTU55299	Responder_Status	Responder	-1.1704746802622	0.933032677047751	0.220037434176083	0.764851531992099	sample_2022120210001
HROV.vOTU63482	Responder_Status	Responder	-0.795995821310225	0.633802579683711	0.219529404435529	0.764851531992099	sample_2022120210001
HROV.vOTU21405	Responder_Status	Responder	0.65089158807921	0.517972515398132	0.219276178865105	0.764851531992099	sample_2022120210001
HROV.vOTU62742	Responder_Status	Responder	1.27455737022072	1.0151319776189	0.219653284234825	0.764851531992099	sample_2022120210001
HROV.vOTU11379	Responder_Status	Responder	-0.649601076709557	0.517043934546965	0.219361544929236	0.764851531992099	sample_2022120210001
HROV.vOTU26399	Responder_Status	Responder	-0.810217590129776	0.645159480548405	0.219552340183118	0.764851531992099	sample_2022120210001
HROV.vOTU23857	Responder_Status	Responder	0.799836052128878	0.637638223052357	0.220077270488757	0.764851531992099	sample_2022120210001
HROV.vOTU57502	Responder_Status	Responder	-0.931510095707813	0.742940078726243	0.220276658733958	0.765417567484044	sample_2022120210001
HROV.vOTU32087	Responder_Status	Responder	1.58280624318331	1.26370207079734	0.220742837322123	0.765894697942676	sample_2022120210001
HROV.vOTU18875	Responder_Status	Responder	1.23652582902652	0.987898791502891	0.221045320888997	0.766563521812273	sample_2022120210001
HROV.vOTU68750	Responder_Status	Responder	0.838036766025378	0.669774944624187	0.221207373063034	0.766847491275179	sample_2022120210001
HROV.vOTU75544	Responder_Status	Responder	1.19653831220303	0.956682076059336	0.221388756091438	0.767033329350725	sample_2022120210001
HROV.vOTU47915	Responder_Status	Responder	0.738308325973601	0.590371453151272	0.221436959728112	0.767033329350725	sample_2022120210001
HROV.vOTU01546	Responder_Status	Responder	1.19988737322173	0.959964859255154	0.221672316264357	0.767468078774517	sample_2022120210001
HROV.vOTU35657	Responder_Status	Responder	-1.21644448358465	0.973462322453036	0.221788327520818	0.767489408095813	sample_2022120210001
HROV.vOTU60614	Responder_Status	Responder	-0.671602086310506	0.537529451714292	0.221853977838176	0.767589860595604	sample_2022120210001
HROV.vOTU31815	Responder_Status	Responder	1.20947074538392	0.968400830839868	0.222029649398094	0.767859598386014	sample_2022120210001
HROV.vOTU73633	Responder_Status	Responder	0.382105295352617	0.306229416699137	0.222448432313492	0.768125064463064	sample_2022120210001
HROV.vOTU17965	Responder_Status	Responder	1.1604401095148	0.930693906512458	0.22278053272665	0.768665370212483	sample_2022120210001
HROV.vOTU07335	Responder_Status	Responder	0.437625411551851	0.351510051733173	0.223456017673704	0.769575769050417	sample_2022120210001
HROV.vOTU35828	Responder_Status	Responder	1.37071416024041	1.10233977277478	0.224009767512645	0.770595945365988	sample_2022120210001
HROV.vOTU49194	Responder_Status	Responder	-0.705475234328035	0.567526293172684	0.224150645212765	0.770595945365988	sample_2022120210001
HROV.vOTU53334	Responder_Status	Responder	1.07172639492631	0.863145423295976	0.224665828482129	0.771381669458756	sample_2022120210001
HROV.vOTU50719	Responder_Status	Responder	0.458238295642469	0.369108262119865	0.224730623360579	0.771381669458756	sample_2022120210001
HROV.vOTU14997	Responder_Status	Responder	0.939729650377958	0.756973585883716	0.224746640670108	0.771381669458756	sample_2022120210001
HROV.vOTU38801	Responder_Status	Responder	1.25022702825205	1.00720538055975	0.224800025609158	0.771415935947601	sample_2022120210001
HROV.vOTU30351	Responder_Status	Responder	1.34870702837307	1.08691559809828	0.224954972679404	0.771419549086815	sample_2022120210001
HROV.vOTU27032	Responder_Status	Responder	-1.17499222556873	0.947007327437023	0.224996712238739	0.771419549086815	sample_2022120210001
HROV.vOTU48854	Responder_Status	Responder	-0.794366966571238	0.640334661641784	0.225066884945535	0.771419549086815	sample_2022120210001
HROV.vOTU09951	Responder_Status	Responder	1.0407402460028	0.839286080690508	0.225255979884354	0.77171711970841	sample_2022120210001
HROV.vOTU12354	Responder_Status	Responder	-1.30552206031403	1.05314048316279	0.225395793423531	0.771841339100589	sample_2022120210001
HROV.vOTU19384	Responder_Status	Responder	0.785437603778148	0.634851720907992	0.226289267538022	0.771841339100589	sample_2022120210001
HROV.vOTU36919	Responder_Status	Responder	-1.43896256261101	1.16143987424684	0.225650827714169	0.771841339100589	sample_2022120210001
HROV.vOTU20308	Responder_Status	Responder	1.16917268895415	0.943478584063586	0.225553180348578	0.771841339100589	sample_2022120210001
HROV.vOTU42481	Responder_Status	Responder	0.911622898835172	0.736909031254518	0.226328879237397	0.771841339100589	sample_2022120210001
HROV.vOTU08922	Responder_Status	Responder	-0.329059521663146	0.265833599081543	0.226054809527003	0.771841339100589	sample_2022120210001
HROV.vOTU54655	Responder_Status	Responder	-0.985988339860522	0.796715461611727	0.226154807245046	0.771841339100589	sample_2022120210001
HROV.vOTU31580	Responder_Status	Responder	0.761601247011088	0.615834842860531	0.226472542686256	0.771844088530459	sample_2022120210001
HROV.vOTU74625	Responder_Status	Responder	0.411124049356137	0.333213388026993	0.227528091991607	0.773661965168992	sample_2022120210001
HROV.vOTU29721	Responder_Status	Responder	1.08320344507392	0.878542750372161	0.227844392250809	0.774239788611991	sample_2022120210001
HROV.vOTU59588	Responder_Status	Responder	-1.17798715286974	0.957042426778787	0.228614222689345	0.775374199459642	sample_2022120210001
HROV.vOTU55957	Responder_Status	Responder	-0.332627582731849	0.270236261956717	0.228608719596138	0.775374199459642	sample_2022120210001
HROV.vOTU61489	Responder_Status	Responder	-1.13611057575833	0.922855060786905	0.228533072815789	0.775374199459642	sample_2022120210001
HROV.vOTU17592	Responder_Status	Responder	0.873307349885507	0.709712058078863	0.228744124935702	0.775374199459642	sample_2022120210001
HROV.vOTU04006	Responder_Status	Responder	0.752854305009768	0.6121736163222	0.229003709990714	0.775509641961243	sample_2022120210001
HROV.vOTU65887	Responder_Status	Responder	-1.55370351117863	1.2648997567897	0.229551402480627	0.776135524536903	sample_2022120210001
HROV.vOTU30867	Responder_Status	Responder	0.753812559508246	0.613784782966128	0.229619102464377	0.776135524536903	sample_2022120210001
HROV.vOTU74797	Responder_Status	Responder	0.557001875528234	0.453766061492647	0.229851756426075	0.776694492454323	sample_2022120210001
HROV.vOTU66410	Responder_Status	Responder	1.52356682257156	1.24240255255406	0.230296597976432	0.777547792136922	sample_2022120210001
HROV.vOTU43358	Responder_Status	Responder	-0.965978460018774	0.788568906830559	0.230789675522949	0.778430714667202	sample_2022120210001
HROV.vOTU64808	Responder_Status	Responder	1.5562784869056	1.27027920229311	0.230726551005116	0.778430714667202	sample_2022120210001
HROV.vOTU06892	Responder_Status	Responder	-0.598045032740294	0.488991300925873	0.231517173177734	0.779272330217729	sample_2022120210001
HROV.vOTU58926	Responder_Status	Responder	-0.837618573154173	0.686595291541344	0.232656323566135	0.780610939962572	sample_2022120210001
HROV.vOTU12769	Responder_Status	Responder	0.575314401556569	0.471732807690616	0.232799234281642	0.78096542102164	sample_2022120210001
HROV.vOTU07151	Responder_Status	Responder	0.981181996732187	0.804970317259812	0.233050333551819	0.780996550492254	sample_2022120210001
HROV.vOTU48198	Responder_Status	Responder	-0.91542003093264	0.750944217826133	0.233005208242123	0.780996550492254	sample_2022120210001
HROV.vOTU56492	Responder_Status	Responder	1.0756671102724	0.882803053772006	0.23321357471143	0.781094010022889	sample_2022120210001
HROV.vOTU01853	Responder_Status	Responder	1.02516051604809	0.841817011130453	0.233465230131022	0.781199109761529	sample_2022120210001
HROV.vOTU11852	Responder_Status	Responder	-0.622680422580176	0.511415952978701	0.233552560548895	0.781241887823945	sample_2022120210001
HROV.vOTU71437	Responder_Status	Responder	-1.28119478124794	1.05262716493716	0.233710334211972	0.781520198641182	sample_2022120210001
HROV.vOTU62126	Responder_Status	Responder	1.31747978117048	1.08264525688269	0.23379723777677	0.781686090891864	sample_2022120210001
HROV.vOTU26832	Responder_Status	Responder	1.32459349849348	1.09006479358039	0.234456008965844	0.782590483611036	sample_2022120210001
HROV.vOTU41466	Responder_Status	Responder	0.887684270119278	0.731195985772252	0.234882047142693	0.782691209556575	sample_2022120210001
HROV.vOTU05179	Responder_Status	Responder	-1.27844940096716	1.05414796100311	0.23534733958509	0.782730763630612	sample_2022120210001
HROV.vOTU13792	Responder_Status	Responder	0.277978834885936	0.229224085813813	0.235379389463919	0.782730763630612	sample_2022120210001
HROV.vOTU28745	Responder_Status	Responder	1.04649066121405	0.864367553592321	0.236130814512641	0.78374315403815	sample_2022120210001
HROV.vOTU05156	Responder_Status	Responder	1.05958049277485	0.875860935453415	0.236486542372171	0.784297140525428	sample_2022120210001
HROV.vOTU60167	Responder_Status	Responder	-0.824964607917776	0.681910377005359	0.236476839907237	0.784297140525428	sample_2022120210001
HROV.vOTU21018	Responder_Status	Responder	1.68916346546557	1.39674178017704	0.236637288150752	0.784300689380101	sample_2022120210001
HROV.vOTU06146	Responder_Status	Responder	0.964253457111009	0.797221150168896	0.236577470883955	0.784300689380101	sample_2022120210001
HROV.vOTU53131	Responder_Status	Responder	-1.53983567340175	1.27549416422021	0.237437101017443	0.784584986204135	sample_2022120210001
HROV.vOTU25966	Responder_Status	Responder	0.571311513220227	0.47278681712408	0.237003543232745	0.784584986204135	sample_2022120210001
HROV.vOTU73104	Responder_Status	Responder	-1.03295179164875	0.855312728168936	0.237269416030416	0.784584986204135	sample_2022120210001
HROV.vOTU29703	Responder_Status	Responder	0.38331450262671	0.317177529886349	0.236955934576398	0.784584986204135	sample_2022120210001
HROV.vOTU10057	Responder_Status	Responder	1.41736711583023	1.17452255912373	0.237621344890534	0.784858167164198	sample_2022120210001
HROV.vOTU23600	Responder_Status	Responder	-0.979417748476025	0.812245866654991	0.237980137127584	0.784858167164198	sample_2022120210001
HROV.vOTU44777	Responder_Status	Responder	-0.593011394110821	0.491664856506431	0.237860629980873	0.784858167164198	sample_2022120210001
HROV.vOTU37364	Responder_Status	Responder	0.993636768508971	0.823461261986109	0.237659806600281	0.784858167164198	sample_2022120210001
HROV.vOTU30746	Responder_Status	Responder	0.75084568193175	0.622862158436306	0.23810841296806	0.784919946398156	sample_2022120210001
HROV.vOTU27815	Responder_Status	Responder	-1.38119786790599	1.14786277515412	0.238944314511588	0.785751631154143	sample_2022120210001
HROV.vOTU59173	Responder_Status	Responder	1.08680480749133	0.903213690358528	0.238949470275597	0.785751631154143	sample_2022120210001
HROV.vOTU49084	Responder_Status	Responder	0.741861361124974	0.616458738919502	0.238888612761055	0.785751631154143	sample_2022120210001
HROV.vOTU13781	Responder_Status	Responder	-1.25104554260944	1.04040598655231	0.239256199015224	0.785862255317112	sample_2022120210001
HROV.vOTU05602	Responder_Status	Responder	-1.33209511721806	1.10773350438295	0.239224898373454	0.785862255317112	sample_2022120210001
HROV.vOTU41906	Responder_Status	Responder	1.23687802796516	1.02836233528772	0.239139688725184	0.785862255317112	sample_2022120210001
HROV.vOTU42183	Responder_Status	Responder	-0.714894229826642	0.594650487687814	0.239351438660563	0.785862255317112	sample_2022120210001
HROV.vOTU11151	Responder_Status	Responder	0.895480545126438	0.744991683118292	0.239430875713872	0.785978254496909	sample_2022120210001
HROV.vOTU07046	Responder_Status	Responder	0.639360212557075	0.532539385026814	0.239970082885524	0.786442513192222	sample_2022120210001
HROV.vOTU15372	Responder_Status	Responder	1.40453742061038	1.17060665110405	0.240256808416372	0.786442513192222	sample_2022120210001
HROV.vOTU50143	Responder_Status	Responder	-0.68248402846432	0.568545715946531	0.240040581439031	0.786442513192222	sample_2022120210001
HROV.vOTU36175	Responder_Status	Responder	-0.415690123165004	0.346319052147891	0.240076247230323	0.786442513192222	sample_2022120210001
HROV.vOTU11909	Responder_Status	Responder	-0.758641661564152	0.631511167721223	0.239693742126318	0.786442513192222	sample_2022120210001
HROV.vOTU74254	Responder_Status	Responder	0.573686949362899	0.477943567226849	0.240070938290901	0.786442513192222	sample_2022120210001
HROV.vOTU52476	Responder_Status	Responder	-1.50721658885579	1.25653171930867	0.24038366435428	0.786466035201517	sample_2022120210001
HROV.vOTU53592	Responder_Status	Responder	-0.393151358421637	0.327856882577567	0.24051752316993	0.786466035201517	sample_2022120210001
HROV.vOTU43885	Responder_Status	Responder	1.18696425453153	0.990161377740715	0.240669445777993	0.786717339910593	sample_2022120210001
HROV.vOTU29517	Responder_Status	Responder	-0.626794887334158	0.523742569663434	0.241434658139893	0.787781294693525	sample_2022120210001
HROV.vOTU13745	Responder_Status	Responder	-1.51488674181966	1.26771769958626	0.242121979890698	0.787798322248394	sample_2022120210001
HROV.vOTU19228	Responder_Status	Responder	0.716757999040785	0.599400514882721	0.241806981691187	0.787798322248394	sample_2022120210001
HROV.vOTU72267	Responder_Status	Responder	-1.51347370364673	1.26728828626712	0.24239508768009	0.787798322248394	sample_2022120210001
HROV.vOTU22737	Responder_Status	Responder	-1.17566138382719	0.983884578090285	0.242142618546732	0.787798322248394	sample_2022120210001
HROV.vOTU34003	Responder_Status	Responder	-0.756830069755017	0.634100210248217	0.242669134923745	0.787798322248394	sample_2022120210001
HROV.vOTU33387	Responder_Status	Responder	-0.481553421867275	0.404001172030993	0.243281677198747	0.787798322248394	sample_2022120210001
HROV.vOTU35959	Responder_Status	Responder	-0.845210143994105	0.708262515056198	0.242743259963578	0.787798322248394	sample_2022120210001
HROV.vOTU30549	Responder_Status	Responder	0.79546749884253	0.666182637993983	0.242469502481089	0.787798322248394	sample_2022120210001
HROV.vOTU60828	Responder_Status	Responder	0.978573042846554	0.821199710657137	0.24340598432522	0.787798322248394	sample_2022120210001
HROV.vOTU27008	Responder_Status	Responder	0.65325626893122	0.547443402965423	0.242770867192325	0.787798322248394	sample_2022120210001
HROV.vOTU26728	Responder_Status	Responder	-0.38083920714907	0.318624981672123	0.242011742726582	0.787798322248394	sample_2022120210001
HROV.vOTU41782	Responder_Status	Responder	0.554034703842238	0.463759902051995	0.242242404224709	0.787798322248394	sample_2022120210001
HROV.vOTU51286	Responder_Status	Responder	1.0271226720492	0.861664818209105	0.243258269326275	0.787798322248394	sample_2022120210001
HROV.vOTU27154	Responder_Status	Responder	1.19810269556458	1.00591214535381	0.243628890122243	0.787813108347611	sample_2022120210001
HROV.vOTU04125	Responder_Status	Responder	0.912532254892558	0.766093657804962	0.243594610758304	0.787813108347611	sample_2022120210001
HROV.vOTU16004	Responder_Status	Responder	1.02579197603462	0.862323388979696	0.244206153719202	0.788312678498854	sample_2022120210001
HROV.vOTU23169	Responder_Status	Responder	0.971242943889864	0.816864484814171	0.24443006439101	0.788312678498854	sample_2022120210001
HROV.vOTU72241	Responder_Status	Responder	-0.759871729687618	0.638938887987623	0.244320786463963	0.788312678498854	sample_2022120210001
HROV.vOTU24409	Responder_Status	Responder	-1.23430456977222	1.0394029355077	0.24500200108916	0.789371757421773	sample_2022120210001
HROV.vOTU34273	Responder_Status	Responder	0.391346074932421	0.329770682134245	0.245308997271748	0.789690766827804	sample_2022120210001
HROV.vOTU30980	Responder_Status	Responder	-0.985974581831445	0.831003021663753	0.245400036200617	0.789745408738495	sample_2022120210001
HROV.vOTU47873	Responder_Status	Responder	0.861062893096496	0.725845254319896	0.2454767179529	0.789866749814674	sample_2022120210001
HROV.vOTU35661	Responder_Status	Responder	-1.44268953339117	1.21684971985609	0.245747163835416	0.790122693721987	sample_2022120210001
HROV.vOTU51929	Responder_Status	Responder	-1.41161994198757	1.19318986022917	0.246731971018623	0.790515902228397	sample_2022120210001
HROV.vOTU40887	Responder_Status	Responder	-0.552496248927326	0.467057791137819	0.246784559905801	0.790515902228397	sample_2022120210001
HROV.vOTU04691	Responder_Status	Responder	1.42894950068434	1.21085917536115	0.247884758352445	0.790515902228397	sample_2022120210001
HROV.vOTU02921	Responder_Status	Responder	-0.488114360652422	0.412975117474944	0.247168028329642	0.790515902228397	sample_2022120210001
HROV.vOTU48984	Responder_Status	Responder	0.484604440781077	0.410583535163892	0.247818200183086	0.790515902228397	sample_2022120210001
HROV.vOTU07600	Responder_Status	Responder	1.72825904365979	1.46258809667365	0.247285846549754	0.790515902228397	sample_2022120210001
HROV.vOTU43068	Responder_Status	Responder	-1.36409582022729	1.15286715475555	0.246671034717603	0.790515902228397	sample_2022120210001
HROV.vOTU06938	Responder_Status	Responder	0.801446394426761	0.676918184111478	0.246381494041721	0.790515902228397	sample_2022120210001
HROV.vOTU34386	Responder_Status	Responder	-1.1114057094062	0.939333763414798	0.246684756394933	0.790515902228397	sample_2022120210001
HROV.vOTU36599	Responder_Status	Responder	-1.26936790335779	1.07344929962493	0.246946782501575	0.790515902228397	sample_2022120210001
HROV.vOTU45720	Responder_Status	Responder	-1.34349796781217	1.13453527235751	0.246295806121291	0.790515902228397	sample_2022120210001
HROV.vOTU53637	Responder_Status	Responder	0.591102790001516	0.499239362194398	0.246364623163264	0.790515902228397	sample_2022120210001
HROV.vOTU51003	Responder_Status	Responder	-0.403857496966533	0.342016275242205	0.247610397088289	0.790515902228397	sample_2022120210001
HROV.vOTU75194	Responder_Status	Responder	0.937839039860206	0.791820205059336	0.246207997199436	0.790515902228397	sample_2022120210001
HROV.vOTU65027	Responder_Status	Responder	1.45726568413076	1.23421170437718	0.247644723133611	0.790515902228397	sample_2022120210001
HROV.vOTU53340	Responder_Status	Responder	0.646864379461147	0.547037846224228	0.246957523912481	0.790515902228397	sample_2022120210001
HROV.vOTU09782	Responder_Status	Responder	1.05830343310952	0.894723146278181	0.246824047315503	0.790515902228397	sample_2022120210001
HROV.vOTU74209	Responder_Status	Responder	0.469000126255128	0.397933843398923	0.248481409947491	0.791274742099577	sample_2022120210001
HROV.vOTU44039	Responder_Status	Responder	-0.437098058481974	0.371275463329966	0.248991414081092	0.792296954476952	sample_2022120210001
HROV.vOTU26471	Responder_Status	Responder	-0.531655933754225	0.452039166981063	0.249446891414657	0.792667929237329	sample_2022120210001
HROV.vOTU18241	Responder_Status	Responder	0.625403592909196	0.53146351062489	0.24919965254847	0.792667929237329	sample_2022120210001
HROV.vOTU46374	Responder_Status	Responder	0.771364014646281	0.655835048357709	0.249436085378618	0.792667929237329	sample_2022120210001
HROV.vOTU47446	Responder_Status	Responder	0.77278459979332	0.657923494082586	0.250055333260497	0.793161923303994	sample_2022120210001
HROV.vOTU17808	Responder_Status	Responder	0.541887666929372	0.461347988860992	0.250057919331717	0.793161923303994	sample_2022120210001
HROV.vOTU57817	Responder_Status	Responder	1.36008125703007	1.15826858727312	0.250191091335696	0.7932639820807	sample_2022120210001
HROV.vOTU16592	Responder_Status	Responder	1.20803962390772	1.02983328551799	0.250661159926144	0.793612018990318	sample_2022120210001
HROV.vOTU36366	Responder_Status	Responder	1.33816884830645	1.14093574756614	0.250729904091311	0.793612018990318	sample_2022120210001
HROV.vOTU73490	Responder_Status	Responder	0.379653622052084	0.323870146649669	0.250978267855079	0.793967192872266	sample_2022120210001
HROV.vOTU03622	Responder_Status	Responder	1.21242709685298	1.03466314683943	0.251148748207116	0.794189497646781	sample_2022120210001
HROV.vOTU11730	Responder_Status	Responder	1.06731878245586	0.910887110089063	0.251177584918917	0.794189497646781	sample_2022120210001
HROV.vOTU59949	Responder_Status	Responder	1.16560078707306	0.995674025234915	0.251600695483044	0.794248342871632	sample_2022120210001
HROV.vOTU20022	Responder_Status	Responder	-0.743317997943087	0.63488086809957	0.251547653743069	0.794248342871632	sample_2022120210001
HROV.vOTU48844	Responder_Status	Responder	0.278401486651584	0.237840606416878	0.251650918177982	0.794248342871632	sample_2022120210001
HROV.vOTU07547	Responder_Status	Responder	-0.972258084152507	0.831455915448703	0.25212352848904	0.794782547319939	sample_2022120210001
HROV.vOTU07552	Responder_Status	Responder	1.47861246513499	1.26925242715191	0.25386947486831	0.795351144401472	sample_2022120210001
HROV.vOTU28591	Responder_Status	Responder	1.41586551987484	1.21585734060025	0.254047802234983	0.795351144401472	sample_2022120210001
HROV.vOTU29337	Responder_Status	Responder	-0.469431415311085	0.403160550299987	0.254096147094394	0.795351144401472	sample_2022120210001
HROV.vOTU46856	Responder_Status	Responder	-0.739166976291112	0.635838213067231	0.254842079084922	0.795351144401472	sample_2022120210001
HROV.vOTU37640	Responder_Status	Responder	-1.44383103205747	1.23664823308617	0.252840580364207	0.795351144401472	sample_2022120210001
HROV.vOTU21127	Responder_Status	Responder	1.52630271632322	1.31294819264356	0.254845117696762	0.795351144401472	sample_2022120210001
HROV.vOTU23491	Responder_Status	Responder	-0.588857841777914	0.504505598254339	0.252974739863603	0.795351144401472	sample_2022120210001
HROV.vOTU60746	Responder_Status	Responder	-0.797173540788087	0.682875352972406	0.252903277086421	0.795351144401472	sample_2022120210001
HROV.vOTU74149	Responder_Status	Responder	-0.688178927660327	0.589816725588082	0.253145702866735	0.795351144401472	sample_2022120210001
HROV.vOTU49292	Responder_Status	Responder	1.08011509382893	0.924886774178873	0.252721843762291	0.795351144401472	sample_2022120210001
HROV.vOTU48193	Responder_Status	Responder	1.39264871581195	1.19370552669527	0.253188298964637	0.795351144401472	sample_2022120210001
HROV.vOTU72662	Responder_Status	Responder	0.642156732022692	0.551095488415646	0.253754333596405	0.795351144401472	sample_2022120210001
HROV.vOTU15774	Responder_Status	Responder	0.736607544517987	0.63235691123182	0.253904147541069	0.795351144401472	sample_2022120210001
HROV.vOTU67290	Responder_Status	Responder	-0.508527526200444	0.436470004460245	0.253812126701128	0.795351144401472	sample_2022120210001
HROV.vOTU49399	Responder_Status	Responder	0.851739304408013	0.733192014277254	0.255170165226387	0.795434141280096	sample_2022120210001
HROV.vOTU69880	Responder_Status	Responder	-0.611059834065348	0.526021611807713	0.255179585100036	0.795434141280096	sample_2022120210001
HROV.vOTU21529	Responder_Status	Responder	0.696324543850858	0.599233849192456	0.2550350567303	0.795434141280096	sample_2022120210001
HROV.vOTU17802	Responder_Status	Responder	-0.367593948701054	0.316497518865513	0.255267353778652	0.795480781326278	sample_2022120210001
HROV.vOTU70315	Responder_Status	Responder	1.09768995761378	0.945896568489575	0.255654386665617	0.795818125971325	sample_2022120210001
HROV.vOTU13650	Responder_Status	Responder	0.625405623647016	0.538943483202982	0.255673082136685	0.795818125971325	sample_2022120210001
HROV.vOTU01838	Responder_Status	Responder	-0.909918157927027	0.784841071785201	0.256098674263015	0.796181694833563	sample_2022120210001
HROV.vOTU26654	Responder_Status	Responder	-0.544389833750153	0.469544306579412	0.256084963934005	0.796181694833563	sample_2022120210001
HROV.vOTU53190	Responder_Status	Responder	0.634568971850924	0.547342922507665	0.256100047069078	0.796181694833563	sample_2022120210001
HROV.vOTU06214	Responder_Status	Responder	0.819995160100152	0.707421646659289	0.256192446717633	0.796232752550651	sample_2022120210001
HROV.vOTU02423	Responder_Status	Responder	1.08571404270203	0.937536063892461	0.256626245925008	0.796625689191778	sample_2022120210001
HROV.vOTU51628	Responder_Status	Responder	1.19290460677577	1.03007357731662	0.256615549812201	0.796625689191778	sample_2022120210001
HROV.vOTU72168	Responder_Status	Responder	-0.709659628580861	0.612851211949239	0.256660938888935	0.796625689191778	sample_2022120210001
HROV.vOTU54685	Responder_Status	Responder	0.905016240224813	0.781629157427466	0.256703131071959	0.796638677416087	sample_2022120210001
HROV.vOTU10338	Responder_Status	Responder	0.88236893387513	0.763260430065097	0.257429001716984	0.797710212298637	sample_2022120210001
HROV.vOTU48814	Responder_Status	Responder	1.19177549343902	1.03161366981286	0.257750330423868	0.797766669007844	sample_2022120210001
HROV.vOTU05001	Responder_Status	Responder	0.441376383575475	0.382125804133025	0.2578302575297	0.797766669007844	sample_2022120210001
HROV.vOTU65540	Responder_Status	Responder	1.16145306536524	1.00570410056855	0.257906597492418	0.797774835218579	sample_2022120210001
HROV.vOTU47756	Responder_Status	Responder	1.51324741147356	1.31053589735457	0.257982023212883	0.797821880121081	sample_2022120210001
HROV.vOTU08400	Responder_Status	Responder	-0.491612312480715	0.42616520639646	0.258427914512474	0.798104524509014	sample_2022120210001
HROV.vOTU67547	Responder_Status	Responder	1.35994052000171	1.17841808218889	0.258239631159175	0.798104524509014	sample_2022120210001
HROV.vOTU28412	Responder_Status	Responder	0.575852593622535	0.499265832360779	0.258497854665091	0.798104524509014	sample_2022120210001
HROV.vOTU56428	Responder_Status	Responder	-0.856418380559088	0.743148896289216	0.258893619865465	0.798632082024729	sample_2022120210001
HROV.vOTU22654	Responder_Status	Responder	-0.906617841255911	0.787361126669483	0.259279318992212	0.798728049838959	sample_2022120210001
HROV.vOTU33700	Responder_Status	Responder	-0.782334204650779	0.678994858011705	0.258983976332169	0.798728049838959	sample_2022120210001
HROV.vOTU34791	Responder_Status	Responder	-0.603274074897214	0.523894533192818	0.259257339901693	0.798728049838959	sample_2022120210001
HROV.vOTU69117	Responder_Status	Responder	-0.571054543008516	0.495830175100496	0.259178186957214	0.798728049838959	sample_2022120210001
HROV.vOTU53720	Responder_Status	Responder	1.04946035933763	0.911418883022585	0.259281758163372	0.798728049838959	sample_2022120210001
HROV.vOTU22913	Responder_Status	Responder	-0.195973698322852	0.170138080276183	0.259122853607229	0.798728049838959	sample_2022120210001
HROV.vOTU29071	Responder_Status	Responder	1.2944579183573	1.12509174338452	0.259654869965174	0.798822650450684	sample_2022120210001
HROV.vOTU68419	Responder_Status	Responder	-0.518258614658216	0.450754308471586	0.259969450007481	0.798822650450684	sample_2022120210001
HROV.vOTU70292	Responder_Status	Responder	0.762935770076077	0.664109360252253	0.260353726864748	0.799211206075736	sample_2022120210001
HROV.vOTU51259	Responder_Status	Responder	1.22703663457004	1.06828099458261	0.260435630680735	0.799345558510499	sample_2022120210001
HROV.vOTU16798	Responder_Status	Responder	0.406113752072976	0.35378614508282	0.260720109942346	0.799574474771404	sample_2022120210001
HROV.vOTU66623	Responder_Status	Responder	0.505569127610828	0.441016901886596	0.261344247363077	0.799617805055298	sample_2022120210001
HROV.vOTU47122	Responder_Status	Responder	-0.660865457758461	0.575917361750266	0.260885352119123	0.799617805055298	sample_2022120210001
HROV.vOTU33822	Responder_Status	Responder	1.34489379601986	1.17223742751639	0.260971712609709	0.799617805055298	sample_2022120210001
HROV.vOTU52333	Responder_Status	Responder	-1.51164768402044	1.3203165490068	0.261937744296472	0.800102085244964	sample_2022120210001
HROV.vOTU03587	Responder_Status	Responder	-1.05442569435174	0.921015678437728	0.261963043046792	0.800102085244964	sample_2022120210001
HROV.vOTU22961	Responder_Status	Responder	1.03845608820176	0.906846226839037	0.261849724506312	0.800102085244964	sample_2022120210001
HROV.vOTU22540	Responder_Status	Responder	1.70168960181223	1.4867059086313	0.262063643773584	0.800124395265013	sample_2022120210001
HROV.vOTU07517	Responder_Status	Responder	0.908101451737975	0.793681695326814	0.262243290298514	0.800262559994119	sample_2022120210001
HROV.vOTU16111	Responder_Status	Responder	1.00186255655445	0.875577579536339	0.262215894248302	0.800262559994119	sample_2022120210001
HROV.vOTU19975	Responder_Status	Responder	-0.572297915719218	0.500311640075442	0.262357624438839	0.800262559994119	sample_2022120210001
HROV.vOTU51416	Responder_Status	Responder	-0.590333950378279	0.516237594814688	0.262500945428468	0.800474048542604	sample_2022120210001
HROV.vOTU22923	Responder_Status	Responder	-0.774742095829099	0.677640902601585	0.262598261344415	0.800474048542604	sample_2022120210001
HROV.vOTU51501	Responder_Status	Responder	-0.576472468462508	0.505313958900454	0.263608690094576	0.800546971152949	sample_2022120210001
HROV.vOTU35881	Responder_Status	Responder	-1.42610403037018	1.2501375875364	0.263634361653125	0.800546971152949	sample_2022120210001
HROV.vOTU02236	Responder_Status	Responder	1.22411151579103	1.07283715473939	0.263533549661268	0.800546971152949	sample_2022120210001
HROV.vOTU22046	Responder_Status	Responder	-0.775738400580928	0.679957813725567	0.263591441204139	0.800546971152949	sample_2022120210001
HROV.vOTU64126	Responder_Status	Responder	0.584938068743215	0.511799099502557	0.262756373605355	0.800546971152949	sample_2022120210001
HROV.vOTU58027	Responder_Status	Responder	0.829866493246204	0.72664049592009	0.263102081268151	0.800546971152949	sample_2022120210001
HROV.vOTU26844	Responder_Status	Responder	1.20805708356881	1.05913736550288	0.263696956137296	0.800563180857146	sample_2022120210001
HROV.vOTU12762	Responder_Status	Responder	-1.46114771840956	1.28329402143952	0.264521930445597	0.801001795305204	sample_2022120210001
HROV.vOTU60343	Responder_Status	Responder	-1.6937911646324	1.48724588199813	0.264404553904512	0.801001795305204	sample_2022120210001
HROV.vOTU62662	Responder_Status	Responder	0.653757215041877	0.574105870056231	0.264461104249297	0.801001795305204	sample_2022120210001
HROV.vOTU59097	Responder_Status	Responder	-0.944267185718136	0.828676193208642	0.264154042512659	0.801001795305204	sample_2022120210001
HROV.vOTU04247	Responder_Status	Responder	1.23853025519757	1.08797106581504	0.264606556121304	0.801004248455015	sample_2022120210001
HROV.vOTU05092	Responder_Status	Responder	0.678020305685798	0.595705329677232	0.264690520217321	0.801027043568445	sample_2022120210001
HROV.vOTU04830	Responder_Status	Responder	0.771708491208665	0.677979341385701	0.264662979832217	0.801027043568445	sample_2022120210001
HROV.vOTU59175	Responder_Status	Responder	1.16856099818377	1.02786334315796	0.265223282215159	0.801585489757085	sample_2022120210001
HROV.vOTU74263	Responder_Status	Responder	0.69917248320208	0.615572931295994	0.265665792130439	0.801585489757085	sample_2022120210001
HROV.vOTU64574	Responder_Status	Responder	-1.22338890942395	1.07749801881314	0.265834514969421	0.801585489757085	sample_2022120210001
HROV.vOTU49689	Responder_Status	Responder	0.75220595836393	0.662220748938025	0.265634395124757	0.801585489757085	sample_2022120210001
HROV.vOTU13618	Responder_Status	Responder	-0.57014190335281	0.501616246305225	0.265335881953525	0.801585489757085	sample_2022120210001
HROV.vOTU58813	Responder_Status	Responder	-0.682664249876561	0.600822622530857	0.26549782307594	0.801585489757085	sample_2022120210001
HROV.vOTU37802	Responder_Status	Responder	-1.64617474727886	1.45079475221846	0.266133888696928	0.801700396813699	sample_2022120210001
HROV.vOTU28477	Responder_Status	Responder	0.53663668830034	0.472952709294138	0.2661417651484	0.801700396813699	sample_2022120210001
HROV.vOTU69490	Responder_Status	Responder	0.526814178517589	0.464649858131446	0.266498153302806	0.802096681968238	sample_2022120210001
HROV.vOTU23270	Responder_Status	Responder	0.593854213183506	0.52520627066388	0.267771111068492	0.803532889192633	sample_2022120210001
HROV.vOTU01875	Responder_Status	Responder	1.00282923827376	0.88703232946359	0.267838355844597	0.803591746135522	sample_2022120210001
HROV.vOTU19800	Responder_Status	Responder	-1.08307717713565	0.958426417203511	0.268039792040082	0.803592870492136	sample_2022120210001
HROV.vOTU08866	Responder_Status	Responder	0.700168854098723	0.619516559153311	0.267986722951607	0.803592870492136	sample_2022120210001
HROV.vOTU18920	Responder_Status	Responder	1.04083119582867	0.922812872716697	0.268938856068133	0.803811838324064	sample_2022120210001
HROV.vOTU23522	Responder_Status	Responder	0.693211692182829	0.61372931485302	0.268267883194593	0.803811838324064	sample_2022120210001
HROV.vOTU01747	Responder_Status	Responder	1.22613623547587	1.08565144450161	0.26831175355025	0.803811838324064	sample_2022120210001
HROV.vOTU07540	Responder_Status	Responder	0.874302305833839	0.77487198626148	0.268760934156237	0.803811838324064	sample_2022120210001
HROV.vOTU62984	Responder_Status	Responder	0.989800497075517	0.877055241650161	0.26866491566679	0.803811838324064	sample_2022120210001
HROV.vOTU72028	Responder_Status	Responder	-0.253522235088874	0.22473862698391	0.268861568663903	0.803811838324064	sample_2022120210001
HROV.vOTU13869	Responder_Status	Responder	0.709257442493142	0.630536296635919	0.270204002227381	0.805844605390709	sample_2022120210001
HROV.vOTU70645	Responder_Status	Responder	0.534115199905697	0.475179236181426	0.27054537359621	0.806039031850231	sample_2022120210001
HROV.vOTU05048	Responder_Status	Responder	0.839379652148064	0.747138652002693	0.270783097446845	0.806080630945301	sample_2022120210001
HROV.vOTU27016	Responder_Status	Responder	-0.661091161140555	0.589932745995401	0.2719690752436	0.80651836687972	sample_2022120210001
HROV.vOTU56283	Responder_Status	Responder	0.378264387115137	0.337524835754569	0.271935729440446	0.80651836687972	sample_2022120210001
HROV.vOTU21886	Responder_Status	Responder	1.06184111528854	0.946355654413364	0.271379106944536	0.80651836687972	sample_2022120210001
HROV.vOTU27737	Responder_Status	Responder	0.965463394825683	0.860675729955721	0.271496695687511	0.80651836687972	sample_2022120210001
HROV.vOTU67177	Responder_Status	Responder	1.33827783890508	1.19196334821438	0.271078713714388	0.80651836687972	sample_2022120210001
HROV.vOTU37713	Responder_Status	Responder	0.553035430140701	0.49328229550668	0.271754604467559	0.80651836687972	sample_2022120210001
HROV.vOTU05795	Responder_Status	Responder	-0.772957597484369	0.690113290838428	0.272210562778068	0.806621612514077	sample_2022120210001
HROV.vOTU17770	Responder_Status	Responder	0.576381099328738	0.514542026509491	0.272152664298143	0.806621612514077	sample_2022120210001
HROV.vOTU60854	Responder_Status	Responder	0.679444868275004	0.60703117829721	0.272526070623894	0.807028318773215	sample_2022120210001
HROV.vOTU25738	Responder_Status	Responder	0.389138494187048	0.347698494183082	0.272571275776603	0.807048162209013	sample_2022120210001
HROV.vOTU12196	Responder_Status	Responder	1.56159942947319	1.39590161547607	0.272772841294171	0.807399069301097	sample_2022120210001
HROV.vOTU27399	Responder_Status	Responder	-1.1113485669293	0.99335331905733	0.272738572697797	0.807399069301097	sample_2022120210001
HROV.vOTU16108	Responder_Status	Responder	-0.801823960540186	0.71691687290943	0.272885872234709	0.807399069301097	sample_2022120210001
HROV.vOTU23278	Responder_Status	Responder	0.559861843816357	0.500500788884901	0.272814688662608	0.807399069301097	sample_2022120210001
HROV.vOTU56168	Responder_Status	Responder	-0.943193894521207	0.843508881018469	0.272992753385382	0.807497616561897	sample_2022120210001
HROV.vOTU46996	Responder_Status	Responder	1.2446817081939	1.11383462779799	0.273288582736598	0.807783507120263	sample_2022120210001
HROV.vOTU70759	Responder_Status	Responder	1.10584030241343	0.990513981688272	0.273727214199983	0.807783507120263	sample_2022120210001
HROV.vOTU56306	Responder_Status	Responder	0.386890549670976	0.346390099840474	0.273520908417984	0.807783507120263	sample_2022120210001
HROV.vOTU16567	Responder_Status	Responder	0.587230588151193	0.525978000222765	0.273717175212791	0.807783507120263	sample_2022120210001
HROV.vOTU67808	Responder_Status	Responder	1.21210985364852	1.08619806220851	0.273942188933011	0.808025370114819	sample_2022120210001
HROV.vOTU26869	Responder_Status	Responder	-0.707255282721887	0.634344031042778	0.274354823984501	0.808265017326585	sample_2022120210001
HROV.vOTU05127	Responder_Status	Responder	-1.11536285319019	1.00098460432102	0.274638779190548	0.808266406890544	sample_2022120210001
HROV.vOTU09968	Responder_Status	Responder	-0.90226293110696	0.810377426009341	0.275009781629448	0.809011231291682	sample_2022120210001
HROV.vOTU08563	Responder_Status	Responder	-1.2328650431599	1.10850561471661	0.27551625017087	0.809276587456101	sample_2022120210001
HROV.vOTU24826	Responder_Status	Responder	0.523952781562253	0.471290384391854	0.275704604453665	0.809276587456101	sample_2022120210001
HROV.vOTU13759	Responder_Status	Responder	-0.793895973456075	0.715070408898622	0.276341823364365	0.809579400854647	sample_2022120210001
HROV.vOTU29429	Responder_Status	Responder	-0.947522942831877	0.854219786763085	0.276769088559294	0.809579400854647	sample_2022120210001
HROV.vOTU04464	Responder_Status	Responder	-1.01249407076117	0.911447582461867	0.276075562342302	0.809579400854647	sample_2022120210001
HROV.vOTU09591	Responder_Status	Responder	-0.727460998865061	0.656493949508081	0.277246723675108	0.809579400854647	sample_2022120210001
HROV.vOTU53381	Responder_Status	Responder	-0.359327768716567	0.32424379349714	0.27720327607308	0.809579400854647	sample_2022120210001
HROV.vOTU66003	Responder_Status	Responder	-0.685624546113669	0.618768156614118	0.277269015278206	0.809579400854647	sample_2022120210001
HROV.vOTU72186	Responder_Status	Responder	1.362530506104	1.23081085267843	0.277705995564304	0.809579400854647	sample_2022120210001
HROV.vOTU01013	Responder_Status	Responder	0.613613749319898	0.554160811630856	0.277592969905871	0.809579400854647	sample_2022120210001
HROV.vOTU01119	Responder_Status	Responder	0.635316407845964	0.57363363378013	0.277488788954541	0.809579400854647	sample_2022120210001
HROV.vOTU56119	Responder_Status	Responder	1.09816850255949	0.993338356711123	0.27833770112637	0.809579400854647	sample_2022120210001
HROV.vOTU36894	Responder_Status	Responder	0.73594732742998	0.66441060987514	0.277429538772417	0.809579400854647	sample_2022120210001
HROV.vOTU48896	Responder_Status	Responder	-0.437029515161062	0.394697644502426	0.277607090832588	0.809579400854647	sample_2022120210001
HROV.vOTU71923	Responder_Status	Responder	0.805051807814768	0.728515898955849	0.278540294036176	0.809624818055506	sample_2022120210001
HROV.vOTU70158	Responder_Status	Responder	0.374580896708456	0.339386851535967	0.279119176896983	0.810069883285747	sample_2022120210001
HROV.vOTU49413	Responder_Status	Responder	0.911751325977987	0.827228412239791	0.279769182641389	0.810477236502344	sample_2022120210001
HROV.vOTU67265	Responder_Status	Responder	0.761528862936834	0.691304720835562	0.280023007990992	0.810477236502344	sample_2022120210001
HROV.vOTU02568	Responder_Status	Responder	0.852240908930246	0.773537077639365	0.2799531876478	0.810477236502344	sample_2022120210001
HROV.vOTU11697	Responder_Status	Responder	0.45621884238418	0.413943535735666	0.279789616268896	0.810477236502344	sample_2022120210001
HROV.vOTU27327	Responder_Status	Responder	0.567648272327451	0.515238278361846	0.279964075151921	0.810477236502344	sample_2022120210001
HROV.vOTU42685	Responder_Status	Responder	0.727865684404879	0.662001987270234	0.28091757065206	0.811933463926014	sample_2022120210001
HROV.vOTU28965	Responder_Status	Responder	-0.635656174017766	0.578428184913846	0.281155263916813	0.812218842422224	sample_2022120210001
HROV.vOTU37850	Responder_Status	Responder	-1.35237533966851	1.23106687149	0.281325823291447	0.812426185752099	sample_2022120210001
HROV.vOTU74668	Responder_Status	Responder	1.23585675176329	1.12557164490489	0.28156516232055	0.812445732687051	sample_2022120210001
HROV.vOTU17342	Responder_Status	Responder	-0.935350620645845	0.852541232586623	0.28192967683656	0.812546559687748	sample_2022120210001
HROV.vOTU66985	Responder_Status	Responder	-0.830799626273083	0.757363611005185	0.282002585936375	0.812546559687748	sample_2022120210001
HROV.vOTU23476	Responder_Status	Responder	0.879646556308826	0.802487238566374	0.282351799792314	0.812708833956252	sample_2022120210001
HROV.vOTU24679	Responder_Status	Responder	-0.404901563206455	0.369615270324713	0.282645421177638	0.812784768853158	sample_2022120210001
HROV.vOTU34240	Responder_Status	Responder	1.16703997573063	1.06560280227622	0.282763921409142	0.812924786903358	sample_2022120210001
HROV.vOTU02638	Responder_Status	Responder	0.954954496385708	0.872035929764646	0.282809599493785	0.812924786903358	sample_2022120210001
HROV.vOTU01833	Responder_Status	Responder	-0.371986742722932	0.339756733861417	0.28290611424575	0.813018000659364	sample_2022120210001
HROV.vOTU31912	Responder_Status	Responder	-1.07772323457453	0.984925197215838	0.28318337250094	0.813092242322341	sample_2022120210001
HROV.vOTU34659	Responder_Status	Responder	-0.908012026833684	0.829996183615798	0.283279448864173	0.813092242322341	sample_2022120210001
HROV.vOTU35796	Responder_Status	Responder	1.0463381900365	0.958694084311031	0.284390905470694	0.8131277461353	sample_2022120210001
HROV.vOTU62383	Responder_Status	Responder	-0.694812210945065	0.636966039590985	0.284652546272534	0.8131277461353	sample_2022120210001
HROV.vOTU63801	Responder_Status	Responder	0.665289459832158	0.609408140521648	0.284271032657652	0.8131277461353	sample_2022120210001
HROV.vOTU34795	Responder_Status	Responder	0.882284053001112	0.807540036872763	0.28389962449024	0.8131277461353	sample_2022120210001
HROV.vOTU32309	Responder_Status	Responder	0.387101515452298	0.354703600345922	0.284426483592235	0.8131277461353	sample_2022120210001
HROV.vOTU50049	Responder_Status	Responder	-1.05003120987895	0.963596584140814	0.285135138668831	0.813784382693177	sample_2022120210001
HROV.vOTU60965	Responder_Status	Responder	-0.91886762684891	0.843075358902649	0.285048655034232	0.813784382693177	sample_2022120210001
HROV.vOTU48027	Responder_Status	Responder	-1.18410424059751	1.08859716884235	0.285987339267065	0.814140379992508	sample_2022120210001
HROV.vOTU57557	Responder_Status	Responder	-1.2174535976082	1.12003288447063	0.286314604299601	0.814140379992508	sample_2022120210001
HROV.vOTU59691	Responder_Status	Responder	1.43178218915431	1.31713078572163	0.286285895528349	0.814140379992508	sample_2022120210001
HROV.vOTU08541	Responder_Status	Responder	-0.757705618391935	0.696141731488169	0.285682924532409	0.814140379992508	sample_2022120210001
HROV.vOTU53179	Responder_Status	Responder	1.27560354087498	1.17364243365452	0.286359965549789	0.814140379992508	sample_2022120210001
HROV.vOTU10529	Responder_Status	Responder	-0.864416525107657	0.79467900408152	0.285978007570061	0.814140379992508	sample_2022120210001
HROV.vOTU22458	Responder_Status	Responder	-0.76194966122764	0.69993948376964	0.285614516496068	0.814140379992508	sample_2022120210001
HROV.vOTU56260	Responder_Status	Responder	1.37800595763832	1.26799757220874	0.28641131599969	0.814140379992508	sample_2022120210001
HROV.vOTU57616	Responder_Status	Responder	0.74396664237933	0.683895188342176	0.285942583689643	0.814140379992508	sample_2022120210001
HROV.vOTU48417	Responder_Status	Responder	-0.366719711620057	0.337071463738315	0.285890032866492	0.814140379992508	sample_2022120210001
HROV.vOTU39286	Responder_Status	Responder	-1.36367370102942	1.25573224968984	0.28675837901441	0.81418906505094	sample_2022120210001
HROV.vOTU04146	Responder_Status	Responder	0.64326483256998	0.592158385628807	0.286607801436329	0.81418906505094	sample_2022120210001
HROV.vOTU65601	Responder_Status	Responder	-0.676330251134963	0.623087460576396	0.286979751983241	0.81418906505094	sample_2022120210001
HROV.vOTU04156	Responder_Status	Responder	-1.01362821439472	0.933883904109697	0.287005847743757	0.81418906505094	sample_2022120210001
HROV.vOTU15438	Responder_Status	Responder	-0.575913891246457	0.530496908142653	0.286909195330269	0.81418906505094	sample_2022120210001
HROV.vOTU09774	Responder_Status	Responder	-0.449056758300979	0.414748991258767	0.288169357871181	0.816109950139164	sample_2022120210001
HROV.vOTU04775	Responder_Status	Responder	-0.954359849879687	0.882397161030258	0.288678280660311	0.816431371714076	sample_2022120210001
HROV.vOTU64708	Responder_Status	Responder	0.993435697074603	0.918360200344036	0.288592718695888	0.816431371714076	sample_2022120210001
HROV.vOTU73192	Responder_Status	Responder	0.958914683739945	0.886670547981856	0.288711322859959	0.816431371714076	sample_2022120210001
HROV.vOTU41678	Responder_Status	Responder	0.5512210385089	0.509876729230217	0.288882231816873	0.816694305217379	sample_2022120210001
HROV.vOTU69031	Responder_Status	Responder	0.464668664110933	0.429944618663776	0.289023374474388	0.816762832544583	sample_2022120210001
HROV.vOTU33455	Responder_Status	Responder	-0.378780754747948	0.351366340215011	0.290223851714535	0.818389873797479	sample_2022120210001
HROV.vOTU49012	Responder_Status	Responder	-0.717407037084918	0.665549112454816	0.290269814250221	0.818409376739929	sample_2022120210001
HROV.vOTU47141	Responder_Status	Responder	-1.14878169984361	1.06666006522372	0.290676992879975	0.818677553604901	sample_2022120210001
HROV.vOTU31921	Responder_Status	Responder	1.05795642257912	0.982076110079252	0.290555982344862	0.818677553604901	sample_2022120210001
HROV.vOTU22759	Responder_Status	Responder	0.856265879466261	0.79549857291139	0.290940714581014	0.818759046404143	sample_2022120210001
HROV.vOTU37432	Responder_Status	Responder	-0.742610000205072	0.690112971884211	0.291080762392542	0.819043197710789	sample_2022120210001
HROV.vOTU29100	Responder_Status	Responder	0.495043719838935	0.460581246271492	0.291628790083951	0.819485110626037	sample_2022120210001
HROV.vOTU43556	Responder_Status	Responder	-0.999900730792221	0.933162448230758	0.293085803174951	0.820975538880675	sample_2022120210001
HROV.vOTU09438	Responder_Status	Responder	-0.426520629486149	0.397765421272835	0.292744402907559	0.820975538880675	sample_2022120210001
HROV.vOTU20618	Responder_Status	Responder	-0.525030017062633	0.490074183945159	0.293170045130202	0.820975538880675	sample_2022120210001
HROV.vOTU31772	Responder_Status	Responder	1.03427430198068	0.964534446422902	0.292738981699037	0.820975538880675	sample_2022120210001
HROV.vOTU49317	Responder_Status	Responder	-0.847772010024391	0.790716480736019	0.292804025816145	0.820975538880675	sample_2022120210001
HROV.vOTU16374	Responder_Status	Responder	-0.409679834338834	0.382480633509739	0.293265018002759	0.820975538880675	sample_2022120210001
HROV.vOTU54557	Responder_Status	Responder	0.401757786173448	0.374494103905799	0.29251967613212	0.820975538880675	sample_2022120210001
HROV.vOTU03088	Responder_Status	Responder	0.547029186370362	0.511312232669236	0.293821612392802	0.821643893590796	sample_2022120210001
HROV.vOTU16373	Responder_Status	Responder	-1.49910383486548	1.4020244150834	0.294092060400253	0.821875951184525	sample_2022120210001
HROV.vOTU05778	Responder_Status	Responder	-0.407489664930076	0.38160411196369	0.294716110420512	0.821893454381979	sample_2022120210001
HROV.vOTU26649	Responder_Status	Responder	1.35157502699536	1.26849718896744	0.295754904876738	0.821893454381979	sample_2022120210001
HROV.vOTU39907	Responder_Status	Responder	-0.416379665849588	0.390650394069344	0.295590714657859	0.821893454381979	sample_2022120210001
HROV.vOTU67216	Responder_Status	Responder	1.6388271293136	1.53711677554467	0.295454396522414	0.821893454381979	sample_2022120210001
HROV.vOTU41249	Responder_Status	Responder	0.900670608903664	0.845305772154832	0.295753262092538	0.821893454381979	sample_2022120210001
HROV.vOTU01043	Responder_Status	Responder	-0.653710750620124	0.611912467411659	0.294505998622235	0.821893454381979	sample_2022120210001
HROV.vOTU20504	Responder_Status	Responder	-0.614315990186154	0.576720348269261	0.295890217826747	0.821982632955417	sample_2022120210001
HROV.vOTU06484	Responder_Status	Responder	-1.07069851866135	1.00616908829128	0.296359433883786	0.822568145964858	sample_2022120210001
HROV.vOTU26589	Responder_Status	Responder	1.14664842679067	1.07740066079406	0.296297483681737	0.822568145964858	sample_2022120210001
HROV.vOTU29003	Responder_Status	Responder	0.376124130616641	0.353421842623609	0.296314093383223	0.822568145964858	sample_2022120210001
HROV.vOTU24081	Responder_Status	Responder	1.50162372132614	1.41276941861982	0.296911686077353	0.82261160642803	sample_2022120210001
HROV.vOTU23941	Responder_Status	Responder	-1.11267945497119	1.04690419353242	0.296940811747828	0.82261160642803	sample_2022120210001
HROV.vOTU65362	Responder_Status	Responder	1.02030412542394	0.959736878262814	0.296816120816012	0.82261160642803	sample_2022120210001
HROV.vOTU34131	Responder_Status	Responder	-0.723198564642009	0.680987825326766	0.297317016407234	0.822896832230781	sample_2022120210001
HROV.vOTU62550	Responder_Status	Responder	-0.676690376387198	0.637196288988106	0.297318593057429	0.822896832230781	sample_2022120210001
HROV.vOTU19339	Responder_Status	Responder	0.949613332429466	0.893908241041841	0.297169054277005	0.822896832230781	sample_2022120210001
HROV.vOTU52612	Responder_Status	Responder	-1.28979216413427	1.21524903510898	0.297604721496526	0.823036675361813	sample_2022120210001
HROV.vOTU52191	Responder_Status	Responder	-1.36065737635012	1.28450698077339	0.298523457374939	0.824163812773803	sample_2022120210001
HROV.vOTU55097	Responder_Status	Responder	0.747861339313051	0.707375991686924	0.299441754959583	0.824815457549934	sample_2022120210001
HROV.vOTU09854	Responder_Status	Responder	-0.9122950832555	0.86387079796966	0.299970237074771	0.825656752342377	sample_2022120210001
HROV.vOTU08686	Responder_Status	Responder	0.741610956260483	0.702925157026122	0.300428119194197	0.825854869725683	sample_2022120210001
HROV.vOTU37335	Responder_Status	Responder	-0.776727380863365	0.736923847294207	0.300887748525226	0.825854869725683	sample_2022120210001
HROV.vOTU53328	Responder_Status	Responder	-0.642233287936499	0.610899915634325	0.302114166467313	0.82634907074969	sample_2022120210001
HROV.vOTU10023	Responder_Status	Responder	-0.517187810891523	0.491922741386701	0.302082898897453	0.82634907074969	sample_2022120210001
HROV.vOTU56971	Responder_Status	Responder	1.32457168335931	1.25967088289465	0.302009742264116	0.82634907074969	sample_2022120210001
HROV.vOTU46602	Responder_Status	Responder	1.04993354106021	0.998693078382293	0.302106497318373	0.82634907074969	sample_2022120210001
HROV.vOTU73302	Responder_Status	Responder	1.09408068995899	1.03990777954401	0.301751882503283	0.82634907074969	sample_2022120210001
HROV.vOTU71676	Responder_Status	Responder	0.497708343623326	0.473047038769895	0.301734338587098	0.82634907074969	sample_2022120210001
HROV.vOTU21543	Responder_Status	Responder	1.01679803327327	0.968331158265177	0.302673248102935	0.826602037345756	sample_2022120210001
HROV.vOTU32342	Responder_Status	Responder	-0.79504411856156	0.75702380018212	0.302595812778865	0.826602037345756	sample_2022120210001
HROV.vOTU25012	Responder_Status	Responder	0.406422276007613	0.386974724508282	0.302581388098839	0.826602037345756	sample_2022120210001
HROV.vOTU10220	Responder_Status	Responder	0.716083107942956	0.681634132437077	0.302453400984839	0.826602037345756	sample_2022120210001
HROV.vOTU22520	Responder_Status	Responder	0.630108629841387	0.600224008282522	0.302791990923343	0.826800433787555	sample_2022120210001
HROV.vOTU15902	Responder_Status	Responder	-0.881824259785457	0.840494895142188	0.303070606972795	0.827130198196585	sample_2022120210001
HROV.vOTU34553	Responder_Status	Responder	-0.993648652334761	0.949410014605436	0.304237133608711	0.828412602833484	sample_2022120210001
HROV.vOTU30612	Responder_Status	Responder	-1.01134944262836	0.967221022348957	0.304677988667339	0.828412602833484	sample_2022120210001
HROV.vOTU38298	Responder_Status	Responder	-0.977275265222952	0.934974391985445	0.30485096550992	0.828412602833484	sample_2022120210001
HROV.vOTU07154	Responder_Status	Responder	0.75583985338933	0.723313514316887	0.304975503055335	0.828412602833484	sample_2022120210001
HROV.vOTU53268	Responder_Status	Responder	0.490248304018122	0.468633032615114	0.304451081656673	0.828412602833484	sample_2022120210001
HROV.vOTU74611	Responder_Status	Responder	0.393341332744768	0.376172661472653	0.304670512402449	0.828412602833484	sample_2022120210001
HROV.vOTU38654	Responder_Status	Responder	1.38452404746991	1.32466557298257	0.304876026182019	0.828412602833484	sample_2022120210001
HROV.vOTU19674	Responder_Status	Responder	0.398409146942223	0.381058674994979	0.30471957621555	0.828412602833484	sample_2022120210001
HROV.vOTU73450	Responder_Status	Responder	0.68487989582594	0.65592516828271	0.305350374800335	0.828616122561082	sample_2022120210001
HROV.vOTU60373	Responder_Status	Responder	-0.965598415453051	0.925271785341058	0.305604864625664	0.828701173466917	sample_2022120210001
HROV.vOTU02759	Responder_Status	Responder	1.40725365446299	1.34874951077834	0.305698993988698	0.828701173466917	sample_2022120210001
HROV.vOTU23782	Responder_Status	Responder	-0.468000329997363	0.448376216682693	0.305521417287635	0.828701173466917	sample_2022120210001
HROV.vOTU55024	Responder_Status	Responder	1.27483000340022	1.22218363889464	0.305835890052462	0.828784730791251	sample_2022120210001
HROV.vOTU30770	Responder_Status	Responder	0.64193189713218	0.615442575872429	0.305851617016714	0.828784730791251	sample_2022120210001
HROV.vOTU40942	Responder_Status	Responder	-1.37781429247897	1.3233594425532	0.306713402591912	0.828834330636714	sample_2022120210001
HROV.vOTU20596	Responder_Status	Responder	0.739103024774395	0.710112381476369	0.306860920291762	0.828834330636714	sample_2022120210001
HROV.vOTU02501	Responder_Status	Responder	0.645567431985781	0.619448941177931	0.306250848788833	0.828834330636714	sample_2022120210001
HROV.vOTU37096	Responder_Status	Responder	-0.958998591643722	0.921890515640418	0.307122445094274	0.828834330636714	sample_2022120210001
HROV.vOTU34299	Responder_Status	Responder	-0.736935944900629	0.706764977813103	0.30601193037373	0.828834330636714	sample_2022120210001
HROV.vOTU03165	Responder_Status	Responder	0.454724376809948	0.436431597186773	0.306364558800791	0.828834330636714	sample_2022120210001
HROV.vOTU07437	Responder_Status	Responder	0.583809105070828	0.561169696706974	0.30708087685529	0.828834330636714	sample_2022120210001
HROV.vOTU25800	Responder_Status	Responder	0.728590636201008	0.70079077270826	0.307388506186435	0.828877279000088	sample_2022120210001
HROV.vOTU25355	Responder_Status	Responder	-0.725740800620434	0.698538762532892	0.307721007929005	0.829347090933772	sample_2022120210001
HROV.vOTU46641	Responder_Status	Responder	-0.852013905474739	0.82048377069635	0.307955315638533	0.829466000239864	sample_2022120210001
HROV.vOTU63677	Responder_Status	Responder	-0.531786532114061	0.512229617874534	0.308069050259494	0.829538449825154	sample_2022120210001
HROV.vOTU19533	Responder_Status	Responder	1.42114414041208	1.36913644400541	0.30815787272234	0.82956447627283	sample_2022120210001
HROV.vOTU07258	Responder_Status	Responder	-0.855339114742664	0.824662052687206	0.308517631257309	0.830213063442445	sample_2022120210001
HROV.vOTU70738	Responder_Status	Responder	-0.706026380890996	0.680918978823923	0.308667227604608	0.830402398997893	sample_2022120210001
HROV.vOTU25310	Responder_Status	Responder	1.03880795282277	1.00235505576157	0.308898801450059	0.830448000162671	sample_2022120210001
HROV.vOTU19997	Responder_Status	Responder	0.451766524292498	0.436007510598352	0.30900114280862	0.830448000162671	sample_2022120210001
HROV.vOTU52072	Responder_Status	Responder	0.968130653723923	0.934042716711645	0.308840251094788	0.830448000162671	sample_2022120210001
HROV.vOTU22887	Responder_Status	Responder	-0.475971204580856	0.464186674518063	0.313957922470696	0.830864419838396	sample_2022120210001
HROV.vOTU36535	Responder_Status	Responder	-0.719752982551337	0.701015302684513	0.31333656945682	0.830864419838396	sample_2022120210001
HROV.vOTU72559	Responder_Status	Responder	0.906242678986344	0.875442002399026	0.309441716530366	0.830864419838396	sample_2022120210001
HROV.vOTU51786	Responder_Status	Responder	1.02482956610949	0.998472331829341	0.313490123205382	0.830864419838396	sample_2022120210001
HROV.vOTU01529	Responder_Status	Responder	1.33810196437556	1.29793943306958	0.31139083927815	0.830864419838396	sample_2022120210001
HROV.vOTU66091	Responder_Status	Responder	-0.928939183399814	0.906456015073385	0.314228660404354	0.830864419838396	sample_2022120210001
HROV.vOTU53029	Responder_Status	Responder	1.02430605747683	0.992730593192815	0.310993226470017	0.830864419838396	sample_2022120210001
HROV.vOTU12221	Responder_Status	Responder	1.43771869185711	1.39241885114817	0.310658915029224	0.830864419838396	sample_2022120210001
HROV.vOTU72768	Responder_Status	Responder	1.27020811394936	1.23492955296639	0.312486902296527	0.830864419838396	sample_2022120210001
HROV.vOTU03486	Responder_Status	Responder	-0.415712491134361	0.405593097536798	0.314160859395834	0.830864419838396	sample_2022120210001
HROV.vOTU21852	Responder_Status	Responder	-0.765340106773407	0.740997251675443	0.310512536533628	0.830864419838396	sample_2022120210001
HROV.vOTU49020	Responder_Status	Responder	-0.64801432358608	0.629837299533679	0.312351778753465	0.830864419838396	sample_2022120210001
HROV.vOTU12294	Responder_Status	Responder	-0.654796466420441	0.63628397573453	0.312243366871664	0.830864419838396	sample_2022120210001
HROV.vOTU01806	Responder_Status	Responder	-0.263932391763501	0.257257170789674	0.313698427484978	0.830864419838396	sample_2022120210001
HROV.vOTU02658	Responder_Status	Responder	0.686798531117472	0.666900254129601	0.311900860134627	0.830864419838396	sample_2022120210001
HROV.vOTU74846	Responder_Status	Responder	-0.386561425692105	0.377343815858893	0.314402913418711	0.830864419838396	sample_2022120210001
HROV.vOTU55324	Responder_Status	Responder	-0.337803783253207	0.329685837468972	0.314312169835084	0.830864419838396	sample_2022120210001
HROV.vOTU54203	Responder_Status	Responder	-0.724360367913924	0.700539477801413	0.309983051980866	0.830864419838396	sample_2022120210001
HROV.vOTU49736	Responder_Status	Responder	1.07406887050497	1.04454226380725	0.312625370532198	0.830864419838396	sample_2022120210001
HROV.vOTU10378	Responder_Status	Responder	1.03335534151483	1.00652683459031	0.313371186884896	0.830864419838396	sample_2022120210001
HROV.vOTU74826	Responder_Status	Responder	0.36068374894198	0.350854049342415	0.312741356005525	0.830864419838396	sample_2022120210001
HROV.vOTU57832	Responder_Status	Responder	0.434870266234024	0.421998605669094	0.311594362833745	0.830864419838396	sample_2022120210001
HROV.vOTU45998	Responder_Status	Responder	0.66692412278118	0.649630166401579	0.313386599038502	0.830864419838396	sample_2022120210001
HROV.vOTU24074	Responder_Status	Responder	0.637606705465051	0.619951782689168	0.312528180516733	0.830864419838396	sample_2022120210001
HROV.vOTU22312	Responder_Status	Responder	-1.05803872818384	1.02659695293099	0.311536509021674	0.830864419838396	sample_2022120210001
HROV.vOTU05761	Responder_Status	Responder	1.13416782196512	1.10578202583321	0.313826874577251	0.830864419838396	sample_2022120210001
HROV.vOTU51632	Responder_Status	Responder	-0.40264949884874	0.392942958807234	0.314275590573872	0.830864419838396	sample_2022120210001
HROV.vOTU04065	Responder_Status	Responder	-0.499661450176747	0.489068454117661	0.315688636469002	0.831860596608631	sample_2022120210001
HROV.vOTU04356	Responder_Status	Responder	0.509470730462056	0.498885751313471	0.315894411699636	0.831860596608631	sample_2022120210001
HROV.vOTU01504	Responder_Status	Responder	0.829557627704143	0.811707411558201	0.315534509873324	0.831860596608631	sample_2022120210001
HROV.vOTU22193	Responder_Status	Responder	-0.606769219567282	0.594921584764656	0.316500988942755	0.831928548116734	sample_2022120210001
HROV.vOTU32094	Responder_Status	Responder	-0.896018207507921	0.878739412931744	0.316618173502672	0.831928548116734	sample_2022120210001
HROV.vOTU59291	Responder_Status	Responder	-0.917166065789251	0.898815012497867	0.316266981909649	0.831928548116734	sample_2022120210001
HROV.vOTU02992	Responder_Status	Responder	1.11160650520955	1.09015405095886	0.316611085090035	0.831928548116734	sample_2022120210001
HROV.vOTU08578	Responder_Status	Responder	1.45045111341758	1.42209352523545	0.31648881907504	0.831928548116734	sample_2022120210001
HROV.vOTU14680	Responder_Status	Responder	0.892594415402075	0.875818391062334	0.316855228989307	0.831928548116734	sample_2022120210001
HROV.vOTU02138	Responder_Status	Responder	1.07304666512005	1.05456835313756	0.317617153516476	0.831950699089397	sample_2022120210001
HROV.vOTU57904	Responder_Status	Responder	0.81815956365017	0.803039856749905	0.317007553802303	0.831950699089397	sample_2022120210001
HROV.vOTU49444	Responder_Status	Responder	1.02046076597726	1.0015213530321	0.316969045934929	0.831950699089397	sample_2022120210001
HROV.vOTU10505	Responder_Status	Responder	-0.607520616934987	0.59685691940432	0.317456374619148	0.831950699089397	sample_2022120210001
HROV.vOTU16315	Responder_Status	Responder	1.47752004180254	1.45058359684648	0.317128251230486	0.831950699089397	sample_2022120210001
HROV.vOTU61017	Responder_Status	Responder	0.534195078785134	0.525003004009953	0.317623479559064	0.831950699089397	sample_2022120210001
HROV.vOTU24955	Responder_Status	Responder	-0.751919839394986	0.739703889864192	0.31808800396507	0.83208033059705	sample_2022120210001
HROV.vOTU26648	Responder_Status	Responder	0.867822164514178	0.853823255233234	0.318143691288395	0.83208033059705	sample_2022120210001
HROV.vOTU59249	Responder_Status	Responder	-0.422109830028651	0.415284703390757	0.318125334655908	0.83208033059705	sample_2022120210001
HROV.vOTU30475	Responder_Status	Responder	0.896562115962021	0.88194537896932	0.318060584781477	0.83208033059705	sample_2022120210001
HROV.vOTU46177	Responder_Status	Responder	-0.549667042065245	0.540974912419268	0.318297116064749	0.832167244619475	sample_2022120210001
HROV.vOTU74323	Responder_Status	Responder	0.845281746328767	0.832270220285254	0.318500066972686	0.832493004582554	sample_2022120210001
HROV.vOTU41648	Responder_Status	Responder	-0.778268017270663	0.767446617013024	0.319218184572703	0.832562381433217	sample_2022120210001
HROV.vOTU04807	Responder_Status	Responder	-0.474641739804017	0.467996825170659	0.319172201569937	0.832562381433217	sample_2022120210001
HROV.vOTU38064	Responder_Status	Responder	0.92194825334967	0.909011618970119	0.319156778864675	0.832562381433217	sample_2022120210001
HROV.vOTU57313	Responder_Status	Responder	0.674780642033279	0.665130417512021	0.319026868600557	0.832562381433217	sample_2022120210001
HROV.vOTU21098	Responder_Status	Responder	0.883017593462033	0.870377557679224	0.319020447883879	0.832562381433217	sample_2022120210001
HROV.vOTU33661	Responder_Status	Responder	-0.597892253273699	0.590192553886173	0.319712695165104	0.832739914236886	sample_2022120210001
HROV.vOTU34620	Responder_Status	Responder	1.42599958609678	1.40773499511793	0.319746306021201	0.832739914236886	sample_2022120210001
HROV.vOTU11859	Responder_Status	Responder	-0.843556996379233	0.833140234469336	0.319967588014918	0.832901222651849	sample_2022120210001
HROV.vOTU16803	Responder_Status	Responder	-0.846085892242656	0.836031919491795	0.320191674668376	0.832967295649642	sample_2022120210001
HROV.vOTU28448	Responder_Status	Responder	1.15312884467211	1.13982519958139	0.320358062526553	0.833089949200565	sample_2022120210001
HROV.vOTU59597	Responder_Status	Responder	0.759205492720427	0.751387903328423	0.320953996076832	0.833297223699749	sample_2022120210001
HROV.vOTU60846	Responder_Status	Responder	0.370503895625076	0.366659010335633	0.320915384906745	0.833297223699749	sample_2022120210001
HROV.vOTU23984	Responder_Status	Responder	0.824796943081117	0.815603706602009	0.320546033138643	0.833297223699749	sample_2022120210001
HROV.vOTU11494	Responder_Status	Responder	-1.14274877061657	1.13111095512422	0.321008275417382	0.8333333481234	sample_2022120210001
HROV.vOTU46527	Responder_Status	Responder	0.625754761136797	0.619907598976651	0.321411476031633	0.833624212980438	sample_2022120210001
HROV.vOTU26724	Responder_Status	Responder	-1.10029309526231	1.09052002852441	0.321633094520269	0.833648108106335	sample_2022120210001
HROV.vOTU06912	Responder_Status	Responder	-0.909047521087686	0.901140298175676	0.321721284187602	0.833648108106335	sample_2022120210001
HROV.vOTU32776	Responder_Status	Responder	0.302655568916926	0.300071239751079	0.321797775532041	0.833678861010964	sample_2022120210001
HROV.vOTU61921	Responder_Status	Responder	-1.66154715424693	1.64933150882799	0.322366532088549	0.834184339459739	sample_2022120210001
HROV.vOTU32022	Responder_Status	Responder	0.835106648363739	0.828939382522831	0.322350711318447	0.834184339459739	sample_2022120210001
HROV.vOTU29992	Responder_Status	Responder	-1.06071905924838	1.0544375686854	0.32305093084276	0.834473613430776	sample_2022120210001
HROV.vOTU08280	Responder_Status	Responder	-0.831810765188553	0.826685115294115	0.322936080955074	0.834473613430776	sample_2022120210001
HROV.vOTU54041	Responder_Status	Responder	-0.521939341865694	0.518653348040418	0.322872120146604	0.834473613430776	sample_2022120210001
HROV.vOTU57880	Responder_Status	Responder	0.429793226567169	0.427305012197199	0.323114336085851	0.834473613430776	sample_2022120210001
HROV.vOTU74508	Responder_Status	Responder	-0.772523406682153	0.768685536084474	0.32350693440725	0.834959407114391	sample_2022120210001
HROV.vOTU63563	Responder_Status	Responder	0.944859179146132	0.940328906563806	0.323589734341027	0.835070282170392	sample_2022120210001
HROV.vOTU74372	Responder_Status	Responder	0.447833551755732	0.445869924414521	0.323785519685634	0.835267014475186	sample_2022120210001
HROV.vOTU39150	Responder_Status	Responder	-0.705625910812021	0.702685427387883	0.323889380165612	0.835432120141671	sample_2022120210001
HROV.vOTU19045	Responder_Status	Responder	1.09601271974247	1.09165285690748	0.323979729714515	0.835459539224439	sample_2022120210001
HROV.vOTU03578	Responder_Status	Responder	1.06915722827823	1.06509699662264	0.324065797137615	0.835523403764638	sample_2022120210001
HROV.vOTU05683	Responder_Status	Responder	0.617390917193985	0.615669373133642	0.324547169495696	0.836056408829082	sample_2022120210001
HROV.vOTU04677	Responder_Status	Responder	0.473072533552551	0.471798947949298	0.32459306000004	0.836056408829082	sample_2022120210001
HROV.vOTU40521	Responder_Status	Responder	0.450745221557824	0.449580822062424	0.324644961385471	0.836056408829082	sample_2022120210001
HROV.vOTU61322	Responder_Status	Responder	-0.866569760346749	0.866822992912091	0.326013617765227	0.836764199894421	sample_2022120210001
HROV.vOTU41114	Responder_Status	Responder	1.04152998616512	1.04174745732852	0.325973965506444	0.836764199894421	sample_2022120210001
HROV.vOTU55684	Responder_Status	Responder	0.513070567821293	0.513263171173171	0.32605314553293	0.836764199894421	sample_2022120210001
HROV.vOTU12202	Responder_Status	Responder	-1.15049471132311	1.15230686205876	0.326622964721587	0.837304664432061	sample_2022120210001
HROV.vOTU50896	Responder_Status	Responder	-1.09543694526118	1.09791551503446	0.326949205660841	0.837450244488723	sample_2022120210001
HROV.vOTU65851	Responder_Status	Responder	0.784422632466081	0.786079514316549	0.326877857805096	0.837450244488723	sample_2022120210001
HROV.vOTU55676	Responder_Status	Responder	-0.568276178666624	0.569358853642396	0.326779623362478	0.837450244488723	sample_2022120210001
HROV.vOTU33570	Responder_Status	Responder	-0.513507732056619	0.514581745477196	0.326868033501021	0.837450244488723	sample_2022120210001
HROV.vOTU09977	Responder_Status	Responder	-0.802223039947099	0.804504415923211	0.327224811888115	0.837542075610561	sample_2022120210001
HROV.vOTU50809	Responder_Status	Responder	0.80347730775723	0.805682095097595	0.327177515417306	0.837542075610561	sample_2022120210001
HROV.vOTU60443	Responder_Status	Responder	-1.10871446522519	1.11234648223299	0.327429598150461	0.83759901751522	sample_2022120210001
HROV.vOTU73925	Responder_Status	Responder	0.992179623561129	0.995991317965515	0.32769766447857	0.837627200911076	sample_2022120210001
HROV.vOTU05414	Responder_Status	Responder	-0.384491985524693	0.385847371663775	0.327547697118711	0.837627200911076	sample_2022120210001
HROV.vOTU37292	Responder_Status	Responder	0.941672123476901	0.946913509988872	0.328513589418511	0.837653574388745	sample_2022120210001
HROV.vOTU50460	Responder_Status	Responder	-0.589903026607783	0.593137593060918	0.328474429838188	0.837653574388745	sample_2022120210001
HROV.vOTU18137	Responder_Status	Responder	-0.766806569347584	0.770239091269759	0.32799813822565	0.837653574388745	sample_2022120210001
HROV.vOTU22687	Responder_Status	Responder	0.70059488289848	0.703429732609584	0.327794557184493	0.837653574388745	sample_2022120210001
HROV.vOTU10154	Responder_Status	Responder	-0.621851122363371	0.625617299092909	0.328745362580379	0.837852966887737	sample_2022120210001
HROV.vOTU36922	Responder_Status	Responder	-1.05491557971508	1.06254089660084	0.3292988490636	0.837968701666934	sample_2022120210001
HROV.vOTU33936	Responder_Status	Responder	-0.74925455332821	0.757198267885876	0.330888545896358	0.837968701666934	sample_2022120210001
HROV.vOTU55384	Responder_Status	Responder	-1.44657755458585	1.46163986420276	0.330799266417203	0.837968701666934	sample_2022120210001
HROV.vOTU11306	Responder_Status	Responder	0.961004656768006	0.97098863447957	0.33078831742103	0.837968701666934	sample_2022120210001
HROV.vOTU64505	Responder_Status	Responder	-0.402865499094464	0.406378260917869	0.330002095053099	0.837968701666934	sample_2022120210001
HROV.vOTU29269	Responder_Status	Responder	0.559689204151491	0.565156170626775	0.33049593695849	0.837968701666934	sample_2022120210001
HROV.vOTU47859	Responder_Status	Responder	-0.681013447207408	0.687626441475537	0.33046894047875	0.837968701666934	sample_2022120210001
HROV.vOTU69180	Responder_Status	Responder	0.340454874273691	0.342939435826211	0.329331605833561	0.837968701666934	sample_2022120210001
HROV.vOTU49134	Responder_Status	Responder	1.18070405350861	1.19431590187095	0.331324124135471	0.83797577261118	sample_2022120210001
HROV.vOTU37583	Responder_Status	Responder	-1.26041598315805	1.27479195637755	0.331266387714715	0.83797577261118	sample_2022120210001
HROV.vOTU37867	Responder_Status	Responder	0.762338969042835	0.770555634839533	0.330971361897192	0.83797577261118	sample_2022120210001
HROV.vOTU02279	Responder_Status	Responder	0.85444454827084	0.864478331474069	0.331424899320091	0.837999022276481	sample_2022120210001
HROV.vOTU40683	Responder_Status	Responder	-0.909835623117868	0.921478350039027	0.331919605531294	0.83850005205929	sample_2022120210001
HROV.vOTU09393	Responder_Status	Responder	0.6801674451354	0.688833768762838	0.331893762169312	0.83850005205929	sample_2022120210001
HROV.vOTU52600	Responder_Status	Responder	0.935690678237961	0.948042068545365	0.332109077641994	0.838574414579612	sample_2022120210001
HROV.vOTU21744	Responder_Status	Responder	-0.585400963346284	0.593062107446802	0.332055924310182	0.838574414579612	sample_2022120210001
HROV.vOTU35718	Responder_Status	Responder	-0.786787912049814	0.797775309829845	0.332467648997861	0.838584907240134	sample_2022120210001
HROV.vOTU58516	Responder_Status	Responder	-0.667491729165718	0.676945581489771	0.33256063473321	0.838584907240134	sample_2022120210001
HROV.vOTU00172	Responder_Status	Responder	-0.784017961816013	0.795229345291952	0.332624680904778	0.838584907240134	sample_2022120210001
HROV.vOTU07603	Responder_Status	Responder	-1.21503087664124	1.23178456566479	0.33238504753516	0.838584907240134	sample_2022120210001
HROV.vOTU73713	Responder_Status	Responder	0.358749530575007	0.364162009424869	0.332993424759525	0.838584907240134	sample_2022120210001
HROV.vOTU29297	Responder_Status	Responder	0.696948052920439	0.706840686320404	0.332575149639341	0.838584907240134	sample_2022120210001
HROV.vOTU15022	Responder_Status	Responder	0.701997364523251	0.713013678665604	0.333276984161853	0.838895831395754	sample_2022120210001
HROV.vOTU02798	Responder_Status	Responder	1.04482034964565	1.06255376608222	0.333875544863439	0.839189798512081	sample_2022120210001
HROV.vOTU68414	Responder_Status	Responder	0.599029836934324	0.609054536572081	0.333764390787202	0.839189798512081	sample_2022120210001
HROV.vOTU75876	Responder_Status	Responder	0.540233811259681	0.549540365368037	0.33399433679331	0.839189798512081	sample_2022120210001
HROV.vOTU44696	Responder_Status	Responder	-1.58330220976432	1.6115530874008	0.334282121147626	0.839409759105577	sample_2022120210001
HROV.vOTU36749	Responder_Status	Responder	-1.06614175390713	1.08509892107348	0.334253208419016	0.839409759105577	sample_2022120210001
HROV.vOTU66684	Responder_Status	Responder	-1.35706820712274	1.38116238978779	0.334240828772383	0.839409759105577	sample_2022120210001
HROV.vOTU55711	Responder_Status	Responder	0.325569805875629	0.332060821719904	0.335259063546342	0.839471148858993	sample_2022120210001
HROV.vOTU61047	Responder_Status	Responder	-0.498537258030145	0.508608559173458	0.335382200648547	0.839471148858993	sample_2022120210001
HROV.vOTU55776	Responder_Status	Responder	-0.520011186919726	0.530186671515273	0.33508682041598	0.839471148858993	sample_2022120210001
HROV.vOTU00799	Responder_Status	Responder	-0.663931911282732	0.677463568700732	0.335465759164191	0.839471148858993	sample_2022120210001
HROV.vOTU23394	Responder_Status	Responder	0.334133484708998	0.340799485297044	0.33526498642848	0.839471148858993	sample_2022120210001
HROV.vOTU71430	Responder_Status	Responder	0.992431676060809	1.01443362302464	0.336298061317889	0.839860002032549	sample_2022120210001
HROV.vOTU03667	Responder_Status	Responder	-0.756194139133708	0.772858484650646	0.336236407041239	0.839860002032549	sample_2022120210001
HROV.vOTU24776	Responder_Status	Responder	-0.494909248979706	0.505888246007788	0.336304627722289	0.839860002032549	sample_2022120210001
HROV.vOTU03839	Responder_Status	Responder	1.31310870338273	1.34133589373384	0.335984947479835	0.839860002032549	sample_2022120210001
HROV.vOTU52028	Responder_Status	Responder	0.77481087092723	0.791405466984353	0.335948262121282	0.839860002032549	sample_2022120210001
HROV.vOTU07520	Responder_Status	Responder	0.416260121745227	0.42556024057815	0.336378180147253	0.839943609231168	sample_2022120210001
HROV.vOTU05391	Responder_Status	Responder	0.765041098582417	0.782355445828351	0.336512880771768	0.839979752408748	sample_2022120210001
HROV.vOTU74004	Responder_Status	Responder	-0.539519865698181	0.551675337279136	0.336465595464969	0.839979752408748	sample_2022120210001
HROV.vOTU37684	Responder_Status	Responder	1.07159907435142	1.09666964435134	0.336867555446875	0.840164678982211	sample_2022120210001
HROV.vOTU08073	Responder_Status	Responder	0.782082158238048	0.800623769341689	0.337012648577618	0.840326566046501	sample_2022120210001
HROV.vOTU72034	Responder_Status	Responder	-1.2171528019044	1.24885285227157	0.338095861791934	0.840424257680019	sample_2022120210001
HROV.vOTU43813	Responder_Status	Responder	-0.791264997173352	0.810831451361313	0.337485886616055	0.840424257680019	sample_2022120210001
HROV.vOTU18475	Responder_Status	Responder	-0.172800423701631	0.177494710230839	0.338614901402261	0.840424257680019	sample_2022120210001
HROV.vOTU37055	Responder_Status	Responder	-0.362897580857391	0.372272738742573	0.337998486992363	0.840424257680019	sample_2022120210001
HROV.vOTU50690	Responder_Status	Responder	0.745279788234728	0.765088361540469	0.338343201164783	0.840424257680019	sample_2022120210001
HROV.vOTU20326	Responder_Status	Responder	0.620507051864654	0.637466422790611	0.338691457947703	0.840424257680019	sample_2022120210001
HROV.vOTU50399	Responder_Status	Responder	0.49540402770501	0.508324736129798	0.338112867109111	0.840424257680019	sample_2022120210001
HROV.vOTU49969	Responder_Status	Responder	0.558080423359687	0.57180369609968	0.3374219239223	0.840424257680019	sample_2022120210001
HROV.vOTU75872	Responder_Status	Responder	-0.751467128414785	0.771027343309042	0.338088887518388	0.840424257680019	sample_2022120210001
HROV.vOTU54723	Responder_Status	Responder	-0.265539761620333	0.272449827011593	0.338085806124718	0.840424257680019	sample_2022120210001
HROV.vOTU23237	Responder_Status	Responder	-0.245337898908918	0.252001761032749	0.338613066332615	0.840424257680019	sample_2022120210001
HROV.vOTU47642	Responder_Status	Responder	-0.345405668935063	0.35440482431827	0.338100234677666	0.840424257680019	sample_2022120210001
HROV.vOTU53736	Responder_Status	Responder	0.339979946283711	0.349043660502043	0.338380617380758	0.840424257680019	sample_2022120210001
HROV.vOTU02437	Responder_Status	Responder	-0.433605495235444	0.444397054734084	0.337560024823757	0.840424257680019	sample_2022120210001
HROV.vOTU02957	Responder_Status	Responder	0.971936162539448	0.999891012739114	0.339352545414761	0.840835552370942	sample_2022120210001
HROV.vOTU13689	Responder_Status	Responder	-0.743150995683039	0.764318583882251	0.339223939141168	0.840835552370942	sample_2022120210001
HROV.vOTU63750	Responder_Status	Responder	-0.870757074736455	0.896661083823587	0.339808008105122	0.841192376270623	sample_2022120210001
HROV.vOTU37071	Responder_Status	Responder	-0.797913005022582	0.82177363164074	0.339879487494802	0.841214411463265	sample_2022120210001
HROV.vOTU73241	Responder_Status	Responder	-0.873621563835404	0.901255104609454	0.340675452673847	0.841624716978223	sample_2022120210001
HROV.vOTU71984	Responder_Status	Responder	1.26474723924227	1.30451369877901	0.340588515392375	0.841624716978223	sample_2022120210001
HROV.vOTU42965	Responder_Status	Responder	-0.529451683327709	0.545701287421923	0.340242610131709	0.841624716978223	sample_2022120210001
HROV.vOTU13053	Responder_Status	Responder	0.623075006789612	0.642726472481628	0.340633306379639	0.841624716978223	sample_2022120210001
HROV.vOTU06705	Responder_Status	Responder	-0.707792328123616	0.730468849301573	0.340862974133821	0.841815475179085	sample_2022120210001
HROV.vOTU29822	Responder_Status	Responder	-0.83837934098063	0.866087406284833	0.341328109645193	0.842273864352546	sample_2022120210001
HROV.vOTU23140	Responder_Status	Responder	0.362306998438317	0.374282476082293	0.341329876135998	0.842273864352546	sample_2022120210001
HROV.vOTU02440	Responder_Status	Responder	1.2123069123047	1.25272079450581	0.341459943496776	0.842400509113945	sample_2022120210001
HROV.vOTU21801	Responder_Status	Responder	-0.94774289502426	0.979791271937533	0.341680107754981	0.84242093477983	sample_2022120210001
HROV.vOTU16714	Responder_Status	Responder	-0.580656610659843	0.60015581964497	0.341572519669766	0.84242093477983	sample_2022120210001
HROV.vOTU49510	Responder_Status	Responder	-0.897759039066684	0.928673574975258	0.341964727600875	0.842442501481532	sample_2022120210001
HROV.vOTU28978	Responder_Status	Responder	0.674738459723116	0.698910802371313	0.342602210004529	0.842560300938743	sample_2022120210001
HROV.vOTU70227	Responder_Status	Responder	0.451119401055629	0.467036626272886	0.342354158793397	0.842560300938743	sample_2022120210001
HROV.vOTU74913	Responder_Status	Responder	0.648294372308441	0.671651623292516	0.342695729981913	0.842569208260517	sample_2022120210001
HROV.vOTU63905	Responder_Status	Responder	0.802399681000727	0.833142188427213	0.343741572857867	0.843133054584304	sample_2022120210001
HROV.vOTU09115	Responder_Status	Responder	1.01360447885047	1.05265332905012	0.343838289990806	0.843133054584304	sample_2022120210001
HROV.vOTU08300	Responder_Status	Responder	-0.536038731845136	0.55619039650754	0.343412425407519	0.843133054584304	sample_2022120210001
HROV.vOTU71398	Responder_Status	Responder	-0.757064528958456	0.786508115752853	0.344006058679955	0.843133054584304	sample_2022120210001
HROV.vOTU07299	Responder_Status	Responder	-0.770483956525432	0.801265355021962	0.344489737180654	0.843599006685335	sample_2022120210001
HROV.vOTU15658	Responder_Status	Responder	0.875645402998988	0.910997395023148	0.344682232013236	0.843791121583441	sample_2022120210001
HROV.vOTU11756	Responder_Status	Responder	0.493296289632699	0.514476855179407	0.345850785915993	0.844209716426863	sample_2022120210001
HROV.vOTU18924	Responder_Status	Responder	-1.20588503813735	1.25766310965909	0.345851247603555	0.844209716426863	sample_2022120210001
HROV.vOTU12384	Responder_Status	Responder	-0.492060816903363	0.513152343554288	0.345817496744648	0.844209716426863	sample_2022120210001
HROV.vOTU38452	Responder_Status	Responder	-1.13293294151647	1.18083149557781	0.345551031724037	0.844209716426863	sample_2022120210001
HROV.vOTU23568	Responder_Status	Responder	0.549864396626197	0.572963330669652	0.345428078837869	0.844209716426863	sample_2022120210001
HROV.vOTU01502	Responder_Status	Responder	1.14240654245134	1.19248451667235	0.346259594877658	0.84488953534758	sample_2022120210001
HROV.vOTU15775	Responder_Status	Responder	0.832713050331061	0.87026849260935	0.346834194962261	0.84511098888735	sample_2022120210001
HROV.vOTU36178	Responder_Status	Responder	1.04056982029048	1.08741830786733	0.346798709232952	0.84511098888735	sample_2022120210001
HROV.vOTU50804	Responder_Status	Responder	-0.774895882081168	0.810842774299805	0.347419211969774	0.845500305346937	sample_2022120210001
HROV.vOTU62616	Responder_Status	Responder	0.890387100828668	0.931683281192369	0.347414999617552	0.845500305346937	sample_2022120210001
HROV.vOTU35084	Responder_Status	Responder	1.00035482956999	1.04650811047309	0.347304736282153	0.845500305346937	sample_2022120210001
HROV.vOTU20117	Responder_Status	Responder	-0.869794622456986	0.910120733805564	0.347407184719014	0.845500305346937	sample_2022120210001
HROV.vOTU06436	Responder_Status	Responder	0.549022714649918	0.574634449133364	0.34753726336223	0.845500305346937	sample_2022120210001
HROV.vOTU26158	Responder_Status	Responder	-0.537704282046782	0.56364191790788	0.348256616943877	0.845627744571786	sample_2022120210001
HROV.vOTU69480	Responder_Status	Responder	0.987708656955591	1.03530610595714	0.348234906015473	0.845627744571786	sample_2022120210001
HROV.vOTU72562	Responder_Status	Responder	-0.485351602924744	0.509036832955355	0.348511094681272	0.845643946969546	sample_2022120210001
HROV.vOTU09633	Responder_Status	Responder	0.377264976605411	0.396105707596154	0.34902653390007	0.846124930666836	sample_2022120210001
HROV.vOTU18260	Responder_Status	Responder	-0.306989875304265	0.322780898127726	0.349702787264612	0.846882775397603	sample_2022120210001
HROV.vOTU36307	Responder_Status	Responder	-1.1850848544189	1.24682210711434	0.349999045620921	0.847306536869313	sample_2022120210001
HROV.vOTU12710	Responder_Status	Responder	0.789316509462688	0.831510652817017	0.35061229917611	0.847909240775396	sample_2022120210001
HROV.vOTU73771	Responder_Status	Responder	-0.724707649678008	0.763924951721751	0.350908444777089	0.847909240775396	sample_2022120210001
HROV.vOTU28588	Responder_Status	Responder	-0.340625656546859	0.358935422414494	0.350745876720469	0.847909240775396	sample_2022120210001
HROV.vOTU12828	Responder_Status	Responder	1.38848608957313	1.46924878349516	0.352727111778445	0.848958773600901	sample_2022120210001
HROV.vOTU17656	Responder_Status	Responder	-0.507294204307573	0.536809874249901	0.352734521095682	0.848958773600901	sample_2022120210001
HROV.vOTU47918	Responder_Status	Responder	-0.35903632955045	0.379730286967211	0.352490299026514	0.848958773600901	sample_2022120210001
HROV.vOTU69621	Responder_Status	Responder	-0.550493795400032	0.582311379360773	0.352562345268271	0.848958773600901	sample_2022120210001
HROV.vOTU33026	Responder_Status	Responder	0.563104321293822	0.594795928987545	0.351881508325041	0.848958773600901	sample_2022120210001
HROV.vOTU63882	Responder_Status	Responder	0.148010207108131	0.156639402048587	0.352787734640451	0.848958773600901	sample_2022120210001
HROV.vOTU53512	Responder_Status	Responder	0.613616083381757	0.648735795400085	0.352309416466247	0.848958773600901	sample_2022120210001
HROV.vOTU65332	Responder_Status	Responder	0.900656766661324	0.951315955830014	0.351866593607544	0.848958773600901	sample_2022120210001
HROV.vOTU48856	Responder_Status	Responder	1.38855265128155	1.47192776190715	0.353567821315157	0.849611654146646	sample_2022120210001
HROV.vOTU73958	Responder_Status	Responder	-0.50894238150078	0.540524351591951	0.354465284776259	0.85014985984271	sample_2022120210001
HROV.vOTU08443	Responder_Status	Responder	0.546407586070131	0.580779389249822	0.354844757899155	0.850361161045608	sample_2022120210001
HROV.vOTU64068	Responder_Status	Responder	0.782977021648026	0.832229007201348	0.354844056138927	0.850361161045608	sample_2022120210001
HROV.vOTU54368	Responder_Status	Responder	0.638262683481471	0.678717897957757	0.355057890103943	0.850378795474236	sample_2022120210001
HROV.vOTU50713	Responder_Status	Responder	0.891477482047007	0.949950757519879	0.356040507742484	0.850533427666916	sample_2022120210001
HROV.vOTU31729	Responder_Status	Responder	-0.667226625462965	0.711193856995713	0.356175646723313	0.850533427666916	sample_2022120210001
HROV.vOTU49753	Responder_Status	Responder	-0.550076674645487	0.586657705091875	0.356444925029876	0.850533427666916	sample_2022120210001
HROV.vOTU41535	Responder_Status	Responder	0.686891189174219	0.732246203968664	0.356235142787881	0.850533427666916	sample_2022120210001
HROV.vOTU74691	Responder_Status	Responder	-1.07520605049113	1.1459128117255	0.356115933799251	0.850533427666916	sample_2022120210001
HROV.vOTU31916	Responder_Status	Responder	0.682149511833307	0.726688507533216	0.355907454340289	0.850533427666916	sample_2022120210001
HROV.vOTU07118	Responder_Status	Responder	-0.756585856359859	0.805186924314954	0.355438203220354	0.850533427666916	sample_2022120210001
HROV.vOTU42274	Responder_Status	Responder	0.1853708091594	0.197588297056095	0.356181365920216	0.850533427666916	sample_2022120210001
HROV.vOTU22441	Responder_Status	Responder	0.718075571322885	0.765211324279537	0.356062887551547	0.850533427666916	sample_2022120210001
HROV.vOTU27690	Responder_Status	Responder	-0.826329338231467	0.882352498527336	0.357020015599414	0.85101168125087	sample_2022120210001
HROV.vOTU12508	Responder_Status	Responder	0.683588103950651	0.730422224873713	0.357336788570228	0.851343905145635	sample_2022120210001
HROV.vOTU72148	Responder_Status	Responder	1.24190120559235	1.32864191370726	0.35792703169827	0.851356654102184	sample_2022120210001
HROV.vOTU21438	Responder_Status	Responder	-0.366284410098885	0.391693834229244	0.357717073741872	0.851356654102184	sample_2022120210001
HROV.vOTU07693	Responder_Status	Responder	-0.45258841207453	0.483947595446804	0.35768066815692	0.851356654102184	sample_2022120210001
HROV.vOTU09645	Responder_Status	Responder	-0.723308940607918	0.774733994435257	0.358480630647564	0.85153910592418	sample_2022120210001
HROV.vOTU46426	Responder_Status	Responder	0.542637270053499	0.581174031169778	0.358445536241248	0.85153910592418	sample_2022120210001
HROV.vOTU39627	Responder_Status	Responder	-1.23394810628418	1.32209999758521	0.35863172538114	0.851670729959446	sample_2022120210001
HROV.vOTU27546	Responder_Status	Responder	0.345767166120502	0.370779514621112	0.359029051316303	0.851670729959446	sample_2022120210001
HROV.vOTU75577	Responder_Status	Responder	-0.77156211755292	0.827236896764401	0.358949517381024	0.851670729959446	sample_2022120210001
HROV.vOTU03023	Responder_Status	Responder	0.891336723382376	0.955606947446304	0.358926084396307	0.851670729959446	sample_2022120210001
HROV.vOTU44933	Responder_Status	Responder	0.714348156028912	0.766708399944002	0.359452203461186	0.851774432766773	sample_2022120210001
HROV.vOTU67877	Responder_Status	Responder	0.40605863598261	0.435774240110018	0.35940045462716	0.851774432766773	sample_2022120210001
HROV.vOTU67358	Responder_Status	Responder	0.430349727678661	0.462003860451932	0.35956528510783	0.851774432766773	sample_2022120210001
HROV.vOTU08586	Responder_Status	Responder	0.622958477880552	0.669083824767148	0.359780325533415	0.851908181681971	sample_2022120210001
HROV.vOTU07138	Responder_Status	Responder	-0.391296798779592	0.420388716960436	0.359914694419494	0.85211928103836	sample_2022120210001
HROV.vOTU56860	Responder_Status	Responder	0.542654932570226	0.583550605131569	0.360361384609331	0.852142079712455	sample_2022120210001
HROV.vOTU75320	Responder_Status	Responder	0.749515720626533	0.80552481865208	0.36008184849754	0.852142079712455	sample_2022120210001
HROV.vOTU33246	Responder_Status	Responder	0.637818966266579	0.685542732177463	0.360124252894586	0.852142079712455	sample_2022120210001
HROV.vOTU24435	Responder_Status	Responder	-0.613368066128501	0.6593414523938	0.360181032095191	0.852142079712455	sample_2022120210001
HROV.vOTU18501	Responder_Status	Responder	0.342180686313814	0.368007695394467	0.360412191634108	0.852142079712455	sample_2022120210001
HROV.vOTU59708	Responder_Status	Responder	-0.638424133960943	0.686842306648901	0.360571601209055	0.852174506921788	sample_2022120210001
HROV.vOTU06937	Responder_Status	Responder	0.325789984972449	0.35076280570639	0.360928950995073	0.852174506921788	sample_2022120210001
HROV.vOTU41630	Responder_Status	Responder	-0.902652740759654	0.971496403498941	0.360759777009959	0.852174506921788	sample_2022120210001
HROV.vOTU64354	Responder_Status	Responder	0.833087693342938	0.897584981608561	0.36126555993185	0.852217555075935	sample_2022120210001
HROV.vOTU63838	Responder_Status	Responder	0.396452486488674	0.427157131338812	0.361278255511671	0.852217555075935	sample_2022120210001
HROV.vOTU55792	Responder_Status	Responder	-0.854776332998422	0.928852404073688	0.365303068571992	0.852252918463927	sample_2022120210001
HROV.vOTU56605	Responder_Status	Responder	-0.700262680531463	0.760865058130141	0.365251330034109	0.852252918463927	sample_2022120210001
HROV.vOTU38906	Responder_Status	Responder	-0.975447550267912	1.06016706180748	0.365385918494496	0.852252918463927	sample_2022120210001
HROV.vOTU34499	Responder_Status	Responder	-0.708652757201847	0.77136976579786	0.366102400030937	0.852252918463927	sample_2022120210001
HROV.vOTU08286	Responder_Status	Responder	-0.334179130873461	0.361868595579309	0.363646309741538	0.852252918463927	sample_2022120210001
HROV.vOTU72030	Responder_Status	Responder	-0.708697029938681	0.768412849005547	0.36425838078979	0.852252918463927	sample_2022120210001
HROV.vOTU31711	Responder_Status	Responder	0.35779738946385	0.388009187546743	0.364335460038767	0.852252918463927	sample_2022120210001
HROV.vOTU06013	Responder_Status	Responder	-0.687523200479813	0.742475295176307	0.362365161689202	0.852252918463927	sample_2022120210001
HROV.vOTU55005	Responder_Status	Responder	-0.3632419259842	0.392590391457893	0.362745170812155	0.852252918463927	sample_2022120210001
HROV.vOTU57374	Responder_Status	Responder	-1.30941189359781	1.42252573646365	0.36518300687174	0.852252918463927	sample_2022120210001
HROV.vOTU30121	Responder_Status	Responder	-0.880407878339097	0.9514115614768	0.36268073116422	0.852252918463927	sample_2022120210001
HROV.vOTU11195	Responder_Status	Responder	1.49501066412714	1.62470368238534	0.365341852263436	0.852252918463927	sample_2022120210001
HROV.vOTU67153	Responder_Status	Responder	0.615396983671639	0.669962964600203	0.366174502960687	0.852252918463927	sample_2022120210001
HROV.vOTU12520	Responder_Status	Responder	0.525310009897818	0.570713272212087	0.365203071815099	0.852252918463927	sample_2022120210001
HROV.vOTU12747	Responder_Status	Responder	-0.317735296204313	0.343637604401533	0.363062522416118	0.852252918463927	sample_2022120210001
HROV.vOTU38135	Responder_Status	Responder	-0.272385562571965	0.295675051310699	0.364798700202918	0.852252918463927	sample_2022120210001
HROV.vOTU51830	Responder_Status	Responder	0.278729876000896	0.303280158246409	0.36591897922649	0.852252918463927	sample_2022120210001
HROV.vOTU23188	Responder_Status	Responder	-0.426754136793419	0.463501099571257	0.365062448378437	0.852252918463927	sample_2022120210001
HROV.vOTU15938	Responder_Status	Responder	-0.774439313334152	0.836798375315207	0.362625135473344	0.852252918463927	sample_2022120210001
HROV.vOTU04551	Responder_Status	Responder	1.05822571932629	1.14877672901993	0.364827771328289	0.852252918463927	sample_2022120210001
HROV.vOTU09248	Responder_Status	Responder	0.427140068084622	0.462867378234487	0.363988787015471	0.852252918463927	sample_2022120210001
HROV.vOTU50395	Responder_Status	Responder	0.585608422972653	0.633447075852759	0.363136324891534	0.852252918463927	sample_2022120210001
HROV.vOTU49493	Responder_Status	Responder	-0.37366563044921	0.404207458208139	0.363156079351208	0.852252918463927	sample_2022120210001
HROV.vOTU32612	Responder_Status	Responder	0.253830153432208	0.275766058557681	0.36519796303258	0.852252918463927	sample_2022120210001
HROV.vOTU62404	Responder_Status	Responder	0.229539642004635	0.248321519178002	0.363194707642006	0.852252918463927	sample_2022120210001
HROV.vOTU66429	Responder_Status	Responder	0.335308031979392	0.364490199514781	0.365463708203801	0.852252918463927	sample_2022120210001
HROV.vOTU04210	Responder_Status	Responder	0.444668014383591	0.48005396499401	0.362212208702351	0.852252918463927	sample_2022120210001
HROV.vOTU35198	Responder_Status	Responder	-0.547346174714736	0.591440941344653	0.362642402023969	0.852252918463927	sample_2022120210001
HROV.vOTU16938	Responder_Status	Responder	-0.421144010835078	0.454657771327501	0.362212012618876	0.852252918463927	sample_2022120210001
HROV.vOTU07783	Responder_Status	Responder	1.09217067258928	1.18935286169999	0.36631019638311	0.852274438065762	sample_2022120210001
HROV.vOTU60665	Responder_Status	Responder	0.778215882403847	0.848185453669306	0.366713089556437	0.852382199907987	sample_2022120210001
HROV.vOTU29421	Responder_Status	Responder	-0.826880040352749	0.901054247962364	0.366623602538292	0.852382199907987	sample_2022120210001
HROV.vOTU20831	Responder_Status	Responder	-0.230400568798522	0.251128022972452	0.366735814826824	0.852382199907987	sample_2022120210001
HROV.vOTU10940	Responder_Status	Responder	1.00218837334991	1.0931296375151	0.367073595973785	0.852391026329187	sample_2022120210001
HROV.vOTU14912	Responder_Status	Responder	-0.311703180355727	0.340124355429322	0.367262964425963	0.852391026329187	sample_2022120210001
HROV.vOTU51691	Responder_Status	Responder	1.13788365555118	1.24279080853139	0.367701771506112	0.852523935523828	sample_2022120210001
HROV.vOTU44691	Responder_Status	Responder	1.33474166386068	1.45822043071323	0.367838494110804	0.852581536720387	sample_2022120210001
HROV.vOTU70059	Responder_Status	Responder	-1.1070761897367	1.21034067359681	0.368169063710351	0.852742332888365	sample_2022120210001
HROV.vOTU01537	Responder_Status	Responder	0.792750824892515	0.867411270412043	0.368558367279511	0.852742332888365	sample_2022120210001
HROV.vOTU13727	Responder_Status	Responder	-0.469732736078918	0.513842219027072	0.368439485304604	0.852742332888365	sample_2022120210001
HROV.vOTU14589	Responder_Status	Responder	0.431278725234221	0.471457783308039	0.368119785451643	0.852742332888365	sample_2022120210001
HROV.vOTU50443	Responder_Status	Responder	0.335958621110899	0.368137987311025	0.369249915577942	0.853512274596871	sample_2022120210001
HROV.vOTU31297	Responder_Status	Responder	-0.429734242480212	0.471316323713791	0.369671050465069	0.853513388803437	sample_2022120210001
HROV.vOTU72586	Responder_Status	Responder	-0.627103962626813	0.688429720132031	0.370113701852788	0.853513388803437	sample_2022120210001
HROV.vOTU50156	Responder_Status	Responder	0.606244033498358	0.664919085507547	0.369680610196245	0.853513388803437	sample_2022120210001
HROV.vOTU61467	Responder_Status	Responder	0.773296752404675	0.850514492142273	0.370999205488166	0.853958197565557	sample_2022120210001
HROV.vOTU01659	Responder_Status	Responder	-0.186919421709732	0.205512521147161	0.370834526297574	0.853958197565557	sample_2022120210001
HROV.vOTU03324	Responder_Status	Responder	-0.286640168921587	0.315151305793648	0.370832573543752	0.853958197565557	sample_2022120210001
HROV.vOTU74076	Responder_Status	Responder	-0.717327374512733	0.788102697584577	0.370488739693308	0.853958197565557	sample_2022120210001
HROV.vOTU66740	Responder_Status	Responder	-0.756802029503319	0.83293626913662	0.371318337300074	0.854129976932567	sample_2022120210001
HROV.vOTU59791	Responder_Status	Responder	0.236593267595691	0.260452591986534	0.371423438227127	0.854277983676132	sample_2022120210001
HROV.vOTU01559	Responder_Status	Responder	0.524864721135481	0.578234946569321	0.371782353895963	0.85435905803632	sample_2022120210001
HROV.vOTU30124	Responder_Status	Responder	-0.822095154066672	0.905689885654732	0.371782871313576	0.85435905803632	sample_2022120210001
HROV.vOTU35834	Responder_Status	Responder	0.671481182386095	0.739623161711598	0.371695197926224	0.85435905803632	sample_2022120210001
HROV.vOTU15896	Responder_Status	Responder	0.909475202189848	1.00261607078439	0.372093682560868	0.854413188702431	sample_2022120210001
HROV.vOTU04461	Responder_Status	Responder	0.976854342335057	1.07997446779254	0.373438972038229	0.854956823548247	sample_2022120210001
HROV.vOTU04385	Responder_Status	Responder	-1.01100660830831	1.11790843018907	0.373513341280119	0.854956823548247	sample_2022120210001
HROV.vOTU19163	Responder_Status	Responder	0.334796531635356	0.370125702508205	0.373422285998134	0.854956823548247	sample_2022120210001
HROV.vOTU14008	Responder_Status	Responder	0.340273998483866	0.376021633425841	0.37322243732961	0.854956823548247	sample_2022120210001
HROV.vOTU07124	Responder_Status	Responder	-0.929176712069533	1.03555000275832	0.377220991853603	0.855125910369827	sample_2022120210001
HROV.vOTU31834	Responder_Status	Responder	-0.66777097141027	0.744582510104527	0.377451191227616	0.855125910369827	sample_2022120210001
HROV.vOTU14207	Responder_Status	Responder	-0.712562960647528	0.794033276438652	0.377158928486178	0.855125910369827	sample_2022120210001
HROV.vOTU07278	Responder_Status	Responder	1.02400579371159	1.13798863756676	0.375880507206414	0.855125910369827	sample_2022120210001
HROV.vOTU55149	Responder_Status	Responder	-0.501140530666571	0.558889924202332	0.37753941174253	0.855125910369827	sample_2022120210001
HROV.vOTU37639	Responder_Status	Responder	1.01468273157161	1.12835606551991	0.376184352373069	0.855125910369827	sample_2022120210001
HROV.vOTU66680	Responder_Status	Responder	-0.483309173850349	0.536208322999076	0.375092513983673	0.855125910369827	sample_2022120210001
HROV.vOTU67860	Responder_Status	Responder	-0.488211617560651	0.54343092088993	0.37663978946282	0.855125910369827	sample_2022120210001
HROV.vOTU03709	Responder_Status	Responder	-0.48650810121151	0.541496670168441	0.376606721342813	0.855125910369827	sample_2022120210001
HROV.vOTU36113	Responder_Status	Responder	0.699491471544946	0.777890640028507	0.376206266639094	0.855125910369827	sample_2022120210001
HROV.vOTU58176	Responder_Status	Responder	-0.700847398942713	0.777053968870152	0.374788096468614	0.855125910369827	sample_2022120210001
HROV.vOTU61158	Responder_Status	Responder	0.814528204839941	0.903633369303287	0.37506825332248	0.855125910369827	sample_2022120210001
HROV.vOTU45180	Responder_Status	Responder	0.394330376100532	0.439053612135965	0.376770970503705	0.855125910369827	sample_2022120210001
HROV.vOTU35161	Responder_Status	Responder	0.420137655950127	0.467673235753649	0.376655685540272	0.855125910369827	sample_2022120210001
HROV.vOTU58622	Responder_Status	Responder	0.334154129459899	0.371032725870676	0.375479357315629	0.855125910369827	sample_2022120210001
HROV.vOTU21114	Responder_Status	Responder	0.436224069930894	0.486715783197678	0.377754979143522	0.855125910369827	sample_2022120210001
HROV.vOTU19713	Responder_Status	Responder	0.566250609823446	0.632607424587765	0.378361119349968	0.855290308598604	sample_2022120210001
HROV.vOTU48273	Responder_Status	Responder	0.365808134248853	0.408825181026395	0.378532905373658	0.855290308598604	sample_2022120210001
HROV.vOTU15527	Responder_Status	Responder	0.414992742839886	0.463773295132138	0.378512288943684	0.855290308598604	sample_2022120210001
HROV.vOTU43256	Responder_Status	Responder	0.691754419296403	0.773520813934214	0.378788143899937	0.85549919222396	sample_2022120210001
HROV.vOTU51674	Responder_Status	Responder	0.503606368050887	0.563161304481823	0.378811450526268	0.85549919222396	sample_2022120210001
HROV.vOTU54747	Responder_Status	Responder	0.576242036937456	0.644501357783049	0.37889512944673	0.855595982891991	sample_2022120210001
HROV.vOTU30941	Responder_Status	Responder	-0.959500847939096	1.07503962959944	0.379717850085238	0.855978289716775	sample_2022120210001
HROV.vOTU08794	Responder_Status	Responder	-0.526062903790542	0.590201004151348	0.380348762672252	0.856382811364973	sample_2022120210001
HROV.vOTU42808	Responder_Status	Responder	0.415324943775623	0.46601724735871	0.380404698404516	0.856382811364973	sample_2022120210001
HROV.vOTU59262	Responder_Status	Responder	-0.89101375720079	1.00105386931445	0.381009373413899	0.856522322710588	sample_2022120210001
HROV.vOTU60217	Responder_Status	Responder	-0.717799813336759	0.806194365194711	0.380861619833381	0.856522322710588	sample_2022120210001
HROV.vOTU35300	Responder_Status	Responder	0.776334049696899	0.872812227913867	0.38133286336693	0.856762441437544	sample_2022120210001
HROV.vOTU01979	Responder_Status	Responder	-0.603787680664262	0.679030454139439	0.381476473638103	0.856764122823575	sample_2022120210001
HROV.vOTU08942	Responder_Status	Responder	0.919698428155754	1.03515477757396	0.381860106060033	0.856891803060774	sample_2022120210001
HROV.vOTU35173	Responder_Status	Responder	0.819252530817434	0.922281077890966	0.381952706794822	0.856960900708571	sample_2022120210001
HROV.vOTU19606	Responder_Status	Responder	-0.86774358577266	0.977336063076375	0.382176469172654	0.8571416104884	sample_2022120210001
HROV.vOTU01832	Responder_Status	Responder	0.267628462072657	0.301526923745935	0.382329180058066	0.857163291690776	sample_2022120210001
HROV.vOTU37099	Responder_Status	Responder	0.584936441445465	0.659099770702867	0.382381797590845	0.857189569786536	sample_2022120210001
HROV.vOTU11972	Responder_Status	Responder	0.790427322007198	0.891929110624567	0.383058182864399	0.857696775220362	sample_2022120210001
HROV.vOTU04883	Responder_Status	Responder	-1.17518964722172	1.32624622271403	0.383109837903941	0.857720807783231	sample_2022120210001
HROV.vOTU53418	Responder_Status	Responder	0.714463688502747	0.80694737102935	0.383486717854411	0.857740007067383	sample_2022120210001
HROV.vOTU10315	Responder_Status	Responder	0.264428533929132	0.298997895717467	0.38402113307407	0.858111188617539	sample_2022120210001
HROV.vOTU25387	Responder_Status	Responder	-0.473417413949126	0.535456374816347	0.384150784299127	0.858229418726683	sample_2022120210001
HROV.vOTU12753	Responder_Status	Responder	0.742784133768984	0.840999505414883	0.384640223402755	0.858450552547398	sample_2022120210001
HROV.vOTU51026	Responder_Status	Responder	1.17837656149964	1.33430327131407	0.384680531941144	0.858450552547398	sample_2022120210001
HROV.vOTU34727	Responder_Status	Responder	0.362391514443958	0.410410992013027	0.384756657992372	0.858473445978296	sample_2022120210001
HROV.vOTU75084	Responder_Status	Responder	-1.0216661149489	1.1577197750354	0.385030329476662	0.858718419432947	sample_2022120210001
HROV.vOTU47235	Responder_Status	Responder	-0.29282038443029	0.332274464742046	0.385679234293082	0.859190855893487	sample_2022120210001
HROV.vOTU58430	Responder_Status	Responder	0.359554077088271	0.408063186030805	0.385752119124565	0.859231075116991	sample_2022120210001
HROV.vOTU04846	Responder_Status	Responder	-0.606708678570205	0.688933859363603	0.38600476009809	0.859245940065416	sample_2022120210001
HROV.vOTU08296	Responder_Status	Responder	0.663476377793801	0.753538861554239	0.386094174176467	0.859325475152222	sample_2022120210001
HROV.vOTU72571	Responder_Status	Responder	-0.705761525673902	0.802259762577894	0.386500740759938	0.859346083200201	sample_2022120210001
HROV.vOTU16708	Responder_Status	Responder	1.22009341815282	1.38679527465116	0.386460003053032	0.859346083200201	sample_2022120210001
HROV.vOTU51625	Responder_Status	Responder	-0.659196411443576	0.750592996067665	0.387290950013074	0.859861169376079	sample_2022120210001
HROV.vOTU70425	Responder_Status	Responder	0.646743055587216	0.736598279759673	0.387408762220734	0.859891760604542	sample_2022120210001
HROV.vOTU15056	Responder_Status	Responder	-1.05917627644721	1.20868292194737	0.388319969927643	0.860155469387041	sample_2022120210001
HROV.vOTU50739	Responder_Status	Responder	0.63400433931162	0.723657535679647	0.388424213633032	0.860155469387041	sample_2022120210001
HROV.vOTU32042	Responder_Status	Responder	-1.01440425948518	1.15836876435397	0.388634280481113	0.860193562593985	sample_2022120210001
HROV.vOTU05577	Responder_Status	Responder	-0.685267787450443	0.782393252601662	0.388557769370128	0.860193562593985	sample_2022120210001
HROV.vOTU30964	Responder_Status	Responder	-0.296716891442637	0.339021288293835	0.388902524538328	0.860396549960244	sample_2022120210001
HROV.vOTU20653	Responder_Status	Responder	-0.752811326579109	0.860051006300038	0.388852272048467	0.860396549960244	sample_2022120210001
HROV.vOTU03985	Responder_Status	Responder	0.950521694260017	1.08634766550538	0.389034090461328	0.860478671890513	sample_2022120210001
HROV.vOTU02169	Responder_Status	Responder	1.05388475991305	1.20526041044476	0.389336799283017	0.860938526265724	sample_2022120210001
HROV.vOTU24480	Responder_Status	Responder	-0.339461001434092	0.388728980298263	0.389949980360554	0.861012974640512	sample_2022120210001
HROV.vOTU15979	Responder_Status	Responder	0.887730072981931	1.01579590551192	0.389592922607506	0.861012974640512	sample_2022120210001
HROV.vOTU54197	Responder_Status	Responder	0.508333598349908	0.582160029715838	0.389989330495302	0.861012974640512	sample_2022120210001
HROV.vOTU56948	Responder_Status	Responder	-1.14084464043706	1.30815404865775	0.390569530652612	0.861256615584075	sample_2022120210001
HROV.vOTU45209	Responder_Status	Responder	0.82188179850667	0.943795807844099	0.391254485927013	0.861507934134908	sample_2022120210001
HROV.vOTU66937	Responder_Status	Responder	0.45908139245568	0.528187339120974	0.392147186109267	0.862475286214542	sample_2022120210001
HROV.vOTU01116	Responder_Status	Responder	0.468287432692021	0.5390557988383	0.392386991305856	0.862475286214542	sample_2022120210001
HROV.vOTU48546	Responder_Status	Responder	1.1997361466913	1.38150007639953	0.392541827299575	0.862530317664231	sample_2022120210001
HROV.vOTU13136	Responder_Status	Responder	-0.668645052582208	0.770331081087347	0.392774801385708	0.862590091894849	sample_2022120210001
HROV.vOTU46108	Responder_Status	Responder	-1.11842583177763	1.29076170394667	0.393588851847955	0.862708741171911	sample_2022120210001
HROV.vOTU67441	Responder_Status	Responder	-0.55031968786341	0.63480813758548	0.393361532743575	0.862708741171911	sample_2022120210001
HROV.vOTU47048	Responder_Status	Responder	0.325599877450608	0.375313070937217	0.39301963574842	0.862708741171911	sample_2022120210001
HROV.vOTU28132	Responder_Status	Responder	0.610876667632845	0.705563403611749	0.393958214623645	0.862838472153772	sample_2022120210001
HROV.vOTU02040	Responder_Status	Responder	-0.899518134683948	1.03983388322029	0.394357493383635	0.86342162498397	sample_2022120210001
HROV.vOTU37726	Responder_Status	Responder	-0.70690119043028	0.817601920161263	0.394603712666074	0.863506209091329	sample_2022120210001
HROV.vOTU73532	Responder_Status	Responder	-0.748846603914219	0.866463174634043	0.394790713426918	0.86352095782252	sample_2022120210001
HROV.vOTU43434	Responder_Status	Responder	-0.610728778186336	0.706589173820963	0.394749189424404	0.86352095782252	sample_2022120210001
HROV.vOTU11108	Responder_Status	Responder	0.702844881027919	0.813652047651357	0.395029187894695	0.863740014424453	sample_2022120210001
HROV.vOTU51944	Responder_Status	Responder	-1.03343351709202	1.19698811545649	0.39527415110446	0.863753918090488	sample_2022120210001
HROV.vOTU66226	Responder_Status	Responder	-0.823391818649134	0.953563281115433	0.395205063052927	0.863753918090488	sample_2022120210001
HROV.vOTU11158	Responder_Status	Responder	0.243559562019735	0.282290198702338	0.395578424876602	0.864219698292014	sample_2022120210001
HROV.vOTU18026	Responder_Status	Responder	-0.871591142147031	1.01075913348145	0.395840701635613	0.864220047497389	sample_2022120210001
HROV.vOTU16260	Responder_Status	Responder	-0.481683974015216	0.558853724717538	0.396056599808743	0.864338587007584	sample_2022120210001
HROV.vOTU63216	Responder_Status	Responder	0.753683596827968	0.875036469022042	0.396379872526501	0.864632172310154	sample_2022120210001
HROV.vOTU66953	Responder_Status	Responder	-0.795015085682851	0.923358065078719	0.396549127947734	0.864774426819607	sample_2022120210001
HROV.vOTU25602	Responder_Status	Responder	-0.41612192154414	0.483368015101525	0.396616248330958	0.864774426819607	sample_2022120210001
HROV.vOTU09655	Responder_Status	Responder	-0.340849817917162	0.395900774782155	0.396579725788167	0.864774426819607	sample_2022120210001
HROV.vOTU40394	Responder_Status	Responder	-0.824833840146957	0.958871599327298	0.39697755350608	0.864831201955542	sample_2022120210001
HROV.vOTU67350	Responder_Status	Responder	-0.586373204950924	0.681786055118617	0.397063410003505	0.864831201955542	sample_2022120210001
HROV.vOTU48382	Responder_Status	Responder	0.885516336891369	1.03000259946216	0.397243394092455	0.865061978200297	sample_2022120210001
HROV.vOTU12421	Responder_Status	Responder	-0.704223719998799	0.8234887307305	0.399715052366015	0.865435758649064	sample_2022120210001
HROV.vOTU57134	Responder_Status	Responder	-0.473962299284234	0.55238085925451	0.398158442678904	0.865435758649064	sample_2022120210001
HROV.vOTU06769	Responder_Status	Responder	-0.637704676652507	0.742478622585631	0.397696759060056	0.865435758649064	sample_2022120210001
HROV.vOTU59666	Responder_Status	Responder	0.458071887198562	0.535208825348733	0.399332095344039	0.865435758649064	sample_2022120210001
HROV.vOTU05302	Responder_Status	Responder	-0.625470153363522	0.731117091449964	0.399536471597411	0.865435758649064	sample_2022120210001
HROV.vOTU27152	Responder_Status	Responder	-0.665231427838744	0.778522373446507	0.40009143963495	0.865435758649064	sample_2022120210001
HROV.vOTU36327	Responder_Status	Responder	-0.746784886736821	0.87353368834838	0.399861969735308	0.865435758649064	sample_2022120210001
HROV.vOTU16021	Responder_Status	Responder	0.788762103024456	0.922851103236837	0.399970667066726	0.865435758649064	sample_2022120210001
HROV.vOTU06941	Responder_Status	Responder	0.248625066656587	0.290681325655447	0.399634915750376	0.865435758649064	sample_2022120210001
HROV.vOTU25593	Responder_Status	Responder	-0.667941014570403	0.780428683730287	0.399337972385611	0.865435758649064	sample_2022120210001
HROV.vOTU00410	Responder_Status	Responder	0.413758365992176	0.48194838529099	0.397899894913113	0.865435758649064	sample_2022120210001
HROV.vOTU13318	Responder_Status	Responder	-0.36310635508124	0.424130233193936	0.3991989398103	0.865435758649064	sample_2022120210001
HROV.vOTU24201	Responder_Status	Responder	0.375676470457598	0.438481895923115	0.398847682608722	0.865435758649064	sample_2022120210001
HROV.vOTU17300	Responder_Status	Responder	-0.645650882812964	0.755994179148181	0.400329621780784	0.865488279785996	sample_2022120210001
HROV.vOTU01835	Responder_Status	Responder	-0.506282218431513	0.593173403344764	0.400616958617434	0.865586679771867	sample_2022120210001
HROV.vOTU38942	Responder_Status	Responder	0.524643780796251	0.614930470567058	0.400801666150254	0.865586679771867	sample_2022120210001
HROV.vOTU58184	Responder_Status	Responder	0.275438970521256	0.32274173865795	0.400660599448693	0.865586679771867	sample_2022120210001
HROV.vOTU75152	Responder_Status	Responder	0.62359917087163	0.731232562373713	0.401003506595889	0.865605921549931	sample_2022120210001
HROV.vOTU44513	Responder_Status	Responder	-0.643988934471573	0.755030878426558	0.400935320118596	0.865605921549931	sample_2022120210001
HROV.vOTU69101	Responder_Status	Responder	0.290806903232522	0.340976453991187	0.40097104903206	0.865605921549931	sample_2022120210001
HROV.vOTU68963	Responder_Status	Responder	-0.829672665474955	0.97378697376894	0.401439408151962	0.865724381943947	sample_2022120210001
HROV.vOTU39924	Responder_Status	Responder	0.832883428492062	0.977979433110753	0.40164097419637	0.865724381943947	sample_2022120210001
HROV.vOTU37079	Responder_Status	Responder	0.320739526089514	0.376690613900254	0.40173388714106	0.865724381943947	sample_2022120210001
HROV.vOTU64696	Responder_Status	Responder	0.603757720702166	0.708511618580702	0.40136137523128	0.865724381943947	sample_2022120210001
HROV.vOTU45031	Responder_Status	Responder	0.523532443538406	0.615001667863437	0.401841308761488	0.865724381943947	sample_2022120210001
HROV.vOTU51810	Responder_Status	Responder	-0.33599092819672	0.394923392897255	0.402111621315986	0.865981353566145	sample_2022120210001
HROV.vOTU01539	Responder_Status	Responder	-0.375872996661689	0.441800383264619	0.402111251019274	0.865981353566145	sample_2022120210001
HROV.vOTU21802	Responder_Status	Responder	-1.01792740872021	1.19718772342461	0.402389940471985	0.866012234551063	sample_2022120210001
HROV.vOTU04717	Responder_Status	Responder	-0.78108587531786	0.919428416202618	0.402789669831132	0.866023557455004	sample_2022120210001
HROV.vOTU39947	Responder_Status	Responder	-0.779716239745228	0.918543397264239	0.403157516182156	0.866120464448461	sample_2022120210001
HROV.vOTU30551	Responder_Status	Responder	0.506806927264048	0.596907100626946	0.403051759842213	0.866120464448461	sample_2022120210001
HROV.vOTU35376	Responder_Status	Responder	-0.416981204918394	0.491670034106685	0.403578948457603	0.866345155787592	sample_2022120210001
HROV.vOTU24656	Responder_Status	Responder	-0.296780680306945	0.349969847209051	0.403619296100469	0.866345155787592	sample_2022120210001
HROV.vOTU40120	Responder_Status	Responder	-0.404627213581798	0.477509461924845	0.403974061656621	0.866562057146589	sample_2022120210001
HROV.vOTU30159	Responder_Status	Responder	0.790989962906948	0.933326515074597	0.403905376498876	0.866562057146589	sample_2022120210001
HROV.vOTU27814	Responder_Status	Responder	0.952997123991806	1.12523886975354	0.404215854209065	0.866655935818813	sample_2022120210001
HROV.vOTU54484	Responder_Status	Responder	-0.585020471866062	0.695372736076339	0.40730509457242	0.866703076809871	sample_2022120210001
HROV.vOTU02038	Responder_Status	Responder	-1.02575889930054	1.21233021843401	0.404667301569728	0.866703076809871	sample_2022120210001
HROV.vOTU62981	Responder_Status	Responder	-0.446026119483052	0.530305205246268	0.407432025295788	0.866703076809871	sample_2022120210001
HROV.vOTU25935	Responder_Status	Responder	0.951671712053414	1.13101364018303	0.407234786289841	0.866703076809871	sample_2022120210001
HROV.vOTU31990	Responder_Status	Responder	0.896709273884372	1.06631295459765	0.407503938872766	0.866703076809871	sample_2022120210001
HROV.vOTU31186	Responder_Status	Responder	0.728565912463406	0.865736455138017	0.40716670257484	0.866703076809871	sample_2022120210001
HROV.vOTU24068	Responder_Status	Responder	-0.671851088804987	0.79941754600993	0.407789345698115	0.866703076809871	sample_2022120210001
HROV.vOTU74783	Responder_Status	Responder	-0.516343514501414	0.612334405329413	0.40624165000021	0.866703076809871	sample_2022120210001
HROV.vOTU30278	Responder_Status	Responder	-0.662071583293578	0.782901497683227	0.404909310974729	0.866703076809871	sample_2022120210001
HROV.vOTU14451	Responder_Status	Responder	0.349810523531371	0.4136617353134	0.404920316899504	0.866703076809871	sample_2022120210001
HROV.vOTU24158	Responder_Status	Responder	0.730334095210455	0.864156162224062	0.405196079609904	0.866703076809871	sample_2022120210001
HROV.vOTU31272	Responder_Status	Responder	0.366670413288776	0.436218176728903	0.407711756027207	0.866703076809871	sample_2022120210001
HROV.vOTU36400	Responder_Status	Responder	0.318434998945554	0.376340130471349	0.404650313911058	0.866703076809871	sample_2022120210001
HROV.vOTU53606	Responder_Status	Responder	-0.494285439617017	0.586605348355182	0.406581317093916	0.866703076809871	sample_2022120210001
HROV.vOTU01791	Responder_Status	Responder	0.309098662216006	0.366552983616956	0.406230654075772	0.866703076809871	sample_2022120210001
HROV.vOTU04221	Responder_Status	Responder	-1.07375639386159	1.27854053933923	0.408117840898843	0.866857513704879	sample_2022120210001
HROV.vOTU67200	Responder_Status	Responder	-0.350287406309651	0.41795469543006	0.409072746375174	0.868249106691293	sample_2022120210001
HROV.vOTU71045	Responder_Status	Responder	0.889065965595549	1.06422031887062	0.410556148199298	0.868294282043079	sample_2022120210001
HROV.vOTU15604	Responder_Status	Responder	-0.685512066220136	0.820285168973284	0.410398802853518	0.868294282043079	sample_2022120210001
HROV.vOTU38921	Responder_Status	Responder	0.567116620857324	0.679291701446535	0.410860959205575	0.868294282043079	sample_2022120210001
HROV.vOTU05388	Responder_Status	Responder	-0.680896282240443	0.815452130531668	0.410790262979803	0.868294282043079	sample_2022120210001
HROV.vOTU61421	Responder_Status	Responder	0.732485937578983	0.878613779487518	0.411515128013821	0.868683924359433	sample_2022120210001
HROV.vOTU37579	Responder_Status	Responder	0.476860025824182	0.572493234995204	0.411920101768228	0.86901791646899	sample_2022120210001
HROV.vOTU48533	Responder_Status	Responder	0.480075147424514	0.576448403426579	0.411996437451162	0.869019354833085	sample_2022120210001
HROV.vOTU09663	Responder_Status	Responder	-0.908182788312222	1.0915001232112	0.412421042848688	0.86905920439708	sample_2022120210001
HROV.vOTU29846	Responder_Status	Responder	0.231678699326219	0.278318440434353	0.412214078396946	0.86905920439708	sample_2022120210001
HROV.vOTU07014	Responder_Status	Responder	1.06744799508405	1.28328614667653	0.412555276266027	0.869099848831108	sample_2022120210001
HROV.vOTU62066	Responder_Status	Responder	-1.03483638853646	1.24666565500797	0.413513404294195	0.870117553860689	sample_2022120210001
HROV.vOTU71934	Responder_Status	Responder	0.834572602682054	1.00572041494487	0.4136566576788	0.870305771096598	sample_2022120210001
HROV.vOTU38116	Responder_Status	Responder	0.876351362312453	1.05622883136005	0.413727419046112	0.870305771096598	sample_2022120210001
HROV.vOTU42209	Responder_Status	Responder	0.787362505396856	0.950243728142045	0.414343993401835	0.870613080664638	sample_2022120210001
HROV.vOTU41729	Responder_Status	Responder	-1.14634482658215	1.3835440327723	0.414362499605976	0.870613080664638	sample_2022120210001
HROV.vOTU08856	Responder_Status	Responder	0.438903950401057	0.529769379622282	0.414404604575216	0.870613080664638	sample_2022120210001
HROV.vOTU39186	Responder_Status	Responder	-0.865050040688256	1.04436501986912	0.414504119318266	0.870628954896368	sample_2022120210001
HROV.vOTU18330	Responder_Status	Responder	-0.505611668443693	0.610856788805616	0.414834534810474	0.87065382254805	sample_2022120210001
HROV.vOTU33173	Responder_Status	Responder	0.233123343678338	0.28209651561403	0.415566427540155	0.87065382254805	sample_2022120210001
HROV.vOTU69314	Responder_Status	Responder	0.549866443012773	0.665144024242553	0.415403574212473	0.87065382254805	sample_2022120210001
HROV.vOTU31641	Responder_Status	Responder	-1.0533071326524	1.27336058773918	0.415125430051673	0.87065382254805	sample_2022120210001
HROV.vOTU10071	Responder_Status	Responder	-0.733601484618325	0.887222254680533	0.415312047861353	0.87065382254805	sample_2022120210001
HROV.vOTU01715	Responder_Status	Responder	0.561308305537298	0.679237100506057	0.415574886540149	0.87065382254805	sample_2022120210001
HROV.vOTU66895	Responder_Status	Responder	0.376618665374478	0.456009975757819	0.415842841571111	0.870735860072977	sample_2022120210001
HROV.vOTU43676	Responder_Status	Responder	-0.821319965817802	0.994863147143315	0.416032140948347	0.870883233634021	sample_2022120210001
HROV.vOTU33018	Responder_Status	Responder	0.834305668082634	1.01222701260794	0.416776297173367	0.870883233634021	sample_2022120210001
HROV.vOTU19088	Responder_Status	Responder	-0.807583444013113	0.978606503000825	0.416212155024619	0.870883233634021	sample_2022120210001
HROV.vOTU54102	Responder_Status	Responder	-0.738910769093872	0.89685968847343	0.416966875536389	0.870883233634021	sample_2022120210001
HROV.vOTU52056	Responder_Status	Responder	0.286399839461988	0.347651794271215	0.417008423866052	0.870883233634021	sample_2022120210001
HROV.vOTU48052	Responder_Status	Responder	0.613896296111304	0.746240885222974	0.417657322818502	0.871163289214772	sample_2022120210001
HROV.vOTU18422	Responder_Status	Responder	0.401202208556582	0.487560361043073	0.417531288125907	0.871163289214772	sample_2022120210001
HROV.vOTU66557	Responder_Status	Responder	0.443192079780124	0.53873811857287	0.417659111480394	0.871163289214772	sample_2022120210001
HROV.vOTU28376	Responder_Status	Responder	-0.665200154435378	0.810489510439984	0.418728115442173	0.87120440253596	sample_2022120210001
HROV.vOTU41415	Responder_Status	Responder	-0.950266560590961	1.15833420444069	0.41893283246757	0.87120440253596	sample_2022120210001
HROV.vOTU69059	Responder_Status	Responder	-0.648152322369336	0.790053825754429	0.41892348008026	0.87120440253596	sample_2022120210001
HROV.vOTU45238	Responder_Status	Responder	0.869870116993368	1.05942280728314	0.418537374198457	0.87120440253596	sample_2022120210001
HROV.vOTU32676	Responder_Status	Responder	0.586840973874402	0.714913714208312	0.418662623742077	0.87120440253596	sample_2022120210001
HROV.vOTU18057	Responder_Status	Responder	-0.221629214657847	0.269968603343368	0.418612917122837	0.87120440253596	sample_2022120210001
HROV.vOTU50574	Responder_Status	Responder	-0.566423954285492	0.690394501744566	0.418898194217557	0.87120440253596	sample_2022120210001
HROV.vOTU16350	Responder_Status	Responder	-0.689225503136118	0.83828788109907	0.417919866825812	0.87120440253596	sample_2022120210001
HROV.vOTU22959	Responder_Status	Responder	0.44200556477663	0.539007637605298	0.41912203706067	0.871248427729014	sample_2022120210001
HROV.vOTU37360	Responder_Status	Responder	0.531028818059875	0.648035983105943	0.419454185642174	0.871765962425381	sample_2022120210001
HROV.vOTU02585	Responder_Status	Responder	0.845954308968778	1.03366905511514	0.420039851821208	0.871776630984303	sample_2022120210001
HROV.vOTU40101	Responder_Status	Responder	0.291315047484689	0.355930435705239	0.420005580307132	0.871776630984303	sample_2022120210001
HROV.vOTU19474	Responder_Status	Responder	-0.315434503366424	0.386054471039609	0.42078513963702	0.872378590374271	sample_2022120210001
HROV.vOTU59942	Responder_Status	Responder	-0.935245803048487	1.14545276968593	0.421114975978364	0.872433755874844	sample_2022120210001
HROV.vOTU03133	Responder_Status	Responder	0.763425242441676	0.934980756564394	0.421098844828147	0.872433755874844	sample_2022120210001
HROV.vOTU55466	Responder_Status	Responder	0.477696551788521	0.585033623329228	0.421090984833284	0.872433755874844	sample_2022120210001
HROV.vOTU00850	Responder_Status	Responder	-0.505392102371858	0.619656309704406	0.421612717285675	0.872448696673888	sample_2022120210001
HROV.vOTU06122	Responder_Status	Responder	-0.582897307356366	0.714669739999256	0.421603123058529	0.872448696673888	sample_2022120210001
HROV.vOTU48190	Responder_Status	Responder	0.619612893674697	0.75984617806505	0.421700211100068	0.872454488664242	sample_2022120210001
HROV.vOTU40564	Responder_Status	Responder	0.834406923359806	1.02419620349424	0.422122777835261	0.872577662808631	sample_2022120210001
HROV.vOTU27780	Responder_Status	Responder	-1.02048159656851	1.25362880390614	0.422501393758609	0.872577662808631	sample_2022120210001
HROV.vOTU09777	Responder_Status	Responder	-0.579480614079812	0.71093837213211	0.421898616548705	0.872577662808631	sample_2022120210001
HROV.vOTU37291	Responder_Status	Responder	-0.770329748102678	0.946032051284918	0.422359257703481	0.872577662808631	sample_2022120210001
HROV.vOTU02103	Responder_Status	Responder	1.01717808769643	1.24975855089875	0.422570380345836	0.872577662808631	sample_2022120210001
HROV.vOTU60061	Responder_Status	Responder	-0.383892343026654	0.471568417286081	0.422471274935667	0.872577662808631	sample_2022120210001
HROV.vOTU71761	Responder_Status	Responder	-0.28147618720024	0.346104770904645	0.422925950660195	0.872922493927886	sample_2022120210001
HROV.vOTU65784	Responder_Status	Responder	-0.449416382708438	0.552899146334504	0.42316986639026	0.87300028435353	sample_2022120210001
HROV.vOTU65507	Responder_Status	Responder	0.641478435190769	0.789139388359306	0.423143101573399	0.87300028435353	sample_2022120210001
HROV.vOTU57404	Responder_Status	Responder	0.59351377657586	0.730973857742726	0.423670054916504	0.8735980669995	sample_2022120210001
HROV.vOTU40992	Responder_Status	Responder	-0.696385596437142	0.859634223738529	0.424717150328783	0.874552654572285	sample_2022120210001
HROV.vOTU69775	Responder_Status	Responder	-0.738324890519276	0.912029444911944	0.425030669123355	0.874656759763901	sample_2022120210001
HROV.vOTU11474	Responder_Status	Responder	-0.633990718155261	0.783910625046779	0.425475685304261	0.874988249519272	sample_2022120210001
HROV.vOTU75179	Responder_Status	Responder	0.949895882533551	1.1745732020198	0.425497212433695	0.874988249519272	sample_2022120210001
HROV.vOTU63683	Responder_Status	Responder	-0.611772379727374	0.757010184525529	0.425821443780479	0.874999952894343	sample_2022120210001
HROV.vOTU58363	Responder_Status	Responder	0.571127174251853	0.706580363792509	0.425733889756263	0.874999952894343	sample_2022120210001
HROV.vOTU61032	Responder_Status	Responder	0.391248684110888	0.483877870673199	0.425580220821562	0.874999952894343	sample_2022120210001
HROV.vOTU61773	Responder_Status	Responder	0.356910980162364	0.441963933983615	0.426153275398015	0.875016913434795	sample_2022120210001
HROV.vOTU03725	Responder_Status	Responder	-0.552726067129586	0.684187340666302	0.425982839099795	0.875016913434795	sample_2022120210001
HROV.vOTU34025	Responder_Status	Responder	0.566835487702709	0.702427391754903	0.426487573262327	0.875017573960295	sample_2022120210001
HROV.vOTU62699	Responder_Status	Responder	0.733049896785794	0.909508592277892	0.427044257330456	0.875448662115733	sample_2022120210001
HROV.vOTU69633	Responder_Status	Responder	-0.690687620769778	0.857388862991301	0.427278810041269	0.875550102812725	sample_2022120210001
HROV.vOTU72092	Responder_Status	Responder	-0.668565331906088	0.834206475354037	0.429626857808455	0.876355596683842	sample_2022120210001
HROV.vOTU21688	Responder_Status	Responder	0.427051739271903	0.533101565212849	0.42983665337458	0.876355596683842	sample_2022120210001
HROV.vOTU40093	Responder_Status	Responder	-0.728957852380229	0.908614871851447	0.429151726871438	0.876355596683842	sample_2022120210001
HROV.vOTU47801	Responder_Status	Responder	-0.602615155953306	0.750939392788691	0.429033426926051	0.876355596683842	sample_2022120210001
HROV.vOTU12887	Responder_Status	Responder	-0.619511216024118	0.771367864036862	0.428662998383113	0.876355596683842	sample_2022120210001
HROV.vOTU37618	Responder_Status	Responder	-0.41668286926145	0.519933477437948	0.42963991513294	0.876355596683842	sample_2022120210001
HROV.vOTU74685	Responder_Status	Responder	0.589899403987851	0.736476083848525	0.429890450070494	0.876355596683842	sample_2022120210001
HROV.vOTU37097	Responder_Status	Responder	0.289895573095889	0.361840147933967	0.42977963494433	0.876355596683842	sample_2022120210001
HROV.vOTU61652	Responder_Status	Responder	0.401803150079128	0.500950419113996	0.429260980210892	0.876355596683842	sample_2022120210001
HROV.vOTU12830	Responder_Status	Responder	-0.559361315521066	0.69747460354966	0.429318304786734	0.876355596683842	sample_2022120210001
HROV.vOTU68787	Responder_Status	Responder	-0.75748920985855	0.94683903570668	0.430435359762573	0.876851505551903	sample_2022120210001
HROV.vOTU63699	Responder_Status	Responder	-0.544904734476617	0.683109184155214	0.43176759186416	0.877258819993319	sample_2022120210001
HROV.vOTU57856	Responder_Status	Responder	-0.461234603618365	0.578185414080972	0.431742117383238	0.877258819993319	sample_2022120210001
HROV.vOTU46443	Responder_Status	Responder	-0.47450656340939	0.595036898523139	0.431906135114826	0.877313587380104	sample_2022120210001
HROV.vOTU29117	Responder_Status	Responder	-0.511386718990791	0.641871157897335	0.432322043493497	0.877349527547174	sample_2022120210001
HROV.vOTU10047	Responder_Status	Responder	-0.848419761979281	1.06536787236378	0.432521596762641	0.877349527547174	sample_2022120210001
HROV.vOTU02846	Responder_Status	Responder	0.476570028931759	0.59860988151074	0.432656081230177	0.877369123123233	sample_2022120210001
HROV.vOTU06783	Responder_Status	Responder	-0.310279269133552	0.389791779160951	0.432721843796885	0.877369123123233	sample_2022120210001
HROV.vOTU70013	Responder_Status	Responder	-0.577861017293432	0.727614653743453	0.433767252550706	0.878243566529984	sample_2022120210001
HROV.vOTU67500	Responder_Status	Responder	-0.550911518394804	0.694547663784687	0.434334737050426	0.878414022836067	sample_2022120210001
HROV.vOTU42795	Responder_Status	Responder	-0.34577338338915	0.436036345057354	0.434450815235177	0.878414022836067	sample_2022120210001
HROV.vOTU42746	Responder_Status	Responder	0.919245025337879	1.15904200928751	0.434384638663647	0.878414022836067	sample_2022120210001
HROV.vOTU11046	Responder_Status	Responder	0.285741812590931	0.360138561480209	0.434204578983928	0.878414022836067	sample_2022120210001
HROV.vOTU07059	Responder_Status	Responder	0.67912306086081	0.856551347039199	0.434528028019652	0.878414022836067	sample_2022120210001
HROV.vOTU14834	Responder_Status	Responder	-0.365010432312265	0.460887992079195	0.435035583981543	0.87865485811773	sample_2022120210001
HROV.vOTU73023	Responder_Status	Responder	-0.517294513066127	0.653344270719831	0.435154912351197	0.87865485811773	sample_2022120210001
HROV.vOTU43917	Responder_Status	Responder	0.40971629096952	0.517087700763299	0.434816828541328	0.87865485811773	sample_2022120210001
HROV.vOTU65452	Responder_Status	Responder	-0.687064656704523	0.867332874396997	0.434928986432841	0.87865485811773	sample_2022120210001
HROV.vOTU07931	Responder_Status	Responder	0.673859023443284	0.852008727565364	0.435647147608475	0.878812676643616	sample_2022120210001
HROV.vOTU10841	Responder_Status	Responder	0.646840071203321	0.820739725991015	0.437249221996277	0.880209728490393	sample_2022120210001
HROV.vOTU67833	Responder_Status	Responder	-0.792832151663497	1.00558941744728	0.437072669598921	0.880209728490393	sample_2022120210001
HROV.vOTU24576	Responder_Status	Responder	0.543273944717957	0.689882117240054	0.437611931383565	0.880406094614725	sample_2022120210001
HROV.vOTU57910	Responder_Status	Responder	-0.797517778199694	1.01283411761665	0.437655701695355	0.880406094614725	sample_2022120210001
HROV.vOTU29060	Responder_Status	Responder	0.888506628831307	1.1298199843283	0.438230237350946	0.880999978407426	sample_2022120210001
HROV.vOTU32613	Responder_Status	Responder	-0.967827560017479	1.23263111683858	0.438946224396134	0.881533670939026	sample_2022120210001
HROV.vOTU40876	Responder_Status	Responder	0.531712613688162	0.677493930174396	0.439147736140561	0.881533670939026	sample_2022120210001
HROV.vOTU67718	Responder_Status	Responder	0.508317566730495	0.648328336008368	0.439597373951765	0.881533670939026	sample_2022120210001
HROV.vOTU27306	Responder_Status	Responder	0.685525831894769	0.874547074901163	0.439701028559824	0.881533670939026	sample_2022120210001
HROV.vOTU19502	Responder_Status	Responder	-0.53741554492263	0.685529875744132	0.43965601244273	0.881533670939026	sample_2022120210001
HROV.vOTU60252	Responder_Status	Responder	0.350562867030176	0.447186281241698	0.439662678563545	0.881533670939026	sample_2022120210001
HROV.vOTU61977	Responder_Status	Responder	-0.612748652194595	0.781645675975121	0.439667893736773	0.881533670939026	sample_2022120210001
HROV.vOTU30358	Responder_Status	Responder	0.737230352961814	0.939985774839313	0.439449599731748	0.881533670939026	sample_2022120210001
HROV.vOTU74285	Responder_Status	Responder	0.725647058859535	0.926539060155502	0.44009576517536	0.881634923301786	sample_2022120210001
HROV.vOTU31229	Responder_Status	Responder	0.495890283083705	0.633855948993988	0.440581736984016	0.881634923301786	sample_2022120210001
HROV.vOTU46311	Responder_Status	Responder	1.05001284997761	1.34264363700903	0.440749525645116	0.881688059426568	sample_2022120210001
HROV.vOTU40842	Responder_Status	Responder	-0.629300494373038	0.804952542615187	0.440901561258641	0.881688059426568	sample_2022120210001
HROV.vOTU11572	Responder_Status	Responder	-0.215902553241361	0.276526370481575	0.441491129828716	0.882140522517625	sample_2022120210001
HROV.vOTU39116	Responder_Status	Responder	-0.590705039883268	0.757599603471961	0.442105064310579	0.882403627456656	sample_2022120210001
HROV.vOTU16763	Responder_Status	Responder	-0.499198542716958	0.641673178960761	0.443114801577446	0.882801618820284	sample_2022120210001
HROV.vOTU26067	Responder_Status	Responder	-0.742944038024842	0.954644784798211	0.44295389124423	0.882801618820284	sample_2022120210001
HROV.vOTU32330	Responder_Status	Responder	0.343299484803472	0.441236536356915	0.443070894172272	0.882801618820284	sample_2022120210001
HROV.vOTU66553	Responder_Status	Responder	0.732946784014698	0.9435604851417	0.443796868284335	0.883067386790222	sample_2022120210001
HROV.vOTU19602	Responder_Status	Responder	0.424122989530247	0.546047216066332	0.443839522253058	0.883067386790222	sample_2022120210001
HROV.vOTU09525	Responder_Status	Responder	0.767059514464932	0.987042259354617	0.44359893790737	0.883067386790222	sample_2022120210001
HROV.vOTU55034	Responder_Status	Responder	0.799590320656409	1.03134152274049	0.444666286870814	0.883637570781504	sample_2022120210001
HROV.vOTU64280	Responder_Status	Responder	-0.75114211244694	0.969854664976708	0.445132627289536	0.883855614625679	sample_2022120210001
HROV.vOTU21466	Responder_Status	Responder	-0.287308465852444	0.372442544591498	0.446921565428241	0.884729068819209	sample_2022120210001
HROV.vOTU10215	Responder_Status	Responder	-0.955620760954818	1.23601140529918	0.445912618334748	0.884729068819209	sample_2022120210001
HROV.vOTU41921	Responder_Status	Responder	-0.71712903725326	0.928166852058439	0.446215040315567	0.884729068819209	sample_2022120210001
HROV.vOTU64793	Responder_Status	Responder	-0.431162613184684	0.558415805694862	0.446513255390397	0.884729068819209	sample_2022120210001
HROV.vOTU03135	Responder_Status	Responder	0.598316046896828	0.775682347335409	0.446965463250315	0.884729068819209	sample_2022120210001
HROV.vOTU05377	Responder_Status	Responder	-0.346778863082085	0.44858023579823	0.445965073044812	0.884729068819209	sample_2022120210001
HROV.vOTU00058	Responder_Status	Responder	0.55045233553541	0.714880798389916	0.447752790067745	0.884855676120167	sample_2022120210001
HROV.vOTU28484	Responder_Status	Responder	-0.418216206385504	0.542939737529831	0.447583973064977	0.884855676120167	sample_2022120210001
HROV.vOTU18620	Responder_Status	Responder	0.461953466336839	0.599312682070043	0.447278097550265	0.884855676120167	sample_2022120210001
HROV.vOTU20362	Responder_Status	Responder	-0.515169373737619	0.670081121759975	0.448439035754897	0.885065529943398	sample_2022120210001
HROV.vOTU38097	Responder_Status	Responder	0.711882527330524	0.925737871565642	0.448338055638266	0.885065529943398	sample_2022120210001
HROV.vOTU55741	Responder_Status	Responder	0.802793583541602	1.04428675395021	0.44847887855079	0.885065529943398	sample_2022120210001
HROV.vOTU53100	Responder_Status	Responder	-0.55912663080065	0.728727432257414	0.449346162786769	0.885217486023933	sample_2022120210001
HROV.vOTU30486	Responder_Status	Responder	-1.07843561645013	1.40704221922549	0.449819247096997	0.885217486023933	sample_2022120210001
HROV.vOTU58198	Responder_Status	Responder	0.814400787736768	1.06320357606873	0.450093251387553	0.885217486023933	sample_2022120210001
HROV.vOTU47777	Responder_Status	Responder	0.877510153067551	1.14515624316916	0.44992219988865	0.885217486023933	sample_2022120210001
HROV.vOTU61483	Responder_Status	Responder	0.666646935264116	0.870121492865723	0.449995946798867	0.885217486023933	sample_2022120210001
HROV.vOTU07697	Responder_Status	Responder	0.3629626820527	0.474996497856054	0.451177078233399	0.885217486023933	sample_2022120210001
HROV.vOTU22235	Responder_Status	Responder	-0.693025195927818	0.905431644307814	0.450432285508539	0.885217486023933	sample_2022120210001
HROV.vOTU27793	Responder_Status	Responder	-0.344360853113906	0.449813293705293	0.450341308880198	0.885217486023933	sample_2022120210001
HROV.vOTU56066	Responder_Status	Responder	0.812398306262331	1.05872779088817	0.449305208162644	0.885217486023933	sample_2022120210001
HROV.vOTU58571	Responder_Status	Responder	0.343193293471607	0.447215900967468	0.449267121547756	0.885217486023933	sample_2022120210001
HROV.vOTU71160	Responder_Status	Responder	0.406776851074943	0.529555735132166	0.44882994952652	0.885217486023933	sample_2022120210001
HROV.vOTU13448	Responder_Status	Responder	0.478081562308302	0.624490327236787	0.450346686807868	0.885217486023933	sample_2022120210001
HROV.vOTU56647	Responder_Status	Responder	0.546296660573884	0.714550005816522	0.450945630761962	0.885217486023933	sample_2022120210001
HROV.vOTU42317	Responder_Status	Responder	0.63694703414868	0.82958037233034	0.449036365068222	0.885217486023933	sample_2022120210001
HROV.vOTU05711	Responder_Status	Responder	0.707201490340689	0.92697524745189	0.451895338464836	0.885373555264812	sample_2022120210001
HROV.vOTU05381	Responder_Status	Responder	0.697651806871362	0.915784099456247	0.452543966464834	0.886002382304587	sample_2022120210001
HROV.vOTU67752	Responder_Status	Responder	-0.602812454872522	0.791552841320996	0.452691609723773	0.886002382304587	sample_2022120210001
HROV.vOTU17850	Responder_Status	Responder	0.732012431496512	0.96099177212284	0.452592218911316	0.886002382304587	sample_2022120210001
HROV.vOTU74567	Responder_Status	Responder	-0.598138357518578	0.786802589685466	0.453480820021779	0.886311807609882	sample_2022120210001
HROV.vOTU05652	Responder_Status	Responder	-0.247605387994492	0.325350230073462	0.452993727531096	0.886311807609882	sample_2022120210001
HROV.vOTU15990	Responder_Status	Responder	1.00312830171397	1.3207745649706	0.453900800270197	0.88668719548811	sample_2022120210001
HROV.vOTU45376	Responder_Status	Responder	0.20437334591179	0.269264123878927	0.454190948902133	0.886804125662665	sample_2022120210001
HROV.vOTU39637	Responder_Status	Responder	-0.309230305702339	0.40759388653389	0.454387790985888	0.886977787747033	sample_2022120210001
HROV.vOTU43123	Responder_Status	Responder	-0.56485112889763	0.745257527652583	0.454826613777938	0.88717418295928	sample_2022120210001
HROV.vOTU34447	Responder_Status	Responder	1.09613038686796	1.44625171644383	0.454836174295872	0.88717418295928	sample_2022120210001
HROV.vOTU30073	Responder_Status	Responder	-0.762140427220773	1.00517612810527	0.454656761472	0.88717418295928	sample_2022120210001
HROV.vOTU30602	Responder_Status	Responder	0.474267553273016	0.625615084403943	0.454735552239875	0.88717418295928	sample_2022120210001
HROV.vOTU71928	Responder_Status	Responder	0.164628049377829	0.217217661938426	0.454846076816814	0.88717418295928	sample_2022120210001
HROV.vOTU50288	Responder_Status	Responder	0.44836158163841	0.591739169340675	0.454959795495163	0.887230862819	sample_2022120210001
HROV.vOTU60075	Responder_Status	Responder	-0.464375150186049	0.612859037260772	0.454949205520972	0.887230862819	sample_2022120210001
HROV.vOTU54818	Responder_Status	Responder	-0.930190527139723	1.22907786266431	0.455479348621435	0.8877257832072	sample_2022120210001
HROV.vOTU44915	Responder_Status	Responder	-0.7547129336204	0.999181050173147	0.456357349127094	0.8877257832072	sample_2022120210001
HROV.vOTU28243	Responder_Status	Responder	-0.698090687793346	0.92229007417356	0.455426132425462	0.8877257832072	sample_2022120210001
HROV.vOTU66013	Responder_Status	Responder	-0.463459437390883	0.613437067298728	0.456250464821492	0.8877257832072	sample_2022120210001
HROV.vOTU25215	Responder_Status	Responder	-0.445327953952495	0.589491532452376	0.456290842571641	0.8877257832072	sample_2022120210001
HROV.vOTU13656	Responder_Status	Responder	-0.409504222275286	0.54159510712362	0.455899345298861	0.8877257832072	sample_2022120210001
HROV.vOTU63780	Responder_Status	Responder	0.379201054148138	0.501671162972649	0.456036191190302	0.8877257832072	sample_2022120210001
HROV.vOTU06163	Responder_Status	Responder	0.837954331102352	1.11495591191333	0.458587749895903	0.888038228462154	sample_2022120210001
HROV.vOTU43151	Responder_Status	Responder	-0.886274752211255	1.17479572935745	0.456902924351678	0.888038228462154	sample_2022120210001
HROV.vOTU38772	Responder_Status	Responder	-0.633262266563603	0.840680700881709	0.457573220947711	0.888038228462154	sample_2022120210001
HROV.vOTU00255	Responder_Status	Responder	0.777962692558411	1.03428122080345	0.458221485119464	0.888038228462154	sample_2022120210001
HROV.vOTU67096	Responder_Status	Responder	-0.833552413661431	1.10641742540645	0.457510287243829	0.888038228462154	sample_2022120210001
HROV.vOTU73089	Responder_Status	Responder	-0.66232226211708	0.88059299717138	0.458248134773118	0.888038228462154	sample_2022120210001
HROV.vOTU40750	Responder_Status	Responder	-0.359683450243488	0.478594978422152	0.458598339524517	0.888038228462154	sample_2022120210001
HROV.vOTU67968	Responder_Status	Responder	0.493997245587336	0.656399447578538	0.457979418708897	0.888038228462154	sample_2022120210001
HROV.vOTU18809	Responder_Status	Responder	0.363734550757455	0.483376489375146	0.458038136949521	0.888038228462154	sample_2022120210001
HROV.vOTU73871	Responder_Status	Responder	0.231275259929841	0.306935627135667	0.45744058450669	0.888038228462154	sample_2022120210001
HROV.vOTU51173	Responder_Status	Responder	1.08958525828727	1.4491023579619	0.458383360650714	0.888038228462154	sample_2022120210001
HROV.vOTU19413	Responder_Status	Responder	0.538611427937389	0.716012492329371	0.458185789026094	0.888038228462154	sample_2022120210001
HROV.vOTU10108	Responder_Status	Responder	-0.476893274694869	0.633790442079407	0.458062243925642	0.888038228462154	sample_2022120210001
HROV.vOTU15866	Responder_Status	Responder	0.475201212335196	0.633959522722311	0.459761717227219	0.888903753628125	sample_2022120210001
HROV.vOTU18316	Responder_Status	Responder	0.914022724165956	1.2207818894026	0.460270243747549	0.889066441614396	sample_2022120210001
HROV.vOTU45907	Responder_Status	Responder	-0.198338843528588	0.265195795381149	0.460758767769384	0.889155435068475	sample_2022120210001
HROV.vOTU66601	Responder_Status	Responder	0.595838412530717	0.79744041619384	0.461178715721423	0.889155435068475	sample_2022120210001
HROV.vOTU16189	Responder_Status	Responder	0.752391642195997	1.00792180762243	0.461600786303033	0.889498097141361	sample_2022120210001
HROV.vOTU01844	Responder_Status	Responder	0.336993366741432	0.451541537289878	0.461696259699808	0.889498097141361	sample_2022120210001
HROV.vOTU03584	Responder_Status	Responder	0.293561052383578	0.393426283179337	0.461786723894887	0.889498097141361	sample_2022120210001
HROV.vOTU00955	Responder_Status	Responder	-0.776860901264249	1.04263644640513	0.462424493066049	0.890001327505001	sample_2022120210001
HROV.vOTU52624	Responder_Status	Responder	-0.811064330257563	1.09075889371512	0.463326117381428	0.890238830142984	sample_2022120210001
HROV.vOTU28719	Responder_Status	Responder	0.429597207953379	0.577605991116476	0.463220858116487	0.890238830142984	sample_2022120210001
HROV.vOTU44410	Responder_Status	Responder	0.494916837765527	0.664834287004826	0.46282401999304	0.890238830142984	sample_2022120210001
HROV.vOTU08047	Responder_Status	Responder	0.466839042102071	0.628634153497357	0.463894272105182	0.890238830142984	sample_2022120210001
HROV.vOTU74340	Responder_Status	Responder	0.355528127056186	0.478814376979781	0.463957877029767	0.890238830142984	sample_2022120210001
HROV.vOTU63698	Responder_Status	Responder	-0.551554184258189	0.742168603930006	0.463571764733304	0.890238830142984	sample_2022120210001
HROV.vOTU48788	Responder_Status	Responder	0.24388278882137	0.328594574120401	0.464147420601266	0.890238830142984	sample_2022120210001
HROV.vOTU57831	Responder_Status	Responder	-0.653450654575447	0.880531011330264	0.464201034685207	0.890260196449991	sample_2022120210001
HROV.vOTU23269	Responder_Status	Responder	-0.532528948575033	0.718351276190242	0.464671394501861	0.890833320234413	sample_2022120210001
HROV.vOTU72684	Responder_Status	Responder	0.523216314151236	0.706509962333926	0.465122783392012	0.890968153892941	sample_2022120210001
HROV.vOTU65171	Responder_Status	Responder	0.811972836828676	1.09670614220158	0.465236535232669	0.891023188822801	sample_2022120210001
HROV.vOTU60930	Responder_Status	Responder	0.630344187773125	0.85228829710167	0.465704586825821	0.891079992165322	sample_2022120210001
HROV.vOTU16271	Responder_Status	Responder	-0.651754510839155	0.883280476539702	0.466727242713915	0.891246619988626	sample_2022120210001
HROV.vOTU03114	Responder_Status	Responder	0.353931433432383	0.480234722205971	0.467255370214373	0.891278627671467	sample_2022120210001
HROV.vOTU14209	Responder_Status	Responder	-0.606012397475439	0.822123440590618	0.467175229908084	0.891278627671467	sample_2022120210001
HROV.vOTU72585	Responder_Status	Responder	-0.609418224079833	0.827519510410065	0.467588843682926	0.891548512717292	sample_2022120210001
HROV.vOTU69810	Responder_Status	Responder	0.895387465181153	1.21647783175805	0.46782273215275	0.891548512717292	sample_2022120210001
HROV.vOTU05840	Responder_Status	Responder	0.690041769620907	0.937376624517993	0.467767459163309	0.891548512717292	sample_2022120210001
HROV.vOTU56181	Responder_Status	Responder	0.563934147796733	0.766364236191188	0.467938087743382	0.891553705945031	sample_2022120210001
HROV.vOTU24821	Responder_Status	Responder	0.325739747541292	0.443971669886595	0.469234021981448	0.891685506128642	sample_2022120210001
HROV.vOTU37537	Responder_Status	Responder	0.671744494912438	0.914419371256056	0.468683264592245	0.891685506128642	sample_2022120210001
HROV.vOTU19271	Responder_Status	Responder	0.369862247361385	0.50407247665179	0.469202069618228	0.891685506128642	sample_2022120210001
HROV.vOTU47996	Responder_Status	Responder	0.408179935823608	0.556562130721116	0.469413920426218	0.891685506128642	sample_2022120210001
HROV.vOTU05380	Responder_Status	Responder	-0.4553597462039	0.620135706276988	0.468876754097188	0.891685506128642	sample_2022120210001
HROV.vOTU46391	Responder_Status	Responder	-0.577393405524192	0.787442902524203	0.469500315565426	0.891693241595808	sample_2022120210001
HROV.vOTU49771	Responder_Status	Responder	-0.658045201783424	0.897729545360424	0.469644745399045	0.891732299356748	sample_2022120210001
HROV.vOTU00473	Responder_Status	Responder	0.85154746409054	1.16326264468556	0.470231339272823	0.891906381449232	sample_2022120210001
HROV.vOTU61440	Responder_Status	Responder	0.526289358941795	0.719149741175236	0.470358731026869	0.891906381449232	sample_2022120210001
HROV.vOTU06299	Responder_Status	Responder	0.288098773680423	0.393691161512219	0.470378489529571	0.891906381449232	sample_2022120210001
HROV.vOTU03559	Responder_Status	Responder	-0.605976191404837	0.828766680726015	0.470745389937115	0.892037191310183	sample_2022120210001
HROV.vOTU06874	Responder_Status	Responder	-0.411815111694308	0.564665914090762	0.471870698254049	0.89263626673329	sample_2022120210001
HROV.vOTU63649	Responder_Status	Responder	-0.494631983746508	0.67863524764912	0.472138460438031	0.892667880577306	sample_2022120210001
HROV.vOTU17949	Responder_Status	Responder	0.766457662866805	1.05172839181533	0.472200315349906	0.892667880577306	sample_2022120210001
HROV.vOTU57710	Responder_Status	Responder	-0.613688434016222	0.84204304668844	0.472170937619384	0.892667880577306	sample_2022120210001
HROV.vOTU42917	Responder_Status	Responder	-0.222645052707206	0.305750012686991	0.472541811821549	0.892998155760223	sample_2022120210001
HROV.vOTU49591	Responder_Status	Responder	0.425053905021468	0.583872669228708	0.472663730025931	0.893008092783803	sample_2022120210001
HROV.vOTU33881	Responder_Status	Responder	-1.29330035510213	1.7793041750351	0.473346924605755	0.893464638759142	sample_2022120210001
HROV.vOTU67273	Responder_Status	Responder	-0.585856585845226	0.806190550765787	0.473443393535616	0.893464638759142	sample_2022120210001
HROV.vOTU31978	Responder_Status	Responder	-0.554698479937199	0.763393005237377	0.473488617351435	0.893464638759142	sample_2022120210001
HROV.vOTU42450	Responder_Status	Responder	0.724381420243996	0.996722847739371	0.473403755968803	0.893464638759142	sample_2022120210001
HROV.vOTU62317	Responder_Status	Responder	-0.656256168464468	0.90504262846331	0.474400875011736	0.894260025536092	sample_2022120210001
HROV.vOTU32825	Responder_Status	Responder	0.651880807011425	0.901984385907856	0.47584665901748	0.894368017527419	sample_2022120210001
HROV.vOTU46506	Responder_Status	Responder	-0.222702142760341	0.307342364402783	0.474705688537532	0.894368017527419	sample_2022120210001
HROV.vOTU13760	Responder_Status	Responder	-0.382657104252988	0.52958668626544	0.475943743678475	0.894368017527419	sample_2022120210001
HROV.vOTU70480	Responder_Status	Responder	0.364354324742688	0.503467141066896	0.47525899714807	0.894368017527419	sample_2022120210001
HROV.vOTU75934	Responder_Status	Responder	-0.524021041072359	0.726480018881267	0.47669596954282	0.894555010974962	sample_2022120210001
HROV.vOTU50822	Responder_Status	Responder	0.738353106692479	1.02378361409016	0.476765479281393	0.894555010974962	sample_2022120210001
HROV.vOTU12337	Responder_Status	Responder	-0.359841674576727	0.499740531907869	0.477458133474539	0.895127234134735	sample_2022120210001
HROV.vOTU08951	Responder_Status	Responder	-0.463302878589124	0.643635841393741	0.477600918692248	0.895154721969911	sample_2022120210001
HROV.vOTU69853	Responder_Status	Responder	-0.494853128446797	0.687410850003993	0.477565593619799	0.895154721969911	sample_2022120210001
HROV.vOTU58889	Responder_Status	Responder	-0.580505615996259	0.806809741796119	0.477791276232657	0.895198529795284	sample_2022120210001
HROV.vOTU24052	Responder_Status	Responder	-0.638274442615528	0.886988675267102	0.477736943623201	0.895198529795284	sample_2022120210001
HROV.vOTU13956	Responder_Status	Responder	-0.462354724773488	0.643005859037596	0.478067392768585	0.895308483955463	sample_2022120210001
HROV.vOTU63038	Responder_Status	Responder	-0.646196051550825	0.898999074158725	0.478223345035138	0.895375297335148	sample_2022120210001
HROV.vOTU29342	Responder_Status	Responder	-0.631126608338571	0.877921862798899	0.478167549254263	0.895375297335148	sample_2022120210001
HROV.vOTU22577	Responder_Status	Responder	-0.681905754425252	0.949914481021668	0.478790651866071	0.895429811739317	sample_2022120210001
HROV.vOTU44417	Responder_Status	Responder	-0.600233412192475	0.835490266417604	0.478450510515188	0.895429811739317	sample_2022120210001
HROV.vOTU15039	Responder_Status	Responder	0.743493539698361	1.03540408878243	0.478662732706294	0.895429811739317	sample_2022120210001
HROV.vOTU69935	Responder_Status	Responder	-0.840610747945249	1.17240125232484	0.479313457572406	0.896011405857442	sample_2022120210001
HROV.vOTU57826	Responder_Status	Responder	-0.568851360185178	0.794356480157514	0.479850120343749	0.896084267258698	sample_2022120210001
HROV.vOTU66463	Responder_Status	Responder	0.363615867899555	0.507960213683749	0.480020713396024	0.896084267258698	sample_2022120210001
HROV.vOTU48991	Responder_Status	Responder	0.442713344935767	0.619839257885968	0.480991776701531	0.89628707585166	sample_2022120210001
HROV.vOTU15004	Responder_Status	Responder	-0.894199318220444	1.24970428027333	0.480207128543302	0.89628707585166	sample_2022120210001
HROV.vOTU60831	Responder_Status	Responder	-0.529944909805571	0.741535192677269	0.48073606741775	0.89628707585166	sample_2022120210001
HROV.vOTU02851	Responder_Status	Responder	0.743264263001991	1.04052493434536	0.48094450345187	0.89628707585166	sample_2022120210001
HROV.vOTU29655	Responder_Status	Responder	-0.626845522513597	0.879109712689472	0.481718277770885	0.896538368147553	sample_2022120210001
HROV.vOTU26939	Responder_Status	Responder	-0.628328807609763	0.882394618748154	0.482311512050587	0.897097430962305	sample_2022120210001
HROV.vOTU04890	Responder_Status	Responder	-0.729786097211426	1.02723177625075	0.483307449612031	0.897344314526913	sample_2022120210001
HROV.vOTU15731	Responder_Status	Responder	-0.535824065499938	0.754500290939242	0.483471507690043	0.897344314526913	sample_2022120210001
HROV.vOTU32744	Responder_Status	Responder	0.425946534606317	0.599790095342345	0.483478499234372	0.897344314526913	sample_2022120210001
HROV.vOTU20351	Responder_Status	Responder	0.440161874906475	0.6198969046914	0.483541228626151	0.897381277847009	sample_2022120210001
HROV.vOTU44478	Responder_Status	Responder	-0.511421529801295	0.721533363240535	0.484309824972745	0.897500369528173	sample_2022120210001
HROV.vOTU73601	Responder_Status	Responder	-0.559285373621705	0.788912706482188	0.48422812348154	0.897500369528173	sample_2022120210001
HROV.vOTU49285	Responder_Status	Responder	-0.596457281504258	0.842856829095105	0.485004704847559	0.897611765646839	sample_2022120210001
HROV.vOTU25173	Responder_Status	Responder	0.242827682160784	0.343326103166195	0.485238016177443	0.897611765646839	sample_2022120210001
HROV.vOTU08849	Responder_Status	Responder	-0.351312265073665	0.496183734461799	0.484780213445123	0.897611765646839	sample_2022120210001
HROV.vOTU26544	Responder_Status	Responder	0.182214419885434	0.257415370161552	0.484882394400276	0.897611765646839	sample_2022120210001
HROV.vOTU75519	Responder_Status	Responder	0.678807156605291	0.960880860801641	0.485750425339879	0.897844786382273	sample_2022120210001
HROV.vOTU04413	Responder_Status	Responder	-0.431035122182543	0.609904928840094	0.485577517723713	0.897844786382273	sample_2022120210001
HROV.vOTU43100	Responder_Status	Responder	-0.861797579179685	1.2200356077935	0.485794337825155	0.897844786382273	sample_2022120210001
HROV.vOTU38884	Responder_Status	Responder	-0.538015024732885	0.761944034149678	0.485955044564306	0.897844786382273	sample_2022120210001
HROV.vOTU36038	Responder_Status	Responder	0.226135917287613	0.320327756322306	0.486050953106617	0.897844786382273	sample_2022120210001
HROV.vOTU56723	Responder_Status	Responder	0.319781599756831	0.453225184142021	0.486285354098484	0.897942121566754	sample_2022120210001
HROV.vOTU64011	Responder_Status	Responder	-0.620875848233426	0.887619017212082	0.490019926077339	0.898064690652489	sample_2022120210001
HROV.vOTU55361	Responder_Status	Responder	-0.840453864593397	1.19643713486297	0.488189212518997	0.898064690652489	sample_2022120210001
HROV.vOTU26109	Responder_Status	Responder	0.491090554262165	0.700329252950311	0.48894810421101	0.898064690652489	sample_2022120210001
HROV.vOTU74367	Responder_Status	Responder	-0.55903355722496	0.799238652176959	0.49003653945575	0.898064690652489	sample_2022120210001
HROV.vOTU54798	Responder_Status	Responder	0.541993405970022	0.772325974066357	0.488616666688307	0.898064690652489	sample_2022120210001
HROV.vOTU56750	Responder_Status	Responder	0.656516566346743	0.936787156793261	0.489200581315873	0.898064690652489	sample_2022120210001
HROV.vOTU72645	Responder_Status	Responder	-0.772009959142742	1.10063889146191	0.488830312189167	0.898064690652489	sample_2022120210001
HROV.vOTU04808	Responder_Status	Responder	-0.617173417737453	0.878060259485918	0.487932125385387	0.898064690652489	sample_2022120210001
HROV.vOTU59392	Responder_Status	Responder	-0.348674463074886	0.49614060124403	0.487999179362166	0.898064690652489	sample_2022120210001
HROV.vOTU27480	Responder_Status	Responder	0.48705096873679	0.69324680073941	0.488127113455998	0.898064690652489	sample_2022120210001
HROV.vOTU56795	Responder_Status	Responder	0.79428063645494	1.13488915307223	0.489779770391726	0.898064690652489	sample_2022120210001
HROV.vOTU29773	Responder_Status	Responder	-0.331558601324766	0.473546061695953	0.489603804132037	0.898064690652489	sample_2022120210001
HROV.vOTU56296	Responder_Status	Responder	-0.48059375468065	0.682204128999892	0.486957400354544	0.898064690652489	sample_2022120210001
HROV.vOTU17233	Responder_Status	Responder	0.251161659342896	0.358347707719045	0.489156993387238	0.898064690652489	sample_2022120210001
HROV.vOTU61630	Responder_Status	Responder	0.547874131993456	0.782821924448609	0.489782460822886	0.898064690652489	sample_2022120210001
HROV.vOTU05574	Responder_Status	Responder	-0.46079154709055	0.659695299503643	0.49063105887126	0.898377129879813	sample_2022120210001
HROV.vOTU19129	Responder_Status	Responder	-0.744431221235683	1.06676488143815	0.491032177597409	0.898469659068183	sample_2022120210001
HROV.vOTU23118	Responder_Status	Responder	0.351383576885069	0.503555031897803	0.491053304726769	0.898469659068183	sample_2022120210001
HROV.vOTU03570	Responder_Status	Responder	-0.476878699573131	0.684172878686798	0.491540473515253	0.898638755084682	sample_2022120210001
HROV.vOTU63797	Responder_Status	Responder	0.542284981411347	0.777971046308038	0.491518643739374	0.898638755084682	sample_2022120210001
HROV.vOTU51500	Responder_Status	Responder	-0.382127213715498	0.548646523619157	0.491863550386468	0.898657450847285	sample_2022120210001
HROV.vOTU20527	Responder_Status	Responder	0.841248471641173	1.21024930473966	0.492719152083496	0.898707697956535	sample_2022120210001
HROV.vOTU59140	Responder_Status	Responder	-0.257306328668279	0.370711361915052	0.493345933811445	0.898707697956535	sample_2022120210001
HROV.vOTU50467	Responder_Status	Responder	0.518283818311625	0.744997381139964	0.492360118599367	0.898707697956535	sample_2022120210001
HROV.vOTU44975	Responder_Status	Responder	0.276574023721331	0.397986762134808	0.492824509765271	0.898707697956535	sample_2022120210001
HROV.vOTU52384	Responder_Status	Responder	0.346017793884979	0.497401102283684	0.492381078658235	0.898707697956535	sample_2022120210001
HROV.vOTU35604	Responder_Status	Responder	-0.368812817953304	0.531957119485596	0.493824624638598	0.899190824261499	sample_2022120210001
HROV.vOTU43603	Responder_Status	Responder	-0.226883095499136	0.327629799227199	0.494328126708455	0.899402563872327	sample_2022120210001
HROV.vOTU25949	Responder_Status	Responder	-0.33839015246564	0.488854595574194	0.494506258043561	0.899462697021743	sample_2022120210001
HROV.vOTU01220	Responder_Status	Responder	-0.538216394652807	0.777451209592306	0.494461154267358	0.899462697021743	sample_2022120210001
HROV.vOTU49365	Responder_Status	Responder	-0.503653580149351	0.729375315246284	0.495547450108001	0.899982522587148	sample_2022120210001
HROV.vOTU43228	Responder_Status	Responder	0.581435503327535	0.841871721131101	0.495473860384554	0.899982522587148	sample_2022120210001
HROV.vOTU65890	Responder_Status	Responder	0.275070241491682	0.398151256761804	0.495336142052883	0.899982522587148	sample_2022120210001
HROV.vOTU21069	Responder_Status	Responder	0.615713899606859	0.891677301239289	0.495556916743205	0.899982522587148	sample_2022120210001
HROV.vOTU70683	Responder_Status	Responder	0.427235202174224	0.619123943805129	0.49583425712316	0.900229912664121	sample_2022120210001
HROV.vOTU31699	Responder_Status	Responder	-0.55185547802429	0.801268401377481	0.496662414846105	0.900685534524465	sample_2022120210001
HROV.vOTU10126	Responder_Status	Responder	0.247005074224281	0.358732050120261	0.496772151781323	0.900685534524465	sample_2022120210001
HROV.vOTU49692	Responder_Status	Responder	-0.405397520504207	0.589125270085821	0.497029869185282	0.900799486219068	sample_2022120210001
HROV.vOTU15078	Responder_Status	Responder	0.300966145026255	0.437424305542122	0.497087543221635	0.900806805540701	sample_2022120210001
HROV.vOTU36805	Responder_Status	Responder	-0.319191554858708	0.464263026101195	0.497409176974334	0.901019475359263	sample_2022120210001
HROV.vOTU44615	Responder_Status	Responder	-0.545709636555196	0.793596184788424	0.497335756478347	0.901019475359263	sample_2022120210001
HROV.vOTU04024	Responder_Status	Responder	0.833722522814072	1.21361988943056	0.497751305785691	0.901066764963029	sample_2022120210001
HROV.vOTU67791	Responder_Status	Responder	0.629944455531266	0.916690677949283	0.497613277567423	0.901066764963029	sample_2022120210001
HROV.vOTU53898	Responder_Status	Responder	-0.417383373045191	0.607588127475403	0.497764050931449	0.901066764963029	sample_2022120210001
HROV.vOTU22418	Responder_Status	Responder	0.74493837966921	1.08481192649946	0.497921067474732	0.901174524752516	sample_2022120210001
HROV.vOTU10823	Responder_Status	Responder	-0.749771094414766	1.09207920356503	0.498010711842003	0.901174524752516	sample_2022120210001
HROV.vOTU65305	Responder_Status	Responder	-0.455796918274011	0.663847039108722	0.497982442766247	0.901174524752516	sample_2022120210001
HROV.vOTU02709	Responder_Status	Responder	0.48409270652291	0.705088966305855	0.498000834865551	0.901174524752516	sample_2022120210001
HROV.vOTU57974	Responder_Status	Responder	-0.346009372089897	0.504341937790895	0.498316618804456	0.90127730200101	sample_2022120210001
HROV.vOTU66910	Responder_Status	Responder	-0.702079535773735	1.02331953121575	0.498304580405065	0.90127730200101	sample_2022120210001
HROV.vOTU07478	Responder_Status	Responder	0.362055957163513	0.528088402464584	0.498604696442596	0.901393344612456	sample_2022120210001
HROV.vOTU17535	Responder_Status	Responder	-0.357895364446976	0.522424677834938	0.498934791082526	0.901395772159335	sample_2022120210001
HROV.vOTU30563	Responder_Status	Responder	0.592126056594862	0.864060584205844	0.498799909058064	0.901395772159335	sample_2022120210001
HROV.vOTU43438	Responder_Status	Responder	0.383057876854573	0.559484368432967	0.49918564669069	0.901588208068665	sample_2022120210001
HROV.vOTU53569	Responder_Status	Responder	0.405923882642557	0.594036266086237	0.500013080107127	0.901684088363192	sample_2022120210001
HROV.vOTU35590	Responder_Status	Responder	0.534541178712025	0.782040307559517	0.49989522092249	0.901684088363192	sample_2022120210001
HROV.vOTU09885	Responder_Status	Responder	0.166933684184914	0.24403549926375	0.49956329749927	0.901684088363192	sample_2022120210001
HROV.vOTU41573	Responder_Status	Responder	-0.718632231620818	1.05330431964919	0.500677335487116	0.901783584017058	sample_2022120210001
HROV.vOTU20675	Responder_Status	Responder	0.451913899250715	0.662375998263	0.500679012922154	0.901783584017058	sample_2022120210001
HROV.vOTU12682	Responder_Status	Responder	0.450482080096899	0.660252816826834	0.500663220486041	0.901783584017058	sample_2022120210001
HROV.vOTU17126	Responder_Status	Responder	-0.317562587810056	0.465439228036608	0.500664108887551	0.901783584017058	sample_2022120210001
HROV.vOTU00854	Responder_Status	Responder	-0.431095027784864	0.632492345728983	0.501102802122399	0.901802516260734	sample_2022120210001
HROV.vOTU28920	Responder_Status	Responder	0.410394921045703	0.602133765874592	0.501111350519502	0.901802516260734	sample_2022120210001
HROV.vOTU70023	Responder_Status	Responder	-0.206168989377163	0.30381435998933	0.502960784551143	0.901965741374115	sample_2022120210001
HROV.vOTU61207	Responder_Status	Responder	0.677338521415974	0.998039639030095	0.502918901025018	0.901965741374115	sample_2022120210001
HROV.vOTU23954	Responder_Status	Responder	-0.809419922656244	1.18899596187454	0.501615141946654	0.901965741374115	sample_2022120210001
HROV.vOTU72947	Responder_Status	Responder	0.655012704001606	0.962056830846326	0.501560930167884	0.901965741374115	sample_2022120210001
HROV.vOTU75509	Responder_Status	Responder	-0.705163279769105	1.03698265443773	0.502079392623237	0.901965741374115	sample_2022120210001
HROV.vOTU10032	Responder_Status	Responder	0.70683470748341	1.03867230880959	0.501765779671679	0.901965741374115	sample_2022120210001
HROV.vOTU55389	Responder_Status	Responder	0.693701274373024	1.02090805118008	0.502403831885947	0.901965741374115	sample_2022120210001
HROV.vOTU49553	Responder_Status	Responder	-0.405080804904219	0.59651733298023	0.50266465462632	0.901965741374115	sample_2022120210001
HROV.vOTU70611	Responder_Status	Responder	0.549904422339717	0.81082438497797	0.503209107725318	0.901965741374115	sample_2022120210001
HROV.vOTU46735	Responder_Status	Responder	-0.313214985616489	0.46061543069371	0.502093206578587	0.901965741374115	sample_2022120210001
HROV.vOTU33743	Responder_Status	Responder	-0.405479238631545	0.596913284493008	0.502529230158812	0.901965741374115	sample_2022120210001
HROV.vOTU10158	Responder_Status	Responder	-0.257781830199541	0.380223500668987	0.503352491983078	0.902040717507294	sample_2022120210001
HROV.vOTU53362	Responder_Status	Responder	-0.552006715580632	0.81474169571871	0.503634115056319	0.902249689483789	sample_2022120210001
HROV.vOTU29735	Responder_Status	Responder	0.751751723903414	1.11027777387371	0.503908530538174	0.902436090144104	sample_2022120210001
HROV.vOTU70413	Responder_Status	Responder	0.680438766763832	1.00589670321	0.504305053619174	0.902436090144104	sample_2022120210001
HROV.vOTU63975	Responder_Status	Responder	0.859517621190817	1.2704236522518	0.504236354626335	0.902436090144104	sample_2022120210001
HROV.vOTU20938	Responder_Status	Responder	0.575887501518807	0.852869395019064	0.505064718092971	0.902451310394222	sample_2022120210001
HROV.vOTU29576	Responder_Status	Responder	-0.17229688013792	0.254983438898986	0.50476278879739	0.902451310394222	sample_2022120210001
HROV.vOTU67522	Responder_Status	Responder	-0.723694252701006	1.07137412749976	0.504910179574882	0.902451310394222	sample_2022120210001
HROV.vOTU10976	Responder_Status	Responder	-0.305885269438568	0.452487657597344	0.504581384896105	0.902451310394222	sample_2022120210001
HROV.vOTU06950	Responder_Status	Responder	-0.547701276300618	0.810250064960108	0.504607808950688	0.902451310394222	sample_2022120210001
HROV.vOTU64692	Responder_Status	Responder	0.344239650473733	0.509621102843367	0.50491064704146	0.902451310394222	sample_2022120210001
HROV.vOTU23074	Responder_Status	Responder	-0.460072578785684	0.68135720675878	0.505068246947882	0.902451310394222	sample_2022120210001
HROV.vOTU16355	Responder_Status	Responder	-0.624748581585986	0.925966749264102	0.505400487379297	0.902661631184317	sample_2022120210001
HROV.vOTU55368	Responder_Status	Responder	-0.563237729522438	0.835635785595609	0.505823528524128	0.902978835377293	sample_2022120210001
HROV.vOTU10006	Responder_Status	Responder	-0.442155672298332	0.656778643393633	0.506327300391497	0.903355483163583	sample_2022120210001
HROV.vOTU01582	Responder_Status	Responder	0.893786051878265	1.32883001646156	0.506707962668945	0.903573157864648	sample_2022120210001
HROV.vOTU40888	Responder_Status	Responder	-0.384883520654153	0.573330091184741	0.507522546795513	0.903876344645493	sample_2022120210001
HROV.vOTU19458	Responder_Status	Responder	0.327750755064357	0.488019992594094	0.507346512432384	0.903876344645493	sample_2022120210001
HROV.vOTU51319	Responder_Status	Responder	-0.395958711467371	0.590221693281077	0.507803571427552	0.904065476694257	sample_2022120210001
HROV.vOTU01917	Responder_Status	Responder	0.346566615248996	0.516567725893135	0.507779606351316	0.904065476694257	sample_2022120210001
HROV.vOTU67626	Responder_Status	Responder	-0.531314792435908	0.793899264681014	0.508819049225432	0.904313398012565	sample_2022120210001
HROV.vOTU04693	Responder_Status	Responder	0.272672947240107	0.408105354769673	0.509512638817549	0.904415438898367	sample_2022120210001
HROV.vOTU17386	Responder_Status	Responder	0.273648323237332	0.409762191981279	0.509714625409635	0.904415438898367	sample_2022120210001
HROV.vOTU42166	Responder_Status	Responder	0.386815429925828	0.578729631831465	0.509359496608578	0.904415438898367	sample_2022120210001
HROV.vOTU04431	Responder_Status	Responder	0.353644133056798	0.530355211406182	0.510353827834363	0.904774121794486	sample_2022120210001
HROV.vOTU32409	Responder_Status	Responder	0.365890559061024	0.548898395022536	0.510489444863626	0.904774121794486	sample_2022120210001
HROV.vOTU19365	Responder_Status	Responder	-0.460433777255129	0.691515806690878	0.51096668581758	0.905007751794531	sample_2022120210001
HROV.vOTU26023	Responder_Status	Responder	-0.554594272133743	0.833719996513718	0.511362313263172	0.905214842840558	sample_2022120210001
HROV.vOTU00029	Responder_Status	Responder	0.133059834429219	0.200176301501386	0.511671840905321	0.905415093742129	sample_2022120210001
HROV.vOTU33821	Responder_Status	Responder	0.663339801098753	0.999669610944898	0.512399476625541	0.905698578092535	sample_2022120210001
HROV.vOTU29883	Responder_Status	Responder	-0.610214336276266	0.919016886733066	0.512130244864751	0.905698578092535	sample_2022120210001
HROV.vOTU42910	Responder_Status	Responder	0.432458923232538	0.65293297866551	0.513173159095952	0.905698578092535	sample_2022120210001
HROV.vOTU39417	Responder_Status	Responder	0.540892139119674	0.815550062362523	0.512610980690521	0.905698578092535	sample_2022120210001
HROV.vOTU66093	Responder_Status	Responder	-0.771589650675733	1.16506363863732	0.513211193852201	0.905698578092535	sample_2022120210001
HROV.vOTU27190	Responder_Status	Responder	-0.331618169546453	0.499690299174689	0.512343745604557	0.905698578092535	sample_2022120210001
HROV.vOTU48924	Responder_Status	Responder	0.452661360970819	0.681947543594679	0.51226177423411	0.905698578092535	sample_2022120210001
HROV.vOTU60104	Responder_Status	Responder	0.592032099543601	0.893911425620576	0.513197697766013	0.905698578092535	sample_2022120210001
HROV.vOTU42319	Responder_Status	Responder	0.240985853992169	0.363637541299764	0.512935757450056	0.905698578092535	sample_2022120210001
HROV.vOTU59313	Responder_Status	Responder	-0.283430106763676	0.428573492068044	0.513803979021327	0.905746963859295	sample_2022120210001
HROV.vOTU67370	Responder_Status	Responder	0.896053772757819	1.35747511577844	0.514590801424029	0.906044482793377	sample_2022120210001
HROV.vOTU13976	Responder_Status	Responder	-0.453641177153589	0.686695585900113	0.514258267458386	0.906044482793377	sample_2022120210001
HROV.vOTU11476	Responder_Status	Responder	0.445806696194017	0.67528936233716	0.514538450805697	0.906044482793377	sample_2022120210001
HROV.vOTU21986	Responder_Status	Responder	0.387762898333636	0.587657348033951	0.514744626003664	0.906109629716705	sample_2022120210001
HROV.vOTU68967	Responder_Status	Responder	-0.53804057034396	0.816038410817869	0.515068918851055	0.906115695086699	sample_2022120210001
HROV.vOTU67099	Responder_Status	Responder	0.763743438445842	1.15907459286805	0.515326514536864	0.906115695086699	sample_2022120210001
HROV.vOTU54100	Responder_Status	Responder	-0.49053098091632	0.744716528867181	0.515480709952286	0.906187677648236	sample_2022120210001
HROV.vOTU25340	Responder_Status	Responder	-0.384981659356307	0.586000373543289	0.516567524158598	0.906695634150792	sample_2022120210001
HROV.vOTU14404	Responder_Status	Responder	-0.188160218227821	0.286105013719623	0.516126399602625	0.906695634150792	sample_2022120210001
HROV.vOTU22789	Responder_Status	Responder	0.730355463490225	1.11105747363923	0.51632253738458	0.906695634150792	sample_2022120210001
HROV.vOTU64884	Responder_Status	Responder	0.338630501809878	0.515801911927219	0.516854014851322	0.906862292694847	sample_2022120210001
HROV.vOTU50753	Responder_Status	Responder	-0.502946224171936	0.770700460474685	0.519347267157865	0.906862292694847	sample_2022120210001
HROV.vOTU34848	Responder_Status	Responder	0.821829092200911	1.25979514155606	0.519494608946481	0.906862292694847	sample_2022120210001
HROV.vOTU55067	Responder_Status	Responder	-0.547178755202559	0.8376830033093	0.518952314875064	0.906862292694847	sample_2022120210001
HROV.vOTU71213	Responder_Status	Responder	-0.430932521226074	0.658382602472164	0.518109924222858	0.906862292694847	sample_2022120210001
HROV.vOTU30360	Responder_Status	Responder	0.394115356694002	0.602334931321933	0.518249162387196	0.906862292694847	sample_2022120210001
HROV.vOTU63352	Responder_Status	Responder	-0.441662801950218	0.675740642448265	0.518702718978079	0.906862292694847	sample_2022120210001
HROV.vOTU13086	Responder_Status	Responder	0.332762249270552	0.508459833777344	0.518161106727842	0.906862292694847	sample_2022120210001
HROV.vOTU14422	Responder_Status	Responder	0.805694290460843	1.22971043751453	0.517692383919135	0.906862292694847	sample_2022120210001
HROV.vOTU49322	Responder_Status	Responder	0.508093527859817	0.776421638954133	0.518191100782194	0.906862292694847	sample_2022120210001
HROV.vOTU71891	Responder_Status	Responder	0.301059711596107	0.459223974865312	0.517442933853802	0.906862292694847	sample_2022120210001
HROV.vOTU65595	Responder_Status	Responder	-0.327506325902924	0.502464356804202	0.519844964061478	0.906862292694847	sample_2022120210001
HROV.vOTU70497	Responder_Status	Responder	-0.477862367259994	0.735003789411078	0.520894770281799	0.907062146539539	sample_2022120210001
HROV.vOTU29891	Responder_Status	Responder	0.323801849788212	0.497527893577076	0.520467244507089	0.907062146539539	sample_2022120210001
HROV.vOTU75402	Responder_Status	Responder	-0.230581219100058	0.35443449031825	0.520633025700469	0.907062146539539	sample_2022120210001
HROV.vOTU42245	Responder_Status	Responder	-0.392812891001815	0.603298734129462	0.520284750480573	0.907062146539539	sample_2022120210001
HROV.vOTU29143	Responder_Status	Responder	0.623835794672763	0.959336983647906	0.52081297912119	0.907062146539539	sample_2022120210001
HROV.vOTU11217	Responder_Status	Responder	-0.194783898035882	0.300293838569195	0.521853104339901	0.90727190661802	sample_2022120210001
HROV.vOTU23863	Responder_Status	Responder	0.642841889990163	0.99247721523209	0.522445592047306	0.90784775404672	sample_2022120210001
HROV.vOTU63834	Responder_Status	Responder	-0.274919517976234	0.424911469112273	0.522898425295084	0.908107630639238	sample_2022120210001
HROV.vOTU61213	Responder_Status	Responder	0.376931647390641	0.58382349378387	0.523777692506666	0.908322873757462	sample_2022120210001
HROV.vOTU49019	Responder_Status	Responder	0.483140812623422	0.748870452014799	0.524075578459348	0.908322873757462	sample_2022120210001
HROV.vOTU24427	Responder_Status	Responder	-0.638727037588501	0.990206541606278	0.524149101054223	0.908322873757462	sample_2022120210001
HROV.vOTU31167	Responder_Status	Responder	-0.528442777366043	0.818062344553749	0.52355891850522	0.908322873757462	sample_2022120210001
HROV.vOTU41205	Responder_Status	Responder	0.574863359592278	0.891142624009351	0.524122638577193	0.908322873757462	sample_2022120210001
HROV.vOTU75492	Responder_Status	Responder	-0.638060270320574	0.989419511345072	0.524251779869833	0.908425703213599	sample_2022120210001
HROV.vOTU16799	Responder_Status	Responder	0.595661278332816	0.924006821103737	0.524400676570868	0.908533491562687	sample_2022120210001
HROV.vOTU06939	Responder_Status	Responder	-0.887013642081404	1.37618406647738	0.524467432454164	0.908543028351543	sample_2022120210001
HROV.vOTU72046	Responder_Status	Responder	0.710286623453238	1.10295402050531	0.524825238058262	0.9085846642116	sample_2022120210001
HROV.vOTU42023	Responder_Status	Responder	-0.61563521185044	0.956764634060955	0.525164249204396	0.9085846642116	sample_2022120210001
HROV.vOTU11401	Responder_Status	Responder	-0.245868600502795	0.381869782058907	0.524909039139456	0.9085846642116	sample_2022120210001
HROV.vOTU28607	Responder_Status	Responder	0.573596099894164	0.892020257194724	0.525435866215583	0.9085846642116	sample_2022120210001
HROV.vOTU71476	Responder_Status	Responder	-0.478602409710609	0.745669667515536	0.526195696232043	0.908837806063134	sample_2022120210001
HROV.vOTU44759	Responder_Status	Responder	-0.397317174550161	0.618651022503276	0.52594675746318	0.908837806063134	sample_2022120210001
HROV.vOTU67503	Responder_Status	Responder	-0.518417464483154	0.808587350162525	0.526645421474165	0.908966405969903	sample_2022120210001
HROV.vOTU69656	Responder_Status	Responder	-0.66610853619661	1.04028651551679	0.527175066409503	0.909133514530328	sample_2022120210001
HROV.vOTU29531	Responder_Status	Responder	-0.44735011747259	0.703481316114789	0.529999610706099	0.909133514530328	sample_2022120210001
HROV.vOTU72401	Responder_Status	Responder	0.56595458455697	0.889000190634548	0.529543543044102	0.909133514530328	sample_2022120210001
HROV.vOTU07438	Responder_Status	Responder	-0.438708348994533	0.68961356290659	0.529834886449505	0.909133514530328	sample_2022120210001
HROV.vOTU26417	Responder_Status	Responder	-0.471395749109378	0.740023719586643	0.529298522625134	0.909133514530328	sample_2022120210001
HROV.vOTU57768	Responder_Status	Responder	-0.295785108234544	0.464847981768687	0.529745272725547	0.909133514530328	sample_2022120210001
HROV.vOTU21175	Responder_Status	Responder	-0.538085298796223	0.844714745655384	0.529297553329466	0.909133514530328	sample_2022120210001
HROV.vOTU18567	Responder_Status	Responder	0.619785314803891	0.974800971246885	0.530065125485153	0.909133514530328	sample_2022120210001
HROV.vOTU01432	Responder_Status	Responder	0.677474587286443	1.0593642395548	0.527688912587	0.909133514530328	sample_2022120210001
HROV.vOTU43519	Responder_Status	Responder	0.351641634234277	0.552287645206357	0.52949155767159	0.909133514530328	sample_2022120210001
HROV.vOTU70339	Responder_Status	Responder	0.267279577710352	0.420795753119139	0.530470249037551	0.909204057553934	sample_2022120210001
HROV.vOTU50677	Responder_Status	Responder	-0.336732682316149	0.530682971534456	0.53088773356256	0.909347765919396	sample_2022120210001
HROV.vOTU39131	Responder_Status	Responder	0.384548462971506	0.605721561345472	0.530673597584861	0.909347765919396	sample_2022120210001
HROV.vOTU56612	Responder_Status	Responder	0.30672055071852	0.483528121537485	0.531008878557121	0.909383617497937	sample_2022120210001
HROV.vOTU05876	Responder_Status	Responder	0.692137868096199	1.09182792735023	0.531274356745225	0.909615301207312	sample_2022120210001
HROV.vOTU10969	Responder_Status	Responder	0.450601346864637	0.711219375157777	0.531508556981508	0.909793332326043	sample_2022120210001
HROV.vOTU74463	Responder_Status	Responder	0.433989159225376	0.686245586727063	0.532249186609676	0.91042851013903	sample_2022120210001
HROV.vOTU49528	Responder_Status	Responder	0.506488359622823	0.802408230457087	0.533022389089043	0.9105256133094	sample_2022120210001
HROV.vOTU07160	Responder_Status	Responder	0.670355311150391	1.06056726961288	0.532467101745712	0.9105256133094	sample_2022120210001
HROV.vOTU34262	Responder_Status	Responder	-0.70252622764088	1.11494674527672	0.533739019098056	0.910858967618893	sample_2022120210001
HROV.vOTU04421	Responder_Status	Responder	-0.433768819214524	0.688400788204509	0.533731018241	0.910858967618893	sample_2022120210001
HROV.vOTU04797	Responder_Status	Responder	0.592442395440197	0.940194182554584	0.533720168355944	0.910858967618893	sample_2022120210001
HROV.vOTU16406	Responder_Status	Responder	0.408181263435945	0.647773897855807	0.533719184283312	0.910858967618893	sample_2022120210001
HROV.vOTU43747	Responder_Status	Responder	0.624881066581151	0.992291658326338	0.533973210146288	0.910920562962376	sample_2022120210001
HROV.vOTU16732	Responder_Status	Responder	0.652094978705266	1.03528888529234	0.533887846767574	0.910920562962376	sample_2022120210001
HROV.vOTU68703	Responder_Status	Responder	-0.377601809620179	0.600441951602955	0.534529375424166	0.91097747908243	sample_2022120210001
HROV.vOTU33140	Responder_Status	Responder	-0.54226766827933	0.861891094437436	0.534344084224671	0.91097747908243	sample_2022120210001
HROV.vOTU51876	Responder_Status	Responder	-0.289099331323602	0.460695428099271	0.535397649905411	0.911511541745819	sample_2022120210001
HROV.vOTU52713	Responder_Status	Responder	-0.392549619377931	0.626920153693546	0.536284386320699	0.911547819867408	sample_2022120210001
HROV.vOTU69519	Responder_Status	Responder	0.567932601255446	0.90679544717576	0.536186394144929	0.911547819867408	sample_2022120210001
HROV.vOTU71347	Responder_Status	Responder	0.887691313496608	1.41636124613773	0.535906274100414	0.911547819867408	sample_2022120210001
HROV.vOTU09380	Responder_Status	Responder	-0.656756500747299	1.04937495329152	0.536478804422277	0.911547819867408	sample_2022120210001
HROV.vOTU41035	Responder_Status	Responder	-0.200580340303748	0.319879234198349	0.535706338862832	0.911547819867408	sample_2022120210001
HROV.vOTU64423	Responder_Status	Responder	-0.332337142191975	0.530650160193539	0.536202134261764	0.911547819867408	sample_2022120210001
HROV.vOTU40926	Responder_Status	Responder	-0.575935068113984	0.918276752663942	0.535615280041991	0.911547819867408	sample_2022120210001
HROV.vOTU48889	Responder_Status	Responder	0.207499215021274	0.331353578446719	0.536244810803726	0.911547819867408	sample_2022120210001
HROV.vOTU29849	Responder_Status	Responder	-0.428098097463045	0.684883170502425	0.536988135565693	0.911559845743167	sample_2022120210001
HROV.vOTU42257	Responder_Status	Responder	0.627145815528513	1.00423741506591	0.537355468377596	0.911833761107061	sample_2022120210001
HROV.vOTU41807	Responder_Status	Responder	0.649624620969598	1.04039068409855	0.537416978562407	0.911864313985918	sample_2022120210001
HROV.vOTU48056	Responder_Status	Responder	-0.44060677151326	0.707553019811144	0.538508220788084	0.912279744522931	sample_2022120210001
HROV.vOTU54940	Responder_Status	Responder	0.401035391763571	0.643984741462754	0.538494338262208	0.912279744522931	sample_2022120210001
HROV.vOTU47188	Responder_Status	Responder	0.492412351064703	0.795424963163716	0.540884176086824	0.912373195097725	sample_2022120210001
HROV.vOTU30321	Responder_Status	Responder	0.456849467514443	0.737141384260557	0.540428081348653	0.912373195097725	sample_2022120210001
HROV.vOTU44842	Responder_Status	Responder	-0.428844908741215	0.692528097763431	0.540760936974657	0.912373195097725	sample_2022120210001
HROV.vOTU14097	Responder_Status	Responder	0.685535585098067	1.10760563437188	0.540962727483028	0.912373195097725	sample_2022120210001
HROV.vOTU22382	Responder_Status	Responder	0.472365775775269	0.760947519680782	0.539778138245152	0.912373195097725	sample_2022120210001
HROV.vOTU37908	Responder_Status	Responder	0.585513530472381	0.941693479445922	0.539125456841253	0.912373195097725	sample_2022120210001
HROV.vOTU23382	Responder_Status	Responder	-0.132956129872886	0.214897324057203	0.541117712156721	0.912373195097725	sample_2022120210001
HROV.vOTU47236	Responder_Status	Responder	-0.399162847650372	0.644916222854619	0.540960910306061	0.912373195097725	sample_2022120210001
HROV.vOTU22834	Responder_Status	Responder	-0.818224814646018	1.32137211646865	0.540775148265267	0.912373195097725	sample_2022120210001
HROV.vOTU02754	Responder_Status	Responder	-0.238532123828938	0.384431667589751	0.539959824986922	0.912373195097725	sample_2022120210001
HROV.vOTU42914	Responder_Status	Responder	0.396000134914235	0.637834809991997	0.539719358880655	0.912373195097725	sample_2022120210001
HROV.vOTU53162	Responder_Status	Responder	0.540567259477372	0.870087382701157	0.539441375696618	0.912373195097725	sample_2022120210001
HROV.vOTU49629	Responder_Status	Responder	0.407906651348023	0.656788281303964	0.539581865890115	0.912373195097725	sample_2022120210001
HROV.vOTU34692	Responder_Status	Responder	-0.572639005179627	0.92025907207757	0.538806656669507	0.912373195097725	sample_2022120210001
HROV.vOTU01552	Responder_Status	Responder	-0.19644342302998	0.3160383884435	0.539245825996284	0.912373195097725	sample_2022120210001
HROV.vOTU12546	Responder_Status	Responder	0.207704149169728	0.335843119533776	0.541273725110311	0.912373195097725	sample_2022120210001
HROV.vOTU46569	Responder_Status	Responder	0.193661912584005	0.31245450353109	0.540395572269215	0.912373195097725	sample_2022120210001
HROV.vOTU25315	Responder_Status	Responder	0.478904335737527	0.77402087990712	0.541100377579388	0.912373195097725	sample_2022120210001
HROV.vOTU42674	Responder_Status	Responder	0.16307819233188	0.26248215223653	0.539432802026794	0.912373195097725	sample_2022120210001
HROV.vOTU24413	Responder_Status	Responder	0.269234936017865	0.435350825604011	0.541289150390413	0.912373195097725	sample_2022120210001
HROV.vOTU62816	Responder_Status	Responder	-0.508987785509831	0.824364666636565	0.541940067991318	0.912638890888531	sample_2022120210001
HROV.vOTU21834	Responder_Status	Responder	-0.761827031325258	1.23778414944281	0.543210855658799	0.912946639564029	sample_2022120210001
HROV.vOTU12914	Responder_Status	Responder	0.195009895910683	0.316497521511127	0.54277273734607	0.912946639564029	sample_2022120210001
HROV.vOTU21814	Responder_Status	Responder	-0.555869804045165	0.904073057338154	0.543618291887924	0.91321947567291	sample_2022120210001
HROV.vOTU61142	Responder_Status	Responder	0.414665300347306	0.674672988720768	0.543770526546883	0.913269847774221	sample_2022120210001
HROV.vOTU52786	Responder_Status	Responder	-0.876010377047527	1.42972166022655	0.545010247625926	0.914145667434631	sample_2022120210001
HROV.vOTU56474	Responder_Status	Responder	0.209911323348602	0.342461065831272	0.544856716899519	0.914145667434631	sample_2022120210001
HROV.vOTU05029	Responder_Status	Responder	0.719847102008133	1.1747728409916	0.544983934360365	0.914145667434631	sample_2022120210001
HROV.vOTU70272	Responder_Status	Responder	-0.361909721337973	0.590617019271519	0.544976641770215	0.914145667434631	sample_2022120210001
HROV.vOTU70281	Responder_Status	Responder	-0.637750007180215	1.04057644321629	0.544901039367621	0.914145667434631	sample_2022120210001
HROV.vOTU63000	Responder_Status	Responder	0.347277469480507	0.567227925219662	0.545321734008588	0.914178750589821	sample_2022120210001
HROV.vOTU27058	Responder_Status	Responder	-0.291480337921373	0.476606101234338	0.545753051698823	0.914232302646056	sample_2022120210001
HROV.vOTU52822	Responder_Status	Responder	0.320965729323358	0.524570918704861	0.545564889965661	0.914232302646056	sample_2022120210001
HROV.vOTU61538	Responder_Status	Responder	-0.789565363578365	1.29247533603908	0.54619739747242	0.914310842581154	sample_2022120210001
HROV.vOTU45767	Responder_Status	Responder	-0.565358290252583	0.92603454895358	0.546444534951331	0.914321674816267	sample_2022120210001
HROV.vOTU22815	Responder_Status	Responder	-0.628260644500119	1.0302985568107	0.546921388965622	0.91439045988588	sample_2022120210001
HROV.vOTU33222	Responder_Status	Responder	-0.623869113500747	1.0226272785077	0.546738557015948	0.91439045988588	sample_2022120210001
HROV.vOTU09276	Responder_Status	Responder	-0.410399073277474	0.672956718901797	0.546882438389039	0.91439045988588	sample_2022120210001
HROV.vOTU73846	Responder_Status	Responder	0.404736614112536	0.663459257928516	0.546754954325298	0.91439045988588	sample_2022120210001
HROV.vOTU00253	Responder_Status	Responder	-0.46747977743826	0.766824381248628	0.547022114132319	0.914466702202377	sample_2022120210001
HROV.vOTU31555	Responder_Status	Responder	0.597765779319502	0.982084978517008	0.54764980764656	0.914713110859649	sample_2022120210001
HROV.vOTU23194	Responder_Status	Responder	0.510590194848156	0.839664617119123	0.5480301583677	0.914801483309418	sample_2022120210001
HROV.vOTU17050	Responder_Status	Responder	0.576193447655727	0.949997012112852	0.549055117882003	0.914809063486615	sample_2022120210001
HROV.vOTU60097	Responder_Status	Responder	0.282834609391396	0.465834014727353	0.548638873584674	0.914809063486615	sample_2022120210001
HROV.vOTU13303	Responder_Status	Responder	0.41786695610178	0.688737600555155	0.548928831658318	0.914809063486615	sample_2022120210001
HROV.vOTU10672	Responder_Status	Responder	-0.545764114971721	0.899837865018348	0.549060019974314	0.914809063486615	sample_2022120210001
HROV.vOTU31292	Responder_Status	Responder	0.470649874108501	0.777266810898484	0.549711236728727	0.914845618549614	sample_2022120210001
HROV.vOTU04455	Responder_Status	Responder	0.500065552135604	0.825241911120575	0.549420976407483	0.914845618549614	sample_2022120210001
HROV.vOTU18901	Responder_Status	Responder	-0.520403735328124	0.858846552546634	0.549440006589439	0.914845618549614	sample_2022120210001
HROV.vOTU14865	Responder_Status	Responder	0.396605463327506	0.65471715993895	0.549549478469658	0.914845618549614	sample_2022120210001
HROV.vOTU46316	Responder_Status	Responder	-0.286218167006208	0.473378320092327	0.550294380562282	0.914955678834137	sample_2022120210001
HROV.vOTU57492	Responder_Status	Responder	-0.400247892303216	0.662709583472363	0.55073483719204	0.914955678834137	sample_2022120210001
HROV.vOTU74522	Responder_Status	Responder	-0.549140245601395	0.90794026811268	0.550169250100723	0.914955678834137	sample_2022120210001
HROV.vOTU59165	Responder_Status	Responder	0.358957501548996	0.59341005482741	0.550112555942263	0.914955678834137	sample_2022120210001
HROV.vOTU51836	Responder_Status	Responder	-0.487730329513106	0.80971473413868	0.551789598035183	0.915511237334873	sample_2022120210001
HROV.vOTU07068	Responder_Status	Responder	-0.540787857187305	0.898050801545873	0.551900332570321	0.91552166024789	sample_2022120210001
HROV.vOTU75484	Responder_Status	Responder	0.735993248634244	1.22297482364948	0.552145685340539	0.915596201732045	sample_2022120210001
HROV.vOTU28914	Responder_Status	Responder	-0.340542944812775	0.565776540157504	0.552081436645207	0.915596201732045	sample_2022120210001
HROV.vOTU62186	Responder_Status	Responder	0.320338691129925	0.533274107876115	0.552870517936573	0.916205412393308	sample_2022120210001
HROV.vOTU32051	Responder_Status	Responder	-0.699779504331462	1.16845855391312	0.554060356864427	0.91626871586606	sample_2022120210001
HROV.vOTU18560	Responder_Status	Responder	-0.310855311069111	0.520725766822095	0.555327276437675	0.91626871586606	sample_2022120210001
HROV.vOTU04488	Responder_Status	Responder	0.546210625322133	0.91100459453718	0.553614389423807	0.91626871586606	sample_2022120210001
HROV.vOTU01454	Responder_Status	Responder	0.535554024403909	0.895722443705855	0.554711109142711	0.91626871586606	sample_2022120210001
HROV.vOTU63385	Responder_Status	Responder	-0.371907766488675	0.62022543201175	0.55357255769228	0.91626871586606	sample_2022120210001
HROV.vOTU18413	Responder_Status	Responder	-0.284026406682277	0.475514642885433	0.555104999906054	0.91626871586606	sample_2022120210001
HROV.vOTU73429	Responder_Status	Responder	-0.50992571072426	0.855813167122965	0.556069978897265	0.91651962741565	sample_2022120210001
HROV.vOTU17167	Responder_Status	Responder	0.522706944258952	0.87723048692745	0.556054969242456	0.91651962741565	sample_2022120210001
HROV.vOTU36670	Responder_Status	Responder	-0.465107249366462	0.780818337669261	0.556182797933498	0.916554830054804	sample_2022120210001
HROV.vOTU54265	Responder_Status	Responder	0.559335930317886	0.939936410066214	0.556570200083043	0.916827365116361	sample_2022120210001
HROV.vOTU16618	Responder_Status	Responder	0.559039810430481	0.940449621150366	0.556991819056736	0.916945376015488	sample_2022120210001
HROV.vOTU42430	Responder_Status	Responder	-0.521039852657713	0.876924580079984	0.557170925997116	0.917024154605382	sample_2022120210001
HROV.vOTU33217	Responder_Status	Responder	-0.322021871211963	0.542659984148708	0.55766793185328	0.917154506240211	sample_2022120210001
HROV.vOTU23013	Responder_Status	Responder	0.691228056194516	1.16609195760035	0.558090570452976	0.917529089081055	sample_2022120210001
HROV.vOTU11722	Responder_Status	Responder	-0.605511325096227	1.02170782939628	0.558174347544399	0.917594848982792	sample_2022120210001
HROV.vOTU75566	Responder_Status	Responder	-0.382296755424942	0.645423036463735	0.558389932750441	0.917733316901846	sample_2022120210001
HROV.vOTU21695	Responder_Status	Responder	-0.462510258636037	0.781030110153744	0.558482264806854	0.917802181270905	sample_2022120210001
HROV.vOTU43318	Responder_Status	Responder	-0.279228889468561	0.471884030076397	0.558777940413656	0.917817969762409	sample_2022120210001
HROV.vOTU52452	Responder_Status	Responder	-0.783132260874715	1.32840379339362	0.560233917096168	0.917905993924579	sample_2022120210001
HROV.vOTU21435	Responder_Status	Responder	0.631288947269329	1.06886362432851	0.559514588822625	0.917905993924579	sample_2022120210001
HROV.vOTU07041	Responder_Status	Responder	0.471216466610234	0.798488885049301	0.559832920962614	0.917905993924579	sample_2022120210001
HROV.vOTU40808	Responder_Status	Responder	-0.559607058864357	0.949229316780372	0.560227603687295	0.917905993924579	sample_2022120210001
HROV.vOTU28595	Responder_Status	Responder	-0.701174647203029	1.18746262996582	0.559604124417883	0.917905993924579	sample_2022120210001
HROV.vOTU00724	Responder_Status	Responder	-0.45982448028386	0.778297203966733	0.559388100808916	0.917905993924579	sample_2022120210001
HROV.vOTU15513	Responder_Status	Responder	0.430708696827839	0.730505773480358	0.56018456242644	0.917905993924579	sample_2022120210001
HROV.vOTU35803	Responder_Status	Responder	0.530881433165045	0.898795047079765	0.559486748162316	0.917905993924579	sample_2022120210001
HROV.vOTU60030	Responder_Status	Responder	-0.178541592643548	0.303101905556189	0.560551839995542	0.917990990655406	sample_2022120210001
HROV.vOTU36109	Responder_Status	Responder	-0.400027758477568	0.679410079385486	0.560724604777972	0.917990990655406	sample_2022120210001
HROV.vOTU56072	Responder_Status	Responder	0.753530133585572	1.28086839695423	0.561049224930527	0.918287658483824	sample_2022120210001
HROV.vOTU11831	Responder_Status	Responder	0.547981143345625	0.932919535431038	0.561653729461407	0.91831497027426	sample_2022120210001
HROV.vOTU32303	Responder_Status	Responder	0.549784633713193	0.935570791304447	0.561479509903013	0.91831497027426	sample_2022120210001
HROV.vOTU09485	Responder_Status	Responder	0.409459661049786	0.696986875014845	0.56159543155666	0.91831497027426	sample_2022120210001
HROV.vOTU37732	Responder_Status	Responder	-0.22399522262769	0.381885623947761	0.562205104011018	0.91831497027426	sample_2022120210001
HROV.vOTU27268	Responder_Status	Responder	-0.647395856472814	1.10233797181295	0.561713081216489	0.91831497027426	sample_2022120210001
HROV.vOTU38489	Responder_Status	Responder	-0.2176622219238	0.371048972219736	0.562163606907059	0.91831497027426	sample_2022120210001
HROV.vOTU35902	Responder_Status	Responder	-0.423216135224328	0.721417560956248	0.562142416771064	0.91831497027426	sample_2022120210001
HROV.vOTU49589	Responder_Status	Responder	0.549941352225302	0.939051951046403	0.562812022574959	0.918721507820942	sample_2022120210001
HROV.vOTU27937	Responder_Status	Responder	-0.7522047033372	1.28710316638665	0.56361953522668	0.918721507820942	sample_2022120210001
HROV.vOTU22903	Responder_Status	Responder	-0.321672383139252	0.550070535920427	0.563376069068865	0.918721507820942	sample_2022120210001
HROV.vOTU19194	Responder_Status	Responder	-0.494956300748141	0.848227355092622	0.564215579435167	0.918911645316489	sample_2022120210001
HROV.vOTU10958	Responder_Status	Responder	-0.704394505548878	1.20675964885323	0.564090196416308	0.918911645316489	sample_2022120210001
HROV.vOTU65229	Responder_Status	Responder	0.594881045041944	1.01875842662245	0.563944143573569	0.918911645316489	sample_2022120210001
HROV.vOTU67751	Responder_Status	Responder	-0.281961486472718	0.482754724560796	0.563851052615967	0.918911645316489	sample_2022120210001
HROV.vOTU06005	Responder_Status	Responder	0.477364708655807	0.818918212945482	0.564612077901352	0.919095731471344	sample_2022120210001
HROV.vOTU27418	Responder_Status	Responder	-0.173005022346375	0.297082079231946	0.564992921852154	0.919147813735176	sample_2022120210001
HROV.vOTU60005	Responder_Status	Responder	0.554176466432244	0.951544094462195	0.56496005610159	0.919147813735176	sample_2022120210001
HROV.vOTU43948	Responder_Status	Responder	-0.281259843114529	0.483285595316454	0.565240772812356	0.919195631722772	sample_2022120210001
HROV.vOTU18912	Responder_Status	Responder	0.295159118900507	0.507587786549945	0.565560108554924	0.919353177858787	sample_2022120210001
HROV.vOTU02362	Responder_Status	Responder	-0.288615647145446	0.496982566469844	0.566063738483184	0.91939722871263	sample_2022120210001
HROV.vOTU12872	Responder_Status	Responder	0.369776292331153	0.636554732918597	0.565952974242679	0.91939722871263	sample_2022120210001
HROV.vOTU33744	Responder_Status	Responder	0.41138356447074	0.70816280391031	0.56594362718399	0.91939722871263	sample_2022120210001
HROV.vOTU60573	Responder_Status	Responder	0.451774078820563	0.778243249531742	0.566217297856049	0.919494426517609	sample_2022120210001
HROV.vOTU72056	Responder_Status	Responder	-0.182152079350386	0.314370057346917	0.566939345545897	0.919885226007555	sample_2022120210001
HROV.vOTU65849	Responder_Status	Responder	-0.344355124819252	0.594150722205755	0.566835521075579	0.919885226007555	sample_2022120210001
HROV.vOTU23521	Responder_Status	Responder	0.327903277982201	0.566099130296721	0.567063319291458	0.919941731605956	sample_2022120210001
HROV.vOTU44891	Responder_Status	Responder	-0.622906594872845	1.07602540449754	0.567287672354259	0.920079422313001	sample_2022120210001
HROV.vOTU24461	Responder_Status	Responder	0.324545391458151	0.560868920048246	0.567452938494706	0.920079422313001	sample_2022120210001
HROV.vOTU22499	Responder_Status	Responder	-0.481257789786786	0.833480930494044	0.568278841892333	0.920214164399876	sample_2022120210001
HROV.vOTU34645	Responder_Status	Responder	0.445104632969368	0.770527172510056	0.56810874226883	0.920214164399876	sample_2022120210001
HROV.vOTU75616	Responder_Status	Responder	-0.36401460637108	0.629846439642689	0.567922710968058	0.920214164399876	sample_2022120210001
HROV.vOTU06659	Responder_Status	Responder	-0.474459261290736	0.820611616910361	0.567765728401179	0.920214164399876	sample_2022120210001
HROV.vOTU48553	Responder_Status	Responder	-0.219239573872791	0.380021576785943	0.568607658421687	0.920319202169727	sample_2022120210001
HROV.vOTU56271	Responder_Status	Responder	-0.444870046802103	0.771941927238657	0.569016556355718	0.92033235752881	sample_2022120210001
HROV.vOTU13246	Responder_Status	Responder	-0.47853576739948	0.830149052997602	0.568919443521155	0.92033235752881	sample_2022120210001
HROV.vOTU37715	Responder_Status	Responder	-0.538012037548099	0.933925259903213	0.569165712528652	0.920414026608544	sample_2022120210001
HROV.vOTU24834	Responder_Status	Responder	0.175713270564066	0.305617218421805	0.569919575820664	0.920798143004787	sample_2022120210001
HROV.vOTU19405	Responder_Status	Responder	0.349441596548022	0.608000641386516	0.570057477991385	0.92082705864422	sample_2022120210001
HROV.vOTU38896	Responder_Status	Responder	0.206390029668287	0.359113314545871	0.570069270656841	0.92082705864422	sample_2022120210001
HROV.vOTU35245	Responder_Status	Responder	-0.332613796615797	0.579063954798892	0.57028418474261	0.920845535301254	sample_2022120210001
HROV.vOTU67635	Responder_Status	Responder	0.515399991681822	0.900294431983728	0.571565840537593	0.921273562146805	sample_2022120210001
HROV.vOTU16750	Responder_Status	Responder	-0.732349380975609	1.27973546806625	0.571708236639877	0.921273562146805	sample_2022120210001
HROV.vOTU32540	Responder_Status	Responder	0.260510630852829	0.454757473063905	0.571314154102935	0.921273562146805	sample_2022120210001
HROV.vOTU09000	Responder_Status	Responder	-0.378685815220276	0.662656423749844	0.572242784166803	0.921273562146805	sample_2022120210001
HROV.vOTU04672	Responder_Status	Responder	-0.156236774750148	0.273872928024242	0.572907727110925	0.921273562146805	sample_2022120210001
HROV.vOTU63277	Responder_Status	Responder	-0.466623938961363	0.82689043192359	0.5770349567526	0.922098138202938	sample_2022120210001
HROV.vOTU04981	Responder_Status	Responder	-0.50426722690032	0.887309977559704	0.574354352896799	0.922098138202938	sample_2022120210001
HROV.vOTU33272	Responder_Status	Responder	-0.397022517480075	0.70207636947866	0.576239241164076	0.922098138202938	sample_2022120210001
HROV.vOTU07581	Responder_Status	Responder	-0.483548882412918	0.852464166201464	0.575073432917602	0.922098138202938	sample_2022120210001
HROV.vOTU00780	Responder_Status	Responder	-0.479934689223258	0.849878242216488	0.576767687740562	0.922098138202938	sample_2022120210001
HROV.vOTU28339	Responder_Status	Responder	0.395500497822743	0.697220261846945	0.575062245313288	0.922098138202938	sample_2022120210001
HROV.vOTU03613	Responder_Status	Responder	0.418104638041309	0.736693868608307	0.574868888114002	0.922098138202938	sample_2022120210001
HROV.vOTU19022	Responder_Status	Responder	-0.841509949423662	1.49092852369535	0.576962231129971	0.922098138202938	sample_2022120210001
HROV.vOTU36004	Responder_Status	Responder	-0.407875667241288	0.722419260121489	0.576843549927004	0.922098138202938	sample_2022120210001
HROV.vOTU56372	Responder_Status	Responder	-0.286825030997693	0.505349812725149	0.574845240622208	0.922098138202938	sample_2022120210001
HROV.vOTU22982	Responder_Status	Responder	-0.42880465851153	0.758803659257583	0.57650180536132	0.922098138202938	sample_2022120210001
HROV.vOTU72891	Responder_Status	Responder	-0.273210210209631	0.483301975933816	0.576372351196827	0.922098138202938	sample_2022120210001
HROV.vOTU65351	Responder_Status	Responder	0.148370517229479	0.262615606612429	0.576591712318139	0.922098138202938	sample_2022120210001
HROV.vOTU28582	Responder_Status	Responder	0.166957245393054	0.295618711558385	0.576725873324034	0.922098138202938	sample_2022120210001
HROV.vOTU67775	Responder_Status	Responder	0.185243012546389	0.325904887888646	0.574296881402306	0.922098138202938	sample_2022120210001
HROV.vOTU50000	Responder_Status	Responder	-0.605802680912571	1.07233347594835	0.57661418881101	0.922098138202938	sample_2022120210001
HROV.vOTU52595	Responder_Status	Responder	0.78855717834688	1.400759447005	0.577949444217779	0.922307630374629	sample_2022120210001
HROV.vOTU22940	Responder_Status	Responder	0.371284330464737	0.659796513576556	0.578100078848462	0.922307630374629	sample_2022120210001
HROV.vOTU24358	Responder_Status	Responder	0.295176018997971	0.524380569784348	0.577980048351926	0.922307630374629	sample_2022120210001
HROV.vOTU06637	Responder_Status	Responder	-0.478943851506288	0.850014578623804	0.577610984583224	0.922307630374629	sample_2022120210001
HROV.vOTU75708	Responder_Status	Responder	-0.441647505201863	0.784636995018744	0.578003973224121	0.922307630374629	sample_2022120210001
HROV.vOTU46852	Responder_Status	Responder	-0.318577871081333	0.566196262990907	0.57814185788999	0.922307630374629	sample_2022120210001
HROV.vOTU23838	Responder_Status	Responder	0.326646864454016	0.580424195108231	0.578068408748557	0.922307630374629	sample_2022120210001
HROV.vOTU63708	Responder_Status	Responder	0.48874314807308	0.868828040237554	0.578230418845131	0.922352327168488	sample_2022120210001
HROV.vOTU02808	Responder_Status	Responder	0.466998165466864	0.832719486215242	0.579387038840399	0.922372196118392	sample_2022120210001
HROV.vOTU12841	Responder_Status	Responder	-0.546035042440413	0.971188645320225	0.578430489128432	0.922372196118392	sample_2022120210001
HROV.vOTU07984	Responder_Status	Responder	0.331590145277257	0.590706800320856	0.579028072616795	0.922372196118392	sample_2022120210001
HROV.vOTU60677	Responder_Status	Responder	-0.279982403371195	0.498355677820189	0.578713670560534	0.922372196118392	sample_2022120210001
HROV.vOTU16249	Responder_Status	Responder	0.316720290020204	0.563358980825348	0.578453329009727	0.922372196118392	sample_2022120210001
HROV.vOTU27507	Responder_Status	Responder	-0.163495408564539	0.291231478081192	0.57899539426704	0.922372196118392	sample_2022120210001
HROV.vOTU53729	Responder_Status	Responder	0.26091758195685	0.464807574762925	0.579027634917643	0.922372196118392	sample_2022120210001
HROV.vOTU73512	Responder_Status	Responder	0.454494376201471	0.809304154598466	0.578865453489215	0.922372196118392	sample_2022120210001
HROV.vOTU62802	Responder_Status	Responder	-0.443993080073895	0.791663144507068	0.579370253261575	0.922372196118392	sample_2022120210001
HROV.vOTU01261	Responder_Status	Responder	-0.267871698488718	0.477984696675599	0.579650651290968	0.922394822984684	sample_2022120210001
HROV.vOTU74737	Responder_Status	Responder	-0.649949032116886	1.16048254184091	0.579886842976804	0.922537246967272	sample_2022120210001
HROV.vOTU26021	Responder_Status	Responder	-0.558313723703526	0.99793015039971	0.580288032038981	0.922685264112961	sample_2022120210001
HROV.vOTU08781	Responder_Status	Responder	0.472044124234469	0.843638750587345	0.580246483182972	0.922685264112961	sample_2022120210001
HROV.vOTU74803	Responder_Status	Responder	0.287205741872105	0.513156907856909	0.58014513918241	0.922685264112961	sample_2022120210001
HROV.vOTU65018	Responder_Status	Responder	-0.366782618154403	0.656742742849321	0.58095067527039	0.922809485288796	sample_2022120210001
HROV.vOTU70896	Responder_Status	Responder	-0.592689329695865	1.06144787904498	0.581024307559922	0.922809485288796	sample_2022120210001
HROV.vOTU27610	Responder_Status	Responder	-0.342531709393979	0.614112628299027	0.581436051772576	0.922809485288796	sample_2022120210001
HROV.vOTU71255	Responder_Status	Responder	-0.298351404246267	0.534625768473588	0.581240947501778	0.922809485288796	sample_2022120210001
HROV.vOTU67577	Responder_Status	Responder	0.465890930342612	0.836503105919503	0.581986134308051	0.922852364815626	sample_2022120210001
HROV.vOTU58106	Responder_Status	Responder	0.593666116509657	1.06613961056762	0.582062641521606	0.922852364815626	sample_2022120210001
HROV.vOTU71269	Responder_Status	Responder	-0.446727351056028	0.801577398605079	0.581743718368627	0.922852364815626	sample_2022120210001
HROV.vOTU08878	Responder_Status	Responder	-0.566505281026689	1.01890888531303	0.582632400457756	0.923261141120024	sample_2022120210001
HROV.vOTU29546	Responder_Status	Responder	0.537229114247828	0.966837258594385	0.582858950252609	0.923360205732321	sample_2022120210001
HROV.vOTU21077	Responder_Status	Responder	-0.455730965410059	0.820830119559699	0.583161710434958	0.923542416593139	sample_2022120210001
HROV.vOTU60555	Responder_Status	Responder	-0.459332481169952	0.831747210263287	0.585158701653407	0.924205234323934	sample_2022120210001
HROV.vOTU12852	Responder_Status	Responder	0.437674380750906	0.79353982629603	0.585634090142193	0.924205234323934	sample_2022120210001
HROV.vOTU58536	Responder_Status	Responder	-0.443748976106527	0.803251078490366	0.585029568139024	0.924205234323934	sample_2022120210001
HROV.vOTU09844	Responder_Status	Responder	-0.359262003473508	0.651463108798035	0.585686411629574	0.924205234323934	sample_2022120210001
HROV.vOTU09198	Responder_Status	Responder	-0.615178629483339	1.11248672459539	0.584668108231866	0.924205234323934	sample_2022120210001
HROV.vOTU04013	Responder_Status	Responder	-0.195937357740981	0.354356707910603	0.584693752985821	0.924205234323934	sample_2022120210001
HROV.vOTU21643	Responder_Status	Responder	-0.181552074154901	0.328233478842682	0.584571815006232	0.924205234323934	sample_2022120210001
HROV.vOTU61960	Responder_Status	Responder	-0.582579198629472	1.05750741369346	0.586072547328451	0.924449171583709	sample_2022120210001
HROV.vOTU14106	Responder_Status	Responder	-0.474920648651713	0.862406926514861	0.586212149399906	0.9244704085965	sample_2022120210001
HROV.vOTU38231	Responder_Status	Responder	-0.170560200247304	0.310157400655748	0.586737910705151	0.924668979073434	sample_2022120210001
HROV.vOTU69432	Responder_Status	Responder	-0.189115133799372	0.344502010037419	0.587389634010952	0.924804533641769	sample_2022120210001
HROV.vOTU25231	Responder_Status	Responder	0.291401155510625	0.530763790783133	0.587342167575439	0.924804533641769	sample_2022120210001
HROV.vOTU71296	Responder_Status	Responder	0.234245311974376	0.426430119997988	0.587142652753215	0.924804533641769	sample_2022120210001
HROV.vOTU36489	Responder_Status	Responder	-0.464577344830711	0.84705118760943	0.587720023833678	0.924890712604375	sample_2022120210001
HROV.vOTU08785	Responder_Status	Responder	0.255832357798591	0.466749977576516	0.587957073030096	0.924890712604375	sample_2022120210001
HROV.vOTU72521	Responder_Status	Responder	-0.714946595621697	1.30511261220759	0.58816696734469	0.924968460049873	sample_2022120210001
HROV.vOTU57517	Responder_Status	Responder	-0.559102542282738	1.02442566779264	0.589545059451872	0.925285910297975	sample_2022120210001
HROV.vOTU02203	Responder_Status	Responder	-0.359834198711568	0.66083552862629	0.590398466635705	0.925285910297975	sample_2022120210001
HROV.vOTU43749	Responder_Status	Responder	-0.201153721794066	0.368453975392143	0.589430984940096	0.925285910297975	sample_2022120210001
HROV.vOTU14264	Responder_Status	Responder	-0.490630732014079	0.901439704177957	0.590560981784117	0.925285910297975	sample_2022120210001
HROV.vOTU50222	Responder_Status	Responder	-0.680010626865704	1.24450418006034	0.589111578124373	0.925285910297975	sample_2022120210001
HROV.vOTU52390	Responder_Status	Responder	-0.550734069076528	1.01142056269741	0.590397520202031	0.925285910297975	sample_2022120210001
HROV.vOTU07976	Responder_Status	Responder	-0.533683473062164	0.97856530794703	0.5898152729063	0.925285910297975	sample_2022120210001
HROV.vOTU03404	Responder_Status	Responder	0.482053659217667	0.883091971888298	0.589478198608792	0.925285910297975	sample_2022120210001
HROV.vOTU10758	Responder_Status	Responder	0.305586096338121	0.558661279816153	0.588714154474703	0.925285910297975	sample_2022120210001
HROV.vOTU23603	Responder_Status	Responder	-0.450527125175531	0.827686594721397	0.590529537830756	0.925285910297975	sample_2022120210001
HROV.vOTU40962	Responder_Status	Responder	0.668870568548306	1.22999999823469	0.590885110178358	0.925285910297975	sample_2022120210001
HROV.vOTU48623	Responder_Status	Responder	0.508767008430052	0.933335190417677	0.589996406944822	0.925285910297975	sample_2022120210001
HROV.vOTU72658	Responder_Status	Responder	-0.225860458343191	0.415692583518332	0.591198807287348	0.925476598995684	sample_2022120210001
HROV.vOTU05887	Responder_Status	Responder	0.548934089534789	1.01338172943572	0.592319987494322	0.926164933405018	sample_2022120210001
HROV.vOTU75022	Responder_Status	Responder	-0.405166466261716	0.749515174650881	0.593077580217878	0.926573202248564	sample_2022120210001
HROV.vOTU50916	Responder_Status	Responder	0.488278038550002	0.906135074959888	0.594243784271918	0.927565513727987	sample_2022120210001
HROV.vOTU72529	Responder_Status	Responder	0.341065981906631	0.633865485314509	0.594778264670202	0.927916072012463	sample_2022120210001
HROV.vOTU17380	Responder_Status	Responder	0.466086070115999	0.866832840995614	0.595040287743174	0.928186680888363	sample_2022120210001
HROV.vOTU66501	Responder_Status	Responder	-0.367191911476094	0.683936344566875	0.595591137891001	0.928236080440457	sample_2022120210001
HROV.vOTU11758	Responder_Status	Responder	-0.270551577045328	0.50383021819571	0.595516610224481	0.928236080440457	sample_2022120210001
HROV.vOTU33481	Responder_Status	Responder	0.607459305233066	1.13097642632047	0.595434196328414	0.928236080440457	sample_2022120210001
HROV.vOTU45592	Responder_Status	Responder	0.316308517567196	0.591489681659621	0.597033235765594	0.928506900769919	sample_2022120210001
HROV.vOTU45294	Responder_Status	Responder	-0.45100106737813	0.844762933922482	0.597638756813307	0.92885276159031	sample_2022120210001
HROV.vOTU07005	Responder_Status	Responder	-0.559317823267168	1.05034306091713	0.598573974583545	0.929136943159563	sample_2022120210001
HROV.vOTU31896	Responder_Status	Responder	0.595271470281334	1.11783281688738	0.598564988839235	0.929136943159563	sample_2022120210001
HROV.vOTU29201	Responder_Status	Responder	0.514289609530559	0.964533028688446	0.598101930727193	0.929136943159563	sample_2022120210001
HROV.vOTU64823	Responder_Status	Responder	0.556638611397835	1.04591158430918	0.598782661836831	0.929210974281572	sample_2022120210001
HROV.vOTU09408	Responder_Status	Responder	0.37521744465127	0.70501813057131	0.598778992838402	0.929210974281572	sample_2022120210001
HROV.vOTU45611	Responder_Status	Responder	0.254093307596485	0.477458730079502	0.598800220878874	0.929210974281572	sample_2022120210001
HROV.vOTU21803	Responder_Status	Responder	-0.478316656763233	0.902482194337444	0.600289158936413	0.929468846063242	sample_2022120210001
HROV.vOTU07532	Responder_Status	Responder	0.371507187159549	0.702825248600419	0.601254355017498	0.929468846063242	sample_2022120210001
HROV.vOTU07934	Responder_Status	Responder	-0.562034002546185	1.06290512652979	0.601130805284936	0.929468846063242	sample_2022120210001
HROV.vOTU02128	Responder_Status	Responder	-0.365010326868449	0.688273203206227	0.600065803417914	0.929468846063242	sample_2022120210001
HROV.vOTU70220	Responder_Status	Responder	0.427423544783176	0.810789224689263	0.602228028178062	0.929468846063242	sample_2022120210001
HROV.vOTU31632	Responder_Status	Responder	-0.479223311020975	0.908742452194328	0.602106029300925	0.929468846063242	sample_2022120210001
HROV.vOTU50970	Responder_Status	Responder	0.521584288809067	0.987345064534744	0.601474603180228	0.929468846063242	sample_2022120210001
HROV.vOTU29370	Responder_Status	Responder	0.326415107759931	0.614496807628442	0.599475406023541	0.929468846063242	sample_2022120210001
HROV.vOTU00623	Responder_Status	Responder	0.658475310823931	1.24650768980978	0.601483773180187	0.929468846063242	sample_2022120210001
HROV.vOTU49221	Responder_Status	Responder	-0.594352737373123	1.12722600282801	0.602159151740593	0.929468846063242	sample_2022120210001
HROV.vOTU16998	Responder_Status	Responder	-0.271460901060844	0.514127475455415	0.601657070131398	0.929468846063242	sample_2022120210001
HROV.vOTU60429	Responder_Status	Responder	-0.243262880019503	0.459516122182495	0.600707974526625	0.929468846063242	sample_2022120210001
HROV.vOTU23789	Responder_Status	Responder	-0.338747131611092	0.63963125348623	0.600565401240786	0.929468846063242	sample_2022120210001
HROV.vOTU73417	Responder_Status	Responder	-0.267401873936275	0.505611828700266	0.601064833950599	0.929468846063242	sample_2022120210001
HROV.vOTU54276	Responder_Status	Responder	0.301219582816025	0.566939343563204	0.599395122020612	0.929468846063242	sample_2022120210001
HROV.vOTU04091	Responder_Status	Responder	0.119873219130575	0.226797607647652	0.601284496080223	0.929468846063242	sample_2022120210001
HROV.vOTU08081	Responder_Status	Responder	-0.449174517512165	0.854237981099413	0.603154038411662	0.930106945665267	sample_2022120210001
HROV.vOTU21813	Responder_Status	Responder	-0.316261653756509	0.614294270359843	0.610707188172955	0.930245457471196	sample_2022120210001
HROV.vOTU05701	Responder_Status	Responder	-0.376743576277408	0.720054099333051	0.604940582792206	0.930245457471196	sample_2022120210001
HROV.vOTU15021	Responder_Status	Responder	-0.539216837321628	1.02796541259903	0.604026173669413	0.930245457471196	sample_2022120210001
HROV.vOTU19159	Responder_Status	Responder	0.383004761870484	0.739257268127219	0.608462658447717	0.930245457471196	sample_2022120210001
HROV.vOTU12483	Responder_Status	Responder	0.3573600098477	0.686158295081739	0.606591801403051	0.930245457471196	sample_2022120210001
HROV.vOTU10034	Responder_Status	Responder	-0.37989243190725	0.729208883643729	0.60648701708331	0.930245457471196	sample_2022120210001
HROV.vOTU11457	Responder_Status	Responder	0.398105099832282	0.760040633422821	0.604543129325116	0.930245457471196	sample_2022120210001
HROV.vOTU72414	Responder_Status	Responder	0.626901973947723	1.20940337139786	0.608281984612884	0.930245457471196	sample_2022120210001
HROV.vOTU73110	Responder_Status	Responder	0.390578880190504	0.75854704503017	0.610661259799583	0.930245457471196	sample_2022120210001
HROV.vOTU22862	Responder_Status	Responder	-0.693364382891125	1.32495278494877	0.604874061174392	0.930245457471196	sample_2022120210001
HROV.vOTU11096	Responder_Status	Responder	0.159442779282784	0.309454717221519	0.610430977735565	0.930245457471196	sample_2022120210001
HROV.vOTU64636	Responder_Status	Responder	-0.526050557775063	1.0198682497742	0.610041630304591	0.930245457471196	sample_2022120210001
HROV.vOTU05854	Responder_Status	Responder	-0.521694161725559	1.01460224480636	0.611156670736618	0.930245457471196	sample_2022120210001
HROV.vOTU40608	Responder_Status	Responder	-0.306713078380035	0.595742751512302	0.610704362872743	0.930245457471196	sample_2022120210001
HROV.vOTU27047	Responder_Status	Responder	-0.630281421736378	1.22184034835535	0.610011634856594	0.930245457471196	sample_2022120210001
HROV.vOTU11072	Responder_Status	Responder	0.444166628281829	0.849295736076607	0.605100854220913	0.930245457471196	sample_2022120210001
HROV.vOTU51342	Responder_Status	Responder	-0.203945901141002	0.392090567953483	0.607047641835957	0.930245457471196	sample_2022120210001
HROV.vOTU40973	Responder_Status	Responder	-0.121256716604692	0.234487618101786	0.609138025567024	0.930245457471196	sample_2022120210001
HROV.vOTU42860	Responder_Status	Responder	0.320778060135853	0.620770368351831	0.609394087021419	0.930245457471196	sample_2022120210001
HROV.vOTU69548	Responder_Status	Responder	-0.409214620114875	0.787759106666073	0.607517738685213	0.930245457471196	sample_2022120210001
HROV.vOTU75635	Responder_Status	Responder	0.617701869643788	1.19327047596588	0.608765328398564	0.930245457471196	sample_2022120210001
HROV.vOTU70988	Responder_Status	Responder	-0.464341236435581	0.905352215037539	0.612054915848229	0.930245457471196	sample_2022120210001
HROV.vOTU60699	Responder_Status	Responder	-0.324023519829491	0.629890327274482	0.611000242350835	0.930245457471196	sample_2022120210001
HROV.vOTU38300	Responder_Status	Responder	0.39575106429382	0.765270764830064	0.609120731977008	0.930245457471196	sample_2022120210001
HROV.vOTU01448	Responder_Status	Responder	0.543321073536629	1.03737682363777	0.604577010980102	0.930245457471196	sample_2022120210001
HROV.vOTU44071	Responder_Status	Responder	0.514396557382984	0.990440812459198	0.607590314714886	0.930245457471196	sample_2022120210001
HROV.vOTU04724	Responder_Status	Responder	-0.178162790452641	0.346563126638832	0.611226522165065	0.930245457471196	sample_2022120210001
HROV.vOTU69859	Responder_Status	Responder	0.306410640320952	0.588502106106313	0.6066955371897	0.930245457471196	sample_2022120210001
HROV.vOTU53233	Responder_Status	Responder	0.18950076957012	0.369259991816292	0.611843629785196	0.930245457471196	sample_2022120210001
HROV.vOTU62071	Responder_Status	Responder	-0.210597760801201	0.409953450515917	0.611484136494717	0.930245457471196	sample_2022120210001
HROV.vOTU21315	Responder_Status	Responder	0.286634920436979	0.551662593004341	0.607437191604521	0.930245457471196	sample_2022120210001
HROV.vOTU21900	Responder_Status	Responder	-0.172367902110118	0.328419903772285	0.603825561426999	0.930245457471196	sample_2022120210001
HROV.vOTU27155	Responder_Status	Responder	0.0493904806972373	0.0963777813520642	0.612342985898292	0.930245457471196	sample_2022120210001
HROV.vOTU51039	Responder_Status	Responder	-0.671404337323084	1.31168111552667	0.612758824127606	0.930413282651015	sample_2022120210001
HROV.vOTU29919	Responder_Status	Responder	-0.419826263413333	0.820494384084709	0.612890629275227	0.93049957684105	sample_2022120210001
HROV.vOTU07537	Responder_Status	Responder	-0.438075862648149	0.856393770808067	0.612986815405328	0.93051817760034	sample_2022120210001
HROV.vOTU71363	Responder_Status	Responder	-0.391345547830523	0.769048278133877	0.614830081549407	0.930550229343538	sample_2022120210001
HROV.vOTU69371	Responder_Status	Responder	-0.39738819895639	0.777816752991131	0.613424626083327	0.930550229343538	sample_2022120210001
HROV.vOTU05596	Responder_Status	Responder	-0.573185418473543	1.13215320461494	0.616624149197101	0.930550229343538	sample_2022120210001
HROV.vOTU36611	Responder_Status	Responder	0.451467939671352	0.891436324960326	0.616505672307501	0.930550229343538	sample_2022120210001
HROV.vOTU39467	Responder_Status	Responder	0.443376082629055	0.871400911870771	0.614872680368588	0.930550229343538	sample_2022120210001
HROV.vOTU16611	Responder_Status	Responder	-0.392201984778064	0.77345912138637	0.61607254058464	0.930550229343538	sample_2022120210001
HROV.vOTU05852	Responder_Status	Responder	0.151602369118628	0.298012357406189	0.614939590705336	0.930550229343538	sample_2022120210001
HROV.vOTU43598	Responder_Status	Responder	0.234424230201488	0.458964963367632	0.613517894719359	0.930550229343538	sample_2022120210001
HROV.vOTU64693	Responder_Status	Responder	-0.327339326257385	0.641614281718269	0.613923260324281	0.930550229343538	sample_2022120210001
HROV.vOTU51134	Responder_Status	Responder	-0.365032879106592	0.715540369327263	0.613944639518147	0.930550229343538	sample_2022120210001
HROV.vOTU08743	Responder_Status	Responder	-0.334030006578948	0.655029906076098	0.614085544167485	0.930550229343538	sample_2022120210001
HROV.vOTU00742	Responder_Status	Responder	0.608797489269172	1.20179247829121	0.616419387344577	0.930550229343538	sample_2022120210001
HROV.vOTU67206	Responder_Status	Responder	0.223104667504719	0.440623178412535	0.61658264145007	0.930550229343538	sample_2022120210001
HROV.vOTU23466	Responder_Status	Responder	0.13699862853286	0.268808538911232	0.614289485857842	0.930550229343538	sample_2022120210001
HROV.vOTU17055	Responder_Status	Responder	0.171919317594334	0.33978713148175	0.616843957197473	0.930550229343538	sample_2022120210001
HROV.vOTU38840	Responder_Status	Responder	-0.175036764320924	0.343974072430263	0.614832696368432	0.930550229343538	sample_2022120210001
HROV.vOTU48727	Responder_Status	Responder	-0.28328231987831	0.559500845708573	0.61660089347287	0.930550229343538	sample_2022120210001
HROV.vOTU68315	Responder_Status	Responder	-0.546125799896616	1.08058935382538	0.617235979302543	0.93073857022887	sample_2022120210001
HROV.vOTU53921	Responder_Status	Responder	-0.406682561125717	0.805595563351964	0.617633951577645	0.93076567225366	sample_2022120210001
HROV.vOTU01543	Responder_Status	Responder	-0.308739153559163	0.611319930461479	0.617485075205037	0.93076567225366	sample_2022120210001
HROV.vOTU33539	Responder_Status	Responder	-0.431339940182924	0.854153729335291	0.617516940602678	0.93076567225366	sample_2022120210001
HROV.vOTU08375	Responder_Status	Responder	0.44577570931552	0.882781245933873	0.617533332093786	0.93076567225366	sample_2022120210001
HROV.vOTU47090	Responder_Status	Responder	-0.223044134137354	0.442636159236209	0.618273978524895	0.930852420670718	sample_2022120210001
HROV.vOTU47851	Responder_Status	Responder	-0.142833781610945	0.283468681462006	0.61828852101993	0.930852420670718	sample_2022120210001
HROV.vOTU12570	Responder_Status	Responder	-0.494880039752191	0.991990477641347	0.621763774587248	0.930933699917069	sample_2022120210001
HROV.vOTU29020	Responder_Status	Responder	0.472701709209519	0.942485149043254	0.619906234398769	0.930933699917069	sample_2022120210001
HROV.vOTU74655	Responder_Status	Responder	0.304401074344308	0.610327891760963	0.621851233383611	0.930933699917069	sample_2022120210001
HROV.vOTU75081	Responder_Status	Responder	0.51270110653697	1.02329802159124	0.620267505247203	0.930933699917069	sample_2022120210001
HROV.vOTU07508	Responder_Status	Responder	0.133678466649638	0.267714310847122	0.621446117676028	0.930933699917069	sample_2022120210001
HROV.vOTU09847	Responder_Status	Responder	0.5839038365646	1.17904457952606	0.624298721351073	0.930933699917069	sample_2022120210001
HROV.vOTU26731	Responder_Status	Responder	-0.40560989491513	0.81897989854655	0.624279493807004	0.930933699917069	sample_2022120210001
HROV.vOTU50639	Responder_Status	Responder	-0.397502380932887	0.793963218753667	0.620526152853748	0.930933699917069	sample_2022120210001
HROV.vOTU21230	Responder_Status	Responder	-0.211202726360408	0.420695610756836	0.619570096799828	0.930933699917069	sample_2022120210001
HROV.vOTU07511	Responder_Status	Responder	0.396778960241893	0.794482768086117	0.621386719953318	0.930933699917069	sample_2022120210001
HROV.vOTU09805	Responder_Status	Responder	-0.670352690077735	1.35016971893286	0.623420690341103	0.930933699917069	sample_2022120210001
HROV.vOTU37069	Responder_Status	Responder	0.380211988183638	0.756090589872522	0.618991412568748	0.930933699917069	sample_2022120210001
HROV.vOTU02645	Responder_Status	Responder	0.251126609508988	0.501291804681247	0.620315589678783	0.930933699917069	sample_2022120210001
HROV.vOTU54353	Responder_Status	Responder	-0.139450373969447	0.280799893553069	0.62333489572587	0.930933699917069	sample_2022120210001
HROV.vOTU43907	Responder_Status	Responder	-0.525354796169462	1.05799423219407	0.623377370887086	0.930933699917069	sample_2022120210001
HROV.vOTU68499	Responder_Status	Responder	-0.256579672021349	0.517417240252028	0.623845356364725	0.930933699917069	sample_2022120210001
HROV.vOTU02117	Responder_Status	Responder	-0.0849687307843291	0.170338922240608	0.621801484393097	0.930933699917069	sample_2022120210001
HROV.vOTU25877	Responder_Status	Responder	0.177220583005071	0.355608002199366	0.622123024151261	0.930933699917069	sample_2022120210001
HROV.vOTU62337	Responder_Status	Responder	0.402167527029564	0.807941881130371	0.622534612321954	0.930933699917069	sample_2022120210001
HROV.vOTU58307	Responder_Status	Responder	-0.269211878372389	0.539093908058899	0.621414194056773	0.930933699917069	sample_2022120210001
HROV.vOTU07677	Responder_Status	Responder	0.286370692542795	0.577803409510911	0.624030557809755	0.930933699917069	sample_2022120210001
HROV.vOTU37103	Responder_Status	Responder	-0.339784002667239	0.687689034033325	0.625092895558814	0.930968383257648	sample_2022120210001
HROV.vOTU03607	Responder_Status	Responder	-0.483459623182594	0.978575895987156	0.625128697614194	0.930968383257648	sample_2022120210001
HROV.vOTU47608	Responder_Status	Responder	-0.342857410919189	0.694629093317936	0.625449932965577	0.930968383257648	sample_2022120210001
HROV.vOTU17618	Responder_Status	Responder	0.432724859844852	0.876816972416756	0.62549564640412	0.930968383257648	sample_2022120210001
HROV.vOTU48740	Responder_Status	Responder	-0.183902288964703	0.371821046002842	0.624741867580139	0.930968383257648	sample_2022120210001
HROV.vOTU15824	Responder_Status	Responder	0.219975958416411	0.445141035845	0.625039935612797	0.930968383257648	sample_2022120210001
HROV.vOTU11265	Responder_Status	Responder	0.724720912167441	1.46720823357808	0.62519742993569	0.930968383257648	sample_2022120210001
HROV.vOTU30978	Responder_Status	Responder	0.355803506770239	0.720544463583626	0.625300202518439	0.930968383257648	sample_2022120210001
HROV.vOTU38073	Responder_Status	Responder	-0.185230295368551	0.375766346764673	0.625898701917221	0.930969424258806	sample_2022120210001
HROV.vOTU30661	Responder_Status	Responder	0.397703385684371	0.807598747190958	0.626239467979656	0.931118624448719	sample_2022120210001
HROV.vOTU24063	Responder_Status	Responder	0.278110336122778	0.564968815322066	0.626374757535609	0.931159993576762	sample_2022120210001
HROV.vOTU59839	Responder_Status	Responder	0.384929958604233	0.783106749949379	0.626874359826552	0.931168218056554	sample_2022120210001
HROV.vOTU34569	Responder_Status	Responder	-0.415151356350144	0.845586391288453	0.627278972099637	0.931183178200437	sample_2022120210001
HROV.vOTU32240	Responder_Status	Responder	0.450340331082377	0.918517353637863	0.627748477461676	0.93118602342428	sample_2022120210001
HROV.vOTU66914	Responder_Status	Responder	-0.297935539168229	0.608780956104108	0.628372858555011	0.93118602342428	sample_2022120210001
HROV.vOTU14934	Responder_Status	Responder	-0.699470185548054	1.43207416041035	0.629047760789528	0.931187186068804	sample_2022120210001
HROV.vOTU62835	Responder_Status	Responder	0.349088316469724	0.713917849782476	0.628667464727001	0.931187186068804	sample_2022120210001
HROV.vOTU50212	Responder_Status	Responder	0.35700757567214	0.731800299126401	0.629455612009297	0.931187186068804	sample_2022120210001
HROV.vOTU62209	Responder_Status	Responder	-0.526636781929897	1.07934479314272	0.629403643305817	0.931187186068804	sample_2022120210001
HROV.vOTU59916	Responder_Status	Responder	-0.17695085189934	0.362472369601687	0.629225416664315	0.931187186068804	sample_2022120210001
HROV.vOTU24010	Responder_Status	Responder	0.268957308809915	0.551568268374453	0.629613333692967	0.931187186068804	sample_2022120210001
HROV.vOTU05049	Responder_Status	Responder	0.175731093134749	0.359983962282903	0.629235080383264	0.931187186068804	sample_2022120210001
HROV.vOTU17471	Responder_Status	Responder	0.343057242183964	0.704114138981506	0.629896435186414	0.931227335841356	sample_2022120210001
HROV.vOTU03489	Responder_Status	Responder	-0.235639935059262	0.484670745201736	0.630619134740727	0.931879375646195	sample_2022120210001
HROV.vOTU02493	Responder_Status	Responder	-0.485121731664601	0.998440821410306	0.630833568440871	0.932064824088585	sample_2022120210001
HROV.vOTU27248	Responder_Status	Responder	0.485125488726576	0.998635803176373	0.630897356943804	0.932093367275825	sample_2022120210001
HROV.vOTU36455	Responder_Status	Responder	-0.51451432839376	1.06190305471987	0.631784908428244	0.93271208977067	sample_2022120210001
HROV.vOTU27295	Responder_Status	Responder	-0.340753676958388	0.704324401381216	0.632288623937559	0.932833783186545	sample_2022120210001
HROV.vOTU24645	Responder_Status	Responder	0.188152715336611	0.389495865419689	0.632803774202876	0.932937125082105	sample_2022120210001
HROV.vOTU10491	Responder_Status	Responder	-0.562138768513992	1.16510772243629	0.633217054718514	0.933218215926033	sample_2022120210001
HROV.vOTU29841	Responder_Status	Responder	0.420202067587664	0.874442872176558	0.634579025275541	0.933293724141261	sample_2022120210001
HROV.vOTU50724	Responder_Status	Responder	0.298764982190692	0.622625676341947	0.635063515260234	0.933293724141261	sample_2022120210001
HROV.vOTU11143	Responder_Status	Responder	0.496025821239929	1.03440321049823	0.635287106860686	0.933293724141261	sample_2022120210001
HROV.vOTU34779	Responder_Status	Responder	-0.291410782323684	0.604227158072347	0.633351111386406	0.933293724141261	sample_2022120210001
HROV.vOTU06722	Responder_Status	Responder	0.216814571527364	0.452418580730313	0.63549364831562	0.933293724141261	sample_2022120210001
HROV.vOTU44787	Responder_Status	Responder	0.47447982363846	0.99142402318775	0.635950533787965	0.933293724141261	sample_2022120210001
HROV.vOTU06121	Responder_Status	Responder	-0.324091310351555	0.676788680361195	0.635752265366328	0.933293724141261	sample_2022120210001
HROV.vOTU56171	Responder_Status	Responder	-0.465318715600581	0.966155204829059	0.633819576012827	0.933293724141261	sample_2022120210001
HROV.vOTU26281	Responder_Status	Responder	-0.223559274329338	0.467297244398086	0.636073513805244	0.933293724141261	sample_2022120210001
HROV.vOTU18618	Responder_Status	Responder	0.324069571937527	0.675917750925121	0.635341406111824	0.933293724141261	sample_2022120210001
HROV.vOTU54587	Responder_Status	Responder	-0.388486633835475	0.811555325037813	0.635873372884463	0.933293724141261	sample_2022120210001
HROV.vOTU24693	Responder_Status	Responder	-0.190806568401909	0.39833077152847	0.635647542907511	0.933293724141261	sample_2022120210001
HROV.vOTU03141	Responder_Status	Responder	0.314073478463269	0.655402569653612	0.635512956020607	0.933293724141261	sample_2022120210001
HROV.vOTU63466	Responder_Status	Responder	-0.170328557233491	0.35461287445156	0.634729515042858	0.933293724141261	sample_2022120210001
HROV.vOTU62918	Responder_Status	Responder	-0.149659801772498	0.311740069928945	0.634900645469721	0.933293724141261	sample_2022120210001
HROV.vOTU59988	Responder_Status	Responder	0.358816275144914	0.744895026265087	0.633762432360075	0.933293724141261	sample_2022120210001
HROV.vOTU06228	Responder_Status	Responder	0.469296332654803	0.98284754454853	0.636722116369022	0.933409936751538	sample_2022120210001
HROV.vOTU37315	Responder_Status	Responder	-0.214950783269526	0.449953163900089	0.636559203660247	0.933409936751538	sample_2022120210001
HROV.vOTU55790	Responder_Status	Responder	-0.682553669040994	1.43021397846402	0.63689617069491	0.933447947722501	sample_2022120210001
HROV.vOTU10171	Responder_Status	Responder	-0.263019924308734	0.552787852949457	0.637903841455772	0.933908402398495	sample_2022120210001
HROV.vOTU42237	Responder_Status	Responder	0.5527531195352	1.16295543574735	0.638259873207184	0.933956666350818	sample_2022120210001
HROV.vOTU27192	Responder_Status	Responder	-0.398288998839316	0.840574755789302	0.639295547545035	0.934488784193035	sample_2022120210001
HROV.vOTU73366	Responder_Status	Responder	-0.298817812058708	0.630296072345629	0.639111150367386	0.934488784193035	sample_2022120210001
HROV.vOTU50051	Responder_Status	Responder	-0.395794031214062	0.835272033382663	0.63928069175434	0.934488784193035	sample_2022120210001
HROV.vOTU30481	Responder_Status	Responder	-0.246958598467583	0.521176012582464	0.639281895945975	0.934488784193035	sample_2022120210001
HROV.vOTU53239	Responder_Status	Responder	-0.409018429858535	0.865420080315715	0.640144651672337	0.935012675892138	sample_2022120210001
HROV.vOTU17583	Responder_Status	Responder	0.302487851083456	0.640011012614295	0.640141138801179	0.935012675892138	sample_2022120210001
HROV.vOTU43272	Responder_Status	Responder	0.551754672157345	1.16839708809837	0.640420931821083	0.935285864755428	sample_2022120210001
HROV.vOTU49630	Responder_Status	Responder	0.302774164547184	0.641381524382801	0.640538322853886	0.935324343071412	sample_2022120210001
HROV.vOTU15544	Responder_Status	Responder	0.454130889484008	0.962260856964728	0.640625776199103	0.935324343071412	sample_2022120210001
HROV.vOTU25853	Responder_Status	Responder	-0.458040974261891	0.9704333131646	0.640587156612508	0.935324343071412	sample_2022120210001
HROV.vOTU02863	Responder_Status	Responder	0.193409352432015	0.410221508275967	0.640954435994993	0.935413241780745	sample_2022120210001
HROV.vOTU49506	Responder_Status	Responder	-0.25741913883747	0.545917583697983	0.640912556501717	0.935413241780745	sample_2022120210001
HROV.vOTU00374	Responder_Status	Responder	0.449189212648987	0.952390061739026	0.640835446860714	0.935413241780745	sample_2022120210001
HROV.vOTU68953	Responder_Status	Responder	-0.201856519773035	0.428381795979391	0.641143678046412	0.935497834046866	sample_2022120210001
HROV.vOTU15157	Responder_Status	Responder	0.223170100989632	0.47357434389939	0.641116078134844	0.935497834046866	sample_2022120210001
HROV.vOTU04429	Responder_Status	Responder	0.166142285932687	0.3529008692019	0.641437643550269	0.935597286625862	sample_2022120210001
HROV.vOTU41694	Responder_Status	Responder	-0.443254141756923	0.942351209144184	0.641733794471162	0.935703675277604	sample_2022120210001
HROV.vOTU55142	Responder_Status	Responder	-0.403949364321782	0.859242408238803	0.641908575383426	0.935828318845142	sample_2022120210001
HROV.vOTU75092	Responder_Status	Responder	0.350988327554824	0.747111548848611	0.642140708128774	0.936036528435851	sample_2022120210001
HROV.vOTU58162	Responder_Status	Responder	-0.319775021408802	0.681106733312405	0.642352770510472	0.936103187923385	sample_2022120210001
HROV.vOTU18091	Responder_Status	Responder	0.469144304754762	0.998910703775208	0.642237984625191	0.936103187923385	sample_2022120210001
HROV.vOTU21222	Responder_Status	Responder	-0.354755936416897	0.758086217775056	0.643433571165446	0.936377575100066	sample_2022120210001
HROV.vOTU18749	Responder_Status	Responder	0.327957870821509	0.700275681390879	0.643176291903213	0.936377575100066	sample_2022120210001
HROV.vOTU34583	Responder_Status	Responder	-0.563855035475759	1.20426635165104	0.643255562392742	0.936377575100066	sample_2022120210001
HROV.vOTU46509	Responder_Status	Responder	-0.395641985460238	0.845788779844025	0.643563404925225	0.936417144549303	sample_2022120210001
HROV.vOTU49166	Responder_Status	Responder	0.324651823511813	0.694336435821321	0.643709890497002	0.936435265464823	sample_2022120210001
HROV.vOTU30252	Responder_Status	Responder	0.312130668116289	0.668008465419061	0.643932999691103	0.936475241665313	sample_2022120210001
HROV.vOTU05939	Responder_Status	Responder	-0.409089966532633	0.875276083383063	0.643842306746903	0.936475241665313	sample_2022120210001
HROV.vOTU37178	Responder_Status	Responder	-0.529716572760175	1.13553806375775	0.644474374476645	0.936524436889955	sample_2022120210001
HROV.vOTU01921	Responder_Status	Responder	0.276855850881056	0.593340486665909	0.644392478055507	0.936524436889955	sample_2022120210001
HROV.vOTU25686	Responder_Status	Responder	0.333424788550983	0.71513485476623	0.644650420445764	0.936568435055327	sample_2022120210001
HROV.vOTU72437	Responder_Status	Responder	-0.53041463205055	1.13850938108768	0.64490158693201	0.936576599830476	sample_2022120210001
HROV.vOTU26676	Responder_Status	Responder	-0.477169547228348	1.02563317310065	0.64535507039427	0.93677776116655	sample_2022120210001
HROV.vOTU08111	Responder_Status	Responder	-0.388336521713584	0.835045899832916	0.645493523965966	0.936884167462547	sample_2022120210001
HROV.vOTU19905	Responder_Status	Responder	0.154722218867429	0.332786322068797	0.645577337938248	0.936905548034447	sample_2022120210001
HROV.vOTU57371	Responder_Status	Responder	0.297806195444222	0.641382446410322	0.646009171357168	0.937178310606744	sample_2022120210001
HROV.vOTU53502	Responder_Status	Responder	-0.411457424488029	0.886598439184414	0.646174593194224	0.937223685097981	sample_2022120210001
HROV.vOTU08786	Responder_Status	Responder	-0.44466235005336	0.95864953213143	0.646346548160633	0.937408223736982	sample_2022120210001
HROV.vOTU54132	Responder_Status	Responder	-0.175100431482491	0.377999633834307	0.646780689996961	0.937657773183348	sample_2022120210001
HROV.vOTU25694	Responder_Status	Responder	0.498603346027756	1.0937914802426	0.652014657163995	0.937968903771264	sample_2022120210001
HROV.vOTU63928	Responder_Status	Responder	-0.315935412841357	0.683043984361313	0.647268346262396	0.937968903771264	sample_2022120210001
HROV.vOTU02401	Responder_Status	Responder	0.186484696329493	0.409800787513624	0.652573699879937	0.937968903771264	sample_2022120210001
HROV.vOTU21564	Responder_Status	Responder	0.248430156116	0.542317075438164	0.650423063088628	0.937968903771264	sample_2022120210001
HROV.vOTU32570	Responder_Status	Responder	0.673005746166222	1.47466376136892	0.651637845731387	0.937968903771264	sample_2022120210001
HROV.vOTU46313	Responder_Status	Responder	0.470086769783299	1.02111913401339	0.648810155336266	0.937968903771264	sample_2022120210001
HROV.vOTU66879	Responder_Status	Responder	0.303945418130126	0.668896264375503	0.65304521841885	0.937968903771264	sample_2022120210001
HROV.vOTU27563	Responder_Status	Responder	0.377480653833733	0.830983418001349	0.653145237765365	0.937968903771264	sample_2022120210001
HROV.vOTU43532	Responder_Status	Responder	0.296600587953348	0.643768900942847	0.648554285986416	0.937968903771264	sample_2022120210001
HROV.vOTU03401	Responder_Status	Responder	0.313493667243732	0.684095055430275	0.650302316533663	0.937968903771264	sample_2022120210001
HROV.vOTU14852	Responder_Status	Responder	0.490611357757592	1.06922266850456	0.649884962939106	0.937968903771264	sample_2022120210001
HROV.vOTU01038	Responder_Status	Responder	-0.118142521918997	0.256121245763749	0.648164154474582	0.937968903771264	sample_2022120210001
HROV.vOTU04318	Responder_Status	Responder	-0.482792389574879	1.05117139235271	0.649571970469396	0.937968903771264	sample_2022120210001
HROV.vOTU04128	Responder_Status	Responder	-0.201784691103461	0.442559162389354	0.651942899923541	0.937968903771264	sample_2022120210001
HROV.vOTU41561	Responder_Status	Responder	-0.280588776749885	0.612884002405016	0.650616905099694	0.937968903771264	sample_2022120210001
HROV.vOTU14153	Responder_Status	Responder	-0.398090414865187	0.87017609565901	0.650854338769675	0.937968903771264	sample_2022120210001
HROV.vOTU27575	Responder_Status	Responder	0.410877295847084	0.895013423111405	0.649725171905578	0.937968903771264	sample_2022120210001
HROV.vOTU62093	Responder_Status	Responder	-0.255227225116327	0.558415696184915	0.651157210573673	0.937968903771264	sample_2022120210001
HROV.vOTU18869	Responder_Status	Responder	-0.225787692388454	0.49631112252309	0.65266613834288	0.937968903771264	sample_2022120210001
HROV.vOTU46129	Responder_Status	Responder	-0.384241304260468	0.833244055876888	0.648261084806724	0.937968903771264	sample_2022120210001
HROV.vOTU29302	Responder_Status	Responder	0.739260674375153	1.6149186516001	0.650650614295022	0.937968903771264	sample_2022120210001
HROV.vOTU25472	Responder_Status	Responder	0.422852864970717	0.929002961778393	0.652497910797847	0.937968903771264	sample_2022120210001
HROV.vOTU40169	Responder_Status	Responder	-0.272219738941366	0.595509117998133	0.651111018645084	0.937968903771264	sample_2022120210001
HROV.vOTU49234	Responder_Status	Responder	-0.344749828011131	0.755100213477667	0.651508186013708	0.937968903771264	sample_2022120210001
HROV.vOTU05942	Responder_Status	Responder	-0.221652127192336	0.482210924318685	0.649310882537917	0.937968903771264	sample_2022120210001
HROV.vOTU07919	Responder_Status	Responder	-0.330170478093495	0.728787893175134	0.654010810193136	0.938201805601816	sample_2022120210001
HROV.vOTU44212	Responder_Status	Responder	-0.305785810327857	0.675703979333575	0.654364041780567	0.938339585776701	sample_2022120210001
HROV.vOTU22926	Responder_Status	Responder	-0.273349033997201	0.604318416664126	0.654519065799312	0.938411300957272	sample_2022120210001
HROV.vOTU50006	Responder_Status	Responder	-0.266091490673641	0.5910003647027	0.656004852467492	0.93878137793064	sample_2022120210001
HROV.vOTU38736	Responder_Status	Responder	0.361747473224223	0.80698249994671	0.657406755653987	0.938789746050941	sample_2022120210001
HROV.vOTU64702	Responder_Status	Responder	-0.329097500312465	0.734264175431716	0.657457633021306	0.938789746050941	sample_2022120210001
HROV.vOTU39206	Responder_Status	Responder	0.285123202735008	0.634241459546492	0.656495819728482	0.938789746050941	sample_2022120210001
HROV.vOTU40123	Responder_Status	Responder	-0.404160580611989	0.903124265398956	0.657947202610844	0.938874541649955	sample_2022120210001
HROV.vOTU65654	Responder_Status	Responder	0.298094684192374	0.666633754021136	0.65819661748749	0.938874541649955	sample_2022120210001
HROV.vOTU57641	Responder_Status	Responder	0.145964460908897	0.32661498851487	0.658384518514336	0.938874541649955	sample_2022120210001
HROV.vOTU71281	Responder_Status	Responder	-0.285054250835522	0.639281230448879	0.659099917918505	0.93899833799834	sample_2022120210001
HROV.vOTU74563	Responder_Status	Responder	-0.394297317668774	0.884376058218554	0.65913561769893	0.93899833799834	sample_2022120210001
HROV.vOTU32626	Responder_Status	Responder	-0.413105268176489	0.9263616772758	0.659067247021055	0.93899833799834	sample_2022120210001
HROV.vOTU21507	Responder_Status	Responder	-0.151093377695243	0.339161803309171	0.659390768345888	0.939113024008275	sample_2022120210001
HROV.vOTU61873	Responder_Status	Responder	0.236609169302599	0.532341277390014	0.660120170883792	0.93963455223934	sample_2022120210001
HROV.vOTU69003	Responder_Status	Responder	-0.0765214221223723	0.172204688882465	0.660195713561921	0.939667499538544	sample_2022120210001
HROV.vOTU07570	Responder_Status	Responder	-0.192994605916897	0.43437923876558	0.660240979807809	0.939667499538544	sample_2022120210001
HROV.vOTU61101	Responder_Status	Responder	-0.78916554777678	1.78270726008475	0.661399595413746	0.939838484429133	sample_2022120210001
HROV.vOTU46032	Responder_Status	Responder	0.56647187281721	1.28095422876757	0.661722454318611	0.939838484429133	sample_2022120210001
HROV.vOTU60379	Responder_Status	Responder	0.44190995960155	0.995950428032828	0.66066456843548	0.939838484429133	sample_2022120210001
HROV.vOTU59704	Responder_Status	Responder	0.412210349018362	0.931143526784759	0.661389265772172	0.939838484429133	sample_2022120210001
HROV.vOTU19568	Responder_Status	Responder	0.361819394400828	0.817574724568456	0.661489703220619	0.939838484429133	sample_2022120210001
HROV.vOTU42454	Responder_Status	Responder	-0.213985594388341	0.484424250223016	0.662076129613352	0.940061039535067	sample_2022120210001
HROV.vOTU61599	Responder_Status	Responder	0.186024505489076	0.422149654200706	0.662842628715022	0.940209711458735	sample_2022120210001
HROV.vOTU50037	Responder_Status	Responder	-0.328998599711622	0.746622690353722	0.662850508469316	0.940209711458735	sample_2022120210001
HROV.vOTU23555	Responder_Status	Responder	0.471272307558435	1.07396819744029	0.664163836234837	0.940663818736509	sample_2022120210001
HROV.vOTU14459	Responder_Status	Responder	-0.253607071979651	0.581003831560407	0.665822868386895	0.940697745341621	sample_2022120210001
HROV.vOTU04887	Responder_Status	Responder	-0.375324821151719	0.859519144232188	0.665700841202194	0.940697745341621	sample_2022120210001
HROV.vOTU39462	Responder_Status	Responder	-0.542330131389764	1.23789934882872	0.664671432544701	0.940697745341621	sample_2022120210001
HROV.vOTU36831	Responder_Status	Responder	-0.489824985718885	1.1224926856828	0.665912867311465	0.940697745341621	sample_2022120210001
HROV.vOTU39338	Responder_Status	Responder	-0.43827731352715	1.00228884163261	0.665265095771564	0.940697745341621	sample_2022120210001
HROV.vOTU75110	Responder_Status	Responder	-0.318041491755905	0.729254364416559	0.666094798438383	0.940697745341621	sample_2022120210001
HROV.vOTU44936	Responder_Status	Responder	0.36312831657603	0.828775778599778	0.664639159631082	0.940697745341621	sample_2022120210001
HROV.vOTU58024	Responder_Status	Responder	-0.244313639593415	0.557620642705531	0.664649416460295	0.940697745341621	sample_2022120210001
HROV.vOTU05941	Responder_Status	Responder	0.319436434259514	0.730981015477874	0.665465409467193	0.940697745341621	sample_2022120210001
HROV.vOTU09635	Responder_Status	Responder	-0.245842043989413	0.563798716539862	0.666147107377695	0.940697745341621	sample_2022120210001
HROV.vOTU08459	Responder_Status	Responder	-0.25787980262261	0.589373584222988	0.665069859440438	0.940697745341621	sample_2022120210001
HROV.vOTU58927	Responder_Status	Responder	0.18710908942232	0.42874455478312	0.665884884138252	0.940697745341621	sample_2022120210001
HROV.vOTU61314	Responder_Status	Responder	-0.391572058510317	0.899828047290229	0.666779921613606	0.940934973205492	sample_2022120210001
HROV.vOTU37691	Responder_Status	Responder	0.117448364514683	0.270732245095514	0.667745358555659	0.941319149132837	sample_2022120210001
HROV.vOTU73786	Responder_Status	Responder	0.187316085349714	0.432693506792899	0.668398742189659	0.941780585109541	sample_2022120210001
HROV.vOTU70727	Responder_Status	Responder	-0.352138090786582	0.814181514803793	0.668686966031026	0.941913898387789	sample_2022120210001
HROV.vOTU05407	Responder_Status	Responder	0.185934716569207	0.431992969050028	0.670191323003063	0.942528494273884	sample_2022120210001
HROV.vOTU08046	Responder_Status	Responder	0.471212762894169	1.09262388852763	0.669576476001938	0.942528494273884	sample_2022120210001
HROV.vOTU44531	Responder_Status	Responder	0.307883230889694	0.715417863919236	0.670232312917384	0.942528494273884	sample_2022120210001
HROV.vOTU43876	Responder_Status	Responder	-0.196075811311269	0.45611930621442	0.670574496648178	0.942591875869684	sample_2022120210001
HROV.vOTU07684	Responder_Status	Responder	0.281915258349327	0.656469170892153	0.670888384127912	0.942591875869684	sample_2022120210001
HROV.vOTU51492	Responder_Status	Responder	-0.47373157075114	1.10176179158161	0.670504008135348	0.942591875869684	sample_2022120210001
HROV.vOTU43832	Responder_Status	Responder	0.361250681723243	0.842097627019923	0.67121387335395	0.942591875869684	sample_2022120210001
HROV.vOTU46797	Responder_Status	Responder	0.270054197926124	0.629225682767194	0.671073013469979	0.942591875869684	sample_2022120210001
HROV.vOTU14654	Responder_Status	Responder	0.10384008663584	0.242446977457069	0.67170934823261	0.943065706943231	sample_2022120210001
HROV.vOTU01415	Responder_Status	Responder	0.404265812224405	0.945907064681346	0.672368341349781	0.943543289495836	sample_2022120210001
HROV.vOTU31636	Responder_Status	Responder	-0.160764248858286	0.376196595187212	0.672399451976152	0.943543289495836	sample_2022120210001
HROV.vOTU03488	Responder_Status	Responder	-0.317023856392206	0.745259200818448	0.673806029174141	0.943821144100653	sample_2022120210001
HROV.vOTU18043	Responder_Status	Responder	0.265757877905101	0.625410636557772	0.674133037587862	0.943821144100653	sample_2022120210001
HROV.vOTU09333	Responder_Status	Responder	0.436157919581097	1.02837182688258	0.674715733238677	0.943821144100653	sample_2022120210001
HROV.vOTU25224	Responder_Status	Responder	-0.127720772393659	0.300085909835428	0.673642787521497	0.943821144100653	sample_2022120210001
HROV.vOTU30174	Responder_Status	Responder	-0.244910520293206	0.57718447633025	0.67457550648608	0.943821144100653	sample_2022120210001
HROV.vOTU18238	Responder_Status	Responder	-0.301244620154071	0.708265089629991	0.673849157051814	0.943821144100653	sample_2022120210001
HROV.vOTU25354	Responder_Status	Responder	0.420656310190429	0.995994563527464	0.675996664752969	0.944159884034825	sample_2022120210001
HROV.vOTU06261	Responder_Status	Responder	0.206214149790122	0.490797684528143	0.677574586139205	0.944431755743697	sample_2022120210001
HROV.vOTU07169	Responder_Status	Responder	0.404548323151253	0.96256212578131	0.677486798944948	0.944431755743697	sample_2022120210001
HROV.vOTU71496	Responder_Status	Responder	0.448203986018464	1.0686712337895	0.678121994739458	0.944721683254202	sample_2022120210001
HROV.vOTU25865	Responder_Status	Responder	-0.550557364482449	1.3161407268993	0.678910140767291	0.944721683254202	sample_2022120210001
HROV.vOTU07922	Responder_Status	Responder	-0.203830659363435	0.487053552953762	0.678776123921557	0.944721683254202	sample_2022120210001
HROV.vOTU41476	Responder_Status	Responder	0.457711393896598	1.09149896452256	0.678166066805193	0.944721683254202	sample_2022120210001
HROV.vOTU54184	Responder_Status	Responder	-0.327983111390701	0.783669815169773	0.678758323801104	0.944721683254202	sample_2022120210001
HROV.vOTU33751	Responder_Status	Responder	-0.280952977818419	0.671836995297577	0.679000960959502	0.944721683254202	sample_2022120210001
HROV.vOTU48334	Responder_Status	Responder	0.409172284457101	0.979731528195021	0.67939772997147	0.944998103404474	sample_2022120210001
HROV.vOTU69384	Responder_Status	Responder	0.457276216645515	1.09529662357504	0.679503532168894	0.945019841699955	sample_2022120210001
HROV.vOTU56648	Responder_Status	Responder	-0.213311890422291	0.511817689971949	0.680022230836401	0.945364857619618	sample_2022120210001
HROV.vOTU49546	Responder_Status	Responder	-0.220871992941127	0.530060987761729	0.680081173980032	0.945370903139642	sample_2022120210001
HROV.vOTU41864	Responder_Status	Responder	-0.564846114655115	1.36801432264254	0.682828443112389	0.945372871614762	sample_2022120210001
HROV.vOTU35442	Responder_Status	Responder	0.428351410773396	1.03724941738804	0.682775081404467	0.945372871614762	sample_2022120210001
HROV.vOTU15402	Responder_Status	Responder	0.335097161929759	0.806753641912927	0.681040669338242	0.945372871614762	sample_2022120210001
HROV.vOTU69424	Responder_Status	Responder	0.427374145051343	1.02708504713567	0.680506137328245	0.945372871614762	sample_2022120210001
HROV.vOTU63670	Responder_Status	Responder	-0.300636823814436	0.722162615626072	0.680363837305623	0.945372871614762	sample_2022120210001
HROV.vOTU38514	Responder_Status	Responder	-0.330623275514865	0.800223077368358	0.682633652877771	0.945372871614762	sample_2022120210001
HROV.vOTU23542	Responder_Status	Responder	-0.308400835038714	0.7460724273035	0.682487447075223	0.945372871614762	sample_2022120210001
HROV.vOTU16313	Responder_Status	Responder	-0.375984995559797	0.903205668809958	0.680379996361671	0.945372871614762	sample_2022120210001
HROV.vOTU35848	Responder_Status	Responder	-0.3584935333154	0.862503975109741	0.680839690481494	0.945372871614762	sample_2022120210001
HROV.vOTU11680	Responder_Status	Responder	0.405288098544529	0.978644702752241	0.681932794533841	0.945372871614762	sample_2022120210001
HROV.vOTU02442	Responder_Status	Responder	0.412568411987423	0.993363273623608	0.681069685929131	0.945372871614762	sample_2022120210001
HROV.vOTU01160	Responder_Status	Responder	-0.132177560194728	0.319908926022819	0.682627438783805	0.945372871614762	sample_2022120210001
HROV.vOTU02408	Responder_Status	Responder	0.581482140141576	1.40630804323102	0.682403801761592	0.945372871614762	sample_2022120210001
HROV.vOTU27284	Responder_Status	Responder	0.163163881674737	0.392425522248047	0.680738217774168	0.945372871614762	sample_2022120210001
HROV.vOTU05119	Responder_Status	Responder	-0.247462342346885	0.599488818408213	0.682905179529909	0.945372871614762	sample_2022120210001
HROV.vOTU52562	Responder_Status	Responder	-0.377608475976151	0.915408705171746	0.683112541010667	0.945393567610581	sample_2022120210001
HROV.vOTU07149	Responder_Status	Responder	-0.341894542615758	0.831163019616785	0.683951367064551	0.945499937503605	sample_2022120210001
HROV.vOTU65585	Responder_Status	Responder	-0.394117358993363	0.958248854188716	0.683991654243778	0.945499937503605	sample_2022120210001
HROV.vOTU30479	Responder_Status	Responder	0.521870603102384	1.26762001723261	0.683698847342731	0.945499937503605	sample_2022120210001
HROV.vOTU25110	Responder_Status	Responder	-0.398142444293373	0.967675123245589	0.683880703592787	0.945499937503605	sample_2022120210001
HROV.vOTU36674	Responder_Status	Responder	0.263893971845568	0.641774154662809	0.684060281045731	0.945522519831082	sample_2022120210001
HROV.vOTU45833	Responder_Status	Responder	-0.277286810927622	0.674833774538548	0.684276243796637	0.945666204912677	sample_2022120210001
HROV.vOTU07654	Responder_Status	Responder	0.321428210663807	0.782710292859701	0.684447263557037	0.945683232970039	sample_2022120210001
HROV.vOTU07848	Responder_Status	Responder	-0.417561059748755	1.01668651279131	0.684413003219243	0.945683232970039	sample_2022120210001
HROV.vOTU17522	Responder_Status	Responder	-0.197046395565699	0.480728813118752	0.685005164798233	0.945715038565	sample_2022120210001
HROV.vOTU14647	Responder_Status	Responder	-0.123519246541636	0.30130182316985	0.684960999922773	0.945715038565	sample_2022120210001
HROV.vOTU41053	Responder_Status	Responder	-0.187965664786357	0.460619848849705	0.686325203331165	0.946369961204055	sample_2022120210001
HROV.vOTU06882	Responder_Status	Responder	0.360652704156157	0.884614849191357	0.686598449511624	0.946417412723911	sample_2022120210001
HROV.vOTU71149	Responder_Status	Responder	-0.469133105685857	1.15473535524789	0.687633450207134	0.946616033084208	sample_2022120210001
HROV.vOTU48328	Responder_Status	Responder	-0.46379223337446	1.13999945155958	0.687222074667878	0.946616033084208	sample_2022120210001
HROV.vOTU37474	Responder_Status	Responder	0.420807581896732	1.03384834879582	0.687080658524143	0.946616033084208	sample_2022120210001
HROV.vOTU13413	Responder_Status	Responder	0.187355446181582	0.46073318276917	0.687359430994302	0.946616033084208	sample_2022120210001
HROV.vOTU02230	Responder_Status	Responder	-0.31100753518285	0.76373311646553	0.686942805406061	0.946616033084208	sample_2022120210001
HROV.vOTU13478	Responder_Status	Responder	0.430664320617107	1.06029196672666	0.687701509793235	0.946616033084208	sample_2022120210001
HROV.vOTU05429	Responder_Status	Responder	0.182035741812257	0.447588581041768	0.687318066530398	0.946616033084208	sample_2022120210001
HROV.vOTU40268	Responder_Status	Responder	-0.467610811551764	1.15261695138626	0.688050365784024	0.94670062318369	sample_2022120210001
HROV.vOTU23130	Responder_Status	Responder	0.11839692884612	0.291777284198857	0.687989687553622	0.94670062318369	sample_2022120210001
HROV.vOTU55610	Responder_Status	Responder	0.231379073328085	0.576093608967537	0.691002184670126	0.947609918659471	sample_2022120210001
HROV.vOTU09776	Responder_Status	Responder	0.637882513147188	1.58808400291882	0.690977822030423	0.947609918659471	sample_2022120210001
HROV.vOTU71516	Responder_Status	Responder	-0.330966953174329	0.826887368161278	0.692005178561232	0.947609918659471	sample_2022120210001
HROV.vOTU18806	Responder_Status	Responder	-0.271773609072822	0.67463821310717	0.690122762010804	0.947609918659471	sample_2022120210001
HROV.vOTU49670	Responder_Status	Responder	0.323502462997101	0.803193763370085	0.690176102968446	0.947609918659471	sample_2022120210001
HROV.vOTU06476	Responder_Status	Responder	0.424511108858209	1.0538573486924	0.690142400274601	0.947609918659471	sample_2022120210001
HROV.vOTU37946	Responder_Status	Responder	0.281585951853329	0.698088115926451	0.689741835752291	0.947609918659471	sample_2022120210001
HROV.vOTU41784	Responder_Status	Responder	0.45040319156488	1.12485716303473	0.691893913062126	0.947609918659471	sample_2022120210001
HROV.vOTU73667	Responder_Status	Responder	0.204925435918652	0.508089690654678	0.68977239483246	0.947609918659471	sample_2022120210001
HROV.vOTU02375	Responder_Status	Responder	0.141074090360097	0.352361590715118	0.691924371994348	0.947609918659471	sample_2022120210001
HROV.vOTU03192	Responder_Status	Responder	0.349736665091516	0.874542907867343	0.692258860652367	0.947791103553033	sample_2022120210001
HROV.vOTU25148	Responder_Status	Responder	-0.32688864877412	0.819512991745476	0.693006322560716	0.947791103553033	sample_2022120210001
HROV.vOTU19767	Responder_Status	Responder	0.261966739847249	0.655918185339073	0.692636500082363	0.947791103553033	sample_2022120210001
HROV.vOTU28506	Responder_Status	Responder	-0.240371879318456	0.601764438434058	0.692595874196479	0.947791103553033	sample_2022120210001
HROV.vOTU39228	Responder_Status	Responder	0.432376899752984	1.08352344843489	0.692885762645022	0.947791103553033	sample_2022120210001
HROV.vOTU23983	Responder_Status	Responder	-0.215641396143426	0.541961848045439	0.6937285013551	0.948144937615891	sample_2022120210001
HROV.vOTU49565	Responder_Status	Responder	-0.457924631013384	1.15016038380559	0.693546738052412	0.948144937615891	sample_2022120210001
HROV.vOTU73506	Responder_Status	Responder	0.562133817967624	1.41444612453958	0.694068904010538	0.948173740583217	sample_2022120210001
HROV.vOTU20181	Responder_Status	Responder	-0.23994620862469	0.603710747714094	0.694047772690146	0.948173740583217	sample_2022120210001
HROV.vOTU67284	Responder_Status	Responder	0.239887008349904	0.603761475400682	0.694143579221234	0.948204472137452	sample_2022120210001
HROV.vOTU32378	Responder_Status	Responder	-0.37358611168106	0.940710754469643	0.694281396768622	0.948229893046584	sample_2022120210001
HROV.vOTU11617	Responder_Status	Responder	-0.375543475366006	0.946235572562059	0.694463763243487	0.948229893046584	sample_2022120210001
HROV.vOTU02899	Responder_Status	Responder	-0.680168946692439	1.71387255417139	0.694478868709834	0.948229893046584	sample_2022120210001
HROV.vOTU59373	Responder_Status	Responder	0.443596361655082	1.12342100248761	0.695936617404853	0.948306714936137	sample_2022120210001
HROV.vOTU30687	Responder_Status	Responder	-0.280768519528699	0.708663533535289	0.69496480761882	0.948306714936137	sample_2022120210001
HROV.vOTU59729	Responder_Status	Responder	0.263661373189296	0.66964125515884	0.696758957735693	0.948306714936137	sample_2022120210001
HROV.vOTU16037	Responder_Status	Responder	0.333685738928733	0.842643666739524	0.695107567626055	0.948306714936137	sample_2022120210001
HROV.vOTU62594	Responder_Status	Responder	0.337979998217701	0.852616620698734	0.694812513394818	0.948306714936137	sample_2022120210001
HROV.vOTU65910	Responder_Status	Responder	0.594716804259563	1.51087600551823	0.696840295300609	0.948306714936137	sample_2022120210001
HROV.vOTU40801	Responder_Status	Responder	0.297511019192092	0.750496357944803	0.69480102476092	0.948306714936137	sample_2022120210001
HROV.vOTU53543	Responder_Status	Responder	0.168462068221937	0.427547373296136	0.696551375410258	0.948306714936137	sample_2022120210001
HROV.vOTU02807	Responder_Status	Responder	0.28419574326401	0.721400871867443	0.696602346186005	0.948306714936137	sample_2022120210001
HROV.vOTU54096	Responder_Status	Responder	-0.330078738319549	0.839836574171551	0.697275774734851	0.948478473060848	sample_2022120210001
HROV.vOTU64638	Responder_Status	Responder	-0.306360106746029	0.780136527552238	0.697514343266383	0.948575740424387	sample_2022120210001
HROV.vOTU01788	Responder_Status	Responder	0.699588535280387	1.78162793547973	0.697538067135548	0.948575740424387	sample_2022120210001
HROV.vOTU47650	Responder_Status	Responder	-0.267824201013363	0.683309398376066	0.69806142257687	0.948705056631344	sample_2022120210001
HROV.vOTU26524	Responder_Status	Responder	-0.16579792226444	0.423019348541922	0.698070369991178	0.948705056631344	sample_2022120210001
HROV.vOTU57545	Responder_Status	Responder	-0.131535800683087	0.33567833587956	0.698135096205841	0.948710556047357	sample_2022120210001
HROV.vOTU34175	Responder_Status	Responder	0.142767620695167	0.364667630469496	0.698390836937653	0.948750530962033	sample_2022120210001
HROV.vOTU31336	Responder_Status	Responder	-0.340836678946665	0.87266991310063	0.69907260228182	0.948753541255582	sample_2022120210001
HROV.vOTU43426	Responder_Status	Responder	-0.282337036042237	0.722307032720036	0.698842677045501	0.948753541255582	sample_2022120210001
HROV.vOTU74379	Responder_Status	Responder	0.157085285728944	0.401800400588981	0.698790623865532	0.948753541255582	sample_2022120210001
HROV.vOTU09585	Responder_Status	Responder	-0.430744090567424	1.1039627934877	0.699356061206793	0.948781557639754	sample_2022120210001
HROV.vOTU01040	Responder_Status	Responder	0.256713792555605	0.65783699413402	0.699312700920752	0.948781557639754	sample_2022120210001
HROV.vOTU11263	Responder_Status	Responder	-0.317949462373391	0.814766576508283	0.699316655013527	0.948781557639754	sample_2022120210001
HROV.vOTU52432	Responder_Status	Responder	-0.28172923438535	0.722728007699847	0.699623816437717	0.948937506338604	sample_2022120210001
HROV.vOTU07891	Responder_Status	Responder	-0.231532787888268	0.594774005878882	0.700015034102366	0.948937506338604	sample_2022120210001
HROV.vOTU04654	Responder_Status	Responder	0.36556798117057	0.938143425200927	0.699727562136899	0.948937506338604	sample_2022120210001
HROV.vOTU57119	Responder_Status	Responder	0.489931412332904	1.26043436676083	0.700437853711732	0.949180814230114	sample_2022120210001
HROV.vOTU12957	Responder_Status	Responder	-0.268520548479495	0.6909032602023	0.700473703936613	0.949180814230114	sample_2022120210001
HROV.vOTU03137	Responder_Status	Responder	-0.484537267228689	1.24790449935392	0.700744882089633	0.949196812390367	sample_2022120210001
HROV.vOTU18440	Responder_Status	Responder	0.473415415594176	1.22022570768443	0.700969544057751	0.949235716894751	sample_2022120210001
HROV.vOTU44598	Responder_Status	Responder	-0.556899728649028	1.4374862226637	0.701380354375149	0.94950211869261	sample_2022120210001
HROV.vOTU16495	Responder_Status	Responder	-0.159221200116153	0.410907738661989	0.701325998730095	0.94950211869261	sample_2022120210001
HROV.vOTU42045	Responder_Status	Responder	0.292684914478485	0.7575780944522	0.70216306336416	0.94965623412632	sample_2022120210001
HROV.vOTU35203	Responder_Status	Responder	0.328333371824281	0.849628897336351	0.702089576274557	0.94965623412632	sample_2022120210001
HROV.vOTU12332	Responder_Status	Responder	-0.291538597688894	0.75490816489034	0.702274409778529	0.94965623412632	sample_2022120210001
HROV.vOTU60486	Responder_Status	Responder	0.462597672652107	1.19939829703379	0.702640059805773	0.949966822778108	sample_2022120210001
HROV.vOTU02247	Responder_Status	Responder	0.397561553541426	1.0314596159084	0.702827222533109	0.949974758773068	sample_2022120210001
HROV.vOTU56707	Responder_Status	Responder	-0.411096623871626	1.06885479270504	0.703429187053208	0.950000313612701	sample_2022120210001
HROV.vOTU20868	Responder_Status	Responder	0.288288757232829	0.748861344720721	0.703168850234005	0.950000313612701	sample_2022120210001
HROV.vOTU66534	Responder_Status	Responder	0.176777230812074	0.459225048191966	0.70318543000846	0.950000313612701	sample_2022120210001
HROV.vOTU20871	Responder_Status	Responder	0.366677579047176	0.953388514376599	0.703436169239256	0.950000313612701	sample_2022120210001
HROV.vOTU46349	Responder_Status	Responder	-0.497001949858204	1.29759268101909	0.704598561317559	0.950610101621332	sample_2022120210001
HROV.vOTU19927	Responder_Status	Responder	-0.287551591366658	0.752039343218971	0.705079549646658	0.951129101453014	sample_2022120210001
HROV.vOTU31353	Responder_Status	Responder	-0.173963721155162	0.455115475555916	0.705168712340438	0.951176794559211	sample_2022120210001
HROV.vOTU57667	Responder_Status	Responder	0.226866881235273	0.593718971290458	0.705263517798886	0.951243457726167	sample_2022120210001
HROV.vOTU41996	Responder_Status	Responder	0.177991873966585	0.466191252230529	0.705491927953515	0.951367870417916	sample_2022120210001
HROV.vOTU63440	Responder_Status	Responder	0.428921227432369	1.12507108798571	0.705903353732877	0.951418970371081	sample_2022120210001
HROV.vOTU17609	Responder_Status	Responder	-0.229117375269	0.601587824314077	0.706185674917509	0.951418970371081	sample_2022120210001
HROV.vOTU69332	Responder_Status	Responder	0.322815054191232	0.847821155878315	0.706256095420022	0.951418970371081	sample_2022120210001
HROV.vOTU36381	Responder_Status	Responder	-0.193509449112326	0.507653698670464	0.705943892355706	0.951418970371081	sample_2022120210001
HROV.vOTU02735	Responder_Status	Responder	0.247676693525905	0.650699639185355	0.70634933013387	0.951422271036946	sample_2022120210001
HROV.vOTU55105	Responder_Status	Responder	0.327842827305254	0.861813978126684	0.706511624953717	0.951556157995709	sample_2022120210001
HROV.vOTU06266	Responder_Status	Responder	-0.185621414349534	0.487999452252656	0.706539527046146	0.951556157995709	sample_2022120210001
HROV.vOTU63903	Responder_Status	Responder	0.40301705552755	1.06014258520169	0.706699912791074	0.951649866501826	sample_2022120210001
HROV.vOTU51438	Responder_Status	Responder	0.1819462751568	0.47899146255836	0.706920670005564	0.951763697540893	sample_2022120210001
HROV.vOTU15867	Responder_Status	Responder	0.201707209361131	0.531508706100271	0.707180160152898	0.951921116089257	sample_2022120210001
HROV.vOTU03761	Responder_Status	Responder	-0.270798382887547	0.714835817448157	0.707674544156031	0.952182133291273	sample_2022120210001
HROV.vOTU44189	Responder_Status	Responder	-0.366103304375225	0.972830407105155	0.709509705930752	0.952317170834985	sample_2022120210001
HROV.vOTU11407	Responder_Status	Responder	0.376716431112573	0.997221726143624	0.708453069370252	0.952317170834985	sample_2022120210001
HROV.vOTU31842	Responder_Status	Responder	0.375695404341429	0.99908412931447	0.709721528239013	0.952475555889981	sample_2022120210001
HROV.vOTU50793	Responder_Status	Responder	0.26555752208622	0.706562062893916	0.70986504369681	0.952546178993927	sample_2022120210001
HROV.vOTU20267	Responder_Status	Responder	0.129759730155833	0.345199092872215	0.709825599277743	0.952546178993927	sample_2022120210001
HROV.vOTU11370	Responder_Status	Responder	0.340415823806638	0.907095038290907	0.710279167116793	0.9529798580699	sample_2022120210001
HROV.vOTU19773	Responder_Status	Responder	0.138052652936096	0.36870476004867	0.710908184724817	0.95320801862875	sample_2022120210001
HROV.vOTU66153	Responder_Status	Responder	-0.323611665084873	0.871175248601271	0.713086930331315	0.954158219935417	sample_2022120210001
HROV.vOTU31942	Responder_Status	Responder	0.57029079401461	1.53930501241159	0.713808532027251	0.954158219935417	sample_2022120210001
HROV.vOTU09783	Responder_Status	Responder	-0.385270688578986	1.03528454028804	0.712590470810004	0.954158219935417	sample_2022120210001
HROV.vOTU11718	Responder_Status	Responder	-0.341244342090675	0.921855390778373	0.714040348743679	0.954158219935417	sample_2022120210001
HROV.vOTU08028	Responder_Status	Responder	0.393694975667628	1.06316681776934	0.7139424964389	0.954158219935417	sample_2022120210001
HROV.vOTU38904	Responder_Status	Responder	-0.268100969248669	0.72278574881299	0.713483389312209	0.954158219935417	sample_2022120210001
HROV.vOTU62711	Responder_Status	Responder	0.212659200483165	0.574553074550899	0.714070889213118	0.954158219935417	sample_2022120210001
HROV.vOTU37764	Responder_Status	Responder	-0.252326315634395	0.678862280952931	0.712921722529636	0.954158219935417	sample_2022120210001
HROV.vOTU05340	Responder_Status	Responder	-0.492116508813887	1.33402118458509	0.71497931258894	0.95482205052527	sample_2022120210001
HROV.vOTU75645	Responder_Status	Responder	-0.251616059064372	0.684236020935797	0.715837663620789	0.955002409985091	sample_2022120210001
HROV.vOTU48092	Responder_Status	Responder	-0.216373917547575	0.587370069922515	0.715362331824078	0.955002409985091	sample_2022120210001
HROV.vOTU33245	Responder_Status	Responder	-0.555139234612538	1.50896562923663	0.715718907864819	0.955002409985091	sample_2022120210001
HROV.vOTU13787	Responder_Status	Responder	0.298437565750637	0.811685495279626	0.715879320903148	0.955002409985091	sample_2022120210001
HROV.vOTU31355	Responder_Status	Responder	-0.41422439997337	1.12838965712321	0.716309267273781	0.955064142743376	sample_2022120210001
HROV.vOTU73063	Responder_Status	Responder	-0.238237010766309	0.652323365935883	0.717696728248057	0.95522754788413	sample_2022120210001
HROV.vOTU04630	Responder_Status	Responder	-0.321838974607992	0.884751854959151	0.7187682074109	0.955416152835401	sample_2022120210001
HROV.vOTU51606	Responder_Status	Responder	0.115027450318652	0.316617318717224	0.719108451023642	0.955416152835401	sample_2022120210001
HROV.vOTU56503	Responder_Status	Responder	-0.330019467693744	0.909700845842855	0.719494944286002	0.955416152835401	sample_2022120210001
HROV.vOTU49940	Responder_Status	Responder	-0.34550550258383	0.948697097350036	0.718452413684573	0.955416152835401	sample_2022120210001
HROV.vOTU38487	Responder_Status	Responder	0.408472280197134	1.12274885965407	0.718729349141962	0.955416152835401	sample_2022120210001
HROV.vOTU10652	Responder_Status	Responder	0.169210083444151	0.467246130309983	0.7199638910202	0.955416152835401	sample_2022120210001
HROV.vOTU02911	Responder_Status	Responder	0.279888374724134	0.772153477945624	0.719716873605698	0.955416152835401	sample_2022120210001
HROV.vOTU23806	Responder_Status	Responder	-0.2810892848417	0.771222007092824	0.718243368130761	0.955416152835401	sample_2022120210001
HROV.vOTU14772	Responder_Status	Responder	0.303164248988266	0.835440156907746	0.719419841830444	0.955416152835401	sample_2022120210001
HROV.vOTU15594	Responder_Status	Responder	0.242974055614036	0.67145754609847	0.720172830089952	0.955489461873997	sample_2022120210001
HROV.vOTU74699	Responder_Status	Responder	-0.280157737919353	0.775106282348155	0.720480563531435	0.955621804328839	sample_2022120210001
HROV.vOTU59663	Responder_Status	Responder	0.107378301606338	0.298018024898581	0.721320604207532	0.955741820860349	sample_2022120210001
HROV.vOTU27906	Responder_Status	Responder	0.364185093311959	1.01302062576856	0.721915209589028	0.955905739612001	sample_2022120210001
HROV.vOTU24371	Responder_Status	Responder	-0.302055039678592	0.839483108159709	0.721688414081029	0.955905739612001	sample_2022120210001
HROV.vOTU56332	Responder_Status	Responder	-0.244523375475954	0.68059739303166	0.72208280416397	0.955905739612001	sample_2022120210001
HROV.vOTU22265	Responder_Status	Responder	0.442706120801829	1.23032459879935	0.721675119629527	0.955905739612001	sample_2022120210001
HROV.vOTU35858	Responder_Status	Responder	0.237807350710726	0.661377091030071	0.72187096610511	0.955905739612001	sample_2022120210001
HROV.vOTU19549	Responder_Status	Responder	-0.281912326042298	0.786392701531106	0.722667010725383	0.956135623330642	sample_2022120210001
HROV.vOTU18653	Responder_Status	Responder	-0.232760614311657	0.650358425111055	0.723105187204729	0.95635315016476	sample_2022120210001
HROV.vOTU43577	Responder_Status	Responder	-0.422420883077001	1.18117194573677	0.723303031633428	0.956494103661618	sample_2022120210001
HROV.vOTU36085	Responder_Status	Responder	-0.268232316245485	0.750165840631327	0.723350842031655	0.956496981198883	sample_2022120210001
HROV.vOTU64525	Responder_Status	Responder	0.329833903782195	0.925863667144952	0.724327796025274	0.957064275653391	sample_2022120210001
HROV.vOTU17130	Responder_Status	Responder	0.224285194384212	0.629531503729654	0.724306603050443	0.957064275653391	sample_2022120210001
HROV.vOTU01908	Responder_Status	Responder	-0.274143335988045	0.770464554063869	0.724645489942949	0.957182346181258	sample_2022120210001
HROV.vOTU18061	Responder_Status	Responder	0.300944261990748	0.84598551387627	0.724707316983929	0.957203690464626	sample_2022120210001
HROV.vOTU67231	Responder_Status	Responder	0.217102950114114	0.610538088286524	0.724810554098274	0.957231596633555	sample_2022120210001
HROV.vOTU44418	Responder_Status	Responder	-0.269278799067843	0.757293826987828	0.724819783882212	0.957231596633555	sample_2022120210001
HROV.vOTU17998	Responder_Status	Responder	0.0644994517801256	0.181462276900313	0.724921709041265	0.957245575600385	sample_2022120210001
HROV.vOTU01022	Responder_Status	Responder	-0.349833381381369	0.984590204731927	0.725021086234729	0.957316490328834	sample_2022120210001
HROV.vOTU12693	Responder_Status	Responder	-0.313439627555166	0.88310591738034	0.725302574505636	0.957507209273674	sample_2022120210001
HROV.vOTU38248	Responder_Status	Responder	-0.296629702396624	0.839377872442507	0.726441276367158	0.957532087196928	sample_2022120210001
HROV.vOTU00478	Responder_Status	Responder	0.439756500896769	1.24311175205585	0.726172715922187	0.957532087196928	sample_2022120210001
HROV.vOTU03138	Responder_Status	Responder	-0.151754330756054	0.429281872363186	0.726355947240723	0.957532087196928	sample_2022120210001
HROV.vOTU06709	Responder_Status	Responder	-0.345887557437896	0.977776653875203	0.726176833971722	0.957532087196928	sample_2022120210001
HROV.vOTU22871	Responder_Status	Responder	0.221509653950519	0.624313363721045	0.725394047775374	0.957532087196928	sample_2022120210001
HROV.vOTU37824	Responder_Status	Responder	0.257988989753873	0.73074881710679	0.726696995401209	0.957688015396117	sample_2022120210001
HROV.vOTU36848	Responder_Status	Responder	0.290269353363519	0.823461048209398	0.727103536048851	0.957688015396117	sample_2022120210001
HROV.vOTU45038	Responder_Status	Responder	-0.378488071351512	1.07383664110538	0.727130108636155	0.957688015396117	sample_2022120210001
HROV.vOTU28892	Responder_Status	Responder	-0.509390339795971	1.44563259586441	0.727203051635413	0.957709217474275	sample_2022120210001
HROV.vOTU66843	Responder_Status	Responder	-0.314155031957081	0.891844253444413	0.727285942268891	0.957712719102592	sample_2022120210001
HROV.vOTU49179	Responder_Status	Responder	0.279805741490595	0.79566947026694	0.727725415310036	0.957775710294405	sample_2022120210001
HROV.vOTU16598	Responder_Status	Responder	-0.133904447127097	0.381112839219065	0.727955095374346	0.957798242956063	sample_2022120210001
HROV.vOTU72910	Responder_Status	Responder	0.423745824124362	1.20609418508574	0.727965426979057	0.957798242956063	sample_2022120210001
HROV.vOTU19551	Responder_Status	Responder	0.332819328009359	0.954375171350941	0.729900683067335	0.958866707432864	sample_2022120210001
HROV.vOTU69434	Responder_Status	Responder	-0.116980462332317	0.335751685086359	0.730135702037547	0.958899875718971	sample_2022120210001
HROV.vOTU73206	Responder_Status	Responder	-0.202526430268675	0.581846399421293	0.730386907334498	0.958899875718971	sample_2022120210001
HROV.vOTU35132	Responder_Status	Responder	0.121135133115783	0.349092704591226	0.731185962398176	0.958899875718971	sample_2022120210001
HROV.vOTU04745	Responder_Status	Responder	-0.27243008700839	0.785481990114775	0.731310921518878	0.958927305664607	sample_2022120210001
HROV.vOTU45549	Responder_Status	Responder	-0.243606681163916	0.705521744695172	0.732460037630747	0.959001342248172	sample_2022120210001
HROV.vOTU00965	Responder_Status	Responder	0.301330485859921	0.874259913302997	0.732918582815339	0.959001342248172	sample_2022120210001
HROV.vOTU54639	Responder_Status	Responder	-0.116664814603509	0.337965914991242	0.732526120524268	0.959001342248172	sample_2022120210001
HROV.vOTU67489	Responder_Status	Responder	0.180124321277376	0.521737768474779	0.732494742567093	0.959001342248172	sample_2022120210001
HROV.vOTU73653	Responder_Status	Responder	0.327143163770844	0.950674087562471	0.733329277944241	0.959235093452213	sample_2022120210001
HROV.vOTU07415	Responder_Status	Responder	-0.169559027933447	0.493134634812145	0.733535954226805	0.959235093452213	sample_2022120210001
HROV.vOTU39614	Responder_Status	Responder	0.197149373319088	0.573322643420487	0.733511867442922	0.959235093452213	sample_2022120210001
HROV.vOTU25356	Responder_Status	Responder	-0.353051376740496	1.02723068349359	0.73364518158657	0.959276544357736	sample_2022120210001
HROV.vOTU09421	Responder_Status	Responder	0.0979531894805503	0.285389999021448	0.733992398249985	0.959371455931634	sample_2022120210001
HROV.vOTU51360	Responder_Status	Responder	0.15056033298506	0.441028225800159	0.735362654405925	0.959731071808844	sample_2022120210001
HROV.vOTU63816	Responder_Status	Responder	-0.413771749318578	1.21457873661923	0.735894199335076	0.959945777798803	sample_2022120210001
HROV.vOTU72977	Responder_Status	Responder	-0.122504027709264	0.359491721929631	0.735820397690661	0.959945777798803	sample_2022120210001
HROV.vOTU47534	Responder_Status	Responder	0.419712588079091	1.23376469125366	0.736253556718876	0.960057275221175	sample_2022120210001
HROV.vOTU73274	Responder_Status	Responder	0.219123491225131	0.645551578703424	0.736814121337973	0.960185748655837	sample_2022120210001
HROV.vOTU45043	Responder_Status	Responder	0.349921030838726	1.03296875611436	0.737323294476307	0.960353584439988	sample_2022120210001
HROV.vOTU43933	Responder_Status	Responder	0.156465271135529	0.462131406912382	0.737457188889287	0.960366739926651	sample_2022120210001
HROV.vOTU04428	Responder_Status	Responder	-0.257275938429104	0.762622890700958	0.738363988395875	0.960746520242223	sample_2022120210001
HROV.vOTU12112	Responder_Status	Responder	-0.286235347303319	0.847385211298653	0.738043485416102	0.960746520242223	sample_2022120210001
HROV.vOTU13101	Responder_Status	Responder	-0.221328313438296	0.658560334464635	0.739316861993635	0.960746520242223	sample_2022120210001
HROV.vOTU70449	Responder_Status	Responder	-0.293708342765509	0.869736786304916	0.738109545400353	0.960746520242223	sample_2022120210001
HROV.vOTU10690	Responder_Status	Responder	-0.257740387727945	0.765574213517058	0.738881406485025	0.960746520242223	sample_2022120210001
HROV.vOTU51920	Responder_Status	Responder	-0.277403629556114	0.822430829995911	0.738408338000555	0.960746520242223	sample_2022120210001
HROV.vOTU52394	Responder_Status	Responder	0.22460164407984	0.668451398308951	0.739373606683077	0.960746520242223	sample_2022120210001
HROV.vOTU00962	Responder_Status	Responder	0.169214747778925	0.501669696414388	0.738403944944969	0.960746520242223	sample_2022120210001
HROV.vOTU59845	Responder_Status	Responder	0.146324080167693	0.435414950262831	0.739333566941834	0.960746520242223	sample_2022120210001
HROV.vOTU30403	Responder_Status	Responder	0.165378136017364	0.491693375336212	0.739119180720369	0.960746520242223	sample_2022120210001
HROV.vOTU56464	Responder_Status	Responder	-0.280258870384541	0.834505245776032	0.739496394985849	0.960754009725618	sample_2022120210001
HROV.vOTU32134	Responder_Status	Responder	0.16447812647626	0.493086159731535	0.741190233122553	0.961920721044511	sample_2022120210001
HROV.vOTU01193	Responder_Status	Responder	-0.240100036499344	0.720667734598779	0.741492956476244	0.962081239384803	sample_2022120210001
HROV.vOTU62233	Responder_Status	Responder	-0.365490671360258	1.09796975939347	0.741705525596862	0.962095223649304	sample_2022120210001
HROV.vOTU29058	Responder_Status	Responder	0.314593657233523	0.952987682540741	0.743771789494888	0.962418126763294	sample_2022120210001
HROV.vOTU59157	Responder_Status	Responder	-0.291246648024764	0.890076528329465	0.745938876808384	0.962418126763294	sample_2022120210001
HROV.vOTU61871	Responder_Status	Responder	-0.290738649804203	0.878955523034258	0.743275220905945	0.962418126763294	sample_2022120210001
HROV.vOTU20479	Responder_Status	Responder	-0.321687205724779	0.988387577494193	0.747247618413546	0.962418126763294	sample_2022120210001
HROV.vOTU24406	Responder_Status	Responder	-0.13202150187605	0.404487999710959	0.746555231608392	0.962418126763294	sample_2022120210001
HROV.vOTU03179	Responder_Status	Responder	0.152639369190416	0.462015641381439	0.743574444732922	0.962418126763294	sample_2022120210001
HROV.vOTU32491	Responder_Status	Responder	-0.444079367080149	1.36320578838082	0.747027222953316	0.962418126763294	sample_2022120210001
HROV.vOTU03303	Responder_Status	Responder	-0.218527316894029	0.661012258668504	0.7434115933216	0.962418126763294	sample_2022120210001
HROV.vOTU50767	Responder_Status	Responder	-0.340750126399806	1.04759853501265	0.747396463729324	0.962418126763294	sample_2022120210001
HROV.vOTU71080	Responder_Status	Responder	0.208998936380256	0.634892759437563	0.744463514837503	0.962418126763294	sample_2022120210001
HROV.vOTU24222	Responder_Status	Responder	-0.267753933727463	0.808525632854016	0.742986950777774	0.962418126763294	sample_2022120210001
HROV.vOTU25462	Responder_Status	Responder	0.237375540291596	0.715026208972535	0.742375517005172	0.962418126763294	sample_2022120210001
HROV.vOTU03083	Responder_Status	Responder	0.296754698138713	0.905833914083465	0.74564814982186	0.962418126763294	sample_2022120210001
HROV.vOTU75805	Responder_Status	Responder	0.384659527319993	1.17267111880151	0.745336891854727	0.962418126763294	sample_2022120210001
HROV.vOTU28752	Responder_Status	Responder	0.232967585674817	0.709756134196539	0.745175217453736	0.962418126763294	sample_2022120210001
HROV.vOTU06205	Responder_Status	Responder	0.228628604774719	0.693274401438282	0.744020125383962	0.962418126763294	sample_2022120210001
HROV.vOTU01091	Responder_Status	Responder	-0.370951835495592	1.1250312827402	0.74406126433698	0.962418126763294	sample_2022120210001
HROV.vOTU49433	Responder_Status	Responder	-0.192721032938062	0.581746914640941	0.742899784737604	0.962418126763294	sample_2022120210001
HROV.vOTU16409	Responder_Status	Responder	0.320333390103651	0.985632480152976	0.747594864015492	0.962418126763294	sample_2022120210001
HROV.vOTU14490	Responder_Status	Responder	-0.353991178611748	1.08176226598446	0.745923641763888	0.962418126763294	sample_2022120210001
HROV.vOTU55043	Responder_Status	Responder	-0.167799362201037	0.507601983776974	0.743428219031503	0.962418126763294	sample_2022120210001
HROV.vOTU41596	Responder_Status	Responder	-0.14620439925866	0.446725378680089	0.745890262459793	0.962418126763294	sample_2022120210001
HROV.vOTU75469	Responder_Status	Responder	-0.210251251319043	0.634487498852473	0.742831100561554	0.962418126763294	sample_2022120210001
HROV.vOTU05290	Responder_Status	Responder	-0.278402987271941	0.858267444022521	0.748062883258464	0.962418126763294	sample_2022120210001
HROV.vOTU59311	Responder_Status	Responder	-0.149339522521423	0.458949459316709	0.747301819022899	0.962418126763294	sample_2022120210001
HROV.vOTU08027	Responder_Status	Responder	-0.19520778354285	0.597485207969505	0.746312728149149	0.962418126763294	sample_2022120210001
HROV.vOTU53400	Responder_Status	Responder	0.166188355487162	0.509010881344237	0.746479570175364	0.962418126763294	sample_2022120210001
HROV.vOTU51564	Responder_Status	Responder	-0.240740381624824	0.733124050954044	0.745070541384723	0.962418126763294	sample_2022120210001
HROV.vOTU64089	Responder_Status	Responder	0.205933592954442	0.623936407013634	0.743814856942709	0.962418126763294	sample_2022120210001
HROV.vOTU65289	Responder_Status	Responder	0.164937838747816	0.505221668802579	0.746499370308402	0.962418126763294	sample_2022120210001
HROV.vOTU02175	Responder_Status	Responder	0.225041795781078	0.677860323354678	0.742370397717406	0.962418126763294	sample_2022120210001
HROV.vOTU18575	Responder_Status	Responder	0.198287515567135	0.606872332420412	0.746296930337819	0.962418126763294	sample_2022120210001
HROV.vOTU16457	Responder_Status	Responder	-0.121583572552949	0.374804148777731	0.748052109902049	0.962418126763294	sample_2022120210001
HROV.vOTU35445	Responder_Status	Responder	0.320265129728778	0.988379787156279	0.748323125132994	0.962556164638696	sample_2022120210001
HROV.vOTU13420	Responder_Status	Responder	-0.268872757230085	0.830310019450903	0.748479154892416	0.96262529772424	sample_2022120210001
HROV.vOTU26986	Responder_Status	Responder	0.120944618035412	0.373785546049348	0.7486703719491	0.962648364888849	sample_2022120210001
HROV.vOTU00904	Responder_Status	Responder	0.445120289747413	1.37646083085536	0.748810154884968	0.962674492446794	sample_2022120210001
HROV.vOTU13389	Responder_Status	Responder	-0.221118201290805	0.687448427277468	0.75010637323566	0.963017860040392	sample_2022120210001
HROV.vOTU72898	Responder_Status	Responder	0.236407615411003	0.736661662064559	0.750655988344791	0.96313354038362	sample_2022120210001
HROV.vOTU20980	Responder_Status	Responder	-0.2832944542052	0.885189224322858	0.751315302114686	0.963330808853234	sample_2022120210001
HROV.vOTU30169	Responder_Status	Responder	-0.252247397039369	0.790136695602111	0.751910169199192	0.963704355071766	sample_2022120210001
HROV.vOTU63233	Responder_Status	Responder	-0.256084087102606	0.815873054310169	0.755940765197212	0.963731418884665	sample_2022120210001
HROV.vOTU64197	Responder_Status	Responder	-0.353773153359479	1.12723173026572	0.755967017090973	0.963731418884665	sample_2022120210001
HROV.vOTU04109	Responder_Status	Responder	-0.382604065867453	1.21513097917326	0.755197507567841	0.963731418884665	sample_2022120210001
HROV.vOTU01886	Responder_Status	Responder	-0.140133233561607	0.446436408015524	0.755929067789964	0.963731418884665	sample_2022120210001
HROV.vOTU17325	Responder_Status	Responder	0.327082781435845	1.0370667869617	0.754802602635698	0.963731418884665	sample_2022120210001
HROV.vOTU17878	Responder_Status	Responder	0.337311380843133	1.06528690670252	0.753866253316931	0.963731418884665	sample_2022120210001
HROV.vOTU21530	Responder_Status	Responder	0.0955186890051565	0.301362696608846	0.753628309763783	0.963731418884665	sample_2022120210001
HROV.vOTU26876	Responder_Status	Responder	0.299158824549787	0.942595664068492	0.753311680815314	0.963731418884665	sample_2022120210001
HROV.vOTU05205	Responder_Status	Responder	-0.187591800883822	0.590708426902885	0.753166647791243	0.963731418884665	sample_2022120210001
HROV.vOTU13262	Responder_Status	Responder	0.26575593630756	0.843072810675538	0.754929710215765	0.963731418884665	sample_2022120210001
HROV.vOTU75151	Responder_Status	Responder	0.124060617915015	0.391561357965688	0.753718563470473	0.963731418884665	sample_2022120210001
HROV.vOTU41142	Responder_Status	Responder	0.219778991417802	0.693086630502827	0.753518813857838	0.963731418884665	sample_2022120210001
HROV.vOTU46619	Responder_Status	Responder	-0.141832049927449	0.451642287760275	0.755821364998818	0.963731418884665	sample_2022120210001
HROV.vOTU22859	Responder_Status	Responder	-0.192205688707432	0.611177419544671	0.755484701574226	0.963731418884665	sample_2022120210001
HROV.vOTU02633	Responder_Status	Responder	-0.30875267693006	0.97249896150908	0.753232011980191	0.963731418884665	sample_2022120210001
HROV.vOTU73260	Responder_Status	Responder	-0.2057398577752	0.655343464186627	0.755892170279933	0.963731418884665	sample_2022120210001
HROV.vOTU21972	Responder_Status	Responder	-0.0787600956297426	0.250561168999986	0.755597016000347	0.963731418884665	sample_2022120210001
HROV.vOTU72167	Responder_Status	Responder	-0.241710651474867	0.766869476152028	0.754953456494765	0.963731418884665	sample_2022120210001
HROV.vOTU53278	Responder_Status	Responder	-0.173992027935382	0.553374817781392	0.755533109986173	0.963731418884665	sample_2022120210001
HROV.vOTU62491	Responder_Status	Responder	-0.344239151037566	1.09811454775878	0.756237910022945	0.963756127995388	sample_2022120210001
HROV.vOTU16572	Responder_Status	Responder	0.331340668193964	1.05861211832395	0.756603722556571	0.963855477357138	sample_2022120210001
HROV.vOTU05982	Responder_Status	Responder	0.198777817024816	0.635554755787049	0.756778625500952	0.963855477357138	sample_2022120210001
HROV.vOTU04039	Responder_Status	Responder	0.338140559435762	1.08219278925938	0.757007173183448	0.963906831293668	sample_2022120210001
HROV.vOTU08868	Responder_Status	Responder	-0.361322733522453	1.15739334268453	0.757211745093196	0.963992142170673	sample_2022120210001
HROV.vOTU49930	Responder_Status	Responder	0.251174591537328	0.805860315565699	0.757588956648409	0.964179035238973	sample_2022120210001
HROV.vOTU51250	Responder_Status	Responder	0.227050147833196	0.72984419900771	0.758033487512936	0.964510526210838	sample_2022120210001
HROV.vOTU67176	Responder_Status	Responder	-0.309686162223448	0.995878569580473	0.758128418138209	0.964514212089642	sample_2022120210001
HROV.vOTU43200	Responder_Status	Responder	-0.170362659819219	0.547817909249794	0.758116152044361	0.964514212089642	sample_2022120210001
HROV.vOTU18571	Responder_Status	Responder	-0.151028474411155	0.486036675615226	0.758303744581534	0.964561626801125	sample_2022120210001
HROV.vOTU65577	Responder_Status	Responder	-0.405288233536863	1.3053854213605	0.758499895880704	0.964635508625663	sample_2022120210001
HROV.vOTU26597	Responder_Status	Responder	0.155154497958206	0.500518592648267	0.758865957840221	0.964721738634272	sample_2022120210001
HROV.vOTU67198	Responder_Status	Responder	0.125577493288618	0.406453052794722	0.759639681188799	0.965161355776934	sample_2022120210001
HROV.vOTU41060	Responder_Status	Responder	0.403355168966275	1.31265967388793	0.7609035014367	0.965731841345858	sample_2022120210001
HROV.vOTU43190	Responder_Status	Responder	-0.151117090919381	0.492345498408019	0.761165466253572	0.965731841345858	sample_2022120210001
HROV.vOTU74700	Responder_Status	Responder	-0.357520563530248	1.16329995868875	0.760864157088229	0.965731841345858	sample_2022120210001
HROV.vOTU07204	Responder_Status	Responder	0.16256853700986	0.527542356671363	0.760239935501791	0.965731841345858	sample_2022120210001
HROV.vOTU72013	Responder_Status	Responder	-0.145925564433507	0.475607313551314	0.761251024938753	0.965731841345858	sample_2022120210001
HROV.vOTU28075	Responder_Status	Responder	0.144880681421811	0.471641072801058	0.760976291655813	0.965731841345858	sample_2022120210001
HROV.vOTU31098	Responder_Status	Responder	0.232453037166856	0.756931754887808	0.761040401548255	0.965731841345858	sample_2022120210001
HROV.vOTU04346	Responder_Status	Responder	0.199195572078308	0.647447150567988	0.760615662282401	0.965731841345858	sample_2022120210001
HROV.vOTU06011	Responder_Status	Responder	0.186026140455557	0.607556701666012	0.76172721734724	0.966043593852372	sample_2022120210001
HROV.vOTU56910	Responder_Status	Responder	-0.276291864688317	0.904828900654968	0.762356132911123	0.966393399369025	sample_2022120210001
HROV.vOTU67651	Responder_Status	Responder	-0.292392918566627	0.958619128836645	0.762610792365611	0.966520873623365	sample_2022120210001
HROV.vOTU68816	Responder_Status	Responder	0.320238227585811	1.05380443555339	0.763460294407517	0.966561041204241	sample_2022120210001
HROV.vOTU30498	Responder_Status	Responder	-0.199961112963036	0.658641312753318	0.763679959293612	0.966561041204241	sample_2022120210001
HROV.vOTU54503	Responder_Status	Responder	0.153268367404376	0.504140408597742	0.763361165100202	0.966561041204241	sample_2022120210001
HROV.vOTU19375	Responder_Status	Responder	0.156371765291098	0.51597960306592	0.764085895316275	0.966695259602168	sample_2022120210001
HROV.vOTU71791	Responder_Status	Responder	0.098363108140962	0.325122459137278	0.764475291438333	0.96684031612552	sample_2022120210001
HROV.vOTU30434	Responder_Status	Responder	0.238324622762875	0.788399671880975	0.764665840394625	0.966861605679239	sample_2022120210001
HROV.vOTU05947	Responder_Status	Responder	-0.248098242925227	0.823869532611841	0.765534434437821	0.966992631109201	sample_2022120210001
HROV.vOTU33597	Responder_Status	Responder	-0.243841173985061	0.814130474313335	0.76676213790601	0.966992631109201	sample_2022120210001
HROV.vOTU67004	Responder_Status	Responder	0.153762438916636	0.517129056875141	0.768402866453312	0.966992631109201	sample_2022120210001
HROV.vOTU20060	Responder_Status	Responder	0.336085427366208	1.11905870642683	0.766145034653065	0.966992631109201	sample_2022120210001
HROV.vOTU25269	Responder_Status	Responder	-0.228265138661756	0.758404383444166	0.765652910255874	0.966992631109201	sample_2022120210001
HROV.vOTU14110	Responder_Status	Responder	-0.220295658193539	0.738882165676769	0.767792081947411	0.966992631109201	sample_2022120210001
HROV.vOTU52532	Responder_Status	Responder	-0.145733520015702	0.484313983129309	0.765708500310751	0.966992631109201	sample_2022120210001
HROV.vOTU30995	Responder_Status	Responder	0.0925471975730185	0.308971391247724	0.766745489548456	0.966992631109201	sample_2022120210001
HROV.vOTU69936	Responder_Status	Responder	0.215913181406608	0.720448276932159	0.76662500142714	0.966992631109201	sample_2022120210001
HROV.vOTU64915	Responder_Status	Responder	-0.195463250664229	0.648304037146573	0.765261614014304	0.966992631109201	sample_2022120210001
HROV.vOTU33528	Responder_Status	Responder	-0.222412924783761	0.744452110328247	0.767328886772821	0.966992631109201	sample_2022120210001
HROV.vOTU10989	Responder_Status	Responder	0.220417508116785	0.742065265645956	0.768634129417477	0.966992631109201	sample_2022120210001
HROV.vOTU05759	Responder_Status	Responder	-0.211524928371682	0.71058732620166	0.768147857129635	0.966992631109201	sample_2022120210001
HROV.vOTU42879	Responder_Status	Responder	0.0844118279595927	0.283023692834902	0.767714419989055	0.966992631109201	sample_2022120210001
HROV.vOTU05670	Responder_Status	Responder	0.189535868148964	0.63918666927696	0.769016367197396	0.967059186834982	sample_2022120210001
HROV.vOTU06240	Responder_Status	Responder	0.281404891703516	0.950037206273463	0.769260116141334	0.967216785226897	sample_2022120210001
HROV.vOTU71081	Responder_Status	Responder	0.0919319767884662	0.311314739988468	0.769941656949749	0.967338826792823	sample_2022120210001
HROV.vOTU75676	Responder_Status	Responder	0.326753667731651	1.10544225134142	0.769726969395052	0.967338826792823	sample_2022120210001
HROV.vOTU41376	Responder_Status	Responder	0.179548384760069	0.607765440902824	0.769849846180631	0.967338826792823	sample_2022120210001
HROV.vOTU14527	Responder_Status	Responder	-0.2046415394855	0.695878701468288	0.770868528813175	0.967644106700004	sample_2022120210001
HROV.vOTU08333	Responder_Status	Responder	-0.316996177550046	1.07617604468544	0.77050446339808	0.967644106700004	sample_2022120210001
HROV.vOTU27519	Responder_Status	Responder	-0.115894373588685	0.394832004611533	0.771283069795781	0.967739787064925	sample_2022120210001
HROV.vOTU11253	Responder_Status	Responder	0.143815195099933	0.4904222352079	0.771495315561372	0.967890214530816	sample_2022120210001
HROV.vOTU33092	Responder_Status	Responder	-0.178134270464262	0.608604604232111	0.77191497683155	0.968184903021321	sample_2022120210001
HROV.vOTU71614	Responder_Status	Responder	0.231269274304625	0.791966323313523	0.772424825340733	0.968221238581387	sample_2022120210001
HROV.vOTU63635	Responder_Status	Responder	-0.10357920350534	0.354308871156205	0.772180829319942	0.968221238581387	sample_2022120210001
HROV.vOTU41690	Responder_Status	Responder	0.186643208184545	0.64237811805275	0.77353640602753	0.968519476422097	sample_2022120210001
HROV.vOTU57265	Responder_Status	Responder	-0.371845061276357	1.27676083261265	0.773013675269458	0.968519476422097	sample_2022120210001
HROV.vOTU12599	Responder_Status	Responder	0.268396997600638	0.924482853417418	0.773709885903648	0.968519476422097	sample_2022120210001
HROV.vOTU64647	Responder_Status	Responder	-0.171238458821252	0.588144477842727	0.773082276756588	0.968519476422097	sample_2022120210001
HROV.vOTU04734	Responder_Status	Responder	-0.287786964219152	0.987844982521688	0.77294775852422	0.968519476422097	sample_2022120210001
HROV.vOTU72573	Responder_Status	Responder	0.206005803995776	0.709074408350286	0.773553527261089	0.968519476422097	sample_2022120210001
HROV.vOTU32660	Responder_Status	Responder	-0.415072743965489	1.4328316403465	0.774190062641128	0.968528554905469	sample_2022120210001
HROV.vOTU45051	Responder_Status	Responder	0.352113166242252	1.21567283989365	0.774222134419901	0.968528554905469	sample_2022120210001
HROV.vOTU71968	Responder_Status	Responder	0.189821317711292	0.65565304325437	0.774320414593267	0.968535888874791	sample_2022120210001
HROV.vOTU55589	Responder_Status	Responder	0.204389924107742	0.706788718771311	0.774573205287625	0.968593944857252	sample_2022120210001
HROV.vOTU14774	Responder_Status	Responder	-0.114760164298036	0.396759168308633	0.774525638805098	0.968593944857252	sample_2022120210001
HROV.vOTU28419	Responder_Status	Responder	-0.218748706944117	0.75866260639921	0.775214319980942	0.968647753149076	sample_2022120210001
HROV.vOTU09621	Responder_Status	Responder	-0.16173384661639	0.560962011061539	0.775229081169147	0.968647753149076	sample_2022120210001
HROV.vOTU34352	Responder_Status	Responder	-0.394272700210563	1.3646158410039	0.774766555159842	0.968647753149076	sample_2022120210001
HROV.vOTU55100	Responder_Status	Responder	0.0956189000890892	0.331477879673199	0.77511754927955	0.968647753149076	sample_2022120210001
HROV.vOTU43070	Responder_Status	Responder	-0.293918109167341	1.02651915645488	0.776737102864101	0.968836158104149	sample_2022120210001
HROV.vOTU19833	Responder_Status	Responder	0.2721770059771	0.951820866517667	0.777018316478588	0.968836158104149	sample_2022120210001
HROV.vOTU43115	Responder_Status	Responder	0.176438084009759	0.618023418251309	0.777371838856682	0.968836158104149	sample_2022120210001
HROV.vOTU15208	Responder_Status	Responder	-0.172699065915734	0.601952749491626	0.776302798561137	0.968836158104149	sample_2022120210001
HROV.vOTU74677	Responder_Status	Responder	-0.261148842014825	0.917087200694049	0.777924361001548	0.96893589523191	sample_2022120210001
HROV.vOTU29403	Responder_Status	Responder	0.242627520760347	0.85398718102345	0.778415478415928	0.968971112206308	sample_2022120210001
HROV.vOTU49746	Responder_Status	Responder	0.380305539455234	1.34097300418121	0.778800245199436	0.969018042120908	sample_2022120210001
HROV.vOTU49542	Responder_Status	Responder	0.244008719775637	0.866255177451159	0.780258571296768	0.969195436371659	sample_2022120210001
HROV.vOTU66926	Responder_Status	Responder	-0.0539274098481063	0.191086290599726	0.779854284863364	0.969195436371659	sample_2022120210001
HROV.vOTU52334	Responder_Status	Responder	-0.409632169186905	1.45329656258974	0.78012053930872	0.969195436371659	sample_2022120210001
HROV.vOTU22511	Responder_Status	Responder	-0.335663210362006	1.19335626097811	0.780566478024903	0.969276437795408	sample_2022120210001
HROV.vOTU42122	Responder_Status	Responder	-0.155389244892963	0.552733891635663	0.780678920779004	0.969276437795408	sample_2022120210001
HROV.vOTU04021	Responder_Status	Responder	-0.2167558613922	0.771627888771965	0.780846882607625	0.969302317635239	sample_2022120210001
HROV.vOTU67333	Responder_Status	Responder	-0.242698871734068	0.864230393456309	0.780908113869931	0.969302317635239	sample_2022120210001
HROV.vOTU57111	Responder_Status	Responder	-0.0583996977886318	0.207964966527924	0.780916853242514	0.969302317635239	sample_2022120210001
HROV.vOTU24665	Responder_Status	Responder	-0.126866050693233	0.452087024080154	0.781062623344605	0.969390844700552	sample_2022120210001
HROV.vOTU18825	Responder_Status	Responder	-0.244524689278308	0.872874555499772	0.781431495001981	0.969705257127855	sample_2022120210001
HROV.vOTU34371	Responder_Status	Responder	0.233979748517133	0.8359898595458	0.78162421324245	0.969725345232901	sample_2022120210001
HROV.vOTU22387	Responder_Status	Responder	-0.114202305202515	0.409970172075471	0.782627573471362	0.969725345232901	sample_2022120210001
HROV.vOTU54766	Responder_Status	Responder	-0.193883305933823	0.695637718509622	0.78251318939213	0.969725345232901	sample_2022120210001
HROV.vOTU04898	Responder_Status	Responder	-0.180186036152674	0.646062414345418	0.782372077655861	0.969725345232901	sample_2022120210001
HROV.vOTU31635	Responder_Status	Responder	-0.0955989960625778	0.344137186002715	0.783211989190594	0.969933429449622	sample_2022120210001
HROV.vOTU17996	Responder_Status	Responder	-0.227870077510461	0.823790815005788	0.784110061443684	0.970043781200876	sample_2022120210001
HROV.vOTU27668	Responder_Status	Responder	0.267954952913681	0.968392325938206	0.784042226694554	0.970043781200876	sample_2022120210001
HROV.vOTU01341	Responder_Status	Responder	-0.201350788012846	0.727051324370596	0.783859186889023	0.970043781200876	sample_2022120210001
HROV.vOTU25786	Responder_Status	Responder	-0.178538309141779	0.645090116237411	0.783993513070323	0.970043781200876	sample_2022120210001
HROV.vOTU02275	Responder_Status	Responder	0.194929209320212	0.702800026452468	0.783540594451138	0.970043781200876	sample_2022120210001
HROV.vOTU45763	Responder_Status	Responder	-0.355971974275367	1.29145320266668	0.784851138512047	0.970243577895165	sample_2022120210001
HROV.vOTU09082	Responder_Status	Responder	-0.121173543472793	0.439939461382857	0.785006587835509	0.970259770102532	sample_2022120210001
HROV.vOTU52589	Responder_Status	Responder	-0.152712065395316	0.555435997279141	0.785380279752882	0.970259770102532	sample_2022120210001
HROV.vOTU54565	Responder_Status	Responder	0.320449981641181	1.1694150251827	0.786076209782395	0.970617300598989	sample_2022120210001
HROV.vOTU57244	Responder_Status	Responder	0.0478079215514346	0.17494940282102	0.786653430870109	0.970690412857693	sample_2022120210001
HROV.vOTU62525	Responder_Status	Responder	-0.236082130885752	0.867403425123104	0.787487472083057	0.970697330913954	sample_2022120210001
HROV.vOTU24973	Responder_Status	Responder	0.0991415581506719	0.363410237511779	0.787002069734848	0.970697330913954	sample_2022120210001
HROV.vOTU66996	Responder_Status	Responder	-0.336219784985763	1.24307493824503	0.788779176594294	0.970941891491239	sample_2022120210001
HROV.vOTU21901	Responder_Status	Responder	-0.445888576047301	1.6465795486404	0.788533554000152	0.970941891491239	sample_2022120210001
HROV.vOTU68402	Responder_Status	Responder	-0.220908271747351	0.815225794838304	0.78839563082983	0.970941891491239	sample_2022120210001
HROV.vOTU23061	Responder_Status	Responder	-0.279553026852073	1.03537312905947	0.789138645950859	0.970941891491239	sample_2022120210001
HROV.vOTU12973	Responder_Status	Responder	-0.204798555426888	0.760896937721437	0.789784556753941	0.971130136663299	sample_2022120210001
HROV.vOTU64705	Responder_Status	Responder	0.220677882467144	0.821009904890218	0.790063206606759	0.971172383813993	sample_2022120210001
HROV.vOTU40970	Responder_Status	Responder	0.198589699722701	0.739773746344306	0.790323595451249	0.971172383813993	sample_2022120210001
HROV.vOTU69471	Responder_Status	Responder	0.164518361359075	0.613133087310344	0.790416904498009	0.971172383813993	sample_2022120210001
HROV.vOTU43842	Responder_Status	Responder	-0.370966911631001	1.39663401537545	0.792481699576887	0.971547511975473	sample_2022120210001
HROV.vOTU43798	Responder_Status	Responder	0.215105989342449	0.805263991577074	0.791330755104557	0.971547511975473	sample_2022120210001
HROV.vOTU61114	Responder_Status	Responder	0.207226309231218	0.780735775868462	0.792627025514341	0.971547511975473	sample_2022120210001
HROV.vOTU58773	Responder_Status	Responder	-0.300670641495393	1.13175851059081	0.79244220058861	0.971547511975473	sample_2022120210001
HROV.vOTU04280	Responder_Status	Responder	-0.251731689561465	0.94438215995893	0.791763527791163	0.971547511975473	sample_2022120210001
HROV.vOTU33181	Responder_Status	Responder	-0.111536705688722	0.417868591629245	0.791488272877191	0.971547511975473	sample_2022120210001
HROV.vOTU16733	Responder_Status	Responder	0.255988769846896	0.958703813659266	0.791414071320427	0.971547511975473	sample_2022120210001
HROV.vOTU29751	Responder_Status	Responder	-0.339185997873009	1.28005043096685	0.792966936713864	0.971793661551926	sample_2022120210001
HROV.vOTU40721	Responder_Status	Responder	0.163149591086402	0.615605689439218	0.792933187386425	0.971793661551926	sample_2022120210001
HROV.vOTU15235	Responder_Status	Responder	-0.176059983290169	0.665977673330581	0.793436297148205	0.971795868621098	sample_2022120210001
HROV.vOTU28977	Responder_Status	Responder	0.213804395799166	0.809060851738091	0.793513142506544	0.971795868621098	sample_2022120210001
HROV.vOTU21251	Responder_Status	Responder	-0.125667116359578	0.475415918658157	0.793460928805874	0.971795868621098	sample_2022120210001
HROV.vOTU65880	Responder_Status	Responder	0.167934967257462	0.634790104000718	0.793292322283248	0.971795868621098	sample_2022120210001
HROV.vOTU73439	Responder_Status	Responder	0.226443503166434	0.85681481290131	0.793495757744273	0.971795868621098	sample_2022120210001
HROV.vOTU52590	Responder_Status	Responder	-0.288365663616967	1.09202179262716	0.793663094134287	0.971848672035123	sample_2022120210001
HROV.vOTU71894	Responder_Status	Responder	-0.203235889463341	0.772010089622593	0.794281295392961	0.971993747210455	sample_2022120210001
HROV.vOTU44398	Responder_Status	Responder	-0.169367187569478	0.643675673509083	0.794380818786472	0.971993747210455	sample_2022120210001
HROV.vOTU66731	Responder_Status	Responder	0.206423429723826	0.784665926333709	0.794421486836143	0.971993747210455	sample_2022120210001
HROV.vOTU20449	Responder_Status	Responder	0.143953589730269	0.546933656075373	0.794322718131646	0.971993747210455	sample_2022120210001
HROV.vOTU10512	Responder_Status	Responder	-0.0919708157185717	0.350373821925351	0.794862787295483	0.972158283591008	sample_2022120210001
HROV.vOTU59579	Responder_Status	Responder	-0.228008516391295	0.869542051475953	0.795073886303679	0.972178649276887	sample_2022120210001
HROV.vOTU42883	Responder_Status	Responder	0.199316051362137	0.763550322775629	0.795973230890037	0.972385694278483	sample_2022120210001
HROV.vOTU01004	Responder_Status	Responder	-0.215236704255718	0.826787696994895	0.796515042843426	0.972426777741204	sample_2022120210001
HROV.vOTU65832	Responder_Status	Responder	-0.224631187233302	0.869853551070042	0.798110271382849	0.972722108784611	sample_2022120210001
HROV.vOTU13279	Responder_Status	Responder	0.309605769139584	1.1991985758675	0.798158406349358	0.972722108784611	sample_2022120210001
HROV.vOTU01702	Responder_Status	Responder	0.261752660169209	1.00807268990489	0.797028452047459	0.972722108784611	sample_2022120210001
HROV.vOTU56918	Responder_Status	Responder	-0.366461749711591	1.41908536311897	0.798111989223051	0.972722108784611	sample_2022120210001
HROV.vOTU58977	Responder_Status	Responder	0.178870658502473	0.688714354037724	0.796982460241554	0.972722108784611	sample_2022120210001
HROV.vOTU38618	Responder_Status	Responder	-0.19515070972187	0.754431956530395	0.797780141278663	0.972722108784611	sample_2022120210001
HROV.vOTU26634	Responder_Status	Responder	0.175691915835246	0.677807353782701	0.797372335543664	0.972722108784611	sample_2022120210001
HROV.vOTU72848	Responder_Status	Responder	0.0983320185453047	0.380373886973568	0.797901041807785	0.972722108784611	sample_2022120210001
HROV.vOTU70862	Responder_Status	Responder	0.143174974603206	0.552215416989255	0.797320778251828	0.972722108784611	sample_2022120210001
HROV.vOTU46545	Responder_Status	Responder	-0.0764888351369557	0.296764183987608	0.798490320452149	0.972817781718033	sample_2022120210001
HROV.vOTU47976	Responder_Status	Responder	-0.122410638451628	0.476025285112015	0.798942131028493	0.973051569518354	sample_2022120210001
HROV.vOTU14738	Responder_Status	Responder	0.270791179989052	1.05318568124414	0.798969085537572	0.973051569518354	sample_2022120210001
HROV.vOTU30012	Responder_Status	Responder	0.130321887014011	0.509501183474508	0.799987949642195	0.973793334369034	sample_2022120210001
HROV.vOTU27141	Responder_Status	Responder	-0.118168775397955	0.470632082764333	0.803581719650712	0.973865476547777	sample_2022120210001
HROV.vOTU33511	Responder_Status	Responder	-0.22437435739109	0.888250803657063	0.80242062936893	0.973865476547777	sample_2022120210001
HROV.vOTU02525	Responder_Status	Responder	-0.128696680354203	0.509125591073563	0.802284939974544	0.973865476547777	sample_2022120210001
HROV.vOTU52385	Responder_Status	Responder	-0.1961076691051	0.771194394409393	0.801129120813758	0.973865476547777	sample_2022120210001
HROV.vOTU01491	Responder_Status	Responder	0.230097467083812	0.913352095975501	0.802937990121863	0.973865476547777	sample_2022120210001
HROV.vOTU51519	Responder_Status	Responder	-0.29280677826837	1.16188830321972	0.802874439867841	0.973865476547777	sample_2022120210001
HROV.vOTU01364	Responder_Status	Responder	-0.119364238858031	0.475060988845179	0.803447299045693	0.973865476547777	sample_2022120210001
HROV.vOTU72935	Responder_Status	Responder	0.246729067257772	0.980336779730137	0.803128156830981	0.973865476547777	sample_2022120210001
HROV.vOTU20688	Responder_Status	Responder	0.315704524242105	1.25704228203785	0.803533162628333	0.973865476547777	sample_2022120210001
HROV.vOTU24598	Responder_Status	Responder	0.207384694832984	0.816554515645768	0.801370432805049	0.973865476547777	sample_2022120210001
HROV.vOTU56596	Responder_Status	Responder	0.249801433694086	0.984255843847006	0.801506626564134	0.973865476547777	sample_2022120210001
HROV.vOTU55435	Responder_Status	Responder	-0.199681563410154	0.796063858457602	0.803772423092275	0.973865476547777	sample_2022120210001
HROV.vOTU47526	Responder_Status	Responder	-0.096181443461218	0.377823099438585	0.800917620747356	0.973865476547777	sample_2022120210001
HROV.vOTU16682	Responder_Status	Responder	0.17668804044426	0.701319643774814	0.802930202705398	0.973865476547777	sample_2022120210001
HROV.vOTU49449	Responder_Status	Responder	0.104799423362136	0.418909000680679	0.804280604444294	0.974096929917508	sample_2022120210001
HROV.vOTU61105	Responder_Status	Responder	-0.301147042704691	1.20414087069205	0.804341410271474	0.974114286663783	sample_2022120210001
HROV.vOTU33056	Responder_Status	Responder	-0.109214964127458	0.437110001180581	0.804522051392847	0.974164193945354	sample_2022120210001
HROV.vOTU57988	Responder_Status	Responder	-0.235486421589707	0.944698106506279	0.804970243131088	0.974384550723417	sample_2022120210001
HROV.vOTU56542	Responder_Status	Responder	0.238810670592212	0.961328287558928	0.805624457552893	0.974532837264218	sample_2022120210001
HROV.vOTU00709	Responder_Status	Responder	-0.219007743245156	0.881792441838432	0.805663406684846	0.974532837264218	sample_2022120210001
HROV.vOTU59792	Responder_Status	Responder	-0.392738773536611	1.62000433585724	0.810213461311818	0.974880370724985	sample_2022120210001
HROV.vOTU40319	Responder_Status	Responder	-0.158852740268566	0.648658241053853	0.808324142244436	0.974880370724985	sample_2022120210001
HROV.vOTU43787	Responder_Status	Responder	-0.23978278359313	1.01277030625759	0.814567129544891	0.974880370724985	sample_2022120210001
HROV.vOTU35660	Responder_Status	Responder	0.274921603321696	1.11585923726537	0.807188012133885	0.974880370724985	sample_2022120210001
HROV.vOTU13649	Responder_Status	Responder	0.218667822834028	0.91744857159374	0.813350462179946	0.974880370724985	sample_2022120210001
HROV.vOTU53905	Responder_Status	Responder	-0.153736832130043	0.630888180761545	0.809252821171453	0.974880370724985	sample_2022120210001
HROV.vOTU53230	Responder_Status	Responder	-0.173509217348171	0.723226549194567	0.812147792664759	0.974880370724985	sample_2022120210001
HROV.vOTU13816	Responder_Status	Responder	-0.169023835508449	0.685100412832318	0.806929487278374	0.974880370724985	sample_2022120210001
HROV.vOTU24078	Responder_Status	Responder	0.179897731492114	0.735297174139763	0.808503889506323	0.974880370724985	sample_2022120210001
HROV.vOTU10480	Responder_Status	Responder	0.227205714687596	0.94480134295186	0.811710317922352	0.974880370724985	sample_2022120210001
HROV.vOTU17122	Responder_Status	Responder	0.221561554586532	0.936187811147958	0.814640661248966	0.974880370724985	sample_2022120210001
HROV.vOTU42326	Responder_Status	Responder	-0.138694062407511	0.57584749857376	0.811424680956544	0.974880370724985	sample_2022120210001
HROV.vOTU04485	Responder_Status	Responder	0.175916707549779	0.718155544562858	0.808276670438387	0.974880370724985	sample_2022120210001
HROV.vOTU00966	Responder_Status	Responder	-0.237582769297758	0.992650775588433	0.81258394442291	0.974880370724985	sample_2022120210001
HROV.vOTU07116	Responder_Status	Responder	-0.11122432374876	0.467134255490165	0.813537944836525	0.974880370724985	sample_2022120210001
HROV.vOTU03500	Responder_Status	Responder	0.127963863386306	0.533999078503912	0.812360266224255	0.974880370724985	sample_2022120210001
HROV.vOTU02943	Responder_Status	Responder	0.201884288040524	0.822647076911683	0.80793028087717	0.974880370724985	sample_2022120210001
HROV.vOTU24122	Responder_Status	Responder	0.16586528281235	0.694111242482729	0.812876516093987	0.974880370724985	sample_2022120210001
HROV.vOTU05395	Responder_Status	Responder	-0.123408472852037	0.513145633785346	0.811699441858192	0.974880370724985	sample_2022120210001
HROV.vOTU08341	Responder_Status	Responder	0.143333052775533	0.581356295644218	0.807055579867435	0.974880370724985	sample_2022120210001
HROV.vOTU09745	Responder_Status	Responder	0.249224001531744	1.03996685380787	0.812350298832426	0.974880370724985	sample_2022120210001
HROV.vOTU30954	Responder_Status	Responder	-0.226151383625708	0.921269346856836	0.807876707796477	0.974880370724985	sample_2022120210001
HROV.vOTU48645	Responder_Status	Responder	0.0910783753257971	0.377946685561215	0.811324917730779	0.974880370724985	sample_2022120210001
HROV.vOTU37086	Responder_Status	Responder	-0.10984527062884	0.455131429366783	0.811043766150744	0.974880370724985	sample_2022120210001
HROV.vOTU41084	Responder_Status	Responder	0.131951756922071	0.557771618242088	0.814712925948211	0.974880370724985	sample_2022120210001
HROV.vOTU40109	Responder_Status	Responder	0.087157257875738	0.360591747082439	0.810769285652789	0.974880370724985	sample_2022120210001
HROV.vOTU61881	Responder_Status	Responder	0.0608859006878982	0.254170418324689	0.812425952718293	0.974880370724985	sample_2022120210001
HROV.vOTU74610	Responder_Status	Responder	0.204126797750732	0.849995712980872	0.811963211927932	0.974880370724985	sample_2022120210001
HROV.vOTU10146	Responder_Status	Responder	-0.228483201560647	0.968582280861779	0.815231551840438	0.974934815003427	sample_2022120210001
HROV.vOTU02249	Responder_Status	Responder	-0.192212335140335	0.814957265014139	0.815261321400495	0.974934815003427	sample_2022120210001
HROV.vOTU01895	Responder_Status	Responder	0.231190702461753	0.979657098317523	0.815157033480427	0.974934815003427	sample_2022120210001
HROV.vOTU18579	Responder_Status	Responder	-0.143981950797199	0.613522386790243	0.816164181748511	0.975302237710877	sample_2022120210001
HROV.vOTU17254	Responder_Status	Responder	-0.189892582862121	0.812477346947616	0.816902394904335	0.975564212227452	sample_2022120210001
HROV.vOTU14287	Responder_Status	Responder	-0.231358323775507	0.993235948048548	0.817507129694091	0.975824538962899	sample_2022120210001
HROV.vOTU34657	Responder_Status	Responder	-0.243643061930812	1.04649769494363	0.817596569667294	0.975824538962899	sample_2022120210001
HROV.vOTU06176	Responder_Status	Responder	-0.298787070214883	1.28647299865208	0.818030805640826	0.975863727161736	sample_2022120210001
HROV.vOTU20641	Responder_Status	Responder	0.117918870240023	0.508082395328568	0.818159060711821	0.975876223175023	sample_2022120210001
HROV.vOTU29180	Responder_Status	Responder	-0.204837987429563	0.883590760053957	0.818360265316467	0.975971008372211	sample_2022120210001
HROV.vOTU33099	Responder_Status	Responder	0.251231211905991	1.08389219452629	0.818389752588258	0.975971008372211	sample_2022120210001
HROV.vOTU53756	Responder_Status	Responder	0.175897935471254	0.760155386375489	0.818688814819637	0.975971008372211	sample_2022120210001
HROV.vOTU74911	Responder_Status	Responder	-0.152945286347197	0.660644490945777	0.818602765505348	0.975971008372211	sample_2022120210001
HROV.vOTU07631	Responder_Status	Responder	0.24317352479655	1.05522493657825	0.81941981315631	0.975992597218439	sample_2022120210001
HROV.vOTU75427	Responder_Status	Responder	0.224117443599305	0.975689473921902	0.819993414281315	0.976105653427826	sample_2022120210001
HROV.vOTU33001	Responder_Status	Responder	0.168647763715605	0.735055418690554	0.820198238377731	0.976105653427826	sample_2022120210001
HROV.vOTU26256	Responder_Status	Responder	-0.162018608125546	0.706317076093661	0.82023698339632	0.976105653427826	sample_2022120210001
HROV.vOTU73396	Responder_Status	Responder	-0.132887405154156	0.578690397632481	0.820044889942008	0.976105653427826	sample_2022120210001
HROV.vOTU62538	Responder_Status	Responder	-0.242564792871747	1.06052973316917	0.820748536597311	0.97640157078387	sample_2022120210001
HROV.vOTU33749	Responder_Status	Responder	-0.210445161250698	0.920484129506869	0.82082240775457	0.97640157078387	sample_2022120210001
HROV.vOTU47152	Responder_Status	Responder	-0.127435405890236	0.559116884395611	0.82136260527434	0.976533990533371	sample_2022120210001
HROV.vOTU61935	Responder_Status	Responder	0.0842651018979531	0.370002609906278	0.821501749712545	0.976577795043647	sample_2022120210001
HROV.vOTU65612	Responder_Status	Responder	0.156068389127708	0.688240370227317	0.822254407759704	0.976762315932977	sample_2022120210001
HROV.vOTU41183	Responder_Status	Responder	-0.229876210700881	1.01437562190675	0.822366782902357	0.976762315932977	sample_2022120210001
HROV.vOTU20279	Responder_Status	Responder	-0.210333571925566	0.931153103868194	0.822931571424639	0.976762315932977	sample_2022120210001
HROV.vOTU50048	Responder_Status	Responder	0.144785828785322	0.637911478127811	0.822097198353522	0.976762315932977	sample_2022120210001
HROV.vOTU52804	Responder_Status	Responder	0.200391452276832	0.889884238416566	0.823468308399596	0.976859471983119	sample_2022120210001
HROV.vOTU32187	Responder_Status	Responder	0.157520233187634	0.700031685715857	0.823598884270597	0.976859471983119	sample_2022120210001
HROV.vOTU06113	Responder_Status	Responder	-0.210213167499272	0.93532120554578	0.823806122643253	0.976859471983119	sample_2022120210001
HROV.vOTU61390	Responder_Status	Responder	0.12525946316875	0.556927734562272	0.823681465849963	0.976859471983119	sample_2022120210001
HROV.vOTU20478	Responder_Status	Responder	-0.169689595187332	0.75268144985802	0.823269159912648	0.976859471983119	sample_2022120210001
HROV.vOTU73571	Responder_Status	Responder	0.288455520929406	1.28697985189186	0.824280746431721	0.977035822270479	sample_2022120210001
HROV.vOTU66084	Responder_Status	Responder	0.241422322336488	1.07892891288323	0.824567826386218	0.977067304674952	sample_2022120210001
HROV.vOTU50707	Responder_Status	Responder	-0.191543642466009	0.860494735286174	0.825464884201827	0.977067304674952	sample_2022120210001
HROV.vOTU63778	Responder_Status	Responder	-0.233196073181079	1.04541383302485	0.825103648719365	0.977067304674952	sample_2022120210001
HROV.vOTU34103	Responder_Status	Responder	-0.203540458717669	0.914831864776147	0.825547851193624	0.977067304674952	sample_2022120210001
HROV.vOTU47867	Responder_Status	Responder	-0.226859869643206	1.02046661977527	0.825686239467997	0.977067304674952	sample_2022120210001
HROV.vOTU68286	Responder_Status	Responder	-0.105523158712748	0.477034612774985	0.826536905396474	0.977067304674952	sample_2022120210001
HROV.vOTU49385	Responder_Status	Responder	-0.238850580180987	1.0754744817712	0.825856886497296	0.977067304674952	sample_2022120210001
HROV.vOTU07429	Responder_Status	Responder	0.054110673149557	0.243549673015046	0.825790176491216	0.977067304674952	sample_2022120210001
HROV.vOTU63177	Responder_Status	Responder	0.201387993873632	0.908533386243407	0.826185159463753	0.977067304674952	sample_2022120210001
HROV.vOTU15351	Responder_Status	Responder	-0.198454262840842	0.88963383629011	0.825097256011225	0.977067304674952	sample_2022120210001
HROV.vOTU27652	Responder_Status	Responder	-0.144089764620637	0.651258509222959	0.8265047663077	0.977067304674952	sample_2022120210001
HROV.vOTU46144	Responder_Status	Responder	0.154934570621664	0.695225097248341	0.825265913966398	0.977067304674952	sample_2022120210001
HROV.vOTU68457	Responder_Status	Responder	0.0838616424595483	0.379690073560713	0.826797391296341	0.977067304674952	sample_2022120210001
HROV.vOTU12311	Responder_Status	Responder	0.28272909922572	1.28502788519591	0.827453493967369	0.977094379355271	sample_2022120210001
HROV.vOTU60948	Responder_Status	Responder	-0.201469816972209	0.920527750009206	0.828343990241604	0.977252784229893	sample_2022120210001
HROV.vOTU03800	Responder_Status	Responder	-0.312055238233634	1.42867820246077	0.828684241625131	0.977252784229893	sample_2022120210001
HROV.vOTU58577	Responder_Status	Responder	0.0655525028595908	0.300483470697393	0.828889140760363	0.977252784229893	sample_2022120210001
HROV.vOTU40997	Responder_Status	Responder	-0.162420385689164	0.743813129707863	0.828730938174246	0.977252784229893	sample_2022120210001
HROV.vOTU20962	Responder_Status	Responder	0.202053382921144	0.924839890921815	0.82864445962394	0.977252784229893	sample_2022120210001
HROV.vOTU13294	Responder_Status	Responder	-0.082686275469985	0.381894750296475	0.830155420219117	0.977273570896856	sample_2022120210001
HROV.vOTU52139	Responder_Status	Responder	0.247261401092942	1.13944078216515	0.82977990745889	0.977273570896856	sample_2022120210001
HROV.vOTU43815	Responder_Status	Responder	-0.117711742623716	0.543965046199023	0.830248111750761	0.977273570896856	sample_2022120210001
HROV.vOTU01535	Responder_Status	Responder	0.12784796429335	0.590457884229768	0.830149590550347	0.977273570896856	sample_2022120210001
HROV.vOTU22906	Responder_Status	Responder	-0.159114327637165	0.734303522336587	0.830023024415703	0.977273570896856	sample_2022120210001
HROV.vOTU31620	Responder_Status	Responder	0.160919777016149	0.742254323137053	0.82993712471645	0.977273570896856	sample_2022120210001
HROV.vOTU17675	Responder_Status	Responder	0.0908634565402143	0.41769622509227	0.829369074284563	0.977273570896856	sample_2022120210001
HROV.vOTU19538	Responder_Status	Responder	0.041212815132876	0.189636117864618	0.829530365071535	0.977273570896856	sample_2022120210001
HROV.vOTU44289	Responder_Status	Responder	0.125788615888232	0.578789246544728	0.829526634711226	0.977273570896856	sample_2022120210001
HROV.vOTU21560	Responder_Status	Responder	0.258006435722793	1.1971286396103	0.830923343733494	0.97765501084431	sample_2022120210001
HROV.vOTU73012	Responder_Status	Responder	0.256272583823049	1.18990721384208	0.831038496696516	0.97765501084431	sample_2022120210001
HROV.vOTU72225	Responder_Status	Responder	0.0910947909621277	0.423002445384315	0.831053192165347	0.97765501084431	sample_2022120210001
HROV.vOTU51865	Responder_Status	Responder	0.24231675192359	1.12958841606093	0.831698010617516	0.977809642278615	sample_2022120210001
HROV.vOTU43245	Responder_Status	Responder	0.148991489002877	0.69533114586031	0.831886112477888	0.977921083428858	sample_2022120210001
HROV.vOTU57416	Responder_Status	Responder	0.226400652722369	1.05758962061279	0.832041981412359	0.978049460512761	sample_2022120210001
HROV.vOTU05144	Responder_Status	Responder	-0.154602851024281	0.725789979534949	0.832859982770528	0.978375638360587	sample_2022120210001
HROV.vOTU24198	Responder_Status	Responder	-0.211703477268661	0.994296370765328	0.832933616632671	0.978375638360587	sample_2022120210001
HROV.vOTU56568	Responder_Status	Responder	0.156942334214414	0.736903455761536	0.832889159310961	0.978375638360587	sample_2022120210001
HROV.vOTU07448	Responder_Status	Responder	0.0919932765076153	0.432382968375509	0.833056512046127	0.978375638360587	sample_2022120210001
HROV.vOTU03660	Responder_Status	Responder	-0.174074176896818	0.820973946006949	0.833616646276617	0.978459078139357	sample_2022120210001
HROV.vOTU19056	Responder_Status	Responder	0.263110865848	1.23993609147361	0.833490421303913	0.978459078139357	sample_2022120210001
HROV.vOTU57098	Responder_Status	Responder	0.0609975423966865	0.288839486201386	0.834275193481257	0.978643835648485	sample_2022120210001
HROV.vOTU34489	Responder_Status	Responder	-0.109217922099696	0.520936689819448	0.835453566517031	0.979034603289299	sample_2022120210001
HROV.vOTU20020	Responder_Status	Responder	0.148073810834458	0.707515608202007	0.835739450169917	0.979034603289299	sample_2022120210001
HROV.vOTU47485	Responder_Status	Responder	-0.130913672208667	0.624918456251883	0.835583123525163	0.979034603289299	sample_2022120210001
HROV.vOTU06467	Responder_Status	Responder	0.19532585301098	0.933033107116273	0.835694572422895	0.979034603289299	sample_2022120210001
HROV.vOTU17571	Responder_Status	Responder	0.0731947199879831	0.34974307486008	0.835743771145192	0.979034603289299	sample_2022120210001
HROV.vOTU20422	Responder_Status	Responder	-0.188830952758314	0.903412127064779	0.835946071329573	0.979179035155239	sample_2022120210001
HROV.vOTU52289	Responder_Status	Responder	-0.13431254114332	0.649837370707928	0.83775046258665	0.979700527253704	sample_2022120210001
HROV.vOTU56041	Responder_Status	Responder	0.111853388036075	0.541840318658887	0.837946944795304	0.979713756531234	sample_2022120210001
HROV.vOTU15717	Responder_Status	Responder	0.133872030273466	0.650159246220208	0.838353744020444	0.979713756531234	sample_2022120210001
HROV.vOTU37184	Responder_Status	Responder	-0.131454046825619	0.638117732722105	0.838279253595312	0.979713756531234	sample_2022120210001
HROV.vOTU16351	Responder_Status	Responder	-0.153904906918539	0.750212384093141	0.838940263285085	0.979790599075372	sample_2022120210001
HROV.vOTU60071	Responder_Status	Responder	0.213297875566798	1.03802480083153	0.838680348418701	0.979790599075372	sample_2022120210001
HROV.vOTU63642	Responder_Status	Responder	0.270465639695425	1.31820953950952	0.838918546757392	0.979790599075372	sample_2022120210001
HROV.vOTU07731	Responder_Status	Responder	0.139312427453867	0.681036229183532	0.839395999103417	0.980098052543459	sample_2022120210001
HROV.vOTU32153	Responder_Status	Responder	-0.25241233923015	1.234473776521	0.839465578377442	0.980124694897013	sample_2022120210001
HROV.vOTU02792	Responder_Status	Responder	-0.0626988293494884	0.307354571514204	0.839832778116359	0.980161336945324	sample_2022120210001
HROV.vOTU64208	Responder_Status	Responder	0.218250186634736	1.07352943657741	0.840369603696152	0.980251927957668	sample_2022120210001
HROV.vOTU56502	Responder_Status	Responder	-0.0712885009498421	0.350817152367862	0.840442783570546	0.98025725202756	sample_2022120210001
HROV.vOTU22969	Responder_Status	Responder	-0.178002570787678	0.881238462169421	0.841383886612042	0.980310100215733	sample_2022120210001
HROV.vOTU26057	Responder_Status	Responder	0.139338189572395	0.694379888165802	0.842410504895878	0.980310100215733	sample_2022120210001
HROV.vOTU04217	Responder_Status	Responder	-0.171521899473758	0.865273184535008	0.844298432959345	0.980310100215733	sample_2022120210001
HROV.vOTU24166	Responder_Status	Responder	0.0712260716016198	0.358741479488759	0.844053828688	0.980310100215733	sample_2022120210001
HROV.vOTU42214	Responder_Status	Responder	-0.102809963329858	0.51196268910727	0.842294568793541	0.980310100215733	sample_2022120210001
HROV.vOTU08015	Responder_Status	Responder	-0.150097068666309	0.759697623256542	0.844805125326979	0.980310100215733	sample_2022120210001
HROV.vOTU35575	Responder_Status	Responder	0.113769273532755	0.562641635920558	0.841218045745109	0.980310100215733	sample_2022120210001
HROV.vOTU65967	Responder_Status	Responder	-0.148152759716188	0.736976570340734	0.842130052830211	0.980310100215733	sample_2022120210001
HROV.vOTU31171	Responder_Status	Responder	0.197746951713703	0.996136709205639	0.844077398510611	0.980310100215733	sample_2022120210001
HROV.vOTU46243	Responder_Status	Responder	-0.134719728810617	0.677440960869649	0.843804846802018	0.980310100215733	sample_2022120210001
HROV.vOTU01200	Responder_Status	Responder	-0.086691977441774	0.439429782504437	0.845031318232896	0.980310100215733	sample_2022120210001
HROV.vOTU31923	Responder_Status	Responder	-0.0665208658538967	0.3291515084882	0.841301322493848	0.980310100215733	sample_2022120210001
HROV.vOTU45112	Responder_Status	Responder	0.206046625564292	1.04790775900536	0.845539930287763	0.980310100215733	sample_2022120210001
HROV.vOTU46317	Responder_Status	Responder	-0.168628450029465	0.838370078884303	0.842044351076376	0.980310100215733	sample_2022120210001
HROV.vOTU27263	Responder_Status	Responder	-0.0637671388770332	0.315903478168789	0.841488397296802	0.980310100215733	sample_2022120210001
HROV.vOTU68255	Responder_Status	Responder	0.112205862491139	0.566476309336168	0.844416002141644	0.980310100215733	sample_2022120210001
HROV.vOTU04983	Responder_Status	Responder	0.178074828144208	0.905128826468504	0.845452281098934	0.980310100215733	sample_2022120210001
HROV.vOTU67786	Responder_Status	Responder	0.220432597466488	1.08820276331847	0.840939200580407	0.980310100215733	sample_2022120210001
HROV.vOTU55238	Responder_Status	Responder	-0.107128273636782	0.543756206162611	0.845238739262538	0.980310100215733	sample_2022120210001
HROV.vOTU19110	Responder_Status	Responder	0.0953241157058572	0.480644514044626	0.844223270911248	0.980310100215733	sample_2022120210001
HROV.vOTU54284	Responder_Status	Responder	0.144650608243619	0.718205712789595	0.841837513350822	0.980310100215733	sample_2022120210001
HROV.vOTU60668	Responder_Status	Responder	0.124732570551357	0.635931098181356	0.845915916434021	0.980374200427434	sample_2022120210001
HROV.vOTU69870	Responder_Status	Responder	0.103737715315901	0.528593045648539	0.845829967941068	0.980374200427434	sample_2022120210001
HROV.vOTU63062	Responder_Status	Responder	-0.0948671493948455	0.484352381077043	0.846131225642401	0.980402177854201	sample_2022120210001
HROV.vOTU35521	Responder_Status	Responder	-0.227958336255707	1.166799513167	0.846513669886354	0.980457655932328	sample_2022120210001
HROV.vOTU35144	Responder_Status	Responder	0.152115209694797	0.778700161270488	0.846533501880121	0.980457655932328	sample_2022120210001
HROV.vOTU22635	Responder_Status	Responder	-0.0992078336155097	0.5085646885448	0.846743518332324	0.980535332877595	sample_2022120210001
HROV.vOTU53150	Responder_Status	Responder	-0.147105742040939	0.755988585302301	0.847121077841552	0.980650491083559	sample_2022120210001
HROV.vOTU68906	Responder_Status	Responder	-0.121121589238378	0.622354257969327	0.847096925780451	0.980650491083559	sample_2022120210001
HROV.vOTU11662	Responder_Status	Responder	0.208996707594274	1.07493568046959	0.847245212143352	0.980668676894738	sample_2022120210001
HROV.vOTU50705	Responder_Status	Responder	0.159637108246178	0.82081349315833	0.847199240621766	0.980668676894738	sample_2022120210001
HROV.vOTU12009	Responder_Status	Responder	-0.108614566001624	0.558815760907879	0.847292954787739	0.980668676894738	sample_2022120210001
HROV.vOTU50485	Responder_Status	Responder	-0.226319242818911	1.16815501900003	0.847777544689469	0.980709218677297	sample_2022120210001
HROV.vOTU12978	Responder_Status	Responder	-0.256378809759978	1.32209197175207	0.847639275459949	0.980709218677297	sample_2022120210001
HROV.vOTU33392	Responder_Status	Responder	-0.15882578776472	0.820298607693734	0.847871611355396	0.980709218677297	sample_2022120210001
HROV.vOTU71610	Responder_Status	Responder	-0.180300852147703	0.931113091510587	0.847855599878857	0.980709218677297	sample_2022120210001
HROV.vOTU43698	Responder_Status	Responder	0.0951548665693547	0.490805085033629	0.847673384679042	0.980709218677297	sample_2022120210001
HROV.vOTU59862	Responder_Status	Responder	0.0443736618927502	0.230027359393164	0.84842500990366	0.980721604686927	sample_2022120210001
HROV.vOTU53949	Responder_Status	Responder	0.0905942205319422	0.469103976432977	0.84825760223702	0.980721604686927	sample_2022120210001
HROV.vOTU16683	Responder_Status	Responder	0.0742785205619932	0.38594189542419	0.848770717742407	0.980863477979313	sample_2022120210001
HROV.vOTU65765	Responder_Status	Responder	0.146435459945568	0.765557312296037	0.849686880201512	0.981128085556616	sample_2022120210001
HROV.vOTU51983	Responder_Status	Responder	-0.186042278060932	0.972374466777626	0.849649433609709	0.981128085556616	sample_2022120210001
HROV.vOTU51722	Responder_Status	Responder	0.0512331054832917	0.267728130886859	0.849622571495967	0.981128085556616	sample_2022120210001
HROV.vOTU38162	Responder_Status	Responder	-0.143648461505878	0.753464399453305	0.85017493069305	0.981193326849259	sample_2022120210001
HROV.vOTU07900	Responder_Status	Responder	0.146049228182357	0.769288027303184	0.850796418330012	0.981284454070694	sample_2022120210001
HROV.vOTU70525	Responder_Status	Responder	-0.190085044407199	1.0004545569348	0.85068091350913	0.981284454070694	sample_2022120210001
HROV.vOTU26162	Responder_Status	Responder	-0.25448843255332	1.34052359212049	0.850802087173321	0.981284454070694	sample_2022120210001
HROV.vOTU52792	Responder_Status	Responder	-0.127993177968702	0.677895782389877	0.851603994671568	0.981632792249585	sample_2022120210001
HROV.vOTU17468	Responder_Status	Responder	-0.206961298704926	1.0971547617487	0.851739830832781	0.981632792249585	sample_2022120210001
HROV.vOTU56498	Responder_Status	Responder	0.134604429730397	0.713820549475898	0.851790721877815	0.981632792249585	sample_2022120210001
HROV.vOTU39080	Responder_Status	Responder	-0.0604687736095239	0.321226977154755	0.852043724977321	0.981686261847221	sample_2022120210001
HROV.vOTU70250	Responder_Status	Responder	-0.149486046692314	0.795883619145811	0.852369163742905	0.981899294973965	sample_2022120210001
HROV.vOTU39652	Responder_Status	Responder	-0.162199009023622	0.864272438893174	0.852487847460759	0.981928080605458	sample_2022120210001
HROV.vOTU49128	Responder_Status	Responder	-0.226458146036623	1.21054411225712	0.852953615240745	0.982105260122659	sample_2022120210001
HROV.vOTU17211	Responder_Status	Responder	0.11009923603695	0.5903901224403	0.853408577027208	0.982286862959378	sample_2022120210001
HROV.vOTU56590	Responder_Status	Responder	-0.0792046388771314	0.425711905320386	0.85374517695722	0.982350620829124	sample_2022120210001
HROV.vOTU35482	Responder_Status	Responder	-0.233548800811513	1.33472362267866	0.862355198719413	0.982389077006268	sample_2022120210001
HROV.vOTU37008	Responder_Status	Responder	0.238072895321914	1.28372948315962	0.854209784289035	0.982389077006268	sample_2022120210001
HROV.vOTU40626	Responder_Status	Responder	-0.20337980671528	1.13796804224287	0.85944298238493	0.982389077006268	sample_2022120210001
HROV.vOTU73002	Responder_Status	Responder	-0.185221920707772	1.03559193103053	0.859338606427113	0.982389077006268	sample_2022120210001
HROV.vOTU29943	Responder_Status	Responder	0.11927358488452	0.648778013186127	0.855461201780209	0.982389077006268	sample_2022120210001
HROV.vOTU50950	Responder_Status	Responder	0.167197487652642	0.963492278535197	0.863481145966639	0.982389077006268	sample_2022120210001
HROV.vOTU36786	Responder_Status	Responder	-0.18165459436357	1.03746332338358	0.862265058815877	0.982389077006268	sample_2022120210001
HROV.vOTU14163	Responder_Status	Responder	0.119918978087028	0.665321758189089	0.858260707011343	0.982389077006268	sample_2022120210001
HROV.vOTU27487	Responder_Status	Responder	-0.178559060383483	0.993160914393277	0.8586133132914	0.982389077006268	sample_2022120210001
HROV.vOTU68369	Responder_Status	Responder	0.144542964365266	0.819077818306698	0.86119464725098	0.982389077006268	sample_2022120210001
HROV.vOTU33368	Responder_Status	Responder	-0.157768237467031	0.864961750857057	0.856583735670599	0.982389077006268	sample_2022120210001
HROV.vOTU50116	Responder_Status	Responder	-0.119212851111205	0.655955164103565	0.857096597244185	0.982389077006268	sample_2022120210001
HROV.vOTU48475	Responder_Status	Responder	0.16843701888152	0.969245499595625	0.863287435129781	0.982389077006268	sample_2022120210001
HROV.vOTU25809	Responder_Status	Responder	-0.148592707447442	0.801970390449579	0.854341514647606	0.982389077006268	sample_2022120210001
HROV.vOTU02641	Responder_Status	Responder	-0.235263095316361	1.30722429424634	0.858471131194496	0.982389077006268	sample_2022120210001
HROV.vOTU31882	Responder_Status	Responder	0.172339107624182	0.981663628059217	0.861904503645301	0.982389077006268	sample_2022120210001
HROV.vOTU30919	Responder_Status	Responder	-0.118713010371699	0.662109502305556	0.858997127682885	0.982389077006268	sample_2022120210001
HROV.vOTU67606	Responder_Status	Responder	-0.132422832873285	0.741385088889803	0.859525778634437	0.982389077006268	sample_2022120210001
HROV.vOTU21655	Responder_Status	Responder	-0.208694346491627	1.1641005248121	0.85901263473782	0.982389077006268	sample_2022120210001
HROV.vOTU27624	Responder_Status	Responder	-0.137224427470331	0.780039773645364	0.861623107010673	0.982389077006268	sample_2022120210001
HROV.vOTU51612	Responder_Status	Responder	0.133743197545073	0.743658151641668	0.858569494715751	0.982389077006268	sample_2022120210001
HROV.vOTU10300	Responder_Status	Responder	-0.16591290681028	0.935414686206591	0.860495984117018	0.982389077006268	sample_2022120210001
HROV.vOTU26839	Responder_Status	Responder	-0.224674705255057	1.26060929059083	0.859827886889006	0.982389077006268	sample_2022120210001
HROV.vOTU13316	Responder_Status	Responder	0.0955201469462558	0.544057284549586	0.861895312777187	0.982389077006268	sample_2022120210001
HROV.vOTU05763	Responder_Status	Responder	-0.207436977304862	1.17761908348573	0.861444361721794	0.982389077006268	sample_2022120210001
HROV.vOTU31335	Responder_Status	Responder	-0.0731012764596649	0.416439858287214	0.861919751729632	0.982389077006268	sample_2022120210001
HROV.vOTU41636	Responder_Status	Responder	-0.135840861372434	0.777586156684402	0.862575925027512	0.982389077006268	sample_2022120210001
HROV.vOTU32445	Responder_Status	Responder	-0.113554697764487	0.617563179113238	0.855436343450769	0.982389077006268	sample_2022120210001
HROV.vOTU44668	Responder_Status	Responder	-0.161107059816455	0.917789011009634	0.861920051201041	0.982389077006268	sample_2022120210001
HROV.vOTU35221	Responder_Status	Responder	-0.180476260303685	0.986630243954126	0.856177394342404	0.982389077006268	sample_2022120210001
HROV.vOTU48425	Responder_Status	Responder	0.0881271898758619	0.485855510483706	0.85737159711767	0.982389077006268	sample_2022120210001
HROV.vOTU29204	Responder_Status	Responder	-0.136549326115251	0.783603338605069	0.862916373467321	0.982389077006268	sample_2022120210001
HROV.vOTU42350	Responder_Status	Responder	0.147819283876321	0.842200944407054	0.861937775949983	0.982389077006268	sample_2022120210001
HROV.vOTU00921	Responder_Status	Responder	0.171694905018059	0.931569078405383	0.855100828377687	0.982389077006268	sample_2022120210001
HROV.vOTU27630	Responder_Status	Responder	-0.155426583939358	0.896026213375961	0.863536174477787	0.982389077006268	sample_2022120210001
HROV.vOTU07267	Responder_Status	Responder	0.206198923709504	1.18588914929672	0.863213102221518	0.982389077006268	sample_2022120210001
HROV.vOTU17311	Responder_Status	Responder	0.0694566967676422	0.38021682567912	0.856368076877031	0.982389077006268	sample_2022120210001
HROV.vOTU38461	Responder_Status	Responder	0.0733701014494324	0.417106294485232	0.861636442191249	0.982389077006268	sample_2022120210001
HROV.vOTU04632	Responder_Status	Responder	-0.0890871681874885	0.50803698134287	0.862062133328279	0.982389077006268	sample_2022120210001
HROV.vOTU17706	Responder_Status	Responder	0.086849057989748	0.492177913052265	0.861203753473528	0.982389077006268	sample_2022120210001
HROV.vOTU16529	Responder_Status	Responder	-0.185121846904225	1.07735936325978	0.86480765353534	0.982473662123626	sample_2022120210001
HROV.vOTU67283	Responder_Status	Responder	-0.150662872972426	0.874513735542935	0.864455153602753	0.982473662123626	sample_2022120210001
HROV.vOTU45464	Responder_Status	Responder	-0.111294356350501	0.647147720648787	0.864692785200397	0.982473662123626	sample_2022120210001
HROV.vOTU36525	Responder_Status	Responder	-0.0957101043071378	0.558170990461594	0.865086711488868	0.98256299299917	sample_2022120210001
HROV.vOTU74953	Responder_Status	Responder	-0.0896530787782613	0.525684495907326	0.865807618553559	0.982849390330671	sample_2022120210001
HROV.vOTU02356	Responder_Status	Responder	-0.130899743981463	0.769289040680902	0.866110366567945	0.983039251917741	sample_2022120210001
HROV.vOTU06071	Responder_Status	Responder	-0.0868162060395939	0.510854353372697	0.86627677981512	0.983115561477336	sample_2022120210001
HROV.vOTU22902	Responder_Status	Responder	-0.226475972422316	1.33705413561225	0.866712195210645	0.983449957320004	sample_2022120210001
HROV.vOTU06386	Responder_Status	Responder	-0.0907010041990888	0.539508579875166	0.867699065315	0.983717676817525	sample_2022120210001
HROV.vOTU34201	Responder_Status	Responder	0.122555706872175	0.730481386723502	0.867967094887672	0.983925247871765	sample_2022120210001
HROV.vOTU74280	Responder_Status	Responder	-0.0861169622119474	0.513905675291876	0.868123291870638	0.983925247871765	sample_2022120210001
HROV.vOTU34831	Responder_Status	Responder	0.16949064325082	1.01475538394045	0.868549923580827	0.98395719456044	sample_2022120210001
HROV.vOTU55256	Responder_Status	Responder	-0.102248902056769	0.614774518968036	0.869100840627793	0.984031739682681	sample_2022120210001
HROV.vOTU42672	Responder_Status	Responder	0.172732407347212	1.03620707791494	0.86880661046849	0.984031739682681	sample_2022120210001
HROV.vOTU01273	Responder_Status	Responder	-0.166401877923123	1.00025459336863	0.869069527749706	0.984031739682681	sample_2022120210001
HROV.vOTU10675	Responder_Status	Responder	0.170114816384067	1.02090996840761	0.868858234718917	0.984031739682681	sample_2022120210001
HROV.vOTU02349	Responder_Status	Responder	-0.190545559483687	1.1471319213903	0.869267121862468	0.984058270280169	sample_2022120210001
HROV.vOTU47224	Responder_Status	Responder	0.165239575974282	0.999566743429202	0.8698868200359	0.984068855135603	sample_2022120210001
HROV.vOTU52475	Responder_Status	Responder	-0.157127234499038	0.947142041407356	0.869430750212649	0.984068855135603	sample_2022120210001
HROV.vOTU72850	Responder_Status	Responder	0.133347750238579	0.806637559233205	0.869885342257932	0.984068855135603	sample_2022120210001
HROV.vOTU14210	Responder_Status	Responder	-0.140383562652515	0.848956449373586	0.869848655977502	0.984068855135603	sample_2022120210001
HROV.vOTU13703	Responder_Status	Responder	-0.188347530386578	1.16760128366538	0.873006379516131	0.984329761059906	sample_2022120210001
HROV.vOTU41845	Responder_Status	Responder	-0.171774250301138	1.06372058189362	0.872871514847138	0.984329761059906	sample_2022120210001
HROV.vOTU24582	Responder_Status	Responder	0.161925196018366	0.992978652323222	0.871634454717888	0.984329761059906	sample_2022120210001
HROV.vOTU00572	Responder_Status	Responder	-0.156866519280923	0.971189817569598	0.872843766623628	0.984329761059906	sample_2022120210001
HROV.vOTU40810	Responder_Status	Responder	0.142259166990961	0.882200770166891	0.873050576984799	0.984329761059906	sample_2022120210001
HROV.vOTU18898	Responder_Status	Responder	0.0368581213229319	0.223951410423283	0.870456271045113	0.984329761059906	sample_2022120210001
HROV.vOTU74110	Responder_Status	Responder	0.122259868538148	0.750136359360133	0.871702035145746	0.984329761059906	sample_2022120210001
HROV.vOTU71058	Responder_Status	Responder	0.0878215493508955	0.543246645221427	0.872734067439387	0.984329761059906	sample_2022120210001
HROV.vOTU32394	Responder_Status	Responder	0.099722629987284	0.614926575606474	0.872336640786349	0.984329761059906	sample_2022120210001
HROV.vOTU37067	Responder_Status	Responder	0.0993726428793844	0.612668448030055	0.87231599655292	0.984329761059906	sample_2022120210001
HROV.vOTU39185	Responder_Status	Responder	0.147004009206606	0.899909057944629	0.871412846346102	0.984329761059906	sample_2022120210001
HROV.vOTU14235	Responder_Status	Responder	-0.0303064997866901	0.185824979788181	0.871617711085679	0.984329761059906	sample_2022120210001
HROV.vOTU57556	Responder_Status	Responder	0.161549926999518	1.00512615244956	0.873463211380054	0.984352595593618	sample_2022120210001
HROV.vOTU66995	Responder_Status	Responder	-0.111704328990565	0.699312802728579	0.874237006846766	0.984500870618835	sample_2022120210001
HROV.vOTU11952	Responder_Status	Responder	0.13324922709941	0.834686790387483	0.87431085996815	0.984500870618835	sample_2022120210001
HROV.vOTU14756	Responder_Status	Responder	-0.100614059674093	0.629468331888387	0.874154812015618	0.984500870618835	sample_2022120210001
HROV.vOTU05459	Responder_Status	Responder	-0.108308808840285	0.677084908412033	0.874058309023587	0.984500870618835	sample_2022120210001
HROV.vOTU11247	Responder_Status	Responder	-0.084128416034496	0.527375255147732	0.874402109133599	0.984500870618835	sample_2022120210001
HROV.vOTU08038	Responder_Status	Responder	0.114665632585255	0.716397986628402	0.873984050669366	0.984500870618835	sample_2022120210001
HROV.vOTU40104	Responder_Status	Responder	0.0926168058476472	0.580486778683596	0.874380749666177	0.984500870618835	sample_2022120210001
HROV.vOTU54313	Responder_Status	Responder	0.0555166409237605	0.347633209953188	0.874264732599107	0.984500870618835	sample_2022120210001
HROV.vOTU64916	Responder_Status	Responder	0.170365794409218	1.07188602884312	0.874856865192628	0.984589770964212	sample_2022120210001
HROV.vOTU40298	Responder_Status	Responder	-0.172248543944106	1.08501546448208	0.875003650543046	0.984624666414925	sample_2022120210001
HROV.vOTU21463	Responder_Status	Responder	-0.143837127018332	0.908444255236722	0.875330468273236	0.984699796855251	sample_2022120210001
HROV.vOTU23010	Responder_Status	Responder	-0.0858595823715097	0.542055657499013	0.875281460481314	0.984699796855251	sample_2022120210001
HROV.vOTU32243	Responder_Status	Responder	0.170998359758283	1.08598041282056	0.876012425952433	0.984838109331387	sample_2022120210001
HROV.vOTU43064	Responder_Status	Responder	-0.116542106004673	0.737797912528063	0.875622482125367	0.984838109331387	sample_2022120210001
HROV.vOTU12907	Responder_Status	Responder	0.15268152356511	0.974566750385192	0.876632226755282	0.98496931999365	sample_2022120210001
HROV.vOTU01741	Responder_Status	Responder	0.164044741968795	1.04671681530244	0.87658765374678	0.98496931999365	sample_2022120210001
HROV.vOTU73961	Responder_Status	Responder	0.128716337191903	0.822935480479669	0.876831210064512	0.985032819315597	sample_2022120210001
HROV.vOTU52765	Responder_Status	Responder	-0.117881291834223	0.754349331065037	0.876942385898332	0.985032819315597	sample_2022120210001
HROV.vOTU07216	Responder_Status	Responder	-0.138319829222814	0.885745672231355	0.87702579862591	0.985062234408122	sample_2022120210001
HROV.vOTU65964	Responder_Status	Responder	-0.141017956676045	0.907687051069178	0.877652373352161	0.985280758480667	sample_2022120210001
HROV.vOTU60669	Responder_Status	Responder	-0.122019223690736	0.790387741861875	0.878418353985431	0.985344997219715	sample_2022120210001
HROV.vOTU41638	Responder_Status	Responder	0.0661349351641427	0.428227351282223	0.878371568745051	0.985344997219715	sample_2022120210001
HROV.vOTU28517	Responder_Status	Responder	0.104472571296523	0.68013789661714	0.879022927936043	0.985395384264481	sample_2022120210001
HROV.vOTU28184	Responder_Status	Responder	-0.0924336631493255	0.601432160735223	0.878957093851017	0.985395384264481	sample_2022120210001
HROV.vOTU05584	Responder_Status	Responder	-0.163553515597563	1.073708863487	0.880022354551691	0.985539167024504	sample_2022120210001
HROV.vOTU24412	Responder_Status	Responder	0.0836152315457515	0.551647451936936	0.880610030627943	0.98577153610135	sample_2022120210001
HROV.vOTU74870	Responder_Status	Responder	-0.0616860432046644	0.407399545170441	0.880734716349216	0.98578409773997	sample_2022120210001
HROV.vOTU11782	Responder_Status	Responder	-0.0443627780911479	0.294465313342799	0.881327693868045	0.98578409773997	sample_2022120210001
HROV.vOTU33454	Responder_Status	Responder	0.131952651288919	0.881899973661475	0.882134491143869	0.985898418170816	sample_2022120210001
HROV.vOTU59281	Responder_Status	Responder	-0.126713002946635	0.85172142063366	0.882799217274907	0.985999969687664	sample_2022120210001
HROV.vOTU03059	Responder_Status	Responder	0.152748866177903	1.02501525702404	0.88260515094231	0.985999969687664	sample_2022120210001
HROV.vOTU44564	Responder_Status	Responder	-0.0920230549856912	0.620219351410624	0.883112751593704	0.986046270887445	sample_2022120210001
HROV.vOTU28139	Responder_Status	Responder	0.0785402888036116	0.531891077776543	0.883667441685049	0.986046270887445	sample_2022120210001
HROV.vOTU49079	Responder_Status	Responder	-0.150687835695403	1.02308915078965	0.883960867069771	0.986046821382778	sample_2022120210001
HROV.vOTU12643	Responder_Status	Responder	-0.0625294738830671	0.425240946847221	0.884150334283721	0.98606710292901	sample_2022120210001
HROV.vOTU74409	Responder_Status	Responder	0.0808531121297278	0.551576918040303	0.884509616721867	0.986186582610262	sample_2022120210001
HROV.vOTU47892	Responder_Status	Responder	-0.1140545044385	0.783738468500459	0.885337987829636	0.986466230219488	sample_2022120210001
HROV.vOTU72545	Responder_Status	Responder	0.0827876951429725	0.581479388324307	0.887803953746786	0.986466230219488	sample_2022120210001
HROV.vOTU12943	Responder_Status	Responder	0.108354193745362	0.745873533926783	0.885537206097614	0.986466230219488	sample_2022120210001
HROV.vOTU19804	Responder_Status	Responder	-0.104552182751918	0.715659154683364	0.884895361915318	0.986466230219488	sample_2022120210001
HROV.vOTU20031	Responder_Status	Responder	-0.149082648458824	1.03025571987171	0.885980753967651	0.986466230219488	sample_2022120210001
HROV.vOTU46594	Responder_Status	Responder	-0.162948117020119	1.14079146229822	0.887441242290353	0.986466230219488	sample_2022120210001
HROV.vOTU23614	Responder_Status	Responder	0.0954829753281446	0.656156184627539	0.885343900828643	0.986466230219488	sample_2022120210001
HROV.vOTU47242	Responder_Status	Responder	-0.0917001261367784	0.644964040276049	0.88795701345205	0.986466230219488	sample_2022120210001
HROV.vOTU05957	Responder_Status	Responder	-0.0491611085825689	0.338314387180409	0.885505628156244	0.986466230219488	sample_2022120210001
HROV.vOTU39786	Responder_Status	Responder	0.0490254705218751	0.340736509128217	0.886625088715726	0.986466230219488	sample_2022120210001
HROV.vOTU37593	Responder_Status	Responder	0.145980031081746	1.02917802672226	0.88822096656739	0.986513431656566	sample_2022120210001
HROV.vOTU17993	Responder_Status	Responder	0.135476376688399	0.977757656041883	0.890790970043573	0.986622229487679	sample_2022120210001
HROV.vOTU08970	Responder_Status	Responder	0.116894524114358	0.858529140576467	0.892671604261404	0.986622229487679	sample_2022120210001
HROV.vOTU18787	Responder_Status	Responder	0.101698927549961	0.746541823972834	0.89261680619492	0.986622229487679	sample_2022120210001
HROV.vOTU06297	Responder_Status	Responder	0.105649707881391	0.76529167768047	0.891187700866568	0.986622229487679	sample_2022120210001
HROV.vOTU48217	Responder_Status	Responder	0.0655873725602616	0.479320313105447	0.892141074722098	0.986622229487679	sample_2022120210001
HROV.vOTU17241	Responder_Status	Responder	0.114359163079081	0.826058136906344	0.890883855396792	0.986622229487679	sample_2022120210001
HROV.vOTU07559	Responder_Status	Responder	-0.145620582492983	1.03444388658858	0.889058044195821	0.986622229487679	sample_2022120210001
HROV.vOTU56079	Responder_Status	Responder	-0.0965085651157642	0.699808183558476	0.891300762769351	0.986622229487679	sample_2022120210001
HROV.vOTU48171	Responder_Status	Responder	0.219490311904553	1.56572121494859	0.88951756515494	0.986622229487679	sample_2022120210001
HROV.vOTU64896	Responder_Status	Responder	-0.064618937969871	0.461178409268607	0.889570632069646	0.986622229487679	sample_2022120210001
HROV.vOTU14222	Responder_Status	Responder	-0.0699790623191886	0.513316442875239	0.892537985020092	0.986622229487679	sample_2022120210001
HROV.vOTU00728	Responder_Status	Responder	-0.0713432889850212	0.525256746880696	0.892931003709292	0.986622229487679	sample_2022120210001
HROV.vOTU16478	Responder_Status	Responder	-0.0935636854450869	0.677358811837979	0.891126147846016	0.986622229487679	sample_2022120210001
HROV.vOTU31042	Responder_Status	Responder	-0.158254560484312	1.13684524000345	0.890284582124935	0.986622229487679	sample_2022120210001
HROV.vOTU63283	Responder_Status	Responder	0.13683911472069	0.996825227650405	0.891795856025594	0.986622229487679	sample_2022120210001
HROV.vOTU49059	Responder_Status	Responder	-0.105042405767418	0.753107037749522	0.890070303673484	0.986622229487679	sample_2022120210001
HROV.vOTU11334	Responder_Status	Responder	0.0369081139580907	0.26724256829051	0.891144157105436	0.986622229487679	sample_2022120210001
HROV.vOTU59437	Responder_Status	Responder	0.0319244122203122	0.231760199327924	0.8914257104056	0.986622229487679	sample_2022120210001
HROV.vOTU06225	Responder_Status	Responder	0.143167672234092	1.05862254028084	0.893389999849177	0.986848716565942	sample_2022120210001
HROV.vOTU39862	Responder_Status	Responder	0.140275110775283	1.0430933744708	0.893985110128123	0.986933946501921	sample_2022120210001
HROV.vOTU54272	Responder_Status	Responder	-0.101225422658196	0.760483190504525	0.895061009722311	0.987137958343148	sample_2022120210001
HROV.vOTU40089	Responder_Status	Responder	-0.0840994798314398	0.63019101338238	0.89479142235626	0.987137958343148	sample_2022120210001
HROV.vOTU34031	Responder_Status	Responder	-0.0744523942926022	0.563466962140244	0.895824300098208	0.987137958343148	sample_2022120210001
HROV.vOTU30335	Responder_Status	Responder	0.139700689779247	1.05346979545734	0.89545019449074	0.987137958343148	sample_2022120210001
HROV.vOTU14344	Responder_Status	Responder	0.0876316039021876	0.655840332145709	0.894660958870551	0.987137958343148	sample_2022120210001
HROV.vOTU55814	Responder_Status	Responder	0.127671854456555	0.955193387083206	0.894626910789119	0.987137958343148	sample_2022120210001
HROV.vOTU06429	Responder_Status	Responder	-0.060393201715178	0.458762688695097	0.896207535732167	0.987137958343148	sample_2022120210001
HROV.vOTU13371	Responder_Status	Responder	-0.0768596163293396	0.581224860932412	0.895742291069516	0.987137958343148	sample_2022120210001
HROV.vOTU65053	Responder_Status	Responder	-0.111754495826571	0.84520810425	0.895754860419638	0.987137958343148	sample_2022120210001
HROV.vOTU42542	Responder_Status	Responder	-0.176926383061028	1.35882674852147	0.897334972117413	0.987214982011373	sample_2022120210001
HROV.vOTU62225	Responder_Status	Responder	0.111264994478725	0.85569303290269	0.89747305905432	0.987214982011373	sample_2022120210001
HROV.vOTU23035	Responder_Status	Responder	0.148199357596318	1.13770101129411	0.897290388391487	0.987214982011373	sample_2022120210001
HROV.vOTU53343	Responder_Status	Responder	-0.0824060037554553	0.631842810853645	0.897165318906576	0.987214982011373	sample_2022120210001
HROV.vOTU41868	Responder_Status	Responder	-0.0558814995945029	0.430713759411557	0.897698421551105	0.987214982011373	sample_2022120210001
HROV.vOTU22105	Responder_Status	Responder	-0.0947478440277832	0.732053350659121	0.897944663594824	0.987234183353866	sample_2022120210001
HROV.vOTU15034	Responder_Status	Responder	-0.0463785525293843	0.358877487367286	0.898097728391776	0.987237017915429	sample_2022120210001
HROV.vOTU73755	Responder_Status	Responder	-0.0760762881820291	0.588645126535725	0.898091945573762	0.987237017915429	sample_2022120210001
HROV.vOTU49568	Responder_Status	Responder	0.0627253667004948	0.487792283787781	0.898601028812479	0.987576951280746	sample_2022120210001
HROV.vOTU53866	Responder_Status	Responder	-0.134919967535539	1.05360138020302	0.899019988334688	0.987654434482681	sample_2022120210001
HROV.vOTU12648	Responder_Status	Responder	-0.186489931412016	1.48095735633728	0.900690951472138	0.987772569842388	sample_2022120210001
HROV.vOTU44031	Responder_Status	Responder	-0.13010195495873	1.03940103993786	0.9012832521399	0.987772569842388	sample_2022120210001
HROV.vOTU08406	Responder_Status	Responder	-0.166238462608438	1.33047533616841	0.901458531711299	0.987772569842388	sample_2022120210001
HROV.vOTU56560	Responder_Status	Responder	0.0603904268009375	0.483022692788021	0.901396251917189	0.987772569842388	sample_2022120210001
HROV.vOTU21304	Responder_Status	Responder	-0.136477194813839	1.09498930261434	0.901700724522469	0.987772569842388	sample_2022120210001
HROV.vOTU57553	Responder_Status	Responder	0.123351662325637	0.969492960918628	0.899665203926413	0.987772569842388	sample_2022120210001
HROV.vOTU21646	Responder_Status	Responder	0.115437186584258	0.904127341864093	0.899316367092761	0.987772569842388	sample_2022120210001
HROV.vOTU18853	Responder_Status	Responder	-0.0383099017367039	0.302270950090114	0.900051745610359	0.987772569842388	sample_2022120210001
HROV.vOTU12645	Responder_Status	Responder	0.0922497745623855	0.723175837878503	0.899407322809379	0.987772569842388	sample_2022120210001
HROV.vOTU02637	Responder_Status	Responder	0.0767435391239287	0.614985712842894	0.901582102672933	0.987772569842388	sample_2022120210001
HROV.vOTU02898	Responder_Status	Responder	-0.0874701154209661	0.691186550797264	0.900200446483422	0.987772569842388	sample_2022120210001
HROV.vOTU24290	Responder_Status	Responder	-0.0883306154711443	0.703272902725128	0.900946577187486	0.987772569842388	sample_2022120210001
HROV.vOTU45083	Responder_Status	Responder	-0.0420327975015181	0.340341693440273	0.902592066569304	0.987799251753475	sample_2022120210001
HROV.vOTU02348	Responder_Status	Responder	0.149376773057033	1.22160734311216	0.903551582496381	0.987799251753475	sample_2022120210001
HROV.vOTU33154	Responder_Status	Responder	-0.11338825083981	0.916742873683783	0.902447523961069	0.987799251753475	sample_2022120210001
HROV.vOTU36027	Responder_Status	Responder	-0.116411626185139	0.959922967399232	0.904341848524519	0.987799251753475	sample_2022120210001
HROV.vOTU08812	Responder_Status	Responder	-0.127718161893356	1.03053959295786	0.902253507552621	0.987799251753475	sample_2022120210001
HROV.vOTU21945	Responder_Status	Responder	0.0613585532180272	0.501386693553977	0.903474031879634	0.987799251753475	sample_2022120210001
HROV.vOTU34476	Responder_Status	Responder	-0.0949751419205479	0.775915615878238	0.903453432630648	0.987799251753475	sample_2022120210001
HROV.vOTU62590	Responder_Status	Responder	0.111407072537283	0.910951294790843	0.90353696283057	0.987799251753475	sample_2022120210001
HROV.vOTU46097	Responder_Status	Responder	0.084380103003154	0.68993418225764	0.90353369594296	0.987799251753475	sample_2022120210001
HROV.vOTU05286	Responder_Status	Responder	-0.0621791199834935	0.504401726125284	0.90277153749741	0.987799251753475	sample_2022120210001
HROV.vOTU20224	Responder_Status	Responder	0.0307208784938422	0.248740559547168	0.902588968926825	0.987799251753475	sample_2022120210001
HROV.vOTU73950	Responder_Status	Responder	0.0975340098634208	0.796349382980608	0.903396584077915	0.987799251753475	sample_2022120210001
HROV.vOTU39127	Responder_Status	Responder	-0.0512196605477053	0.416566951333721	0.903019789701311	0.987799251753475	sample_2022120210001
HROV.vOTU57842	Responder_Status	Responder	0.0876755844804053	0.723768281552281	0.904447167140744	0.98781786375228	sample_2022120210001
HROV.vOTU58189	Responder_Status	Responder	0.0305691339350209	0.254630547537915	0.905298546808681	0.98813014247246	sample_2022120210001
HROV.vOTU23000	Responder_Status	Responder	-0.187873002244934	1.57842502747174	0.906104927909036	0.988145860249278	sample_2022120210001
HROV.vOTU33032	Responder_Status	Responder	0.0638854384522514	0.536272383502773	0.906023991899125	0.988145860249278	sample_2022120210001
HROV.vOTU67701	Responder_Status	Responder	-0.109566432536371	0.917215372608829	0.905767457175942	0.988145860249278	sample_2022120210001
HROV.vOTU05936	Responder_Status	Responder	0.0495844480577435	0.434972453713326	0.91005566603573	0.98831843223224	sample_2022120210001
HROV.vOTU17724	Responder_Status	Responder	-0.10712854623962	0.959764698919874	0.911921358617468	0.98831843223224	sample_2022120210001
HROV.vOTU31651	Responder_Status	Responder	0.165227015880618	1.49568737866671	0.912825489398688	0.98831843223224	sample_2022120210001
HROV.vOTU07890	Responder_Status	Responder	0.0379585777523144	0.342148557239576	0.912453926408823	0.98831843223224	sample_2022120210001
HROV.vOTU61668	Responder_Status	Responder	0.0988841729955337	0.878100074844229	0.911142048183021	0.98831843223224	sample_2022120210001
HROV.vOTU65815	Responder_Status	Responder	-0.0912503306006362	0.802632422225151	0.910295746786673	0.98831843223224	sample_2022120210001
HROV.vOTU30674	Responder_Status	Responder	-0.18062990231758	1.56079667182813	0.908693103009175	0.98831843223224	sample_2022120210001
HROV.vOTU41963	Responder_Status	Responder	-0.101063981485477	0.919589011865016	0.913271611171997	0.98831843223224	sample_2022120210001
HROV.vOTU11316	Responder_Status	Responder	-0.0973307914514825	0.870116883410498	0.911732908459676	0.98831843223224	sample_2022120210001
HROV.vOTU03824	Responder_Status	Responder	-0.0634463733319778	0.573866096425507	0.912754301499557	0.98831843223224	sample_2022120210001
HROV.vOTU36712	Responder_Status	Responder	0.0541546491535661	0.462540999796979	0.907631850619344	0.98831843223224	sample_2022120210001
HROV.vOTU37217	Responder_Status	Responder	0.0577630091292858	0.510117137496646	0.91065240007208	0.98831843223224	sample_2022120210001
HROV.vOTU52852	Responder_Status	Responder	-0.0910234485215696	0.812040130073699	0.911549956936008	0.98831843223224	sample_2022120210001
HROV.vOTU67292	Responder_Status	Responder	-0.0851265793767047	0.747683794251903	0.910166215619239	0.98831843223224	sample_2022120210001
HROV.vOTU71805	Responder_Status	Responder	-0.120374577556185	1.07696923238706	0.911801924919503	0.98831843223224	sample_2022120210001
HROV.vOTU52664	Responder_Status	Responder	-0.036584523309125	0.320555710542722	0.909950422955528	0.98831843223224	sample_2022120210001
HROV.vOTU65619	Responder_Status	Responder	0.156238460897002	1.3296807619867	0.907302093105623	0.98831843223224	sample_2022120210001
HROV.vOTU63713	Responder_Status	Responder	-0.109663064669646	0.942774164919947	0.908229578443163	0.98831843223224	sample_2022120210001
HROV.vOTU07463	Responder_Status	Responder	0.148900535717931	1.26945231088392	0.907463548286665	0.98831843223224	sample_2022120210001
HROV.vOTU16149	Responder_Status	Responder	-0.123572886903185	1.12048411000226	0.912969833923304	0.98831843223224	sample_2022120210001
HROV.vOTU44644	Responder_Status	Responder	0.138777363427216	1.20067968296187	0.908808516590977	0.98831843223224	sample_2022120210001
HROV.vOTU38991	Responder_Status	Responder	0.0806609258359272	0.691088710847906	0.907918471761897	0.98831843223224	sample_2022120210001
HROV.vOTU67787	Responder_Status	Responder	-0.09317086357476	0.852234202164184	0.913724148332814	0.988324583358432	sample_2022120210001
HROV.vOTU14674	Responder_Status	Responder	-0.0603405118986279	0.551971664729812	0.913729876610709	0.988324583358432	sample_2022120210001
HROV.vOTU18479	Responder_Status	Responder	-0.0771824076591776	0.708255844253889	0.913999303686986	0.988324583358432	sample_2022120210001
HROV.vOTU67636	Responder_Status	Responder	-0.0755086523226815	0.697008730763214	0.914504596386771	0.988362512881501	sample_2022120210001
HROV.vOTU35802	Responder_Status	Responder	-0.0855302884112923	0.798911346291766	0.915505946540025	0.988376052331834	sample_2022120210001
HROV.vOTU00293	Responder_Status	Responder	-0.124708793537626	1.16541182668367	0.91554540984477	0.988376052331834	sample_2022120210001
HROV.vOTU52407	Responder_Status	Responder	-0.121097367832761	1.12456384500416	0.915014401659236	0.988376052331834	sample_2022120210001
HROV.vOTU70430	Responder_Status	Responder	-0.11438609543765	1.06585659983244	0.915301623637847	0.988376052331834	sample_2022120210001
HROV.vOTU58030	Responder_Status	Responder	0.0874396690108935	0.825487811612997	0.916397222424704	0.988438731552903	sample_2022120210001
HROV.vOTU43884	Responder_Status	Responder	-0.062101421017442	0.585604438901171	0.916301415831489	0.988438731552903	sample_2022120210001
HROV.vOTU09858	Responder_Status	Responder	-0.112235220068962	1.06056596882931	0.916475110162171	0.988438731552903	sample_2022120210001
HROV.vOTU24527	Responder_Status	Responder	-0.0379471742105071	0.356740621716497	0.91604575877269	0.988438731552903	sample_2022120210001
HROV.vOTU07120	Responder_Status	Responder	0.030204956638323	0.286815100187428	0.916879381698754	0.988703283568843	sample_2022120210001
HROV.vOTU64056	Responder_Status	Responder	-0.0713933051864481	0.681543658308225	0.917319106852884	0.9887757728451	sample_2022120210001
HROV.vOTU08500	Responder_Status	Responder	-0.0890880322872458	0.85718574583736	0.917965108460895	0.989038148730689	sample_2022120210001
HROV.vOTU39594	Responder_Status	Responder	0.0650156798379994	0.634074087071559	0.919061745932564	0.989446514702683	sample_2022120210001
HROV.vOTU41713	Responder_Status	Responder	-0.0995239437440281	0.976289795252505	0.919530061713764	0.98964570441697	sample_2022120210001
HROV.vOTU75686	Responder_Status	Responder	-0.0525057952964098	0.515892011869375	0.919659268176322	0.989677931821109	sample_2022120210001
HROV.vOTU07424	Responder_Status	Responder	-0.0619176703945309	0.612955134164314	0.920258421644072	0.990069058798356	sample_2022120210001
HROV.vOTU21097	Responder_Status	Responder	-0.0886885056753038	0.879199071803212	0.920369186779484	0.990091262312563	sample_2022120210001
HROV.vOTU59318	Responder_Status	Responder	0.0459351723268289	0.456526558284395	0.920570068511711	0.990154905116512	sample_2022120210001
HROV.vOTU74439	Responder_Status	Responder	0.0654490765694197	0.652406928424181	0.920805622806162	0.990182663735044	sample_2022120210001
HROV.vOTU02552	Responder_Status	Responder	-0.108427714950586	1.0900806847125	0.921475751739061	0.99021613644171	sample_2022120210001
HROV.vOTU05726	Responder_Status	Responder	-0.0742810264538705	0.747949903136771	0.92159751729383	0.99021613644171	sample_2022120210001
HROV.vOTU18513	Responder_Status	Responder	-0.133638362135696	1.33759720899779	0.921128277457928	0.99021613644171	sample_2022120210001
HROV.vOTU59060	Responder_Status	Responder	-0.0572783093308371	0.579388909681271	0.921953908124	0.990273171915918	sample_2022120210001
HROV.vOTU04579	Responder_Status	Responder	-0.150586092991345	1.57557275928078	0.924538514083584	0.990288300391798	sample_2022120210001
HROV.vOTU20399	Responder_Status	Responder	-0.0480284348034866	0.500824024632669	0.924284011682597	0.990288300391798	sample_2022120210001
HROV.vOTU73171	Responder_Status	Responder	0.0772422614301568	0.786740565063075	0.922488773171973	0.990288300391798	sample_2022120210001
HROV.vOTU52308	Responder_Status	Responder	-0.0827789138686267	0.865187368356476	0.924458249518831	0.990288300391798	sample_2022120210001
HROV.vOTU50340	Responder_Status	Responder	0.0486438672049658	0.51102553572824	0.924842908421911	0.990288300391798	sample_2022120210001
HROV.vOTU12820	Responder_Status	Responder	0.0965881370178575	1.00811357530622	0.924353314147661	0.990288300391798	sample_2022120210001
HROV.vOTU16677	Responder_Status	Responder	0.0875062228130435	0.905544100119302	0.923705530987928	0.990288300391798	sample_2022120210001
HROV.vOTU15898	Responder_Status	Responder	-0.111129733489449	1.16648270732307	0.924779659389773	0.990288300391798	sample_2022120210001
HROV.vOTU72513	Responder_Status	Responder	-0.0368989957046664	0.378246131916266	0.922982323221688	0.990288300391798	sample_2022120210001
HROV.vOTU62036	Responder_Status	Responder	0.0588252444272606	0.614340416713156	0.92439838845451	0.990288300391798	sample_2022120210001
HROV.vOTU06179	Responder_Status	Responder	-0.0991135535620427	1.02096600221345	0.923355844068192	0.990288300391798	sample_2022120210001
HROV.vOTU59600	Responder_Status	Responder	-0.0977097210513449	1.02787429033661	0.924944231372519	0.990288300391798	sample_2022120210001
HROV.vOTU02549	Responder_Status	Responder	-0.0571811563706004	0.602084899147789	0.925013556049631	0.990288300391798	sample_2022120210001
HROV.vOTU12284	Responder_Status	Responder	-0.0817863221819533	0.88578651094102	0.927091830384143	0.990435117317391	sample_2022120210001
HROV.vOTU42975	Responder_Status	Responder	0.0860619998563603	0.915942815943544	0.925810072831839	0.990435117317391	sample_2022120210001
HROV.vOTU60216	Responder_Status	Responder	0.0821398998120407	0.867398463794709	0.925230068034064	0.990435117317391	sample_2022120210001
HROV.vOTU41050	Responder_Status	Responder	-0.126504382383966	1.34501069056793	0.925735651508891	0.990435117317391	sample_2022120210001
HROV.vOTU47530	Responder_Status	Responder	-0.0639194617697302	0.708138420993933	0.928719982502202	0.990435117317391	sample_2022120210001
HROV.vOTU70245	Responder_Status	Responder	-0.111734143124368	1.2040127240522	0.926722120005232	0.990435117317391	sample_2022120210001
HROV.vOTU71472	Responder_Status	Responder	-0.10963133680633	1.21071601634787	0.928494180752454	0.990435117317391	sample_2022120210001
HROV.vOTU55191	Responder_Status	Responder	-0.0632390512188583	0.709111936246162	0.92957320049079	0.990435117317391	sample_2022120210001
HROV.vOTU72250	Responder_Status	Responder	-0.0773134644691601	0.867061066131548	0.929583727690279	0.990435117317391	sample_2022120210001
HROV.vOTU25856	Responder_Status	Responder	-0.0548551503865633	0.597324656679166	0.927483238484562	0.990435117317391	sample_2022120210001
HROV.vOTU49358	Responder_Status	Responder	0.0649003121121322	0.695844406234022	0.926354500809322	0.990435117317391	sample_2022120210001
HROV.vOTU08302	Responder_Status	Responder	-0.0456822058475159	0.483501302535956	0.925399124377674	0.990435117317391	sample_2022120210001
HROV.vOTU53401	Responder_Status	Responder	0.103510603186906	1.10228820594816	0.92585321561763	0.990435117317391	sample_2022120210001
HROV.vOTU33152	Responder_Status	Responder	-0.0305684592813304	0.341704556137834	0.929354181128105	0.990435117317391	sample_2022120210001
HROV.vOTU26115	Responder_Status	Responder	0.111906299243045	1.23679373087207	0.928549187778098	0.990435117317391	sample_2022120210001
HROV.vOTU07479	Responder_Status	Responder	0.0280221538944781	0.302952813213062	0.92696200862312	0.990435117317391	sample_2022120210001
HROV.vOTU05590	Responder_Status	Responder	-0.0297754283907463	0.319168040684805	0.926336919868371	0.990435117317391	sample_2022120210001
HROV.vOTU58500	Responder_Status	Responder	-0.0254009771410051	0.283591837504745	0.929267516791011	0.990435117317391	sample_2022120210001
HROV.vOTU50392	Responder_Status	Responder	-0.0739242424638825	0.830521514642263	0.929708035253475	0.990446276757125	sample_2022120210001
HROV.vOTU52099	Responder_Status	Responder	-0.123193026005847	1.38908300139164	0.929962294688781	0.990446276757125	sample_2022120210001
HROV.vOTU58937	Responder_Status	Responder	0.0389663939065965	0.438204651931602	0.929776240911135	0.990446276757125	sample_2022120210001
HROV.vOTU19608	Responder_Status	Responder	-0.0617690844858924	0.703757030726173	0.930683838637651	0.990524146363242	sample_2022120210001
HROV.vOTU09913	Responder_Status	Responder	0.0803682973874109	0.934556970459918	0.932081488555714	0.990524146363242	sample_2022120210001
HROV.vOTU55195	Responder_Status	Responder	-0.0391779725753889	0.456962549492031	0.932286716884072	0.990524146363242	sample_2022120210001
HROV.vOTU10232	Responder_Status	Responder	0.0289478736368226	0.339097607358055	0.932576827607558	0.990588669042085	sample_2022120210001
HROV.vOTU56302	Responder_Status	Responder	0.0367654430099624	0.43248112777291	0.932857974940942	0.990588669042085	sample_2022120210001
HROV.vOTU71745	Responder_Status	Responder	-0.0875445247256443	1.03990542243485	0.933508305977091	0.990802033283334	sample_2022120210001
HROV.vOTU52091	Responder_Status	Responder	0.0920487501091801	1.11510180736454	0.934798727028671	0.990815743035193	sample_2022120210001
HROV.vOTU01290	Responder_Status	Responder	-0.072038603099598	0.865519765646648	0.934259576525226	0.990815743035193	sample_2022120210001
HROV.vOTU00617	Responder_Status	Responder	0.0549363944644388	0.664608250230492	0.934710140710918	0.990815743035193	sample_2022120210001
HROV.vOTU30516	Responder_Status	Responder	-0.0544153245695209	0.656729911481748	0.934553974334326	0.990815743035193	sample_2022120210001
HROV.vOTU73093	Responder_Status	Responder	-0.0511030644821898	0.617156416163368	0.934596465897414	0.990815743035193	sample_2022120210001
HROV.vOTU25762	Responder_Status	Responder	-0.055554255623759	0.668872633779165	0.934397515128063	0.990815743035193	sample_2022120210001
HROV.vOTU71719	Responder_Status	Responder	-0.0729185554250972	0.873930031691538	0.934097327375341	0.990815743035193	sample_2022120210001
HROV.vOTU31244	Responder_Status	Responder	-0.0348065879011905	0.42069300366705	0.934649859997939	0.990815743035193	sample_2022120210001
HROV.vOTU53025	Responder_Status	Responder	0.0304626619008756	0.368885950981911	0.934772906258453	0.990815743035193	sample_2022120210001
HROV.vOTU74791	Responder_Status	Responder	-0.0723767394369257	0.880029739644359	0.935038190401456	0.990919226959981	sample_2022120210001
HROV.vOTU61745	Responder_Status	Responder	-0.0428435025846126	0.522485652901737	0.935230573660723	0.990953748091113	sample_2022120210001
HROV.vOTU60532	Responder_Status	Responder	-0.0698870792464081	0.866916835956858	0.936321070215497	0.991576881149798	sample_2022120210001
HROV.vOTU35278	Responder_Status	Responder	-0.0321875016629289	0.400097684037849	0.936452342980259	0.991589463744883	sample_2022120210001
HROV.vOTU49348	Responder_Status	Responder	-0.0850555341205612	1.12008683486021	0.940009559922058	0.991763921265559	sample_2022120210001
HROV.vOTU75148	Responder_Status	Responder	-0.0488920305977723	0.645610063012445	0.940172439452618	0.991763921265559	sample_2022120210001
HROV.vOTU31267	Responder_Status	Responder	0.0641678898034559	0.814193124457531	0.937743002900844	0.991763921265559	sample_2022120210001
HROV.vOTU62395	Responder_Status	Responder	0.0322273297992065	0.413037153966145	0.938362887812338	0.991763921265559	sample_2022120210001
HROV.vOTU15261	Responder_Status	Responder	-0.084073106941005	1.06832421691677	0.937833956589819	0.991763921265559	sample_2022120210001
HROV.vOTU19005	Responder_Status	Responder	0.0464637732545685	0.598559487106069	0.938677635798557	0.991763921265559	sample_2022120210001
HROV.vOTU46449	Responder_Status	Responder	-0.0783015449645904	0.99979733765837	0.938132578864658	0.991763921265559	sample_2022120210001
HROV.vOTU28292	Responder_Status	Responder	0.0705034064962812	0.889818316557064	0.937410481737529	0.991763921265559	sample_2022120210001
HROV.vOTU69966	Responder_Status	Responder	0.0841884414128772	1.09459729641427	0.939239954881644	0.991763921265559	sample_2022120210001
HROV.vOTU26082	Responder_Status	Responder	-0.0764947318268251	0.997324506893878	0.939407695157915	0.991763921265559	sample_2022120210001
HROV.vOTU71482	Responder_Status	Responder	0.0288853696170905	0.364752654089118	0.937443446496945	0.991763921265559	sample_2022120210001
HROV.vOTU41534	Responder_Status	Responder	0.051883935165461	0.657774492631034	0.93769069055355	0.991763921265559	sample_2022120210001
HROV.vOTU49708	Responder_Status	Responder	-0.0346534679120936	0.435707237033737	0.937173740061104	0.991763921265559	sample_2022120210001
HROV.vOTU50805	Responder_Status	Responder	0.0236811249036666	0.296794841243183	0.936972191461619	0.991763921265559	sample_2022120210001
HROV.vOTU73220	Responder_Status	Responder	-0.112739528664277	1.45095347305414	0.938619051174232	0.991763921265559	sample_2022120210001
HROV.vOTU14957	Responder_Status	Responder	0.0627090884745659	0.78884432661377	0.937204442106966	0.991763921265559	sample_2022120210001
HROV.vOTU25923	Responder_Status	Responder	-0.0301325927636705	0.384855553308671	0.938149579629083	0.991763921265559	sample_2022120210001
HROV.vOTU68572	Responder_Status	Responder	0.0953497513213565	1.27999010466954	0.941148113809845	0.991930088111185	sample_2022120210001
HROV.vOTU37106	Responder_Status	Responder	-0.108756102659898	1.46640453161179	0.941406300198631	0.991941430327904	sample_2022120210001
HROV.vOTU33866	Responder_Status	Responder	-0.0564591760512801	0.77189943105967	0.942212198680964	0.992130232395923	sample_2022120210001
HROV.vOTU20183	Responder_Status	Responder	0.0521616876613316	0.713295896494694	0.942224404009629	0.992130232395923	sample_2022120210001
HROV.vOTU60666	Responder_Status	Responder	0.0547753744221418	0.745003835549639	0.941912187390263	0.992130232395923	sample_2022120210001
HROV.vOTU11220	Responder_Status	Responder	0.0484384159444231	0.662493608269873	0.94223418554068	0.992130232395923	sample_2022120210001
HROV.vOTU05258	Responder_Status	Responder	-0.0542584821424633	0.742799369749908	0.94228887579291	0.992130232395923	sample_2022120210001
HROV.vOTU67070	Responder_Status	Responder	-0.0389784371387089	0.529246998122139	0.941813422324925	0.992130232395923	sample_2022120210001
HROV.vOTU35072	Responder_Status	Responder	0.0437234169082843	0.604198577907432	0.942825125228078	0.992347826894672	sample_2022120210001
HROV.vOTU07483	Responder_Status	Responder	0.0477274904394671	0.664333827523846	0.943237866310051	0.992507970776576	sample_2022120210001
HROV.vOTU75949	Responder_Status	Responder	-0.0616662125319917	0.863573963558832	0.943580546184235	0.992507970776576	sample_2022120210001
HROV.vOTU34646	Responder_Status	Responder	-0.0738667502397365	1.04356908815024	0.944073764242155	0.992507970776576	sample_2022120210001
HROV.vOTU19658	Responder_Status	Responder	0.0437576323842652	0.619838820336886	0.944221756660938	0.992507970776576	sample_2022120210001
HROV.vOTU42631	Responder_Status	Responder	0.067558974726146	0.954887178322303	0.944099057419318	0.992507970776576	sample_2022120210001
HROV.vOTU60366	Responder_Status	Responder	-0.0256229893425171	0.37689536840588	0.946281251266555	0.992996755338484	sample_2022120210001
HROV.vOTU27530	Responder_Status	Responder	0.0451368916465327	0.672755790554927	0.946984834609598	0.993088697308881	sample_2022120210001
HROV.vOTU71313	Responder_Status	Responder	0.0563032124011563	0.836753885564492	0.946830890159046	0.993088697308881	sample_2022120210001
HROV.vOTU28487	Responder_Status	Responder	-0.0697842592510568	1.04533380608217	0.94724887209234	0.993114063578203	sample_2022120210001
HROV.vOTU63059	Responder_Status	Responder	0.0683426524749397	1.03037216054781	0.947587934901858	0.993171472924439	sample_2022120210001
HROV.vOTU65965	Responder_Status	Responder	-0.0413967654908132	0.627612858868409	0.947879113853985	0.993327644936729	sample_2022120210001
HROV.vOTU22787	Responder_Status	Responder	-0.0418576395254873	0.637335539492329	0.948102480167184	0.993409168194828	sample_2022120210001
HROV.vOTU72882	Responder_Status	Responder	-0.0333575610152813	0.507923947070366	0.948103792308735	0.993409168194828	sample_2022120210001
HROV.vOTU58942	Responder_Status	Responder	0.0329511279032618	0.503438077450249	0.948279057587373	0.993425577848983	sample_2022120210001
HROV.vOTU37133	Responder_Status	Responder	-0.0458702140332071	0.726786347536757	0.950124330941339	0.99347332859454	sample_2022120210001
HROV.vOTU56622	Responder_Status	Responder	0.0677674002396235	1.05484016699498	0.949232227525591	0.99347332859454	sample_2022120210001
HROV.vOTU66328	Responder_Status	Responder	-0.0516885270205892	0.804023333190249	0.949198208150347	0.99347332859454	sample_2022120210001
HROV.vOTU62704	Responder_Status	Responder	-0.0496277978207072	0.781025324783778	0.949786492975785	0.99347332859454	sample_2022120210001
HROV.vOTU53087	Responder_Status	Responder	-0.11701885111609	1.8275323874925	0.949400440235598	0.99347332859454	sample_2022120210001
HROV.vOTU27520	Responder_Status	Responder	0.071649937302192	1.13186516569602	0.949975349733816	0.99347332859454	sample_2022120210001
HROV.vOTU40040	Responder_Status	Responder	-0.0287074490127567	0.453288959101355	0.949952530047763	0.99347332859454	sample_2022120210001
HROV.vOTU53602	Responder_Status	Responder	-0.0246425104972229	0.390885141429558	0.950180290938409	0.99347332859454	sample_2022120210001
HROV.vOTU14274	Responder_Status	Responder	-0.0502213142055224	0.81148812528135	0.9510917511795	0.993864528112265	sample_2022120210001
HROV.vOTU14975	Responder_Status	Responder	0.0549862583803103	0.884460726953726	0.950869723424483	0.993864528112265	sample_2022120210001
HROV.vOTU09006	Responder_Status	Responder	-0.0428243173871076	0.697947812048192	0.951510399526931	0.993952399892312	sample_2022120210001
HROV.vOTU13271	Responder_Status	Responder	-0.0246245533748333	0.399375340613416	0.95127347317312	0.993952399892312	sample_2022120210001
HROV.vOTU60277	Responder_Status	Responder	0.0165529328936221	0.271114404179178	0.951749008511025	0.994003648332807	sample_2022120210001
HROV.vOTU17607	Responder_Status	Responder	0.0542423181713237	0.891802929540034	0.951932078333665	0.994015245289381	sample_2022120210001
HROV.vOTU56533	Responder_Status	Responder	0.0361143529572048	0.599163808340654	0.952365101850569	0.994015245289381	sample_2022120210001
HROV.vOTU20731	Responder_Status	Responder	0.0422665884239803	0.707396819794693	0.952779586117008	0.994057761931215	sample_2022120210001
HROV.vOTU42398	Responder_Status	Responder	0.0796607941120143	1.34159548621178	0.953073079077001	0.994112883603976	sample_2022120210001
HROV.vOTU24328	Responder_Status	Responder	-0.0278116182499978	0.468018068106411	0.95303630688771	0.994112883603976	sample_2022120210001
HROV.vOTU28313	Responder_Status	Responder	-0.0234060628197357	0.399202626489068	0.953661647893513	0.994112883603976	sample_2022120210001
HROV.vOTU12129	Responder_Status	Responder	-0.0483871324325223	0.826859852451632	0.95375076223246	0.994112883603976	sample_2022120210001
HROV.vOTU09667	Responder_Status	Responder	0.0771896012966162	1.37268512890675	0.955555898661127	0.994355495807664	sample_2022120210001
HROV.vOTU48081	Responder_Status	Responder	-0.0490864253739046	0.847956888065209	0.954249089654518	0.994355495807664	sample_2022120210001
HROV.vOTU25170	Responder_Status	Responder	-0.0705265103747572	1.2551591361158	0.955590055674815	0.994355495807664	sample_2022120210001
HROV.vOTU01077	Responder_Status	Responder	0.0424171727389463	0.763511831761186	0.956090561956351	0.994474625507673	sample_2022120210001
HROV.vOTU70820	Responder_Status	Responder	-0.0620874824883909	1.14322914479784	0.957074737757886	0.994631937104374	sample_2022120210001
HROV.vOTU25063	Responder_Status	Responder	-0.0286200803418036	0.529584092115389	0.957285013468015	0.994700711944559	sample_2022120210001
HROV.vOTU42785	Responder_Status	Responder	0.0421619922753737	0.779102399351767	0.957226937855682	0.994700711944559	sample_2022120210001
HROV.vOTU34622	Responder_Status	Responder	0.0367614543968886	0.684373667677674	0.957543284711721	0.994702247487618	sample_2022120210001
HROV.vOTU70617	Responder_Status	Responder	0.045183563013667	0.840438226944191	0.957506617713688	0.994702247487618	sample_2022120210001
HROV.vOTU10574	Responder_Status	Responder	0.0453982650858648	0.848248227311024	0.957697614013066	0.994708276598727	sample_2022120210001
HROV.vOTU10296	Responder_Status	Responder	0.0306265165005683	0.57999323187804	0.958262258799391	0.994966210750787	sample_2022120210001
HROV.vOTU59223	Responder_Status	Responder	0.0452535522868889	0.863175583642707	0.958560856005205	0.995068869390773	sample_2022120210001
HROV.vOTU17408	Responder_Status	Responder	-0.0432776327856157	0.832006215552339	0.958885275074488	0.995071948414615	sample_2022120210001
HROV.vOTU63077	Responder_Status	Responder	-0.0399903720425382	0.767827312369531	0.958832752396639	0.995071948414615	sample_2022120210001
HROV.vOTU04911	Responder_Status	Responder	-0.0523113038520273	1.00041904815603	0.958669380209023	0.995071948414615	sample_2022120210001
HROV.vOTU34381	Responder_Status	Responder	-0.0444297723662112	0.858211303186028	0.959079377498331	0.995163552097278	sample_2022120210001
HROV.vOTU68836	Responder_Status	Responder	0.0390455563436386	0.757383357192668	0.959250722650321	0.995183040903465	sample_2022120210001
HROV.vOTU33134	Responder_Status	Responder	-0.0587716727876245	1.15452335533537	0.959762188161435	0.995364655503399	sample_2022120210001
HROV.vOTU56015	Responder_Status	Responder	0.035060786392678	0.693882996749563	0.960060069872654	0.995364655503399	sample_2022120210001
HROV.vOTU43683	Responder_Status	Responder	0.0248710382498416	0.494544470841198	0.960247700749167	0.995390297116842	sample_2022120210001
HROV.vOTU08096	Responder_Status	Responder	0.0352160944013674	0.707997846699315	0.960682393957628	0.995693170021851	sample_2022120210001
HROV.vOTU35570	Responder_Status	Responder	-0.067455217181358	1.37603195108779	0.961250137915052	0.995807248647094	sample_2022120210001
HROV.vOTU40575	Responder_Status	Responder	0.0492400352364649	1.0173988935011	0.96174265908221	0.995807248647094	sample_2022120210001
HROV.vOTU35490	Responder_Status	Responder	-0.0204633651703074	0.417211680745179	0.961229309476989	0.995807248647094	sample_2022120210001
HROV.vOTU08070	Responder_Status	Responder	0.0386937760904133	0.782151751775858	0.960895214367168	0.995807248647094	sample_2022120210001
HROV.vOTU68446	Responder_Status	Responder	-0.0339008169290086	0.696487261783106	0.961524642410347	0.995807248647094	sample_2022120210001
HROV.vOTU38448	Responder_Status	Responder	0.0363338795122428	0.746282319110492	0.961514759319853	0.995807248647094	sample_2022120210001
HROV.vOTU18958	Responder_Status	Responder	0.0413315165062814	0.859689411400418	0.961995959846017	0.995872737609153	sample_2022120210001
HROV.vOTU56004	Responder_Status	Responder	0.0221740994864643	0.464934394028468	0.962299502553767	0.996036823528006	sample_2022120210001
HROV.vOTU04737	Responder_Status	Responder	-0.0356266960737483	0.76617804577436	0.963242409475682	0.996207432944696	sample_2022120210001
HROV.vOTU34913	Responder_Status	Responder	0.0236477478566373	0.505228365797268	0.963000052750743	0.996207432944696	sample_2022120210001
HROV.vOTU54487	Responder_Status	Responder	-0.0309821865280837	0.672798061303163	0.96359746396249	0.996327644465612	sample_2022120210001
HROV.vOTU69300	Responder_Status	Responder	-0.0643893627777128	1.40503839206208	0.963773049813775	0.996327644465612	sample_2022120210001
HROV.vOTU49421	Responder_Status	Responder	-0.0418815065453756	0.95807043692088	0.965442296511932	0.996781958272504	sample_2022120210001
HROV.vOTU74408	Responder_Status	Responder	0.0465672208610541	1.0732724639443	0.965700129445433	0.996848791745938	sample_2022120210001
HROV.vOTU12141	Responder_Status	Responder	0.0599207011710914	1.38556544728967	0.96581206179169	0.996848791745938	sample_2022120210001
HROV.vOTU74481	Responder_Status	Responder	0.0245227764294908	0.566780857905112	0.965795960400417	0.996848791745938	sample_2022120210001
HROV.vOTU07672	Responder_Status	Responder	0.0335578572762659	0.946158265107072	0.971958619205629	0.996957822987284	sample_2022120210001
HROV.vOTU33520	Responder_Status	Responder	-0.0189918149833685	0.569360889336347	0.973627051310423	0.996957822987284	sample_2022120210001
HROV.vOTU23807	Responder_Status	Responder	-0.0369715330225985	1.0268740945939	0.971534661862162	0.996957822987284	sample_2022120210001
HROV.vOTU24695	Responder_Status	Responder	0.0255973717734276	0.629867141292572	0.967871837924747	0.996957822987284	sample_2022120210001
HROV.vOTU20840	Responder_Status	Responder	-0.0355610281656117	0.908328737516238	0.969048648328195	0.996957822987284	sample_2022120210001
HROV.vOTU26706	Responder_Status	Responder	-0.0275155737775528	0.781268505512991	0.972154916022513	0.996957822987284	sample_2022120210001
HROV.vOTU27585	Responder_Status	Responder	-0.0230527605637274	0.681081262871253	0.973239058771493	0.996957822987284	sample_2022120210001
HROV.vOTU25189	Responder_Status	Responder	0.0353261945038501	0.860784675239452	0.967555630559844	0.996957822987284	sample_2022120210001
HROV.vOTU34282	Responder_Status	Responder	0.0336879306060594	0.982642702228233	0.97289472279714	0.996957822987284	sample_2022120210001
HROV.vOTU42535	Responder_Status	Responder	0.03911666162823	1.07315129101417	0.971181956459181	0.996957822987284	sample_2022120210001
HROV.vOTU17933	Responder_Status	Responder	0.0337651945076034	0.872544012992055	0.969406235555276	0.996957822987284	sample_2022120210001
HROV.vOTU60000	Responder_Status	Responder	-0.0503169323114895	1.28249972951264	0.968982645921545	0.996957822987284	sample_2022120210001
HROV.vOTU33468	Responder_Status	Responder	0.0274986155340144	0.659489319782853	0.967036296791569	0.996957822987284	sample_2022120210001
HROV.vOTU23304	Responder_Status	Responder	-0.0136511291536808	0.3406555582987	0.968319211670183	0.996957822987284	sample_2022120210001
HROV.vOTU41338	Responder_Status	Responder	-0.0227419365812019	0.562203282541721	0.968020279216192	0.996957822987284	sample_2022120210001
HROV.vOTU04086	Responder_Status	Responder	0.0163269090411534	0.488015082400927	0.973548513602906	0.996957822987284	sample_2022120210001
HROV.vOTU54255	Responder_Status	Responder	0.0401256802835646	1.14958479971044	0.972403543202365	0.996957822987284	sample_2022120210001
HROV.vOTU06552	Responder_Status	Responder	0.0299991944844406	0.84542118814202	0.97194531893243	0.996957822987284	sample_2022120210001
HROV.vOTU17525	Responder_Status	Responder	-0.0157439110162814	0.383242076798782	0.967522978267028	0.996957822987284	sample_2022120210001
HROV.vOTU50930	Responder_Status	Responder	-0.0252490603128491	0.784373611635234	0.974548825683011	0.996957822987284	sample_2022120210001
HROV.vOTU12665	Responder_Status	Responder	-0.0365315791177626	1.05108022441838	0.972520724136774	0.996957822987284	sample_2022120210001
HROV.vOTU70483	Responder_Status	Responder	-0.0273307928109822	0.741170996189826	0.970846201946244	0.996957822987284	sample_2022120210001
HROV.vOTU03278	Responder_Status	Responder	0.0102406747152752	0.246037442949692	0.967095085687992	0.996957822987284	sample_2022120210001
HROV.vOTU09873	Responder_Status	Responder	0.0243016478602136	0.657395202283338	0.970773957297583	0.996957822987284	sample_2022120210001
HROV.vOTU15698	Responder_Status	Responder	-0.0322128560647191	0.941459409939609	0.972947766428398	0.996957822987284	sample_2022120210001
HROV.vOTU34340	Responder_Status	Responder	0.01070765966394	0.297533435030835	0.971547203716218	0.996957822987284	sample_2022120210001
HROV.vOTU15595	Responder_Status	Responder	0.0296137994359132	0.826428713515653	0.971669402312946	0.996957822987284	sample_2022120210001
HROV.vOTU02036	Responder_Status	Responder	0.0162288789691057	0.432736268373566	0.970350112268628	0.996957822987284	sample_2022120210001
HROV.vOTU62007	Responder_Status	Responder	0.0150292280581899	0.369683576377725	0.967859999067387	0.996957822987284	sample_2022120210001
HROV.vOTU21563	Responder_Status	Responder	-0.0338189650326759	0.889550644687793	0.969943075126018	0.996957822987284	sample_2022120210001
HROV.vOTU37414	Responder_Status	Responder	-0.0301806031070288	0.857179898227568	0.97216275417881	0.996957822987284	sample_2022120210001
HROV.vOTU47637	Responder_Status	Responder	-0.0136370982097356	0.382232645510694	0.971792666586172	0.996957822987284	sample_2022120210001
HROV.vOTU06580	Responder_Status	Responder	-0.0231258851578498	0.583463869545297	0.968664985878226	0.996957822987284	sample_2022120210001
HROV.vOTU58551	Responder_Status	Responder	-0.013470546797867	0.366691212335816	0.970956642480087	0.996957822987284	sample_2022120210001
HROV.vOTU25644	Responder_Status	Responder	0.0153481104742224	0.386186476579808	0.968580250735419	0.996957822987284	sample_2022120210001
HROV.vOTU03737	Responder_Status	Responder	-0.0143588298714341	0.417719014585359	0.972822501075932	0.996957822987284	sample_2022120210001
HROV.vOTU07230	Responder_Status	Responder	0.0244533573096238	0.611518344693511	0.968386513201264	0.996957822987284	sample_2022120210001
HROV.vOTU48671	Responder_Status	Responder	0.0128428914380677	0.381084378483342	0.973354750971805	0.996957822987284	sample_2022120210001
HROV.vOTU12405	Responder_Status	Responder	-0.0240786841128955	0.662360417860628	0.97125895386757	0.996957822987284	sample_2022120210001
HROV.vOTU27473	Responder_Status	Responder	0.00943491039632724	0.266802161346642	0.972041237079215	0.996957822987284	sample_2022120210001
HROV.vOTU04498	Responder_Status	Responder	0.048941154118428	1.52903395566694	0.974692832853302	0.996970698433851	sample_2022120210001
HROV.vOTU52078	Responder_Status	Responder	-0.0244487417569746	0.770978532521822	0.974927242447244	0.997095491445996	sample_2022120210001
HROV.vOTU67392	Responder_Status	Responder	0.0265531711078145	0.891967456331331	0.976462289985167	0.997309039821309	sample_2022120210001
HROV.vOTU48596	Responder_Status	Responder	-0.021210992400559	0.713399884860114	0.976491498784908	0.997309039821309	sample_2022120210001
HROV.vOTU21336	Responder_Status	Responder	-0.0206334217590498	0.674050199179504	0.975796842491115	0.997309039821309	sample_2022120210001
HROV.vOTU05157	Responder_Status	Responder	0.0230632934767548	0.76110331240833	0.976040809778356	0.997309039821309	sample_2022120210001
HROV.vOTU06750	Responder_Status	Responder	-0.0312320662433939	1.04782298891151	0.976432720585359	0.997309039821309	sample_2022120210001
HROV.vOTU47902	Responder_Status	Responder	-0.024642006556829	0.839155813451824	0.976781611423641	0.997309039821309	sample_2022120210001
HROV.vOTU57308	Responder_Status	Responder	-0.0282862538413768	0.959060679893276	0.976680061773636	0.997309039821309	sample_2022120210001
HROV.vOTU64000	Responder_Status	Responder	-0.020585182389002	0.707422079018046	0.976992157789804	0.997358057046284	sample_2022120210001
HROV.vOTU01367	Responder_Status	Responder	0.0239548222814707	0.828140473991275	0.977128772407746	0.997383670548554	sample_2022120210001
HROV.vOTU43081	Responder_Status	Responder	0.0119978390643935	0.422658461818741	0.977555170311007	0.997383670548554	sample_2022120210001
HROV.vOTU66180	Responder_Status	Responder	0.0249476776700372	0.88793391949657	0.977784629683928	0.997445327805007	sample_2022120210001
HROV.vOTU43692	Responder_Status	Responder	-0.029008980536587	1.06789725399565	0.978521154415384	0.997485485587722	sample_2022120210001
HROV.vOTU06271	Responder_Status	Responder	0.0184855964496064	0.693497554473683	0.978923498377792	0.997485485587722	sample_2022120210001
HROV.vOTU04552	Responder_Status	Responder	0.0416755915817646	1.55609848488162	0.978823500173326	0.997485485587722	sample_2022120210001
HROV.vOTU15737	Responder_Status	Responder	-0.015862374429813	0.605265958243325	0.97927790228955	0.997747658564504	sample_2022120210001
HROV.vOTU13912	Responder_Status	Responder	-0.0223384444666606	0.859166830367108	0.979441661844804	0.997777876516185	sample_2022120210001
HROV.vOTU47932	Responder_Status	Responder	-0.0295584747877266	1.15894044078123	0.979833274117881	0.997942661384333	sample_2022120210001
HROV.vOTU40204	Responder_Status	Responder	-0.0273075096238537	1.1116003080816	0.980575428260265	0.998083311038775	sample_2022120210001
HROV.vOTU52850	Responder_Status	Responder	-0.0108622341186369	0.442188419974851	0.980576396050701	0.998083311038775	sample_2022120210001
HROV.vOTU03210	Responder_Status	Responder	0.0149984823424846	0.617042207749865	0.980780087421518	0.998113742103079	sample_2022120210001
HROV.vOTU66549	Responder_Status	Responder	0.0239317790073518	1.00887651731865	0.981243230409873	0.998342707120573	sample_2022120210001
HROV.vOTU19515	Responder_Status	Responder	0.0202444792276235	0.85837494057718	0.981351189472939	0.998355624489288	sample_2022120210001
HROV.vOTU57650	Responder_Status	Responder	-0.0135565675449785	0.580964401447561	0.981548883227667	0.99845982006561	sample_2022120210001
HROV.vOTU44575	Responder_Status	Responder	-0.0289498349084816	1.35830627468787	0.983146985794001	0.998646339618757	sample_2022120210001
HROV.vOTU69467	Responder_Status	Responder	-0.0101637582408692	0.633588074978691	0.987314975929617	0.998646339618757	sample_2022120210001
HROV.vOTU66575	Responder_Status	Responder	-0.0169281422537801	1.00728930402924	0.986710851324668	0.998646339618757	sample_2022120210001
HROV.vOTU49471	Responder_Status	Responder	0.00879233036887568	0.667107159364226	0.98957781855486	0.998646339618757	sample_2022120210001
HROV.vOTU28659	Responder_Status	Responder	-0.0140116277693605	0.659000610776227	0.983187506082694	0.998646339618757	sample_2022120210001
HROV.vOTU36939	Responder_Status	Responder	-0.00832725928625339	0.489713276165549	0.986553731207056	0.998646339618757	sample_2022120210001
HROV.vOTU67011	Responder_Status	Responder	-0.0177607802107186	0.872029954652526	0.983894923404684	0.998646339618757	sample_2022120210001
HROV.vOTU31478	Responder_Status	Responder	-0.00866723054593133	0.717528901167609	0.990448023019245	0.998646339618757	sample_2022120210001
HROV.vOTU68801	Responder_Status	Responder	0.013163455113425	0.942413115079949	0.988954707918294	0.998646339618757	sample_2022120210001
HROV.vOTU47931	Responder_Status	Responder	-0.0200522578882311	1.2745457113613	0.987559078069385	0.998646339618757	sample_2022120210001
HROV.vOTU24337	Responder_Status	Responder	0.0110732924878887	0.707998209015545	0.987632283272236	0.998646339618757	sample_2022120210001
HROV.vOTU19348	Responder_Status	Responder	0.0112687510393682	0.739508470925615	0.987950237724161	0.998646339618757	sample_2022120210001
HROV.vOTU36921	Responder_Status	Responder	0.0104768568614415	0.539669197902304	0.984648939561706	0.998646339618757	sample_2022120210001
HROV.vOTU26492	Responder_Status	Responder	0.0160902209142514	0.748688398814547	0.983006237891839	0.998646339618757	sample_2022120210001
HROV.vOTU15154	Responder_Status	Responder	0.00389155869126059	0.271855648821623	0.988680346923372	0.998646339618757	sample_2022120210001
HROV.vOTU71479	Responder_Status	Responder	0.0142907392620617	0.745357047408974	0.984839063419404	0.998646339618757	sample_2022120210001
HROV.vOTU42036	Responder_Status	Responder	0.0130320682279021	0.716870922895109	0.985624900467296	0.998646339618757	sample_2022120210001
HROV.vOTU25943	Responder_Status	Responder	0.00629146728285347	0.525113494702599	0.99052561001423	0.998646339618757	sample_2022120210001
HROV.vOTU12921	Responder_Status	Responder	-0.0174821218254602	0.866058860590138	0.984038289031673	0.998646339618757	sample_2022120210001
HROV.vOTU06110	Responder_Status	Responder	-0.00379849754502755	0.299099365162673	0.989957368593643	0.998646339618757	sample_2022120210001
HROV.vOTU37012	Responder_Status	Responder	0.0181449485431444	0.972927570588571	0.985252703518194	0.998646339618757	sample_2022120210001
HROV.vOTU12680	Responder_Status	Responder	-0.00932329703908676	0.581755510208123	0.987327187284259	0.998646339618757	sample_2022120210001
HROV.vOTU48734	Responder_Status	Responder	0.00653371977941252	0.40094625201029	0.987114012842143	0.998646339618757	sample_2022120210001
HROV.vOTU30080	Responder_Status	Responder	0.00741851337292067	0.441117978349945	0.986701453437124	0.998646339618757	sample_2022120210001
HROV.vOTU61851	Responder_Status	Responder	0.0131230624844163	0.74323095979616	0.986037882506994	0.998646339618757	sample_2022120210001
HROV.vOTU07698	Responder_Status	Responder	-0.0159491737723154	0.966493886515899	0.986950859139157	0.998646339618757	sample_2022120210001
HROV.vOTU66475	Responder_Status	Responder	0.0111446207458167	0.793234825431247	0.988890053216043	0.998646339618757	sample_2022120210001
HROV.vOTU65659	Responder_Status	Responder	-0.0210744794946267	1.41372268969763	0.988212024489358	0.998646339618757	sample_2022120210001
HROV.vOTU58282	Responder_Status	Responder	0.00562512535916984	0.454708921705956	0.990217485225001	0.998646339618757	sample_2022120210001
HROV.vOTU06818	Responder_Status	Responder	0.00941208564446009	0.750640879047934	0.99008471669861	0.998646339618757	sample_2022120210001
HROV.vOTU50866	Responder_Status	Responder	-0.00469830781039859	0.428281537306634	0.991325062654289	0.99868915423102	sample_2022120210001
HROV.vOTU68660	Responder_Status	Responder	-0.00934659577839859	0.904742321182743	0.991830719476142	0.998843627877757	sample_2022120210001
HROV.vOTU42657	Responder_Status	Responder	0.0142630129508779	1.42202920434588	0.992068442548211	0.998843627877757	sample_2022120210001
HROV.vOTU61603	Responder_Status	Responder	-0.0148409005377269	1.40987611718568	0.991675958260147	0.998843627877757	sample_2022120210001
HROV.vOTU53048	Responder_Status	Responder	0.00355319120728993	0.358216788477288	0.992156163687533	0.998843627877757	sample_2022120210001
HROV.vOTU41896	Responder_Status	Responder	-0.00341004607548732	0.35103904578088	0.992318235254544	0.998843627877757	sample_2022120210001
HROV.vOTU66481	Responder_Status	Responder	0.00751487661919824	0.879850346998412	0.993245847979433	0.999011169494682	sample_2022120210001
HROV.vOTU04933	Responder_Status	Responder	-0.00785943181213333	0.885050822030386	0.99297768536556	0.999011169494682	sample_2022120210001
HROV.vOTU37661	Responder_Status	Responder	-0.00768495607188233	0.848787431561506	0.992840221959016	0.999011169494682	sample_2022120210001
HROV.vOTU08847	Responder_Status	Responder	0.00634863574811345	1.00916602136978	0.995025171895423	0.999258726950327	sample_2022120210001
HROV.vOTU69787	Responder_Status	Responder	-0.00405981313337756	0.584315255864984	0.994505623006432	0.999258726950327	sample_2022120210001
HROV.vOTU39607	Responder_Status	Responder	-0.00702737822064113	1.14903181294574	0.995163605412946	0.999258726950327	sample_2022120210001
HROV.vOTU41414	Responder_Status	Responder	0.0025541203535255	0.446685907509725	0.9954783190941	0.999258726950327	sample_2022120210001
HROV.vOTU58365	Responder_Status	Responder	0.00726013832936947	0.977918910253479	0.994129147428443	0.999258726950327	sample_2022120210001
HROV.vOTU25898	Responder_Status	Responder	-0.00186880294114932	0.323143185594496	0.99542670459509	0.999258726950327	sample_2022120210001
HROV.vOTU15726	Responder_Status	Responder	-0.00172887088666673	0.276094176036439	0.995048171089382	0.999258726950327	sample_2022120210001
HROV.vOTU52324	Responder_Status	Responder	0.00296134549532816	0.408715336614055	0.994270358306039	0.999258726950327	sample_2022120210001
HROV.vOTU37450	Responder_Status	Responder	0.00152325977269321	0.231659125052381	0.994800224716836	0.999258726950327	sample_2022120210001
HROV.vOTU39302	Responder_Status	Responder	0.00289422601786083	0.516241387939436	0.995566563192766	0.999258726950327	sample_2022120210001
HROV.vOTU64818	Responder_Status	Responder	0.0037333238262638	0.475906066130492	0.993796553183122	0.999258726950327	sample_2022120210001
HROV.vOTU52059	Responder_Status	Responder	-0.00282334795326654	0.530563595557824	0.995791880258046	0.99927216978066	sample_2022120210001
HROV.vOTU18688	Responder_Status	Responder	-0.00375436334558939	0.831772952089426	0.996430616305806	0.999616559275054	sample_2022120210001
HROV.vOTU21542	Responder_Status	Responder	0.00330795523048728	0.769050559889325	0.996598530361645	0.999622626341465	sample_2022120210001
HROV.vOTU03672	Responder_Status	Responder	-0.00212062471732491	0.619810205968407	0.997294375807126	0.999664695871099	sample_2022120210001
HROV.vOTU48486	Responder_Status	Responder	-0.00300795304838919	0.949441087222903	0.99749466656781	0.999664695871099	sample_2022120210001
HROV.vOTU15132	Responder_Status	Responder	-0.00389364770461227	0.938027403976478	0.996717512419929	0.999664695871099	sample_2022120210001
HROV.vOTU23948	Responder_Status	Responder	-0.00169706470326374	0.509293655272999	0.997364927565734	0.999664695871099	sample_2022120210001
HROV.vOTU09705	Responder_Status	Responder	-0.00122337612444015	0.356509762213342	0.997286368034302	0.999664695871099	sample_2022120210001
HROV.vOTU03762	Responder_Status	Responder	-0.000917956171322399	0.467816924861891	0.998448295631948	0.999844093616032	sample_2022120210001
HROV.vOTU19754	Responder_Status	Responder	0.000921336204786311	0.711901458215311	0.998976562361735	0.999871297850267	sample_2022120210001
HROV.vOTU41054	Responder_Status	Responder	-0.00186388383998194	1.35879218859674	0.998915251856231	0.999871297850267	sample_2022120210001
HROV.vOTU49325	Responder_Status	Responder	0.000859178953080646	0.666505907587097	0.998980604393937	0.999871297850267	sample_2022120210001
HROV.vOTU51623	Responder_Status	Responder	0.000761820234339874	0.987904786256146	0.999390181458818	0.999915198008076	sample_2022120210001
HROV.vOTU29160	Responder_Status	Responder	0.000535724397035365	0.578940036859327	0.999268236014673	0.999915198008076	sample_2022120210001
HROV.vOTU60079	Responder_Status	Responder	0.000143718895909287	0.857210559863162	0.999867416459289	0.999922628932813	sample_2022120210001
HROV.vOTU72289	Responder_Status	Responder	-0.000294850527395934	0.867465394534575	0.999731210068349	0.999922628932813	sample_2022120210001
HROV.vOTU26337	Responder_Status	Responder	-0.00029563119975173	0.544625480765521	0.999570744821937	0.999922628932813	sample_2022120210001
HROV.vOTU09662	Responder_Status	Responder	5.79087501799982e-05	0.669533554086003	0.999931603307671	0.999931603307671	sample_2022120210001
