feature	metadata	value	coef	stderr	pval	qval	holdout
HROV.vOTU03764	Responder_Status	Responder	-3.02661438037465	0.541855354917657	5.61227592192759e-06	0.0116959830212971	sample_2022120210047
HROV.vOTU07618	Responder_Status	Responder	-4.37041758486977	0.832574882521721	1.40327773763446e-05	0.0208887914659302	sample_2022120210047
HROV.vOTU72475	Responder_Status	Responder	-3.06010361068778	0.60900710745561	2.59192668011035e-05	0.0317739717726469	sample_2022120210047
HROV.vOTU75944	Responder_Status	Responder	-1.92079350502266	0.394219333022703	3.93125604880027e-05	0.0431196716089461	sample_2022120210047
HROV.vOTU66954	Responder_Status	Responder	-2.91311067361521	0.623987572088591	6.86196675916021e-05	0.063524441840513	sample_2022120210047
HROV.vOTU20811	Responder_Status	Responder	3.49941212734966	0.755791845546323	7.62049446263352e-05	0.063524441840513	sample_2022120210047
HROV.vOTU46906	Responder_Status	Responder	-4.3585861544121	0.991942785030987	0.000144976059631767	0.0974613252492268	sample_2022120210047
HROV.vOTU09867	Responder_Status	Responder	-0.904282728624034	0.21420746337517	0.000231392038761622	0.128498695555262	sample_2022120210047
HROV.vOTU35149	Responder_Status	Responder	-1.16481375295423	0.282277835559151	0.000299082943482825	0.144950896329816	sample_2022120210047
HROV.vOTU23447	Responder_Status	Responder	-3.24251773989325	0.860856942469603	0.000782806674530657	0.243464426059745	sample_2022120210047
HROV.vOTU50963	Responder_Status	Responder	-2.59070039021881	0.696208428432694	0.000882831707889989	0.25023013043716	sample_2022120210047
HROV.vOTU71115	Responder_Status	Responder	-3.79144012749624	1.02165657858867	0.00090665861184401	0.251930206277722	sample_2022120210047
HROV.vOTU45963	Responder_Status	Responder	-2.07647154422192	0.561402392288444	0.000936688773252398	0.256849921507631	sample_2022120210047
HROV.vOTU41492	Responder_Status	Responder	2.69781714742605	0.73763017951122	0.00104437057503841	0.263099710569828	sample_2022120210047
HROV.vOTU38705	Responder_Status	Responder	2.82064154995652	0.7701843144022	0.00103104026105535	0.263099710569828	sample_2022120210047
HROV.vOTU13507	Responder_Status	Responder	-2.21124610461584	0.626856210095697	0.00146748919303303	0.307879412195239	sample_2022120210047
HROV.vOTU47360	Responder_Status	Responder	-2.1124724995186	0.59567366756035	0.00139712258384784	0.307879412195239	sample_2022120210047
HROV.vOTU71826	Responder_Status	Responder	-2.38268215551155	0.679902788548231	0.00155834949873069	0.315301005374248	sample_2022120210047
HROV.vOTU26732	Responder_Status	Responder	-3.57500148604832	1.02324411513483	0.00160212564609275	0.317983794900694	sample_2022120210047
HROV.vOTU29861	Responder_Status	Responder	-2.7883272421109	0.808248949674315	0.00179567001123743	0.327485329675709	sample_2022120210047
HROV.vOTU18970	Responder_Status	Responder	3.45243085731922	1.00114218701373	0.00180193641312728	0.327485329675709	sample_2022120210047
HROV.vOTU66335	Responder_Status	Responder	-3.71610021115047	1.12770019561489	0.00267241410531049	0.342398352789875	sample_2022120210047
HROV.vOTU61744	Responder_Status	Responder	-1.94292201236155	0.587179579642621	0.00258100279068821	0.342398352789875	sample_2022120210047
HROV.vOTU14455	Responder_Status	Responder	2.52400759788088	0.770527022209871	0.00280950663757527	0.342398352789875	sample_2022120210047
HROV.vOTU03523	Responder_Status	Responder	3.15792212353134	0.945780484301054	0.00238976758192373	0.342398352789875	sample_2022120210047
HROV.vOTU01981	Responder_Status	Responder	2.63986773982886	0.778656861743822	0.00209433562811992	0.342398352789875	sample_2022120210047
HROV.vOTU32053	Responder_Status	Responder	-2.00214001612272	0.598536526059398	0.00235265410864636	0.342398352789875	sample_2022120210047
HROV.vOTU30890	Responder_Status	Responder	-2.76615081071354	0.81482174507869	0.00207013797559769	0.342398352789875	sample_2022120210047
HROV.vOTU15781	Responder_Status	Responder	-2.71228791559014	0.809231307882813	0.00231297553569067	0.342398352789875	sample_2022120210047
HROV.vOTU61707	Responder_Status	Responder	-2.61068862380264	0.779264734959697	0.00232184003945663	0.342398352789875	sample_2022120210047
HROV.vOTU41116	Responder_Status	Responder	-3.50499380455422	1.03792213823019	0.00216759795978224	0.342398352789875	sample_2022120210047
HROV.vOTU74504	Responder_Status	Responder	-0.878000448210184	0.261429212010791	0.00227304467068443	0.342398352789875	sample_2022120210047
HROV.vOTU49726	Responder_Status	Responder	-0.4936096370825	0.150327217864454	0.00275361194577005	0.342398352789875	sample_2022120210047
HROV.vOTU15831	Responder_Status	Responder	2.20618117730269	0.67493602087479	0.00285982022292564	0.344500886969771	sample_2022120210047
HROV.vOTU74082	Responder_Status	Responder	-3.76024262931782	1.15018317592499	0.00285596724771326	0.344500886969771	sample_2022120210047
HROV.vOTU59503	Responder_Status	Responder	-2.54005476225708	0.796874399062238	0.00351429052036864	0.360426019305442	sample_2022120210047
HROV.vOTU36861	Responder_Status	Responder	-2.42962638862592	0.766104413870665	0.00366027447580129	0.360426019305442	sample_2022120210047
HROV.vOTU64982	Responder_Status	Responder	-3.23311853648049	1.02864137900819	0.00393082299567817	0.360426019305442	sample_2022120210047
HROV.vOTU21781	Responder_Status	Responder	-1.6402814085299	0.523268608640943	0.00401484580239148	0.360426019305442	sample_2022120210047
HROV.vOTU22200	Responder_Status	Responder	-2.33741602212657	0.738028009878855	0.00370013026189954	0.360426019305442	sample_2022120210047
HROV.vOTU65727	Responder_Status	Responder	2.70700334029959	0.851690829360023	0.00359632453443276	0.360426019305442	sample_2022120210047
HROV.vOTU16744	Responder_Status	Responder	3.7980116304222	1.18305072747176	0.00331702162030997	0.360426019305442	sample_2022120210047
HROV.vOTU06026	Responder_Status	Responder	2.70390580402277	0.854261312510521	0.00371801828153671	0.360426019305442	sample_2022120210047
HROV.vOTU19048	Responder_Status	Responder	2.82908474803796	0.896225127356949	0.00379880864146648	0.360426019305442	sample_2022120210047
HROV.vOTU08745	Responder_Status	Responder	2.76826457893003	0.878610408014762	0.00385602924101257	0.360426019305442	sample_2022120210047
HROV.vOTU44485	Responder_Status	Responder	2.63590921510546	0.828768737713962	0.003577078665986	0.360426019305442	sample_2022120210047
HROV.vOTU66454	Responder_Status	Responder	-1.73700554138556	0.542192159911821	0.00337363216471075	0.360426019305442	sample_2022120210047
HROV.vOTU56246	Responder_Status	Responder	-1.01042700098556	0.31991054365693	0.00378162341118002	0.360426019305442	sample_2022120210047
HROV.vOTU09958	Responder_Status	Responder	-3.07881088554169	0.991865311122791	0.00433542754518566	0.364793532536624	sample_2022120210047
HROV.vOTU43253	Responder_Status	Responder	-3.58087470555798	1.14849060609052	0.00418767173772988	0.364793532536624	sample_2022120210047
HROV.vOTU63613	Responder_Status	Responder	2.35447288873937	0.759385988072841	0.00437431059079196	0.364793532536624	sample_2022120210047
HROV.vOTU26508	Responder_Status	Responder	2.80479408920978	0.914451420275354	0.00475394286289014	0.371474506163674	sample_2022120210047
HROV.vOTU39537	Responder_Status	Responder	-1.78007327922033	0.58116234460583	0.00480439448069583	0.371474506163674	sample_2022120210047
HROV.vOTU23159	Responder_Status	Responder	2.99575624741619	0.984232713095326	0.00503971930710346	0.380535327391435	sample_2022120210047
HROV.vOTU48360	Responder_Status	Responder	2.87031910333088	0.947458596341473	0.00522143950243905	0.383150701517007	sample_2022120210047
HROV.vOTU28638	Responder_Status	Responder	-2.43538845870971	0.807512710312845	0.00540033530764269	0.385943089455891	sample_2022120210047
HROV.vOTU01892	Responder_Status	Responder	-4.15408745545543	1.38802739445772	0.00571832039556858	0.385943089455891	sample_2022120210047
HROV.vOTU02712	Responder_Status	Responder	2.64972485023524	0.882576670266988	0.00558607116284616	0.385943089455891	sample_2022120210047
HROV.vOTU15473	Responder_Status	Responder	2.99729946001224	0.99505212703377	0.00545021599354924	0.385943089455891	sample_2022120210047
HROV.vOTU02469	Responder_Status	Responder	2.16883512405139	0.723953670022863	0.00567577138333908	0.385943089455891	sample_2022120210047
HROV.vOTU09923	Responder_Status	Responder	-3.09919013879364	1.0352449108659	0.00570591063412562	0.385943089455891	sample_2022120210047
HROV.vOTU00884	Responder_Status	Responder	-1.57024057740784	0.519622207004993	0.00532090806897778	0.385943089455891	sample_2022120210047
HROV.vOTU08997	Responder_Status	Responder	-2.16633182905824	0.718695947179863	0.0054225984753382	0.385943089455891	sample_2022120210047
HROV.vOTU73170	Responder_Status	Responder	-1.69419134270495	0.568422967750917	0.00589452649004775	0.389974387468556	sample_2022120210047
HROV.vOTU56571	Responder_Status	Responder	2.59010774816941	0.870443995610298	0.00596614783181564	0.392273691765912	sample_2022120210047
HROV.vOTU60687	Responder_Status	Responder	2.74341780788798	0.92321504468534	0.00602566465085139	0.392421410386697	sample_2022120210047
HROV.vOTU57091	Responder_Status	Responder	2.04860321250144	0.689212892565937	0.00601394682419458	0.392421410386697	sample_2022120210047
HROV.vOTU07359	Responder_Status	Responder	2.82736393861073	0.954013144830593	0.00614468848107606	0.392613885003622	sample_2022120210047
HROV.vOTU00893	Responder_Status	Responder	2.57673312318212	0.873059005409251	0.00633302944500123	0.39873212578195	sample_2022120210047
HROV.vOTU72708	Responder_Status	Responder	-1.97889773471876	0.673837441835788	0.00656472929893791	0.402379289970194	sample_2022120210047
HROV.vOTU39158	Responder_Status	Responder	-1.95745856868234	0.668387257034559	0.00669695028129262	0.405710592622495	sample_2022120210047
HROV.vOTU66152	Responder_Status	Responder	-1.21274840724104	0.415304714161441	0.00683770397240365	0.409312450257644	sample_2022120210047
HROV.vOTU24359	Responder_Status	Responder	-1.24688935169597	0.428179269812706	0.00697408314657083	0.409408148660665	sample_2022120210047
HROV.vOTU18437	Responder_Status	Responder	-1.93034307224885	0.664445785658039	0.00709241618529588	0.411244775096238	sample_2022120210047
HROV.vOTU57623	Responder_Status	Responder	1.9970055784135	0.691344547502567	0.00738596714897722	0.415065459949421	sample_2022120210047
HROV.vOTU09864	Responder_Status	Responder	-1.69576634844225	0.590145532395043	0.00766295488119234	0.42025257822118	sample_2022120210047
HROV.vOTU45866	Responder_Status	Responder	-2.87445927397352	1.0067898772088	0.00801344028483669	0.423768117537409	sample_2022120210047
HROV.vOTU11726	Responder_Status	Responder	3.07217275585612	1.07777211874152	0.0081031929722303	0.423768117537409	sample_2022120210047
HROV.vOTU20487	Responder_Status	Responder	2.86202628438504	1.00378978896507	0.00808873058389374	0.423768117537409	sample_2022120210047
HROV.vOTU07148	Responder_Status	Responder	3.39407331881788	1.19058364873339	0.00809769510193541	0.423768117537409	sample_2022120210047
HROV.vOTU69623	Responder_Status	Responder	3.2776997718348	1.15552451756024	0.00838162167619527	0.431291347486196	sample_2022120210047
HROV.vOTU13757	Responder_Status	Responder	-1.1977295822099	0.423257518220429	0.00851984749822354	0.432419655177296	sample_2022120210047
HROV.vOTU20363	Responder_Status	Responder	-1.27610793648645	0.459473814370391	0.00966831240361712	0.456888051000864	sample_2022120210047
HROV.vOTU03095	Responder_Status	Responder	-1.6261743244704	0.586014187104253	0.00972302057556206	0.457398981477908	sample_2022120210047
HROV.vOTU10784	Responder_Status	Responder	-1.26194610581441	0.455577546940645	0.00983996066092278	0.458757897480158	sample_2022120210047
HROV.vOTU45175	Responder_Status	Responder	2.30229970265308	0.834205507535081	0.0100815750610785	0.460006515266838	sample_2022120210047
HROV.vOTU71197	Responder_Status	Responder	-1.48506496738188	0.538139771014616	0.0100874749269167	0.460006515266838	sample_2022120210047
HROV.vOTU59107	Responder_Status	Responder	2.20243085147987	0.799739145704583	0.0102258306109719	0.460797867151737	sample_2022120210047
HROV.vOTU24280	Responder_Status	Responder	-1.51529041491684	0.55347514397455	0.0106285522496444	0.462162789078752	sample_2022120210047
HROV.vOTU32551	Responder_Status	Responder	2.31356685006825	0.846290490907472	0.0107305246048934	0.462162789078752	sample_2022120210047
HROV.vOTU01904	Responder_Status	Responder	2.95214597106286	1.07713668347907	0.0105537044364382	0.462162789078752	sample_2022120210047
HROV.vOTU09477	Responder_Status	Responder	-0.395394849567341	0.144173691348731	0.0105095614098973	0.462162789078752	sample_2022120210047
HROV.vOTU67091	Responder_Status	Responder	1.86275199902714	0.683113017049314	0.0109089546812541	0.46491332424813	sample_2022120210047
HROV.vOTU51288	Responder_Status	Responder	1.99992616130923	0.733381674849263	0.0109054567865709	0.46491332424813	sample_2022120210047
HROV.vOTU01179	Responder_Status	Responder	2.73720646804666	1.00632285908253	0.0110883989175413	0.465257203079632	sample_2022120210047
HROV.vOTU05922	Responder_Status	Responder	2.33405814141529	0.858193352194286	0.011095625236592	0.465257203079632	sample_2022120210047
HROV.vOTU24797	Responder_Status	Responder	2.31136089890786	0.857685945803056	0.0117706365428921	0.473577545197467	sample_2022120210047
HROV.vOTU00231	Responder_Status	Responder	2.31058097592792	0.856849705473317	0.0117227187441796	0.473577545197467	sample_2022120210047
HROV.vOTU56128	Responder_Status	Responder	-2.4833770199526	0.920477086927518	0.011685962125538	0.473577545197467	sample_2022120210047
HROV.vOTU38546	Responder_Status	Responder	-0.795145161133465	0.29511238464549	0.0117845840931757	0.473577545197467	sample_2022120210047
HROV.vOTU70488	Responder_Status	Responder	-1.69375647459702	0.636136658169671	0.0127056613917796	0.483951905410217	sample_2022120210047
HROV.vOTU38195	Responder_Status	Responder	-3.20416435349177	1.20682255240999	0.0129331415319309	0.483951905410217	sample_2022120210047
HROV.vOTU01399	Responder_Status	Responder	3.09049812637741	1.16258058954657	0.0128339232575032	0.483951905410217	sample_2022120210047
HROV.vOTU50435	Responder_Status	Responder	2.41023731547665	0.907271197434911	0.0128863775193591	0.483951905410217	sample_2022120210047
HROV.vOTU43771	Responder_Status	Responder	2.64605489231836	0.996754646375124	0.0129444721924196	0.483951905410217	sample_2022120210047
HROV.vOTU10654	Responder_Status	Responder	2.5734377464289	0.968357147990625	0.0128575224609937	0.483951905410217	sample_2022120210047
HROV.vOTU62944	Responder_Status	Responder	2.8868411112262	1.08300387361826	0.012615421033281	0.483951905410217	sample_2022120210047
HROV.vOTU01795	Responder_Status	Responder	-2.49340918994022	0.939998148498173	0.0130087428420135	0.484977103448232	sample_2022120210047
HROV.vOTU22120	Responder_Status	Responder	1.93843104838397	0.735304177000388	0.0135185145506559	0.487482412279379	sample_2022120210047
HROV.vOTU10197	Responder_Status	Responder	1.8540567757678	0.707630632725782	0.0140402834610851	0.487482412279379	sample_2022120210047
HROV.vOTU57537	Responder_Status	Responder	-3.21248377894585	1.22763109314082	0.0141484542270545	0.487482412279379	sample_2022120210047
HROV.vOTU74196	Responder_Status	Responder	-2.44826043907921	0.933119392532377	0.0139207830542202	0.487482412279379	sample_2022120210047
HROV.vOTU21061	Responder_Status	Responder	2.06219942734109	0.785476251373505	0.0138662005110919	0.487482412279379	sample_2022120210047
HROV.vOTU12418	Responder_Status	Responder	2.63234091559341	1.00226225233243	0.0138341510986916	0.487482412279379	sample_2022120210047
HROV.vOTU40209	Responder_Status	Responder	1.80377888153502	0.688234497796958	0.0140144064119725	0.487482412279379	sample_2022120210047
HROV.vOTU19646	Responder_Status	Responder	-1.01305012812358	0.387428829531908	0.0142152774079214	0.487482412279379	sample_2022120210047
HROV.vOTU23315	Responder_Status	Responder	-1.95241512055053	0.742454223806516	0.0137281474535443	0.487482412279379	sample_2022120210047
HROV.vOTU08567	Responder_Status	Responder	3.61147484799241	1.37814788088065	0.0140259239824754	0.487482412279379	sample_2022120210047
HROV.vOTU52112	Responder_Status	Responder	-2.21005044668693	0.84076439851234	0.0137622460442434	0.487482412279379	sample_2022120210047
HROV.vOTU55586	Responder_Status	Responder	2.02304480498666	0.770183323901458	0.013824217249345	0.487482412279379	sample_2022120210047
HROV.vOTU70504	Responder_Status	Responder	-0.899775763163638	0.34495284747024	0.0144298141957622	0.490566603327382	sample_2022120210047
HROV.vOTU00682	Responder_Status	Responder	2.02152876816963	0.776451314531887	0.0145944885153252	0.492298474707583	sample_2022120210047
HROV.vOTU74507	Responder_Status	Responder	-2.03716770859394	0.782740937720949	0.0146266097819592	0.492298474707583	sample_2022120210047
HROV.vOTU28137	Responder_Status	Responder	-1.96738049792661	0.756292794779996	0.014669738617726	0.492298474707583	sample_2022120210047
HROV.vOTU25214	Responder_Status	Responder	-1.21629360475079	0.468757127192261	0.0148985081722827	0.492980339912161	sample_2022120210047
HROV.vOTU23606	Responder_Status	Responder	-2.92494075849668	1.13082420138718	0.0151848589069104	0.493934074471598	sample_2022120210047
HROV.vOTU55030	Responder_Status	Responder	2.22281634448105	0.858558461917429	0.015098273336429	0.493934074471598	sample_2022120210047
HROV.vOTU26034	Responder_Status	Responder	2.95275394520826	1.14126673669529	0.0151599801379909	0.493934074471598	sample_2022120210047
HROV.vOTU11625	Responder_Status	Responder	-2.17723274447404	0.841432199607176	0.0151503774701968	0.493934074471598	sample_2022120210047
HROV.vOTU50610	Responder_Status	Responder	3.16909300946012	1.22430532139764	0.0151168444939971	0.493934074471598	sample_2022120210047
HROV.vOTU01482	Responder_Status	Responder	2.03193825333505	0.789826660154024	0.0156848637482487	0.498234545689716	sample_2022120210047
HROV.vOTU00144	Responder_Status	Responder	-2.57351235376918	1.00060752140052	0.0157099850523723	0.498234545689716	sample_2022120210047
HROV.vOTU64314	Responder_Status	Responder	-0.866492412812391	0.336961088066835	0.0157267495076448	0.498234545689716	sample_2022120210047
HROV.vOTU02505	Responder_Status	Responder	2.10891529370832	0.829139570551352	0.0167814715299379	0.499513239121952	sample_2022120210047
HROV.vOTU36826	Responder_Status	Responder	2.5143197149809	0.99109749475642	0.0170392729095874	0.499513239121952	sample_2022120210047
HROV.vOTU28082	Responder_Status	Responder	-0.705369469647582	0.276645835715112	0.0165415421638518	0.499513239121952	sample_2022120210047
HROV.vOTU22477	Responder_Status	Responder	-1.54540513396115	0.60832573092213	0.0169012322521067	0.499513239121952	sample_2022120210047
HROV.vOTU08968	Responder_Status	Responder	-1.80352853326565	0.70583999695188	0.0163346676811396	0.499513239121952	sample_2022120210047
HROV.vOTU21345	Responder_Status	Responder	-3.03669377025273	1.19373479648187	0.0167674589114341	0.499513239121952	sample_2022120210047
HROV.vOTU17545	Responder_Status	Responder	-0.418725581025406	0.16404883454996	0.0164374765517785	0.499513239121952	sample_2022120210047
HROV.vOTU67371	Responder_Status	Responder	-1.27788147915537	0.501403476486208	0.0165841540978592	0.499513239121952	sample_2022120210047
HROV.vOTU19710	Responder_Status	Responder	-2.41802113097816	0.952971784222597	0.0170218170346316	0.499513239121952	sample_2022120210047
HROV.vOTU70637	Responder_Status	Responder	-0.534747788934271	0.210963718645764	0.0171228903059366	0.499777358509409	sample_2022120210047
HROV.vOTU02836	Responder_Status	Responder	2.62437561031729	1.03616972971289	0.0172029328587886	0.501166435229216	sample_2022120210047
HROV.vOTU62466	Responder_Status	Responder	2.62151346212874	1.03772445284182	0.017465045872302	0.503916940549959	sample_2022120210047
HROV.vOTU71419	Responder_Status	Responder	-2.91777121927562	1.15727256913897	0.0176661168968084	0.505023149697513	sample_2022120210047
HROV.vOTU24869	Responder_Status	Responder	-2.13647670511864	0.847797492650469	0.0177156906520872	0.505054710245551	sample_2022120210047
HROV.vOTU43341	Responder_Status	Responder	-2.31547792377906	0.918816945955324	0.0177143610727048	0.505054710245551	sample_2022120210047
HROV.vOTU71167	Responder_Status	Responder	2.71018882090944	1.07577942192205	0.0177464315168838	0.505239935535327	sample_2022120210047
HROV.vOTU04802	Responder_Status	Responder	2.00705791844032	0.800530299343292	0.0182482815679816	0.506951447780342	sample_2022120210047
HROV.vOTU20963	Responder_Status	Responder	-2.72461825488884	1.08703220211032	0.0182770851394994	0.506951447780342	sample_2022120210047
HROV.vOTU20008	Responder_Status	Responder	2.3554782209052	0.938563120354734	0.0181435408601668	0.506951447780342	sample_2022120210047
HROV.vOTU58420	Responder_Status	Responder	-1.74736870380255	0.697801986641635	0.0183769060860639	0.50792403558829	sample_2022120210047
HROV.vOTU04606	Responder_Status	Responder	2.02006342840755	0.807993660929828	0.0185467450978665	0.508824442155853	sample_2022120210047
HROV.vOTU06779	Responder_Status	Responder	-1.15657551527052	0.46314219854804	0.0186689649796512	0.509978051260004	sample_2022120210047
HROV.vOTU73077	Responder_Status	Responder	-2.31797387450955	0.928835204581347	0.0187404422777419	0.509978051260004	sample_2022120210047
HROV.vOTU68200	Responder_Status	Responder	-1.40251668445161	0.562799919193908	0.0188930334249856	0.510296994304622	sample_2022120210047
HROV.vOTU67925	Responder_Status	Responder	-2.06275819000408	0.827220451723735	0.018825266657514	0.510296994304622	sample_2022120210047
HROV.vOTU16270	Responder_Status	Responder	-2.88600584928061	1.15865982563829	0.0189459617963764	0.510781169258064	sample_2022120210047
HROV.vOTU00880	Responder_Status	Responder	-2.42891346071734	0.976387713414695	0.0190836845524318	0.51184554192108	sample_2022120210047
HROV.vOTU45052	Responder_Status	Responder	3.08724548476185	1.24426001912839	0.0193681197904128	0.51352622955751	sample_2022120210047
HROV.vOTU03230	Responder_Status	Responder	2.21648867602065	0.89641614228082	0.0197517166226271	0.514532218019437	sample_2022120210047
HROV.vOTU71552	Responder_Status	Responder	-1.16671274757947	0.471718623063144	0.0197196067914507	0.514532218019437	sample_2022120210047
HROV.vOTU04572	Responder_Status	Responder	1.94706591865246	0.78865727483147	0.0199227086806467	0.514884591558779	sample_2022120210047
HROV.vOTU58984	Responder_Status	Responder	-3.88510939800877	1.57718810599468	0.0201753351340812	0.514884591558779	sample_2022120210047
HROV.vOTU02986	Responder_Status	Responder	-2.47201047593268	1.00341647902189	0.0201624677948201	0.514884591558779	sample_2022120210047
HROV.vOTU49658	Responder_Status	Responder	1.99461348082894	0.808860779927639	0.0200542021966133	0.514884591558779	sample_2022120210047
HROV.vOTU00403	Responder_Status	Responder	-4.89548501817051	1.98325661193869	0.0199422419604004	0.514884591558779	sample_2022120210047
HROV.vOTU38878	Responder_Status	Responder	-1.18971275305134	0.482468472046663	0.0200572664007041	0.514884591558779	sample_2022120210047
HROV.vOTU01467	Responder_Status	Responder	1.50799604746154	0.611918446364393	0.0201266050567836	0.514884591558779	sample_2022120210047
HROV.vOTU29848	Responder_Status	Responder	2.34662171781837	0.955150203775856	0.0204766647047332	0.514884591558779	sample_2022120210047
HROV.vOTU64497	Responder_Status	Responder	-1.24380059474024	0.505122461330332	0.0202186058079374	0.514884591558779	sample_2022120210047
HROV.vOTU19010	Responder_Status	Responder	-2.72683253345317	1.11122019434836	0.0206123678919536	0.516330117752281	sample_2022120210047
HROV.vOTU00352	Responder_Status	Responder	-2.69891048969685	1.10144711276836	0.020780842391394	0.516737046165384	sample_2022120210047
HROV.vOTU22252	Responder_Status	Responder	-2.42620302152719	0.993345721102491	0.0211562546682649	0.520698830826694	sample_2022120210047
HROV.vOTU00162	Responder_Status	Responder	2.30798868206419	0.946447285889262	0.0213432171500437	0.522057095548017	sample_2022120210047
HROV.vOTU00482	Responder_Status	Responder	2.07679861892923	0.855247058206601	0.0218465891660072	0.522129046976423	sample_2022120210047
HROV.vOTU04367	Responder_Status	Responder	1.99637800623131	0.81911161404114	0.0214079149688693	0.522129046976423	sample_2022120210047
HROV.vOTU35520	Responder_Status	Responder	-1.97550932979905	0.811496033806155	0.0215464834150709	0.522129046976423	sample_2022120210047
HROV.vOTU46686	Responder_Status	Responder	2.0586885513057	0.844957583360143	0.0214471907997138	0.522129046976423	sample_2022120210047
HROV.vOTU36975	Responder_Status	Responder	-2.97472604981818	1.22528474521436	0.0218722964496361	0.522129046976423	sample_2022120210047
HROV.vOTU56294	Responder_Status	Responder	-1.93301761653934	0.797524196781896	0.0220718473539251	0.522817253256678	sample_2022120210047
HROV.vOTU13191	Responder_Status	Responder	2.25642823741683	0.931797166295835	0.0221813008543428	0.523667605450009	sample_2022120210047
HROV.vOTU04129	Responder_Status	Responder	2.0948616151577	0.865449716544422	0.0222335805898699	0.523973233735143	sample_2022120210047
HROV.vOTU50652	Responder_Status	Responder	1.82487688941609	0.754616240671483	0.0223476378027573	0.524464833118764	sample_2022120210047
HROV.vOTU13955	Responder_Status	Responder	-2.36317202841802	0.980158092577223	0.0227180031180346	0.526106265726295	sample_2022120210047
HROV.vOTU07112	Responder_Status	Responder	-2.37230894443012	0.982966278778193	0.0225948047397781	0.526106265726295	sample_2022120210047
HROV.vOTU22888	Responder_Status	Responder	1.62487718012417	0.673004187275811	0.0225465751085304	0.526106265726295	sample_2022120210047
HROV.vOTU37858	Responder_Status	Responder	-2.95468893011032	1.2265752494754	0.0228268896565861	0.527397317564583	sample_2022120210047
HROV.vOTU48330	Responder_Status	Responder	-0.764861958315211	0.317766672904809	0.022925035306992	0.528011300305462	sample_2022120210047
HROV.vOTU66742	Responder_Status	Responder	-1.40579955153774	0.584817963921934	0.023089468120407	0.529179278179744	sample_2022120210047
HROV.vOTU56634	Responder_Status	Responder	-3.07334585203392	1.32751994827708	0.0281552328886644	0.529636869793806	sample_2022120210047
HROV.vOTU06486	Responder_Status	Responder	-1.7419466036047	0.738822069761681	0.0256066921988765	0.529636869793806	sample_2022120210047
HROV.vOTU16615	Responder_Status	Responder	-1.85993520112261	0.792248657591564	0.0261889076485091	0.529636869793806	sample_2022120210047
HROV.vOTU14169	Responder_Status	Responder	1.90347666660623	0.798868525461653	0.0242128394397416	0.529636869793806	sample_2022120210047
HROV.vOTU01753	Responder_Status	Responder	1.9753667257044	0.84800042266392	0.027273485408586	0.529636869793806	sample_2022120210047
HROV.vOTU64237	Responder_Status	Responder	1.94720541399636	0.815656275433012	0.0239654239285169	0.529636869793806	sample_2022120210047
HROV.vOTU10130	Responder_Status	Responder	2.02190950900118	0.867384488558224	0.0271765939621208	0.529636869793806	sample_2022120210047
HROV.vOTU10880	Responder_Status	Responder	1.91323765351209	0.817875658525801	0.026683163709251	0.529636869793806	sample_2022120210047
HROV.vOTU07317	Responder_Status	Responder	1.92637791754924	0.83054350939787	0.0278871690737376	0.529636869793806	sample_2022120210047
HROV.vOTU14373	Responder_Status	Responder	1.84133427899988	0.785734159103438	0.0264358298929109	0.529636869793806	sample_2022120210047
HROV.vOTU07510	Responder_Status	Responder	1.83923042238531	0.784131476998233	0.0263119699657018	0.529636869793806	sample_2022120210047
HROV.vOTU05208	Responder_Status	Responder	1.84617037050274	0.780334579122884	0.0251449305055016	0.529636869793806	sample_2022120210047
HROV.vOTU05088	Responder_Status	Responder	2.06791177895043	0.871610840650467	0.0247732974157834	0.529636869793806	sample_2022120210047
HROV.vOTU24513	Responder_Status	Responder	1.95467307611691	0.83784653772345	0.0270601617251412	0.529636869793806	sample_2022120210047
HROV.vOTU23163	Responder_Status	Responder	1.96909120006562	0.838611662941013	0.0261672414950555	0.529636869793806	sample_2022120210047
HROV.vOTU09406	Responder_Status	Responder	2.2195285653427	0.958485918798391	0.0281204511152416	0.529636869793806	sample_2022120210047
HROV.vOTU00906	Responder_Status	Responder	1.73601428629262	0.743237177424434	0.0268936397315143	0.529636869793806	sample_2022120210047
HROV.vOTU13785	Responder_Status	Responder	-3.47978125192295	1.49360220629224	0.0272522505702261	0.529636869793806	sample_2022120210047
HROV.vOTU73280	Responder_Status	Responder	-1.82847032932741	0.774639190226002	0.0254536974897929	0.529636869793806	sample_2022120210047
HROV.vOTU62915	Responder_Status	Responder	-2.2799416482057	0.953593579568661	0.0237717768939744	0.529636869793806	sample_2022120210047
HROV.vOTU75483	Responder_Status	Responder	-3.19968368733551	1.33271167221252	0.023243125770674	0.529636869793806	sample_2022120210047
HROV.vOTU39035	Responder_Status	Responder	-1.83044012558536	0.776038129300554	0.025551587970137	0.529636869793806	sample_2022120210047
HROV.vOTU58042	Responder_Status	Responder	1.99123568354741	0.835782932298023	0.0242256949494413	0.529636869793806	sample_2022120210047
HROV.vOTU14817	Responder_Status	Responder	-2.21355968497899	0.924673379180603	0.0236124646260359	0.529636869793806	sample_2022120210047
HROV.vOTU01449	Responder_Status	Responder	-0.987454020991413	0.423436631172399	0.0271187865824901	0.529636869793806	sample_2022120210047
HROV.vOTU04583	Responder_Status	Responder	-1.83063116665614	0.777281682379919	0.0257538237019568	0.529636869793806	sample_2022120210047
HROV.vOTU28343	Responder_Status	Responder	-2.71661827274182	1.15779261973843	0.0262642876578246	0.529636869793806	sample_2022120210047
HROV.vOTU73091	Responder_Status	Responder	-2.05396375353798	0.889119811376834	0.0284684072851892	0.529636869793806	sample_2022120210047
HROV.vOTU21612	Responder_Status	Responder	-1.01398094514385	0.43003553364866	0.0255972253468867	0.529636869793806	sample_2022120210047
HROV.vOTU60083	Responder_Status	Responder	-1.92630420186178	0.809538476047344	0.0243878005545361	0.529636869793806	sample_2022120210047
HROV.vOTU15386	Responder_Status	Responder	-1.97697502347703	0.843358069776358	0.0263938329641767	0.529636869793806	sample_2022120210047
HROV.vOTU58320	Responder_Status	Responder	-2.27259963598235	0.958830514317062	0.0249034727479014	0.529636869793806	sample_2022120210047
HROV.vOTU06347	Responder_Status	Responder	-2.41484900413736	1.04546259265289	0.028485509610654	0.529636869793806	sample_2022120210047
HROV.vOTU03454	Responder_Status	Responder	-2.42044323829786	1.02125176640535	0.0249092602805213	0.529636869793806	sample_2022120210047
HROV.vOTU01387	Responder_Status	Responder	-1.57278866039693	0.677030731321029	0.027662239837738	0.529636869793806	sample_2022120210047
HROV.vOTU71326	Responder_Status	Responder	2.27561093294384	0.9515527812138	0.0237409633468634	0.529636869793806	sample_2022120210047
HROV.vOTU19336	Responder_Status	Responder	2.65343876691349	1.1087215530349	0.0236465545263139	0.529636869793806	sample_2022120210047
HROV.vOTU43762	Responder_Status	Responder	3.29830379986562	1.39223093300325	0.0249649509742771	0.529636869793806	sample_2022120210047
HROV.vOTU16041	Responder_Status	Responder	1.91325439483052	0.818555339370216	0.0267975877682557	0.529636869793806	sample_2022120210047
HROV.vOTU28353	Responder_Status	Responder	2.62616328546173	1.1114621945092	0.0253182778182646	0.529636869793806	sample_2022120210047
HROV.vOTU46834	Responder_Status	Responder	-1.27393791057918	0.550289149547911	0.0281595792919774	0.529636869793806	sample_2022120210047
HROV.vOTU11450	Responder_Status	Responder	-1.4839086839955	0.641613833875955	0.0283008198632924	0.529636869793806	sample_2022120210047
HROV.vOTU42695	Responder_Status	Responder	-1.22660076894802	0.530685418682486	0.0283901776429943	0.529636869793806	sample_2022120210047
HROV.vOTU58254	Responder_Status	Responder	-1.21741976293717	0.516501286957065	0.0256458749107488	0.529636869793806	sample_2022120210047
HROV.vOTU43248	Responder_Status	Responder	-1.75537151117436	0.737137116730407	0.0242879566006443	0.529636869793806	sample_2022120210047
HROV.vOTU20073	Responder_Status	Responder	-1.8315642256383	0.770422009841367	0.0245061519815748	0.529636869793806	sample_2022120210047
HROV.vOTU52970	Responder_Status	Responder	-0.788226672616076	0.329095069730409	0.0235460689441372	0.529636869793806	sample_2022120210047
HROV.vOTU39739	Responder_Status	Responder	-1.04017496883028	0.437167224171767	0.0243963713687141	0.529636869793806	sample_2022120210047
HROV.vOTU34455	Responder_Status	Responder	-1.49492200042357	0.633945653718635	0.0255844754338321	0.529636869793806	sample_2022120210047
HROV.vOTU64162	Responder_Status	Responder	-0.807058576336653	0.349235471530772	0.0284167412307498	0.529636869793806	sample_2022120210047
HROV.vOTU08478	Responder_Status	Responder	-1.39760794147905	0.603784800275091	0.0281775883345219	0.529636869793806	sample_2022120210047
HROV.vOTU74890	Responder_Status	Responder	-0.717223288251436	0.301235188864063	0.0243095198897146	0.529636869793806	sample_2022120210047
HROV.vOTU08062	Responder_Status	Responder	2.43579388113486	1.05513494326667	0.028569089077566	0.529697345530672	sample_2022120210047
HROV.vOTU08392	Responder_Status	Responder	-1.37220559127718	0.596897705514109	0.02918311311378	0.531157157871226	sample_2022120210047
HROV.vOTU05109	Responder_Status	Responder	1.8681699334674	0.813403525539913	0.0293228800756731	0.531157157871226	sample_2022120210047
HROV.vOTU01913	Responder_Status	Responder	1.87346185266794	0.815556831075346	0.0292953993893371	0.531157157871226	sample_2022120210047
HROV.vOTU53890	Responder_Status	Responder	-2.00636651155745	0.872579136005324	0.0291537227554357	0.531157157871226	sample_2022120210047
HROV.vOTU34920	Responder_Status	Responder	1.80015888989526	0.784298233839519	0.0294190987258459	0.531157157871226	sample_2022120210047
HROV.vOTU46158	Responder_Status	Responder	-3.22543719622077	1.40456243505418	0.029344380870397	0.531157157871226	sample_2022120210047
HROV.vOTU53817	Responder_Status	Responder	-1.86229136869865	0.810784038527567	0.0293118878410886	0.531157157871226	sample_2022120210047
HROV.vOTU23684	Responder_Status	Responder	2.17572750979335	0.947615096904523	0.0293700816998048	0.531157157871226	sample_2022120210047
HROV.vOTU22361	Responder_Status	Responder	-1.10485382308072	0.480462647255904	0.0291401732586939	0.531157157871226	sample_2022120210047
HROV.vOTU74833	Responder_Status	Responder	-1.71608839041811	0.74491698781189	0.028872952208218	0.531157157871226	sample_2022120210047
HROV.vOTU69731	Responder_Status	Responder	-1.42348837265397	0.618728321732452	0.0290690902873489	0.531157157871226	sample_2022120210047
HROV.vOTU69478	Responder_Status	Responder	1.79036779316895	0.783621138212221	0.0301088134277338	0.5340150398587	sample_2022120210047
HROV.vOTU21008	Responder_Status	Responder	-1.40633860159129	0.6149116562565	0.0299552390567402	0.5340150398587	sample_2022120210047
HROV.vOTU70060	Responder_Status	Responder	-1.05554831555813	0.462105356739126	0.0301433611435058	0.534173168563487	sample_2022120210047
HROV.vOTU00314	Responder_Status	Responder	1.93114174497163	0.845975362614943	0.0302414605218874	0.535001729436446	sample_2022120210047
HROV.vOTU32399	Responder_Status	Responder	-2.00677238156659	0.882586562378796	0.0308459958361645	0.535677200854977	sample_2022120210047
HROV.vOTU39112	Responder_Status	Responder	-2.42111200801113	1.06224515461266	0.030475246243031	0.535677200854977	sample_2022120210047
HROV.vOTU15122	Responder_Status	Responder	-2.47344464869697	1.08598901185896	0.0305856321676303	0.535677200854977	sample_2022120210047
HROV.vOTU41251	Responder_Status	Responder	-1.5082231419074	0.662976554291164	0.030765655779652	0.535677200854977	sample_2022120210047
HROV.vOTU13358	Responder_Status	Responder	1.58000121931133	0.696296853265842	0.0311585811569185	0.535849771425044	sample_2022120210047
HROV.vOTU50600	Responder_Status	Responder	-2.47263677807699	1.0978840498634	0.0323386316358045	0.536262797607291	sample_2022120210047
HROV.vOTU02260	Responder_Status	Responder	1.91753338319439	0.853792928241494	0.0327858835642576	0.536262797607291	sample_2022120210047
HROV.vOTU04832	Responder_Status	Responder	1.87585216070413	0.827601926992125	0.031332553683054	0.536262797607291	sample_2022120210047
HROV.vOTU25803	Responder_Status	Responder	-1.93391501209148	0.855507709329677	0.0317519868869153	0.536262797607291	sample_2022120210047
HROV.vOTU22514	Responder_Status	Responder	-1.35705321932623	0.601784529020699	0.0321365946761368	0.536262797607291	sample_2022120210047
HROV.vOTU08373	Responder_Status	Responder	-1.04746245936434	0.466160407247223	0.0327071766340864	0.536262797607291	sample_2022120210047
HROV.vOTU62679	Responder_Status	Responder	-1.53247749644171	0.677294883295821	0.0316063371832992	0.536262797607291	sample_2022120210047
HROV.vOTU04023	Responder_Status	Responder	2.19769107227691	0.97505949390352	0.0322171302601853	0.536262797607291	sample_2022120210047
HROV.vOTU25750	Responder_Status	Responder	2.22971947764575	0.98591086297607	0.0316799378442492	0.536262797607291	sample_2022120210047
HROV.vOTU51433	Responder_Status	Responder	-1.87685229031899	0.834330571916994	0.0325267847836206	0.536262797607291	sample_2022120210047
HROV.vOTU07726	Responder_Status	Responder	-1.34129982150987	0.592171254009652	0.0314397976314626	0.536262797607291	sample_2022120210047
HROV.vOTU09590	Responder_Status	Responder	-1.78304314882563	0.794715256545445	0.0329491467507927	0.536872727354589	sample_2022120210047
HROV.vOTU40255	Responder_Status	Responder	-0.598839217685711	0.267236422729629	0.0331486560333359	0.537378260041008	sample_2022120210047
HROV.vOTU16455	Responder_Status	Responder	1.64370967013481	0.73374516408166	0.033198962486192	0.537378260041008	sample_2022120210047
HROV.vOTU73912	Responder_Status	Responder	1.88712919417682	0.843766989512241	0.0334614808947108	0.5386917824116	sample_2022120210047
HROV.vOTU17332	Responder_Status	Responder	2.89976260904432	1.29833570383734	0.0336887804419633	0.54047281324905	sample_2022120210047
HROV.vOTU49879	Responder_Status	Responder	2.04906542226727	0.918171693234294	0.033818607115246	0.540528541962999	sample_2022120210047
HROV.vOTU33117	Responder_Status	Responder	1.34780436089076	0.603853682969029	0.0337946910772403	0.540528541962999	sample_2022120210047
HROV.vOTU39268	Responder_Status	Responder	2.13111900760132	0.954873484188466	0.0338072766158756	0.540528541962999	sample_2022120210047
HROV.vOTU07535	Responder_Status	Responder	1.8264451100177	0.82386294380863	0.0349208504025602	0.54156465575654	sample_2022120210047
HROV.vOTU02021	Responder_Status	Responder	1.78725811037804	0.807052573971937	0.0351015714120464	0.54156465575654	sample_2022120210047
HROV.vOTU32755	Responder_Status	Responder	1.83924274978636	0.827088732664425	0.0344068011192189	0.54156465575654	sample_2022120210047
HROV.vOTU28315	Responder_Status	Responder	-0.876483942415486	0.39464082614809	0.0346159710189785	0.54156465575654	sample_2022120210047
HROV.vOTU02903	Responder_Status	Responder	2.08871195650878	0.942968366734906	0.0350643130504917	0.54156465575654	sample_2022120210047
HROV.vOTU23716	Responder_Status	Responder	1.82249945674233	0.819257299983102	0.0343455064470039	0.54156465575654	sample_2022120210047
HROV.vOTU04569	Responder_Status	Responder	1.94708432491158	0.880561113040275	0.0353585940753952	0.54156465575654	sample_2022120210047
HROV.vOTU51082	Responder_Status	Responder	1.83111324728158	0.824603812333389	0.0346437035867917	0.54156465575654	sample_2022120210047
HROV.vOTU36207	Responder_Status	Responder	2.6340585109824	1.18974915493245	0.0351464192309849	0.54156465575654	sample_2022120210047
HROV.vOTU10396	Responder_Status	Responder	-1.1089492662652	0.501496921183858	0.0353515111735629	0.54156465575654	sample_2022120210047
HROV.vOTU30640	Responder_Status	Responder	-2.43672818911329	1.10092793488043	0.0351937887712257	0.54156465575654	sample_2022120210047
HROV.vOTU23903	Responder_Status	Responder	-1.49513884505116	0.675197993774755	0.0351151912452551	0.54156465575654	sample_2022120210047
HROV.vOTU36687	Responder_Status	Responder	-1.24944018238259	0.560400076328295	0.0339757757778874	0.54156465575654	sample_2022120210047
HROV.vOTU72566	Responder_Status	Responder	3.10446605998064	1.40317414497439	0.0352610799008389	0.54156465575654	sample_2022120210047
HROV.vOTU31955	Responder_Status	Responder	2.65100545714348	1.19684850734887	0.0350681896637365	0.54156465575654	sample_2022120210047
HROV.vOTU72761	Responder_Status	Responder	2.10601323131683	0.949547359994038	0.0348462980532617	0.54156465575654	sample_2022120210047
HROV.vOTU18442	Responder_Status	Responder	2.56654307608034	1.16130269955384	0.0354453665042147	0.541808583948368	sample_2022120210047
HROV.vOTU43686	Responder_Status	Responder	-2.58346272202645	1.16955844724293	0.035532566611028	0.542288795022558	sample_2022120210047
HROV.vOTU05956	Responder_Status	Responder	2.10480836729573	0.956031509680394	0.0360995605256292	0.54539331734552	sample_2022120210047
HROV.vOTU43644	Responder_Status	Responder	2.31779226004463	1.05879730784844	0.037090117587168	0.54539331734552	sample_2022120210047
HROV.vOTU15370	Responder_Status	Responder	-1.28471154766152	0.585533104170154	0.0366912736493303	0.54539331734552	sample_2022120210047
HROV.vOTU39610	Responder_Status	Responder	-0.891174930957608	0.406714646365116	0.0369244054695373	0.54539331734552	sample_2022120210047
HROV.vOTU05550	Responder_Status	Responder	-2.1690032374969	0.992321514227871	0.0373545070062817	0.547485172881922	sample_2022120210047
HROV.vOTU08556	Responder_Status	Responder	1.74436505327629	0.798451252993556	0.0374432720325538	0.547485172881922	sample_2022120210047
HROV.vOTU44304	Responder_Status	Responder	-2.01166580881997	0.919960805195478	0.0372821177155954	0.547485172881922	sample_2022120210047
HROV.vOTU27505	Responder_Status	Responder	3.38893558258744	1.55379724977092	0.0377363601299026	0.54927856020511	sample_2022120210047
HROV.vOTU29692	Responder_Status	Responder	-2.34662967204558	1.07720805774303	0.0379506454920689	0.550760064104956	sample_2022120210047
HROV.vOTU09478	Responder_Status	Responder	-2.10743678327426	0.968688335570643	0.0381865267244808	0.551494952833111	sample_2022120210047
HROV.vOTU11025	Responder_Status	Responder	2.99186334942352	1.37442686594948	0.0380839050409882	0.551494952833111	sample_2022120210047
HROV.vOTU06773	Responder_Status	Responder	2.02732249890603	0.931589039911617	0.038133890057032	0.551494952833111	sample_2022120210047
HROV.vOTU01212	Responder_Status	Responder	-1.41884627976709	0.653062032886434	0.0384296450292652	0.552707938171074	sample_2022120210047
HROV.vOTU46696	Responder_Status	Responder	-1.31915836506303	0.609825517885951	0.0392159316042472	0.55430304704671	sample_2022120210047
HROV.vOTU09500	Responder_Status	Responder	-2.70226286861877	1.24582019031183	0.0387232714501037	0.55430304704671	sample_2022120210047
HROV.vOTU46262	Responder_Status	Responder	-2.1319823942205	0.984236455430233	0.0389680785209671	0.55430304704671	sample_2022120210047
HROV.vOTU06856	Responder_Status	Responder	2.64168611490279	1.22309907762821	0.0394980818073111	0.55430304704671	sample_2022120210047
HROV.vOTU47170	Responder_Status	Responder	2.33996230167994	1.08126825385711	0.0391388614012672	0.55430304704671	sample_2022120210047
HROV.vOTU09505	Responder_Status	Responder	1.99276964421922	0.922644638862474	0.0394967927839786	0.55430304704671	sample_2022120210047
HROV.vOTU09573	Responder_Status	Responder	-0.885055850700077	0.408634525801773	0.038988335460108	0.55430304704671	sample_2022120210047
HROV.vOTU69573	Responder_Status	Responder	-1.39111510619331	0.642795311740676	0.0391326030085343	0.55430304704671	sample_2022120210047
HROV.vOTU07961	Responder_Status	Responder	-1.00598258140955	0.465260221517059	0.0392984496006157	0.55430304704671	sample_2022120210047
HROV.vOTU39998	Responder_Status	Responder	2.29857394546963	1.06405194133389	0.0394660598660619	0.55430304704671	sample_2022120210047
HROV.vOTU49399	Responder_Status	Responder	1.43970052649857	0.664449055755045	0.0389154086703356	0.55430304704671	sample_2022120210047
HROV.vOTU02488	Responder_Status	Responder	1.94053015560613	0.898717264412424	0.0395495816316215	0.554555163959839	sample_2022120210047
HROV.vOTU06547	Responder_Status	Responder	-1.90435489395051	0.882186467089422	0.0395958773499156	0.554555163959839	sample_2022120210047
HROV.vOTU08281	Responder_Status	Responder	2.2412076313012	1.03859695736062	0.0396602065118624	0.554710539400813	sample_2022120210047
HROV.vOTU70799	Responder_Status	Responder	-2.30374518664929	1.06797719200072	0.0397288905368326	0.554716945139752	sample_2022120210047
HROV.vOTU52361	Responder_Status	Responder	-1.95364726518937	0.906774003649826	0.0399513860289496	0.555160594441852	sample_2022120210047
HROV.vOTU38564	Responder_Status	Responder	-1.11400774313684	0.517056761743328	0.0399501578331694	0.555160594441852	sample_2022120210047
HROV.vOTU43757	Responder_Status	Responder	-1.44452217149004	0.671203719389779	0.040154226498479	0.556392340577329	sample_2022120210047
HROV.vOTU22379	Responder_Status	Responder	-1.5952855472656	0.741670182270927	0.0402574551852451	0.55731775945403	sample_2022120210047
HROV.vOTU67068	Responder_Status	Responder	-1.93439330378343	0.901265152121096	0.0406577470650082	0.557576415061962	sample_2022120210047
HROV.vOTU27429	Responder_Status	Responder	-1.10495236495725	0.514541102719788	0.0405585250570336	0.557576415061962	sample_2022120210047
HROV.vOTU74047	Responder_Status	Responder	-1.08075645471796	0.503188412212388	0.0405269312818499	0.557576415061962	sample_2022120210047
HROV.vOTU06373	Responder_Status	Responder	1.6910640027723	0.788274761482942	0.0407478852924279	0.557703000397948	sample_2022120210047
HROV.vOTU37702	Responder_Status	Responder	-1.13293174735688	0.528377212917605	0.0408437475792251	0.5577874833231	sample_2022120210047
HROV.vOTU72961	Responder_Status	Responder	-2.43034858021288	1.13652415443787	0.0413496512519615	0.558753207592569	sample_2022120210047
HROV.vOTU06193	Responder_Status	Responder	2.57778700272053	1.20499486754214	0.0412750294746166	0.558753207592569	sample_2022120210047
HROV.vOTU02347	Responder_Status	Responder	-1.35592322071046	0.633563743841568	0.0411957268579188	0.558753207592569	sample_2022120210047
HROV.vOTU18154	Responder_Status	Responder	3.32477801497072	1.55496350827284	0.0413702590842291	0.558753207592569	sample_2022120210047
HROV.vOTU05499	Responder_Status	Responder	-1.06776532014342	0.499221448015516	0.0413094166502999	0.558753207592569	sample_2022120210047
HROV.vOTU00371	Responder_Status	Responder	1.94704615476034	0.913342551276927	0.0419375602869898	0.559949628737992	sample_2022120210047
HROV.vOTU38803	Responder_Status	Responder	-1.72892485411392	0.812094818152564	0.0421893581046603	0.559949628737992	sample_2022120210047
HROV.vOTU46902	Responder_Status	Responder	-1.61972340277275	0.762782487136157	0.0426883959582337	0.559949628737992	sample_2022120210047
HROV.vOTU01761	Responder_Status	Responder	2.09084801209845	0.983155138215089	0.0423961293064773	0.559949628737992	sample_2022120210047
HROV.vOTU11600	Responder_Status	Responder	2.16240785712006	1.01507035757727	0.0420697036190673	0.559949628737992	sample_2022120210047
HROV.vOTU09476	Responder_Status	Responder	2.1019517300245	0.99089383700215	0.042885925934957	0.559949628737992	sample_2022120210047
HROV.vOTU75024	Responder_Status	Responder	2.27408849175292	1.06853300307794	0.0422554021010174	0.559949628737992	sample_2022120210047
HROV.vOTU53565	Responder_Status	Responder	-0.80889608577993	0.381955730882259	0.0432053264400524	0.559949628737992	sample_2022120210047
HROV.vOTU31835	Responder_Status	Responder	-0.524879305939114	0.246820852724319	0.0424062032011563	0.559949628737992	sample_2022120210047
HROV.vOTU39751	Responder_Status	Responder	-1.22213163769852	0.57687708792759	0.0431360421150194	0.559949628737992	sample_2022120210047
HROV.vOTU25654	Responder_Status	Responder	0.844490607814117	0.395570773559543	0.0416628083833963	0.559949628737992	sample_2022120210047
HROV.vOTU28648	Responder_Status	Responder	2.79840208783601	1.3203804816634	0.0430573132102906	0.559949628737992	sample_2022120210047
HROV.vOTU08696	Responder_Status	Responder	2.57574888787866	1.2171109085066	0.0433424822413568	0.560305479079535	sample_2022120210047
HROV.vOTU61513	Responder_Status	Responder	-2.01198602666336	0.953625145311428	0.0439395664568171	0.56061054649713	sample_2022120210047
HROV.vOTU11598	Responder_Status	Responder	-2.38189957621024	1.13126268439428	0.0443421145578429	0.56061054649713	sample_2022120210047
HROV.vOTU42137	Responder_Status	Responder	-2.09506550640483	0.994896327542453	0.0443149102044627	0.56061054649713	sample_2022120210047
HROV.vOTU21580	Responder_Status	Responder	-0.89726454455023	0.425853701555736	0.0442056917462361	0.56061054649713	sample_2022120210047
HROV.vOTU48102	Responder_Status	Responder	-1.84808067051097	0.876037446026666	0.0439617387640135	0.56061054649713	sample_2022120210047
HROV.vOTU23121	Responder_Status	Responder	-1.39817272414447	0.666207682693292	0.0449862920288966	0.56061054649713	sample_2022120210047
HROV.vOTU23520	Responder_Status	Responder	2.00988301629874	0.952855745023079	0.0439864617553237	0.56061054649713	sample_2022120210047
HROV.vOTU02014	Responder_Status	Responder	2.45704275306698	1.17014631194242	0.0448846673391998	0.56061054649713	sample_2022120210047
HROV.vOTU03695	Responder_Status	Responder	1.96772148471088	0.934442645749165	0.0443189140360181	0.56061054649713	sample_2022120210047
HROV.vOTU35627	Responder_Status	Responder	2.48712180110027	1.18343764387989	0.0447109630588743	0.56061054649713	sample_2022120210047
HROV.vOTU14574	Responder_Status	Responder	-0.557637782383461	0.265307632701753	0.0446877349167801	0.56061054649713	sample_2022120210047
HROV.vOTU55301	Responder_Status	Responder	-1.7742429030812	0.844731238680993	0.0448287330366893	0.56061054649713	sample_2022120210047
HROV.vOTU72107	Responder_Status	Responder	1.05623788826589	0.501646044268248	0.0443401283722712	0.56061054649713	sample_2022120210047
HROV.vOTU42025	Responder_Status	Responder	2.21653112472697	1.05525077500267	0.0448179013228913	0.56061054649713	sample_2022120210047
HROV.vOTU40350	Responder_Status	Responder	2.36194454508124	1.11907176034687	0.0438652059121509	0.56061054649713	sample_2022120210047
HROV.vOTU32166	Responder_Status	Responder	-2.23499425747446	1.06895390135569	0.0457410678656429	0.561712219165045	sample_2022120210047
HROV.vOTU08671	Responder_Status	Responder	2.63399466865616	1.26090063906598	0.0459194036439723	0.561712219165045	sample_2022120210047
HROV.vOTU70406	Responder_Status	Responder	-1.69844214856797	0.812374253947885	0.0457516727697098	0.561712219165045	sample_2022120210047
HROV.vOTU59806	Responder_Status	Responder	-1.3437790775171	0.644649280874279	0.046353721829276	0.562484339037694	sample_2022120210047
HROV.vOTU22119	Responder_Status	Responder	-1.17485317658433	0.56391075705791	0.0464621329883475	0.562948169463466	sample_2022120210047
HROV.vOTU08657	Responder_Status	Responder	-1.63588931689526	0.789112010360736	0.0474822674532297	0.563492160269453	sample_2022120210047
HROV.vOTU32103	Responder_Status	Responder	-2.14041348318855	1.03145875532476	0.0472775689419047	0.563492160269453	sample_2022120210047
HROV.vOTU13522	Responder_Status	Responder	-1.75140606107832	0.842814190316099	0.0469889261149788	0.563492160269453	sample_2022120210047
HROV.vOTU73443	Responder_Status	Responder	2.02951395112045	0.975055955929327	0.0466551683624524	0.563492160269453	sample_2022120210047
HROV.vOTU23255	Responder_Status	Responder	2.36920355229022	1.13888165691342	0.0467676110492126	0.563492160269453	sample_2022120210047
HROV.vOTU03452	Responder_Status	Responder	1.46842796341302	0.707856481645053	0.0473432957202371	0.563492160269453	sample_2022120210047
HROV.vOTU42173	Responder_Status	Responder	2.00632802404671	0.965921686537741	0.0470811859247513	0.563492160269453	sample_2022120210047
HROV.vOTU03004	Responder_Status	Responder	-1.5324949480838	0.73954313848463	0.0475678863362377	0.563492160269453	sample_2022120210047
HROV.vOTU63137	Responder_Status	Responder	-1.13130680125571	0.545557646316978	0.0474230215474756	0.563492160269453	sample_2022120210047
HROV.vOTU03930	Responder_Status	Responder	-1.05232516577125	0.50729851923934	0.0473533094071188	0.563492160269453	sample_2022120210047
HROV.vOTU61223	Responder_Status	Responder	1.85250573022882	0.89352725765273	0.0474648954390601	0.563492160269453	sample_2022120210047
HROV.vOTU68950	Responder_Status	Responder	-1.84949647185202	0.893103546671828	0.047703314923018	0.56356977494087	sample_2022120210047
HROV.vOTU28665	Responder_Status	Responder	-2.05946518188191	0.996317109088882	0.0480838869690058	0.565178682568302	sample_2022120210047
HROV.vOTU49540	Responder_Status	Responder	-1.17687658054359	0.570076881458143	0.0483529102445591	0.565695295829422	sample_2022120210047
HROV.vOTU28238	Responder_Status	Responder	2.6014529793827	1.26191557365395	0.0486482773849305	0.565911385764982	sample_2022120210047
HROV.vOTU03409	Responder_Status	Responder	2.03878875969719	0.989651362258241	0.0487914443213873	0.566449767177703	sample_2022120210047
HROV.vOTU05007	Responder_Status	Responder	-3.25141366735231	1.58008255238509	0.0490329810675184	0.566507306803777	sample_2022120210047
HROV.vOTU36129	Responder_Status	Responder	2.2358461163657	1.08701090006816	0.049122714329346	0.566507306803777	sample_2022120210047
HROV.vOTU71677	Responder_Status	Responder	-2.3408791884814	1.1384440478774	0.0491912401343774	0.566538406503284	sample_2022120210047
HROV.vOTU06274	Responder_Status	Responder	1.15341265858469	0.562445060414068	0.0497598987897709	0.568217145632233	sample_2022120210047
HROV.vOTU28293	Responder_Status	Responder	-2.12199931386409	1.03507605978383	0.0498245456721826	0.568556838893382	sample_2022120210047
HROV.vOTU00812	Responder_Status	Responder	1.47011766456001	0.719573270245985	0.0505630515581633	0.570077340807018	sample_2022120210047
HROV.vOTU23301	Responder_Status	Responder	1.81012409423166	0.885476825469584	0.0504371201896562	0.570077340807018	sample_2022120210047
HROV.vOTU04917	Responder_Status	Responder	-3.191750189013	1.56607319634193	0.0510907506897366	0.570077340807018	sample_2022120210047
HROV.vOTU66841	Responder_Status	Responder	-1.68047200572191	0.823022430447141	0.0506908693276162	0.570077340807018	sample_2022120210047
HROV.vOTU52875	Responder_Status	Responder	-2.20248554033643	1.08011178115402	0.0509772075889083	0.570077340807018	sample_2022120210047
HROV.vOTU29144	Responder_Status	Responder	3.32549516895225	1.63195948848215	0.0511256601804862	0.570077340807018	sample_2022120210047
HROV.vOTU33624	Responder_Status	Responder	2.398714173768	1.17247941121571	0.0502678690133809	0.570077340807018	sample_2022120210047
HROV.vOTU22570	Responder_Status	Responder	-0.761147243492436	0.373466725348189	0.0510907861179153	0.570077340807018	sample_2022120210047
HROV.vOTU07055	Responder_Status	Responder	-1.99401692930082	0.976728777912182	0.0507230490431729	0.570077340807018	sample_2022120210047
HROV.vOTU65644	Responder_Status	Responder	-1.40061703531005	0.686266696228894	0.0507868861858419	0.570077340807018	sample_2022120210047
HROV.vOTU00252	Responder_Status	Responder	1.92492403719791	0.945801494374593	0.0513925764294323	0.571516164775543	sample_2022120210047
HROV.vOTU17341	Responder_Status	Responder	-0.883590716334351	0.434839706086615	0.0517400539000919	0.572630230099795	sample_2022120210047
HROV.vOTU30149	Responder_Status	Responder	-2.34775545889856	1.15662021493882	0.0519719249149311	0.574281503301784	sample_2022120210047
HROV.vOTU55031	Responder_Status	Responder	-1.04591297779169	0.515405642743663	0.0520303661325784	0.574615775738765	sample_2022120210047
HROV.vOTU62742	Responder_Status	Responder	1.95606625028992	0.964428645849821	0.0521481492961329	0.574615775738765	sample_2022120210047
HROV.vOTU71569	Responder_Status	Responder	1.89838476684496	0.936514160641921	0.0522714974639306	0.574848552584862	sample_2022120210047
HROV.vOTU74217	Responder_Status	Responder	0.920059778908013	0.454254804665884	0.0524507893878868	0.575323818802169	sample_2022120210047
HROV.vOTU65868	Responder_Status	Responder	-1.29271279371415	0.639337799192087	0.0528299982012959	0.575885941336209	sample_2022120210047
HROV.vOTU34716	Responder_Status	Responder	-1.12886224182222	0.558688469137553	0.0529834444088957	0.576291743988197	sample_2022120210047
HROV.vOTU05189	Responder_Status	Responder	-1.16782994827613	0.578340179838568	0.0531241526486314	0.577397043624656	sample_2022120210047
HROV.vOTU35391	Responder_Status	Responder	-2.24438691211126	1.11528302600118	0.0538874078353255	0.579332697832802	sample_2022120210047
HROV.vOTU54421	Responder_Status	Responder	1.03795496929893	0.516020082674593	0.0539912092156128	0.579332697832802	sample_2022120210047
HROV.vOTU53891	Responder_Status	Responder	1.37871119818413	0.684696208634629	0.0537517279779758	0.579332697832802	sample_2022120210047
HROV.vOTU07385	Responder_Status	Responder	1.73886132979207	0.865254124493751	0.0541935850993067	0.57951610851283	sample_2022120210047
HROV.vOTU14113	Responder_Status	Responder	-2.07116789704598	1.03560970629849	0.0552909123280086	0.580634679320627	sample_2022120210047
HROV.vOTU61734	Responder_Status	Responder	-2.30042575919348	1.14983476330614	0.055210258386117	0.580634679320627	sample_2022120210047
HROV.vOTU61820	Responder_Status	Responder	-2.47011454177601	1.23331172903194	0.0549631653088868	0.580634679320627	sample_2022120210047
HROV.vOTU28979	Responder_Status	Responder	-1.9067078996132	0.954971720845007	0.055672914760383	0.580634679320627	sample_2022120210047
HROV.vOTU38085	Responder_Status	Responder	-0.917504437687974	0.459133436229169	0.0554749507769508	0.580634679320627	sample_2022120210047
HROV.vOTU66207	Responder_Status	Responder	-2.46663438908881	1.23300741248617	0.0552279444749844	0.580634679320627	sample_2022120210047
HROV.vOTU60923	Responder_Status	Responder	-0.431735312798534	0.216307589990466	0.0557509593723884	0.580634679320627	sample_2022120210047
HROV.vOTU27588	Responder_Status	Responder	-0.708543670742871	0.355313601952902	0.0559577137759616	0.58200319967212	sample_2022120210047
HROV.vOTU51034	Responder_Status	Responder	-1.73659962184972	0.87195402658496	0.0562486454530398	0.582268737207696	sample_2022120210047
HROV.vOTU45018	Responder_Status	Responder	1.49086299894913	0.748396428468688	0.0561955946386465	0.582268737207696	sample_2022120210047
HROV.vOTU39549	Responder_Status	Responder	2.54518210032896	1.27798424630685	0.0562554198845357	0.582268737207696	sample_2022120210047
HROV.vOTU52833	Responder_Status	Responder	-0.520064402026963	0.261130520193696	0.056252161920377	0.582268737207696	sample_2022120210047
HROV.vOTU02746	Responder_Status	Responder	-1.54680653457554	0.778652489516706	0.0568421697137772	0.582622069508437	sample_2022120210047
HROV.vOTU34402	Responder_Status	Responder	-2.58898359728492	1.30939256865044	0.057935638970362	0.582622069508437	sample_2022120210047
HROV.vOTU69838	Responder_Status	Responder	-0.961741605285439	0.48662821422025	0.0580430101886965	0.582622069508437	sample_2022120210047
HROV.vOTU42956	Responder_Status	Responder	-2.27192778130465	1.15084760926291	0.0583058168148166	0.582622069508437	sample_2022120210047
HROV.vOTU31854	Responder_Status	Responder	2.07164292553953	1.04557648670569	0.0574500984498131	0.582622069508437	sample_2022120210047
HROV.vOTU26100	Responder_Status	Responder	1.72882942739179	0.871653249211394	0.0572085797459291	0.582622069508437	sample_2022120210047
HROV.vOTU02985	Responder_Status	Responder	1.44237635832603	0.726988375742531	0.0571319872828353	0.582622069508437	sample_2022120210047
HROV.vOTU07214	Responder_Status	Responder	-1.53808487698727	0.777549245107165	0.0578312777138624	0.582622069508437	sample_2022120210047
HROV.vOTU06489	Responder_Status	Responder	2.72616597258823	1.37412048114663	0.0571446727714592	0.582622069508437	sample_2022120210047
HROV.vOTU18867	Responder_Status	Responder	1.71066729460773	0.866175300480963	0.0582064178740874	0.582622069508437	sample_2022120210047
HROV.vOTU02061	Responder_Status	Responder	0.970313379266872	0.490786115966336	0.0579571108202762	0.582622069508437	sample_2022120210047
HROV.vOTU61225	Responder_Status	Responder	-1.92272367688763	0.968134467820851	0.0569016054190363	0.582622069508437	sample_2022120210047
HROV.vOTU06760	Responder_Status	Responder	-2.73551280077225	1.37922664537765	0.0572114143928607	0.582622069508437	sample_2022120210047
HROV.vOTU53018	Responder_Status	Responder	-2.2317369999184	1.1230664134208	0.0567645430832982	0.582622069508437	sample_2022120210047
HROV.vOTU43196	Responder_Status	Responder	-1.17688809263148	0.593237942490668	0.057156062947175	0.582622069508437	sample_2022120210047
HROV.vOTU10893	Responder_Status	Responder	-1.83288953582903	0.926126043175486	0.0577157917749965	0.582622069508437	sample_2022120210047
HROV.vOTU47480	Responder_Status	Responder	-1.63726481387175	0.829826945453205	0.0584391857116579	0.582622069508437	sample_2022120210047
HROV.vOTU43506	Responder_Status	Responder	-1.44730396798057	0.727976414297486	0.0566551696334	0.582622069508437	sample_2022120210047
HROV.vOTU48567	Responder_Status	Responder	1.27940170286165	0.643857000521243	0.0567752660162434	0.582622069508437	sample_2022120210047
HROV.vOTU70764	Responder_Status	Responder	1.72428556188515	0.86990230690363	0.0573534698041439	0.582622069508437	sample_2022120210047
HROV.vOTU30877	Responder_Status	Responder	2.23401571227673	1.1240418461567	0.0567292027336427	0.582622069508437	sample_2022120210047
HROV.vOTU16151	Responder_Status	Responder	0.528021539946574	0.267550772622059	0.058377163526662	0.582622069508437	sample_2022120210047
HROV.vOTU40432	Responder_Status	Responder	-0.783258891435737	0.396453790984041	0.0581234196016108	0.582622069508437	sample_2022120210047
HROV.vOTU64477	Responder_Status	Responder	-0.931337232357505	0.472036250737301	0.0584390675415976	0.582622069508437	sample_2022120210047
HROV.vOTU66997	Responder_Status	Responder	1.72958959930428	0.87725414245299	0.0586100498067668	0.58270093014005	sample_2022120210047
HROV.vOTU16132	Responder_Status	Responder	-1.83441957931792	0.930812963601558	0.058708969044057	0.58270093014005	sample_2022120210047
HROV.vOTU08918	Responder_Status	Responder	-1.15685458661108	0.587380227954268	0.0588601289639989	0.583395222563353	sample_2022120210047
HROV.vOTU05191	Responder_Status	Responder	-1.62589425974684	0.8265773358343	0.0591615547827037	0.584042041854038	sample_2022120210047
HROV.vOTU14813	Responder_Status	Responder	-1.46045595645221	0.742937414553777	0.0593111183837566	0.584486645110224	sample_2022120210047
HROV.vOTU48965	Responder_Status	Responder	-2.75021700888914	1.40009197097974	0.0594902196567287	0.584524364755411	sample_2022120210047
HROV.vOTU67169	Responder_Status	Responder	-1.56457954211502	0.796673044316141	0.0595413314891075	0.584750870986334	sample_2022120210047
HROV.vOTU75058	Responder_Status	Responder	1.7298224105649	0.881447028425701	0.0597133596888486	0.585888143086443	sample_2022120210047
HROV.vOTU75309	Responder_Status	Responder	-2.01576420872426	1.02786960977509	0.0598809328390938	0.586703639100477	sample_2022120210047
HROV.vOTU38933	Responder_Status	Responder	-1.31982308908457	0.674715006718511	0.0604940758569695	0.587460582529398	sample_2022120210047
HROV.vOTU53337	Responder_Status	Responder	-2.0367870098023	1.04152819862417	0.06056124176121	0.587460582529398	sample_2022120210047
HROV.vOTU46010	Responder_Status	Responder	1.69815447677741	0.869617949392643	0.0609100748291306	0.587460582529398	sample_2022120210047
HROV.vOTU69242	Responder_Status	Responder	-0.630117697881184	0.322256173661135	0.0605913739561975	0.587460582529398	sample_2022120210047
HROV.vOTU62508	Responder_Status	Responder	-0.775900759273857	0.396596190995832	0.060459453290225	0.587460582529398	sample_2022120210047
HROV.vOTU10264	Responder_Status	Responder	-1.76404757276304	0.903688683311809	0.0609979131032501	0.587460582529398	sample_2022120210047
HROV.vOTU35112	Responder_Status	Responder	0.826072476742976	0.422927053319462	0.0608520319915621	0.587460582529398	sample_2022120210047
HROV.vOTU39819	Responder_Status	Responder	1.35223804219148	0.692189832625863	0.0608100519882935	0.587460582529398	sample_2022120210047
HROV.vOTU05373	Responder_Status	Responder	-2.93414113195499	1.50396920521741	0.0611373833875498	0.587957115734443	sample_2022120210047
HROV.vOTU16979	Responder_Status	Responder	1.31314774770706	0.674615341551494	0.0616899853231036	0.588330881972075	sample_2022120210047
HROV.vOTU73863	Responder_Status	Responder	-0.478399741407143	0.245715778752619	0.0616334371140242	0.588330881972075	sample_2022120210047
HROV.vOTU17874	Responder_Status	Responder	1.60195183531222	0.822821516992632	0.0616413545628414	0.588330881972075	sample_2022120210047
HROV.vOTU70703	Responder_Status	Responder	-1.0027576349395	0.515067070768347	0.0616478922954402	0.588330881972075	sample_2022120210047
HROV.vOTU74139	Responder_Status	Responder	-2.46840979730848	1.27253342766968	0.0625430082928724	0.588906631493601	sample_2022120210047
HROV.vOTU32680	Responder_Status	Responder	-2.01833012289923	1.04311299783808	0.063161964657858	0.588906631493601	sample_2022120210047
HROV.vOTU40817	Responder_Status	Responder	-1.58642551863842	0.817083349088312	0.0623132522029581	0.588906631493601	sample_2022120210047
HROV.vOTU09249	Responder_Status	Responder	-2.05569091217839	1.05866137365115	0.0622864018060162	0.588906631493601	sample_2022120210047
HROV.vOTU61540	Responder_Status	Responder	2.58566650802054	1.33334999335367	0.0626109781574636	0.588906631493601	sample_2022120210047
HROV.vOTU02547	Responder_Status	Responder	-0.65307269571733	0.337521353533386	0.0631622913950472	0.588906631493601	sample_2022120210047
HROV.vOTU35164	Responder_Status	Responder	-2.18781105122272	1.13394085830925	0.0638733188741913	0.58939747521588	sample_2022120210047
HROV.vOTU55083	Responder_Status	Responder	-2.04975289995944	1.06149007341332	0.0636629934692318	0.58939747521588	sample_2022120210047
HROV.vOTU02748	Responder_Status	Responder	2.02660329934832	1.04899827934102	0.0635434803806701	0.58939747521588	sample_2022120210047
HROV.vOTU08820	Responder_Status	Responder	-2.36851960294703	1.22622815807638	0.0635940856179266	0.58939747521588	sample_2022120210047
HROV.vOTU55544	Responder_Status	Responder	-1.533393316305	0.794190730624335	0.0636956031420215	0.58939747521588	sample_2022120210047
HROV.vOTU74035	Responder_Status	Responder	-1.69265090604203	0.877131366741323	0.0638254059035314	0.58939747521588	sample_2022120210047
HROV.vOTU16293	Responder_Status	Responder	2.4644425670245	1.27938055280694	0.0642768471351749	0.590361169809186	sample_2022120210047
HROV.vOTU59995	Responder_Status	Responder	2.34606108727275	1.21843341781872	0.0643816301019534	0.59091939346936	sample_2022120210047
HROV.vOTU71497	Responder_Status	Responder	-1.085603150874	0.563839592326878	0.06439433505609	0.59091939346936	sample_2022120210047
HROV.vOTU01231	Responder_Status	Responder	2.46638537997521	1.28209780506564	0.0646116878427435	0.590977899204375	sample_2022120210047
HROV.vOTU31714	Responder_Status	Responder	1.42551639504042	0.740953728795016	0.0645877478642518	0.590977899204375	sample_2022120210047
HROV.vOTU49583	Responder_Status	Responder	1.57893949533152	0.821579861883872	0.0648575379015793	0.591775067136622	sample_2022120210047
HROV.vOTU07899	Responder_Status	Responder	2.24862170068312	1.17058437212767	0.0649748597789703	0.59233424225448	sample_2022120210047
HROV.vOTU74328	Responder_Status	Responder	-1.08076004198447	0.56271272877349	0.0650162007441493	0.592451956059498	sample_2022120210047
HROV.vOTU15287	Responder_Status	Responder	-1.94401010393109	1.01456600604456	0.0656132821521418	0.593481250021977	sample_2022120210047
HROV.vOTU19378	Responder_Status	Responder	-2.21973714634305	1.1588634817771	0.0657003762916375	0.593753617483836	sample_2022120210047
HROV.vOTU53530	Responder_Status	Responder	-1.88346945175503	0.984798925973066	0.0660861467228791	0.59452837892057	sample_2022120210047
HROV.vOTU01021	Responder_Status	Responder	2.06034214643432	1.07813812505637	0.0662895134711818	0.59452837892057	sample_2022120210047
HROV.vOTU75697	Responder_Status	Responder	-1.72233159203037	0.900584272138298	0.0660970700518388	0.59452837892057	sample_2022120210047
HROV.vOTU72226	Responder_Status	Responder	-1.32796547241769	0.694738051337297	0.0662302665190019	0.59452837892057	sample_2022120210047
HROV.vOTU12851	Responder_Status	Responder	1.97361871165514	1.03300540689387	0.0663508695678038	0.59452837892057	sample_2022120210047
HROV.vOTU65493	Responder_Status	Responder	1.80616477627617	0.943511677558346	0.065852105799286	0.59452837892057	sample_2022120210047
HROV.vOTU50704	Responder_Status	Responder	-2.57471878023164	1.34804396951947	0.0664303001259238	0.59452837892057	sample_2022120210047
HROV.vOTU21557	Responder_Status	Responder	-1.38514123346872	0.725310021766763	0.0664629114468095	0.59452837892057	sample_2022120210047
HROV.vOTU01885	Responder_Status	Responder	-0.930952434542027	0.487382005320301	0.0664113029680922	0.59452837892057	sample_2022120210047
HROV.vOTU46268	Responder_Status	Responder	-1.42798270620661	0.746112345451959	0.065905644128139	0.59452837892057	sample_2022120210047
HROV.vOTU32957	Responder_Status	Responder	1.61068834774038	0.844036716124434	0.0666517144750581	0.595365697896899	sample_2022120210047
HROV.vOTU01773	Responder_Status	Responder	-1.87522765049278	0.985626309667724	0.067426620404527	0.597418415706558	sample_2022120210047
HROV.vOTU08173	Responder_Status	Responder	-0.677945524784607	0.355901457304252	0.0671160443714386	0.597418415706558	sample_2022120210047
HROV.vOTU62203	Responder_Status	Responder	-1.78592685764637	0.937937347259783	0.0672199192522155	0.597418415706558	sample_2022120210047
HROV.vOTU59956	Responder_Status	Responder	-0.93083325321385	0.488576630074525	0.0670720981363831	0.597418415706558	sample_2022120210047
HROV.vOTU49263	Responder_Status	Responder	-0.799498021183174	0.420628822068875	0.0676784994325136	0.597888905542003	sample_2022120210047
HROV.vOTU33883	Responder_Status	Responder	2.34260688112778	1.23282925408347	0.0677511214493612	0.598023452352684	sample_2022120210047
HROV.vOTU56580	Responder_Status	Responder	-1.25488353561317	0.661101564342352	0.0680263769683375	0.598155888133482	sample_2022120210047
HROV.vOTU12146	Responder_Status	Responder	-1.05038495482444	0.553439681315653	0.0680604624206123	0.598155888133482	sample_2022120210047
HROV.vOTU03533	Responder_Status	Responder	-2.16362694079124	1.14119362226718	0.0683328255969262	0.598625909993869	sample_2022120210047
HROV.vOTU03705	Responder_Status	Responder	-1.53792795187326	0.811949469475966	0.0685823683085313	0.599268996037649	sample_2022120210047
HROV.vOTU67948	Responder_Status	Responder	-1.63162646976249	0.862275229325341	0.0688421482820439	0.599887998353532	sample_2022120210047
HROV.vOTU33603	Responder_Status	Responder	1.17486093962997	0.620978294457097	0.0688811444674552	0.599887998353532	sample_2022120210047
HROV.vOTU73162	Responder_Status	Responder	1.6438848548233	0.870935763738267	0.0694997399526738	0.599989470013969	sample_2022120210047
HROV.vOTU16955	Responder_Status	Responder	-0.952055380196884	0.504337922365006	0.0694662634694448	0.599989470013969	sample_2022120210047
HROV.vOTU15439	Responder_Status	Responder	-1.76274775045941	0.933881712535643	0.069491854615478	0.599989470013969	sample_2022120210047
HROV.vOTU23300	Responder_Status	Responder	2.40331907377464	1.2732136752609	0.0694846886881251	0.599989470013969	sample_2022120210047
HROV.vOTU54452	Responder_Status	Responder	1.44667959804296	0.766436884107267	0.0694932695602656	0.599989470013969	sample_2022120210047
HROV.vOTU35216	Responder_Status	Responder	1.96048580226973	1.03930370282771	0.06965966596642	0.600096539547946	sample_2022120210047
HROV.vOTU30787	Responder_Status	Responder	-1.0388611749059	0.551737917512868	0.0701434554695247	0.601551709390248	sample_2022120210047
HROV.vOTU44129	Responder_Status	Responder	-2.79139601244877	1.48259737406398	0.0701595590788148	0.601551709390248	sample_2022120210047
HROV.vOTU25132	Responder_Status	Responder	-2.56614621391133	1.36964151062223	0.0714594297343718	0.605707665920101	sample_2022120210047
HROV.vOTU35103	Responder_Status	Responder	-2.58227027978968	1.38316207079453	0.0724145680682517	0.607997502406989	sample_2022120210047
HROV.vOTU05758	Responder_Status	Responder	-0.887019433695507	0.47563613885627	0.0727066706072705	0.607997502406989	sample_2022120210047
HROV.vOTU52240	Responder_Status	Responder	-2.91460562224914	1.56550958324453	0.073164055503041	0.607997502406989	sample_2022120210047
HROV.vOTU09376	Responder_Status	Responder	0.833217978542772	0.447702206192923	0.0732606243156552	0.607997502406989	sample_2022120210047
HROV.vOTU20502	Responder_Status	Responder	2.27393092938776	1.21878792922179	0.0725880684147086	0.607997502406989	sample_2022120210047
HROV.vOTU24790	Responder_Status	Responder	-1.62869456289761	0.87230645753394	0.0723885591825519	0.607997502406989	sample_2022120210047
HROV.vOTU55731	Responder_Status	Responder	1.71289335136252	0.916873281969965	0.0722333367638651	0.607997502406989	sample_2022120210047
HROV.vOTU67736	Responder_Status	Responder	1.82385110930022	0.980589745965206	0.073427731605068	0.608442913180763	sample_2022120210047
HROV.vOTU40670	Responder_Status	Responder	-0.687569485271045	0.369948667948176	0.0736323613980563	0.609896030022056	sample_2022120210047
HROV.vOTU01728	Responder_Status	Responder	-1.76831397466275	0.952802591630073	0.0740205473947051	0.6119287634891	sample_2022120210047
HROV.vOTU02740	Responder_Status	Responder	-0.893889036780334	0.48214868333128	0.0743060634444148	0.6119287634891	sample_2022120210047
HROV.vOTU27614	Responder_Status	Responder	-1.69663697979704	0.914696445569341	0.0741742978381941	0.6119287634891	sample_2022120210047
HROV.vOTU34854	Responder_Status	Responder	1.73256487151311	0.934303721344405	0.0742438495760361	0.6119287634891	sample_2022120210047
HROV.vOTU56546	Responder_Status	Responder	1.99898585545735	1.07825186223098	0.0743143282747875	0.6119287634891	sample_2022120210047
HROV.vOTU74692	Responder_Status	Responder	-1.55520257644147	0.840715764291881	0.0749152378217297	0.614175277814653	sample_2022120210047
HROV.vOTU72279	Responder_Status	Responder	-1.28887734507938	0.698366196361157	0.0755556708224595	0.615019033239622	sample_2022120210047
HROV.vOTU50560	Responder_Status	Responder	-1.44226868956946	0.78153203674757	0.0755741116901698	0.615019033239622	sample_2022120210047
HROV.vOTU16329	Responder_Status	Responder	2.17154500656498	1.17644996172056	0.075513065505374	0.615019033239622	sample_2022120210047
HROV.vOTU18266	Responder_Status	Responder	0.980520806522475	0.530834274785732	0.075320876623647	0.615019033239622	sample_2022120210047
HROV.vOTU06241	Responder_Status	Responder	-1.1828637855799	0.642114498427226	0.0760694307796994	0.616184149784889	sample_2022120210047
HROV.vOTU69864	Responder_Status	Responder	-1.64679193512633	0.894977388054279	0.0763862953601549	0.616486718269311	sample_2022120210047
HROV.vOTU08185	Responder_Status	Responder	-0.753128912974244	0.409363343085829	0.0764287429358289	0.616486718269311	sample_2022120210047
HROV.vOTU13913	Responder_Status	Responder	2.02881454675549	1.1034229980116	0.0765953735512544	0.617417042568521	sample_2022120210047
HROV.vOTU54797	Responder_Status	Responder	-1.56221703701872	0.850546707967555	0.0768887899638059	0.618171597457383	sample_2022120210047
HROV.vOTU18429	Responder_Status	Responder	-1.37886832661376	0.751660776165633	0.0772377297170276	0.618782666571303	sample_2022120210047
HROV.vOTU59570	Responder_Status	Responder	-1.6765734440822	0.916750640744074	0.0780971245803254	0.619352577877489	sample_2022120210047
HROV.vOTU08559	Responder_Status	Responder	-0.829880130513604	0.45362183869386	0.0779998572955823	0.619352577877489	sample_2022120210047
HROV.vOTU56629	Responder_Status	Responder	-0.716213950322771	0.39127767095991	0.0778468245167005	0.619352577877489	sample_2022120210047
HROV.vOTU01872	Responder_Status	Responder	-1.89273796380263	1.03558419594715	0.078269908927884	0.619805075287399	sample_2022120210047
HROV.vOTU04018	Responder_Status	Responder	-0.982773804900679	0.538288317711239	0.0785731198013977	0.619952051362672	sample_2022120210047
HROV.vOTU20414	Responder_Status	Responder	-2.16990678772956	1.18970406002284	0.0788574596016539	0.620849814166403	sample_2022120210047
HROV.vOTU32413	Responder_Status	Responder	2.23281789283302	1.22495682710817	0.0790333921993733	0.621296074475647	sample_2022120210047
HROV.vOTU17684	Responder_Status	Responder	-0.891001347227227	0.488890771403081	0.0790764940866969	0.62132735041998	sample_2022120210047
HROV.vOTU58731	Responder_Status	Responder	-1.25136976823845	0.686948848473712	0.0792106298038684	0.621517140479148	sample_2022120210047
HROV.vOTU17559	Responder_Status	Responder	1.28358489207496	0.705482300484315	0.0795528546143712	0.622889231371708	sample_2022120210047
HROV.vOTU69341	Responder_Status	Responder	-1.21657763858605	0.669176406564343	0.0797754001736269	0.623613060610236	sample_2022120210047
HROV.vOTU01280	Responder_Status	Responder	2.54167422474484	1.40028048548402	0.0802319937769995	0.624019362631076	sample_2022120210047
HROV.vOTU31463	Responder_Status	Responder	-1.0899285796341	0.600065525609718	0.0800381446318497	0.624019362631076	sample_2022120210047
HROV.vOTU35516	Responder_Status	Responder	-1.89083348704772	1.04472671244278	0.0810605681011673	0.624695011302157	sample_2022120210047
HROV.vOTU16410	Responder_Status	Responder	-1.98502902559138	1.09741641338097	0.0812297378331156	0.624822565718526	sample_2022120210047
HROV.vOTU51707	Responder_Status	Responder	-0.630494679698714	0.348777529012871	0.0814039612824249	0.624852489060479	sample_2022120210047
HROV.vOTU22053	Responder_Status	Responder	-0.800948354723898	0.444708604382466	0.0824732405372245	0.624997211925731	sample_2022120210047
HROV.vOTU46389	Responder_Status	Responder	-1.85696876017389	1.03051041196572	0.0823239438065336	0.624997211925731	sample_2022120210047
HROV.vOTU57885	Responder_Status	Responder	-2.5503840718486	1.41510748574839	0.0822812058089107	0.624997211925731	sample_2022120210047
HROV.vOTU62516	Responder_Status	Responder	-1.71597635876264	0.952702291638437	0.0824564399483959	0.624997211925731	sample_2022120210047
HROV.vOTU45865	Responder_Status	Responder	1.48248203050678	0.822103628710929	0.0821164334498224	0.624997211925731	sample_2022120210047
HROV.vOTU10604	Responder_Status	Responder	-0.936333018690227	0.520526558310802	0.0828360584627915	0.626662352211057	sample_2022120210047
HROV.vOTU75522	Responder_Status	Responder	-2.3387384268255	1.3017855484899	0.083202275486108	0.627833054541657	sample_2022120210047
HROV.vOTU22345	Responder_Status	Responder	-2.06175001103994	1.14769949100372	0.0832254040304643	0.627833054541657	sample_2022120210047
HROV.vOTU47690	Responder_Status	Responder	-1.34115629679262	0.746313749936626	0.0831244574077009	0.627833054541657	sample_2022120210047
HROV.vOTU03337	Responder_Status	Responder	1.66109621262044	0.926729501540212	0.08387660076778	0.627981686392563	sample_2022120210047
HROV.vOTU60099	Responder_Status	Responder	2.21971388405348	1.23705456906259	0.0835618777526009	0.627981686392563	sample_2022120210047
HROV.vOTU15270	Responder_Status	Responder	-0.612973267580449	0.341588124353648	0.0835412294815681	0.627981686392563	sample_2022120210047
HROV.vOTU67959	Responder_Status	Responder	-0.7445370988581	0.416082324104459	0.0843738108389928	0.627982220673075	sample_2022120210047
HROV.vOTU73341	Responder_Status	Responder	-1.10230988916224	0.616336063554311	0.0845236621218153	0.628872944883481	sample_2022120210047
HROV.vOTU33206	Responder_Status	Responder	-1.56721297833983	0.876418043316853	0.0845707700890351	0.628892867124296	sample_2022120210047
HROV.vOTU11502	Responder_Status	Responder	-0.789088369158996	0.441424289474682	0.0846707807390322	0.629293534451295	sample_2022120210047
HROV.vOTU35741	Responder_Status	Responder	-1.54378591419339	0.863946078672991	0.0847855977544252	0.629870052067075	sample_2022120210047
HROV.vOTU26908	Responder_Status	Responder	2.20797373741602	1.23747063124403	0.0852222358521386	0.631167866371127	sample_2022120210047
HROV.vOTU29426	Responder_Status	Responder	2.6949763396915	1.51064227881025	0.0852670180812694	0.631167866371127	sample_2022120210047
HROV.vOTU59733	Responder_Status	Responder	1.42690619898003	0.799732671343422	0.0852279736321398	0.631167866371127	sample_2022120210047
HROV.vOTU14986	Responder_Status	Responder	-0.949232927383917	0.532248157971951	0.0853588952376732	0.631255988911679	sample_2022120210047
HROV.vOTU34214	Responder_Status	Responder	-1.49656369120543	0.839801215381653	0.0855910107539957	0.63207535935977	sample_2022120210047
HROV.vOTU21634	Responder_Status	Responder	-1.5131188580824	0.849618863977714	0.0857755018741525	0.632765118250386	sample_2022120210047
HROV.vOTU53073	Responder_Status	Responder	1.90869705910209	1.07209889534731	0.0858759358002468	0.632833982346939	sample_2022120210047
HROV.vOTU38393	Responder_Status	Responder	0.785247849253058	0.44102664496634	0.0858487087607826	0.632833982346939	sample_2022120210047
HROV.vOTU13070	Responder_Status	Responder	-1.73460338477544	0.976677444429714	0.0865986624337812	0.633677875834374	sample_2022120210047
HROV.vOTU61537	Responder_Status	Responder	1.1838876264793	0.666686559873384	0.0866401129563045	0.633677875834374	sample_2022120210047
HROV.vOTU16199	Responder_Status	Responder	2.26523688639853	1.27517104766918	0.0865325365396107	0.633677875834374	sample_2022120210047
HROV.vOTU23687	Responder_Status	Responder	1.58341001435688	0.892055340368029	0.0867689675624816	0.633811876621843	sample_2022120210047
HROV.vOTU04957	Responder_Status	Responder	2.70592179559154	1.52438856650914	0.0867565943441421	0.633811876621843	sample_2022120210047
HROV.vOTU68597	Responder_Status	Responder	2.23244407069996	1.259412720632	0.0871751639551254	0.634112573318944	sample_2022120210047
HROV.vOTU03693	Responder_Status	Responder	-2.43479270418614	1.37655418453987	0.0878281933961911	0.634413027257852	sample_2022120210047
HROV.vOTU07548	Responder_Status	Responder	-2.51910334075131	1.4241735089607	0.0878182097606566	0.634413027257852	sample_2022120210047
HROV.vOTU74488	Responder_Status	Responder	-2.1537369162492	1.216846722259	0.0876285738850669	0.634413027257852	sample_2022120210047
HROV.vOTU13259	Responder_Status	Responder	1.52099603701485	0.859088977809678	0.0875363937849043	0.634413027257852	sample_2022120210047
HROV.vOTU47874	Responder_Status	Responder	2.32986552582095	1.31685570527204	0.0877422537461399	0.634413027257852	sample_2022120210047
HROV.vOTU51929	Responder_Status	Responder	-2.12904181933152	1.20452864963529	0.0880374582523176	0.63484450864301	sample_2022120210047
HROV.vOTU39510	Responder_Status	Responder	1.63421902887991	0.924958783566499	0.0881619013248706	0.63508262136547	sample_2022120210047
HROV.vOTU48368	Responder_Status	Responder	-1.65173785116679	0.935711054140303	0.0884320780241341	0.635710419462902	sample_2022120210047
HROV.vOTU62380	Responder_Status	Responder	1.64860566772241	0.934965346673628	0.0887651707581435	0.636628312971211	sample_2022120210047
HROV.vOTU34617	Responder_Status	Responder	-0.691093702694293	0.393283716110877	0.0898079630562712	0.638921150652589	sample_2022120210047
HROV.vOTU36535	Responder_Status	Responder	-1.17632157514302	0.670232379355874	0.0901806625446673	0.639843610724289	sample_2022120210047
HROV.vOTU60207	Responder_Status	Responder	2.12487941990579	1.21047915185828	0.0901269737596249	0.639843610724289	sample_2022120210047
HROV.vOTU74848	Responder_Status	Responder	1.59885705782531	0.910657155772612	0.0900722910335033	0.639843610724289	sample_2022120210047
HROV.vOTU11783	Responder_Status	Responder	1.68867969644438	0.962451239596617	0.0902736425671327	0.63987977463482	sample_2022120210047
HROV.vOTU21204	Responder_Status	Responder	-1.43134866515579	0.81576401542698	0.0902649500065809	0.63987977463482	sample_2022120210047
HROV.vOTU50642	Responder_Status	Responder	2.51173224499993	1.43298567512072	0.0905816170521588	0.640991816423426	sample_2022120210047
HROV.vOTU69542	Responder_Status	Responder	-2.18134784560011	1.24526029725463	0.0907698406636926	0.641452519305308	sample_2022120210047
HROV.vOTU69959	Responder_Status	Responder	-0.638409264349073	0.364699597939107	0.090982444187578	0.642110976490415	sample_2022120210047
HROV.vOTU08563	Responder_Status	Responder	-1.7023410251828	0.974345928033215	0.0915706920591908	0.642955551650971	sample_2022120210047
HROV.vOTU73219	Responder_Status	Responder	-1.91139133197248	1.09443949455608	0.0916952912846997	0.64319416707275	sample_2022120210047
HROV.vOTU49200	Responder_Status	Responder	-1.53747196740402	0.882422261510232	0.0924262198758451	0.64556480628753	sample_2022120210047
HROV.vOTU64966	Responder_Status	Responder	-1.42643096495347	0.819044178669041	0.0925598676193445	0.64556480628753	sample_2022120210047
HROV.vOTU45737	Responder_Status	Responder	2.02817970852275	1.16654848196284	0.0930887201569537	0.646681741394279	sample_2022120210047
HROV.vOTU58814	Responder_Status	Responder	1.37829605394914	0.792922329356678	0.0931544427862584	0.646681741394279	sample_2022120210047
HROV.vOTU01119	Responder_Status	Responder	0.970181591124002	0.558108189010915	0.0931381341741665	0.646681741394279	sample_2022120210047
HROV.vOTU06438	Responder_Status	Responder	1.61202868870983	0.928717469066164	0.0936010496642061	0.646765873674421	sample_2022120210047
HROV.vOTU71707	Responder_Status	Responder	-1.46579080995885	0.843989489699028	0.0934246206284352	0.646765873674421	sample_2022120210047
HROV.vOTU53204	Responder_Status	Responder	1.82603662976467	1.0519431257806	0.0935808905281639	0.646765873674421	sample_2022120210047
HROV.vOTU07569	Responder_Status	Responder	2.38996493976954	1.37882603604099	0.094037579047148	0.648522435919795	sample_2022120210047
HROV.vOTU67214	Responder_Status	Responder	-2.47903566494268	1.43199762016142	0.0944279290940869	0.648608451654836	sample_2022120210047
HROV.vOTU52372	Responder_Status	Responder	1.88469167139159	1.08819365623898	0.094288256614458	0.648608451654836	sample_2022120210047
HROV.vOTU59361	Responder_Status	Responder	0.930064965804725	0.536960870372627	0.094261924076264	0.648608451654836	sample_2022120210047
HROV.vOTU33631	Responder_Status	Responder	-1.28007202141012	0.739060585671588	0.0942736628657719	0.648608451654836	sample_2022120210047
HROV.vOTU57852	Responder_Status	Responder	1.99411828920117	1.15272388990628	0.0946552709745341	0.649586606880006	sample_2022120210047
HROV.vOTU70173	Responder_Status	Responder	-1.5701650432143	0.907851252889521	0.0947239354315006	0.649614572523721	sample_2022120210047
HROV.vOTU51859	Responder_Status	Responder	-1.76715333256828	1.029761873351	0.097193741596934	0.649772761423275	sample_2022120210047
HROV.vOTU41109	Responder_Status	Responder	-1.68999349947706	0.984702353609281	0.0971624980063197	0.649772761423275	sample_2022120210047
HROV.vOTU18116	Responder_Status	Responder	-1.74436993894527	1.01340056677478	0.0962288511364083	0.649772761423275	sample_2022120210047
HROV.vOTU48404	Responder_Status	Responder	-2.08877901724618	1.21321282332635	0.0961573847676926	0.649772761423275	sample_2022120210047
HROV.vOTU07207	Responder_Status	Responder	-2.50842857299667	1.45792201879941	0.0963674198473169	0.649772761423275	sample_2022120210047
HROV.vOTU10686	Responder_Status	Responder	1.86364074997849	1.09004330853173	0.0983842220703516	0.649772761423275	sample_2022120210047
HROV.vOTU75400	Responder_Status	Responder	-1.11068283703366	0.651967632714743	0.0995345241813733	0.649772761423275	sample_2022120210047
HROV.vOTU40942	Responder_Status	Responder	-2.18139861808526	1.27948084230821	0.0992843684002475	0.649772761423275	sample_2022120210047
HROV.vOTU07037	Responder_Status	Responder	-1.4242069583948	0.8271716614403	0.0961413889434892	0.649772761423275	sample_2022120210047
HROV.vOTU38811	Responder_Status	Responder	1.2927712486376	0.747869850578497	0.0948938399898599	0.649772761423275	sample_2022120210047
HROV.vOTU01210	Responder_Status	Responder	2.16428059187598	1.26539970430433	0.0982607747030734	0.649772761423275	sample_2022120210047
HROV.vOTU35828	Responder_Status	Responder	1.90085399077595	1.10503974589275	0.0964378980725627	0.649772761423275	sample_2022120210047
HROV.vOTU10338	Responder_Status	Responder	1.30419543159205	0.765094591775285	0.0993390142910918	0.649772761423275	sample_2022120210047
HROV.vOTU56168	Responder_Status	Responder	-1.45558072958303	0.84249690890081	0.0950586449113623	0.649772761423275	sample_2022120210047
HROV.vOTU53264	Responder_Status	Responder	2.23113863152203	1.29544091588647	0.0960456056338521	0.649772761423275	sample_2022120210047
HROV.vOTU09229	Responder_Status	Responder	2.03585180361189	1.19912080982798	0.100636970418397	0.649772761423275	sample_2022120210047
HROV.vOTU02550	Responder_Status	Responder	1.84729392329098	1.07827480326613	0.0977302162487124	0.649772761423275	sample_2022120210047
HROV.vOTU47619	Responder_Status	Responder	1.66872100680302	0.971582145343051	0.0969251173353044	0.649772761423275	sample_2022120210047
HROV.vOTU11240	Responder_Status	Responder	2.35252287522021	1.36942687398692	0.0968586782374412	0.649772761423275	sample_2022120210047
HROV.vOTU59484	Responder_Status	Responder	-1.271257793909	0.745811929879642	0.0993562483735592	0.649772761423275	sample_2022120210047
HROV.vOTU08851	Responder_Status	Responder	-1.7528210189843	1.03042350317255	0.100011851596548	0.649772761423275	sample_2022120210047
HROV.vOTU06759	Responder_Status	Responder	-1.06697366624864	0.625852813591961	0.0992990131952778	0.649772761423275	sample_2022120210047
HROV.vOTU08388	Responder_Status	Responder	2.01562449879742	1.18763461429283	0.100753814714578	0.649772761423275	sample_2022120210047
HROV.vOTU20950	Responder_Status	Responder	-1.09992499306205	0.645824110436859	0.0996200652208312	0.649772761423275	sample_2022120210047
HROV.vOTU17514	Responder_Status	Responder	-1.40787429586565	0.822703964917985	0.098088010202165	0.649772761423275	sample_2022120210047
HROV.vOTU59028	Responder_Status	Responder	-1.66007984499805	0.969780919466708	0.0979885664877865	0.649772761423275	sample_2022120210047
HROV.vOTU72129	Responder_Status	Responder	1.04527399385305	0.605666948455115	0.0954005861757663	0.649772761423275	sample_2022120210047
HROV.vOTU60600	Responder_Status	Responder	0.960527623690717	0.564096264083126	0.0996885356475826	0.649772761423275	sample_2022120210047
HROV.vOTU06820	Responder_Status	Responder	1.27741035038735	0.745357487711655	0.097613177230619	0.649772761423275	sample_2022120210047
HROV.vOTU01986	Responder_Status	Responder	1.51829642039088	0.884678023955003	0.0971688949105576	0.649772761423275	sample_2022120210047
HROV.vOTU06834	Responder_Status	Responder	-0.556288188252052	0.327302560665841	0.100288437254603	0.649772761423275	sample_2022120210047
HROV.vOTU09661	Responder_Status	Responder	-1.59642135567383	0.941224505097999	0.100957499201162	0.649970430445543	sample_2022120210047
HROV.vOTU07395	Responder_Status	Responder	-2.17812623318291	1.28481497531272	0.10111601092684	0.649986942540204	sample_2022120210047
HROV.vOTU25646	Responder_Status	Responder	1.2226279776994	0.721101953710311	0.101074694399717	0.649986942540204	sample_2022120210047
HROV.vOTU15477	Responder_Status	Responder	-0.858013024369334	0.506430792931401	0.10131723585063	0.650000211453798	sample_2022120210047
HROV.vOTU01314	Responder_Status	Responder	-1.91824810984026	1.1331860945113	0.10159486431707	0.650000211453798	sample_2022120210047
HROV.vOTU64652	Responder_Status	Responder	0.901687363363738	0.532316181993591	0.101382784432683	0.650000211453798	sample_2022120210047
HROV.vOTU38046	Responder_Status	Responder	2.36671310346868	1.39681337481848	0.1012921688265	0.650000211453798	sample_2022120210047
HROV.vOTU60404	Responder_Status	Responder	-0.936287190947439	0.555154065268534	0.102805296040563	0.651041372215065	sample_2022120210047
HROV.vOTU41365	Responder_Status	Responder	-1.38089152568078	0.822809274422603	0.104424201844917	0.651041372215065	sample_2022120210047
HROV.vOTU26953	Responder_Status	Responder	-1.52258446856848	0.905575901611549	0.103819005554158	0.651041372215065	sample_2022120210047
HROV.vOTU12864	Responder_Status	Responder	1.62136681301668	0.966359145815181	0.104513803008125	0.651041372215065	sample_2022120210047
HROV.vOTU21960	Responder_Status	Responder	-2.06998376243789	1.23438291994157	0.104685767020946	0.651041372215065	sample_2022120210047
HROV.vOTU59291	Responder_Status	Responder	-1.54371853131174	0.915925189553969	0.103022466569299	0.651041372215065	sample_2022120210047
HROV.vOTU53011	Responder_Status	Responder	-1.68578423956243	0.997752796161465	0.102214580156225	0.651041372215065	sample_2022120210047
HROV.vOTU03430	Responder_Status	Responder	1.47409733259565	0.872548947739489	0.102246709212665	0.651041372215065	sample_2022120210047
HROV.vOTU20726	Responder_Status	Responder	1.52649835862967	0.904573510367693	0.102611391189179	0.651041372215065	sample_2022120210047
HROV.vOTU09933	Responder_Status	Responder	-2.50227743850221	1.48202821975097	0.102440595382759	0.651041372215065	sample_2022120210047
HROV.vOTU14470	Responder_Status	Responder	2.59483530199855	1.5476381846459	0.1047442236121	0.651041372215065	sample_2022120210047
HROV.vOTU01625	Responder_Status	Responder	2.05456821560235	1.22478618922135	0.104576597841608	0.651041372215065	sample_2022120210047
HROV.vOTU36919	Responder_Status	Responder	-2.00819211280355	1.18957167540608	0.102489097889946	0.651041372215065	sample_2022120210047
HROV.vOTU21384	Responder_Status	Responder	-1.4235406606634	0.847302607163167	0.104065988564348	0.651041372215065	sample_2022120210047
HROV.vOTU20277	Responder_Status	Responder	-0.676102776451246	0.402182318206427	0.103869707107698	0.651041372215065	sample_2022120210047
HROV.vOTU46469	Responder_Status	Responder	-0.84149925869676	0.499446712974629	0.103131001712216	0.651041372215065	sample_2022120210047
HROV.vOTU39970	Responder_Status	Responder	2.59490953312336	1.53896040198516	0.10288141162097	0.651041372215065	sample_2022120210047
HROV.vOTU20111	Responder_Status	Responder	1.96100872631702	1.160895157107	0.102284235590461	0.651041372215065	sample_2022120210047
HROV.vOTU74213	Responder_Status	Responder	0.847180255403428	0.503068452659595	0.10329431990237	0.651041372215065	sample_2022120210047
HROV.vOTU48193	Responder_Status	Responder	1.99661676242354	1.18788941786193	0.103923652655542	0.651041372215065	sample_2022120210047
HROV.vOTU63584	Responder_Status	Responder	1.02903230979035	0.613270702611433	0.104487851655376	0.651041372215065	sample_2022120210047
HROV.vOTU28350	Responder_Status	Responder	0.368596159833325	0.218487121951497	0.102707605931945	0.651041372215065	sample_2022120210047
HROV.vOTU07555	Responder_Status	Responder	3.02573362460091	1.79631517179446	0.103219080706764	0.651041372215065	sample_2022120210047
HROV.vOTU08600	Responder_Status	Responder	2.07137670804729	1.23615498368449	0.104938146859096	0.651642127694741	sample_2022120210047
HROV.vOTU56685	Responder_Status	Responder	1.74563060950876	1.04384903324979	0.105604424347936	0.652925500968537	sample_2022120210047
HROV.vOTU28535	Responder_Status	Responder	-1.07937212840254	0.645599477115716	0.10568609113524	0.652978991775391	sample_2022120210047
HROV.vOTU03487	Responder_Status	Responder	-2.01285399544842	1.20461245910143	0.105872413380182	0.653172415609672	sample_2022120210047
HROV.vOTU60533	Responder_Status	Responder	-1.91258363159163	1.14582020015354	0.106226172920186	0.653262066557503	sample_2022120210047
HROV.vOTU35173	Responder_Status	Responder	1.45188637916767	0.871009701247692	0.106683177436248	0.654299469286802	sample_2022120210047
HROV.vOTU66044	Responder_Status	Responder	-0.823070174450449	0.493688731394859	0.106626211081882	0.654299469286802	sample_2022120210047
HROV.vOTU28970	Responder_Status	Responder	-1.79051148159226	1.0745250093465	0.106797953693584	0.654367841184139	sample_2022120210047
HROV.vOTU27815	Responder_Status	Responder	-1.99297650779769	1.19813044125821	0.107386092193828	0.654391051836466	sample_2022120210047
HROV.vOTU64611	Responder_Status	Responder	-1.58578804500146	0.952830907921931	0.107207566082136	0.654391051836466	sample_2022120210047
HROV.vOTU12682	Responder_Status	Responder	0.993764025657416	0.597157179431909	0.107234339909206	0.654391051836466	sample_2022120210047
HROV.vOTU02539	Responder_Status	Responder	1.4921257859337	0.897661835202283	0.107622123025625	0.654463100044942	sample_2022120210047
HROV.vOTU42154	Responder_Status	Responder	0.387246705304025	0.232933897036654	0.107573902891393	0.654463100044942	sample_2022120210047
HROV.vOTU35661	Responder_Status	Responder	-2.10462301009395	1.26595808750158	0.107573943233785	0.654463100044942	sample_2022120210047
HROV.vOTU21289	Responder_Status	Responder	-1.76395492163943	1.06162003248348	0.107756948176117	0.654822900490782	sample_2022120210047
HROV.vOTU07321	Responder_Status	Responder	-1.57962818017712	0.952847963724875	0.108522153623992	0.657060337456126	sample_2022120210047
HROV.vOTU45720	Responder_Status	Responder	-1.91832245594851	1.15710342680373	0.108508044591178	0.657060337456126	sample_2022120210047
HROV.vOTU48561	Responder_Status	Responder	1.58377548904114	0.955330065773737	0.108515235100044	0.657060337456126	sample_2022120210047
HROV.vOTU09011	Responder_Status	Responder	2.05919672968074	1.24279134242222	0.108702123270941	0.657664051227208	sample_2022120210047
HROV.vOTU34520	Responder_Status	Responder	-1.1258625368608	0.679673137733773	0.108791028023099	0.657836057766549	sample_2022120210047
HROV.vOTU73363	Responder_Status	Responder	-1.63775567956144	0.98884085223489	0.108839670210128	0.657836057766549	sample_2022120210047
HROV.vOTU08682	Responder_Status	Responder	-2.26636475416497	1.37198716755263	0.109730473523278	0.660156774891777	sample_2022120210047
HROV.vOTU05768	Responder_Status	Responder	-1.3784361210739	0.835385476121142	0.110105709090272	0.660507477674513	sample_2022120210047
HROV.vOTU43810	Responder_Status	Responder	2.52521444340474	1.5302518317006	0.110077833587291	0.660507477674513	sample_2022120210047
HROV.vOTU55745	Responder_Status	Responder	-1.36294605491574	0.826166910366595	0.110175236783749	0.660535675151245	sample_2022120210047
HROV.vOTU72000	Responder_Status	Responder	-0.650190893598357	0.394500245562973	0.110502041747623	0.661362018960498	sample_2022120210047
HROV.vOTU15039	Responder_Status	Responder	1.55462165766498	0.94362035988625	0.110632342762414	0.661761774732692	sample_2022120210047
HROV.vOTU37802	Responder_Status	Responder	-2.44060358496053	1.48306491487342	0.111017227834767	0.662444949417356	sample_2022120210047
HROV.vOTU18294	Responder_Status	Responder	-0.442414308438324	0.26885102478704	0.111032639554454	0.662444949417356	sample_2022120210047
HROV.vOTU34183	Responder_Status	Responder	1.80527803917508	1.09777579143906	0.111258266649099	0.66277556455282	sample_2022120210047
HROV.vOTU50270	Responder_Status	Responder	-1.52759656467787	0.928713597667353	0.111182445131674	0.66277556455282	sample_2022120210047
HROV.vOTU40887	Responder_Status	Responder	-0.7805092650437	0.474887821961949	0.111449802254565	0.663053021529081	sample_2022120210047
HROV.vOTU15935	Responder_Status	Responder	-1.59116013999673	0.968538973800415	0.111599609733611	0.663229749386649	sample_2022120210047
HROV.vOTU20282	Responder_Status	Responder	-1.69894154457729	1.03435473244112	0.111668829717583	0.663324074167616	sample_2022120210047
HROV.vOTU15797	Responder_Status	Responder	-1.29585351308705	0.789525093321246	0.111920304164486	0.664309740336451	sample_2022120210047
HROV.vOTU49378	Responder_Status	Responder	-1.9379796776315	1.18148127107659	0.112131503781797	0.665002999092956	sample_2022120210047
HROV.vOTU43848	Responder_Status	Responder	-0.523887169921844	0.319502255685896	0.112256728377852	0.665520479331218	sample_2022120210047
HROV.vOTU32359	Responder_Status	Responder	0.999380319739237	0.609538407722995	0.112283685067369	0.665520479331218	sample_2022120210047
HROV.vOTU49140	Responder_Status	Responder	1.56645661360689	0.95721590800333	0.112933554346046	0.666004892907904	sample_2022120210047
HROV.vOTU38801	Responder_Status	Responder	1.70681696212878	1.04337601094618	0.113062255567865	0.666157732754926	sample_2022120210047
HROV.vOTU25911	Responder_Status	Responder	1.70640786839362	1.0444797769653	0.113509342883943	0.666750193374819	sample_2022120210047
HROV.vOTU00662	Responder_Status	Responder	1.85675490949179	1.13762530550364	0.113849219126655	0.667027755580402	sample_2022120210047
HROV.vOTU41002	Responder_Status	Responder	-1.456780097667	0.892859209318759	0.113964080322618	0.667041349137459	sample_2022120210047
HROV.vOTU21496	Responder_Status	Responder	-1.0544047292615	0.647150553694574	0.11444940796819	0.667876465170519	sample_2022120210047
HROV.vOTU24682	Responder_Status	Responder	1.24175011964238	0.76201336242806	0.114393885423246	0.667876465170519	sample_2022120210047
HROV.vOTU46573	Responder_Status	Responder	-1.19232172540205	0.732310864544781	0.114692089571438	0.667876465170519	sample_2022120210047
HROV.vOTU68141	Responder_Status	Responder	-0.981414629665375	0.602955084670879	0.114796264127652	0.667983463738803	sample_2022120210047
HROV.vOTU62321	Responder_Status	Responder	1.96766084038838	1.20973384349534	0.115041803978496	0.668564192669228	sample_2022120210047
HROV.vOTU01395	Responder_Status	Responder	-0.923209529095191	0.567841094699416	0.115191382526364	0.668951269852632	sample_2022120210047
HROV.vOTU48679	Responder_Status	Responder	1.48427908771875	0.914791118312158	0.115896621304042	0.669394583917479	sample_2022120210047
HROV.vOTU24417	Responder_Status	Responder	1.76477460418911	1.08777175164031	0.115930469003999	0.669394583917479	sample_2022120210047
HROV.vOTU11570	Responder_Status	Responder	-1.39072633866545	0.858735102398044	0.116548713088764	0.671088525435334	sample_2022120210047
HROV.vOTU07994	Responder_Status	Responder	-1.44891775158538	0.894712026546008	0.116566428600518	0.671088525435334	sample_2022120210047
HROV.vOTU36677	Responder_Status	Responder	2.20328017502829	1.36041373543797	0.116535628237857	0.671088525435334	sample_2022120210047
HROV.vOTU51043	Responder_Status	Responder	-0.890693289522672	0.550574063870802	0.116927398418255	0.671119997809179	sample_2022120210047
HROV.vOTU72559	Responder_Status	Responder	1.39010378006265	0.85927539111232	0.11692544811804	0.671119997809179	sample_2022120210047
HROV.vOTU68918	Responder_Status	Responder	1.88305464354568	1.16421853292336	0.116995151249556	0.671119997809179	sample_2022120210047
HROV.vOTU49842	Responder_Status	Responder	1.34404035311202	0.830729191243837	0.116894821810786	0.671119997809179	sample_2022120210047
HROV.vOTU58235	Responder_Status	Responder	0.88156781024613	0.54469096093743	0.116771732891161	0.671119997809179	sample_2022120210047
HROV.vOTU12145	Responder_Status	Responder	-0.850676535426285	0.525844891791885	0.116931943664737	0.671119997809179	sample_2022120210047
HROV.vOTU44591	Responder_Status	Responder	-1.69376718558032	1.04759389088881	0.117130410685608	0.671333495869816	sample_2022120210047
HROV.vOTU47257	Responder_Status	Responder	1.86917019085605	1.15616575143839	0.117156245231412	0.671333495869816	sample_2022120210047
HROV.vOTU66788	Responder_Status	Responder	1.63825041777899	1.0158795675055	0.118038145738977	0.671358537999296	sample_2022120210047
HROV.vOTU08060	Responder_Status	Responder	2.0218116459972	1.25308020210736	0.117856950723175	0.671358537999296	sample_2022120210047
HROV.vOTU52161	Responder_Status	Responder	0.83800958780465	0.51926766146091	0.117779348355126	0.671358537999296	sample_2022120210047
HROV.vOTU45964	Responder_Status	Responder	-0.540369341993418	0.334861737625218	0.117805677701824	0.671358537999296	sample_2022120210047
HROV.vOTU65362	Responder_Status	Responder	1.52772847416619	0.947408569659387	0.11806179889117	0.671358537999296	sample_2022120210047
HROV.vOTU09659	Responder_Status	Responder	1.45646763199098	0.903473200129819	0.118161712005447	0.671377114239414	sample_2022120210047
HROV.vOTU48715	Responder_Status	Responder	-1.18526325458803	0.735794723941788	0.118427220136269	0.671753747316236	sample_2022120210047
HROV.vOTU00515	Responder_Status	Responder	1.72904126907818	1.07529436734705	0.119061055646058	0.672967832835329	sample_2022120210047
HROV.vOTU04949	Responder_Status	Responder	1.81570376289926	1.12976584773165	0.119241261490499	0.673438452428728	sample_2022120210047
HROV.vOTU07540	Responder_Status	Responder	1.2426237813893	0.773168871265092	0.119234139084463	0.673438452428728	sample_2022120210047
HROV.vOTU53720	Responder_Status	Responder	1.48216208938271	0.922498798790819	0.119344397717884	0.673655809436808	sample_2022120210047
HROV.vOTU58212	Responder_Status	Responder	-0.900705432443339	0.56207614405988	0.120276479250779	0.674489584353733	sample_2022120210047
HROV.vOTU11599	Responder_Status	Responder	-1.76593411394573	1.10126038474671	0.120033910593761	0.674489584353733	sample_2022120210047
HROV.vOTU46503	Responder_Status	Responder	0.317090139630403	0.19783499303671	0.120201279900964	0.674489584353733	sample_2022120210047
HROV.vOTU45183	Responder_Status	Responder	-1.51197996103101	0.944552207196793	0.120659025412016	0.674810323200309	sample_2022120210047
HROV.vOTU09782	Responder_Status	Responder	1.44385024473024	0.902213910690872	0.120747010326965	0.674810323200309	sample_2022120210047
HROV.vOTU00489	Responder_Status	Responder	-0.680720085199305	0.426153977337714	0.1214118647993	0.675146879407456	sample_2022120210047
HROV.vOTU65887	Responder_Status	Responder	-2.07059665321342	1.29666087103607	0.12152105011217	0.675146879407456	sample_2022120210047
HROV.vOTU04446	Responder_Status	Responder	-0.718256079390855	0.449081502826848	0.120958827167614	0.675146879407456	sample_2022120210047
HROV.vOTU03026	Responder_Status	Responder	1.54681600358306	0.967682735333791	0.121162611719924	0.675146879407456	sample_2022120210047
HROV.vOTU58202	Responder_Status	Responder	1.92168745351467	1.20350953006152	0.121550533088988	0.675146879407456	sample_2022120210047
HROV.vOTU22540	Responder_Status	Responder	2.39315407467321	1.49751801032599	0.121250464244614	0.675146879407456	sample_2022120210047
HROV.vOTU62126	Responder_Status	Responder	1.76627539019218	1.1057962393198	0.121427231087975	0.675146879407456	sample_2022120210047
HROV.vOTU63563	Responder_Status	Responder	1.46990888603716	0.92122755844474	0.121805174629016	0.675472228879172	sample_2022120210047
HROV.vOTU07496	Responder_Status	Responder	-1.45401703850293	0.912883223774639	0.122438704037115	0.676411674956652	sample_2022120210047
HROV.vOTU15372	Responder_Status	Responder	1.88371705964713	1.18278309001653	0.122474747365742	0.676411674956652	sample_2022120210047
HROV.vOTU01633	Responder_Status	Responder	1.61431266998803	1.01513865368408	0.123009967642293	0.67682752519419	sample_2022120210047
HROV.vOTU01204	Responder_Status	Responder	-1.70870069580549	1.07453565151745	0.123024120222437	0.67682752519419	sample_2022120210047
HROV.vOTU58571	Responder_Status	Responder	0.664254132451503	0.417582105155457	0.122902470014016	0.67682752519419	sample_2022120210047
HROV.vOTU38642	Responder_Status	Responder	2.34049162251779	1.47135962272535	0.122905880688779	0.67682752519419	sample_2022120210047
HROV.vOTU27969	Responder_Status	Responder	-2.28604472436855	1.43877970364224	0.123317493567597	0.677024334357319	sample_2022120210047
HROV.vOTU42804	Responder_Status	Responder	-1.58225106814768	0.995835834196558	0.123319787582552	0.677024334357319	sample_2022120210047
HROV.vOTU22790	Responder_Status	Responder	-0.83489269767042	0.526003689459321	0.123688919489571	0.677364432197809	sample_2022120210047
HROV.vOTU34493	Responder_Status	Responder	-0.949342831025253	0.598143950809214	0.123709232383768	0.677364432197809	sample_2022120210047
HROV.vOTU35657	Responder_Status	Responder	-1.59023527267838	1.00210687042428	0.123767264286651	0.677364432197809	sample_2022120210047
HROV.vOTU04811	Responder_Status	Responder	0.57532247251379	0.362584616580325	0.123804881899126	0.677364432197809	sample_2022120210047
HROV.vOTU67952	Responder_Status	Responder	-1.17588961009597	0.74338811270786	0.124927344783814	0.678521205445578	sample_2022120210047
HROV.vOTU64708	Responder_Status	Responder	1.44436731796521	0.913065519726326	0.124906722314708	0.678521205445578	sample_2022120210047
HROV.vOTU10330	Responder_Status	Responder	-2.30153439317846	1.45723042127906	0.125478863913173	0.678528096993888	sample_2022120210047
HROV.vOTU12871	Responder_Status	Responder	-0.94355263450051	0.596804419077912	0.12510795045973	0.678528096993888	sample_2022120210047
HROV.vOTU45982	Responder_Status	Responder	1.18933579767305	0.75261446898307	0.125276452903989	0.678528096993888	sample_2022120210047
HROV.vOTU17653	Responder_Status	Responder	0.800552436405537	0.506828682727429	0.125446026622263	0.678528096993888	sample_2022120210047
HROV.vOTU04671	Responder_Status	Responder	1.70149268080222	1.07753770730766	0.125555328810761	0.678528096993888	sample_2022120210047
HROV.vOTU01894	Responder_Status	Responder	-1.28499724235275	0.81446107890129	0.125860758992983	0.678989960500586	sample_2022120210047
HROV.vOTU64911	Responder_Status	Responder	2.15781461965495	1.36789234357587	0.125918960700915	0.67904936307754	sample_2022120210047
HROV.vOTU31026	Responder_Status	Responder	-0.899926471311209	0.571306098190362	0.126441017351055	0.6798325081517	sample_2022120210047
HROV.vOTU10459	Responder_Status	Responder	-1.10717251575771	0.703039757613114	0.126527077856823	0.680119758198656	sample_2022120210047
HROV.vOTU00652	Responder_Status	Responder	1.28429451810703	0.816083769894939	0.126783123595335	0.680249946396875	sample_2022120210047
HROV.vOTU71847	Responder_Status	Responder	1.77578687847012	1.12878872507142	0.126910354682872	0.680249946396875	sample_2022120210047
HROV.vOTU44282	Responder_Status	Responder	-1.0076901785278	0.64068394942526	0.126990056164592	0.680502126631552	sample_2022120210047
HROV.vOTU38220	Responder_Status	Responder	-1.35027305933225	0.859849340843644	0.127564565416787	0.681128758208005	sample_2022120210047
HROV.vOTU09255	Responder_Status	Responder	2.3682431623819	1.50765910794355	0.127460402154152	0.681128758208005	sample_2022120210047
HROV.vOTU41394	Responder_Status	Responder	-0.962171693017422	0.612570201692709	0.127482617066158	0.681128758208005	sample_2022120210047
HROV.vOTU00606	Responder_Status	Responder	1.81262245218014	1.1572160318815	0.12849645892979	0.682052364091457	sample_2022120210047
HROV.vOTU22508	Responder_Status	Responder	-1.17417548659948	0.74937667176437	0.128378418532702	0.682052364091457	sample_2022120210047
HROV.vOTU68484	Responder_Status	Responder	0.988402910714745	0.630754083614983	0.128343752714802	0.682052364091457	sample_2022120210047
HROV.vOTU07600	Responder_Status	Responder	2.33738154275856	1.49393747897444	0.128915056265801	0.682742000655473	sample_2022120210047
HROV.vOTU62131	Responder_Status	Responder	-0.677004465871671	0.432612732329361	0.128834746428311	0.682742000655473	sample_2022120210047
HROV.vOTU19720	Responder_Status	Responder	-1.48274185124615	0.948546727179872	0.12924513921086	0.683250769825911	sample_2022120210047
HROV.vOTU69410	Responder_Status	Responder	-1.22437692040312	0.784212093938901	0.129689864083435	0.683297460677303	sample_2022120210047
HROV.vOTU16592	Responder_Status	Responder	1.66594988449538	1.06727220858885	0.129770268074812	0.683297460677303	sample_2022120210047
HROV.vOTU44878	Responder_Status	Responder	1.11279504318171	0.713133295227263	0.129890886007419	0.683297460677303	sample_2022120210047
HROV.vOTU48854	Responder_Status	Responder	-1.02378534585781	0.655637381723808	0.129635970899494	0.683297460677303	sample_2022120210047
HROV.vOTU47628	Responder_Status	Responder	-1.30441162813978	0.836441950022375	0.130116226007486	0.683544781950089	sample_2022120210047
HROV.vOTU01792	Responder_Status	Responder	-1.53182660966764	0.986748100758685	0.131797918511927	0.68712432092912	sample_2022120210047
HROV.vOTU30770	Responder_Status	Responder	0.948645599473102	0.610859524431531	0.131661912142062	0.68712432092912	sample_2022120210047
HROV.vOTU11934	Responder_Status	Responder	2.24034836323472	1.44471424895599	0.132199232251337	0.687211773539001	sample_2022120210047
HROV.vOTU17342	Responder_Status	Responder	-1.34691174511553	0.869545490273127	0.132615708526783	0.688075470011731	sample_2022120210047
HROV.vOTU18260	Responder_Status	Responder	-0.488135576526748	0.315881770367453	0.133499762917982	0.689524622324608	sample_2022120210047
HROV.vOTU56010	Responder_Status	Responder	-0.824613594997677	0.533745521428275	0.133585359276672	0.689524622324608	sample_2022120210047
HROV.vOTU37690	Responder_Status	Responder	-0.60866776158013	0.394060022219951	0.133669840412256	0.689524622324608	sample_2022120210047
HROV.vOTU16562	Responder_Status	Responder	-1.24608385750266	0.806431903722959	0.13353096491444	0.689524622324608	sample_2022120210047
HROV.vOTU36564	Responder_Status	Responder	1.26811856286846	0.820573445223965	0.133477001827652	0.689524622324608	sample_2022120210047
HROV.vOTU01832	Responder_Status	Responder	0.45023504213598	0.291633278231835	0.133855264628253	0.689583566885748	sample_2022120210047
HROV.vOTU03562	Responder_Status	Responder	2.26882183433485	1.46945227120929	0.133818554568505	0.689583566885748	sample_2022120210047
HROV.vOTU73925	Responder_Status	Responder	1.52038697346242	0.984785891840374	0.13384657307611	0.689583566885748	sample_2022120210047
HROV.vOTU53214	Responder_Status	Responder	-1.51653768688392	0.982238184087577	0.133825875109594	0.689583566885748	sample_2022120210047
HROV.vOTU73249	Responder_Status	Responder	1.96232564995606	1.2723920856539	0.134244266400754	0.690266595556801	sample_2022120210047
HROV.vOTU07285	Responder_Status	Responder	-1.71689699333603	1.11374137029944	0.134408106318824	0.69054634555379	sample_2022120210047
HROV.vOTU29916	Responder_Status	Responder	1.60883250268629	1.04416234473445	0.134595182646199	0.69054634555379	sample_2022120210047
HROV.vOTU57817	Responder_Status	Responder	1.81506127732977	1.17722845754294	0.134347246481534	0.69054634555379	sample_2022120210047
HROV.vOTU11852	Responder_Status	Responder	-0.807640336664235	0.52453921674311	0.134856295499758	0.69087474673145	sample_2022120210047
HROV.vOTU13935	Responder_Status	Responder	0.541948720611742	0.35221118325062	0.135102282352286	0.691097585719599	sample_2022120210047
HROV.vOTU52476	Responder_Status	Responder	-1.99143929056112	1.29746370273913	0.136039113664748	0.691700524106012	sample_2022120210047
HROV.vOTU68750	Responder_Status	Responder	1.20035279989887	0.781650751706459	0.135844876775148	0.691700524106012	sample_2022120210047
HROV.vOTU34588	Responder_Status	Responder	1.62769133574994	1.06053212241527	0.136059583296648	0.691700524106012	sample_2022120210047
HROV.vOTU48198	Responder_Status	Responder	-1.18812318123919	0.773137512137441	0.135577881880721	0.691700524106012	sample_2022120210047
HROV.vOTU41906	Responder_Status	Responder	1.62394412142087	1.05808711867864	0.136058344638304	0.691700524106012	sample_2022120210047
HROV.vOTU45109	Responder_Status	Responder	0.930358948828172	0.605895827470148	0.135882606958775	0.691700524106012	sample_2022120210047
HROV.vOTU67940	Responder_Status	Responder	-1.12342071793143	0.733084715058216	0.136631840220288	0.691958092391448	sample_2022120210047
HROV.vOTU63604	Responder_Status	Responder	-0.452250145104747	0.295071499725785	0.136577003708412	0.691958092391448	sample_2022120210047
HROV.vOTU16624	Responder_Status	Responder	1.02862953070887	0.672157206954501	0.137153163083413	0.692777394707645	sample_2022120210047
HROV.vOTU03127	Responder_Status	Responder	-0.84189732871676	0.550223380988885	0.137212322692502	0.6928644972475	sample_2022120210047
HROV.vOTU46624	Responder_Status	Responder	1.31741487921152	0.861161016823746	0.137283539902282	0.692901179841016	sample_2022120210047
HROV.vOTU66220	Responder_Status	Responder	-1.49079166729356	0.97567149530003	0.137740401828311	0.693153252252721	sample_2022120210047
HROV.vOTU30807	Responder_Status	Responder	-1.92503649175139	1.26207921773326	0.138404005667231	0.693358255365389	sample_2022120210047
HROV.vOTU35974	Responder_Status	Responder	-1.53467860387088	1.00777202994076	0.139013247518996	0.693358255365389	sample_2022120210047
HROV.vOTU03335	Responder_Status	Responder	-0.864443944448213	0.568563031821971	0.139623424467078	0.693358255365389	sample_2022120210047
HROV.vOTU19575	Responder_Status	Responder	1.55387771615864	1.02085400096667	0.139189925482666	0.693358255365389	sample_2022120210047
HROV.vOTU15151	Responder_Status	Responder	1.14931573704854	0.756087340907195	0.139703038113209	0.693358255365389	sample_2022120210047
HROV.vOTU34787	Responder_Status	Responder	1.51399942939431	0.992303059303488	0.138291387260997	0.693358255365389	sample_2022120210047
HROV.vOTU74136	Responder_Status	Responder	1.47835051501861	0.971780494350669	0.13940350974785	0.693358255365389	sample_2022120210047
HROV.vOTU14316	Responder_Status	Responder	-1.4010198290957	0.921248280864098	0.139527585532778	0.693358255365389	sample_2022120210047
HROV.vOTU56818	Responder_Status	Responder	-1.58968747684398	1.04518073850996	0.139481361537646	0.693358255365389	sample_2022120210047
HROV.vOTU08189	Responder_Status	Responder	-1.14517795261994	0.752473624576626	0.139252512873749	0.693358255365389	sample_2022120210047
HROV.vOTU30268	Responder_Status	Responder	0.934388722670234	0.613697296626933	0.139084769300147	0.693358255365389	sample_2022120210047
HROV.vOTU49935	Responder_Status	Responder	1.02304667017392	0.673002556436671	0.139693092541501	0.693358255365389	sample_2022120210047
HROV.vOTU12428	Responder_Status	Responder	-1.01354269882072	0.664524212852568	0.138422435732614	0.693358255365389	sample_2022120210047
HROV.vOTU12936	Responder_Status	Responder	-0.674780412414702	0.442563807160768	0.138548758416036	0.693358255365389	sample_2022120210047
HROV.vOTU27744	Responder_Status	Responder	-1.61665164133807	1.06498337184681	0.140223969182298	0.693837806606404	sample_2022120210047
HROV.vOTU43325	Responder_Status	Responder	1.26036170457093	0.830553865230423	0.140352389586045	0.693837806606404	sample_2022120210047
HROV.vOTU13293	Responder_Status	Responder	2.45033813239745	1.61456290093019	0.140314045374975	0.693837806606404	sample_2022120210047
HROV.vOTU00181	Responder_Status	Responder	-0.574314055206681	0.378404989186872	0.1402951257836	0.693837806606404	sample_2022120210047
HROV.vOTU74179	Responder_Status	Responder	-1.23840490764436	0.816697053360225	0.140638635281599	0.694363695633385	sample_2022120210047
HROV.vOTU34386	Responder_Status	Responder	-1.46721943164525	0.96783735199839	0.140734469677879	0.694493035792208	sample_2022120210047
HROV.vOTU66410	Responder_Status	Responder	1.95489466597026	1.28973382273232	0.140795527317006	0.694493035792208	sample_2022120210047
HROV.vOTU06360	Responder_Status	Responder	-1.0866647920723	0.717545534805273	0.141127449610805	0.695093229243083	sample_2022120210047
HROV.vOTU47141	Responder_Status	Responder	-1.38421807926963	0.917100654343396	0.142414413735284	0.695367032195354	sample_2022120210047
HROV.vOTU20022	Responder_Status	Responder	-0.990387592597369	0.654908356679519	0.141675156807973	0.695367032195354	sample_2022120210047
HROV.vOTU04541	Responder_Status	Responder	-0.87376937626782	0.577927241105162	0.141764261611055	0.695367032195354	sample_2022120210047
HROV.vOTU44777	Responder_Status	Responder	-0.761961955523594	0.504626758745097	0.142259297152188	0.695367032195354	sample_2022120210047
HROV.vOTU34090	Responder_Status	Responder	-1.13017870362228	0.748731727534329	0.142384914499972	0.695367032195354	sample_2022120210047
HROV.vOTU03632	Responder_Status	Responder	-2.43214114518919	1.61177209490035	0.142504930714345	0.695419968904594	sample_2022120210047
HROV.vOTU68101	Responder_Status	Responder	-1.34207618050061	0.89130259276577	0.14333117758265	0.695539979973362	sample_2022120210047
HROV.vOTU19481	Responder_Status	Responder	-1.56146702128062	1.03641485885417	0.143112104071399	0.695539979973362	sample_2022120210047
HROV.vOTU10518	Responder_Status	Responder	1.15025915351217	0.76332888305969	0.143036967448613	0.695539979973362	sample_2022120210047
HROV.vOTU58654	Responder_Status	Responder	-1.31494465427903	0.872752945946874	0.143097073967824	0.695539979973362	sample_2022120210047
HROV.vOTU52357	Responder_Status	Responder	0.977616918523715	0.649621553935424	0.14354731796054	0.695539979973362	sample_2022120210047
HROV.vOTU14922	Responder_Status	Responder	-0.533640983905025	0.354741098971335	0.143698711899466	0.695539979973362	sample_2022120210047
HROV.vOTU28224	Responder_Status	Responder	-1.65451603109119	1.09830703078583	0.143158150924791	0.695539979973362	sample_2022120210047
HROV.vOTU37747	Responder_Status	Responder	1.51419257490914	1.00571708570102	0.143372595622584	0.695539979973362	sample_2022120210047
HROV.vOTU31384	Responder_Status	Responder	0.780652867274088	0.519019216697894	0.143754763734175	0.695539979973362	sample_2022120210047
HROV.vOTU34620	Responder_Status	Responder	2.11594440526964	1.40382695235526	0.142942492564391	0.695539979973362	sample_2022120210047
HROV.vOTU18422	Responder_Status	Responder	0.70639974915364	0.469829832185621	0.143900889113416	0.695675495929895	sample_2022120210047
HROV.vOTU63559	Responder_Status	Responder	-0.751317518431223	0.499900842646935	0.144052167105402	0.695719530339972	sample_2022120210047
HROV.vOTU03678	Responder_Status	Responder	1.05099027891576	0.699218803504376	0.14401133973095	0.695719530339972	sample_2022120210047
HROV.vOTU31047	Responder_Status	Responder	1.13096347787392	0.752795729178699	0.144201658165517	0.695961685078598	sample_2022120210047
HROV.vOTU21018	Responder_Status	Responder	2.19348589198732	1.4604361886034	0.144307609616529	0.695989489564562	sample_2022120210047
HROV.vOTU38389	Responder_Status	Responder	-1.86185755820422	1.24046935681845	0.144567218198771	0.696312014743157	sample_2022120210047
HROV.vOTU32087	Responder_Status	Responder	1.96517876003185	1.31030444448852	0.144861510790621	0.696565271083651	sample_2022120210047
HROV.vOTU55832	Responder_Status	Responder	-1.31563798548174	0.878425854121994	0.145395045749712	0.69800339862336	sample_2022120210047
HROV.vOTU53580	Responder_Status	Responder	1.44661072800431	0.967235419811168	0.145941268425289	0.69808750587365	sample_2022120210047
HROV.vOTU11379	Responder_Status	Responder	-0.796957909986893	0.53279475713544	0.145891276386228	0.69808750587365	sample_2022120210047
HROV.vOTU27399	Responder_Status	Responder	-1.52866255380682	1.02203495774204	0.145917691845083	0.69808750587365	sample_2022120210047
HROV.vOTU67958	Responder_Status	Responder	1.05742233694444	0.706805327372115	0.145825865556525	0.69808750587365	sample_2022120210047
HROV.vOTU56207	Responder_Status	Responder	1.49127355225491	0.997518381533168	0.146104895921257	0.698354594265826	sample_2022120210047
HROV.vOTU21547	Responder_Status	Responder	1.05885462892031	0.708601514103581	0.146285653079261	0.698379726441616	sample_2022120210047
HROV.vOTU31655	Responder_Status	Responder	-1.28717061626462	0.861808725166111	0.146472670793622	0.698379726441616	sample_2022120210047
HROV.vOTU27032	Responder_Status	Responder	-1.49088735964185	0.997729075856617	0.14628749521535	0.698379726441616	sample_2022120210047
HROV.vOTU49194	Responder_Status	Responder	-0.878573843790972	0.587763440732626	0.14615917063372	0.698379726441616	sample_2022120210047
HROV.vOTU17661	Responder_Status	Responder	-1.3619881578135	0.914326511931952	0.147506267710766	0.698569501001945	sample_2022120210047
HROV.vOTU12762	Responder_Status	Responder	-1.9634030304003	1.31681766492575	0.147136828591665	0.698569501001945	sample_2022120210047
HROV.vOTU34151	Responder_Status	Responder	1.90622026644161	1.27924897301273	0.147375251039145	0.698569501001945	sample_2022120210047
HROV.vOTU09691	Responder_Status	Responder	-1.82986078768967	1.22642515156369	0.146874037232724	0.698569501001945	sample_2022120210047
HROV.vOTU29218	Responder_Status	Responder	-0.256378727760602	0.171882367438682	0.146987254531175	0.698569501001945	sample_2022120210047
HROV.vOTU38654	Responder_Status	Responder	1.97814680172698	1.33075021279459	0.148324112282744	0.699500781651986	sample_2022120210047
HROV.vOTU24034	Responder_Status	Responder	1.81424574817872	1.22073221591123	0.14840173830637	0.699545855305306	sample_2022120210047
HROV.vOTU21746	Responder_Status	Responder	1.43250473882707	0.96489383344485	0.148815211960028	0.69990374323582	sample_2022120210047
HROV.vOTU43965	Responder_Status	Responder	2.21069673131881	1.48917284042376	0.148844472829522	0.69990374323582	sample_2022120210047
HROV.vOTU21431	Responder_Status	Responder	1.74648856474765	1.17617346107867	0.148745089678024	0.69990374323582	sample_2022120210047
HROV.vOTU37886	Responder_Status	Responder	-1.20923829166676	0.815435893532335	0.149261016688677	0.700632678656046	sample_2022120210047
HROV.vOTU13781	Responder_Status	Responder	-1.59243541853579	1.07731789844788	0.150530013193408	0.701009259129557	sample_2022120210047
HROV.vOTU06892	Responder_Status	Responder	-0.741422545070968	0.503183937322632	0.151780650507202	0.701009259129557	sample_2022120210047
HROV.vOTU12354	Responder_Status	Responder	-1.70627309981639	1.16004795686668	0.152477631993646	0.701009259129557	sample_2022120210047
HROV.vOTU55299	Responder_Status	Responder	-1.5044902370916	1.02248137721201	0.15233077436372	0.701009259129557	sample_2022120210047
HROV.vOTU34447	Responder_Status	Responder	2.03550142446268	1.38082711909675	0.151605270158447	0.701009259129557	sample_2022120210047
HROV.vOTU61992	Responder_Status	Responder	0.95807966788932	0.651415391710257	0.152504024015314	0.701009259129557	sample_2022120210047
HROV.vOTU09258	Responder_Status	Responder	1.44792707982851	0.982241478568928	0.1516086137287	0.701009259129557	sample_2022120210047
HROV.vOTU02921	Responder_Status	Responder	-0.626592558488677	0.425132857907459	0.151670242841133	0.701009259129557	sample_2022120210047
HROV.vOTU05391	Responder_Status	Responder	1.14857309186423	0.778253078522927	0.151146350763505	0.701009259129557	sample_2022120210047
HROV.vOTU09591	Responder_Status	Responder	-0.994049760134888	0.67170906379541	0.150069503554389	0.701009259129557	sample_2022120210047
HROV.vOTU56875	Responder_Status	Responder	0.602001532790436	0.40858096943294	0.151798418424814	0.701009259129557	sample_2022120210047
HROV.vOTU03657	Responder_Status	Responder	1.92049472122683	1.29699378255298	0.149845051135241	0.701009259129557	sample_2022120210047
HROV.vOTU14305	Responder_Status	Responder	1.59517513748595	1.07960472770542	0.150687909664605	0.701009259129557	sample_2022120210047
HROV.vOTU47873	Responder_Status	Responder	1.10221324351763	0.748127885182269	0.151825386118577	0.701009259129557	sample_2022120210047
HROV.vOTU44351	Responder_Status	Responder	-1.07481364881938	0.72798494243142	0.150989497233918	0.701009259129557	sample_2022120210047
HROV.vOTU04934	Responder_Status	Responder	-1.60780866948427	1.08951082829658	0.151178072516823	0.701009259129557	sample_2022120210047
HROV.vOTU22948	Responder_Status	Responder	0.928557387081501	0.629980841849239	0.151651309570361	0.701009259129557	sample_2022120210047
HROV.vOTU03839	Responder_Status	Responder	1.97009075418345	1.3396786340239	0.152556832812416	0.701009259129557	sample_2022120210047
HROV.vOTU35959	Responder_Status	Responder	-1.07300260743624	0.728615856697312	0.151995908809512	0.701009259129557	sample_2022120210047
HROV.vOTU36179	Responder_Status	Responder	-0.286921064194979	0.194970967629073	0.152277531711779	0.701009259129557	sample_2022120210047
HROV.vOTU03842	Responder_Status	Responder	1.05300014943526	0.714023368443459	0.151438306487255	0.701009259129557	sample_2022120210047
HROV.vOTU14206	Responder_Status	Responder	0.619623933074164	0.42137483556363	0.152580518205934	0.701009259129557	sample_2022120210047
HROV.vOTU12748	Responder_Status	Responder	0.746097433525315	0.50778639384788	0.152894876695018	0.701426675190278	sample_2022120210047
HROV.vOTU13265	Responder_Status	Responder	1.8954767941901	1.29029586588046	0.152972637715432	0.701426675190278	sample_2022120210047
HROV.vOTU32964	Responder_Status	Responder	1.3504688167177	0.919524591239458	0.153071050544183	0.701561621583631	sample_2022120210047
HROV.vOTU21801	Responder_Status	Responder	-1.46182420297018	0.996098867847804	0.153370688865224	0.701721285228453	sample_2022120210047
HROV.vOTU04691	Responder_Status	Responder	1.82377333279986	1.24306505775437	0.153476277258699	0.701721285228453	sample_2022120210047
HROV.vOTU19384	Responder_Status	Responder	0.971338411644311	0.661642877308148	0.153229992682882	0.701721285228453	sample_2022120210047
HROV.vOTU14148	Responder_Status	Responder	2.38304037880394	1.62686279815816	0.154112573681443	0.703174717617606	sample_2022120210047
HROV.vOTU19145	Responder_Status	Responder	-2.32685783309779	1.59089829970307	0.154710129894491	0.704190786268315	sample_2022120210047
HROV.vOTU29517	Responder_Status	Responder	-0.789389066632582	0.540459954252599	0.155259848301054	0.704731154093452	sample_2022120210047
HROV.vOTU16795	Responder_Status	Responder	-0.585628229530083	0.401057801336942	0.155363084215598	0.704731154093452	sample_2022120210047
HROV.vOTU06975	Responder_Status	Responder	-0.581671382495117	0.398447614737001	0.155462692701695	0.704773225125803	sample_2022120210047
HROV.vOTU19142	Responder_Status	Responder	-1.55967295524422	1.06871256676595	0.155585524114523	0.70502333606146	sample_2022120210047
HROV.vOTU16913	Responder_Status	Responder	1.11085939027656	0.761501033927195	0.155754483014178	0.705482161707338	sample_2022120210047
HROV.vOTU26869	Responder_Status	Responder	-0.947550432965173	0.649954343979287	0.156001686130144	0.705834810888452	sample_2022120210047
HROV.vOTU56218	Responder_Status	Responder	-1.6015786137919	1.09898374011936	0.156151026201663	0.706014727733595	sample_2022120210047
HROV.vOTU45378	Responder_Status	Responder	0.582704862860278	0.400051602546611	0.156357331244654	0.706014727733595	sample_2022120210047
HROV.vOTU08541	Responder_Status	Responder	-1.04465758468292	0.718499498072755	0.157080138739218	0.706219805617265	sample_2022120210047
HROV.vOTU26654	Responder_Status	Responder	-0.704598741538276	0.484624259149928	0.157090072084263	0.706219805617265	sample_2022120210047
HROV.vOTU31976	Responder_Status	Responder	1.21932150069092	0.837560935459849	0.156569676865718	0.706219805617265	sample_2022120210047
HROV.vOTU04830	Responder_Status	Responder	1.00891958065263	0.69389385505116	0.157065380149067	0.706219805617265	sample_2022120210047
HROV.vOTU57796	Responder_Status	Responder	1.41364849112599	0.973322205255077	0.157506733180686	0.706508893561233	sample_2022120210047
HROV.vOTU07688	Responder_Status	Responder	1.33183433212924	0.919066195060812	0.158413112456804	0.708299422603189	sample_2022120210047
HROV.vOTU28323	Responder_Status	Responder	1.01551861456986	0.700659494148429	0.158341493171504	0.708299422603189	sample_2022120210047
HROV.vOTU51003	Responder_Status	Responder	-0.508649179380448	0.351040896393366	0.158452670910381	0.708312668762835	sample_2022120210047
HROV.vOTU01595	Responder_Status	Responder	1.4378616118751	0.99264371449337	0.158579325259919	0.708539483511956	sample_2022120210047
HROV.vOTU56198	Responder_Status	Responder	-1.20945719241392	0.83575307480769	0.158959857162436	0.708539483511956	sample_2022120210047
HROV.vOTU61708	Responder_Status	Responder	-1.58496449021828	1.09540886231021	0.159023965951245	0.708539483511956	sample_2022120210047
HROV.vOTU39839	Responder_Status	Responder	-2.21641108443642	1.53275426779622	0.159269921619952	0.708539483511956	sample_2022120210047
HROV.vOTU02979	Responder_Status	Responder	-1.18678323320257	0.819597353086287	0.158720729778665	0.708539483511956	sample_2022120210047
HROV.vOTU31912	Responder_Status	Responder	-1.46156604399838	1.01072355335019	0.159262250051573	0.708539483511956	sample_2022120210047
HROV.vOTU60167	Responder_Status	Responder	-1.01857200705161	0.704140032115085	0.159126389772585	0.708539483511956	sample_2022120210047
HROV.vOTU67194	Responder_Status	Responder	-0.573701682252648	0.396993545747169	0.159524926906401	0.708874192790869	sample_2022120210047
HROV.vOTU06484	Responder_Status	Responder	-1.4894694665944	1.03131627259468	0.159768813989382	0.708874192790869	sample_2022120210047
HROV.vOTU53029	Responder_Status	Responder	1.45921771872903	1.01081085452177	0.159944707646063	0.709002958544623	sample_2022120210047
HROV.vOTU24697	Responder_Status	Responder	0.769921864631968	0.533318616651495	0.159935693226138	0.709002958544623	sample_2022120210047
HROV.vOTU53131	Responder_Status	Responder	-1.90525978608611	1.32188167184202	0.160584371230284	0.709622200262749	sample_2022120210047
HROV.vOTU25355	Responder_Status	Responder	-1.03212183309214	0.716080735802803	0.160577533580976	0.709622200262749	sample_2022120210047
HROV.vOTU15017	Responder_Status	Responder	-1.22446692123968	0.850751890388756	0.161158858748455	0.709828112665329	sample_2022120210047
HROV.vOTU15056	Responder_Status	Responder	-1.78474205030997	1.24173781443734	0.161716540455327	0.709828112665329	sample_2022120210047
HROV.vOTU40909	Responder_Status	Responder	0.652184889677713	0.45358920591073	0.161565095039461	0.709828112665329	sample_2022120210047
HROV.vOTU21127	Responder_Status	Responder	1.97746024491689	1.37639826212405	0.161886165535069	0.709828112665329	sample_2022120210047
HROV.vOTU12593	Responder_Status	Responder	-1.14068778345648	0.792805547475063	0.1612929716071	0.709828112665329	sample_2022120210047
HROV.vOTU53287	Responder_Status	Responder	-0.53663623311974	0.373564623801875	0.161932238817959	0.709828112665329	sample_2022120210047
HROV.vOTU72241	Responder_Status	Responder	-0.946948437758367	0.658808124853005	0.161696183142358	0.709828112665329	sample_2022120210047
HROV.vOTU32970	Responder_Status	Responder	1.9159692539227	1.3305811876103	0.160969883637968	0.709828112665329	sample_2022120210047
HROV.vOTU03830	Responder_Status	Responder	0.704015106213394	0.49037632218068	0.162176484773373	0.709828112665329	sample_2022120210047
HROV.vOTU74826	Responder_Status	Responder	0.508808118542515	0.353481612666724	0.161118761232669	0.709828112665329	sample_2022120210047
HROV.vOTU69449	Responder_Status	Responder	0.287561900756665	0.200370701142034	0.162321514583483	0.710071444987362	sample_2022120210047
HROV.vOTU24292	Responder_Status	Responder	-1.15911240258251	0.808020406678416	0.16250259946892	0.710267234255934	sample_2022120210047
HROV.vOTU70773	Responder_Status	Responder	-0.601473706493623	0.420791211332903	0.16395601913261	0.711972863783743	sample_2022120210047
HROV.vOTU28745	Responder_Status	Responder	1.29642424096626	0.906316649748887	0.163658792343599	0.711972863783743	sample_2022120210047
HROV.vOTU26340	Responder_Status	Responder	1.35993901534409	0.951597022408882	0.164034416250025	0.711972863783743	sample_2022120210047
HROV.vOTU18875	Responder_Status	Responder	1.49210893986399	1.04310818491839	0.163655050578265	0.711972863783743	sample_2022120210047
HROV.vOTU43750	Responder_Status	Responder	1.37666378276986	0.963188184190531	0.1639871835866	0.711972863783743	sample_2022120210047
HROV.vOTU69117	Responder_Status	Responder	-0.731826868416007	0.512440156774045	0.164316866638094	0.711972863783743	sample_2022120210047
HROV.vOTU69010	Responder_Status	Responder	1.09878676272538	0.768163042842759	0.163665513077995	0.711972863783743	sample_2022120210047
HROV.vOTU04775	Responder_Status	Responder	-1.30578652492788	0.913642119297787	0.164006561692993	0.711972863783743	sample_2022120210047
HROV.vOTU37929	Responder_Status	Responder	0.526857750029456	0.368217168629452	0.163544385808037	0.711972863783743	sample_2022120210047
HROV.vOTU42209	Responder_Status	Responder	1.32818225340765	0.930221536461352	0.16440498177154	0.712011600190958	sample_2022120210047
HROV.vOTU66047	Responder_Status	Responder	-1.31421493211319	0.920365066108052	0.164372150923662	0.712011600190958	sample_2022120210047
HROV.vOTU60965	Responder_Status	Responder	-1.23656687812847	0.867811375910082	0.165230630437882	0.713511466706478	sample_2022120210047
HROV.vOTU31601	Responder_Status	Responder	0.658426428058174	0.462252677173463	0.165385276989579	0.713725497830063	sample_2022120210047
HROV.vOTU60373	Responder_Status	Responder	-1.34954678978198	0.948533926295181	0.165848976761001	0.714107014413284	sample_2022120210047
HROV.vOTU01236	Responder_Status	Responder	1.89648547682251	1.33363195462807	0.166057631879476	0.714583405042898	sample_2022120210047
HROV.vOTU27154	Responder_Status	Responder	1.47734873741999	1.03934896718615	0.166238437735888	0.714720666252932	sample_2022120210047
HROV.vOTU63750	Responder_Status	Responder	-1.30831846452147	0.920746570964615	0.166378199579093	0.715059121309197	sample_2022120210047
HROV.vOTU70085	Responder_Status	Responder	1.24037883072959	0.873156161130596	0.166482796884525	0.71527035037959	sample_2022120210047
HROV.vOTU51501	Responder_Status	Responder	-0.796652493012303	0.562636962642002	0.167825541638108	0.716429142728033	sample_2022120210047
HROV.vOTU70215	Responder_Status	Responder	-1.47362334555948	1.03923646151864	0.167228666754564	0.716429142728033	sample_2022120210047
HROV.vOTU23360	Responder_Status	Responder	0.595280400397211	0.420406197952706	0.167814367266439	0.716429142728033	sample_2022120210047
HROV.vOTU36813	Responder_Status	Responder	1.66843338314819	1.17856527286581	0.1679063544819	0.716429142728033	sample_2022120210047
HROV.vOTU58813	Responder_Status	Responder	-0.87683742690933	0.618322795679437	0.167198721155213	0.716429142728033	sample_2022120210047
HROV.vOTU57540	Responder_Status	Responder	-1.25969989250247	0.891339708051066	0.168598835798169	0.716433633242677	sample_2022120210047
HROV.vOTU01295	Responder_Status	Responder	-1.73396738663241	1.22699494317024	0.168623175194594	0.716433633242677	sample_2022120210047
HROV.vOTU67290	Responder_Status	Responder	-0.638571696902942	0.451590961599093	0.168370928809854	0.716433633242677	sample_2022120210047
HROV.vOTU53328	Responder_Status	Responder	-0.882431652498915	0.624950726681739	0.168967144933191	0.717164012302992	sample_2022120210047
HROV.vOTU43358	Responder_Status	Responder	-1.17808433030595	0.834870350922862	0.169230819999238	0.71770393104651	sample_2022120210047
HROV.vOTU32342	Responder_Status	Responder	-1.09485326154373	0.776378301525301	0.1694916654017	0.717790250942636	sample_2022120210047
HROV.vOTU38298	Responder_Status	Responder	-1.26356282874656	0.896125197352919	0.169543294613788	0.717854989791009	sample_2022120210047
HROV.vOTU67547	Responder_Status	Responder	1.75882011685003	1.24776227111942	0.169674901522237	0.717974608674806	sample_2022120210047
HROV.vOTU51131	Responder_Status	Responder	0.586871303282089	0.416544364120803	0.169872476547096	0.718373054229196	sample_2022120210047
HROV.vOTU66985	Responder_Status	Responder	-1.09594902406304	0.779290358418335	0.170624338729103	0.719442305185788	sample_2022120210047
HROV.vOTU43365	Responder_Status	Responder	-1.30471134938651	0.9284989881536	0.170965270190409	0.719781056720835	sample_2022120210047
HROV.vOTU42142	Responder_Status	Responder	-0.451657809013949	0.321649682121459	0.171257426558405	0.720072074385088	sample_2022120210047
HROV.vOTU36422	Responder_Status	Responder	-1.30280421479735	0.928644487951945	0.171635731804744	0.720845391959267	sample_2022120210047
HROV.vOTU65186	Responder_Status	Responder	1.47610139112648	1.05297703643836	0.171952918721417	0.721316188839438	sample_2022120210047
HROV.vOTU08930	Responder_Status	Responder	-1.13814324538173	0.812958142692319	0.172495986940525	0.722140692615618	sample_2022120210047
HROV.vOTU08935	Responder_Status	Responder	-1.19398529560947	0.853435959388976	0.172783467828964	0.722618396459084	sample_2022120210047
HROV.vOTU69633	Responder_Status	Responder	-1.05336600541296	0.754465054899082	0.173633346741174	0.724216028424471	sample_2022120210047
HROV.vOTU08280	Responder_Status	Responder	-1.18551073288454	0.848870374668923	0.173514613810332	0.724216028424471	sample_2022120210047
HROV.vOTU34922	Responder_Status	Responder	-1.09767683967451	0.786687573885013	0.173890143284934	0.724426113774059	sample_2022120210047
HROV.vOTU61921	Responder_Status	Responder	-2.3595874394422	1.69271823860547	0.174293705394064	0.724728878964025	sample_2022120210047
HROV.vOTU05159	Responder_Status	Responder	1.1496035787443	0.826010014971336	0.174954835008168	0.725439467085202	sample_2022120210047
HROV.vOTU10515	Responder_Status	Responder	-1.91610413424798	1.37773859025385	0.175253254726683	0.725713051145138	sample_2022120210047
HROV.vOTU20618	Responder_Status	Responder	-0.701743834110737	0.504486522637133	0.175179473662605	0.725713051145138	sample_2022120210047
HROV.vOTU25193	Responder_Status	Responder	1.49513349768755	1.07507673610675	0.17526457708318	0.725713051145138	sample_2022120210047
HROV.vOTU74508	Responder_Status	Responder	-1.1052915914632	0.7959607765216	0.175894997865129	0.726890232988938	sample_2022120210047
HROV.vOTU13481	Responder_Status	Responder	-1.71893334065385	1.24032075803998	0.176723759581141	0.727131915038693	sample_2022120210047
HROV.vOTU07700	Responder_Status	Responder	1.36144786794191	0.981887031739315	0.176516990470314	0.727131915038693	sample_2022120210047
HROV.vOTU41294	Responder_Status	Responder	-0.907386280667721	0.654599239504574	0.176635351553656	0.727131915038693	sample_2022120210047
HROV.vOTU34659	Responder_Status	Responder	-0.82145893332339	0.592538964835587	0.176584997479504	0.727131915038693	sample_2022120210047
HROV.vOTU36749	Responder_Status	Responder	-1.51956662759114	1.09723864756287	0.177019285215298	0.727427176254991	sample_2022120210047
HROV.vOTU10186	Responder_Status	Responder	1.51929376772938	1.09729882258099	0.177117528353201	0.727427176254991	sample_2022120210047
HROV.vOTU14994	Responder_Status	Responder	1.24125819584798	0.89713955378212	0.177421352507855	0.727427176254991	sample_2022120210047
HROV.vOTU52184	Responder_Status	Responder	-1.48069685101169	1.06946792640697	0.177135339168009	0.727427176254991	sample_2022120210047
HROV.vOTU72168	Responder_Status	Responder	-0.879983906655801	0.635960925214059	0.177380628676666	0.727427176254991	sample_2022120210047
HROV.vOTU08533	Responder_Status	Responder	0.509642987459103	0.36860630155785	0.177710009721563	0.727779167227531	sample_2022120210047
HROV.vOTU45542	Responder_Status	Responder	-1.59768143961173	1.1568066678631	0.178168119945783	0.728802717215405	sample_2022120210047
HROV.vOTU15775	Responder_Status	Responder	1.21826540805449	0.88248523025559	0.178356691409093	0.728802717215405	sample_2022120210047
HROV.vOTU12134	Responder_Status	Responder	-0.354106766446189	0.256592941619197	0.178496950388305	0.728815918121529	sample_2022120210047
HROV.vOTU26399	Responder_Status	Responder	-0.827166885414551	0.599350995539577	0.178475283299757	0.728815918121529	sample_2022120210047
HROV.vOTU32220	Responder_Status	Responder	-1.07959561247603	0.782363807433555	0.178532915413997	0.728819972032848	sample_2022120210047
HROV.vOTU44975	Responder_Status	Responder	0.528312214895159	0.382971260132032	0.178656711816161	0.729025885816091	sample_2022120210047
HROV.vOTU67099	Responder_Status	Responder	1.52378331859301	1.10513186004471	0.178865239061104	0.72946214912591	sample_2022120210047
HROV.vOTU22134	Responder_Status	Responder	-1.50809767505122	1.0940826107803	0.178990929012797	0.729532050696348	sample_2022120210047
HROV.vOTU41617	Responder_Status	Responder	-0.345021558578926	0.250326216075918	0.179029154438146	0.729532050696348	sample_2022120210047
HROV.vOTU46353	Responder_Status	Responder	-1.27095535873709	0.923321937475073	0.179574664328092	0.729691885987298	sample_2022120210047
HROV.vOTU08294	Responder_Status	Responder	2.01478326263425	1.46857475951064	0.180977962080974	0.730804654076188	sample_2022120210047
HROV.vOTU27690	Responder_Status	Responder	-1.24524886095112	0.90643131391411	0.180405460385844	0.730804654076188	sample_2022120210047
HROV.vOTU38862	Responder_Status	Responder	1.44118525416573	1.04929770433162	0.180502778425372	0.730804654076188	sample_2022120210047
HROV.vOTU31186	Responder_Status	Responder	1.17642728617251	0.855988180323596	0.180234442504347	0.730804654076188	sample_2022120210047
HROV.vOTU07603	Responder_Status	Responder	-1.75258931857607	1.27603099770544	0.180504868678359	0.730804654076188	sample_2022120210047
HROV.vOTU51416	Responder_Status	Responder	-0.732286461288368	0.533488418166605	0.180760410483629	0.730804654076188	sample_2022120210047
HROV.vOTU33455	Responder_Status	Responder	-0.494676916943509	0.360466881553917	0.180857376209441	0.730804654076188	sample_2022120210047
HROV.vOTU04356	Responder_Status	Responder	0.696738348919205	0.508205609206033	0.181271776502138	0.730979841777199	sample_2022120210047
HROV.vOTU09525	Responder_Status	Responder	1.32893852545754	0.969135097772009	0.181183901925263	0.730979841777199	sample_2022120210047
HROV.vOTU23563	Responder_Status	Responder	0.699177991294783	0.510184471544223	0.181436989586343	0.731080213259741	sample_2022120210047
HROV.vOTU00758	Responder_Status	Responder	1.88409942354751	1.3766252262778	0.181994509898817	0.732092309242791	sample_2022120210047
HROV.vOTU07124	Responder_Status	Responder	-1.44264024765153	1.05502867107679	0.182378907186829	0.732099434769427	sample_2022120210047
HROV.vOTU74002	Responder_Status	Responder	1.05681049345581	0.773875729285797	0.182933021111748	0.732099434769427	sample_2022120210047
HROV.vOTU32094	Responder_Status	Responder	-1.241832761186	0.909881371365371	0.183174750564047	0.732099434769427	sample_2022120210047
HROV.vOTU07258	Responder_Status	Responder	-1.16074915472696	0.850312414032937	0.183095138192196	0.732099434769427	sample_2022120210047
HROV.vOTU15472	Responder_Status	Responder	1.3562593718086	0.994540335819329	0.183524517587421	0.732099434769427	sample_2022120210047
HROV.vOTU35510	Responder_Status	Responder	0.76488221939856	0.560920937632129	0.183551333633608	0.732099434769427	sample_2022120210047
HROV.vOTU37626	Responder_Status	Responder	0.948338620560485	0.694908531113342	0.183216306708247	0.732099434769427	sample_2022120210047
HROV.vOTU15709	Responder_Status	Responder	1.6510613697145	1.21076209465215	0.183540107071422	0.732099434769427	sample_2022120210047
HROV.vOTU67216	Responder_Status	Responder	2.17881828790454	1.59778416176712	0.18354157332421	0.732099434769427	sample_2022120210047
HROV.vOTU46602	Responder_Status	Responder	1.39014465896157	1.01931055144907	0.183492143585428	0.732099434769427	sample_2022120210047
HROV.vOTU37302	Responder_Status	Responder	1.30119798675288	0.95470910658624	0.183766990563903	0.732537123823976	sample_2022120210047
HROV.vOTU30351	Responder_Status	Responder	1.61235873752126	1.18311751906754	0.183804664233507	0.732547179695217	sample_2022120210047
HROV.vOTU18411	Responder_Status	Responder	1.5018075623477	1.10422699991514	0.184663805056315	0.733726157745205	sample_2022120210047
HROV.vOTU35715	Responder_Status	Responder	-0.55516325497569	0.408410586900622	0.184891287193147	0.734012151328287	sample_2022120210047
HROV.vOTU07878	Responder_Status	Responder	1.16020777454075	0.854164975637204	0.185214460501365	0.734396999652595	sample_2022120210047
HROV.vOTU48450	Responder_Status	Responder	1.6131191585722	1.18796414735996	0.185342815756989	0.734557201538064	sample_2022120210047
HROV.vOTU03107	Responder_Status	Responder	1.17507700901481	0.865612407004774	0.185460766911665	0.734791327459906	sample_2022120210047
HROV.vOTU73181	Responder_Status	Responder	-1.08423980889555	0.799020373187462	0.185632808873566	0.734949970145523	sample_2022120210047
HROV.vOTU36175	Responder_Status	Responder	-0.487823054972385	0.359708572910894	0.185884025779952	0.735122394999415	sample_2022120210047
HROV.vOTU47271	Responder_Status	Responder	1.67407235245634	1.23600044510494	0.186430056015439	0.736003948729029	sample_2022120210047
HROV.vOTU70414	Responder_Status	Responder	0.879098280516734	0.648696680440378	0.186194109799089	0.736003948729029	sample_2022120210047
HROV.vOTU10321	Responder_Status	Responder	1.01746558689921	0.75148381729989	0.186582883707688	0.736158140187091	sample_2022120210047
HROV.vOTU20894	Responder_Status	Responder	-0.937359042209913	0.693360417002834	0.187225292146152	0.736754176234228	sample_2022120210047
HROV.vOTU54408	Responder_Status	Responder	1.10463471078756	0.816555471092157	0.186943847357675	0.736754176234228	sample_2022120210047
HROV.vOTU49611	Responder_Status	Responder	-1.09090899472476	0.80691628085412	0.187212384764645	0.736754176234228	sample_2022120210047
HROV.vOTU49004	Responder_Status	Responder	1.2976013577125	0.959872865000948	0.187244336580984	0.736754176234228	sample_2022120210047
HROV.vOTU03889	Responder_Status	Responder	0.950559992127483	0.702870831796754	0.187070729030617	0.736754176234228	sample_2022120210047
HROV.vOTU10994	Responder_Status	Responder	1.73757888759083	1.28401737039894	0.186805532260162	0.736754176234228	sample_2022120210047
HROV.vOTU22913	Responder_Status	Responder	-0.238234314671989	0.176146691829899	0.187045332399353	0.736754176234228	sample_2022120210047
HROV.vOTU57098	Responder_Status	Responder	0.334360604572845	0.247177828189394	0.186970801629767	0.736754176234228	sample_2022120210047
HROV.vOTU19339	Responder_Status	Responder	1.24139611936895	0.918185989367475	0.187193020943544	0.736754176234228	sample_2022120210047
HROV.vOTU17790	Responder_Status	Responder	-1.56964735250047	1.16280765158057	0.18786800766115	0.737041820213025	sample_2022120210047
HROV.vOTU64657	Responder_Status	Responder	0.816841095314989	0.605063208112215	0.187826015672094	0.737041820213025	sample_2022120210047
HROV.vOTU19387	Responder_Status	Responder	1.60061821761042	1.18492045695435	0.187568231046283	0.737041820213025	sample_2022120210047
HROV.vOTU03367	Responder_Status	Responder	0.458539789979294	0.339677969405865	0.187852799439497	0.737041820213025	sample_2022120210047
HROV.vOTU34791	Responder_Status	Responder	-0.732613662697486	0.543198254529046	0.188240125992719	0.737602277771214	sample_2022120210047
HROV.vOTU10154	Responder_Status	Responder	-0.865120061771432	0.643230408762054	0.189431220175606	0.739032894422911	sample_2022120210047
HROV.vOTU54200	Responder_Status	Responder	-1.28245414193972	0.953709762349151	0.189514415745947	0.739049480566154	sample_2022120210047
HROV.vOTU30980	Responder_Status	Responder	-1.17377219908877	0.873101615203559	0.189619751627727	0.739106085522285	sample_2022120210047
HROV.vOTU14873	Responder_Status	Responder	1.62578829794188	1.21007571400643	0.189884271023004	0.739106085522285	sample_2022120210047
HROV.vOTU25638	Responder_Status	Responder	0.766815808304343	0.570976493036793	0.190060917097597	0.739106085522285	sample_2022120210047
HROV.vOTU22698	Responder_Status	Responder	-1.7098833529697	1.2731171032824	0.190035890466323	0.739106085522285	sample_2022120210047
HROV.vOTU41452	Responder_Status	Responder	-1.03264608735062	0.769056227355051	0.190139475173888	0.739168158150673	sample_2022120210047
HROV.vOTU64261	Responder_Status	Responder	1.2339098310066	0.919879899739718	0.190576011425567	0.740004486325474	sample_2022120210047
HROV.vOTU52191	Responder_Status	Responder	-1.76345975422712	1.31708899985518	0.191370404784786	0.740379075791234	sample_2022120210047
HROV.vOTU25800	Responder_Status	Responder	0.961938102850514	0.71846441233994	0.191378894348143	0.740379075791234	sample_2022120210047
HROV.vOTU37604	Responder_Status	Responder	1.2188818433268	0.910608253729484	0.191489782125774	0.740379788404663	sample_2022120210047
HROV.vOTU50928	Responder_Status	Responder	0.737762157079832	0.551329436376508	0.191613574479173	0.740533112960938	sample_2022120210047
HROV.vOTU66091	Responder_Status	Responder	-1.3019603907589	0.974742461787692	0.192404867445785	0.741791660709209	sample_2022120210047
HROV.vOTU24816	Responder_Status	Responder	0.839362681433221	0.628401141716207	0.192400096329874	0.741791660709209	sample_2022120210047
HROV.vOTU50804	Responder_Status	Responder	-1.24810887141989	0.936410034084174	0.193320726412049	0.742089507906999	sample_2022120210047
HROV.vOTU09968	Responder_Status	Responder	-1.09053059109783	0.818479035526145	0.193476034415423	0.742548905564902	sample_2022120210047
HROV.vOTU36922	Responder_Status	Responder	-1.53352908698751	1.15166385432311	0.193738767750726	0.743009922695091	sample_2022120210047
HROV.vOTU05478	Responder_Status	Responder	-0.905922562880526	0.68081641139302	0.194042655967661	0.743217965514807	sample_2022120210047
HROV.vOTU13271	Responder_Status	Responder	0.411818861217364	0.309476737936074	0.194025564212289	0.743217965514807	sample_2022120210047
HROV.vOTU32676	Responder_Status	Responder	1.01627269306651	0.764393834085338	0.194409233896624	0.743938383107905	sample_2022120210047
HROV.vOTU37432	Responder_Status	Responder	-0.947670657882733	0.71335317414852	0.194748383133785	0.744416049983141	sample_2022120210047
HROV.vOTU59590	Responder_Status	Responder	1.68060445819786	1.26525017152097	0.194811928747338	0.744522390444622	sample_2022120210047
HROV.vOTU70050	Responder_Status	Responder	-0.552507092152284	0.41693800606179	0.195832625147038	0.744938392020283	sample_2022120210047
HROV.vOTU40394	Responder_Status	Responder	-1.320398900082	0.997253875301876	0.196199262674844	0.744938392020283	sample_2022120210047
HROV.vOTU29429	Responder_Status	Responder	-1.19097595474312	0.898733895908531	0.195827131649739	0.744938392020283	sample_2022120210047
HROV.vOTU52417	Responder_Status	Responder	-0.79581074191807	0.601061262495277	0.196207621583461	0.744938392020283	sample_2022120210047
HROV.vOTU11091	Responder_Status	Responder	1.43163211507847	1.0805635949081	0.195917804308828	0.744938392020283	sample_2022120210047
HROV.vOTU47777	Responder_Status	Responder	1.49454083472423	1.12770209157207	0.195785653551605	0.744938392020283	sample_2022120210047
HROV.vOTU39907	Responder_Status	Responder	-0.537258668376702	0.404821362934202	0.195180092700937	0.744938392020283	sample_2022120210047
HROV.vOTU12294	Responder_Status	Responder	-0.871528076871276	0.657767199268556	0.195889763902323	0.744938392020283	sample_2022120210047
HROV.vOTU10505	Responder_Status	Responder	-0.814164799606874	0.613842095383357	0.195443916252801	0.744938392020283	sample_2022120210047
HROV.vOTU04807	Responder_Status	Responder	-0.641295638057707	0.483665420757012	0.195586084851612	0.744938392020283	sample_2022120210047
HROV.vOTU08922	Responder_Status	Responder	-0.366458798680525	0.276551943271765	0.195850537671093	0.744938392020283	sample_2022120210047
HROV.vOTU35796	Responder_Status	Responder	1.4346971996131	1.08491629670349	0.196734602906337	0.745121735387305	sample_2022120210047
HROV.vOTU22458	Responder_Status	Responder	-0.954628671067588	0.722669412115246	0.197204147217546	0.745121735387305	sample_2022120210047
HROV.vOTU68419	Responder_Status	Responder	-0.436017501731737	0.329820262877487	0.196872090865223	0.745121735387305	sample_2022120210047
HROV.vOTU58926	Responder_Status	Responder	-0.926959288362333	0.701241373129966	0.196905569473069	0.745121735387305	sample_2022120210047
HROV.vOTU60075	Responder_Status	Responder	-0.820265584860721	0.620032602160263	0.196558625269295	0.745121735387305	sample_2022120210047
HROV.vOTU46374	Responder_Status	Responder	0.90081906746869	0.682236075695446	0.197396294678075	0.745121735387305	sample_2022120210047
HROV.vOTU65200	Responder_Status	Responder	0.667707318083815	0.50573464190997	0.197435807236502	0.745121735387305	sample_2022120210047
HROV.vOTU62383	Responder_Status	Responder	-0.870122342200929	0.65971082501768	0.197873317695496	0.745982939120017	sample_2022120210047
HROV.vOTU46802	Responder_Status	Responder	0.82321280721734	0.624505921407488	0.198125061354587	0.746641280041517	sample_2022120210047
HROV.vOTU17948	Responder_Status	Responder	1.05219386984152	0.79898558481954	0.198545006896115	0.747194807028031	sample_2022120210047
HROV.vOTU04595	Responder_Status	Responder	1.11891835476577	0.851358776644394	0.19941946491493	0.748902602762219	sample_2022120210047
HROV.vOTU24081	Responder_Status	Responder	1.95719237730516	1.49033205564949	0.199756408375715	0.749093164926644	sample_2022120210047
HROV.vOTU41480	Responder_Status	Responder	-1.07842145939967	0.821702820456628	0.200034621376476	0.749231040525838	sample_2022120210047
HROV.vOTU05033	Responder_Status	Responder	1.40649077296391	1.07197698521134	0.200157633266768	0.749386747152801	sample_2022120210047
HROV.vOTU63677	Responder_Status	Responder	-0.694462023601235	0.529650561453927	0.200451749708329	0.749511839829036	sample_2022120210047
HROV.vOTU08091	Responder_Status	Responder	0.664893396114613	0.507824095238498	0.201076265860249	0.750584021210091	sample_2022120210047
HROV.vOTU37055	Responder_Status	Responder	-0.503933864475943	0.385303958890274	0.201548456114085	0.751317286807721	sample_2022120210047
HROV.vOTU43440	Responder_Status	Responder	-0.660683284059373	0.505444616657855	0.201800819943424	0.751389867361258	sample_2022120210047
HROV.vOTU55324	Responder_Status	Responder	-0.445947572429071	0.341314801638218	0.20199350013242	0.751467625004027	sample_2022120210047
HROV.vOTU24955	Responder_Status	Responder	-1.00510751399079	0.769841564846546	0.202313831879821	0.752090662928196	sample_2022120210047
HROV.vOTU05573	Responder_Status	Responder	0.884511759111456	0.677992550771279	0.202649420832215	0.752130708841203	sample_2022120210047
HROV.vOTU54041	Responder_Status	Responder	-0.699586001175223	0.536230864357964	0.202638704456513	0.752130708841203	sample_2022120210047
HROV.vOTU62550	Responder_Status	Responder	-0.857474836964947	0.657240609682015	0.202630939285554	0.752130708841203	sample_2022120210047
HROV.vOTU24040	Responder_Status	Responder	0.817346795000363	0.62642619127588	0.202591099958903	0.752130708841203	sample_2022120210047
HROV.vOTU02205	Responder_Status	Responder	-0.496225515852312	0.380336906089227	0.202617180617973	0.752130708841203	sample_2022120210047
HROV.vOTU42180	Responder_Status	Responder	-1.16423403818704	0.892663109724536	0.202776628938153	0.752314847228497	sample_2022120210047
HROV.vOTU67177	Responder_Status	Responder	1.62809608511819	1.24965263164463	0.20324330790113	0.75245879137672	sample_2022120210047
HROV.vOTU16374	Responder_Status	Responder	-0.51350991759933	0.394681568038437	0.203838500924184	0.753324057325765	sample_2022120210047
HROV.vOTU13759	Responder_Status	Responder	-0.970904967105553	0.747090053112138	0.204342601745419	0.753768711265736	sample_2022120210047
HROV.vOTU59949	Responder_Status	Responder	1.37596855323365	1.05844176617414	0.204203167453132	0.753768711265736	sample_2022120210047
HROV.vOTU01838	Responder_Status	Responder	-1.05626764611672	0.814596526355005	0.205327501201105	0.75443385289859	sample_2022120210047
HROV.vOTU06807	Responder_Status	Responder	-1.70979391422476	1.31894088589137	0.205442040076751	0.75443385289859	sample_2022120210047
HROV.vOTU09281	Responder_Status	Responder	2.12786269045584	1.64042709767741	0.205170159749094	0.75443385289859	sample_2022120210047
HROV.vOTU15902	Responder_Status	Responder	-1.12657336988194	0.869009049049495	0.205425062449633	0.75443385289859	sample_2022120210047
HROV.vOTU13136	Responder_Status	Responder	-1.02486428755285	0.790461753636203	0.205374054462934	0.75443385289859	sample_2022120210047
HROV.vOTU32214	Responder_Status	Responder	1.38346380511246	1.06836318392803	0.205918238693206	0.755118088046175	sample_2022120210047
HROV.vOTU73633	Responder_Status	Responder	0.413065289571004	0.319287639093344	0.206336640606759	0.75625318154148	sample_2022120210047
HROV.vOTU29822	Responder_Status	Responder	-1.16182660727205	0.898831833449697	0.206716121693001	0.756534848696573	sample_2022120210047
HROV.vOTU40468	Responder_Status	Responder	1.44799849061874	1.1202927370655	0.206742818613621	0.756534848696573	sample_2022120210047
HROV.vOTU61538	Responder_Status	Responder	-1.27723711029123	0.98781939669815	0.206582972408474	0.756534848696573	sample_2022120210047
HROV.vOTU38906	Responder_Status	Responder	-1.4132576679462	1.09510858943913	0.207426147589295	0.757316208087056	sample_2022120210047
HROV.vOTU53512	Responder_Status	Responder	0.853417649207097	0.661124654602211	0.20731014831835	0.757316208087056	sample_2022120210047
HROV.vOTU64505	Responder_Status	Responder	-0.540116713184085	0.418649451164476	0.207555358533184	0.757385444939329	sample_2022120210047
HROV.vOTU11859	Responder_Status	Responder	-1.10501804000306	0.85779667393264	0.208218770106683	0.758482637480034	sample_2022120210047
HROV.vOTU53179	Responder_Status	Responder	1.5725308627216	1.22104638347622	0.20833888116111	0.758522411495027	sample_2022120210047
HROV.vOTU05778	Responder_Status	Responder	-0.506855854586154	0.393687786831827	0.208475809658456	0.758623340890907	sample_2022120210047
HROV.vOTU43167	Responder_Status	Responder	1.18585566403016	0.922072813699493	0.208950367988714	0.758925371587248	sample_2022120210047
HROV.vOTU09774	Responder_Status	Responder	-0.553552814868232	0.430275720296171	0.208802022963045	0.758925371587248	sample_2022120210047
HROV.vOTU50165	Responder_Status	Responder	0.764624611930774	0.594648037499036	0.209030184424224	0.758925371587248	sample_2022120210047
HROV.vOTU46641	Responder_Status	Responder	-0.8647204111542	0.672337380499841	0.208928117781928	0.758925371587248	sample_2022120210047
HROV.vOTU07547	Responder_Status	Responder	-1.11151774070159	0.86445453717934	0.209044494018901	0.758925371587248	sample_2022120210047
HROV.vOTU23303	Responder_Status	Responder	0.791890926418731	0.61636534622738	0.209398274611461	0.759617002510911	sample_2022120210047
HROV.vOTU48417	Responder_Status	Responder	-0.447432195333324	0.34876621615396	0.210045287603858	0.760615776483824	sample_2022120210047
HROV.vOTU37335	Responder_Status	Responder	-0.97809644744232	0.76329410111417	0.210558800073033	0.761549009635892	sample_2022120210047
HROV.vOTU06556	Responder_Status	Responder	0.693917704273774	0.541656577582056	0.210666876764372	0.761675522513793	sample_2022120210047
HROV.vOTU15928	Responder_Status	Responder	-0.656878500206511	0.513360830788453	0.211199817785864	0.761872625327798	sample_2022120210047
HROV.vOTU02798	Responder_Status	Responder	1.39801927020614	1.09167264618447	0.210833592297966	0.761872625327798	sample_2022120210047
HROV.vOTU01645	Responder_Status	Responder	1.33075155968792	1.03949225076549	0.210981733421105	0.761872625327798	sample_2022120210047
HROV.vOTU02279	Responder_Status	Responder	1.13565921556764	0.888037349991644	0.211450797228535	0.762058176607898	sample_2022120210047
HROV.vOTU66925	Responder_Status	Responder	0.43742115823544	0.342184555035221	0.211632208680385	0.762388112169268	sample_2022120210047
HROV.vOTU56948	Responder_Status	Responder	-1.72104684598786	1.34655625500377	0.211705018072167	0.762426946757868	sample_2022120210047
HROV.vOTU55005	Responder_Status	Responder	-0.512130338420153	0.400891115198461	0.211924040160071	0.762710845423803	sample_2022120210047
HROV.vOTU32961	Responder_Status	Responder	1.12471282449473	0.880778484938259	0.212107315897757	0.762710845423803	sample_2022120210047
HROV.vOTU49317	Responder_Status	Responder	-1.04613552258988	0.819274945601401	0.212124379082359	0.762710845423803	sample_2022120210047
HROV.vOTU24679	Responder_Status	Responder	-0.490202523330719	0.383811778255753	0.212023107764859	0.762710845423803	sample_2022120210047
HROV.vOTU34499	Responder_Status	Responder	-1.04012932982414	0.8147242127891	0.212207842508746	0.76287932342285	sample_2022120210047
HROV.vOTU75872	Responder_Status	Responder	-1.01619526491441	0.796501488344466	0.212500753470082	0.762879535282775	sample_2022120210047
HROV.vOTU02293	Responder_Status	Responder	-1.18240173237784	0.92734214922579	0.212772652317638	0.763109387541529	sample_2022120210047
HROV.vOTU59893	Responder_Status	Responder	1.26368990891504	0.991203351962071	0.212821101746227	0.763109387541529	sample_2022120210047
HROV.vOTU04131	Responder_Status	Responder	1.69492804560419	1.33001091655007	0.213007232301558	0.763251499512461	sample_2022120210047
HROV.vOTU05518	Responder_Status	Responder	0.900462021475147	0.706771751357223	0.213119778938133	0.763523498894738	sample_2022120210047
HROV.vOTU09438	Responder_Status	Responder	-0.525427780857417	0.412777752737455	0.213518968624327	0.763985443449858	sample_2022120210047
HROV.vOTU08400	Responder_Status	Responder	-0.564049375562697	0.443137097292912	0.213537151249521	0.763985443449858	sample_2022120210047
HROV.vOTU72028	Responder_Status	Responder	-0.296049666656153	0.232555984066094	0.213477644593606	0.763985443449858	sample_2022120210047
HROV.vOTU10940	Responder_Status	Responder	1.43218854592525	1.12571547693113	0.213749875481364	0.764073311326178	sample_2022120210047
HROV.vOTU71984	Responder_Status	Responder	1.73404589280976	1.36349449532991	0.213918453028305	0.764282626626072	sample_2022120210047
HROV.vOTU60406	Responder_Status	Responder	-1.12098176799006	0.881596472205469	0.213998972695886	0.764308241813584	sample_2022120210047
HROV.vOTU39947	Responder_Status	Responder	-1.17210328965465	0.92525464309308	0.215666899548338	0.764424379427939	sample_2022120210047
HROV.vOTU39286	Responder_Status	Responder	-1.66489470415797	1.31228945228938	0.21499633378056	0.764424379427939	sample_2022120210047
HROV.vOTU66467	Responder_Status	Responder	-1.1735780796046	0.926202250039323	0.21556250795619	0.764424379427939	sample_2022120210047
HROV.vOTU69975	Responder_Status	Responder	-1.39393517022592	1.09971495044905	0.215401865797683	0.764424379427939	sample_2022120210047
HROV.vOTU17285	Responder_Status	Responder	1.63520591817156	1.28731756125313	0.214452492403303	0.764424379427939	sample_2022120210047
HROV.vOTU15791	Responder_Status	Responder	0.963248103360245	0.759603368008152	0.215207816455134	0.764424379427939	sample_2022120210047
HROV.vOTU61047	Responder_Status	Responder	-0.668095952479046	0.526714295374957	0.215092279568262	0.764424379427939	sample_2022120210047
HROV.vOTU15438	Responder_Status	Responder	-0.698435700026438	0.550790680359098	0.215219564994527	0.764424379427939	sample_2022120210047
HROV.vOTU20490	Responder_Status	Responder	0.940621081150041	0.741040697100968	0.214774987047019	0.764424379427939	sample_2022120210047
HROV.vOTU56306	Responder_Status	Responder	0.192268167682473	0.151781878945892	0.215684530529064	0.764424379427939	sample_2022120210047
HROV.vOTU59988	Responder_Status	Responder	0.884319002335647	0.698297694169847	0.215807002820218	0.764424379427939	sample_2022120210047
HROV.vOTU71692	Responder_Status	Responder	0.861887432322734	0.678779719391077	0.214621949101435	0.764424379427939	sample_2022120210047
HROV.vOTU46996	Responder_Status	Responder	1.46878969748323	1.16112861647474	0.216310054859539	0.764809139742027	sample_2022120210047
HROV.vOTU34299	Responder_Status	Responder	-0.925220904758445	0.731766590237258	0.216522486920015	0.765190542210125	sample_2022120210047
HROV.vOTU52786	Responder_Status	Responder	-1.85814456258096	1.47111949782637	0.21697682312082	0.765627665736182	sample_2022120210047
HROV.vOTU48856	Responder_Status	Responder	1.90987312236012	1.51165897401869	0.216854138247443	0.765627665736182	sample_2022120210047
HROV.vOTU49012	Responder_Status	Responder	-0.874796022928811	0.692530466674763	0.216939371496489	0.765627665736182	sample_2022120210047
HROV.vOTU09277	Responder_Status	Responder	1.21008505902098	0.958407758686106	0.217147758002249	0.765637461460759	sample_2022120210047
HROV.vOTU12202	Responder_Status	Responder	-1.51011027950227	1.19673987488097	0.217412185300687	0.765724510384423	sample_2022120210047
HROV.vOTU56526	Responder_Status	Responder	-1.31543489107136	1.04302507599314	0.217653632100347	0.765811530131896	sample_2022120210047
HROV.vOTU37639	Responder_Status	Responder	1.46596293556593	1.16229184588727	0.217619422804425	0.765811530131896	sample_2022120210047
HROV.vOTU21661	Responder_Status	Responder	1.43995671519196	1.14263326269469	0.217995924724366	0.766191616201308	sample_2022120210047
HROV.vOTU64807	Responder_Status	Responder	1.08501686632421	0.861167465597201	0.218092546415843	0.766191616201308	sample_2022120210047
HROV.vOTU14828	Responder_Status	Responder	0.464116078491555	0.368497868131072	0.218254716481764	0.766502913966963	sample_2022120210047
HROV.vOTU19975	Responder_Status	Responder	-0.654392202652396	0.520056137071572	0.218671266610078	0.767577765900966	sample_2022120210047
HROV.vOTU22193	Responder_Status	Responder	-0.77443958095427	0.615800418215361	0.218919319270253	0.767801853516	sample_2022120210047
HROV.vOTU63216	Responder_Status	Responder	1.14457262825437	0.910042156581212	0.218883929673682	0.767801853516	sample_2022120210047
HROV.vOTU69794	Responder_Status	Responder	-1.00939327803337	0.802820940666511	0.219028590749368	0.767961133567907	sample_2022120210047
HROV.vOTU27225	Responder_Status	Responder	1.22082920793595	0.971627025035235	0.21932432477609	0.768391157481334	sample_2022120210047
HROV.vOTU73241	Responder_Status	Responder	-1.17327996807087	0.935138826375781	0.219975003375102	0.769000002848423	sample_2022120210047
HROV.vOTU02992	Responder_Status	Responder	1.46012655592276	1.16462800218929	0.220308203675816	0.769749100672133	sample_2022120210047
HROV.vOTU27379	Responder_Status	Responder	-0.468393691455868	0.373921306995677	0.220693420178311	0.769749100672133	sample_2022120210047
HROV.vOTU03578	Responder_Status	Responder	1.37964021844931	1.10191625809482	0.220914391265179	0.770004334163961	sample_2022120210047
HROV.vOTU05577	Responder_Status	Responder	-1.0046587637904	0.802363946356588	0.220883434898099	0.770004334163961	sample_2022120210047
HROV.vOTU49444	Responder_Status	Responder	1.29663384333469	1.03592685770329	0.221047885818378	0.770083239795218	sample_2022120210047
HROV.vOTU70315	Responder_Status	Responder	1.24624081665995	0.99792662977449	0.22206783889716	0.772543302459936	sample_2022120210047
HROV.vOTU24353	Responder_Status	Responder	1.38128275595553	1.10657998260869	0.222278816466358	0.7729501977572	sample_2022120210047
HROV.vOTU29992	Responder_Status	Responder	-1.45673798010172	1.16726383768472	0.222369375817647	0.7731361014414	sample_2022120210047
HROV.vOTU01828	Responder_Status	Responder	-1.26273923522304	1.01277289727005	0.222795318230269	0.773589621477752	sample_2022120210047
HROV.vOTU63801	Responder_Status	Responder	0.80226558975257	0.643658534023597	0.222939456757387	0.773795545345832	sample_2022120210047
HROV.vOTU12196	Responder_Status	Responder	1.8838638732271	1.5128632726411	0.223367744716001	0.774312186104231	sample_2022120210047
HROV.vOTU11329	Responder_Status	Responder	1.07763324217782	0.865567844468131	0.223450743149273	0.774312186104231	sample_2022120210047
HROV.vOTU60252	Responder_Status	Responder	0.556803991088846	0.447482354833794	0.223703444455567	0.774665850634549	sample_2022120210047
HROV.vOTU58198	Responder_Status	Responder	1.33591468751725	1.07412987079556	0.223915774497741	0.774804398766526	sample_2022120210047
HROV.vOTU21405	Responder_Status	Responder	0.671782743981357	0.540913494087361	0.224560785601214	0.775170085293547	sample_2022120210047
HROV.vOTU22312	Responder_Status	Responder	-1.32233417826994	1.06522641003156	0.224770450893844	0.775170085293547	sample_2022120210047
HROV.vOTU13053	Responder_Status	Responder	0.821281641857607	0.661038743621229	0.224390192057283	0.775170085293547	sample_2022120210047
HROV.vOTU44696	Responder_Status	Responder	-2.06597402371073	1.66789419612986	0.225751140856405	0.77613989565898	sample_2022120210047
HROV.vOTU02585	Responder_Status	Responder	1.41376065473733	1.14070042033439	0.225493179544287	0.77613989565898	sample_2022120210047
HROV.vOTU07151	Responder_Status	Responder	1.20114048863626	0.969471457552405	0.225644567964006	0.77613989565898	sample_2022120210047
HROV.vOTU59505	Responder_Status	Responder	-1.08459062543106	0.875607472719453	0.225751111944533	0.77613989565898	sample_2022120210047
HROV.vOTU26471	Responder_Status	Responder	-0.583701446972495	0.471145154014654	0.225668226642702	0.77613989565898	sample_2022120210047
HROV.vOTU53381	Responder_Status	Responder	-0.417928610881598	0.337584833840563	0.22599799029792	0.77643292968442	sample_2022120210047
HROV.vOTU18938	Responder_Status	Responder	0.832700930120601	0.672955589869275	0.22622340532705	0.776815911520137	sample_2022120210047
HROV.vOTU04196	Responder_Status	Responder	-0.578114171426268	0.467364905707584	0.226374519013145	0.776924013172116	sample_2022120210047
HROV.vOTU75719	Responder_Status	Responder	1.17469025679099	0.949951776652221	0.226515849521774	0.776924013172116	sample_2022120210047
HROV.vOTU59588	Responder_Status	Responder	-1.24011451237353	1.00340993365706	0.226764190953983	0.777136283420655	sample_2022120210047
HROV.vOTU63272	Responder_Status	Responder	0.854646809185204	0.691402662131418	0.226688941329279	0.777136283420655	sample_2022120210047
HROV.vOTU50896	Responder_Status	Responder	-1.43639379561951	1.16309006409125	0.227100977791192	0.777651064273488	sample_2022120210047
HROV.vOTU49689	Responder_Status	Responder	0.855212010687182	0.693448904748341	0.227727381520134	0.777828075216511	sample_2022120210047
HROV.vOTU73958	Responder_Status	Responder	-0.685055304551	0.555464611624719	0.227717043348037	0.777828075216511	sample_2022120210047
HROV.vOTU04874	Responder_Status	Responder	-0.497568314163176	0.404096679247051	0.228449228132689	0.777879407191955	sample_2022120210047
HROV.vOTU51944	Responder_Status	Responder	-1.52872499744877	1.2411173653908	0.228293645346593	0.777879407191955	sample_2022120210047
HROV.vOTU37071	Responder_Status	Responder	-0.935805997359749	0.759872103223002	0.228367938792935	0.777879407191955	sample_2022120210047
HROV.vOTU19088	Responder_Status	Responder	-1.23469872642635	1.00239488637051	0.228287756994294	0.777879407191955	sample_2022120210047
HROV.vOTU57856	Responder_Status	Responder	-0.731704616666366	0.594469350641424	0.228617392227474	0.777879407191955	sample_2022120210047
HROV.vOTU35709	Responder_Status	Responder	0.838868674352567	0.68064998632974	0.228029021572848	0.777879407191955	sample_2022120210047
HROV.vOTU46976	Responder_Status	Responder	0.546476799741731	0.443987909930377	0.228623386230841	0.777879407191955	sample_2022120210047
HROV.vOTU64011	Responder_Status	Responder	-1.1233232205627	0.913689258566321	0.229139600202083	0.778780967029837	sample_2022120210047
HROV.vOTU74285	Responder_Status	Responder	1.18691818436822	0.965526458365492	0.229191421163365	0.778780967029837	sample_2022120210047
HROV.vOTU37447	Responder_Status	Responder	-1.26903408080113	1.03400674678785	0.22992987686052	0.779701791436813	sample_2022120210047
HROV.vOTU60343	Responder_Status	Responder	-1.95374254309114	1.59195792309512	0.229944683789379	0.779701791436813	sample_2022120210047
HROV.vOTU24776	Responder_Status	Responder	-0.644502128624436	0.525394557153663	0.230150605227201	0.779926000287312	sample_2022120210047
HROV.vOTU23940	Responder_Status	Responder	0.433520097690068	0.353367002679375	0.230104122636609	0.779926000287312	sample_2022120210047
HROV.vOTU30563	Responder_Status	Responder	1.04615615747254	0.85286904425412	0.230176351051939	0.779926000287312	sample_2022120210047
HROV.vOTU48027	Responder_Status	Responder	-1.46672765531371	1.19670582124614	0.230544575095358	0.78008588163456	sample_2022120210047
HROV.vOTU19800	Responder_Status	Responder	-1.23849982548679	1.0103717861688	0.23048949015135	0.78008588163456	sample_2022120210047
HROV.vOTU07118	Responder_Status	Responder	-1.02074288274848	0.832635669493209	0.230440739256219	0.78008588163456	sample_2022120210047
HROV.vOTU39613	Responder_Status	Responder	-0.98932846864129	0.807934825672131	0.230960882521631	0.780480751054124	sample_2022120210047
HROV.vOTU07059	Responder_Status	Responder	1.05449958399038	0.861429523760954	0.231104803907006	0.780771529139237	sample_2022120210047
HROV.vOTU17187	Responder_Status	Responder	-1.51372821760892	1.23705947226889	0.231282052054748	0.780783498116939	sample_2022120210047
HROV.vOTU03023	Responder_Status	Responder	1.20089932932853	0.981716156721443	0.231425128016715	0.780783498116939	sample_2022120210047
HROV.vOTU03486	Responder_Status	Responder	-0.514109648972469	0.420466348578573	0.231630520473464	0.780853024935031	sample_2022120210047
HROV.vOTU39186	Responder_Status	Responder	-1.36267278947897	1.11492440694761	0.231817310432196	0.7810152445159	sample_2022120210047
HROV.vOTU20117	Responder_Status	Responder	-1.15219746862892	0.942824436066736	0.231869760705758	0.7810152445159	sample_2022120210047
HROV.vOTU36685	Responder_Status	Responder	1.1534800571638	0.944346370432036	0.232097416602093	0.781317556691732	sample_2022120210047
HROV.vOTU10378	Responder_Status	Responder	1.298281069621	1.0633386130391	0.232287738092647	0.781639487015928	sample_2022120210047
HROV.vOTU45672	Responder_Status	Responder	1.6935961745658	1.39067343493378	0.233454180358951	0.782241429974713	sample_2022120210047
HROV.vOTU51937	Responder_Status	Responder	0.747504617836116	0.614134380110242	0.233699963645955	0.782241429974713	sample_2022120210047
HROV.vOTU44933	Responder_Status	Responder	0.983225145601912	0.807478363528793	0.233519884184146	0.782241429974713	sample_2022120210047
HROV.vOTU68778	Responder_Status	Responder	1.6123778795278	1.32351339318427	0.233292846506206	0.782241429974713	sample_2022120210047
HROV.vOTU08578	Responder_Status	Responder	1.80687280026049	1.48276094030368	0.23316912251593	0.782241429974713	sample_2022120210047
HROV.vOTU71904	Responder_Status	Responder	-1.53374040042456	1.25761621221454	0.23280493188843	0.782241429974713	sample_2022120210047
HROV.vOTU07407	Responder_Status	Responder	1.05871635632707	0.869661206091536	0.233617003838532	0.782241429974713	sample_2022120210047
HROV.vOTU46177	Responder_Status	Responder	-0.682134395721053	0.559888634315753	0.233261580088933	0.782241429974713	sample_2022120210047
HROV.vOTU44352	Responder_Status	Responder	-1.11254827259022	0.914764026283433	0.234057549906032	0.782570085037977	sample_2022120210047
HROV.vOTU72239	Responder_Status	Responder	1.18178471659353	0.971647218704737	0.234036584603193	0.782570085037977	sample_2022120210047
HROV.vOTU56605	Responder_Status	Responder	-0.949149385007771	0.780734565844694	0.234245086739153	0.782665599342353	sample_2022120210047
HROV.vOTU11679	Responder_Status	Responder	0.550289118854211	0.452667628045949	0.234265746079728	0.782665599342353	sample_2022120210047
HROV.vOTU39986	Responder_Status	Responder	0.900518710888227	0.740928828802074	0.234365754958514	0.782721527778114	sample_2022120210047
HROV.vOTU41621	Responder_Status	Responder	1.38404694766182	1.13947519958046	0.2346496474016	0.783120899399786	sample_2022120210047
HROV.vOTU03270	Responder_Status	Responder	1.09198722097179	0.901097771965938	0.235700932610054	0.783817386001236	sample_2022120210047
HROV.vOTU55876	Responder_Status	Responder	-0.58766359726048	0.484540033007513	0.235329308712389	0.783817386001236	sample_2022120210047
HROV.vOTU71398	Responder_Status	Responder	-0.990495911712502	0.817174033662541	0.235603684410324	0.783817386001236	sample_2022120210047
HROV.vOTU46324	Responder_Status	Responder	-0.816859506417067	0.673920617519706	0.235603163621082	0.783817386001236	sample_2022120210047
HROV.vOTU18362	Responder_Status	Responder	-1.56068905350753	1.28794034736825	0.235727225312848	0.783817386001236	sample_2022120210047
HROV.vOTU33355	Responder_Status	Responder	1.30011308722611	1.07283499675582	0.235698243157735	0.783817386001236	sample_2022120210047
HROV.vOTU02851	Responder_Status	Responder	1.25449442569419	1.03508548415808	0.235651641751222	0.783817386001236	sample_2022120210047
HROV.vOTU22441	Responder_Status	Responder	0.954975234265436	0.788099882980656	0.235737519597847	0.783817386001236	sample_2022120210047
HROV.vOTU49753	Responder_Status	Responder	-0.736992440793258	0.608912572980349	0.236266323726619	0.784167890820632	sample_2022120210047
HROV.vOTU50719	Responder_Status	Responder	0.466800434413364	0.385670021365447	0.236258666888551	0.784167890820632	sample_2022120210047
HROV.vOTU06106	Responder_Status	Responder	1.0255352841562	0.847891306041956	0.23657954171681	0.784407215417825	sample_2022120210047
HROV.vOTU27152	Responder_Status	Responder	-0.969542233383147	0.801831989461472	0.23671328097347	0.784431406412865	sample_2022120210047
HROV.vOTU66680	Responder_Status	Responder	-0.669539438541471	0.553916434025748	0.236872689086188	0.784431406412865	sample_2022120210047
HROV.vOTU59175	Responder_Status	Responder	1.3342994924948	1.10421395540943	0.237011469450859	0.78472091578801	sample_2022120210047
HROV.vOTU74567	Responder_Status	Responder	-0.976188974078613	0.808194478277519	0.237203177443064	0.7847703732734	sample_2022120210047
HROV.vOTU55024	Responder_Status	Responder	1.56012428491514	1.29166800801469	0.237213418317601	0.7847703732734	sample_2022120210047
HROV.vOTU25387	Responder_Status	Responder	-0.666513599591096	0.552503906426953	0.237776558565258	0.784805746040542	sample_2022120210047
HROV.vOTU61919	Responder_Status	Responder	-1.00025888584129	0.829963277361098	0.23821929260445	0.785644862221354	sample_2022120210047
HROV.vOTU50244	Responder_Status	Responder	0.868809379154376	0.721762007994588	0.23877076213666	0.786700591173022	sample_2022120210047
HROV.vOTU04846	Responder_Status	Responder	-0.856334369043839	0.7116749843141	0.238948800249241	0.786757979751469	sample_2022120210047
HROV.vOTU02995	Responder_Status	Responder	1.01745304841434	0.845691724522036	0.239011431698674	0.786757979751469	sample_2022120210047
HROV.vOTU30612	Responder_Status	Responder	-1.22321794178031	1.01721857584591	0.239235854668148	0.78691463925928	sample_2022120210047
HROV.vOTU43584	Responder_Status	Responder	1.11087800564891	0.925486347226834	0.240073047743404	0.787936379558957	sample_2022120210047
HROV.vOTU28637	Responder_Status	Responder	0.689275531931909	0.574520602224088	0.24029384635882	0.787936379558957	sample_2022120210047
HROV.vOTU03667	Responder_Status	Responder	-1.01322416594805	0.844827191443564	0.240451844939151	0.788019570456345	sample_2022120210047
HROV.vOTU04887	Responder_Status	Responder	-0.974563590038106	0.813174351269607	0.240780532966327	0.788492189005709	sample_2022120210047
HROV.vOTU10057	Responder_Status	Responder	1.4978296751293	1.25097497920741	0.241216654641667	0.789160923505863	sample_2022120210047
HROV.vOTU50713	Responder_Status	Responder	1.18013659282689	0.986394584672441	0.241567839688242	0.789566986280649	sample_2022120210047
HROV.vOTU04657	Responder_Status	Responder	0.820808923273747	0.685997872541363	0.241527977851683	0.789566986280649	sample_2022120210047
HROV.vOTU64997	Responder_Status	Responder	0.910528507795086	0.76084905090031	0.241447900368476	0.789566986280649	sample_2022120210047
HROV.vOTU55788	Responder_Status	Responder	0.568921686272084	0.475889923479026	0.241922739843661	0.790106550437533	sample_2022120210047
HROV.vOTU03566	Responder_Status	Responder	1.10955849881352	0.928268705412788	0.241996230493025	0.790222726962494	sample_2022120210047
HROV.vOTU02128	Responder_Status	Responder	-0.845841902776156	0.707929002111037	0.242183460547446	0.790710217422649	sample_2022120210047
HROV.vOTU15896	Responder_Status	Responder	1.24229009120793	1.04039659672132	0.242474826702901	0.791109559500697	sample_2022120210047
HROV.vOTU13689	Responder_Status	Responder	-0.954084317665781	0.798915083334305	0.242409183436465	0.791109559500697	sample_2022120210047
HROV.vOTU31699	Responder_Status	Responder	-0.984619065101794	0.825120698935544	0.24276409410881	0.791319890636478	sample_2022120210047
HROV.vOTU69166	Responder_Status	Responder	1.06224935108639	0.89033659609701	0.242847191709787	0.791319890636478	sample_2022120210047
HROV.vOTU02236	Responder_Status	Responder	1.3725639856037	1.1510288168896	0.243086271894683	0.79147992337042	sample_2022120210047
HROV.vOTU37931	Responder_Status	Responder	0.873314998202169	0.733029004351085	0.243506276522776	0.792298329857088	sample_2022120210047
HROV.vOTU17802	Responder_Status	Responder	-0.397502750179967	0.33400828208531	0.244000827485479	0.792793458808446	sample_2022120210047
HROV.vOTU72267	Responder_Status	Responder	-1.69114041589741	1.42570559291614	0.245520232666979	0.792907635372215	sample_2022120210047
HROV.vOTU55704	Responder_Status	Responder	0.30798906460087	0.25949741033174	0.245252431215566	0.792907635372215	sample_2022120210047
HROV.vOTU40737	Responder_Status	Responder	0.852928444266999	0.718418388280843	0.245111486895083	0.792907635372215	sample_2022120210047
HROV.vOTU10071	Responder_Status	Responder	-1.09291928725238	0.919498418344643	0.244579268795563	0.792907635372215	sample_2022120210047
HROV.vOTU51026	Responder_Status	Responder	1.67363621364168	1.40924053018353	0.244962190879971	0.792907635372215	sample_2022120210047
HROV.vOTU75577	Responder_Status	Responder	-1.01817474608756	0.857079739919078	0.244829484642425	0.792907635372215	sample_2022120210047
HROV.vOTU05414	Responder_Status	Responder	-0.475862410506243	0.40060516390528	0.244867904868267	0.792907635372215	sample_2022120210047
HROV.vOTU02437	Responder_Status	Responder	-0.546818614319373	0.460661706244351	0.24518994893523	0.792907635372215	sample_2022120210047
HROV.vOTU06769	Responder_Status	Responder	-0.909006460321001	0.767109733534024	0.245987486829833	0.793156313873024	sample_2022120210047
HROV.vOTU16315	Responder_Status	Responder	1.8591464173583	1.56850048092306	0.245860705374513	0.793156313873024	sample_2022120210047
HROV.vOTU47642	Responder_Status	Responder	-0.435759585415451	0.367851399074191	0.246130710898839	0.793156313873024	sample_2022120210047
HROV.vOTU51632	Responder_Status	Responder	-0.48274216717437	0.407964964460489	0.246642622079728	0.793354765377514	sample_2022120210047
HROV.vOTU69621	Responder_Status	Responder	-0.709948013575121	0.600681514534617	0.247184408485245	0.793749784458127	sample_2022120210047
HROV.vOTU36599	Responder_Status	Responder	-1.34512976970026	1.13914409991164	0.247605994174738	0.793862910554082	sample_2022120210047
HROV.vOTU14912	Responder_Status	Responder	-0.413654844513946	0.3501598895353	0.247408127361807	0.793862910554082	sample_2022120210047
HROV.vOTU47918	Responder_Status	Responder	-0.465399130836905	0.394302959124777	0.247807919888002	0.794333773047718	sample_2022120210047
HROV.vOTU54818	Responder_Status	Responder	-1.49782241357723	1.26961177974841	0.248027060517779	0.794846062000694	sample_2022120210047
HROV.vOTU57557	Responder_Status	Responder	-1.46190484885677	1.24070801269185	0.248601127068801	0.795096299587756	sample_2022120210047
HROV.vOTU41648	Responder_Status	Responder	-0.940518555706841	0.797898772700462	0.248420272830567	0.795096299587756	sample_2022120210047
HROV.vOTU43612	Responder_Status	Responder	0.877735375826747	0.744926676366369	0.248600535962902	0.795096299587756	sample_2022120210047
HROV.vOTU50049	Responder_Status	Responder	-1.21312789958436	1.03058465383531	0.249054942272046	0.795411534779827	sample_2022120210047
HROV.vOTU30278	Responder_Status	Responder	-0.951144718092978	0.808147396120454	0.249126121889057	0.795411534779827	sample_2022120210047
HROV.vOTU34202	Responder_Status	Responder	0.512946337223612	0.435789464125204	0.249084428763487	0.795411534779827	sample_2022120210047
HROV.vOTU43885	Responder_Status	Responder	1.33166407147165	1.13206500589391	0.249373756387058	0.795558760333822	sample_2022120210047
HROV.vOTU10023	Responder_Status	Responder	-0.611123301229022	0.519830640377544	0.249646606226671	0.795717506825765	sample_2022120210047
HROV.vOTU47351	Responder_Status	Responder	0.763530718267355	0.649598057477424	0.249737273702124	0.795717506825765	sample_2022120210047
HROV.vOTU33570	Responder_Status	Responder	-0.628141748967331	0.53437092653514	0.249702099725662	0.795717506825765	sample_2022120210047
HROV.vOTU29531	Responder_Status	Responder	-0.843829284937402	0.718554260098749	0.250149082880786	0.796043298597207	sample_2022120210047
HROV.vOTU09133	Responder_Status	Responder	1.10970906985859	0.94587594401414	0.25059649555709	0.796339243692178	sample_2022120210047
HROV.vOTU66684	Responder_Status	Responder	-1.43238851773241	1.2212180321845	0.250710839533262	0.796344138983871	sample_2022120210047
HROV.vOTU02961	Responder_Status	Responder	-0.972059724916634	0.829198467245232	0.250959269345102	0.79641022144723	sample_2022120210047
HROV.vOTU20558	Responder_Status	Responder	-0.969416315086124	0.827426818326484	0.251229663163848	0.797020274065244	sample_2022120210047
HROV.vOTU37684	Responder_Status	Responder	1.36827862547869	1.16952622432275	0.251886522618211	0.797132031357591	sample_2022120210047
HROV.vOTU04146	Responder_Status	Responder	0.724594982662403	0.619853743750854	0.252268841207948	0.797132031357591	sample_2022120210047
HROV.vOTU06938	Responder_Status	Responder	0.990991859472572	0.846522756774602	0.251601980202465	0.797132031357591	sample_2022120210047
HROV.vOTU36113	Responder_Status	Responder	0.934080821699188	0.79956974988889	0.252565393620642	0.797132031357591	sample_2022120210047
HROV.vOTU74004	Responder_Status	Responder	-0.670361910563989	0.572791231079797	0.251728297956124	0.797132031357591	sample_2022120210047
HROV.vOTU45888	Responder_Status	Responder	0.951428901881993	0.814397284406929	0.252552673399298	0.797132031357591	sample_2022120210047
HROV.vOTU55519	Responder_Status	Responder	-0.853355797965824	0.728580170296438	0.251366022930213	0.797132031357591	sample_2022120210047
HROV.vOTU14589	Responder_Status	Responder	0.567539918506015	0.485051362494153	0.251839491395007	0.797132031357591	sample_2022120210047
HROV.vOTU12769	Responder_Status	Responder	0.57946876882611	0.495284717993499	0.25187529651414	0.797132031357591	sample_2022120210047
HROV.vOTU22654	Responder_Status	Responder	-0.993326835890156	0.851165857522326	0.253045709986046	0.797750856114439	sample_2022120210047
HROV.vOTU04413	Responder_Status	Responder	-0.727070887211427	0.62308481795972	0.253097353700825	0.797750856114439	sample_2022120210047
HROV.vOTU31834	Responder_Status	Responder	-0.903900148501174	0.775378970564852	0.253549054580279	0.797858954108898	sample_2022120210047
HROV.vOTU07014	Responder_Status	Responder	1.56993400076998	1.34689290808638	0.253611098311554	0.797894820171011	sample_2022120210047
HROV.vOTU34003	Responder_Status	Responder	-0.777355183393454	0.667032011963295	0.253691720447052	0.797907554198092	sample_2022120210047
HROV.vOTU33936	Responder_Status	Responder	-0.916878666474338	0.786904812920764	0.253780514559495	0.797954101170628	sample_2022120210047
HROV.vOTU13532	Responder_Status	Responder	0.758721643024546	0.65306926006761	0.255133535737687	0.799188473299564	sample_2022120210047
HROV.vOTU03559	Responder_Status	Responder	-0.996849205884509	0.85835110324473	0.255303214907149	0.799233576551996	sample_2022120210047
HROV.vOTU60459	Responder_Status	Responder	1.36479212065482	1.17526806939139	0.255340554351401	0.799233576551996	sample_2022120210047
HROV.vOTU25063	Responder_Status	Responder	0.507069504142873	0.436946111505582	0.255650566742887	0.799843538646113	sample_2022120210047
HROV.vOTU39627	Responder_Status	Responder	-1.68628312717888	1.45389908456778	0.255910836515191	0.799908537599691	sample_2022120210047
HROV.vOTU39425	Responder_Status	Responder	-1.13957747903908	0.98248967886045	0.255889842973093	0.799908537599691	sample_2022120210047
HROV.vOTU69059	Responder_Status	Responder	-0.944474574417926	0.815397581993091	0.256526331110009	0.80078684282264	sample_2022120210047
HROV.vOTU57831	Responder_Status	Responder	-1.05200526036505	0.907943491996755	0.256378429187485	0.80078684282264	sample_2022120210047
HROV.vOTU48140	Responder_Status	Responder	0.734923757742834	0.634540477654235	0.256566878576141	0.80078684282264	sample_2022120210047
HROV.vOTU39835	Responder_Status	Responder	0.580763685406133	0.501332760167323	0.256470142990918	0.80078684282264	sample_2022120210047
HROV.vOTU05127	Responder_Status	Responder	-1.22463128850158	1.05770897112538	0.256720742196812	0.800907225655921	sample_2022120210047
HROV.vOTU01806	Responder_Status	Responder	-0.310022903120087	0.267806998180451	0.256792767997017	0.801012016922293	sample_2022120210047
HROV.vOTU40972	Responder_Status	Responder	-0.916862566207518	0.793903272836766	0.25790102232893	0.801104808187032	sample_2022120210047
HROV.vOTU37296	Responder_Status	Responder	1.25623406901648	1.0876881664988	0.257869413728497	0.801104808187032	sample_2022120210047
HROV.vOTU48934	Responder_Status	Responder	0.813431806818664	0.70361228188687	0.25741799895045	0.801104808187032	sample_2022120210047
HROV.vOTU01819	Responder_Status	Responder	1.2768868622701	1.10571784877747	0.257931599838292	0.801104808187032	sample_2022120210047
HROV.vOTU09951	Responder_Status	Responder	1.047606153724	0.908631217146908	0.258679034283849	0.801104808187032	sample_2022120210047
HROV.vOTU30514	Responder_Status	Responder	-0.840277013892549	0.726024400096409	0.256900418958167	0.801104808187032	sample_2022120210047
HROV.vOTU38735	Responder_Status	Responder	1.01951197452316	0.883950029326636	0.258513781111086	0.801104808187032	sample_2022120210047
HROV.vOTU16167	Responder_Status	Responder	0.366768052739103	0.317656660400841	0.258011460324349	0.801104808187032	sample_2022120210047
HROV.vOTU40962	Responder_Status	Responder	1.38434248720218	1.19670489656586	0.257130308700853	0.801104808187032	sample_2022120210047
HROV.vOTU29003	Responder_Status	Responder	0.329994836715425	0.285681896977727	0.257807021518022	0.801104808187032	sample_2022120210047
HROV.vOTU49322	Responder_Status	Responder	0.893899073753573	0.773069981262578	0.257330276402117	0.801104808187032	sample_2022120210047
HROV.vOTU65125	Responder_Status	Responder	0.481353104713073	0.415934831915698	0.256935502345983	0.801104808187032	sample_2022120210047
HROV.vOTU67265	Responder_Status	Responder	0.845459563243585	0.73451414267837	0.259448285523358	0.802330059401511	sample_2022120210047
HROV.vOTU61220	Responder_Status	Responder	0.594268297576655	0.516395397678157	0.259547434781753	0.802483975861708	sample_2022120210047
HROV.vOTU60443	Responder_Status	Responder	-1.37371509753161	1.19418264322206	0.259734305931818	0.802620549445489	sample_2022120210047
HROV.vOTU31606	Responder_Status	Responder	0.723801015396598	0.629220458306262	0.259744560667055	0.802620549445489	sample_2022120210047
HROV.vOTU23237	Responder_Status	Responder	-0.300254322138207	0.261071920105015	0.259838120709271	0.802620549445489	sample_2022120210047
HROV.vOTU19280	Responder_Status	Responder	-1.5289012583157	1.33393526817411	0.261430798859355	0.80305065796027	sample_2022120210047
HROV.vOTU31698	Responder_Status	Responder	0.912602383487881	0.79597001434777	0.261280294846217	0.80305065796027	sample_2022120210047
HROV.vOTU09021	Responder_Status	Responder	1.08176098798087	0.942072232259178	0.260569644225147	0.80305065796027	sample_2022120210047
HROV.vOTU41729	Responder_Status	Responder	-1.65389463138925	1.44087825424289	0.260748356139502	0.80305065796027	sample_2022120210047
HROV.vOTU37401	Responder_Status	Responder	0.797749147527824	0.695316993279501	0.260959802002833	0.80305065796027	sample_2022120210047
HROV.vOTU49836	Responder_Status	Responder	-0.827055600641979	0.720835404352251	0.260943605484703	0.80305065796027	sample_2022120210047
HROV.vOTU21744	Responder_Status	Responder	-0.707699330830922	0.616370469705733	0.260612721906313	0.80305065796027	sample_2022120210047
HROV.vOTU71437	Responder_Status	Responder	-1.26826897340999	1.10775003867444	0.261940881981553	0.803070187577354	sample_2022120210047
HROV.vOTU30007	Responder_Status	Responder	0.79012246319493	0.689531554609837	0.261542895301889	0.803070187577354	sample_2022120210047
HROV.vOTU24172	Responder_Status	Responder	-0.657815857521432	0.574239376562009	0.261681277609837	0.803070187577354	sample_2022120210047
HROV.vOTU02423	Responder_Status	Responder	1.22381346634738	1.07036682787672	0.262571356687895	0.803251255899887	sample_2022120210047
HROV.vOTU31580	Responder_Status	Responder	0.736604534285918	0.644592285485055	0.262822004014518	0.803251255899887	sample_2022120210047
HROV.vOTU01546	Responder_Status	Responder	1.1513473755736	1.00628622844038	0.262246683728472	0.803251255899887	sample_2022120210047
HROV.vOTU17656	Responder_Status	Responder	-0.636598545100204	0.557087600168537	0.262829669576839	0.803251255899887	sample_2022120210047
HROV.vOTU07335	Responder_Status	Responder	0.421897603901668	0.369086687566139	0.262682985720766	0.803251255899887	sample_2022120210047
HROV.vOTU10545	Responder_Status	Responder	0.933156168311577	0.815803382470582	0.262371295405711	0.803251255899887	sample_2022120210047
HROV.vOTU53100	Responder_Status	Responder	-0.860482320379784	0.753983054341215	0.263433383789069	0.803348195235961	sample_2022120210047
HROV.vOTU21466	Responder_Status	Responder	-0.490270551501494	0.429380305886378	0.263204114787433	0.803348195235961	sample_2022120210047
HROV.vOTU43804	Responder_Status	Responder	1.22100286871446	1.06924237284744	0.263153780912713	0.803348195235961	sample_2022120210047
HROV.vOTU43068	Responder_Status	Responder	-1.3979524314972	1.22360421582824	0.262927146132886	0.803348195235961	sample_2022120210047
HROV.vOTU08175	Responder_Status	Responder	-0.825065556849747	0.722457743580789	0.263115648571856	0.803348195235961	sample_2022120210047
HROV.vOTU03324	Responder_Status	Responder	-0.371376264952243	0.325614435643934	0.263723479926463	0.803354508873359	sample_2022120210047
HROV.vOTU63649	Responder_Status	Responder	-0.868808365257335	0.761925332176829	0.263829817946564	0.803479965805406	sample_2022120210047
HROV.vOTU13318	Responder_Status	Responder	-0.496757625598351	0.436048611736252	0.264262008968447	0.804208567012621	sample_2022120210047
HROV.vOTU39150	Responder_Status	Responder	-0.831937329230153	0.730930992497087	0.264687271903268	0.80479869719279	sample_2022120210047
HROV.vOTU07693	Responder_Status	Responder	-0.571573332087691	0.502302864995665	0.264803374909475	0.80479869719279	sample_2022120210047
HROV.vOTU53941	Responder_Status	Responder	0.964781883523572	0.84761409543915	0.264669270857733	0.80479869719279	sample_2022120210047
HROV.vOTU21886	Responder_Status	Responder	1.22534867196808	1.07773657114909	0.265189866916324	0.805385722316554	sample_2022120210047
HROV.vOTU12421	Responder_Status	Responder	-1.00375934189504	0.883148935851695	0.265352794880134	0.805441614163181	sample_2022120210047
HROV.vOTU26649	Responder_Status	Responder	1.55674392864568	1.36971713596687	0.265362865779482	0.805441614163181	sample_2022120210047
HROV.vOTU16373	Responder_Status	Responder	-1.13823634972691	1.00240705855147	0.26579116250598	0.806240484953724	sample_2022120210047
HROV.vOTU11151	Responder_Status	Responder	0.885767680233514	0.780183890691264	0.265861648898782	0.8062509841459	sample_2022120210047
HROV.vOTU13650	Responder_Status	Responder	0.810749310974812	0.714664755991867	0.266226194191337	0.806919841516239	sample_2022120210047
HROV.vOTU60104	Responder_Status	Responder	1.0141475230269	0.89438657002532	0.266450537992431	0.807331958674363	sample_2022120210047
HROV.vOTU66406	Responder_Status	Responder	1.15181606350531	1.01597232640825	0.266530882126843	0.807340637140031	sample_2022120210047
HROV.vOTU55792	Responder_Status	Responder	-1.09013300644163	0.963503684650135	0.267473531818312	0.807562382854081	sample_2022120210047
HROV.vOTU48984	Responder_Status	Responder	0.486982633836223	0.429709075742204	0.266705667673631	0.807562382854081	sample_2022120210047
HROV.vOTU25966	Responder_Status	Responder	0.702607246256787	0.621021687235527	0.267495351671867	0.807562382854081	sample_2022120210047
HROV.vOTU02568	Responder_Status	Responder	0.935475293210216	0.826698089036509	0.26740966422272	0.807562382854081	sample_2022120210047
HROV.vOTU01539	Responder_Status	Responder	-0.517766980773235	0.457028947851476	0.266865393337093	0.807562382854081	sample_2022120210047
HROV.vOTU27814	Responder_Status	Responder	1.31001099539066	1.1578378622686	0.267472363597668	0.807562382854081	sample_2022120210047
HROV.vOTU36327	Responder_Status	Responder	-1.02563001500724	0.906645526533446	0.267552089475639	0.807616677965285	sample_2022120210047
HROV.vOTU39228	Responder_Status	Responder	1.16164666704386	1.02755896002407	0.267860166354639	0.807727661240149	sample_2022120210047
HROV.vOTU49413	Responder_Status	Responder	1.061007617539	0.939138624294929	0.268160322962286	0.807730033406171	sample_2022120210047
HROV.vOTU60823	Responder_Status	Responder	-1.17247216862108	1.0372972152559	0.267933416578986	0.807730033406171	sample_2022120210047
HROV.vOTU61514	Responder_Status	Responder	-0.483003773777451	0.427899330511177	0.268569827115921	0.80799699683785	sample_2022120210047
HROV.vOTU03709	Responder_Status	Responder	-0.632559261745311	0.560837334689485	0.268941394617223	0.808722417379472	sample_2022120210047
HROV.vOTU74065	Responder_Status	Responder	0.876807432991787	0.777719017596113	0.269138520993833	0.808773868422709	sample_2022120210047
HROV.vOTU53334	Responder_Status	Responder	1.0950912813436	0.9715878273501	0.269260656015832	0.808824483425326	sample_2022120210047
HROV.vOTU24435	Responder_Status	Responder	-0.769531371279545	0.682816901097509	0.269310472372856	0.808824483425326	sample_2022120210047
HROV.vOTU66623	Responder_Status	Responder	0.645636870316901	0.573217951949136	0.26958393228263	0.808829419632884	sample_2022120210047
HROV.vOTU19228	Responder_Status	Responder	0.758759500924515	0.673901290439248	0.269757273730433	0.809083293387259	sample_2022120210047
HROV.vOTU24409	Responder_Status	Responder	-1.29644390821387	1.15197606127606	0.26997043389144	0.809083293387259	sample_2022120210047
HROV.vOTU55642	Responder_Status	Responder	-1.22049684822232	1.08478181905319	0.270095608065987	0.809083293387259	sample_2022120210047
HROV.vOTU67860	Responder_Status	Responder	-0.634894503757655	0.564293489606129	0.270093165998073	0.809083293387259	sample_2022120210047
HROV.vOTU01617	Responder_Status	Responder	-1.17049546870635	1.04030532245147	0.270079798653356	0.809083293387259	sample_2022120210047
HROV.vOTU23600	Responder_Status	Responder	-0.981305904367479	0.872885405443051	0.27047015276522	0.809601396261467	sample_2022120210047
HROV.vOTU56428	Responder_Status	Responder	-0.8776221598114	0.783596312075673	0.272232255352015	0.809980777275626	sample_2022120210047
HROV.vOTU19533	Responder_Status	Responder	1.6931506909672	1.50979548244154	0.271624944506418	0.809980777275626	sample_2022120210047
HROV.vOTU28448	Responder_Status	Responder	1.40242448279804	1.25320509492624	0.272618870171311	0.809980777275626	sample_2022120210047
HROV.vOTU17427	Responder_Status	Responder	-1.21986495968938	1.09035024607962	0.272739454450927	0.809980777275626	sample_2022120210047
HROV.vOTU60571	Responder_Status	Responder	1.10323319327342	0.985397915293901	0.272404577507986	0.809980777275626	sample_2022120210047
HROV.vOTU18475	Responder_Status	Responder	-0.20666157375588	0.184598590688074	0.272430861813383	0.809980777275626	sample_2022120210047
HROV.vOTU23188	Responder_Status	Responder	-0.540442402230085	0.482012059706228	0.271717794643054	0.809980777275626	sample_2022120210047
HROV.vOTU04551	Responder_Status	Responder	1.34242219424572	1.19964085477532	0.272639892404819	0.809980777275626	sample_2022120210047
HROV.vOTU74797	Responder_Status	Responder	0.536112751846608	0.478235417546885	0.271801071224634	0.809980777275626	sample_2022120210047
HROV.vOTU18316	Responder_Status	Responder	1.39094912257484	1.23922146706375	0.271209420613316	0.809980777275626	sample_2022120210047
HROV.vOTU69471	Responder_Status	Responder	0.632223493992505	0.563866751752691	0.271714952483952	0.809980777275626	sample_2022120210047
HROV.vOTU69180	Responder_Status	Responder	0.321177576007134	0.286450978736375	0.271714129233447	0.809980777275626	sample_2022120210047
HROV.vOTU04455	Responder_Status	Responder	1.00567595456865	0.899884219828486	0.273252009902322	0.810393179527002	sample_2022120210047
HROV.vOTU07170	Responder_Status	Responder	0.851584919695583	0.761913504039751	0.27319704035083	0.810393179527002	sample_2022120210047
HROV.vOTU16714	Responder_Status	Responder	-0.702871772791551	0.62976401765561	0.273871588162267	0.810438664091837	sample_2022120210047
HROV.vOTU35711	Responder_Status	Responder	0.750970438068667	0.672442749557749	0.273580495895114	0.810438664091837	sample_2022120210047
HROV.vOTU03100	Responder_Status	Responder	0.68246852247303	0.610877174980056	0.273406249255127	0.810438664091837	sample_2022120210047
HROV.vOTU00172	Responder_Status	Responder	-0.922381291804852	0.827604169314615	0.274531668434674	0.811296600355094	sample_2022120210047
HROV.vOTU41168	Responder_Status	Responder	1.25986910328995	1.13226623541332	0.275300695472355	0.811756703687746	sample_2022120210047
HROV.vOTU72645	Responder_Status	Responder	-1.26246335329699	1.13475433553825	0.275365544593756	0.811756703687746	sample_2022120210047
HROV.vOTU38135	Responder_Status	Responder	-0.341016184783578	0.306657792579996	0.275577552729096	0.811756703687746	sample_2022120210047
HROV.vOTU65171	Responder_Status	Responder	1.24882881526627	1.12315964371981	0.27564200613837	0.811756703687746	sample_2022120210047
HROV.vOTU28477	Responder_Status	Responder	0.550282650822394	0.4946333569365	0.27538124316738	0.811756703687746	sample_2022120210047
HROV.vOTU36366	Responder_Status	Responder	1.39073470009252	1.2521197138752	0.276143048923029	0.811963463170101	sample_2022120210047
HROV.vOTU70059	Responder_Status	Responder	-1.5105051884781	1.36034552322461	0.276278829930011	0.812187629885611	sample_2022120210047
HROV.vOTU67350	Responder_Status	Responder	-0.842420861805827	0.75940455857866	0.276730323484684	0.812466123098119	sample_2022120210047
HROV.vOTU27485	Responder_Status	Responder	0.688400566194658	0.620357276316155	0.276575052244132	0.812466123098119	sample_2022120210047
HROV.vOTU46022	Responder_Status	Responder	1.33752872435062	1.20646667349297	0.277020625623562	0.812656227195246	sample_2022120210047
HROV.vOTU15021	Responder_Status	Responder	-1.17134323509813	1.05724885236142	0.277324732059813	0.812747492072353	sample_2022120210047
HROV.vOTU26724	Responder_Status	Responder	-1.28342467378947	1.15853918993066	0.277375951459477	0.81278329983345	sample_2022120210047
HROV.vOTU14822	Responder_Status	Responder	0.846995643952334	0.764986558211771	0.277627518997947	0.812948924535229	sample_2022120210047
HROV.vOTU23225	Responder_Status	Responder	0.613058158948301	0.553810276548078	0.277721431525062	0.812995453431982	sample_2022120210047
HROV.vOTU16004	Responder_Status	Responder	1.01593176925212	0.91828021665471	0.277993697522683	0.813325858417696	sample_2022120210047
HROV.vOTU01972	Responder_Status	Responder	1.02922414864501	0.930646454834042	0.278171440114287	0.813398738877751	sample_2022120210047
HROV.vOTU21438	Responder_Status	Responder	-0.449654454465856	0.407534771039831	0.279266993711008	0.815361526234064	sample_2022120210047
HROV.vOTU75320	Responder_Status	Responder	0.952349104319906	0.863379705281786	0.27939694426138	0.81546336129003	sample_2022120210047
HROV.vOTU42481	Responder_Status	Responder	0.853378427851047	0.774240865512507	0.279753344760926	0.815685697890097	sample_2022120210047
HROV.vOTU57134	Responder_Status	Responder	-0.63084468586551	0.572566241737219	0.279936416453905	0.815765236781612	sample_2022120210047
HROV.vOTU32042	Responder_Status	Responder	-1.3642707887883	1.23866125208906	0.280097624523563	0.816054032583679	sample_2022120210047
HROV.vOTU02638	Responder_Status	Responder	1.00798450019858	0.915742724781238	0.280387852529279	0.816328981099492	sample_2022120210047
HROV.vOTU70227	Responder_Status	Responder	0.535232724964875	0.486556088126976	0.280681346501044	0.816727068009181	sample_2022120210047
HROV.vOTU49771	Responder_Status	Responder	-1.01960053709213	0.927246082485856	0.280870825575483	0.816936218421922	sample_2022120210047
HROV.vOTU13745	Responder_Status	Responder	-1.48224004332143	1.34869331204081	0.281119992947142	0.817039297675839	sample_2022120210047
HROV.vOTU05795	Responder_Status	Responder	-0.816134948028072	0.742636792191708	0.281141497295271	0.817039297675839	sample_2022120210047
HROV.vOTU01835	Responder_Status	Responder	-0.707619740926726	0.644775186876542	0.281785817270341	0.818341197312419	sample_2022120210047
HROV.vOTU20362	Responder_Status	Responder	-0.759747353347797	0.69356363292773	0.282663510184789	0.819975995580595	sample_2022120210047
HROV.vOTU46856	Responder_Status	Responder	-0.78952137961655	0.720980861436539	0.282818436004939	0.820114883524104	sample_2022120210047
HROV.vOTU35480	Responder_Status	Responder	-0.683619521545646	0.624224193957081	0.28278185379929	0.820114883524104	sample_2022120210047
HROV.vOTU26829	Responder_Status	Responder	0.824946802928058	0.755425420951793	0.284127711964064	0.820120412897057	sample_2022120210047
HROV.vOTU22737	Responder_Status	Responder	-1.26981654295573	1.16247813898656	0.283995388983832	0.820120412897057	sample_2022120210047
HROV.vOTU60614	Responder_Status	Responder	-0.614445068363531	0.562713147832381	0.284169361877622	0.820120412897057	sample_2022120210047
HROV.vOTU55149	Responder_Status	Responder	-0.633103559521525	0.579558616615439	0.283972363067484	0.820120412897057	sample_2022120210047
HROV.vOTU53592	Responder_Status	Responder	-0.360528242636226	0.329578413448455	0.283317419671657	0.820120412897057	sample_2022120210047
HROV.vOTU70292	Responder_Status	Responder	0.759415980070787	0.694751688640503	0.283676187092925	0.820120412897057	sample_2022120210047
HROV.vOTU19159	Responder_Status	Responder	0.789535968029059	0.723399623822423	0.284389154942721	0.82042124566565	sample_2022120210047
HROV.vOTU69656	Responder_Status	Responder	-1.17219516187665	1.07421969061705	0.284483466026001	0.820478445472343	sample_2022120210047
HROV.vOTU50143	Responder_Status	Responder	-0.652010434291407	0.597522130382974	0.284490270968481	0.820478445472343	sample_2022120210047
HROV.vOTU10151	Responder_Status	Responder	1.17059615924825	1.07348492643692	0.28480465567747	0.820703681459966	sample_2022120210047
HROV.vOTU14202	Responder_Status	Responder	1.12070370390287	1.02791495920768	0.284888876356474	0.820704940200285	sample_2022120210047
HROV.vOTU28920	Responder_Status	Responder	0.743309163644605	0.682613572298638	0.285474573489053	0.820704940200285	sample_2022120210047
HROV.vOTU29721	Responder_Status	Responder	1.00442234994807	0.921711608599972	0.285119542227538	0.820704940200285	sample_2022120210047
HROV.vOTU02898	Responder_Status	Responder	0.614861486676189	0.56438876272751	0.28525250968276	0.820704940200285	sample_2022120210047
HROV.vOTU34273	Responder_Status	Responder	0.375655524754263	0.345167399395286	0.285729468202668	0.821097920207335	sample_2022120210047
HROV.vOTU21688	Responder_Status	Responder	0.59351552192531	0.546159464079885	0.28643311705481	0.822439536982949	sample_2022120210047
HROV.vOTU56283	Responder_Status	Responder	0.383721684838582	0.353760187087293	0.287308572858474	0.822578672958343	sample_2022120210047
HROV.vOTU35076	Responder_Status	Responder	-0.783459698572253	0.722409774885552	0.287389410643459	0.822578672958343	sample_2022120210047
HROV.vOTU41921	Responder_Status	Responder	-1.04596574130421	0.963064883004852	0.286705656204975	0.822578672958343	sample_2022120210047
HROV.vOTU55067	Responder_Status	Responder	-0.938567520592513	0.864381833160027	0.286816571978174	0.822578672958343	sample_2022120210047
HROV.vOTU47915	Responder_Status	Responder	0.671436247219301	0.620281446957057	0.288278030447639	0.82376445283543	sample_2022120210047
HROV.vOTU01853	Responder_Status	Responder	0.958835808795906	0.886235822306375	0.28851848619631	0.824091469813117	sample_2022120210047
HROV.vOTU02440	Responder_Status	Responder	1.48107587644938	1.37225190077647	0.289662558211404	0.824802105623921	sample_2022120210047
HROV.vOTU14671	Responder_Status	Responder	0.869746473153125	0.805532717174344	0.289481883368927	0.824802105623921	sample_2022120210047
HROV.vOTU23857	Responder_Status	Responder	0.720275439019395	0.66741012936955	0.289703537541412	0.824802105623921	sample_2022120210047
HROV.vOTU20977	Responder_Status	Responder	1.62803320301207	1.50943886199265	0.289984417465042	0.825153593124671	sample_2022120210047
HROV.vOTU72768	Responder_Status	Responder	1.40154896036246	1.29965385343559	0.290057510187405	0.825228465843758	sample_2022120210047
HROV.vOTU14997	Responder_Status	Responder	0.859411626332909	0.79711368818213	0.290165936995377	0.825311604610844	sample_2022120210047
HROV.vOTU09854	Responder_Status	Responder	-1.00684071233906	0.934457581101795	0.290470481375912	0.825727026582187	sample_2022120210047
HROV.vOTU63664	Responder_Status	Responder	1.0707704726927	0.995181784502851	0.291131536921014	0.826410983484949	sample_2022120210047
HROV.vOTU25593	Responder_Status	Responder	-0.869339038082597	0.80834347773159	0.291350092866331	0.826423837666304	sample_2022120210047
HROV.vOTU33661	Responder_Status	Responder	-0.575724971512639	0.535738808152717	0.291710839495679	0.826776637621706	sample_2022120210047
HROV.vOTU04006	Responder_Status	Responder	0.695256227655793	0.647187582186818	0.291871195920484	0.826776637621706	sample_2022120210047
HROV.vOTU04675	Responder_Status	Responder	1.52414933308753	1.41925543569661	0.292032115809494	0.82698224402862	sample_2022120210047
HROV.vOTU01747	Responder_Status	Responder	1.25237189007969	1.16674709193868	0.292261239312418	0.82698224402862	sample_2022120210047
HROV.vOTU36307	Responder_Status	Responder	-1.38819822988917	1.29558196624766	0.29310000961834	0.827142052683443	sample_2022120210047
HROV.vOTU74625	Responder_Status	Responder	0.376240387149278	0.350901678202599	0.292780403753045	0.827142052683443	sample_2022120210047
HROV.vOTU28591	Responder_Status	Responder	1.40875615167628	1.31729680111824	0.29400918377574	0.827177946586995	sample_2022120210047
HROV.vOTU07138	Responder_Status	Responder	-0.467363075229207	0.437286789223671	0.294297052744548	0.827177946586995	sample_2022120210047
HROV.vOTU04156	Responder_Status	Responder	-1.04644801750989	0.979316176269763	0.294398746461011	0.827177946586995	sample_2022120210047
HROV.vOTU15782	Responder_Status	Responder	-0.668681612841502	0.62506068434027	0.293851162118555	0.827177946586995	sample_2022120210047
HROV.vOTU31167	Responder_Status	Responder	-0.897965099116009	0.839834244438367	0.294103241857525	0.827177946586995	sample_2022120210047
HROV.vOTU30121	Responder_Status	Responder	-1.13930291943626	1.06813498565348	0.295250765639198	0.827399737233955	sample_2022120210047
HROV.vOTU69775	Responder_Status	Responder	-1.00279337383153	0.943622522661068	0.296995313978927	0.827399737233955	sample_2022120210047
HROV.vOTU33700	Responder_Status	Responder	-0.84696227906972	0.796713210186142	0.296832926091953	0.827399737233955	sample_2022120210047
HROV.vOTU51101	Responder_Status	Responder	-1.94050468047132	1.82051579841061	0.295570003426035	0.827399737233955	sample_2022120210047
HROV.vOTU66740	Responder_Status	Responder	-0.930252451333144	0.87576393047791	0.297212784689702	0.827399737233955	sample_2022120210047
HROV.vOTU21852	Responder_Status	Responder	-0.658117344807273	0.617617017243447	0.295718452558111	0.827399737233955	sample_2022120210047
HROV.vOTU12384	Responder_Status	Responder	-0.578027010533609	0.542616522768163	0.295859062792848	0.827399737233955	sample_2022120210047
HROV.vOTU44691	Responder_Status	Responder	1.65703316585618	1.55718338217644	0.29636465779957	0.827399737233955	sample_2022120210047
HROV.vOTU73490	Responder_Status	Responder	0.360828021098598	0.339475882179825	0.296910054382594	0.827399737233955	sample_2022120210047
HROV.vOTU56260	Responder_Status	Responder	1.41998386859326	1.33472373313145	0.296473066459723	0.827399737233955	sample_2022120210047
HROV.vOTU31817	Responder_Status	Responder	0.774197578886692	0.727109627833136	0.29608062951159	0.827399737233955	sample_2022120210047
HROV.vOTU17592	Responder_Status	Responder	0.793583650856302	0.745296464045177	0.296067830842724	0.827399737233955	sample_2022120210047
HROV.vOTU43434	Responder_Status	Responder	-0.822924047171423	0.775462501970745	0.297665260804443	0.827456277724391	sample_2022120210047
HROV.vOTU56750	Responder_Status	Responder	1.00978398920937	0.951243288761538	0.29751481042386	0.827456277724391	sample_2022120210047
HROV.vOTU67752	Responder_Status	Responder	-0.87128305927542	0.821162849344093	0.297740501924826	0.827542285958038	sample_2022120210047
HROV.vOTU67273	Responder_Status	Responder	-0.89554795879515	0.844568096969578	0.29804137561702	0.827826505112447	sample_2022120210047
HROV.vOTU33361	Responder_Status	Responder	1.15928756696293	1.09363063242368	0.298187199386657	0.82812116674013	sample_2022120210047
HROV.vOTU28941	Responder_Status	Responder	1.53408173273295	1.44734288651827	0.298234597086656	0.828142438812246	sample_2022120210047
HROV.vOTU19474	Responder_Status	Responder	-0.423064516078324	0.399202338860751	0.298303924037135	0.828224590585383	sample_2022120210047
HROV.vOTU20596	Responder_Status	Responder	0.976206578427284	0.921797544729393	0.298639254141169	0.828287086284879	sample_2022120210047
HROV.vOTU43813	Responder_Status	Responder	-0.937866670281831	0.88524130043759	0.2984502210853	0.828287086284879	sample_2022120210047
HROV.vOTU72662	Responder_Status	Responder	0.611996881810243	0.577898513076501	0.298648583810486	0.828287086284879	sample_2022120210047
HROV.vOTU30867	Responder_Status	Responder	0.681685022510313	0.64375216932018	0.298684138840253	0.828287086284879	sample_2022120210047
HROV.vOTU24201	Responder_Status	Responder	0.481446774781254	0.454627706161377	0.298654311990656	0.828287086284879	sample_2022120210047
HROV.vOTU49528	Responder_Status	Responder	0.855652178861286	0.80858084362351	0.299001924224337	0.828559834261846	sample_2022120210047
HROV.vOTU07154	Responder_Status	Responder	0.927036942254806	0.877282952878769	0.299674668424127	0.828617400075868	sample_2022120210047
HROV.vOTU37618	Responder_Status	Responder	-0.5698211842751	0.538993791992286	0.299459149949233	0.828617400075868	sample_2022120210047
HROV.vOTU09115	Responder_Status	Responder	1.18854821610854	1.12604447164667	0.300216127710115	0.828644273728966	sample_2022120210047
HROV.vOTU55711	Responder_Status	Responder	0.482315558839536	0.457301356164236	0.300579052293445	0.828644273728966	sample_2022120210047
HROV.vOTU20308	Responder_Status	Responder	1.04467785336921	0.991141668074755	0.300887039686318	0.828644273728966	sample_2022120210047
HROV.vOTU49981	Responder_Status	Responder	1.05025353141386	0.995767810553322	0.300571100013666	0.828644273728966	sample_2022120210047
HROV.vOTU70683	Responder_Status	Responder	0.683337114037437	0.64903158257878	0.301408325697638	0.828674077511712	sample_2022120210047
HROV.vOTU00850	Responder_Status	Responder	-0.678808637566933	0.644718487931699	0.301399528830669	0.828674077511712	sample_2022120210047
HROV.vOTU67200	Responder_Status	Responder	-0.455319004764799	0.432359031231871	0.301296891417331	0.828674077511712	sample_2022120210047
HROV.vOTU70023	Responder_Status	Responder	-0.327473940325652	0.311154293188099	0.301592006895305	0.829069703693202	sample_2022120210047
HROV.vOTU22871	Responder_Status	Responder	0.626993974663434	0.596171655114741	0.301929300386437	0.829231236169393	sample_2022120210047
HROV.vOTU04065	Responder_Status	Responder	-0.543484105448102	0.518097978400043	0.303149260246989	0.829338565067567	sample_2022120210047
HROV.vOTU03985	Responder_Status	Responder	1.19340206461934	1.13503775172192	0.302055492789277	0.829338565067567	sample_2022120210047
HROV.vOTU41466	Responder_Status	Responder	0.808543998060417	0.769531025754413	0.302381954690004	0.829338565067567	sample_2022120210047
HROV.vOTU16097	Responder_Status	Responder	0.943860932858981	0.899680436349245	0.30310034623115	0.829338565067567	sample_2022120210047
HROV.vOTU02501	Responder_Status	Responder	0.813987227165059	0.776793020109666	0.303654628784999	0.829448220357892	sample_2022120210047
HROV.vOTU69314	Responder_Status	Responder	0.735672353137162	0.702503574337853	0.303956535077369	0.829448220357892	sample_2022120210047
HROV.vOTU55097	Responder_Status	Responder	1.02227935688744	0.975068529855599	0.303411944945852	0.829448220357892	sample_2022120210047
HROV.vOTU46391	Responder_Status	Responder	-0.853915707461548	0.815137915542929	0.303794851052699	0.829448220357892	sample_2022120210047
HROV.vOTU02442	Responder_Status	Responder	1.00754479208623	0.962118814711929	0.303956799614699	0.829448220357892	sample_2022120210047
HROV.vOTU13792	Responder_Status	Responder	0.25175076838555	0.240285749136202	0.303730530371075	0.829448220357892	sample_2022120210047
HROV.vOTU15369	Responder_Status	Responder	0.69664965114977	0.665488582193759	0.304133595989893	0.82944958531599	sample_2022120210047
HROV.vOTU47446	Responder_Status	Responder	0.721749389779329	0.689367446892991	0.304066041695142	0.82944958531599	sample_2022120210047
HROV.vOTU55957	Responder_Status	Responder	-0.31171378858123	0.297891436923218	0.304325672729361	0.829472537232525	sample_2022120210047
HROV.vOTU64574	Responder_Status	Responder	-1.19102359500507	1.13854321159788	0.304464579958006	0.829700945375911	sample_2022120210047
HROV.vOTU04125	Responder_Status	Responder	0.838991415945602	0.803078652615077	0.305088886815511	0.83018453152104	sample_2022120210047
HROV.vOTU31729	Responder_Status	Responder	-0.812984176471198	0.778179616026197	0.305085820316544	0.83018453152104	sample_2022120210047
HROV.vOTU29703	Responder_Status	Responder	0.3474965290438	0.332845948323072	0.305408206975872	0.830406619179923	sample_2022120210047
HROV.vOTU29337	Responder_Status	Responder	-0.453734807906576	0.435445145763276	0.306324567380092	0.830442216390764	sample_2022120210047
HROV.vOTU60217	Responder_Status	Responder	-0.873647441852239	0.8405689971226	0.307533196658074	0.830442216390764	sample_2022120210047
HROV.vOTU16890	Responder_Status	Responder	-0.394899522658625	0.379435793794795	0.306893254076125	0.830442216390764	sample_2022120210047
HROV.vOTU54798	Responder_Status	Responder	0.834892021979124	0.802530061512913	0.307089239831563	0.830442216390764	sample_2022120210047
HROV.vOTU22520	Responder_Status	Responder	0.90100117035925	0.86434017867094	0.306136584804001	0.830442216390764	sample_2022120210047
HROV.vOTU67441	Responder_Status	Responder	-0.686019805464634	0.659733722365277	0.307308974927813	0.830442216390764	sample_2022120210047
HROV.vOTU23270	Responder_Status	Responder	0.572805958730106	0.551216046930792	0.30761754823208	0.830442216390764	sample_2022120210047
HROV.vOTU44375	Responder_Status	Responder	1.10909724459049	1.06427807200714	0.306274438933574	0.830442216390764	sample_2022120210047
HROV.vOTU01659	Responder_Status	Responder	-0.222169837665063	0.213450916049856	0.306850886611633	0.830442216390764	sample_2022120210047
HROV.vOTU49084	Responder_Status	Responder	0.672121034643704	0.646481470497729	0.307392665241743	0.830442216390764	sample_2022120210047
HROV.vOTU74254	Responder_Status	Responder	0.522465423919279	0.502277593181807	0.307149631112588	0.830442216390764	sample_2022120210047
HROV.vOTU30746	Responder_Status	Responder	0.676992599472782	0.651592483969884	0.30770261479302	0.830442216390764	sample_2022120210047
HROV.vOTU69519	Responder_Status	Responder	0.950028981812265	0.915582567694087	0.308324107133779	0.830755047102142	sample_2022120210047
HROV.vOTU04247	Responder_Status	Responder	1.24447658551316	1.1991433188686	0.308240694902766	0.830755047102142	sample_2022120210047
HROV.vOTU25310	Responder_Status	Responder	1.16801870249366	1.12471199540613	0.307920572495243	0.830755047102142	sample_2022120210047
HROV.vOTU74783	Responder_Status	Responder	-0.658700514149114	0.635314704176552	0.308696084495265	0.831166201664254	sample_2022120210047
HROV.vOTU16260	Responder_Status	Responder	-0.60080999702809	0.580073065819257	0.30918223291464	0.831417593474387	sample_2022120210047
HROV.vOTU20887	Responder_Status	Responder	-0.697510456058786	0.673015952280638	0.308886027557859	0.831417593474387	sample_2022120210047
HROV.vOTU69480	Responder_Status	Responder	1.12530056017466	1.08653675553076	0.309215402839259	0.831417593474387	sample_2022120210047
HROV.vOTU71761	Responder_Status	Responder	-0.37082696941951	0.358372585823852	0.309639191117396	0.831556796763729	sample_2022120210047
HROV.vOTU52028	Responder_Status	Responder	0.858898153331989	0.82983880525102	0.30951738406951	0.831556796763729	sample_2022120210047
HROV.vOTU58927	Responder_Status	Responder	0.43317224804345	0.418580587548347	0.309589974840043	0.831556796763729	sample_2022120210047
HROV.vOTU70738	Responder_Status	Responder	-0.794096195908422	0.767913553154942	0.309940715379874	0.831997878961265	sample_2022120210047
HROV.vOTU05701	Responder_Status	Responder	-0.77131302357788	0.746399471178374	0.310270348714413	0.831997878961265	sample_2022120210047
HROV.vOTU64280	Responder_Status	Responder	-1.03581864707278	1.00446883925456	0.311267824811457	0.831997878961265	sample_2022120210047
HROV.vOTU30549	Responder_Status	Responder	0.722426422055069	0.700343353182789	0.311119790599183	0.831997878961265	sample_2022120210047
HROV.vOTU60122	Responder_Status	Responder	1.20351182205514	1.16639027855711	0.31098433047421	0.831997878961265	sample_2022120210047
HROV.vOTU05377	Responder_Status	Responder	-0.480620272267488	0.464870885705237	0.310040274141414	0.831997878961265	sample_2022120210047
HROV.vOTU27008	Responder_Status	Responder	0.591660725082298	0.574203286937769	0.311639896505357	0.831997878961265	sample_2022120210047
HROV.vOTU05887	Responder_Status	Responder	1.04259406576542	1.00819115819909	0.309928051129836	0.831997878961265	sample_2022120210047
HROV.vOTU62011	Responder_Status	Responder	-1.20875305963739	1.1735228080164	0.31181600845219	0.832023853969078	sample_2022120210047
HROV.vOTU74263	Responder_Status	Responder	0.664562590566733	0.645224120733193	0.311838710432735	0.832023853969078	sample_2022120210047
HROV.vOTU63699	Responder_Status	Responder	-0.728868435856113	0.707534032794286	0.311755023318133	0.832023853969078	sample_2022120210047
HROV.vOTU66953	Responder_Status	Responder	-1.00768207263773	0.979096117465606	0.312196482585931	0.832417438215302	sample_2022120210047
HROV.vOTU46426	Responder_Status	Responder	0.624983133459704	0.607858520641804	0.312669480605346	0.832712375187973	sample_2022120210047
HROV.vOTU56492	Responder_Status	Responder	0.955254896472832	0.930824904982014	0.313560503211543	0.833517423900536	sample_2022120210047
HROV.vOTU55741	Responder_Status	Responder	1.10305402556393	1.07504634140338	0.313649860144308	0.833517423900536	sample_2022120210047
HROV.vOTU51286	Responder_Status	Responder	0.925184767807804	0.902002312945488	0.313812622152359	0.833527280863518	sample_2022120210047
HROV.vOTU70158	Responder_Status	Responder	0.364001291104924	0.355417442656091	0.314531021894455	0.834142925529283	sample_2022120210047
HROV.vOTU25738	Responder_Status	Responder	0.375148016949707	0.366450756275698	0.314724847573741	0.834142925529283	sample_2022120210047
HROV.vOTU55676	Responder_Status	Responder	-0.499016373956435	0.48773316968469	0.315003336465116	0.834244444266492	sample_2022120210047
HROV.vOTU22789	Responder_Status	Responder	1.15679645148648	1.13056737982902	0.314972707962462	0.834244444266492	sample_2022120210047
HROV.vOTU20504	Responder_Status	Responder	-0.616275407632471	0.60265503887512	0.315251119059475	0.834582484908467	sample_2022120210047
HROV.vOTU02038	Responder_Status	Responder	-1.35449714278466	1.32816636236811	0.316542790137256	0.835115494921795	sample_2022120210047
HROV.vOTU42257	Responder_Status	Responder	1.03907332560719	1.02015092180766	0.317137934790755	0.835115494921795	sample_2022120210047
HROV.vOTU29421	Responder_Status	Responder	-0.984978452432751	0.966068943205134	0.316659888555759	0.835115494921795	sample_2022120210047
HROV.vOTU59611	Responder_Status	Responder	-1.19012454359414	1.16875211993425	0.317260250534963	0.835115494921795	sample_2022120210047
HROV.vOTU37096	Responder_Status	Responder	-1.01498180823322	0.996386593600227	0.317084735084764	0.835115494921795	sample_2022120210047
HROV.vOTU60828	Responder_Status	Responder	0.880322491213823	0.863931182103434	0.316939991829411	0.835115494921795	sample_2022120210047
HROV.vOTU24656	Responder_Status	Responder	-0.370406014876624	0.363641395519672	0.317112825036449	0.835115494921795	sample_2022120210047
HROV.vOTU60854	Responder_Status	Responder	0.649118224684775	0.636686822282646	0.316682505453137	0.835115494921795	sample_2022120210047
HROV.vOTU65027	Responder_Status	Responder	1.32255732579415	1.29490011553387	0.315828650751161	0.835115494921795	sample_2022120210047
HROV.vOTU74611	Responder_Status	Responder	0.402051274253058	0.393565390157236	0.315734211047077	0.835115494921795	sample_2022120210047
HROV.vOTU53340	Responder_Status	Responder	0.585862997808597	0.573860096560116	0.316034579959068	0.835115494921795	sample_2022120210047
HROV.vOTU44513	Responder_Status	Responder	-0.799026718427905	0.785181911049062	0.317565562874873	0.835181611113582	sample_2022120210047
HROV.vOTU54484	Responder_Status	Responder	-0.750807979535184	0.738529041361572	0.318035843282416	0.83529907416619	sample_2022120210047
HROV.vOTU73192	Responder_Status	Responder	0.732069696799522	0.720158940401568	0.318076586730324	0.83529907416619	sample_2022120210047
HROV.vOTU42685	Responder_Status	Responder	0.703813819594507	0.692559855403226	0.318211855083924	0.835416359278027	sample_2022120210047
HROV.vOTU34645	Responder_Status	Responder	0.801869130260171	0.790037085585385	0.318807741648165	0.836446978897388	sample_2022120210047
HROV.vOTU17808	Responder_Status	Responder	0.491336178622056	0.484113127571819	0.318834153658873	0.836446978897388	sample_2022120210047
HROV.vOTU25602	Responder_Status	Responder	-0.509798367439685	0.502599229314437	0.319113534666164	0.836665442659658	sample_2022120210047
HROV.vOTU30124	Responder_Status	Responder	-1.00430116277894	0.990910100936906	0.31949323231687	0.836756672833534	sample_2022120210047
HROV.vOTU47122	Responder_Status	Responder	-0.635068754327929	0.626770536201753	0.319621879068449	0.836904128632552	sample_2022120210047
HROV.vOTU35376	Responder_Status	Responder	-0.517475071858284	0.510978218756033	0.319868288973424	0.837034775929789	sample_2022120210047
HROV.vOTU48844	Responder_Status	Responder	0.252601051322075	0.249430292885497	0.319869480264033	0.837034775929789	sample_2022120210047
HROV.vOTU11730	Responder_Status	Responder	0.965648621779769	0.954699776351535	0.320453593777133	0.83771360942241	sample_2022120210047
HROV.vOTU37143	Responder_Status	Responder	1.37258537600569	1.35768730733605	0.320686404695513	0.837869500599166	sample_2022120210047
HROV.vOTU11265	Responder_Status	Responder	1.47156145638323	1.45567436951695	0.320714251740861	0.837869500599166	sample_2022120210047
HROV.vOTU04512	Responder_Status	Responder	-0.964222618254657	0.95397947137634	0.320797312677982	0.83787642514214	sample_2022120210047
HROV.vOTU06146	Responder_Status	Responder	0.846120021052171	0.837613743334567	0.321071080390904	0.838171278384871	sample_2022120210047
HROV.vOTU21529	Responder_Status	Responder	0.635294620736079	0.630016830154747	0.321908629295499	0.839096414573883	sample_2022120210047
HROV.vOTU29117	Responder_Status	Responder	-0.668714186629541	0.663832744019536	0.322391543660969	0.839106296737457	sample_2022120210047
HROV.vOTU37364	Responder_Status	Responder	0.8796801217232	0.873220305071096	0.322370650956431	0.839106296737457	sample_2022120210047
HROV.vOTU43676	Responder_Status	Responder	-1.03914289838106	1.03215845106615	0.322668454066919	0.839397151760652	sample_2022120210047
HROV.vOTU34131	Responder_Status	Responder	-0.732397497347498	0.727892669281053	0.32294145850875	0.839644708566273	sample_2022120210047
HROV.vOTU65540	Responder_Status	Responder	1.08206492903837	1.07976872624531	0.324864753705465	0.839644708566273	sample_2022120210047
HROV.vOTU27546	Responder_Status	Responder	0.411438466894765	0.409434435584987	0.323553361063397	0.839644708566273	sample_2022120210047
HROV.vOTU01674	Responder_Status	Responder	1.00435208830054	1.00118255367733	0.324371986994113	0.839644708566273	sample_2022120210047
HROV.vOTU07517	Responder_Status	Responder	0.859352805096865	0.853926182956238	0.322863011397278	0.839644708566273	sample_2022120210047
HROV.vOTU16803	Responder_Status	Responder	-0.884893578330994	0.881001297303038	0.32377890096292	0.839644708566273	sample_2022120210047
HROV.vOTU53637	Responder_Status	Responder	0.527123378725379	0.524118037546914	0.323156380135316	0.839644708566273	sample_2022120210047
HROV.vOTU12747	Responder_Status	Responder	-0.359709413112368	0.358074438053935	0.323708853614436	0.839644708566273	sample_2022120210047
HROV.vOTU54933	Responder_Status	Responder	1.00769406255628	1.00163747474772	0.323008639635646	0.839644708566273	sample_2022120210047
HROV.vOTU23278	Responder_Status	Responder	0.526897163662625	0.52524574119044	0.324382269304861	0.839644708566273	sample_2022120210047
HROV.vOTU13956	Responder_Status	Responder	-0.666670565411703	0.665582731076811	0.325098299915153	0.839644708566273	sample_2022120210047
HROV.vOTU54685	Responder_Status	Responder	0.825061477699821	0.82126729406442	0.323683349004605	0.839644708566273	sample_2022120210047
HROV.vOTU53190	Responder_Status	Responder	0.576157203681502	0.574283207957494	0.324325829264607	0.839644708566273	sample_2022120210047
HROV.vOTU08849	Responder_Status	Responder	-0.517005851814651	0.516389514041958	0.325307598754799	0.839728694645533	sample_2022120210047
HROV.vOTU05602	Responder_Status	Responder	-0.847741454617555	0.847796207340826	0.325905412077937	0.839989508177947	sample_2022120210047
HROV.vOTU11438	Responder_Status	Responder	1.01660617382733	1.01686053489801	0.325993646699919	0.840077605691395	sample_2022120210047
HROV.vOTU15774	Responder_Status	Responder	0.666460403548656	0.666851828228217	0.326153851992679	0.840245450088299	sample_2022120210047
HROV.vOTU01013	Responder_Status	Responder	0.580592897651719	0.581099919273224	0.326289707575054	0.84032099677016	sample_2022120210047
HROV.vOTU72585	Responder_Status	Responder	-0.858598554121395	0.859849170738845	0.326566699369594	0.840430209081912	sample_2022120210047
HROV.vOTU10529	Responder_Status	Responder	-0.917119072419696	0.918512100687863	0.326596292712158	0.840430209081912	sample_2022120210047
HROV.vOTU69031	Responder_Status	Responder	0.448399331027729	0.449197980251074	0.326720741109819	0.840430209081912	sample_2022120210047
HROV.vOTU05179	Responder_Status	Responder	-1.25250691148428	1.25589303993534	0.327158277076076	0.84056575347253	sample_2022120210047
HROV.vOTU71476	Responder_Status	Responder	-0.77813566348545	0.780054883231492	0.327045869609553	0.84056575347253	sample_2022120210047
HROV.vOTU05001	Responder_Status	Responder	0.398585812815695	0.399691252446913	0.327191429566659	0.84056575347253	sample_2022120210047
HROV.vOTU08686	Responder_Status	Responder	0.732551443107104	0.735666868378511	0.327892323170091	0.841379915038072	sample_2022120210047
HROV.vOTU07731	Responder_Status	Responder	0.632372885179395	0.634878479205428	0.327754716431164	0.841379915038072	sample_2022120210047
HROV.vOTU57404	Responder_Status	Responder	0.753985840152569	0.757647770978469	0.328178136284281	0.84175167509716	sample_2022120210047
HROV.vOTU38487	Responder_Status	Responder	1.08145357293127	1.0874873723042	0.328519877420533	0.842109993289533	sample_2022120210047
HROV.vOTU19129	Responder_Status	Responder	-0.540555970300553	0.543786857161911	0.328707828439968	0.842113239853226	sample_2022120210047
HROV.vOTU37850	Responder_Status	Responder	-1.28755052443175	1.29495321803566	0.328600288282103	0.842113239853226	sample_2022120210047
HROV.vOTU28412	Responder_Status	Responder	0.5198121827583	0.522935977686185	0.328723186478215	0.842113239853226	sample_2022120210047
HROV.vOTU26648	Responder_Status	Responder	0.93068580171477	0.936708158640202	0.328941185803968	0.842492023118038	sample_2022120210047
HROV.vOTU42746	Responder_Status	Responder	1.19625444597937	1.20553582123174	0.329549093312608	0.842621077929524	sample_2022120210047
HROV.vOTU36894	Responder_Status	Responder	0.691557649621086	0.696688986458353	0.329389275236972	0.842621077929524	sample_2022120210047
HROV.vOTU66914	Responder_Status	Responder	-0.619922324119451	0.625537113222296	0.330161269992111	0.843102667152996	sample_2022120210047
HROV.vOTU57910	Responder_Status	Responder	-1.05614121736968	1.06565518277193	0.330138177857884	0.843102667152996	sample_2022120210047
HROV.vOTU63698	Responder_Status	Responder	-0.762628451442908	0.770897457806124	0.331001714678028	0.843651383476309	sample_2022120210047
HROV.vOTU11306	Responder_Status	Responder	1.16079461597202	1.17551013646028	0.331863558629742	0.843918272298032	sample_2022120210047
HROV.vOTU09977	Responder_Status	Responder	-0.857648635358588	0.868061733638492	0.331612049980779	0.843918272298032	sample_2022120210047
HROV.vOTU64126	Responder_Status	Responder	0.529043384553216	0.535655177070116	0.331779306175614	0.843918272298032	sample_2022120210047
HROV.vOTU31711	Responder_Status	Responder	0.419003387570874	0.425315245467235	0.332982612223177	0.844249876128955	sample_2022120210047
HROV.vOTU34262	Responder_Status	Responder	-1.1289266718445	1.14549677571538	0.33280171746252	0.844249876128955	sample_2022120210047
HROV.vOTU15658	Responder_Status	Responder	0.943752989110673	0.95706521955963	0.332533627455173	0.844249876128955	sample_2022120210047
HROV.vOTU58516	Responder_Status	Responder	-0.701533711213226	0.712191806110121	0.333042820720881	0.844249876128955	sample_2022120210047
HROV.vOTU18241	Responder_Status	Responder	0.551194832882388	0.559853186746313	0.33328424812442	0.844249876128955	sample_2022120210047
HROV.vOTU51173	Responder_Status	Responder	1.51219049902534	1.53555691291495	0.333164290272054	0.844249876128955	sample_2022120210047
HROV.vOTU26832	Responder_Status	Responder	1.12934459432985	1.14615945378951	0.332900687528738	0.844249876128955	sample_2022120210047
HROV.vOTU58027	Responder_Status	Responder	0.747947471683361	0.760480516687127	0.333774531440555	0.8445744369316	sample_2022120210047
HROV.vOTU07805	Responder_Status	Responder	1.10361773586411	1.12485581282467	0.334935876442965	0.844729332816348	sample_2022120210047
HROV.vOTU28978	Responder_Status	Responder	0.719118108452616	0.732295221499533	0.334506661250021	0.844729332816348	sample_2022120210047
HROV.vOTU07005	Responder_Status	Responder	-1.05340506787346	1.07437518243546	0.335244888668672	0.844729332816348	sample_2022120210047
HROV.vOTU37640	Responder_Status	Responder	-1.26659307417181	1.29198055759702	0.335308691856012	0.844729332816348	sample_2022120210047
HROV.vOTU15731	Responder_Status	Responder	-0.772704374513827	0.786551686997409	0.33431834229144	0.844729332816348	sample_2022120210047
HROV.vOTU40120	Responder_Status	Responder	-0.487561773309569	0.497030217276609	0.335017906324186	0.844729332816348	sample_2022120210047
HROV.vOTU08866	Responder_Status	Responder	0.639695442504064	0.651218486342287	0.334361644648362	0.844729332816348	sample_2022120210047
HROV.vOTU27327	Responder_Status	Responder	0.531130709515784	0.540362901684468	0.334066869354486	0.844729332816348	sample_2022120210047
HROV.vOTU54655	Responder_Status	Responder	-0.80991116792949	0.824383138170923	0.334294065306969	0.844729332816348	sample_2022120210047
HROV.vOTU24068	Responder_Status	Responder	-0.848798368278322	0.866208641746501	0.335526572567404	0.844760884602085	sample_2022120210047
HROV.vOTU73771	Responder_Status	Responder	-0.786775645705703	0.80316458867382	0.335675030620989	0.844815339908063	sample_2022120210047
HROV.vOTU38578	Responder_Status	Responder	-0.546460828065373	0.558451560821324	0.336192420768759	0.844936805028698	sample_2022120210047
HROV.vOTU56296	Responder_Status	Responder	-0.693313744629677	0.708302230238322	0.336041774289632	0.844936805028698	sample_2022120210047
HROV.vOTU01791	Responder_Status	Responder	0.267845150632369	0.273711766700355	0.336174045337453	0.844936805028698	sample_2022120210047
HROV.vOTU29071	Responder_Status	Responder	1.18521147867133	1.2121966888339	0.33657623511779	0.845395774358773	sample_2022120210047
HROV.vOTU72034	Responder_Status	Responder	-1.27988995394399	1.30977527890729	0.336846401377149	0.845666667232837	sample_2022120210047
HROV.vOTU11474	Responder_Status	Responder	-0.794568187886146	0.813868413815856	0.337282809409545	0.845800514729011	sample_2022120210047
HROV.vOTU64354	Responder_Status	Responder	1.07424042658317	1.10044696536857	0.337331611536195	0.845800514729011	sample_2022120210047
HROV.vOTU03133	Responder_Status	Responder	0.946978946925631	0.969659794326249	0.337125304296353	0.845800514729011	sample_2022120210047
HROV.vOTU62984	Responder_Status	Responder	0.904668052423003	0.926389965959014	0.337153230757193	0.845800514729011	sample_2022120210047
HROV.vOTU05092	Responder_Status	Responder	0.6110883250338	0.626055050425903	0.33737637324918	0.845800514729011	sample_2022120210047
HROV.vOTU10339	Responder_Status	Responder	-0.685623511352996	0.703068568742627	0.337817772463058	0.845801592400455	sample_2022120210047
HROV.vOTU66226	Responder_Status	Responder	-0.973186183155295	0.997939973725731	0.337813947513568	0.845801592400455	sample_2022120210047
HROV.vOTU66452	Responder_Status	Responder	0.972044395175197	0.997548520916171	0.338185310560786	0.845970696445418	sample_2022120210047
HROV.vOTU00253	Responder_Status	Responder	-0.80041385224376	0.82158309834913	0.338282646309467	0.846112619909901	sample_2022120210047
HROV.vOTU06013	Responder_Status	Responder	-0.787746868506881	0.809290870153687	0.338699512653942	0.84613660371007	sample_2022120210047
HROV.vOTU07299	Responder_Status	Responder	-0.871066256706186	0.894566867635153	0.338528485580435	0.84613660371007	sample_2022120210047
HROV.vOTU71923	Responder_Status	Responder	0.753985398181082	0.774108031005392	0.338393946718661	0.84613660371007	sample_2022120210047
HROV.vOTU01979	Responder_Status	Responder	-0.697006799255617	0.716059438541253	0.338693062057772	0.84613660371007	sample_2022120210047
HROV.vOTU37713	Responder_Status	Responder	0.503244878562506	0.51772812818223	0.339360720218226	0.846269882654999	sample_2022120210047
HROV.vOTU06214	Responder_Status	Responder	0.726804639920202	0.748041383583451	0.339563671791699	0.846573384392751	sample_2022120210047
HROV.vOTU05156	Responder_Status	Responder	0.895859509837678	0.923150599110359	0.340137611160045	0.847149933265176	sample_2022120210047
HROV.vOTU03488	Responder_Status	Responder	-0.672633945829092	0.693368838234043	0.340304837846948	0.847175321138613	sample_2022120210047
HROV.vOTU63905	Responder_Status	Responder	0.853712648562109	0.880123914484897	0.340355770970321	0.847175321138613	sample_2022120210047
HROV.vOTU05652	Responder_Status	Responder	-0.327543171298878	0.337745603154941	0.340453167250777	0.847270600132097	sample_2022120210047
HROV.vOTU40992	Responder_Status	Responder	-0.895101984649136	0.923477686386185	0.340707710295814	0.84761537080228	sample_2022120210047
HROV.vOTU07046	Responder_Status	Responder	0.540811220998687	0.558219930229863	0.340932744994542	0.848059012376016	sample_2022120210047
HROV.vOTU70645	Responder_Status	Responder	0.481035253515758	0.497122119400363	0.341508583023355	0.848478644516776	sample_2022120210047
HROV.vOTU49966	Responder_Status	Responder	1.13593250150677	1.17429586204109	0.341660396861032	0.848754639478355	sample_2022120210047
HROV.vOTU04981	Responder_Status	Responder	-0.889284167093594	0.92001588794306	0.342021006338293	0.849022511010702	sample_2022120210047
HROV.vOTU16567	Responder_Status	Responder	0.532864131425602	0.551536565659959	0.342243047838118	0.84939205870506	sample_2022120210047
HROV.vOTU56271	Responder_Status	Responder	-0.76814008399671	0.795631193120679	0.342585901878952	0.849815653947992	sample_2022120210047
HROV.vOTU47756	Responder_Status	Responder	1.33288199969589	1.38142365763316	0.342874358285707	0.850148914535887	sample_2022120210047
HROV.vOTU72092	Responder_Status	Responder	-0.850724985245408	0.881837817969356	0.342944712604454	0.850222199699836	sample_2022120210047
HROV.vOTU75084	Responder_Status	Responder	-1.1829114162956	1.22688111459986	0.343218845952323	0.850269607836748	sample_2022120210047
HROV.vOTU48814	Responder_Status	Responder	1.04107762998147	1.0801236705339	0.34337203217347	0.850297082614946	sample_2022120210047
HROV.vOTU34240	Responder_Status	Responder	1.12974688605685	1.17386466044351	0.344078828230343	0.850493946713122	sample_2022120210047
HROV.vOTU60061	Responder_Status	Responder	-0.473248806855128	0.49167973411306	0.344030623591419	0.850493946713122	sample_2022120210047
HROV.vOTU54276	Responder_Status	Responder	0.548631120323265	0.569898254001776	0.343947656866863	0.850493946713122	sample_2022120210047
HROV.vOTU45294	Responder_Status	Responder	-0.835148490509984	0.869883766800016	0.345238225276672	0.850519724537918	sample_2022120210047
HROV.vOTU08443	Responder_Status	Responder	0.714184643648092	0.744672954206347	0.345738304631456	0.850519724537918	sample_2022120210047
HROV.vOTU06937	Responder_Status	Responder	0.497793793376836	0.519066322084413	0.34575830644363	0.850519724537918	sample_2022120210047
HROV.vOTU10006	Responder_Status	Responder	-0.648945446209838	0.67594934886341	0.345247448961682	0.850519724537918	sample_2022120210047
HROV.vOTU11572	Responder_Status	Responder	-0.276725711944917	0.287861261581464	0.344621945140926	0.850519724537918	sample_2022120210047
HROV.vOTU34553	Responder_Status	Responder	-1.05759607688676	1.10911843862709	0.348473248079997	0.851160763508799	sample_2022120210047
HROV.vOTU04717	Responder_Status	Responder	-0.946734685057423	0.992244027406	0.348180600462801	0.851160763508799	sample_2022120210047
HROV.vOTU40842	Responder_Status	Responder	-0.847632414534162	0.890273348162723	0.349191689084901	0.851160763508799	sample_2022120210047
HROV.vOTU23522	Responder_Status	Responder	0.61246145568491	0.642271901630227	0.348453657459049	0.851160763508799	sample_2022120210047
HROV.vOTU21814	Responder_Status	Responder	-0.894286747308036	0.939042085431321	0.349074212496812	0.851160763508799	sample_2022120210047
HROV.vOTU14264	Responder_Status	Responder	-0.873009672181146	0.917026286378771	0.349242929876451	0.851160763508799	sample_2022120210047
HROV.vOTU09645	Responder_Status	Responder	-0.804345976220932	0.845015973683198	0.349307694083054	0.851160763508799	sample_2022120210047
HROV.vOTU42795	Responder_Status	Responder	-0.434470037214371	0.456611255332724	0.349487640936576	0.851160763508799	sample_2022120210047
HROV.vOTU19997	Responder_Status	Responder	0.436668940656274	0.457442610860772	0.347955670466153	0.851160763508799	sample_2022120210047
HROV.vOTU74846	Responder_Status	Responder	-0.378637744414463	0.395855776301812	0.347003773252164	0.851160763508799	sample_2022120210047
HROV.vOTU54940	Responder_Status	Responder	0.633218453745517	0.664227717030577	0.348588315907982	0.851160763508799	sample_2022120210047
HROV.vOTU44910	Responder_Status	Responder	-0.583569036910498	0.611374116830924	0.347988984123302	0.851160763508799	sample_2022120210047
HROV.vOTU75544	Responder_Status	Responder	0.955396807695479	0.999928851768241	0.347519747569711	0.851160763508799	sample_2022120210047
HROV.vOTU64808	Responder_Status	Responder	1.27716994443444	1.33564986761355	0.347146752344971	0.851160763508799	sample_2022120210047
HROV.vOTU11697	Responder_Status	Responder	0.414294498467791	0.434235338035732	0.348208777057395	0.851160763508799	sample_2022120210047
HROV.vOTU32309	Responder_Status	Responder	0.355961825642154	0.373555071522997	0.348793437201607	0.851160763508799	sample_2022120210047
HROV.vOTU74209	Responder_Status	Responder	0.396409360003033	0.416824408354586	0.349730602459742	0.851334795907378	sample_2022120210047
HROV.vOTU64089	Responder_Status	Responder	0.576033315655685	0.605796673551678	0.349807094882672	0.851334795907378	sample_2022120210047
HROV.vOTU31292	Responder_Status	Responder	0.770559883806119	0.810534198726939	0.349900651163058	0.851363639257224	sample_2022120210047
HROV.vOTU63642	Responder_Status	Responder	1.18111515049701	1.24286653070771	0.350083359887933	0.851509946319388	sample_2022120210047
HROV.vOTU21813	Responder_Status	Responder	-0.605491208127092	0.637322622862004	0.35021357546058	0.851533451547158	sample_2022120210047
HROV.vOTU51810	Responder_Status	Responder	-0.39041619492393	0.41102910730785	0.350315416861995	0.851533451547158	sample_2022120210047
HROV.vOTU28132	Responder_Status	Responder	0.699528546124347	0.736588911073516	0.35039729612135	0.851577801885591	sample_2022120210047
HROV.vOTU18330	Responder_Status	Responder	-0.621157984203465	0.654185643286247	0.350483783061443	0.851626322456767	sample_2022120210047
HROV.vOTU05380	Responder_Status	Responder	-0.610733515811584	0.64346339455791	0.350672858855643	0.851750859971048	sample_2022120210047
HROV.vOTU67370	Responder_Status	Responder	1.343415691754	1.41838237697449	0.351667302473352	0.85206798748668	sample_2022120210047
HROV.vOTU41060	Responder_Status	Responder	1.20067381293251	1.26838479370037	0.351932663811562	0.85206798748668	sample_2022120210047
HROV.vOTU75022	Responder_Status	Responder	-0.729673510251946	0.770320207449619	0.351623416638283	0.85206798748668	sample_2022120210047
HROV.vOTU18349	Responder_Status	Responder	-0.407620816254403	0.430892261361656	0.352245246613425	0.85206798748668	sample_2022120210047
HROV.vOTU34795	Responder_Status	Responder	0.804272095739623	0.847922348134612	0.350979668075542	0.85206798748668	sample_2022120210047
HROV.vOTU41782	Responder_Status	Responder	0.464853872270533	0.491179945353787	0.352039845593648	0.85206798748668	sample_2022120210047
HROV.vOTU19199	Responder_Status	Responder	0.91852501749742	0.971971864287302	0.35273682288877	0.852092413310829	sample_2022120210047
HROV.vOTU53949	Responder_Status	Responder	0.417030457554134	0.441341291772842	0.352784937282368	0.852092413310829	sample_2022120210047
HROV.vOTU44891	Responder_Status	Responder	-1.0518010895033	1.113685163173	0.353027263380355	0.852106575034351	sample_2022120210047
HROV.vOTU26067	Responder_Status	Responder	-0.951779714518737	1.00769531084585	0.352987947003823	0.852106575034351	sample_2022120210047
HROV.vOTU40876	Responder_Status	Responder	0.665877701023475	0.70521289890787	0.353133080565888	0.852128270019302	sample_2022120210047
HROV.vOTU00059	Responder_Status	Responder	0.846256003424727	0.896914484510448	0.353486119193617	0.852128270019302	sample_2022120210047
HROV.vOTU22046	Responder_Status	Responder	-0.782123298932077	0.828663260068589	0.353326339022999	0.852128270019302	sample_2022120210047
HROV.vOTU13760	Responder_Status	Responder	-0.519814110956983	0.551049687889167	0.35358806552287	0.852128270019302	sample_2022120210047
HROV.vOTU61489	Responder_Status	Responder	-0.899730020102704	0.953589888353705	0.353486284014015	0.852128270019302	sample_2022120210047
HROV.vOTU71213	Responder_Status	Responder	-0.644660280404094	0.683486572676165	0.353649587686994	0.852128270019302	sample_2022120210047
HROV.vOTU56723	Responder_Status	Responder	0.440449767293233	0.466935236493391	0.353607236048513	0.852128270019302	sample_2022120210047
HROV.vOTU23476	Responder_Status	Responder	0.791990113425618	0.839596581073155	0.353597019382884	0.852128270019302	sample_2022120210047
HROV.vOTU57616	Responder_Status	Responder	0.67628069504574	0.717529511549719	0.353991896663826	0.852558780362201	sample_2022120210047
HROV.vOTU26844	Responder_Status	Responder	1.05015156419041	1.11517647222329	0.354405242828516	0.85284382094757	sample_2022120210047
HROV.vOTU52333	Responder_Status	Responder	-1.31600237586177	1.39877075511819	0.35483973409401	0.853010494637531	sample_2022120210047
HROV.vOTU15752	Responder_Status	Responder	-0.39516632564796	0.419992238106831	0.354808604390048	0.853010494637531	sample_2022120210047
HROV.vOTU44039	Responder_Status	Responder	-0.369687370449003	0.393180969678332	0.355132098680813	0.853317110599408	sample_2022120210047
HROV.vOTU11756	Responder_Status	Responder	0.505122957610185	0.537556033923304	0.355425264755291	0.853322523623876	sample_2022120210047
HROV.vOTU22499	Responder_Status	Responder	-0.821881513431934	0.876014807393611	0.356162130951023	0.853476437312463	sample_2022120210047
HROV.vOTU24826	Responder_Status	Responder	0.488905025411273	0.522660720843513	0.357572146511545	0.853476437312463	sample_2022120210047
HROV.vOTU11108	Responder_Status	Responder	0.801215620503917	0.853489050751728	0.355885452587863	0.853476437312463	sample_2022120210047
HROV.vOTU55034	Responder_Status	Responder	1.01918362748671	1.08934580432676	0.357482710953984	0.853476437312463	sample_2022120210047
HROV.vOTU01537	Responder_Status	Responder	0.924938094908026	0.989780426631196	0.358041811213187	0.853476437312463	sample_2022120210047
HROV.vOTU40808	Responder_Status	Responder	-0.936094332414449	0.999836014574272	0.357151087758356	0.853476437312463	sample_2022120210047
HROV.vOTU27047	Responder_Status	Responder	-1.18838887941401	1.2675458922801	0.356492431213551	0.853476437312463	sample_2022120210047
HROV.vOTU27737	Responder_Status	Responder	0.883034816542687	0.943933166086858	0.357537321730253	0.853476437312463	sample_2022120210047
HROV.vOTU59140	Responder_Status	Responder	-0.360750291707279	0.385311577548931	0.357146952447977	0.853476437312463	sample_2022120210047
HROV.vOTU53418	Responder_Status	Responder	0.791174706765145	0.846608108143412	0.358024189597464	0.853476437312463	sample_2022120210047
HROV.vOTU45998	Responder_Status	Responder	0.639427272723786	0.683014906286292	0.357183650745011	0.853476437312463	sample_2022120210047
HROV.vOTU52394	Responder_Status	Responder	0.610841409957805	0.651991327137998	0.356828545667307	0.853476437312463	sample_2022120210047
HROV.vOTU66013	Responder_Status	Responder	-0.595398454463936	0.635781327421306	0.357032138461428	0.853476437312463	sample_2022120210047
HROV.vOTU56119	Responder_Status	Responder	0.988107049860071	1.05431519582134	0.356668384346201	0.853476437312463	sample_2022120210047
HROV.vOTU10108	Responder_Status	Responder	-0.614993122440529	0.657781971782717	0.357807999023774	0.853476437312463	sample_2022120210047
HROV.vOTU61977	Responder_Status	Responder	-0.762607752013988	0.812564099101962	0.356003098377327	0.853476437312463	sample_2022120210047
HROV.vOTU20871	Responder_Status	Responder	0.878396012327624	0.937967864752197	0.357029454206848	0.853476437312463	sample_2022120210047
HROV.vOTU71430	Responder_Status	Responder	1.06260975298425	1.13848797490548	0.358617819889979	0.853841650146148	sample_2022120210047
HROV.vOTU29849	Responder_Status	Responder	-0.661848429519047	0.709372467790061	0.358793438079074	0.853841650146148	sample_2022120210047
HROV.vOTU29100	Responder_Status	Responder	0.450226449635522	0.482385521711519	0.358627203100381	0.853841650146148	sample_2022120210047
HROV.vOTU74668	Responder_Status	Responder	1.09926519087483	1.17823945863	0.358810113986285	0.853841650146148	sample_2022120210047
HROV.vOTU03059	Responder_Status	Responder	0.89257041165905	0.956928217746038	0.358925405005049	0.853979385809478	sample_2022120210047
HROV.vOTU18924	Responder_Status	Responder	-1.2386356613094	1.32970116098004	0.359550462247526	0.854491006185248	sample_2022120210047
HROV.vOTU03489	Responder_Status	Responder	-0.462853482280674	0.497101201337008	0.359758367405982	0.854790146703986	sample_2022120210047
HROV.vOTU22961	Responder_Status	Responder	0.853125113518736	0.916695168165186	0.359988192176009	0.85484889755561	sample_2022120210047
HROV.vOTU31916	Responder_Status	Responder	0.707106659018684	0.759991054331101	0.360109492364689	0.855039514740812	sample_2022120210047
HROV.vOTU62981	Responder_Status	Responder	-0.528437870444178	0.568124293087102	0.36024662411908	0.855267674486402	sample_2022120210047
HROV.vOTU06637	Responder_Status	Responder	-0.818141151611207	0.881083600758107	0.361052111406385	0.855912410614158	sample_2022120210047
HROV.vOTU05048	Responder_Status	Responder	0.726147774975555	0.781913850955858	0.360992222685224	0.855912410614158	sample_2022120210047
HROV.vOTU50212	Responder_Status	Responder	0.684898896832018	0.737781938080652	0.361174829041029	0.856077046945258	sample_2022120210047
HROV.vOTU56971	Responder_Status	Responder	1.23731912805773	1.33334742176577	0.361349137610166	0.856080350666292	sample_2022120210047
HROV.vOTU03088	Responder_Status	Responder	0.49768607452278	0.536564942466342	0.361572617361785	0.856080350666292	sample_2022120210047
HROV.vOTU75152	Responder_Status	Responder	0.757810590161878	0.819054685751076	0.362754459871576	0.857253056774176	sample_2022120210047
HROV.vOTU72573	Responder_Status	Responder	0.635019155339012	0.686185150086909	0.362648054421392	0.857253056774176	sample_2022120210047
HROV.vOTU54557	Responder_Status	Responder	0.363080720272883	0.392180155287236	0.36246072806905	0.857253056774176	sample_2022120210047
HROV.vOTU58889	Responder_Status	Responder	-0.854197373305399	0.925434628702801	0.363881325363368	0.857568084327186	sample_2022120210047
HROV.vOTU67503	Responder_Status	Responder	-0.772147023547194	0.836486976674391	0.363850491652447	0.857568084327186	sample_2022120210047
HROV.vOTU28078	Responder_Status	Responder	-0.452921821119383	0.491197127376892	0.364365635467995	0.85762139633533	sample_2022120210047
HROV.vOTU37292	Responder_Status	Responder	0.953756901374641	1.0347279573832	0.364535285809396	0.857769889256143	sample_2022120210047
HROV.vOTU31772	Responder_Status	Responder	0.933780527871679	1.01291602116248	0.364470150937369	0.857769889256143	sample_2022120210047
HROV.vOTU14209	Responder_Status	Responder	-0.802889357649576	0.871751712999063	0.364914579560656	0.858041276999219	sample_2022120210047
HROV.vOTU57502	Responder_Status	Responder	-0.701443911998416	0.761386294767563	0.364778582182052	0.858041276999219	sample_2022120210047
HROV.vOTU37291	Responder_Status	Responder	-0.925176874968141	1.00520440943299	0.365232791330877	0.858412566485389	sample_2022120210047
HROV.vOTU07278	Responder_Status	Responder	1.13578057938727	1.23396170581316	0.365208454210673	0.858412566485389	sample_2022120210047
HROV.vOTU33822	Responder_Status	Responder	1.1346829901563	1.23356599163468	0.365513683511766	0.858631697653297	sample_2022120210047
HROV.vOTU65601	Responder_Status	Responder	-0.598336384880639	0.650953744630412	0.36585833508107	0.85900230558713	sample_2022120210047
HROV.vOTU23169	Responder_Status	Responder	0.796746018963844	0.868241057482179	0.366636636613907	0.859182222763276	sample_2022120210047
HROV.vOTU52595	Responder_Status	Responder	1.34573485721507	1.47867538859586	0.370540790675401	0.859355651739843	sample_2022120210047
HROV.vOTU06705	Responder_Status	Responder	-0.81100968477164	0.886578282937605	0.368126603697708	0.859355651739843	sample_2022120210047
HROV.vOTU59262	Responder_Status	Responder	-0.969672696858496	1.06440853871926	0.370073644132734	0.859355651739843	sample_2022120210047
HROV.vOTU57492	Responder_Status	Responder	-0.631758963053717	0.692578656965218	0.369459414861703	0.859355651739843	sample_2022120210047
HROV.vOTU05314	Responder_Status	Responder	-0.762511093357384	0.835499730539326	0.369223086460142	0.859355651739843	sample_2022120210047
HROV.vOTU26023	Responder_Status	Responder	-0.838520593170902	0.914731839574209	0.367136384121134	0.859355651739843	sample_2022120210047
HROV.vOTU17770	Responder_Status	Responder	0.490433725375149	0.538932207014709	0.370584734192832	0.859355651739843	sample_2022120210047
HROV.vOTU61467	Responder_Status	Responder	0.873652439212209	0.95586272359521	0.368524109247489	0.859355651739843	sample_2022120210047
HROV.vOTU67877	Responder_Status	Responder	0.770323129670534	0.845476568700988	0.370014404325852	0.859355651739843	sample_2022120210047
HROV.vOTU08830	Responder_Status	Responder	0.510157469112328	0.557700776175172	0.368133071218238	0.859355651739843	sample_2022120210047
HROV.vOTU16111	Responder_Status	Responder	0.842179549798941	0.924472869930818	0.370080482773132	0.859355651739843	sample_2022120210047
HROV.vOTU27480	Responder_Status	Responder	0.659826302619071	0.721323355346108	0.368136734727601	0.859355651739843	sample_2022120210047
HROV.vOTU55368	Responder_Status	Responder	-0.790303968389719	0.868377865958971	0.370542136892287	0.859355651739843	sample_2022120210047
HROV.vOTU56795	Responder_Status	Responder	1.09399442695405	1.19604228311244	0.368170483080905	0.859355651739843	sample_2022120210047
HROV.vOTU05683	Responder_Status	Responder	0.587028055261145	0.645523320945676	0.370909683920204	0.859355651739843	sample_2022120210047
HROV.vOTU03622	Responder_Status	Responder	0.999313547363765	1.09106352440978	0.367536646727625	0.859355651739843	sample_2022120210047
HROV.vOTU52072	Responder_Status	Responder	0.895244787484255	0.981616408674778	0.369548834421029	0.859355651739843	sample_2022120210047
HROV.vOTU16798	Responder_Status	Responder	0.340448094678555	0.372541130792373	0.368596358510155	0.859355651739843	sample_2022120210047
HROV.vOTU01432	Responder_Status	Responder	1.00231621932653	1.09562368132145	0.368089222161447	0.859355651739843	sample_2022120210047
HROV.vOTU46527	Responder_Status	Responder	0.591039136787795	0.649438692057725	0.370550104426829	0.859355651739843	sample_2022120210047
HROV.vOTU41249	Responder_Status	Responder	0.807131779931228	0.886540000090918	0.370367634461982	0.859355651739843	sample_2022120210047
HROV.vOTU01875	Responder_Status	Responder	0.853209469767589	0.935934318244998	0.36975488877066	0.859355651739843	sample_2022120210047
HROV.vOTU67808	Responder_Status	Responder	1.03624156921564	1.13594623027852	0.369436681435117	0.859355651739843	sample_2022120210047
HROV.vOTU25012	Responder_Status	Responder	0.369230651927866	0.405780895211376	0.370628210271738	0.859355651739843	sample_2022120210047
HROV.vOTU65964	Responder_Status	Responder	0.706486354406154	0.776925323434203	0.370934026461767	0.859355651739843	sample_2022120210047
HROV.vOTU16271	Responder_Status	Responder	-0.84007948080256	0.918085707095226	0.367987273862052	0.859355651739843	sample_2022120210047
HROV.vOTU19674	Responder_Status	Responder	0.364121516701802	0.400249960943992	0.370727137196409	0.859355651739843	sample_2022120210047
HROV.vOTU10220	Responder_Status	Responder	0.652533416223544	0.7153311498811	0.36944495481634	0.859355651739843	sample_2022120210047
HROV.vOTU03570	Responder_Status	Responder	-0.647226499059899	0.712135814755727	0.371184863330411	0.859619865082114	sample_2022120210047
HROV.vOTU04448	Responder_Status	Responder	0.540736072103214	0.595859986897777	0.371892985223973	0.85999221172521	sample_2022120210047
HROV.vOTU17965	Responder_Status	Responder	0.888314029609805	0.97955111687552	0.372220423167417	0.860119801278364	sample_2022120210047
HROV.vOTU27780	Responder_Status	Responder	-1.22249750586481	1.34913892639835	0.372598177030611	0.860194462815969	sample_2022120210047
HROV.vOTU22235	Responder_Status	Responder	-0.918128659403937	1.01333157580137	0.372640864217974	0.860194462815969	sample_2022120210047
HROV.vOTU43151	Responder_Status	Responder	-1.11871948889522	1.23518599826955	0.37281785987087	0.860412425216935	sample_2022120210047
HROV.vOTU66003	Responder_Status	Responder	-0.585427212737536	0.646322978192094	0.372780464162019	0.860412425216935	sample_2022120210047
HROV.vOTU69810	Responder_Status	Responder	1.20197890031784	1.32900494968949	0.373488953971426	0.860504418726361	sample_2022120210047
HROV.vOTU44842	Responder_Status	Responder	-0.648836205647494	0.717309614410747	0.37342584564249	0.860504418726361	sample_2022120210047
HROV.vOTU74913	Responder_Status	Responder	0.738670064282292	0.816451603852982	0.373326449638572	0.860504418726361	sample_2022120210047
HROV.vOTU11972	Responder_Status	Responder	0.994528939530717	1.10089011558794	0.374027783846094	0.860750943211383	sample_2022120210047
HROV.vOTU75708	Responder_Status	Responder	-0.729995543791041	0.808116602475126	0.374057361350596	0.860750943211383	sample_2022120210047
HROV.vOTU36455	Responder_Status	Responder	-0.987500976337622	1.0956745261841	0.375131018426889	0.861188147766148	sample_2022120210047
HROV.vOTU22862	Responder_Status	Responder	-1.24143646192046	1.37699048193533	0.374981860646476	0.861188147766148	sample_2022120210047
HROV.vOTU31815	Responder_Status	Responder	0.943458450469918	1.04688667741365	0.375166643552782	0.861188147766148	sample_2022120210047
HROV.vOTU03165	Responder_Status	Responder	0.412557921970272	0.457536065641861	0.374910266048958	0.861188147766148	sample_2022120210047
HROV.vOTU55361	Responder_Status	Responder	-1.18112369635584	1.31193062949224	0.375642050436661	0.861219693793871	sample_2022120210047
HROV.vOTU44410	Responder_Status	Responder	0.621073714130796	0.689798378505021	0.375602524219662	0.861219693793871	sample_2022120210047
HROV.vOTU01833	Responder_Status	Responder	-0.328004979116816	0.36596625814621	0.377749353185393	0.86205542909477	sample_2022120210047
HROV.vOTU02040	Responder_Status	Responder	-1.03149215617507	1.15207302627931	0.378240375690902	0.86205542909477	sample_2022120210047
HROV.vOTU14207	Responder_Status	Responder	-0.783391258355481	0.876368935044881	0.378991845111327	0.86205542909477	sample_2022120210047
HROV.vOTU13869	Responder_Status	Responder	0.596404744848039	0.666977651275707	0.37884240724672	0.86205542909477	sample_2022120210047
HROV.vOTU29342	Responder_Status	Responder	-0.845931956827067	0.942742768939315	0.377204766936154	0.86205542909477	sample_2022120210047
HROV.vOTU51786	Responder_Status	Responder	0.941726570529776	1.04982485923182	0.37735017686239	0.86205542909477	sample_2022120210047
HROV.vOTU59249	Responder_Status	Responder	-0.437346913638478	0.486805375052076	0.376632273496872	0.86205542909477	sample_2022120210047
HROV.vOTU23941	Responder_Status	Responder	-0.984463028422681	1.0986410103206	0.377853080098102	0.86205542909477	sample_2022120210047
HROV.vOTU26589	Responder_Status	Responder	0.934131993439189	1.04348013923567	0.37830735310173	0.86205542909477	sample_2022120210047
HROV.vOTU26939	Responder_Status	Responder	-0.823440644839021	0.921351563347176	0.379083653841259	0.86205542909477	sample_2022120210047
HROV.vOTU10672	Responder_Status	Responder	-0.839172857629253	0.935778946730503	0.377490773197127	0.86205542909477	sample_2022120210047
HROV.vOTU60746	Responder_Status	Responder	-0.633010600156357	0.707392903366713	0.378495487732482	0.86205542909477	sample_2022120210047
HROV.vOTU19022	Responder_Status	Responder	-1.38320151042346	1.54455517260078	0.378136318037958	0.86205542909477	sample_2022120210047
HROV.vOTU03404	Responder_Status	Responder	0.811732071401515	0.908511502428393	0.379218559622692	0.86205542909477	sample_2022120210047
HROV.vOTU12337	Responder_Status	Responder	-0.464959742083158	0.519817808332199	0.378696934391194	0.86205542909477	sample_2022120210047
HROV.vOTU69490	Responder_Status	Responder	0.439461665776384	0.489831540235162	0.377278388222956	0.86205542909477	sample_2022120210047
HROV.vOTU22687	Responder_Status	Responder	0.658644155273256	0.736889170252147	0.379038471040292	0.86205542909477	sample_2022120210047
HROV.vOTU73450	Responder_Status	Responder	0.618030700977892	0.690050670326397	0.378085385985528	0.86205542909477	sample_2022120210047
HROV.vOTU66937	Responder_Status	Responder	0.406120120557894	0.454355993496748	0.379028105627043	0.86205542909477	sample_2022120210047
HROV.vOTU06874	Responder_Status	Responder	-0.525436139328065	0.58655543579772	0.377996803945977	0.86205542909477	sample_2022120210047
HROV.vOTU07437	Responder_Status	Responder	0.525937610192933	0.587240596975691	0.378097199182679	0.86205542909477	sample_2022120210047
HROV.vOTU11401	Responder_Status	Responder	-0.352412921876074	0.395083189954951	0.379996584572749	0.862838180703431	sample_2022120210047
HROV.vOTU61314	Responder_Status	Responder	-0.834321423971909	0.936296191019616	0.380475967422797	0.863360062568324	sample_2022120210047
HROV.vOTU72148	Responder_Status	Responder	1.28258689801452	1.43969443883134	0.380588100489709	0.863360062568324	sample_2022120210047
HROV.vOTU11195	Responder_Status	Responder	1.55266384968631	1.74304030706666	0.380638353641786	0.863360062568324	sample_2022120210047
HROV.vOTU43256	Responder_Status	Responder	0.778644564876863	0.874211146577283	0.38068929141992	0.863360062568324	sample_2022120210047
HROV.vOTU47269	Responder_Status	Responder	-0.569754461804591	0.640169697159276	0.381046508600472	0.863586535356941	sample_2022120210047
HROV.vOTU63038	Responder_Status	Responder	-0.834598597609509	0.93891600217042	0.381632257350625	0.863758542131131	sample_2022120210047
HROV.vOTU44417	Responder_Status	Responder	-0.789771985610744	0.889598023195068	0.382219242495045	0.863758542131131	sample_2022120210047
HROV.vOTU41678	Responder_Status	Responder	0.472789476566884	0.531789922579436	0.381549235718076	0.863758542131131	sample_2022120210047
HROV.vOTU06950	Responder_Status	Responder	-0.746784291932187	0.840798100269622	0.382007881222309	0.863758542131131	sample_2022120210047
HROV.vOTU24074	Responder_Status	Responder	0.576879907995642	0.649287468061639	0.381851198958077	0.863758542131131	sample_2022120210047
HROV.vOTU50399	Responder_Status	Responder	0.472341840192037	0.532343255818996	0.382482155507802	0.863869959985108	sample_2022120210047
HROV.vOTU67500	Responder_Status	Responder	-0.727116598255879	0.821236619101562	0.38348585159628	0.864405561909379	sample_2022120210047
HROV.vOTU21259	Responder_Status	Responder	-0.430521562047529	0.486469614042186	0.383698182865944	0.864405561909379	sample_2022120210047
HROV.vOTU52078	Responder_Status	Responder	0.6126338704728	0.691478679329638	0.383176378591098	0.864405561909379	sample_2022120210047
HROV.vOTU53426	Responder_Status	Responder	-0.284456849108206	0.321735838262797	0.384154218609483	0.86511496821068	sample_2022120210047
HROV.vOTU24574	Responder_Status	Responder	-1.40208485816193	1.5866561744129	0.384397713446106	0.865139075203124	sample_2022120210047
HROV.vOTU05854	Responder_Status	Responder	-0.922948090666352	1.04422309843676	0.384297819823871	0.865139075203124	sample_2022120210047
HROV.vOTU58282	Responder_Status	Responder	0.36587683218239	0.414091409269426	0.384454709708803	0.865139075203124	sample_2022120210047
HROV.vOTU19606	Responder_Status	Responder	-0.913287435383116	1.03442108699548	0.384809471945349	0.865188196713893	sample_2022120210047
HROV.vOTU23568	Responder_Status	Responder	0.529350542593343	0.599491044544442	0.384754901636655	0.865188196713893	sample_2022120210047
HROV.vOTU72030	Responder_Status	Responder	-0.774665259177987	0.878225349449961	0.385243443770253	0.865459254199522	sample_2022120210047
HROV.vOTU43228	Responder_Status	Responder	0.76895698675057	0.871629783740764	0.385176655264583	0.865459254199522	sample_2022120210047
HROV.vOTU44759	Responder_Status	Responder	-0.570746504662681	0.647129288016165	0.385303788889787	0.865459254199522	sample_2022120210047
HROV.vOTU11494	Responder_Status	Responder	-1.05339668104302	1.19385933293775	0.385102387101473	0.865459254199522	sample_2022120210047
HROV.vOTU65305	Responder_Status	Responder	-0.608916132471453	0.691331021565304	0.385930567449149	0.865654184225622	sample_2022120210047
HROV.vOTU21098	Responder_Status	Responder	0.804415420303566	0.913011486917085	0.385787359628091	0.865654184225622	sample_2022120210047
HROV.vOTU01504	Responder_Status	Responder	0.756567694947182	0.860827976870234	0.386944663114488	0.866111067156804	sample_2022120210047
HROV.vOTU32776	Responder_Status	Responder	0.277243984861705	0.315460604429427	0.386960214474714	0.866111067156804	sample_2022120210047
HROV.vOTU57313	Responder_Status	Responder	0.612930417862001	0.697194293070738	0.386808835816123	0.866111067156804	sample_2022120210047
HROV.vOTU62662	Responder_Status	Responder	0.531272922669835	0.604638655487217	0.387062919764411	0.866141672306802	sample_2022120210047
HROV.vOTU50753	Responder_Status	Responder	-0.701091158957141	0.800523890354678	0.388595518963584	0.866630070133271	sample_2022120210047
HROV.vOTU40123	Responder_Status	Responder	-0.833910712043787	0.950613858038998	0.387824585815007	0.866630070133271	sample_2022120210047
HROV.vOTU46506	Responder_Status	Responder	-0.280302455980093	0.319979313248442	0.388482564644625	0.866630070133271	sample_2022120210047
HROV.vOTU60846	Responder_Status	Responder	0.337032842819281	0.384400356781083	0.388069267550301	0.866630070133271	sample_2022120210047
HROV.vOTU60555	Responder_Status	Responder	-0.782572848198849	0.895044941963503	0.389371595863165	0.866956943963998	sample_2022120210047
HROV.vOTU37867	Responder_Status	Responder	0.71274806331835	0.815870120378005	0.389764678095432	0.867083175803023	sample_2022120210047
HROV.vOTU15022	Responder_Status	Responder	0.652465496556335	0.747720326821686	0.390299545445905	0.867234216698316	sample_2022120210047
HROV.vOTU03587	Responder_Status	Responder	-0.838494192844512	0.96093907218774	0.390314789041657	0.867234216698316	sample_2022120210047
HROV.vOTU75194	Responder_Status	Responder	0.729220965475402	0.835691679735595	0.390305247327754	0.867234216698316	sample_2022120210047
HROV.vOTU23491	Responder_Status	Responder	-0.571401552253313	0.656665530150608	0.391614064176684	0.867348547692359	sample_2022120210047
HROV.vOTU59392	Responder_Status	Responder	-0.449797047836287	0.516934057866453	0.391631003545449	0.867348547692359	sample_2022120210047
HROV.vOTU50574	Responder_Status	Responder	-0.634408298666215	0.729242344978633	0.391721906472192	0.867348547692359	sample_2022120210047
HROV.vOTU34727	Responder_Status	Responder	0.373429882110871	0.429074832820642	0.391529234761961	0.867348547692359	sample_2022120210047
HROV.vOTU39302	Responder_Status	Responder	0.409552483102405	0.470663300712652	0.391611878428415	0.867348547692359	sample_2022120210047
HROV.vOTU40521	Responder_Status	Responder	0.410907165594823	0.471766435342434	0.391162615307421	0.867348547692359	sample_2022120210047
HROV.vOTU55684	Responder_Status	Responder	0.469355626755821	0.539813833772184	0.391979015408535	0.867457011905477	sample_2022120210047
HROV.vOTU57880	Responder_Status	Responder	0.388828416880363	0.447556549518859	0.392353323167296	0.867611718739062	sample_2022120210047
HROV.vOTU19365	Responder_Status	Responder	-0.622826657519555	0.717534604690951	0.392768211850408	0.868005252912249	sample_2022120210047
HROV.vOTU68963	Responder_Status	Responder	-0.914733286398767	1.05408224588707	0.392880440194363	0.868071314077054	sample_2022120210047
HROV.vOTU35604	Responder_Status	Responder	-0.479871800259249	0.553706778619157	0.393498257918978	0.868071314077054	sample_2022120210047
HROV.vOTU40683	Responder_Status	Responder	-0.835313686675865	0.963993924517626	0.393573604995603	0.868071314077054	sample_2022120210047
HROV.vOTU04677	Responder_Status	Responder	0.427122136030341	0.493080209616562	0.393724952402558	0.868071314077054	sample_2022120210047
HROV.vOTU63834	Responder_Status	Responder	-0.382032829795925	0.440314212793774	0.392968623996323	0.868071314077054	sample_2022120210047
HROV.vOTU23074	Responder_Status	Responder	-0.614102931862883	0.7086419620552	0.393531674059244	0.868071314077054	sample_2022120210047
HROV.vOTU03969	Responder_Status	Responder	0.889057506150101	1.02826231460287	0.39459391027922	0.86881532913037	sample_2022120210047
HROV.vOTU74372	Responder_Status	Responder	0.402965881000467	0.466323979441928	0.394857564447588	0.869120367879989	sample_2022120210047
HROV.vOTU48533	Responder_Status	Responder	0.467638944749135	0.541581524319175	0.39521601502562	0.869245707999445	sample_2022120210047
HROV.vOTU01448	Responder_Status	Responder	0.932617415173484	1.07988367335405	0.395130393572066	0.869245707999445	sample_2022120210047
HROV.vOTU31921	Responder_Status	Responder	0.740101406787962	0.857205230391294	0.395259422572944	0.869245707999445	sample_2022120210047
HROV.vOTU73532	Responder_Status	Responder	-0.802770302192933	0.9321831346003	0.39645807248095	0.869268905915831	sample_2022120210047
HROV.vOTU67153	Responder_Status	Responder	0.703810355996538	0.817017710331342	0.396314101019497	0.869268905915831	sample_2022120210047
HROV.vOTU38116	Responder_Status	Responder	0.956089714390348	1.1103086582255	0.3964957868533	0.869268905915831	sample_2022120210047
HROV.vOTU22577	Responder_Status	Responder	-0.861734922530963	1.0013201773236	0.396768604159353	0.869378373533899	sample_2022120210047
HROV.vOTU57374	Responder_Status	Responder	-1.31804179947467	1.53219465711106	0.39696765441193	0.869631653310692	sample_2022120210047
HROV.vOTU25340	Responder_Status	Responder	-0.52490638290482	0.611159792007917	0.397705949991925	0.869716965940757	sample_2022120210047
HROV.vOTU61017	Responder_Status	Responder	0.47433719171452	0.552077325897275	0.397534118476798	0.869716965940757	sample_2022120210047
HROV.vOTU09393	Responder_Status	Responder	0.619789357686065	0.721688222951281	0.397740899279179	0.869716965940757	sample_2022120210047
HROV.vOTU29297	Responder_Status	Responder	0.635975021232527	0.741082437909748	0.39808513334061	0.86997631908749	sample_2022120210047
HROV.vOTU73713	Responder_Status	Responder	0.327049479346716	0.381209288507326	0.398217624080184	0.870111443600437	sample_2022120210047
HROV.vOTU75876	Responder_Status	Responder	0.494250005060911	0.576953931442012	0.398908550403899	0.870315555948205	sample_2022120210047
HROV.vOTU41205	Responder_Status	Responder	0.798035283455815	0.931974581869742	0.399109546421041	0.870480685234378	sample_2022120210047
HROV.vOTU19713	Responder_Status	Responder	0.585241205845244	0.684527243578917	0.399831653032106	0.870752167161691	sample_2022120210047
HROV.vOTU41573	Responder_Status	Responder	-0.991732482812444	1.16024244837089	0.399937042042551	0.870752167161691	sample_2022120210047
HROV.vOTU60831	Responder_Status	Responder	-0.684940373200216	0.800381386245936	0.399390593616993	0.870752167161691	sample_2022120210047
HROV.vOTU22759	Responder_Status	Responder	0.719771115646734	0.840900006180148	0.399289564648854	0.870752167161691	sample_2022120210047
HROV.vOTU09421	Responder_Status	Responder	0.241688188344887	0.282962237747744	0.400278587399664	0.870752167161691	sample_2022120210047
HROV.vOTU07520	Responder_Status	Responder	0.38192013870688	0.447004465834654	0.4001353194425	0.870752167161691	sample_2022120210047
HROV.vOTU75616	Responder_Status	Responder	-0.554962354549477	0.650100394202505	0.400539755966648	0.870786962880985	sample_2022120210047
HROV.vOTU57832	Responder_Status	Responder	0.377654554650687	0.44329329518565	0.401481428037041	0.871438136638784	sample_2022120210047
HROV.vOTU18920	Responder_Status	Responder	0.827706908775713	0.972148230970235	0.401759137745764	0.871675504058104	sample_2022120210047
HROV.vOTU71347	Responder_Status	Responder	1.26488772188813	1.48618269824294	0.401934976654876	0.871675504058104	sample_2022120210047
HROV.vOTU03041	Responder_Status	Responder	-0.576751925701596	0.677689426807919	0.401957911146836	0.871675504058104	sample_2022120210047
HROV.vOTU49292	Responder_Status	Responder	0.827787478332293	0.973049503246817	0.40214454907919	0.871675504058104	sample_2022120210047
HROV.vOTU35084	Responder_Status	Responder	0.975214805255167	1.14721429746762	0.402495653566169	0.871812207881456	sample_2022120210047
HROV.vOTU26731	Responder_Status	Responder	-0.718288117563418	0.845737640758141	0.402915701443743	0.871812207881456	sample_2022120210047
HROV.vOTU30252	Responder_Status	Responder	0.575911041547257	0.677874570197278	0.402762716140771	0.871812207881456	sample_2022120210047
HROV.vOTU59597	Responder_Status	Responder	0.673230583524665	0.792342857452674	0.402714984223727	0.871812207881456	sample_2022120210047
HROV.vOTU38942	Responder_Status	Responder	0.558578085106435	0.657201792130358	0.402571155221109	0.871812207881456	sample_2022120210047
HROV.vOTU03725	Responder_Status	Responder	-0.612163274742826	0.721001889647673	0.403057030402231	0.871842356402579	sample_2022120210047
HROV.vOTU07783	Responder_Status	Responder	1.0833600788797	1.27809954755746	0.403829723304741	0.872866727875479	sample_2022120210047
HROV.vOTU14680	Responder_Status	Responder	0.776823587609327	0.91713526797439	0.404170814518727	0.872866727875479	sample_2022120210047
HROV.vOTU50809	Responder_Status	Responder	0.71490483010648	0.844319024608392	0.404328281513928	0.87309101510209	sample_2022120210047
HROV.vOTU53736	Responder_Status	Responder	0.309675003085877	0.366049238281677	0.404728966518589	0.873297646935093	sample_2022120210047
HROV.vOTU36400	Responder_Status	Responder	0.33274605503141	0.393340473172741	0.404752858179353	0.873297646935093	sample_2022120210047
HROV.vOTU60665	Responder_Status	Responder	0.749343029594767	0.88590914757658	0.404809257344951	0.873315209427409	sample_2022120210047
HROV.vOTU23394	Responder_Status	Responder	0.300469358749357	0.355667255319707	0.405380879089894	0.873856199345698	sample_2022120210047
HROV.vOTU09000	Responder_Status	Responder	-0.579808112186181	0.687236874679007	0.405998522071223	0.873917268257818	sample_2022120210047
HROV.vOTU56860	Responder_Status	Responder	0.515002814650202	0.610750908578993	0.406246542416735	0.874063384675279	sample_2022120210047
HROV.vOTU59666	Responder_Status	Responder	0.672916688565967	0.798120987425557	0.406303018208244	0.874094652571468	sample_2022120210047
HROV.vOTU53268	Responder_Status	Responder	0.413715917847624	0.49097356023433	0.406568163053312	0.874213838013932	sample_2022120210047
HROV.vOTU38064	Responder_Status	Responder	0.801975702744589	0.951718670798411	0.406559096777267	0.874213838013932	sample_2022120210047
HROV.vOTU15990	Responder_Status	Responder	1.17660436618832	1.40065436969161	0.408002465796279	0.874544547646601	sample_2022120210047
HROV.vOTU12570	Responder_Status	Responder	-0.865211509858319	1.03035926728075	0.408179305413111	0.874544547646601	sample_2022120210047
HROV.vOTU42860	Responder_Status	Responder	0.533866872125948	0.635760662695538	0.40817321460122	0.874544547646601	sample_2022120210047
HROV.vOTU16021	Responder_Status	Responder	0.816884732105084	0.97001862400065	0.406849244825947	0.874544547646601	sample_2022120210047
HROV.vOTU23140	Responder_Status	Responder	0.329278736030241	0.39146241087737	0.407390196120786	0.874544547646601	sample_2022120210047
HROV.vOTU64337	Responder_Status	Responder	-0.392149270468732	0.466737240100518	0.407917719259362	0.874544547646601	sample_2022120210047
HROV.vOTU61158	Responder_Status	Responder	0.768215715711173	0.914450619992818	0.407977459318411	0.874544547646601	sample_2022120210047
HROV.vOTU10903	Responder_Status	Responder	-0.822008067516519	0.98007316173299	0.408729335843876	0.874658938699082	sample_2022120210047
HROV.vOTU29655	Responder_Status	Responder	-0.76738571075471	0.914570820513831	0.408538791163391	0.874658938699082	sample_2022120210047
HROV.vOTU21802	Responder_Status	Responder	-1.14603786348868	1.36778544000562	0.409194553980306	0.874860074683265	sample_2022120210047
HROV.vOTU20326	Responder_Status	Responder	0.558677474760569	0.667478309988085	0.409681356469961	0.874860074683265	sample_2022120210047
HROV.vOTU42917	Responder_Status	Responder	-0.26663105072685	0.318234070543542	0.409212601646966	0.874860074683265	sample_2022120210047
HROV.vOTU73429	Responder_Status	Responder	-0.741107130377642	0.885943457943323	0.409946558401796	0.874899601539049	sample_2022120210047
HROV.vOTU51259	Responder_Status	Responder	0.940431994035611	1.12523864752022	0.410364190814864	0.875046066893551	sample_2022120210047
HROV.vOTU63352	Responder_Status	Responder	-0.587370687968051	0.702858935709935	0.410405344664058	0.875046066893551	sample_2022120210047
HROV.vOTU70759	Responder_Status	Responder	0.874505532005013	1.04719168087414	0.410732908762853	0.875132789961952	sample_2022120210047
HROV.vOTU74340	Responder_Status	Responder	0.451334463240015	0.540419792081827	0.410700047933119	0.875132789961952	sample_2022120210047
HROV.vOTU57710	Responder_Status	Responder	-0.743136815764449	0.890481442305496	0.411044178213808	0.875317101102301	sample_2022120210047
HROV.vOTU05574	Responder_Status	Responder	-0.573594483832565	0.687260569890512	0.411002000588724	0.875317101102301	sample_2022120210047
HROV.vOTU14223	Responder_Status	Responder	-0.559243135947712	0.670421788667677	0.411247804640083	0.875333742572035	sample_2022120210047
HROV.vOTU14834	Responder_Status	Responder	-0.405197978008585	0.487603405452941	0.413004570742291	0.875583721547074	sample_2022120210047
HROV.vOTU19045	Responder_Status	Responder	0.952248413416003	1.14680359387133	0.413365167857603	0.875583721547074	sample_2022120210047
HROV.vOTU73089	Responder_Status	Responder	-0.823329000835259	0.989247981070688	0.412294767558926	0.875583721547074	sample_2022120210047
HROV.vOTU23118	Responder_Status	Responder	0.521773033940722	0.628187674082227	0.413225958813556	0.875583721547074	sample_2022120210047
HROV.vOTU50690	Responder_Status	Responder	0.666208646561525	0.800954130824377	0.412577176828218	0.875583721547074	sample_2022120210047
HROV.vOTU27190	Responder_Status	Responder	-0.43181836839996	0.519490797273986	0.412874143402278	0.875583721547074	sample_2022120210047
HROV.vOTU29576	Responder_Status	Responder	-0.220089307630077	0.265500097209856	0.414137400698218	0.876342964014779	sample_2022120210047
HROV.vOTU14772	Responder_Status	Responder	0.692038598654946	0.835214113056916	0.41435166432726	0.876539556694539	sample_2022120210047
HROV.vOTU09633	Responder_Status	Responder	0.344124962167388	0.415444630630898	0.4144891351999	0.876560165107117	sample_2022120210047
HROV.vOTU02846	Responder_Status	Responder	0.517654427114197	0.625074840003517	0.414590118941925	0.876629269353664	sample_2022120210047
HROV.vOTU18137	Responder_Status	Responder	-0.772898491372815	0.934561935703191	0.415220149976055	0.876982661954087	sample_2022120210047
HROV.vOTU35245	Responder_Status	Responder	-0.497877688093836	0.602427011237715	0.415534399340409	0.877054515843912	sample_2022120210047
HROV.vOTU23984	Responder_Status	Responder	0.706842715859293	0.85575740982457	0.41579550540728	0.877397563050598	sample_2022120210047
HROV.vOTU29269	Responder_Status	Responder	0.487703682231042	0.590885728344565	0.416134495378075	0.877402153346729	sample_2022120210047
HROV.vOTU70988	Responder_Status	Responder	-0.774337011034157	0.938855238161918	0.416475067524071	0.877438450204109	sample_2022120210047
HROV.vOTU01543	Responder_Status	Responder	-0.521138089295091	0.632348725363989	0.416830471762799	0.877781383385422	sample_2022120210047
HROV.vOTU16998	Responder_Status	Responder	-0.43937739721706	0.533614438577147	0.417239643944562	0.877955793599019	sample_2022120210047
HROV.vOTU32491	Responder_Status	Responder	-1.16364488873672	1.4137516756996	0.417412176203717	0.878062180860799	sample_2022120210047
HROV.vOTU35881	Responder_Status	Responder	-1.09931147961866	1.33747630124719	0.418061260513642	0.878177267322277	sample_2022120210047
HROV.vOTU62699	Responder_Status	Responder	0.783302113801054	0.952190375553642	0.417668407746258	0.878177267322277	sample_2022120210047
HROV.vOTU64068	Responder_Status	Responder	0.678236263851417	0.825115721985603	0.418027919641512	0.878177267322277	sample_2022120210047
HROV.vOTU13448	Responder_Status	Responder	0.52608484761259	0.639328904344975	0.417534966260615	0.878177267322277	sample_2022120210047
HROV.vOTU63177	Responder_Status	Responder	0.72678474133316	0.884898009003519	0.418402374615144	0.878377520694231	sample_2022120210047
HROV.vOTU12710	Responder_Status	Responder	0.714649685367281	0.870661129462881	0.418686710424598	0.878517020262647	sample_2022120210047
HROV.vOTU73302	Responder_Status	Responder	0.898926171152442	1.09642560199197	0.419215134892325	0.878720646331165	sample_2022120210047
HROV.vOTU63882	Responder_Status	Responder	0.134425896465826	0.164095094930458	0.419593464311974	0.878915247387831	sample_2022120210047
HROV.vOTU23954	Responder_Status	Responder	-1.04754532067974	1.27956359818393	0.419885884980622	0.878989170461572	sample_2022120210047
HROV.vOTU65332	Responder_Status	Responder	0.815974063280369	0.996521339446636	0.419802515870087	0.878989170461572	sample_2022120210047
HROV.vOTU14097	Responder_Status	Responder	0.944909486131319	1.15595499678401	0.420585661891151	0.879314325221869	sample_2022120210047
HROV.vOTU63928	Responder_Status	Responder	-0.644578842129329	0.788742555894198	0.420700389398852	0.879393070233781	sample_2022120210047
HROV.vOTU08073	Responder_Status	Responder	0.685619644502367	0.838975763051235	0.420707721220288	0.879393070233781	sample_2022120210047
HROV.vOTU34025	Responder_Status	Responder	0.701674296029093	0.859900124311477	0.421390839196526	0.879428114171473	sample_2022120210047
HROV.vOTU42023	Responder_Status	Responder	-0.810917263878819	0.995595370377844	0.42222951151096	0.879428114171473	sample_2022120210047
HROV.vOTU26256	Responder_Status	Responder	-0.597563414852385	0.733109749412135	0.421890113795406	0.879428114171473	sample_2022120210047
HROV.vOTU01261	Responder_Status	Responder	-0.403765575059443	0.495095535327394	0.421652123073505	0.879428114171473	sample_2022120210047
HROV.vOTU48553	Responder_Status	Responder	-0.322503183453324	0.395310532674041	0.421487988121417	0.879428114171473	sample_2022120210047
HROV.vOTU02754	Responder_Status	Responder	-0.325995235770353	0.399698321005099	0.421611286181226	0.879428114171473	sample_2022120210047
HROV.vOTU05761	Responder_Status	Responder	0.952184716332997	1.16841878552608	0.421987644433661	0.879428114171473	sample_2022120210047
HROV.vOTU68414	Responder_Status	Responder	0.52179937009552	0.639767195492614	0.421608482330682	0.879428114171473	sample_2022120210047
HROV.vOTU09663	Responder_Status	Responder	-0.968119202974712	1.18951860832411	0.422584407011847	0.879483330908824	sample_2022120210047
HROV.vOTU17856	Responder_Status	Responder	-0.920287224492696	1.13139228701682	0.422845612660072	0.879552466474338	sample_2022120210047
HROV.vOTU18501	Responder_Status	Responder	0.313902367781358	0.386498819034054	0.423546126236028	0.880226749473984	sample_2022120210047
HROV.vOTU08586	Responder_Status	Responder	0.570727068022162	0.702667337326383	0.423512063065697	0.880226749473984	sample_2022120210047
HROV.vOTU10491	Responder_Status	Responder	-0.809343013620672	0.996927186788392	0.42373311816756	0.880243040531495	sample_2022120210047
HROV.vOTU04221	Responder_Status	Responder	-1.09333807816419	1.34746871064197	0.423979322324778	0.880253758455581	sample_2022120210047
HROV.vOTU33217	Responder_Status	Responder	-0.457348265146601	0.563719478968608	0.424033948231074	0.880253758455581	sample_2022120210047
HROV.vOTU72562	Responder_Status	Responder	-0.431730226250386	0.531995696852613	0.42390701399803	0.880253758455581	sample_2022120210047
HROV.vOTU18825	Responder_Status	Responder	-0.685481974022605	0.845828931971884	0.424530100744763	0.880596841616121	sample_2022120210047
HROV.vOTU74149	Responder_Status	Responder	-0.487272251046196	0.601589840795746	0.42478556239057	0.880596841616121	sample_2022120210047
HROV.vOTU43123	Responder_Status	Responder	-0.674205314284842	0.833402408878142	0.425348116761339	0.880712345502721	sample_2022120210047
HROV.vOTU33140	Responder_Status	Responder	-0.724484081997437	0.895591059570507	0.425367422479608	0.880712345502721	sample_2022120210047
HROV.vOTU63277	Responder_Status	Responder	-0.725843600460229	0.903865449754476	0.428713834417672	0.881048910600606	sample_2022120210047
HROV.vOTU07552	Responder_Status	Responder	1.04774925450373	1.29923639484257	0.426789079495649	0.881048910600606	sample_2022120210047
HROV.vOTU28376	Responder_Status	Responder	-0.685802758495761	0.84979694493752	0.426457600122578	0.881048910600606	sample_2022120210047
HROV.vOTU09485	Responder_Status	Responder	0.58247971432443	0.726880331541137	0.42968190293445	0.881048910600606	sample_2022120210047
HROV.vOTU05302	Responder_Status	Responder	-0.622933184746387	0.772485123533114	0.426807857748392	0.881048910600606	sample_2022120210047
HROV.vOTU37715	Responder_Status	Responder	-0.778189897397703	0.970552303102072	0.429420611668272	0.881048910600606	sample_2022120210047
HROV.vOTU51876	Responder_Status	Responder	-0.385785214517212	0.478480330875555	0.426881381436807	0.881048910600606	sample_2022120210047
HROV.vOTU33026	Responder_Status	Responder	0.50247989959503	0.622781158791806	0.426563758660765	0.881048910600606	sample_2022120210047
HROV.vOTU33481	Responder_Status	Responder	0.941426901605357	1.16947933110908	0.427604721923184	0.881048910600606	sample_2022120210047
HROV.vOTU67358	Responder_Status	Responder	0.387015081032517	0.482322569260661	0.429080563656034	0.881048910600606	sample_2022120210047
HROV.vOTU62404	Responder_Status	Responder	0.208280521874837	0.260120523632198	0.430042993204414	0.881315368116825	sample_2022120210047
HROV.vOTU51319	Responder_Status	Responder	-0.492498776755391	0.615561757006089	0.430400479439315	0.881447346783799	sample_2022120210047
HROV.vOTU49365	Responder_Status	Responder	-0.658991956606793	0.825959636973101	0.431672342671567	0.881447346783799	sample_2022120210047
HROV.vOTU07041	Responder_Status	Responder	0.672442862455177	0.841066415843926	0.430724198359441	0.881447346783799	sample_2022120210047
HROV.vOTU49506	Responder_Status	Responder	-0.453150654429918	0.56666561359375	0.430629057181764	0.881447346783799	sample_2022120210047
HROV.vOTU38489	Responder_Status	Responder	-0.308243451810858	0.385720351746614	0.430938047622298	0.881447346783799	sample_2022120210047
HROV.vOTU20962	Responder_Status	Responder	0.722930253728672	0.904753753551639	0.430996069789966	0.881447346783799	sample_2022120210047
HROV.vOTU50037	Responder_Status	Responder	-0.613655286682633	0.768878040477144	0.431519507336665	0.881447346783799	sample_2022120210047
HROV.vOTU59097	Responder_Status	Responder	-0.675785318595888	0.847685314620121	0.432036384573926	0.881862934726066	sample_2022120210047
HROV.vOTU32612	Responder_Status	Responder	0.230119320496625	0.288660483251139	0.432045132608116	0.881862934726066	sample_2022120210047
HROV.vOTU62317	Responder_Status	Responder	-0.78945704308684	0.990599705340642	0.432187114480341	0.881979971187848	sample_2022120210047
HROV.vOTU04210	Responder_Status	Responder	0.399731695841118	0.501894578395173	0.432474540123628	0.882220968693853	sample_2022120210047
HROV.vOTU37579	Responder_Status	Responder	0.510390208898153	0.641177317667097	0.432717547960187	0.882284874228578	sample_2022120210047
HROV.vOTU24576	Responder_Status	Responder	0.701266202651832	0.880886292300231	0.432676816135179	0.882284874228578	sample_2022120210047
HROV.vOTU62616	Responder_Status	Responder	0.795351948507019	0.999107089407744	0.432693317544429	0.882284874228578	sample_2022120210047
HROV.vOTU66910	Responder_Status	Responder	-0.870704380020187	1.09400863560678	0.432795298474269	0.882287568307558	sample_2022120210047
HROV.vOTU65849	Responder_Status	Responder	-0.492198339469882	0.61854372500442	0.432879367103126	0.882289885984458	sample_2022120210047
HROV.vOTU13618	Responder_Status	Responder	-0.408530456452203	0.513707700985568	0.433153174797232	0.882461974707076	sample_2022120210047
HROV.vOTU37079	Responder_Status	Responder	0.466794619838297	0.587691631727259	0.433710324684079	0.882825656105716	sample_2022120210047
HROV.vOTU21834	Responder_Status	Responder	-1.06487613855181	1.34163004738756	0.434034865618934	0.883001405019275	sample_2022120210047
HROV.vOTU04385	Responder_Status	Responder	-0.949256996739875	1.19562054440705	0.433904941712519	0.883001405019275	sample_2022120210047
HROV.vOTU63482	Responder_Status	Responder	-0.581948758488833	0.733084963558994	0.433967753541593	0.883001405019275	sample_2022120210047
HROV.vOTU75566	Responder_Status	Responder	-0.532032827762761	0.67128826603799	0.434701390290663	0.883041113238482	sample_2022120210047
HROV.vOTU20675	Responder_Status	Responder	0.744295365826479	0.939190681391504	0.43474097033718	0.883041113238482	sample_2022120210047
HROV.vOTU52600	Responder_Status	Responder	0.780363377663452	0.984422194818305	0.434611303388792	0.883041113238482	sample_2022120210047
HROV.vOTU11722	Responder_Status	Responder	-0.842202673778144	1.06233327833198	0.434569090662014	0.883041113238482	sample_2022120210047
HROV.vOTU66429	Responder_Status	Responder	0.302298290289848	0.381184744050286	0.434418051591049	0.883041113238482	sample_2022120210047
HROV.vOTU31978	Responder_Status	Responder	-0.640794468380342	0.808942964832463	0.434940438928688	0.883191499872417	sample_2022120210047
HROV.vOTU47688	Responder_Status	Responder	-0.617896157516902	0.780335399246919	0.435114752767737	0.883323795880791	sample_2022120210047
HROV.vOTU44615	Responder_Status	Responder	-0.461372880861866	0.583071585088059	0.435432639437445	0.883323795880791	sample_2022120210047
HROV.vOTU59791	Responder_Status	Responder	0.216164659167264	0.273153200456954	0.435382229403268	0.883323795880791	sample_2022120210047
HROV.vOTU56066	Responder_Status	Responder	0.618180433775812	0.782938257343947	0.436417619290792	0.883579387379048	sample_2022120210047
HROV.vOTU13246	Responder_Status	Responder	-0.681469240262903	0.862097886416795	0.43589312654397	0.883579387379048	sample_2022120210047
HROV.vOTU29883	Responder_Status	Responder	-0.754776969481922	0.958548726257188	0.437653202334557	0.883783583438509	sample_2022120210047
HROV.vOTU72571	Responder_Status	Responder	-0.693847061186269	0.881398710558055	0.437771238220875	0.883783583438509	sample_2022120210047
HROV.vOTU15004	Responder_Status	Responder	-1.07696813393887	1.36784330290556	0.437692799025573	0.883783583438509	sample_2022120210047
HROV.vOTU22959	Responder_Status	Responder	0.474482876342046	0.60207543374143	0.437272006998482	0.883783583438509	sample_2022120210047
HROV.vOTU49969	Responder_Status	Responder	0.476305485679062	0.603963828994011	0.436953531521574	0.883783583438509	sample_2022120210047
HROV.vOTU67635	Responder_Status	Responder	0.738692986940157	0.939122665107278	0.438136104741413	0.883992295750899	sample_2022120210047
HROV.vOTU02658	Responder_Status	Responder	0.550592608710243	0.700408438619608	0.43841007938159	0.884084098329334	sample_2022120210047
HROV.vOTU52624	Responder_Status	Responder	-0.91918845697115	1.17120817865963	0.439148871301801	0.884579787157311	sample_2022120210047
HROV.vOTU04808	Responder_Status	Responder	-0.594207589613195	0.756874008836813	0.438998616789071	0.884579787157311	sample_2022120210047
HROV.vOTU32613	Responder_Status	Responder	-1.06339785192645	1.35661490480043	0.439702527291604	0.884668760098404	sample_2022120210047
HROV.vOTU33511	Responder_Status	Responder	-0.749443025790657	0.95549750300371	0.439421316620507	0.884668760098404	sample_2022120210047
HROV.vOTU63683	Responder_Status	Responder	-0.668346392683884	0.852445818874823	0.439602887881816	0.884668760098404	sample_2022120210047
HROV.vOTU50443	Responder_Status	Responder	0.300889845471268	0.383873039875783	0.43972260969696	0.884668760098404	sample_2022120210047
HROV.vOTU49591	Responder_Status	Responder	0.602283779952923	0.76920790997233	0.440204374281353	0.8852991384536	sample_2022120210047
HROV.vOTU42808	Responder_Status	Responder	0.383787924193048	0.490120270836353	0.440171864758751	0.8852991384536	sample_2022120210047
HROV.vOTU57768	Responder_Status	Responder	-0.379525503423745	0.485119752018238	0.440584881512585	0.88560112291089	sample_2022120210047
HROV.vOTU41114	Responder_Status	Responder	0.857544127780931	1.09781278430479	0.441275794486557	0.885952558487461	sample_2022120210047
HROV.vOTU45180	Responder_Status	Responder	0.359627893758338	0.460387828778675	0.441274397741967	0.885952558487461	sample_2022120210047
HROV.vOTU40564	Responder_Status	Responder	0.874949802664473	1.12446481734957	0.443033927279169	0.886375058716546	sample_2022120210047
HROV.vOTU22815	Responder_Status	Responder	-0.873312865505525	1.12211743521668	0.442935967502873	0.886375058716546	sample_2022120210047
HROV.vOTU07931	Responder_Status	Responder	0.728324913212076	0.937673987864454	0.443827394726615	0.886375058716546	sample_2022120210047
HROV.vOTU75519	Responder_Status	Responder	1.07512314474061	1.38634550375332	0.444540007101247	0.886375058716546	sample_2022120210047
HROV.vOTU41535	Responder_Status	Responder	0.598440646386258	0.76906802022812	0.443014119462273	0.886375058716546	sample_2022120210047
HROV.vOTU54379	Responder_Status	Responder	-0.277461136014201	0.357795705101046	0.444560443899165	0.886375058716546	sample_2022120210047
HROV.vOTU54203	Responder_Status	Responder	-0.565374634639304	0.725989640672133	0.442650869895604	0.886375058716546	sample_2022120210047
HROV.vOTU72056	Responder_Status	Responder	-0.254059316304075	0.326957765627575	0.443650699969844	0.886375058716546	sample_2022120210047
HROV.vOTU14008	Responder_Status	Responder	0.306728814028585	0.393161756450087	0.44184262208899	0.886375058716546	sample_2022120210047
HROV.vOTU15527	Responder_Status	Responder	0.376928045683355	0.48585720482722	0.444370787505057	0.886375058716546	sample_2022120210047
HROV.vOTU50000	Responder_Status	Responder	-0.865731122285148	1.11409661494068	0.443633350573853	0.886375058716546	sample_2022120210047
HROV.vOTU54368	Responder_Status	Responder	0.551664842305929	0.712117264406135	0.445020263601169	0.886509589440849	sample_2022120210047
HROV.vOTU13976	Responder_Status	Responder	-0.58516445243595	0.755268660459995	0.444965624102262	0.886509589440849	sample_2022120210047
HROV.vOTU37583	Responder_Status	Responder	-1.03409462231729	1.33690448401715	0.445708638633614	0.886990835477896	sample_2022120210047
HROV.vOTU63838	Responder_Status	Responder	0.345561967391703	0.446746277425425	0.445703356459857	0.886990835477896	sample_2022120210047
HROV.vOTU14934	Responder_Status	Responder	-1.14759242531134	1.48398132630609	0.445812977413527	0.887029067147021	sample_2022120210047
HROV.vOTU59942	Responder_Status	Responder	-0.991503390339072	1.28365895777921	0.446346313502353	0.887478874354048	sample_2022120210047
HROV.vOTU47236	Responder_Status	Responder	-0.519435261913608	0.67243464849087	0.446308191184793	0.887478874354048	sample_2022120210047
HROV.vOTU26597	Responder_Status	Responder	0.387340771330178	0.502075061356439	0.446884883484415	0.887703420282151	sample_2022120210047
HROV.vOTU11758	Responder_Status	Responder	-0.403091552704876	0.523223254276429	0.447514190701911	0.887703420282151	sample_2022120210047
HROV.vOTU42183	Responder_Status	Responder	-0.461123008179185	0.598477629048704	0.447460154458664	0.887703420282151	sample_2022120210047
HROV.vOTU01895	Responder_Status	Responder	0.745530314411052	0.966507186472044	0.446951508881315	0.887703420282151	sample_2022120210047
HROV.vOTU35161	Responder_Status	Responder	0.377621713042756	0.489215597322804	0.446644519208014	0.887703420282151	sample_2022120210047
HROV.vOTU10315	Responder_Status	Responder	0.241336427089113	0.313459810886316	0.447799428311452	0.887703420282151	sample_2022120210047
HROV.vOTU50156	Responder_Status	Responder	0.537715575573483	0.697369854427889	0.447128319650401	0.887703420282151	sample_2022120210047
HROV.vOTU21175	Responder_Status	Responder	-0.676868920705895	0.879361551111647	0.447906935649143	0.887720450682658	sample_2022120210047
HROV.vOTU17949	Responder_Status	Responder	0.903266088736703	1.17366884269199	0.447976218353316	0.887773334964159	sample_2022120210047
HROV.vOTU71149	Responder_Status	Responder	-0.926319493082083	1.20510227884599	0.448527712618858	0.887972920634733	sample_2022120210047
HROV.vOTU57826	Responder_Status	Responder	-0.642567934347765	0.836300849902564	0.448714212407355	0.887972920634733	sample_2022120210047
HROV.vOTU42274	Responder_Status	Responder	0.158633955777833	0.206415400827157	0.448613363576887	0.887972920634733	sample_2022120210047
HROV.vOTU07581	Responder_Status	Responder	-0.681547559797789	0.888608402042884	0.449510752235197	0.888119644678549	sample_2022120210047
HROV.vOTU17126	Responder_Status	Responder	-0.372410599404206	0.485312221842784	0.449288563523448	0.888119644678549	sample_2022120210047
HROV.vOTU12508	Responder_Status	Responder	0.586423008019537	0.764166186501282	0.449265438513314	0.888119644678549	sample_2022120210047
HROV.vOTU30964	Responder_Status	Responder	-0.301040496091303	0.392922030512422	0.449993312872136	0.888277607928383	sample_2022120210047
HROV.vOTU63903	Responder_Status	Responder	0.83060155857671	1.08519357573297	0.450440365638696	0.888381331100168	sample_2022120210047
HROV.vOTU74685	Responder_Status	Responder	0.603042639593513	0.788063632905337	0.450542336295474	0.888381331100168	sample_2022120210047
HROV.vOTU22903	Responder_Status	Responder	-0.438382360678506	0.573547311171588	0.451061278416609	0.888984021392295	sample_2022120210047
HROV.vOTU42910	Responder_Status	Responder	0.607454361213447	0.797984898808498	0.452880433447268	0.889406229048074	sample_2022120210047
HROV.vOTU40093	Responder_Status	Responder	-0.775601469604132	1.01828617538278	0.452623136133831	0.889406229048074	sample_2022120210047
HROV.vOTU27418	Responder_Status	Responder	-0.235897392038268	0.309188176952027	0.451869328502462	0.889406229048074	sample_2022120210047
HROV.vOTU14404	Responder_Status	Responder	-0.227781102903269	0.298863866378439	0.452339284661322	0.889406229048074	sample_2022120210047
HROV.vOTU30551	Responder_Status	Responder	0.476275686038551	0.625118680023424	0.452492134353291	0.889406229048074	sample_2022120210047
HROV.vOTU52612	Responder_Status	Responder	-0.952958434363241	1.25217730760257	0.452994596226766	0.889406229048074	sample_2022120210047
HROV.vOTU73601	Responder_Status	Responder	-0.630535028818725	0.829087734709142	0.453302877936172	0.889406229048074	sample_2022120210047
HROV.vOTU47048	Responder_Status	Responder	0.30027125558859	0.394329606758287	0.452740981411386	0.889406229048074	sample_2022120210047
HROV.vOTU43577	Responder_Status	Responder	-0.931794533822832	1.22701600817238	0.453960330324537	0.88974455463629	sample_2022120210047
HROV.vOTU74367	Responder_Status	Responder	-0.679142643252566	0.894204236262229	0.453904410919049	0.88974455463629	sample_2022120210047
HROV.vOTU05205	Responder_Status	Responder	-0.46434660215611	0.611344680693581	0.453871631856361	0.88974455463629	sample_2022120210047
HROV.vOTU30159	Responder_Status	Responder	0.698895489668455	0.920076304574806	0.453838439319035	0.88974455463629	sample_2022120210047
HROV.vOTU33246	Responder_Status	Responder	0.544701527627376	0.717978349563859	0.4543951378957	0.88974455463629	sample_2022120210047
HROV.vOTU01921	Responder_Status	Responder	0.463380287335492	0.610960929039363	0.454521764506473	0.889745779852987	sample_2022120210047
HROV.vOTU63000	Responder_Status	Responder	0.518884114325215	0.684318784402133	0.454637142415685	0.889804474825589	sample_2022120210047
HROV.vOTU31651	Responder_Status	Responder	1.09254306765415	1.44131357270006	0.454772680757279	0.889819046754454	sample_2022120210047
HROV.vOTU20653	Responder_Status	Responder	-0.684581266123667	0.903057155002112	0.454742162904357	0.889819046754454	sample_2022120210047
HROV.vOTU33018	Responder_Status	Responder	0.821093600762322	1.08383714236113	0.455031169778244	0.890015719656812	sample_2022120210047
HROV.vOTU12221	Responder_Status	Responder	1.15399131085568	1.52307619897823	0.454977442355169	0.890015719656812	sample_2022120210047
HROV.vOTU71255	Responder_Status	Responder	-0.420689319889716	0.555739744815586	0.455379155639247	0.890253433726257	sample_2022120210047
HROV.vOTU04464	Responder_Status	Responder	-0.711868057648408	0.940817369881789	0.455580378106973	0.890349113462185	sample_2022120210047
HROV.vOTU25173	Responder_Status	Responder	0.40220235391566	0.531470688699366	0.455507320594352	0.890349113462185	sample_2022120210047
HROV.vOTU06240	Responder_Status	Responder	0.718377418656624	0.950474395401912	0.456075364355446	0.890862366966679	sample_2022120210047
HROV.vOTU71676	Responder_Status	Responder	0.374985573873348	0.496119441482432	0.456058869039115	0.890862366966679	sample_2022120210047
HROV.vOTU02362	Responder_Status	Responder	-0.388766803616002	0.514841207621699	0.456482307746021	0.89140660545606	sample_2022120210047
HROV.vOTU72891	Responder_Status	Responder	-0.378498656968852	0.501175108148205	0.456421768950108	0.89140660545606	sample_2022120210047
HROV.vOTU56474	Responder_Status	Responder	0.413544145088776	0.548304566335162	0.457011685053752	0.891771864842714	sample_2022120210047
HROV.vOTU19194	Responder_Status	Responder	-0.677919811277242	0.90141506520522	0.458289750414074	0.892138741071551	sample_2022120210047
HROV.vOTU61101	Responder_Status	Responder	-1.38379844217039	1.85063155896568	0.460848997740245	0.892138741071551	sample_2022120210047
HROV.vOTU70497	Responder_Status	Responder	-0.574264797253318	0.767317281916015	0.460456060280622	0.892138741071551	sample_2022120210047
HROV.vOTU39116	Responder_Status	Responder	-0.639989878592809	0.850792889587229	0.458191640835714	0.892138741071551	sample_2022120210047
HROV.vOTU45238	Responder_Status	Responder	0.911342574683522	1.22488489772646	0.463061126999919	0.892138741071551	sample_2022120210047
HROV.vOTU59173	Responder_Status	Responder	0.765611942697667	1.02928116430803	0.463175054992757	0.892138741071551	sample_2022120210047
HROV.vOTU05381	Responder_Status	Responder	0.724331862332551	0.964972005187802	0.459140556931547	0.892138741071551	sample_2022120210047
HROV.vOTU61421	Responder_Status	Responder	0.691527792068886	0.920217522017129	0.458632325996679	0.892138741071551	sample_2022120210047
HROV.vOTU70727	Responder_Status	Responder	-0.62980414196709	0.84534301652647	0.46246309025125	0.892138741071551	sample_2022120210047
HROV.vOTU58430	Responder_Status	Responder	0.319059406962606	0.428009887528741	0.462212810357159	0.892138741071551	sample_2022120210047
HROV.vOTU26417	Responder_Status	Responder	-0.454833460181854	0.607397337240517	0.46020825602267	0.892138741071551	sample_2022120210047
HROV.vOTU67833	Responder_Status	Responder	-0.788656315736235	1.06040713480808	0.463235763778083	0.892138741071551	sample_2022120210047
HROV.vOTU04553	Responder_Status	Responder	-0.794997563982261	1.06417279662437	0.461256995925055	0.892138741071551	sample_2022120210047
HROV.vOTU19163	Responder_Status	Responder	0.289658641455594	0.388172878824202	0.461759931459617	0.892138741071551	sample_2022120210047
HROV.vOTU60699	Responder_Status	Responder	-0.488918400049554	0.655936452347063	0.462256843474137	0.892138741071551	sample_2022120210047
HROV.vOTU25472	Responder_Status	Responder	0.712285227081859	0.953711223319986	0.461376128027109	0.892138741071551	sample_2022120210047
HROV.vOTU37099	Responder_Status	Responder	0.512902285231008	0.689574008944636	0.46319639375904	0.892138741071551	sample_2022120210047
HROV.vOTU11158	Responder_Status	Responder	0.220331062000691	0.295845106961377	0.462627596956804	0.892138741071551	sample_2022120210047
HROV.vOTU19110	Responder_Status	Responder	0.353489465257353	0.474903835436644	0.462873010636199	0.892138741071551	sample_2022120210047
HROV.vOTU52822	Responder_Status	Responder	0.411344718605769	0.546441604857251	0.457870919732535	0.892138741071551	sample_2022120210047
HROV.vOTU21114	Responder_Status	Responder	0.380825102406188	0.509799294615944	0.461284897547036	0.892138741071551	sample_2022120210047
HROV.vOTU65851	Responder_Status	Responder	0.617575616180519	0.830895351500589	0.46351242571384	0.892174570904491	sample_2022120210047
HROV.vOTU49629	Responder_Status	Responder	0.509993786514556	0.68635039303073	0.463639664246432	0.892174570904491	sample_2022120210047
HROV.vOTU68967	Responder_Status	Responder	-0.632662913759351	0.85195136709445	0.463906118029402	0.892184956858268	sample_2022120210047
HROV.vOTU05876	Responder_Status	Responder	0.864046163021742	1.16333538699919	0.463830259422682	0.892184956858268	sample_2022120210047
HROV.vOTU58184	Responder_Status	Responder	0.250408845683051	0.337224682228813	0.46393389922434	0.892184956858268	sample_2022120210047
HROV.vOTU48896	Responder_Status	Responder	-0.298837741113162	0.402276095481468	0.463749525399904	0.892184956858268	sample_2022120210047
HROV.vOTU01788	Responder_Status	Responder	1.36153637122266	1.8339551697091	0.464025387536016	0.89219701570078	sample_2022120210047
HROV.vOTU40888	Responder_Status	Responder	-0.473224561878295	0.637514596426394	0.464089975439083	0.892217259054473	sample_2022120210047
HROV.vOTU16313	Responder_Status	Responder	-0.696052909437541	0.938268595823508	0.464356969355884	0.892400492181604	sample_2022120210047
HROV.vOTU32022	Responder_Status	Responder	0.623120922693256	0.840068726834831	0.464415596864333	0.892400492181604	sample_2022120210047
HROV.vOTU35442	Responder_Status	Responder	0.792566889330768	1.07026186232212	0.465140200854748	0.892502420414185	sample_2022120210047
HROV.vOTU33539	Responder_Status	Responder	-0.656980048360464	0.88698714981147	0.465049631101621	0.892502420414185	sample_2022120210047
HROV.vOTU02807	Responder_Status	Responder	0.544848912729777	0.736094220036726	0.465346999657264	0.892502420414185	sample_2022120210047
HROV.vOTU44212	Responder_Status	Responder	-0.51980868267164	0.703695866535757	0.466246336624681	0.892597009406451	sample_2022120210047
HROV.vOTU51628	Responder_Status	Responder	0.803405029315134	1.0884896332668	0.466600375262662	0.892597009406451	sample_2022120210047
HROV.vOTU74323	Responder_Status	Responder	0.645258554290434	0.873866065879554	0.466418790763628	0.892597009406451	sample_2022120210047
HROV.vOTU45376	Responder_Status	Responder	0.476398880902894	0.644480998757048	0.465939154246146	0.892597009406451	sample_2022120210047
HROV.vOTU36109	Responder_Status	Responder	-0.521887530062378	0.707058741105991	0.466589017042474	0.892597009406451	sample_2022120210047
HROV.vOTU37360	Responder_Status	Responder	0.501859910888142	0.67901356251337	0.465996674546083	0.892597009406451	sample_2022120210047
HROV.vOTU00410	Responder_Status	Responder	0.372023101196024	0.504236227846817	0.466777596100047	0.892690199387445	sample_2022120210047
HROV.vOTU36004	Responder_Status	Responder	-0.555354983258997	0.753219710035235	0.467069057591719	0.892868612494443	sample_2022120210047
HROV.vOTU49510	Responder_Status	Responder	-0.709913567928964	0.963654331175518	0.46743957501096	0.893380980842522	sample_2022120210047
HROV.vOTU05358	Responder_Status	Responder	-0.291450243834299	0.395809445974421	0.467648672058863	0.893498737605226	sample_2022120210047
HROV.vOTU51674	Responder_Status	Responder	0.434847236528826	0.590875812215359	0.467890039468333	0.893600917642258	sample_2022120210047
HROV.vOTU08286	Responder_Status	Responder	-0.284679132854826	0.388657131274554	0.469970143704121	0.894935836512599	sample_2022120210047
HROV.vOTU08300	Responder_Status	Responder	-0.427292193155497	0.582923096035757	0.46964121233237	0.894935836512599	sample_2022120210047
HROV.vOTU17300	Responder_Status	Responder	-0.614687323983371	0.839056931326585	0.469895357398224	0.894935836512599	sample_2022120210047
HROV.vOTU04013	Responder_Status	Responder	-0.270185025519918	0.36882570676326	0.469918386881247	0.894935836512599	sample_2022120210047
HROV.vOTU69101	Responder_Status	Responder	0.261186248924871	0.356391380520403	0.4697329823687	0.894935836512599	sample_2022120210047
HROV.vOTU01043	Responder_Status	Responder	-0.458391851853998	0.626424458642851	0.470396269520216	0.895059641591546	sample_2022120210047
HROV.vOTU65595	Responder_Status	Responder	-0.383615355133967	0.524117648065751	0.470296019621575	0.895059641591546	sample_2022120210047
HROV.vOTU31990	Responder_Status	Responder	0.85573149000493	1.17196927715961	0.471354436987921	0.895114898250987	sample_2022120210047
HROV.vOTU21646	Responder_Status	Responder	0.642623557509586	0.879515491837414	0.471059203037725	0.895114898250987	sample_2022120210047
HROV.vOTU60677	Responder_Status	Responder	-0.378342881594582	0.517541636417176	0.470829391743768	0.895114898250987	sample_2022120210047
HROV.vOTU02138	Responder_Status	Responder	0.810667868648282	1.11203407018644	0.472058536997262	0.895142391008395	sample_2022120210047
HROV.vOTU29735	Responder_Status	Responder	0.893572546269498	1.22559713971885	0.47200071371945	0.895142391008395	sample_2022120210047
HROV.vOTU53569	Responder_Status	Responder	0.466303640030818	0.639101406576112	0.47168030968279	0.895142391008395	sample_2022120210047
HROV.vOTU09380	Responder_Status	Responder	-0.658458821375235	0.90473729758491	0.472784659204866	0.895142391008395	sample_2022120210047
HROV.vOTU49134	Responder_Status	Responder	0.916927385568644	1.25905605413136	0.472498058901125	0.895142391008395	sample_2022120210047
HROV.vOTU02957	Responder_Status	Responder	0.765216468805294	1.05011925375599	0.472239608585981	0.895142391008395	sample_2022120210047
HROV.vOTU59916	Responder_Status	Responder	-0.273147362725532	0.375291614446921	0.472762416045777	0.895142391008395	sample_2022120210047
HROV.vOTU31272	Responder_Status	Responder	0.333183602162941	0.456808175713933	0.471831229251277	0.895142391008395	sample_2022120210047
HROV.vOTU07934	Responder_Status	Responder	-0.837733436237152	1.15205720578963	0.473162604947663	0.895369898039525	sample_2022120210047
HROV.vOTU05939	Responder_Status	Responder	-0.661316448988007	0.9102110171421	0.473530558348325	0.895765439381472	sample_2022120210047
HROV.vOTU32378	Responder_Status	Responder	-0.706137382357603	0.975291329881937	0.475055470124591	0.896408483462185	sample_2022120210047
HROV.vOTU22887	Responder_Status	Responder	-0.347798198855117	0.48236472721329	0.476870203942266	0.896408483462185	sample_2022120210047
HROV.vOTU00255	Responder_Status	Responder	0.869776930407377	1.20133591198003	0.475066970388375	0.896408483462185	sample_2022120210047
HROV.vOTU67791	Responder_Status	Responder	0.694239958185438	0.96094367325993	0.476005185789528	0.896408483462185	sample_2022120210047
HROV.vOTU18806	Responder_Status	Responder	-0.505427289174728	0.697735994764221	0.474841140384639	0.896408483462185	sample_2022120210047
HROV.vOTU70896	Responder_Status	Responder	-0.764675153829061	1.05685415538449	0.475350527976195	0.896408483462185	sample_2022120210047
HROV.vOTU29016	Responder_Status	Responder	-0.392415148478336	0.542928989111985	0.475812878459588	0.896408483462185	sample_2022120210047
HROV.vOTU18567	Responder_Status	Responder	0.744116760628848	1.03210062363068	0.47690312295183	0.896408483462185	sample_2022120210047
HROV.vOTU72658	Responder_Status	Responder	-0.314391079050919	0.433509888558283	0.474333484422014	0.896408483462185	sample_2022120210047
HROV.vOTU66093	Responder_Status	Responder	-0.887272108052174	1.23132512468099	0.477139333890139	0.896408483462185	sample_2022120210047
HROV.vOTU09248	Responder_Status	Responder	0.350030039973204	0.484990935323485	0.476447889711375	0.896408483462185	sample_2022120210047
HROV.vOTU35834	Responder_Status	Responder	0.561876311760275	0.775365193691336	0.474672979994009	0.896408483462185	sample_2022120210047
HROV.vOTU37128	Responder_Status	Responder	-0.255246547658391	0.354205553510289	0.477118805012235	0.896408483462185	sample_2022120210047
HROV.vOTU54197	Responder_Status	Responder	0.441224259267778	0.609177720398588	0.474893727664878	0.896408483462185	sample_2022120210047
HROV.vOTU44289	Responder_Status	Responder	0.414194433775594	0.574509445056245	0.476915149223228	0.896408483462185	sample_2022120210047
HROV.vOTU05670	Responder_Status	Responder	0.46362631777007	0.643792660713131	0.477402688889463	0.896511299688243	sample_2022120210047
HROV.vOTU30073	Responder_Status	Responder	-0.764072140055265	1.06339679663223	0.478390036568234	0.897122670432468	sample_2022120210047
HROV.vOTU21900	Responder_Status	Responder	-0.244127028302082	0.339967821592379	0.478651966052716	0.897122670432468	sample_2022120210047
HROV.vOTU52056	Responder_Status	Responder	0.261461411814169	0.36431193999568	0.478896655322615	0.89733917433225	sample_2022120210047
HROV.vOTU40101	Responder_Status	Responder	0.267684538235124	0.37343407696029	0.479423084564031	0.897917211036924	sample_2022120210047
HROV.vOTU68499	Responder_Status	Responder	-0.384173771923568	0.536313237825638	0.479723993252932	0.898050080013577	sample_2022120210047
HROV.vOTU26021	Responder_Status	Responder	-0.750072659740315	1.04729105478365	0.4797974177179	0.898058037115237	sample_2022120210047
HROV.vOTU07508	Responder_Status	Responder	0.208336183176278	0.29170326971957	0.481011924178276	0.898470442191218	sample_2022120210047
HROV.vOTU06912	Responder_Status	Responder	-0.698067783334639	0.97739401251374	0.481007405048713	0.898470442191218	sample_2022120210047
HROV.vOTU38921	Responder_Status	Responder	0.508094395497114	0.710919983069557	0.480711311249644	0.898470442191218	sample_2022120210047
HROV.vOTU01552	Responder_Status	Responder	-0.235338881251178	0.329409304864891	0.480877370097688	0.898470442191218	sample_2022120210047
HROV.vOTU08856	Responder_Status	Responder	0.396188917632878	0.554475050709861	0.480814807196243	0.898470442191218	sample_2022120210047
HROV.vOTU30941	Responder_Status	Responder	-0.803130845569167	1.12665953587088	0.481842130967006	0.899075952385022	sample_2022120210047
HROV.vOTU16763	Responder_Status	Responder	-0.477852630456357	0.67049279850451	0.481935874917385	0.899075952385022	sample_2022120210047
HROV.vOTU63975	Responder_Status	Responder	0.996875253152997	1.39786052505803	0.481658741197443	0.899075952385022	sample_2022120210047
HROV.vOTU09783	Responder_Status	Responder	-0.766378489563617	1.07584718909575	0.48214298249758	0.899198534496201	sample_2022120210047
HROV.vOTU47801	Responder_Status	Responder	-0.55782823417528	0.783531459174345	0.482391536260438	0.899198534496201	sample_2022120210047
HROV.vOTU18869	Responder_Status	Responder	-0.367254714082302	0.51583374191427	0.482377965662678	0.899198534496201	sample_2022120210047
HROV.vOTU00724	Responder_Status	Responder	-0.600081980154211	0.843213459470672	0.482562419328927	0.899239933645061	sample_2022120210047
HROV.vOTU55466	Responder_Status	Responder	0.43628192665447	0.613142324475274	0.482629494137237	0.899239933645061	sample_2022120210047
HROV.vOTU59792	Responder_Status	Responder	-1.1897711512824	1.67275625418807	0.482804483477277	0.899485556558774	sample_2022120210047
HROV.vOTU38248	Responder_Status	Responder	-0.631716856982584	0.889806097515337	0.483606970056663	0.899493618708248	sample_2022120210047
HROV.vOTU53921	Responder_Status	Responder	-0.647193106684068	0.911972622547894	0.483781620134035	0.899493618708248	sample_2022120210047
HROV.vOTU73104	Responder_Status	Responder	-0.603200258041115	0.848433881501503	0.482991525780016	0.899493618708248	sample_2022120210047
HROV.vOTU66557	Responder_Status	Responder	0.401799742494808	0.56602517182232	0.483660044957856	0.899493618708248	sample_2022120210047
HROV.vOTU63385	Responder_Status	Responder	-0.459241442995132	0.645894573039723	0.482955647835842	0.899493618708248	sample_2022120210047
HROV.vOTU05144	Responder_Status	Responder	-0.54604511216906	0.770106386966446	0.484155025878339	0.899589045943704	sample_2022120210047
HROV.vOTU27016	Responder_Status	Responder	-0.449454148950664	0.634806846081915	0.484787187366791	0.899934912084528	sample_2022120210047
HROV.vOTU51830	Responder_Status	Responder	0.225902471395322	0.319116756042963	0.48485936626128	0.899934912084528	sample_2022120210047
HROV.vOTU01559	Responder_Status	Responder	0.426914575186094	0.607043657326056	0.487695556549752	0.899978112567328	sample_2022120210047
HROV.vOTU43787	Responder_Status	Responder	-0.731493761021713	1.03898348842657	0.487217660784897	0.899978112567328	sample_2022120210047
HROV.vOTU14459	Responder_Status	Responder	-0.425402378813989	0.601787820181427	0.485471948186344	0.899978112567328	sample_2022120210047
HROV.vOTU43556	Responder_Status	Responder	-0.728601612252636	1.03217695249672	0.486089773860424	0.899978112567328	sample_2022120210047
HROV.vOTU16529	Responder_Status	Responder	-0.784586509174169	1.1161842103078	0.487910205114882	0.899978112567328	sample_2022120210047
HROV.vOTU71934	Responder_Status	Responder	0.741752181915438	1.05377501742765	0.487308153910814	0.899978112567328	sample_2022120210047
HROV.vOTU71281	Responder_Status	Responder	-0.46915704073842	0.664251226729684	0.485841020572319	0.899978112567328	sample_2022120210047
HROV.vOTU47090	Responder_Status	Responder	-0.324498154986944	0.460116821501642	0.48647967913726	0.899978112567328	sample_2022120210047
HROV.vOTU50006	Responder_Status	Responder	-0.432936474840613	0.613361450470518	0.486117910492532	0.899978112567328	sample_2022120210047
HROV.vOTU11046	Responder_Status	Responder	0.265406262344592	0.37659693341049	0.486787753523475	0.899978112567328	sample_2022120210047
HROV.vOTU50739	Responder_Status	Responder	0.531559542889924	0.756118101421292	0.487853271424224	0.899978112567328	sample_2022120210047
HROV.vOTU70425	Responder_Status	Responder	0.54419497909515	0.770800851303413	0.486013758166494	0.899978112567328	sample_2022120210047
HROV.vOTU74655	Responder_Status	Responder	0.595883226706107	0.84991066579474	0.489018961520243	0.900026725907797	sample_2022120210047
HROV.vOTU27937	Responder_Status	Responder	-0.96454659312556	1.37667865291724	0.489313755184724	0.900026725907797	sample_2022120210047
HROV.vOTU75509	Responder_Status	Responder	-0.780342519403843	1.11368839965925	0.489283073152774	0.900026725907797	sample_2022120210047
HROV.vOTU14451	Responder_Status	Responder	0.303486257621211	0.43292782006178	0.489082784499951	0.900026725907797	sample_2022120210047
HROV.vOTU02117	Responder_Status	Responder	-0.123982599077277	0.176984193937587	0.489377589361442	0.900026725907797	sample_2022120210047
HROV.vOTU37103	Responder_Status	Responder	-0.570056439924479	0.816253324534156	0.490698598323676	0.900057038518628	sample_2022120210047
HROV.vOTU73023	Responder_Status	Responder	-0.477719672090251	0.683586281825564	0.490414534365362	0.900057038518628	sample_2022120210047
HROV.vOTU75484	Responder_Status	Responder	0.919581616435045	1.31636752617017	0.490579568199404	0.900057038518628	sample_2022120210047
HROV.vOTU73653	Responder_Status	Responder	0.689128217875749	0.985683795620923	0.490233656819755	0.900057038518628	sample_2022120210047
HROV.vOTU72186	Responder_Status	Responder	0.908389628194921	1.29862710944809	0.490010479908703	0.900057038518628	sample_2022120210047
HROV.vOTU38884	Responder_Status	Responder	-0.559514533812743	0.800733563820106	0.490470432646602	0.900057038518628	sample_2022120210047
HROV.vOTU28075	Responder_Status	Responder	0.333850962848068	0.476924550331961	0.4896980811791	0.900057038518628	sample_2022120210047
HROV.vOTU02408	Responder_Status	Responder	1.01201009865718	1.4480759071134	0.490400935828269	0.900057038518628	sample_2022120210047
HROV.vOTU48382	Responder_Status	Responder	0.814881477349177	1.16748104297622	0.490944357534203	0.900135854563985	sample_2022120210047
HROV.vOTU24198	Responder_Status	Responder	-0.722513772974261	1.03548482693573	0.491085097240389	0.900237069557561	sample_2022120210047
HROV.vOTU41476	Responder_Status	Responder	0.785563332378195	1.12591868725616	0.491113015537424	0.900237069557561	sample_2022120210047
HROV.vOTU46108	Responder_Status	Responder	-0.936500598291278	1.34901216871979	0.493269327683432	0.901370714210899	sample_2022120210047
HROV.vOTU48273	Responder_Status	Responder	0.298420477021443	0.429412372307977	0.492813345336037	0.901370714210899	sample_2022120210047
HROV.vOTU25865	Responder_Status	Responder	-0.947982645507853	1.36376785928526	0.49270879235931	0.901370714210899	sample_2022120210047
HROV.vOTU40268	Responder_Status	Responder	-0.830958052795876	1.19546111180674	0.492724878886037	0.901370714210899	sample_2022120210047
HROV.vOTU37097	Responder_Status	Responder	0.263357457135247	0.378801841501721	0.492636096955173	0.901370714210899	sample_2022120210047
HROV.vOTU51342	Responder_Status	Responder	-0.283153082727592	0.408107841301644	0.493511927593303	0.901462754934212	sample_2022120210047
HROV.vOTU50395	Responder_Status	Responder	0.461345901611959	0.664875459542107	0.493472450706469	0.901462754934212	sample_2022120210047
HROV.vOTU09805	Responder_Status	Responder	-0.988986072080951	1.427085832646	0.494011314694309	0.901742646774932	sample_2022120210047
HROV.vOTU24821	Responder_Status	Responder	0.321452469253141	0.46406519425056	0.494210790759434	0.901763953122305	sample_2022120210047
HROV.vOTU33272	Responder_Status	Responder	-0.506134948137217	0.731945485196384	0.494950042217721	0.901891043623277	sample_2022120210047
HROV.vOTU54353	Responder_Status	Responder	-0.202235191433688	0.292360898522413	0.494802424648061	0.901891043623277	sample_2022120210047
HROV.vOTU25686	Responder_Status	Responder	0.521307055444556	0.753238924711952	0.49458230305897	0.901891043623277	sample_2022120210047
HROV.vOTU29846	Responder_Status	Responder	0.201438724012776	0.291239995430434	0.494847245053547	0.901891043623277	sample_2022120210047
HROV.vOTU43519	Responder_Status	Responder	0.271219853018095	0.392399228602879	0.49514136399978	0.901960653692	sample_2022120210047
HROV.vOTU54747	Responder_Status	Responder	0.511120742766312	0.740554027615813	0.495758166013904	0.902218161144276	sample_2022120210047
HROV.vOTU26158	Responder_Status	Responder	-0.401402415373186	0.584074142322424	0.497581309850318	0.902218161144276	sample_2022120210047
HROV.vOTU50288	Responder_Status	Responder	0.424951659821869	0.618287690188677	0.497545050199809	0.902218161144276	sample_2022120210047
HROV.vOTU72414	Responder_Status	Responder	0.875700025427627	1.27007274424945	0.496191022556788	0.902218161144276	sample_2022120210047
HROV.vOTU43832	Responder_Status	Responder	0.698895361394523	1.01445396126255	0.496532187066194	0.902218161144276	sample_2022120210047
HROV.vOTU21543	Responder_Status	Responder	0.70591211753016	1.02695837727602	0.497497067508008	0.902218161144276	sample_2022120210047
HROV.vOTU61440	Responder_Status	Responder	0.523741685121514	0.758971413861103	0.495832000733199	0.902218161144276	sample_2022120210047
HROV.vOTU05982	Responder_Status	Responder	0.448035890077006	0.653106214386929	0.498349766792552	0.902218161144276	sample_2022120210047
HROV.vOTU22982	Responder_Status	Responder	-0.543626572173308	0.790599909791431	0.497353568271789	0.902218161144276	sample_2022120210047
HROV.vOTU72529	Responder_Status	Responder	0.454103710690942	0.6599409775232	0.497052939842163	0.902218161144276	sample_2022120210047
HROV.vOTU06941	Responder_Status	Responder	0.208860418397061	0.303927728869954	0.497607017407365	0.902218161144276	sample_2022120210047
HROV.vOTU26712	Responder_Status	Responder	-0.692350062976372	1.01007253730917	0.498698729922448	0.902218161144276	sample_2022120210047
HROV.vOTU43917	Responder_Status	Responder	0.371996360082942	0.541325359117268	0.497612418638916	0.902218161144276	sample_2022120210047
HROV.vOTU66895	Responder_Status	Responder	0.330521473721101	0.478782954042093	0.495665422393471	0.902218161144276	sample_2022120210047
HROV.vOTU32330	Responder_Status	Responder	0.318114404045661	0.462821814266053	0.497524838425035	0.902218161144276	sample_2022120210047
HROV.vOTU43747	Responder_Status	Responder	0.73216820707999	1.06951706035838	0.499237866380228	0.902351876440933	sample_2022120210047
HROV.vOTU30486	Responder_Status	Responder	-1.01911310965711	1.48798338661153	0.49904073311254	0.902351876440933	sample_2022120210047
HROV.vOTU04024	Responder_Status	Responder	0.918200129385418	1.3418491454659	0.49942352756335	0.902403593272734	sample_2022120210047
HROV.vOTU66515	Responder_Status	Responder	-0.398654424964152	0.582618187374305	0.499444202416051	0.902403593272734	sample_2022120210047
HROV.vOTU35848	Responder_Status	Responder	-0.612181824246741	0.895346787367559	0.499760954438305	0.902403593272734	sample_2022120210047
HROV.vOTU68315	Responder_Status	Responder	-0.768095568014412	1.12316116474771	0.499678664509338	0.902403593272734	sample_2022120210047
HROV.vOTU50460	Responder_Status	Responder	-0.416077811327867	0.609161872632405	0.500198864443134	0.902642337229813	sample_2022120210047
HROV.vOTU44478	Responder_Status	Responder	-0.553685067498549	0.81300118697657	0.501441097047333	0.90307406187392	sample_2022120210047
HROV.vOTU55610	Responder_Status	Responder	0.424486153411902	0.623323043186397	0.501461897317245	0.90307406187392	sample_2022120210047
HROV.vOTU00029	Responder_Status	Responder	0.385849770845122	0.566679991506616	0.501530276568889	0.90307406187392	sample_2022120210047
HROV.vOTU64638	Responder_Status	Responder	-0.552794179462949	0.810878669436965	0.501014961419164	0.90307406187392	sample_2022120210047
HROV.vOTU16108	Responder_Status	Responder	-0.491177078873922	0.720192740773652	0.500837221462537	0.90307406187392	sample_2022120210047
HROV.vOTU64696	Responder_Status	Responder	0.50624926554633	0.741942543692174	0.500636932389277	0.90307406187392	sample_2022120210047
HROV.vOTU47851	Responder_Status	Responder	-0.201122954561306	0.29502063167112	0.501013332082407	0.90307406187392	sample_2022120210047
HROV.vOTU45031	Responder_Status	Responder	0.438539076352503	0.644197126040322	0.501619045527156	0.90307406187392	sample_2022120210047
HROV.vOTU06163	Responder_Status	Responder	0.865326416627764	1.27186789557571	0.501864780649639	0.903261251294454	sample_2022120210047
HROV.vOTU45767	Responder_Status	Responder	-0.699797807147773	1.02868649605947	0.501912069820089	0.903268353631317	sample_2022120210047
HROV.vOTU67626	Responder_Status	Responder	-0.594580168154962	0.874271702812611	0.502034669772109	0.90333297513821	sample_2022120210047
HROV.vOTU03607	Responder_Status	Responder	-0.701354786824198	1.03278964405274	0.502657537510996	0.903681161652051	sample_2022120210047
HROV.vOTU60030	Responder_Status	Responder	-0.214588811501947	0.316021941490454	0.502692715361992	0.903681161652051	sample_2022120210047
HROV.vOTU00742	Responder_Status	Responder	0.851952991891178	1.2551373693119	0.502854142799783	0.903695542534158	sample_2022120210047
HROV.vOTU14865	Responder_Status	Responder	0.46545944666592	0.685979770307808	0.503004191551167	0.903705066664818	sample_2022120210047
HROV.vOTU73417	Responder_Status	Responder	-0.35653096412781	0.525982329866865	0.503437544234317	0.903984010153641	sample_2022120210047
HROV.vOTU45763	Responder_Status	Responder	-0.912623633897117	1.35545163365137	0.50627727340307	0.904087896282181	sample_2022120210047
HROV.vOTU30321	Responder_Status	Responder	0.519857446709758	0.769023223495197	0.50458820950113	0.904087896282181	sample_2022120210047
HROV.vOTU12112	Responder_Status	Responder	-0.593059983521036	0.881593292084372	0.506643695260372	0.904087896282181	sample_2022120210047
HROV.vOTU20351	Responder_Status	Responder	0.447919091370533	0.665797154379804	0.506617196196711	0.904087896282181	sample_2022120210047
HROV.vOTU13420	Responder_Status	Responder	-0.579583264994419	0.861509253062425	0.50661889340171	0.904087896282181	sample_2022120210047
HROV.vOTU04488	Responder_Status	Responder	0.733069496568465	1.0891691971367	0.5064306129921	0.904087896282181	sample_2022120210047
HROV.vOTU70413	Responder_Status	Responder	0.716028041432059	1.06139869587762	0.505457277679391	0.904087896282181	sample_2022120210047
HROV.vOTU33173	Responder_Status	Responder	0.199760653630417	0.295271338014225	0.504253450255959	0.904087896282181	sample_2022120210047
HROV.vOTU74563	Responder_Status	Responder	-0.622581749944386	0.921853329311389	0.504987441678109	0.904087896282181	sample_2022120210047
HROV.vOTU08296	Responder_Status	Responder	0.53448963677913	0.793252459303013	0.505966228858217	0.904087896282181	sample_2022120210047
HROV.vOTU63816	Responder_Status	Responder	-0.85075132765781	1.25981533319392	0.505025199917939	0.904087896282181	sample_2022120210047
HROV.vOTU30174	Responder_Status	Responder	-0.406060228029918	0.601450092257252	0.505127231380544	0.904087896282181	sample_2022120210047
HROV.vOTU01116	Responder_Status	Responder	0.38207717984296	0.565965268685785	0.50515596434695	0.904087896282181	sample_2022120210047
HROV.vOTU54132	Responder_Status	Responder	-0.263837908357225	0.391347746776756	0.505726679099489	0.904087896282181	sample_2022120210047
HROV.vOTU62816	Responder_Status	Responder	-0.594935142988993	0.886127208761098	0.507475055718054	0.904531317239501	sample_2022120210047
HROV.vOTU08794	Responder_Status	Responder	-0.410868712103186	0.612559179585579	0.507880843849766	0.904809241033122	sample_2022120210047
HROV.vOTU04724	Responder_Status	Responder	-0.242113160728028	0.361162977945528	0.508113290884856	0.904914952107107	sample_2022120210047
HROV.vOTU33881	Responder_Status	Responder	-1.26560691416128	1.88923322423944	0.508405785972692	0.905156021573914	sample_2022120210047
HROV.vOTU41561	Responder_Status	Responder	-0.427881959539306	0.63876253383823	0.508433607895597	0.905156021573914	sample_2022120210047
HROV.vOTU58536	Responder_Status	Responder	-0.578797685261733	0.865697183806654	0.509231095396777	0.905665697007364	sample_2022120210047
HROV.vOTU56707	Responder_Status	Responder	-0.74723269235928	1.11725085727707	0.509091372751118	0.905665697007364	sample_2022120210047
HROV.vOTU39131	Responder_Status	Responder	0.321725668963765	0.481302341750989	0.509321119262696	0.905665697007364	sample_2022120210047
HROV.vOTU37315	Responder_Status	Responder	-0.313135980252859	0.468636185741728	0.509486141895663	0.905665697007364	sample_2022120210047
HROV.vOTU49234	Responder_Status	Responder	-0.523604810295771	0.784499154246193	0.509956104695871	0.905700121174532	sample_2022120210047
HROV.vOTU14490	Responder_Status	Responder	-0.750148479513391	1.12405702713298	0.510006622303826	0.905712655203386	sample_2022120210047
HROV.vOTU51519	Responder_Status	Responder	-0.800467336978356	1.20108189723002	0.510574690824455	0.905872344353962	sample_2022120210047
HROV.vOTU55142	Responder_Status	Responder	-0.59749213171026	0.896092631426771	0.510373472774819	0.905872344353962	sample_2022120210047
HROV.vOTU23614	Responder_Status	Responder	0.432326950613301	0.649255043917673	0.510935875351644	0.90605820860198	sample_2022120210047
HROV.vOTU48190	Responder_Status	Responder	0.528959610649392	0.794524346240312	0.511014725334999	0.90605820860198	sample_2022120210047
HROV.vOTU67231	Responder_Status	Responder	0.41858253603431	0.629375148854724	0.511443022614797	0.906123765558888	sample_2022120210047
HROV.vOTU48991	Responder_Status	Responder	0.431578540690703	0.649532990655035	0.511841281002989	0.906123765558888	sample_2022120210047
HROV.vOTU11096	Responder_Status	Responder	0.331522624901438	0.498889128873454	0.511792577405276	0.906123765558888	sample_2022120210047
HROV.vOTU67577	Responder_Status	Responder	0.580050922510981	0.873423543148103	0.512050895302294	0.906123765558888	sample_2022120210047
HROV.vOTU23782	Responder_Status	Responder	-0.303369062529166	0.45602873613535	0.511339234233315	0.906123765558888	sample_2022120210047
HROV.vOTU03135	Responder_Status	Responder	0.539440424248723	0.811467118925372	0.511634952658584	0.906123765558888	sample_2022120210047
HROV.vOTU69859	Responder_Status	Responder	0.407279602783361	0.613266631912629	0.512048873096373	0.906123765558888	sample_2022120210047
HROV.vOTU42965	Responder_Status	Responder	-0.37290649742192	0.56148976518841	0.512034623425872	0.906123765558888	sample_2022120210047
HROV.vOTU07559	Responder_Status	Responder	-0.708557861453062	1.06817173450529	0.512539502372925	0.906305903589189	sample_2022120210047
HROV.vOTU56910	Responder_Status	Responder	-0.62409620289631	0.940647980157142	0.512452620917276	0.906305903589189	sample_2022120210047
HROV.vOTU06436	Responder_Status	Responder	0.400646369252333	0.603768707806632	0.512388833701759	0.906305903589189	sample_2022120210047
HROV.vOTU62802	Responder_Status	Responder	-0.547512429527769	0.825428717088994	0.512558607471314	0.906305903589189	sample_2022120210047
HROV.vOTU13912	Responder_Status	Responder	0.542335148663741	0.818319750507864	0.512914686891228	0.90658882595282	sample_2022120210047
HROV.vOTU09777	Responder_Status	Responder	-0.488868124868889	0.740731541775253	0.514659316609878	0.906642097915184	sample_2022120210047
HROV.vOTU43272	Responder_Status	Responder	0.806465585462043	1.22141003363097	0.514473418048225	0.906642097915184	sample_2022120210047
HROV.vOTU32540	Responder_Status	Responder	0.334770355654331	0.507415638748116	0.514801239598667	0.906642097915184	sample_2022120210047
HROV.vOTU67751	Responder_Status	Responder	-0.332889585623645	0.504296640988291	0.51457933147719	0.906642097915184	sample_2022120210047
HROV.vOTU40973	Responder_Status	Responder	-0.161332076131367	0.244548359732993	0.514827344065125	0.906642097915184	sample_2022120210047
HROV.vOTU09635	Responder_Status	Responder	-0.385533813202665	0.584529297779352	0.514923176772434	0.906642097915184	sample_2022120210047
HROV.vOTU42454	Responder_Status	Responder	-0.33377608231596	0.505042959257966	0.51408649372672	0.906642097915184	sample_2022120210047
HROV.vOTU48727	Responder_Status	Responder	-0.38579864748183	0.583459086759674	0.513871670912904	0.906642097915184	sample_2022120210047
HROV.vOTU72401	Responder_Status	Responder	0.732186733421785	1.11066320472246	0.515131283374713	0.906930467646281	sample_2022120210047
HROV.vOTU38300	Responder_Status	Responder	0.526367977310037	0.799066490222044	0.515450869925289	0.907263186591471	sample_2022120210047
HROV.vOTU17004	Responder_Status	Responder	0.481597997326442	0.732067707578247	0.516000700454867	0.907444238472902	sample_2022120210047
HROV.vOTU71160	Responder_Status	Responder	0.364587994150293	0.554802856567549	0.516451057445144	0.90752759671171	sample_2022120210047
HROV.vOTU29919	Responder_Status	Responder	-0.569175102534858	0.867035689822336	0.516886781273738	0.907797111220689	sample_2022120210047
HROV.vOTU24693	Responder_Status	Responder	-0.273530345273139	0.416589664264393	0.516802385091292	0.907797111220689	sample_2022120210047
HROV.vOTU00854	Responder_Status	Responder	-0.464929371561394	0.709399671518335	0.517569350939565	0.908090839741612	sample_2022120210047
HROV.vOTU46509	Responder_Status	Responder	-0.576504697004734	0.879522567572608	0.517512061213504	0.908090839741612	sample_2022120210047
HROV.vOTU38452	Responder_Status	Responder	-0.800548440150291	1.22078078774842	0.517326303585176	0.908090839741612	sample_2022120210047
HROV.vOTU27507	Responder_Status	Responder	-0.199111400011967	0.303696772986354	0.517416266291343	0.908090839741612	sample_2022120210047
HROV.vOTU63780	Responder_Status	Responder	0.34377843413714	0.524839086575616	0.517802381029059	0.908090839741612	sample_2022120210047
HROV.vOTU52385	Responder_Status	Responder	-0.5164300564884	0.789280915372473	0.518254324155332	0.908600822624168	sample_2022120210047
HROV.vOTU71928	Responder_Status	Responder	0.148080489174407	0.226363183576688	0.518338323802612	0.908661731834322	sample_2022120210047
HROV.vOTU61483	Responder_Status	Responder	0.508974244312496	0.779975670630632	0.519367490390258	0.909318533120472	sample_2022120210047
HROV.vOTU01004	Responder_Status	Responder	-0.555286392870044	0.851375540083348	0.51957642237192	0.909319883722052	sample_2022120210047
HROV.vOTU31229	Responder_Status	Responder	0.433170006391239	0.665172999451647	0.520217578425362	0.909660541566081	sample_2022120210047
HROV.vOTU30475	Responder_Status	Responder	0.608820531164364	0.936004736040376	0.520706127487832	0.909852662458799	sample_2022120210047
HROV.vOTU29143	Responder_Status	Responder	0.603184106621477	0.927089320835244	0.520594564290404	0.909852662458799	sample_2022120210047
HROV.vOTU16938	Responder_Status	Responder	-0.30395248122339	0.468912986147943	0.522132000413249	0.910487062891148	sample_2022120210047
HROV.vOTU20181	Responder_Status	Responder	-0.406266221166143	0.628229022773348	0.523102083491437	0.910594612057033	sample_2022120210047
HROV.vOTU16708	Responder_Status	Responder	0.944304911851137	1.45890135086334	0.522728158512966	0.910594612057033	sample_2022120210047
HROV.vOTU58622	Responder_Status	Responder	0.251509089909149	0.388479731293464	0.522634078741669	0.910594612057033	sample_2022120210047
HROV.vOTU60948	Responder_Status	Responder	-0.616616460521525	0.954225392117017	0.523414081025555	0.910817422225498	sample_2022120210047
HROV.vOTU02203	Responder_Status	Responder	-0.495946964601138	0.767582570329318	0.523465356148603	0.910830593816222	sample_2022120210047
HROV.vOTU56596	Responder_Status	Responder	0.643195356813341	0.996287714899376	0.523799430228558	0.910951566177959	sample_2022120210047
HROV.vOTU03584	Responder_Status	Responder	0.265566927454407	0.411406474224342	0.523851859435235	0.910951566177959	sample_2022120210047
HROV.vOTU21222	Responder_Status	Responder	-0.509892080674733	0.790325887471926	0.524070808781858	0.91104735193643	sample_2022120210047
HROV.vOTU21945	Responder_Status	Responder	0.385794341724775	0.601534584696426	0.526510671673599	0.911321467577444	sample_2022120210047
HROV.vOTU37474	Responder_Status	Responder	0.689785083730341	1.07414636088937	0.525985793393624	0.911321467577444	sample_2022120210047
HROV.vOTU13303	Responder_Status	Responder	0.462805523868079	0.720821187160652	0.526060846080072	0.911321467577444	sample_2022120210047
HROV.vOTU22418	Responder_Status	Responder	0.790833960071456	1.23330162787738	0.526585573634228	0.911321467577444	sample_2022120210047
HROV.vOTU72947	Responder_Status	Responder	0.670050770597065	1.04301263054244	0.525827042585241	0.911321467577444	sample_2022120210047
HROV.vOTU71516	Responder_Status	Responder	-0.552688876033292	0.860824190850847	0.526065319718623	0.911321467577444	sample_2022120210047
HROV.vOTU21507	Responder_Status	Responder	-0.22797124632872	0.353825749576682	0.524622060445079	0.911321467577444	sample_2022120210047
HROV.vOTU48788	Responder_Status	Responder	0.2208798282635	0.343790222264713	0.525785040316138	0.911321467577444	sample_2022120210047
HROV.vOTU08878	Responder_Status	Responder	-0.708737412693194	1.1063835767858	0.526997877731004	0.91139021784066	sample_2022120210047
HROV.vOTU70220	Responder_Status	Responder	0.608065814767558	0.953326370462824	0.528762647600179	0.912656416762277	sample_2022120210047
HROV.vOTU01529	Responder_Status	Responder	0.876792101466605	1.37706459794398	0.52948463610145	0.91331886950576	sample_2022120210047
HROV.vOTU74691	Responder_Status	Responder	-0.751169507989891	1.18005420623512	0.529584703412073	0.91331886950576	sample_2022120210047
HROV.vOTU25170	Responder_Status	Responder	-0.826493114133153	1.30003747675621	0.530104586815872	0.913483408645387	sample_2022120210047
HROV.vOTU08046	Responder_Status	Responder	0.726229615482775	1.14252230936555	0.53017426811939	0.913483408645387	sample_2022120210047
HROV.vOTU23983	Responder_Status	Responder	-0.359437316940493	0.566551975313023	0.530950395818504	0.913834354284568	sample_2022120210047
HROV.vOTU12841	Responder_Status	Responder	-0.68492603495509	1.08018073209573	0.531172172101132	0.913834354284568	sample_2022120210047
HROV.vOTU03137	Responder_Status	Responder	-0.605294911856718	0.955631825858613	0.531614118439526	0.914302145747934	sample_2022120210047
HROV.vOTU17583	Responder_Status	Responder	0.427071168816154	0.674416168144765	0.531711829885828	0.914302145747934	sample_2022120210047
HROV.vOTU39924	Responder_Status	Responder	0.646266594077184	1.0212307982637	0.531978679976823	0.914642993325506	sample_2022120210047
HROV.vOTU56464	Responder_Status	Responder	-0.557735859677765	0.881947870835918	0.532261996777382	0.914707384429182	sample_2022120210047
HROV.vOTU07654	Responder_Status	Responder	0.554813387932295	0.877853935657827	0.532506615186678	0.914707384429182	sample_2022120210047
HROV.vOTU17535	Responder_Status	Responder	-0.34707778659015	0.549490719617275	0.532748555382873	0.914707384429182	sample_2022120210047
HROV.vOTU36805	Responder_Status	Responder	-0.302854523053971	0.485647394799938	0.537931306016328	0.914745574709633	sample_2022120210047
HROV.vOTU70525	Responder_Status	Responder	-0.628329358887331	1.00435172677093	0.53663918825685	0.914745574709633	sample_2022120210047
HROV.vOTU16355	Responder_Status	Responder	-0.628632716286655	1.00215835035251	0.535558655116627	0.914745574709633	sample_2022120210047
HROV.vOTU26109	Responder_Status	Responder	0.460520200096426	0.739689115729626	0.538594342404736	0.914745574709633	sample_2022120210047
HROV.vOTU38772	Responder_Status	Responder	-0.545573366419243	0.876448215157133	0.538661726133049	0.914745574709633	sample_2022120210047
HROV.vOTU73366	Responder_Status	Responder	-0.41993939270949	0.667613618730581	0.53443743694015	0.914745574709633	sample_2022120210047
HROV.vOTU60379	Responder_Status	Responder	0.64719501975558	1.03966090189049	0.53864635223132	0.914745574709633	sample_2022120210047
HROV.vOTU67718	Responder_Status	Responder	0.505442027344646	0.810696959065948	0.538024447684209	0.914745574709633	sample_2022120210047
HROV.vOTU53239	Responder_Status	Responder	-0.605580970055815	0.960254619172933	0.533385891127035	0.914745574709633	sample_2022120210047
HROV.vOTU22265	Responder_Status	Responder	0.895814532404801	1.43226360538308	0.536738265627274	0.914745574709633	sample_2022120210047
HROV.vOTU66549	Responder_Status	Responder	0.61926396667242	0.985535578501739	0.534865232658487	0.914745574709633	sample_2022120210047
HROV.vOTU28595	Responder_Status	Responder	-0.802604381199247	1.27392512843475	0.533786535369746	0.914745574709633	sample_2022120210047
HROV.vOTU30687	Responder_Status	Responder	-0.459181019961873	0.735539746718452	0.53749907029304	0.914745574709633	sample_2022120210047
HROV.vOTU27268	Responder_Status	Responder	-0.738708954954303	1.17971769245281	0.536272324945045	0.914745574709633	sample_2022120210047
HROV.vOTU33056	Responder_Status	Responder	-0.283062454473069	0.453332359463539	0.537417419728387	0.914745574709633	sample_2022120210047
HROV.vOTU65784	Responder_Status	Responder	-0.363205344442132	0.576568103330161	0.533838919221444	0.914745574709633	sample_2022120210047
HROV.vOTU36178	Responder_Status	Responder	0.725501928532232	1.15213680721859	0.53399519066705	0.914745574709633	sample_2022120210047
HROV.vOTU63713	Responder_Status	Responder	-0.607835071708311	0.97130076970723	0.536517621105852	0.914745574709633	sample_2022120210047
HROV.vOTU48546	Responder_Status	Responder	0.907126321229321	1.44724553421421	0.535871197440033	0.914745574709633	sample_2022120210047
HROV.vOTU22834	Responder_Status	Responder	-0.867204954692114	1.39029154499791	0.537835665189437	0.914745574709633	sample_2022120210047
HROV.vOTU51500	Responder_Status	Responder	-0.33850737817792	0.537985038464943	0.534309854299774	0.914745574709633	sample_2022120210047
HROV.vOTU51920	Responder_Status	Responder	-0.536540947854742	0.853752748460801	0.534802420312045	0.914745574709633	sample_2022120210047
HROV.vOTU53162	Responder_Status	Responder	0.568875258651928	0.913986662753813	0.538707890518778	0.914745574709633	sample_2022120210047
HROV.vOTU30358	Responder_Status	Responder	0.619139915001016	0.984756490030804	0.534625690683517	0.914745574709633	sample_2022120210047
HROV.vOTU03761	Responder_Status	Responder	-0.468539665156495	0.744626653022172	0.534300652855591	0.914745574709633	sample_2022120210047
HROV.vOTU42317	Responder_Status	Responder	0.540500727364957	0.868076452739857	0.538558258849262	0.914745574709633	sample_2022120210047
HROV.vOTU03114	Responder_Status	Responder	0.312514741530105	0.502360671332502	0.538914296425678	0.914853159795655	sample_2022120210047
HROV.vOTU45611	Responder_Status	Responder	0.355368560772466	0.571508463528498	0.539098576463259	0.914853159795655	sample_2022120210047
HROV.vOTU75635	Responder_Status	Responder	0.789642604492466	1.27095701347784	0.539429462817746	0.914853159795655	sample_2022120210047
HROV.vOTU28607	Responder_Status	Responder	0.585374272021347	0.941180960380362	0.539001902963713	0.914853159795655	sample_2022120210047
HROV.vOTU04461	Responder_Status	Responder	0.699774896341843	1.13506263042728	0.542539943291488	0.915245489985019	sample_2022120210047
HROV.vOTU10958	Responder_Status	Responder	-0.799554366113139	1.28915707324834	0.540131785701536	0.915245489985019	sample_2022120210047
HROV.vOTU20527	Responder_Status	Responder	0.818525580580132	1.3266122972845	0.542217004885064	0.915245489985019	sample_2022120210047
HROV.vOTU48056	Responder_Status	Responder	-0.458817851847861	0.743245454845643	0.542013940226913	0.915245489985019	sample_2022120210047
HROV.vOTU07149	Responder_Status	Responder	-0.550372967548381	0.891666620481297	0.542063333629523	0.915245489985019	sample_2022120210047
HROV.vOTU24480	Responder_Status	Responder	-0.304353840241884	0.494246744080644	0.543004685101953	0.915245489985019	sample_2022120210047
HROV.vOTU20980	Responder_Status	Responder	-0.568759991026014	0.917964017389042	0.540538241858731	0.915245489985019	sample_2022120210047
HROV.vOTU14110	Responder_Status	Responder	-0.474601857886506	0.766429617032597	0.540766217942241	0.915245489985019	sample_2022120210047
HROV.vOTU26839	Responder_Status	Responder	-0.805367467438771	1.30692149677029	0.542718981590756	0.915245489985019	sample_2022120210047
HROV.vOTU25949	Responder_Status	Responder	-0.315925349215708	0.513198389997568	0.543129940613582	0.915245489985019	sample_2022120210047
HROV.vOTU05157	Responder_Status	Responder	0.457634372629022	0.742910160747163	0.542868711191139	0.915245489985019	sample_2022120210047
HROV.vOTU31353	Responder_Status	Responder	-0.292083751897479	0.474389655325441	0.543062602324249	0.915245489985019	sample_2022120210047
HROV.vOTU49542	Responder_Status	Responder	0.54799038373028	0.887577608543707	0.54195983499297	0.915245489985019	sample_2022120210047
HROV.vOTU51564	Responder_Status	Responder	-0.469165555392823	0.76178851740292	0.542952346041693	0.915245489985019	sample_2022120210047
HROV.vOTU33751	Responder_Status	Responder	-0.43097369171776	0.698260312861596	0.542082905525177	0.915245489985019	sample_2022120210047
HROV.vOTU58307	Responder_Status	Responder	-0.346556813193981	0.561225206761348	0.541894526647899	0.915245489985019	sample_2022120210047
HROV.vOTU18620	Responder_Status	Responder	0.386006395989506	0.62657072622186	0.542829896564776	0.915245489985019	sample_2022120210047
HROV.vOTU43070	Responder_Status	Responder	-0.659152725683362	1.07373023561679	0.544243544962402	0.915746728610378	sample_2022120210047
HROV.vOTU64823	Responder_Status	Responder	0.699281915846056	1.1387087127634	0.544106526284825	0.915746728610378	sample_2022120210047
HROV.vOTU19927	Responder_Status	Responder	-0.480356603713894	0.782961962413816	0.54449006603697	0.915759258833868	sample_2022120210047
HROV.vOTU36038	Responder_Status	Responder	0.205709652933346	0.335257097300885	0.544440736477687	0.915759258833868	sample_2022120210047
HROV.vOTU56332	Responder_Status	Responder	-0.435191439277022	0.709513032070151	0.544584992451167	0.915771100030849	sample_2022120210047
HROV.vOTU26544	Responder_Status	Responder	0.165164027397173	0.269255017167615	0.54455582342956	0.915771100030849	sample_2022120210047
HROV.vOTU68816	Responder_Status	Responder	0.673743281630721	1.09871318754662	0.544686090343967	0.915867203708913	sample_2022120210047
HROV.vOTU02863	Responder_Status	Responder	0.370699017702815	0.605767907805993	0.545509088536306	0.916142268119641	sample_2022120210047
HROV.vOTU48052	Responder_Status	Responder	0.480575885821611	0.784719389740495	0.54520351384563	0.916142268119641	sample_2022120210047
HROV.vOTU61773	Responder_Status	Responder	0.284583743332873	0.464806505765868	0.545304373060684	0.916142268119641	sample_2022120210047
HROV.vOTU24052	Responder_Status	Responder	-0.59228467675214	0.968874412481626	0.545924507245954	0.916299310078574	sample_2022120210047
HROV.vOTU65910	Responder_Status	Responder	0.961813603482775	1.57434463217262	0.546174185690789	0.916299310078574	sample_2022120210047
HROV.vOTU50677	Responder_Status	Responder	-0.34291225879233	0.561938305890484	0.546630068952888	0.916317499476601	sample_2022120210047
HROV.vOTU04109	Responder_Status	Responder	-0.765864399353704	1.25673941769255	0.547169045617938	0.916640105359954	sample_2022120210047
HROV.vOTU48334	Responder_Status	Responder	0.632612656679232	1.03947867620778	0.54770447902783	0.916897263608076	sample_2022120210047
HROV.vOTU42450	Responder_Status	Responder	0.603472896794245	0.992356270427903	0.548008614393018	0.916897263608076	sample_2022120210047
HROV.vOTU40926	Responder_Status	Responder	-0.592689698814806	0.973976434519135	0.547744193119549	0.916897263608076	sample_2022120210047
HROV.vOTU49285	Responder_Status	Responder	-0.539045387265015	0.887313031271383	0.548412826839409	0.916952134500559	sample_2022120210047
HROV.vOTU42430	Responder_Status	Responder	-0.57939690259709	0.953385671158297	0.548267275233452	0.916952134500559	sample_2022120210047
HROV.vOTU51039	Responder_Status	Responder	-0.842000604136449	1.38552132064875	0.548274924281314	0.916952134500559	sample_2022120210047
HROV.vOTU01917	Responder_Status	Responder	0.329030394164525	0.542213447560786	0.548854327127277	0.917177786651628	sample_2022120210047
HROV.vOTU61652	Responder_Status	Responder	0.318959640431334	0.525541184928632	0.548796503649701	0.917177786651628	sample_2022120210047
HROV.vOTU41845	Responder_Status	Responder	-0.672533550867474	1.10888648318583	0.549072675425833	0.917235280935522	sample_2022120210047
HROV.vOTU23061	Responder_Status	Responder	-0.653905969827615	1.07911616091648	0.549419658008007	0.917235280935522	sample_2022120210047
HROV.vOTU67968	Responder_Status	Responder	0.41754025788748	0.688600261583152	0.549160127517258	0.917235280935522	sample_2022120210047
HROV.vOTU22387	Responder_Status	Responder	-0.258895429060303	0.427354435789603	0.549520986103256	0.917235280935522	sample_2022120210047
HROV.vOTU10032	Responder_Status	Responder	0.700632794806064	1.15787175209449	0.549983094525414	0.917235280935522	sample_2022120210047
HROV.vOTU06299	Responder_Status	Responder	0.250399746779924	0.413224529527919	0.549419031555965	0.917235280935522	sample_2022120210047
HROV.vOTU26524	Responder_Status	Responder	-0.26672496840534	0.439892452276815	0.549172929714893	0.917235280935522	sample_2022120210047
HROV.vOTU42237	Responder_Status	Responder	0.737075860732082	1.21943365522717	0.550417349446232	0.917391923293612	sample_2022120210047
HROV.vOTU17130	Responder_Status	Responder	0.39445556880312	0.652697387357198	0.550479174701853	0.917391923293612	sample_2022120210047
HROV.vOTU35803	Responder_Status	Responder	0.377717025747937	0.624826488608667	0.550368904309622	0.917391923293612	sample_2022120210047
HROV.vOTU11718	Responder_Status	Responder	-0.582587110284889	0.96463945693011	0.550743909733634	0.917519048894833	sample_2022120210047
HROV.vOTU24427	Responder_Status	Responder	-0.634130594361336	1.05024753731446	0.550843090083582	0.917519048894833	sample_2022120210047
HROV.vOTU45209	Responder_Status	Responder	0.597956191404765	0.990827718767625	0.551039751246052	0.917519048894833	sample_2022120210047
HROV.vOTU66553	Responder_Status	Responder	0.596360115125505	0.989410698479377	0.551530856257877	0.91753037793679	sample_2022120210047
HROV.vOTU38514	Responder_Status	Responder	-0.501659821145035	0.833140021243604	0.551931908120344	0.917762285269222	sample_2022120210047
HROV.vOTU75081	Responder_Status	Responder	0.76224401817436	1.26611373533343	0.551995607616587	0.917790686351497	sample_2022120210047
HROV.vOTU62918	Responder_Status	Responder	-0.195457969001003	0.32495854291291	0.552355646319585	0.917947239011315	sample_2022120210047
HROV.vOTU72910	Responder_Status	Responder	0.752502653476802	1.25182722138561	0.552593609977275	0.917979340926777	sample_2022120210047
HROV.vOTU08096	Responder_Status	Responder	0.418352705517952	0.696260281375165	0.552768706939684	0.918123842561808	sample_2022120210047
HROV.vOTU48740	Responder_Status	Responder	-0.233175459645222	0.388150514509264	0.552848917814495	0.918183889644092	sample_2022120210047
HROV.vOTU16799	Responder_Status	Responder	0.590176849974537	0.984305083911022	0.55360271602133	0.91873552612262	sample_2022120210047
HROV.vOTU09885	Responder_Status	Responder	0.153325877887119	0.255676713585354	0.553537523382154	0.91873552612262	sample_2022120210047
HROV.vOTU15866	Responder_Status	Responder	0.397572980412416	0.663711569619979	0.553979139217846	0.919108770105876	sample_2022120210047
HROV.vOTU63440	Responder_Status	Responder	0.715468659471672	1.19711662361496	0.554870212561776	0.919292063707398	sample_2022120210047
HROV.vOTU66501	Responder_Status	Responder	-0.462194265522133	0.775992664845414	0.556215478694529	0.919292063707398	sample_2022120210047
HROV.vOTU36489	Responder_Status	Responder	-0.487054875553451	0.819175859847306	0.556907391825587	0.919292063707398	sample_2022120210047
HROV.vOTU07684	Responder_Status	Responder	0.405678130612242	0.680732330258305	0.556000136804114	0.919292063707398	sample_2022120210047
HROV.vOTU21901	Responder_Status	Responder	-1.01857903065562	1.70728299278909	0.555562503667909	0.919292063707398	sample_2022120210047
HROV.vOTU57904	Responder_Status	Responder	0.509829205835512	0.853453747801529	0.55505983232308	0.919292063707398	sample_2022120210047
HROV.vOTU09198	Responder_Status	Responder	-0.711986021807456	1.19144344315557	0.554921026710014	0.919292063707398	sample_2022120210047
HROV.vOTU34352	Responder_Status	Responder	-0.844955293038497	1.41956399699873	0.556475815830171	0.919292063707398	sample_2022120210047
HROV.vOTU23806	Responder_Status	Responder	-0.477989631646641	0.801464981281757	0.55570295338985	0.919292063707398	sample_2022120210047
HROV.vOTU40169	Responder_Status	Responder	-0.370672155521157	0.620022174110702	0.554753759471721	0.919292063707398	sample_2022120210047
HROV.vOTU06225	Responder_Status	Responder	0.634426351257449	1.06096265225196	0.554664653861569	0.919292063707398	sample_2022120210047
HROV.vOTU08459	Responder_Status	Responder	-0.365397484556301	0.613091553168156	0.555968498714216	0.919292063707398	sample_2022120210047
HROV.vOTU10126	Responder_Status	Responder	0.22296106797349	0.375047617389457	0.55695984976969	0.919296948297192	sample_2022120210047
HROV.vOTU74699	Responder_Status	Responder	-0.479885945804341	0.808229987723254	0.557446590458933	0.919711099021088	sample_2022120210047
HROV.vOTU17050	Responder_Status	Responder	0.615140133937042	1.03680764883084	0.557741575428461	0.919711099021088	sample_2022120210047
HROV.vOTU44915	Responder_Status	Responder	-0.617619241704321	1.0417344530505	0.558022796250212	0.919711099021088	sample_2022120210047
HROV.vOTU30602	Responder_Status	Responder	0.388000927639337	0.654894110652045	0.558294910386787	0.919790729406072	sample_2022120210047
HROV.vOTU07697	Responder_Status	Responder	0.294783461744115	0.497786408430885	0.558476424760062	0.919835270393842	sample_2022120210047
HROV.vOTU14647	Responder_Status	Responder	-0.18544854724948	0.313500858918582	0.558904230387776	0.920083613342262	sample_2022120210047
HROV.vOTU05596	Responder_Status	Responder	-0.712302654841882	1.20713990133114	0.559873003995303	0.920239559066256	sample_2022120210047
HROV.vOTU67333	Responder_Status	Responder	-0.532753994576161	0.905857593794235	0.561165147519311	0.920239559066256	sample_2022120210047
HROV.vOTU71045	Responder_Status	Responder	0.658906979272899	1.12073518581308	0.561295703916866	0.920239559066256	sample_2022120210047
HROV.vOTU29060	Responder_Status	Responder	0.724587247410453	1.23092660953526	0.560813945627257	0.920239559066256	sample_2022120210047
HROV.vOTU46619	Responder_Status	Responder	-0.276432024875516	0.469653067489624	0.560856392519169	0.920239559066256	sample_2022120210047
HROV.vOTU65507	Responder_Status	Responder	0.48947717168932	0.830542345934383	0.560354499384102	0.920239559066256	sample_2022120210047
HROV.vOTU00058	Responder_Status	Responder	0.441427809095285	0.748755997975145	0.56022102042445	0.920239559066256	sample_2022120210047
HROV.vOTU70480	Responder_Status	Responder	0.310968816983702	0.528247250847591	0.560795050412331	0.920239559066256	sample_2022120210047
HROV.vOTU50822	Responder_Status	Responder	0.63312818929205	1.07475118351445	0.560522250175317	0.920239559066256	sample_2022120210047
HROV.vOTU37764	Responder_Status	Responder	-0.416431810149445	0.704992475176043	0.559466482020564	0.920239559066256	sample_2022120210047
HROV.vOTU61032	Responder_Status	Responder	0.299588463186058	0.508738452183596	0.560659684988787	0.920239559066256	sample_2022120210047
HROV.vOTU27284	Responder_Status	Responder	0.207923715292244	0.353641801038124	0.561278380733371	0.920239559066256	sample_2022120210047
HROV.vOTU47996	Responder_Status	Responder	0.342065319248129	0.582413107671863	0.561692703798124	0.920258708956042	sample_2022120210047
HROV.vOTU71363	Responder_Status	Responder	-0.480938069658467	0.828356015540076	0.566158482797196	0.920849766693199	sample_2022120210047
HROV.vOTU21803	Responder_Status	Responder	-0.60687967724637	1.04488806287471	0.566015638304751	0.920849766693199	sample_2022120210047
HROV.vOTU07532	Responder_Status	Responder	0.45646990666635	0.785243710067086	0.565682298728088	0.920849766693199	sample_2022120210047
HROV.vOTU24371	Responder_Status	Responder	-0.53320732274281	0.913518796295906	0.564104967910835	0.920849766693199	sample_2022120210047
HROV.vOTU61207	Responder_Status	Responder	0.609147281083822	1.04451855980891	0.564437066192589	0.920849766693199	sample_2022120210047
HROV.vOTU24406	Responder_Status	Responder	-0.243767096362711	0.420200680826833	0.566472841123167	0.920849766693199	sample_2022120210047
HROV.vOTU32134	Responder_Status	Responder	0.297683231666706	0.512737487643859	0.566169881017547	0.920849766693199	sample_2022120210047
HROV.vOTU05711	Responder_Status	Responder	0.606953365154929	1.04127003960282	0.564627963938066	0.920849766693199	sample_2022120210047
HROV.vOTU08028	Responder_Status	Responder	0.658363844684243	1.12851933285472	0.564302614885465	0.920849766693199	sample_2022120210047
HROV.vOTU56918	Responder_Status	Responder	-0.860047138204451	1.48078418543107	0.566017717810614	0.920849766693199	sample_2022120210047
HROV.vOTU62066	Responder_Status	Responder	-0.760554422056478	1.30658448185852	0.565161614177219	0.920849766693199	sample_2022120210047
HROV.vOTU03401	Responder_Status	Responder	0.423511065237577	0.726370803617991	0.56452598788081	0.920849766693199	sample_2022120210047
HROV.vOTU61599	Responder_Status	Responder	0.349352488992852	0.598574893303359	0.564134641635841	0.920849766693199	sample_2022120210047
HROV.vOTU75404	Responder_Status	Responder	-0.40024675859396	0.688171139845567	0.565483300962628	0.920849766693199	sample_2022120210047
HROV.vOTU34201	Responder_Status	Responder	0.434994560310995	0.748359110395341	0.565712459853444	0.920849766693199	sample_2022120210047
HROV.vOTU55814	Responder_Status	Responder	0.558936445013024	0.957260162383794	0.563967760864862	0.920849766693199	sample_2022120210047
HROV.vOTU29773	Responder_Status	Responder	-0.292616848959973	0.501149798588903	0.563968361807929	0.920849766693199	sample_2022120210047
HROV.vOTU66463	Responder_Status	Responder	0.308527980662652	0.531594888562005	0.566299216978805	0.920849766693199	sample_2022120210047
HROV.vOTU01844	Responder_Status	Responder	0.274738749143481	0.472317289801659	0.565434623042365	0.920849766693199	sample_2022120210047
HROV.vOTU05119	Responder_Status	Responder	-0.362662499205365	0.625382870758638	0.566616429961768	0.920884348637091	sample_2022120210047
HROV.vOTU43876	Responder_Status	Responder	-0.275103563642177	0.475396355289096	0.567429617735439	0.921085411256633	sample_2022120210047
HROV.vOTU06709	Responder_Status	Responder	-0.588739083785109	1.01703360370892	0.567299061243299	0.921085411256633	sample_2022120210047
HROV.vOTU05290	Responder_Status	Responder	-0.514854211931736	0.889548565676728	0.567363775896873	0.921085411256633	sample_2022120210047
HROV.vOTU06266	Responder_Status	Responder	-0.293286309543793	0.506923717630712	0.567510483310807	0.921099569485765	sample_2022120210047
HROV.vOTU35521	Responder_Status	Responder	-0.702479075584883	1.21629374635291	0.568178928441097	0.92120350691193	sample_2022120210047
HROV.vOTU13389	Responder_Status	Responder	-0.411105202201485	0.715965482264725	0.570419052864026	0.92120350691193	sample_2022120210047
HROV.vOTU07478	Responder_Status	Responder	0.360201499319958	0.626426195283899	0.569876425331596	0.92120350691193	sample_2022120210047
HROV.vOTU75934	Responder_Status	Responder	-0.438652489285013	0.762050214714498	0.569468799473354	0.92120350691193	sample_2022120210047
HROV.vOTU31636	Responder_Status	Responder	-0.225107250074756	0.392121323823908	0.570500100903019	0.92120350691193	sample_2022120210047
HROV.vOTU12693	Responder_Status	Responder	-0.537166276351786	0.932590943639682	0.569220818933276	0.92120350691193	sample_2022120210047
HROV.vOTU44189	Responder_Status	Responder	-0.595475959574527	1.03817256009639	0.570830240904056	0.92120350691193	sample_2022120210047
HROV.vOTU07922	Responder_Status	Responder	-0.292781059382818	0.507557763714021	0.568654734226881	0.92120350691193	sample_2022120210047
HROV.vOTU17233	Responder_Status	Responder	0.215854704960624	0.374710794699197	0.56917858301379	0.92120350691193	sample_2022120210047
HROV.vOTU07415	Responder_Status	Responder	-0.295247425491936	0.511156045530852	0.568145536901654	0.92120350691193	sample_2022120210047
HROV.vOTU48328	Responder_Status	Responder	-0.704599136714221	1.22890827278184	0.570981913132719	0.92120949676286	sample_2022120210047
HROV.vOTU73871	Responder_Status	Responder	0.185831189293472	0.32449146792671	0.571428913716485	0.921443097574702	sample_2022120210047
HROV.vOTU48924	Responder_Status	Responder	0.408535730539869	0.714656784189033	0.57211796639747	0.921900442258044	sample_2022120210047
HROV.vOTU18618	Responder_Status	Responder	0.411522703131167	0.72033266481342	0.572357053461548	0.9219292776425	sample_2022120210047
HROV.vOTU37661	Responder_Status	Responder	0.474412737907271	0.830233547523512	0.572273181568558	0.9219292776425	sample_2022120210047
HROV.vOTU39462	Responder_Status	Responder	-0.734052224978111	1.28732316744485	0.573078821558631	0.921946386523737	sample_2022120210047
HROV.vOTU27058	Responder_Status	Responder	-0.287009748200512	0.502981968958048	0.572811021295323	0.921946386523737	sample_2022120210047
HROV.vOTU25935	Responder_Status	Responder	0.666561511656318	1.16915966192356	0.57314289797137	0.921946386523737	sample_2022120210047
HROV.vOTU24598	Responder_Status	Responder	0.477793228195011	0.836569215078637	0.572464833195845	0.921946386523737	sample_2022120210047
HROV.vOTU65890	Responder_Status	Responder	0.238400089568147	0.417751920298691	0.572772598080268	0.921946386523737	sample_2022120210047
HROV.vOTU42166	Responder_Status	Responder	0.34499671079062	0.604450099882434	0.572714124361864	0.921946386523737	sample_2022120210047
HROV.vOTU69935	Responder_Status	Responder	-0.699813867399217	1.22842347156423	0.573434342158109	0.92207361719502	sample_2022120210047
HROV.vOTU11476	Responder_Status	Responder	0.402670451705618	0.70750400348607	0.573797221726259	0.922253131326179	sample_2022120210047
HROV.vOTU64793	Responder_Status	Responder	-0.330286177956401	0.580502842765139	0.573915457569564	0.92237203175366	sample_2022120210047
HROV.vOTU66153	Responder_Status	Responder	-0.535668211565995	0.943982599305442	0.574926705866132	0.922727597382699	sample_2022120210047
HROV.vOTU09585	Responder_Status	Responder	-0.668779620770293	1.18224411277724	0.576112512360461	0.922727597382699	sample_2022120210047
HROV.vOTU06113	Responder_Status	Responder	-0.550228887369979	0.972008633730006	0.575852660184342	0.922727597382699	sample_2022120210047
HROV.vOTU43190	Responder_Status	Responder	-0.2902628221567	0.511847697281745	0.575172836324329	0.922727597382699	sample_2022120210047
HROV.vOTU55776	Responder_Status	Responder	-0.303404348833618	0.535543570280834	0.575543430799478	0.922727597382699	sample_2022120210047
HROV.vOTU63797	Responder_Status	Responder	0.462065762925985	0.814674107278876	0.575112266893039	0.922727597382699	sample_2022120210047
HROV.vOTU32744	Responder_Status	Responder	0.355827575902004	0.627383790628401	0.575124141019031	0.922727597382699	sample_2022120210047
HROV.vOTU58363	Responder_Status	Responder	0.420675933019363	0.741362671525389	0.574939778920663	0.922727597382699	sample_2022120210047
HROV.vOTU02349	Responder_Status	Responder	-0.675676359656344	1.19531613216255	0.576391919539868	0.922747268774501	sample_2022120210047
HROV.vOTU07160	Responder_Status	Responder	0.563888136074252	0.998178045457912	0.576628487583989	0.922747268774501	sample_2022120210047
HROV.vOTU43842	Responder_Status	Responder	-0.807386740185949	1.43293023969077	0.577612433584779	0.922779765817459	sample_2022120210047
HROV.vOTU32051	Responder_Status	Responder	-0.687685134551895	1.22403351944799	0.578709323833776	0.922779765817459	sample_2022120210047
HROV.vOTU11831	Responder_Status	Responder	0.571664069092548	1.01691773252329	0.57848428759643	0.922779765817459	sample_2022120210047
HROV.vOTU59708	Responder_Status	Responder	-0.406353781600491	0.721390345729637	0.57771922385111	0.922779765817459	sample_2022120210047
HROV.vOTU06722	Responder_Status	Responder	0.412779193328348	0.731548021834618	0.577073408659356	0.922779765817459	sample_2022120210047
HROV.vOTU68953	Responder_Status	Responder	-0.251865263804929	0.446564574445834	0.577239906373574	0.922779765817459	sample_2022120210047
HROV.vOTU04128	Responder_Status	Responder	-0.259014623792513	0.460144182515439	0.577983645079318	0.922779765817459	sample_2022120210047
HROV.vOTU12978	Responder_Status	Responder	-0.774516285377615	1.37768957527978	0.578463318029424	0.922779765817459	sample_2022120210047
HROV.vOTU27519	Responder_Status	Responder	-0.231052424214845	0.410818474219777	0.57830550885394	0.922779765817459	sample_2022120210047
HROV.vOTU63466	Responder_Status	Responder	-0.208065838680686	0.369918803376005	0.578276088397938	0.922779765817459	sample_2022120210047
HROV.vOTU69853	Responder_Status	Responder	-0.412675525667458	0.735850252165825	0.579384586976085	0.922867609310887	sample_2022120210047
HROV.vOTU74076	Responder_Status	Responder	-0.451796858455904	0.805069990827225	0.579132412939671	0.922867609310887	sample_2022120210047
HROV.vOTU61960	Responder_Status	Responder	-0.69751923969269	1.24530109578686	0.579851152784103	0.923154929260558	sample_2022120210047
HROV.vOTU02230	Responder_Status	Responder	-0.44502424147099	0.795776747538141	0.580449053190224	0.923568216807489	sample_2022120210047
HROV.vOTU15402	Responder_Status	Responder	0.480829470437424	0.860478929264494	0.580745064697445	0.923578200840921	sample_2022120210047
HROV.vOTU60930	Responder_Status	Responder	0.506622388298179	0.907533541299371	0.581116729025488	0.923578200840921	sample_2022120210047
HROV.vOTU74677	Responder_Status	Responder	-0.530685434135597	0.952188931505624	0.58172905239728	0.923578200840921	sample_2022120210047
HROV.vOTU01341	Responder_Status	Responder	-0.421724424551504	0.757624256309569	0.582195119624223	0.923578200840921	sample_2022120210047
HROV.vOTU27793	Responder_Status	Responder	-0.244399108962136	0.437792895098251	0.581108749963387	0.923578200840921	sample_2022120210047
HROV.vOTU33387	Responder_Status	Responder	-0.214764745112475	0.384667596347837	0.581068508707266	0.923578200840921	sample_2022120210047
HROV.vOTU01715	Responder_Status	Responder	0.396770387261428	0.711950294520467	0.581750206385154	0.923578200840921	sample_2022120210047
HROV.vOTU37908	Responder_Status	Responder	0.579768360332052	1.04181454407623	0.582290840887471	0.923581788880044	sample_2022120210047
HROV.vOTU04745	Responder_Status	Responder	-0.490451784158617	0.882784917271974	0.582914826796418	0.923723571782292	sample_2022120210047
HROV.vOTU46349	Responder_Status	Responder	-0.758287089023262	1.36865531716122	0.583950964492031	0.923723571782292	sample_2022120210047
HROV.vOTU21564	Responder_Status	Responder	0.320513900293126	0.579847225734739	0.584816999272275	0.923723571782292	sample_2022120210047
HROV.vOTU69434	Responder_Status	Responder	-0.193478906458629	0.34872921765106	0.583429006976257	0.923723571782292	sample_2022120210047
HROV.vOTU57371	Responder_Status	Responder	0.438072076077768	0.790667929164039	0.583940736421321	0.923723571782292	sample_2022120210047
HROV.vOTU31632	Responder_Status	Responder	-0.546489535995703	0.989984755489989	0.585315485516946	0.923723571782292	sample_2022120210047
HROV.vOTU63670	Responder_Status	Responder	-0.42187561207733	0.763983242761635	0.585188966113308	0.923723571782292	sample_2022120210047
HROV.vOTU33749	Responder_Status	Responder	-0.526910658209683	0.952783674324354	0.584636905847505	0.923723571782292	sample_2022120210047
HROV.vOTU15979	Responder_Status	Responder	0.594166201407895	1.06921296796674	0.582826530419435	0.923723571782292	sample_2022120210047
HROV.vOTU34831	Responder_Status	Responder	0.569871669723559	1.03184505076635	0.585135688551202	0.923723571782292	sample_2022120210047
HROV.vOTU19458	Responder_Status	Responder	0.283598559869058	0.511243347625649	0.583488436863476	0.923723571782292	sample_2022120210047
HROV.vOTU08047	Responder_Status	Responder	0.390291122463796	0.710918508372781	0.587360253473984	0.92372545322957	sample_2022120210047
HROV.vOTU25224	Responder_Status	Responder	-0.172372535958054	0.313379188686867	0.586650183097916	0.92372545322957	sample_2022120210047
HROV.vOTU27610	Responder_Status	Responder	-0.362209201459467	0.659994411232004	0.587488308187834	0.92372545322957	sample_2022120210047
HROV.vOTU19271	Responder_Status	Responder	0.289933634252732	0.528230909496896	0.587440756399696	0.92372545322957	sample_2022120210047
HROV.vOTU74481	Responder_Status	Responder	0.309018068042956	0.56211661920916	0.586856236064159	0.92372545322957	sample_2022120210047
HROV.vOTU24158	Responder_Status	Responder	0.499407410542619	0.908459281717186	0.586863030974258	0.92372545322957	sample_2022120210047
HROV.vOTU62233	Responder_Status	Responder	-0.62468093307479	1.14197160221518	0.588698848895115	0.924162979825464	sample_2022120210047
HROV.vOTU20479	Responder_Status	Responder	-0.567066583060198	1.04166439802352	0.59048596306117	0.924285042876701	sample_2022120210047
HROV.vOTU59313	Responder_Status	Responder	-0.240259322687502	0.447125327378738	0.595276256534278	0.924285042876701	sample_2022120210047
HROV.vOTU10215	Responder_Status	Responder	-0.707134080079097	1.31848344505366	0.595970487463983	0.924285042876701	sample_2022120210047
HROV.vOTU69424	Responder_Status	Responder	0.576568411338114	1.07188840411284	0.594896434325481	0.924285042876701	sample_2022120210047
HROV.vOTU12828	Responder_Status	Responder	0.843414957960305	1.556801649087	0.592268357374956	0.924285042876701	sample_2022120210047
HROV.vOTU17609	Responder_Status	Responder	-0.336880763145099	0.625418028138822	0.594386067701203	0.924285042876701	sample_2022120210047
HROV.vOTU16611	Responder_Status	Responder	-0.452649792150634	0.832057682751363	0.590738916091441	0.924285042876701	sample_2022120210047
HROV.vOTU18571	Responder_Status	Responder	-0.283544496207736	0.528003110343446	0.595500695656326	0.924285042876701	sample_2022120210047
HROV.vOTU34175	Responder_Status	Responder	0.326598468043052	0.604855507071054	0.593492794244417	0.924285042876701	sample_2022120210047
HROV.vOTU19773	Responder_Status	Responder	0.282007317583153	0.521432134678465	0.592900138974181	0.924285042876701	sample_2022120210047
HROV.vOTU13413	Responder_Status	Responder	0.337438982783316	0.62713340629169	0.594783313855757	0.924285042876701	sample_2022120210047
HROV.vOTU04883	Responder_Status	Responder	-0.768758681835057	1.41032828717692	0.590006187525773	0.924285042876701	sample_2022120210047
HROV.vOTU20031	Responder_Status	Responder	0.591121192722826	1.10146843129485	0.595736856791109	0.924285042876701	sample_2022120210047
HROV.vOTU36381	Responder_Status	Responder	-0.283697926745176	0.529519165997292	0.596351472818839	0.924285042876701	sample_2022120210047
HROV.vOTU15698	Responder_Status	Responder	0.500116393059654	0.920538771228903	0.591231882143441	0.924285042876701	sample_2022120210047
HROV.vOTU52390	Responder_Status	Responder	-0.577260630947037	1.06591034051898	0.592401273525569	0.924285042876701	sample_2022120210047
HROV.vOTU42245	Responder_Status	Responder	-0.352128538749723	0.653159501773549	0.594068255596105	0.924285042876701	sample_2022120210047
HROV.vOTU62594	Responder_Status	Responder	0.478204077856005	0.887594225739546	0.594307519043551	0.924285042876701	sample_2022120210047
HROV.vOTU56372	Responder_Status	Responder	-0.210580775815966	0.387651893576861	0.591276230139721	0.924285042876701	sample_2022120210047
HROV.vOTU29302	Responder_Status	Responder	0.908179474580964	1.69423102728944	0.596162472380887	0.924285042876701	sample_2022120210047
HROV.vOTU61630	Responder_Status	Responder	0.444341120268225	0.82080805222421	0.592550782216418	0.924285042876701	sample_2022120210047
HROV.vOTU75469	Responder_Status	Responder	-0.356691421660547	0.658576029089813	0.592371190438751	0.924285042876701	sample_2022120210047
HROV.vOTU52384	Responder_Status	Responder	0.279472186060877	0.521640274261114	0.596357363292966	0.924285042876701	sample_2022120210047
HROV.vOTU02709	Responder_Status	Responder	0.402651350806933	0.739279041015138	0.590303383624673	0.924285042876701	sample_2022120210047
HROV.vOTU20478	Responder_Status	Responder	-0.424187062852828	0.780108132875291	0.590914326792111	0.924285042876701	sample_2022120210047
HROV.vOTU26728	Responder_Status	Responder	-0.16514502165531	0.302397469416872	0.589309468611509	0.924285042876701	sample_2022120210047
HROV.vOTU16457	Responder_Status	Responder	-0.209164456387795	0.388514292977653	0.594576016446564	0.924285042876701	sample_2022120210047
HROV.vOTU46569	Responder_Status	Responder	0.17528962923754	0.326689443189562	0.595807072558405	0.924285042876701	sample_2022120210047
HROV.vOTU66601	Responder_Status	Responder	0.447073293053523	0.834951222137436	0.596567557262276	0.924285042876701	sample_2022120210047
HROV.vOTU42674	Responder_Status	Responder	0.149155914709472	0.275063293677451	0.591929177663226	0.924285042876701	sample_2022120210047
HROV.vOTU73063	Responder_Status	Responder	-0.361717714033854	0.678256492541275	0.598030501407208	0.924285111419655	sample_2022120210047
HROV.vOTU15078	Responder_Status	Responder	0.244182778824415	0.458027340890416	0.598158128115893	0.924285111419655	sample_2022120210047
HROV.vOTU37537	Responder_Status	Responder	0.53451725576244	1.00297169095829	0.598284369089598	0.924374772724647	sample_2022120210047
HROV.vOTU50485	Responder_Status	Responder	-0.646375725445038	1.21455203504687	0.598790569816803	0.924602687781299	sample_2022120210047
HROV.vOTU10823	Responder_Status	Responder	-0.612994479805242	1.15361656001753	0.599354571371249	0.924848715125294	sample_2022120210047
HROV.vOTU09276	Responder_Status	Responder	-0.426933255062746	0.804138547693387	0.599660638109081	0.924932882531083	sample_2022120210047
HROV.vOTU18809	Responder_Status	Responder	0.271375772148754	0.511194180278701	0.599697366063339	0.924932882531083	sample_2022120210047
HROV.vOTU63233	Responder_Status	Responder	-0.450716155035799	0.850778374044609	0.600447937625658	0.925084687452416	sample_2022120210047
HROV.vOTU04890	Responder_Status	Responder	-0.668362218910389	1.26139488244229	0.600386041080931	0.925084687452416	sample_2022120210047
HROV.vOTU21560	Responder_Status	Responder	0.65315800641091	1.23312728844652	0.600511656036133	0.925084687452416	sample_2022120210047
HROV.vOTU18579	Responder_Status	Responder	-0.336998349078787	0.636692696147569	0.600772368521161	0.925084687452416	sample_2022120210047
HROV.vOTU17386	Responder_Status	Responder	0.227498519961431	0.429551021581637	0.600550488289019	0.925084687452416	sample_2022120210047
HROV.vOTU13727	Responder_Status	Responder	-0.376807718617065	0.712673948338107	0.601163467917405	0.925282956465941	sample_2022120210047
HROV.vOTU08951	Responder_Status	Responder	-0.41604317798635	0.790365345999197	0.602760085323285	0.925764199013657	sample_2022120210047
HROV.vOTU37726	Responder_Status	Responder	-0.442974091782786	0.839488993320533	0.601884492697583	0.925764199013657	sample_2022120210047
HROV.vOTU04431	Responder_Status	Responder	0.292231644563258	0.555293150353864	0.602847817643971	0.925764199013657	sample_2022120210047
HROV.vOTU07919	Responder_Status	Responder	-0.413348240484682	0.784182169625278	0.602270735454705	0.925764199013657	sample_2022120210047
HROV.vOTU19413	Responder_Status	Responder	0.393727165049221	0.748318198497268	0.602927446985353	0.925764199013657	sample_2022120210047
HROV.vOTU59165	Responder_Status	Responder	0.326151652307074	0.620589736428884	0.603337700503449	0.925951821093513	sample_2022120210047
HROV.vOTU49128	Responder_Status	Responder	-0.660924898722962	1.26014972177475	0.604071740208534	0.926069502574535	sample_2022120210047
HROV.vOTU12520	Responder_Status	Responder	0.317233691824363	0.604515531239183	0.60387123502388	0.926069502574535	sample_2022120210047
HROV.vOTU56171	Responder_Status	Responder	-0.516261654871941	0.984914417260653	0.604286011897471	0.926069502574535	sample_2022120210047
HROV.vOTU10989	Responder_Status	Responder	0.277431785462784	0.529049434506903	0.604129754577517	0.926069502574535	sample_2022120210047
HROV.vOTU20279	Responder_Status	Responder	-0.507513873791579	0.967902660631372	0.604165989637682	0.926069502574535	sample_2022120210047
HROV.vOTU04693	Responder_Status	Responder	0.223591589036904	0.426572363972782	0.604293159370948	0.926069502574535	sample_2022120210047
HROV.vOTU17522	Responder_Status	Responder	-0.262238634789235	0.500578895840088	0.604490788490599	0.926069502574535	sample_2022120210047
HROV.vOTU56181	Responder_Status	Responder	0.42919058087856	0.820053126018965	0.604835113205712	0.926258876217464	sample_2022120210047
HROV.vOTU35590	Responder_Status	Responder	0.429108380784856	0.819669669280842	0.604735851428262	0.926258876217464	sample_2022120210047
HROV.vOTU70013	Responder_Status	Responder	-0.391706765946185	0.750265535671053	0.605713271625789	0.926637035245769	sample_2022120210047
HROV.vOTU46316	Responder_Status	Responder	-0.259191536583486	0.497343868037335	0.606358863473309	0.926637035245769	sample_2022120210047
HROV.vOTU05840	Responder_Status	Responder	0.514697142940216	0.984889558211253	0.60536773126694	0.926637035245769	sample_2022120210047
HROV.vOTU12914	Responder_Status	Responder	0.173013011746304	0.331838511609781	0.60620379631414	0.926637035245769	sample_2022120210047
HROV.vOTU67096	Responder_Status	Responder	-0.593801381985867	1.14505655277932	0.608129266377551	0.927029033085229	sample_2022120210047
HROV.vOTU10034	Responder_Status	Responder	-0.396408218826852	0.76471246581601	0.608268820826933	0.927173948656618	sample_2022120210047
HROV.vOTU13086	Responder_Status	Responder	0.276091340485862	0.533232891013546	0.608686642231761	0.927403832732117	sample_2022120210047
HROV.vOTU55384	Responder_Status	Responder	-0.804462342953287	1.55586693158362	0.609181191517157	0.92761479111629	sample_2022120210047
HROV.vOTU72684	Responder_Status	Responder	0.381474007540569	0.737443529657438	0.60901471396915	0.92761479111629	sample_2022120210047
HROV.vOTU56648	Responder_Status	Responder	0.233939809333365	0.452641973525783	0.6093320712713	0.927708968826264	sample_2022120210047
HROV.vOTU52562	Responder_Status	Responder	-0.495182883297811	0.959249086420706	0.609754276952285	0.927741777884618	sample_2022120210047
HROV.vOTU00709	Responder_Status	Responder	-0.47482732354463	0.919536486574142	0.609645697743468	0.927741777884618	sample_2022120210047
HROV.vOTU19602	Responder_Status	Responder	0.29483713256492	0.573908966840141	0.611467835586728	0.928007451209544	sample_2022120210047
HROV.vOTU02103	Responder_Status	Responder	0.676336806481986	1.31658729723777	0.611488905395224	0.928007451209544	sample_2022120210047
HROV.vOTU30498	Responder_Status	Responder	-0.354233549304534	0.689506760730392	0.611458043395738	0.928007451209544	sample_2022120210047
HROV.vOTU12648	Responder_Status	Responder	-0.760578440835807	1.5018946577141	0.616531566494838	0.928466889188385	sample_2022120210047
HROV.vOTU53866	Responder_Status	Responder	-0.52163664540398	1.0302516632435	0.616596009459236	0.928466889188385	sample_2022120210047
HROV.vOTU65832	Responder_Status	Responder	-0.457148732104985	0.906579232663476	0.618026118012743	0.928466889188385	sample_2022120210047
HROV.vOTU04630	Responder_Status	Responder	-0.523958565936002	1.03316779323628	0.616029140879297	0.928466889188385	sample_2022120210047
HROV.vOTU09844	Responder_Status	Responder	-0.36337779112876	0.720208206712242	0.617825888783172	0.928466889188385	sample_2022120210047
HROV.vOTU10841	Responder_Status	Responder	0.467379680730947	0.926873101741377	0.618027893598386	0.928466889188385	sample_2022120210047
HROV.vOTU67283	Responder_Status	Responder	-0.461308961729866	0.914145317562439	0.617764377773427	0.928466889188385	sample_2022120210047
HROV.vOTU05407	Responder_Status	Responder	0.271284155351006	0.532310006831734	0.614300330816499	0.928466889188385	sample_2022120210047
HROV.vOTU62835	Responder_Status	Responder	0.425358348517303	0.845260663223971	0.618740314637634	0.928466889188385	sample_2022120210047
HROV.vOTU16750	Responder_Status	Responder	-0.683820125341948	1.34819288764338	0.615977569696608	0.928466889188385	sample_2022120210047
HROV.vOTU13816	Responder_Status	Responder	-0.386621543162547	0.762638175343661	0.616157375866401	0.928466889188385	sample_2022120210047
HROV.vOTU47152	Responder_Status	Responder	-0.292753828831736	0.581256813233335	0.618442499082032	0.928466889188385	sample_2022120210047
HROV.vOTU65585	Responder_Status	Responder	-0.534423297359573	1.06136066306961	0.618532720374659	0.928466889188385	sample_2022120210047
HROV.vOTU58977	Responder_Status	Responder	0.363875916984078	0.716283512706129	0.615428433025848	0.928466889188385	sample_2022120210047
HROV.vOTU40750	Responder_Status	Responder	-0.327092085357986	0.642759458959632	0.614818109210252	0.928466889188385	sample_2022120210047
HROV.vOTU16495	Responder_Status	Responder	-0.216687218224989	0.43011316577966	0.618349123278279	0.928466889188385	sample_2022120210047
HROV.vOTU07891	Responder_Status	Responder	-0.318313496320388	0.62099156744119	0.612259016414132	0.928466889188385	sample_2022120210047
HROV.vOTU74110	Responder_Status	Responder	0.386478478189836	0.7672026745523	0.618377574435312	0.928466889188385	sample_2022120210047
HROV.vOTU02759	Responder_Status	Responder	0.732288562646157	1.44177514726034	0.615496160801339	0.928466889188385	sample_2022120210047
HROV.vOTU53150	Responder_Status	Responder	-0.398792176872485	0.79205081277566	0.618555896914895	0.928466889188385	sample_2022120210047
HROV.vOTU12753	Responder_Status	Responder	0.452133570723654	0.885196175163161	0.613514430751729	0.928466889188385	sample_2022120210047
HROV.vOTU01502	Responder_Status	Responder	0.635664709010105	1.26310513772781	0.61872077600348	0.928466889188385	sample_2022120210047
HROV.vOTU22859	Responder_Status	Responder	-0.323509061470241	0.634929465427835	0.614380544905031	0.928466889188385	sample_2022120210047
HROV.vOTU30360	Responder_Status	Responder	0.320594030174152	0.630468894816306	0.615085438330527	0.928466889188385	sample_2022120210047
HROV.vOTU32409	Responder_Status	Responder	0.293934789250218	0.574130451481971	0.612689984853866	0.928466889188385	sample_2022120210047
HROV.vOTU69300	Responder_Status	Responder	0.69721410465685	1.38161485410388	0.617762348731159	0.928466889188385	sample_2022120210047
HROV.vOTU51691	Responder_Status	Responder	0.662239340667202	1.30839750248978	0.616716761028743	0.928466889188385	sample_2022120210047
HROV.vOTU12546	Responder_Status	Responder	0.177714016802609	0.350888790855342	0.616493067557196	0.928466889188385	sample_2022120210047
HROV.vOTU49930	Responder_Status	Responder	0.428107591520129	0.83711606483613	0.61307517587061	0.928466889188385	sample_2022120210047
HROV.vOTU56612	Responder_Status	Responder	0.255513863691228	0.506715898552105	0.618027579771452	0.928466889188385	sample_2022120210047
HROV.vOTU11334	Responder_Status	Responder	0.103574482014963	0.204710729235493	0.616848467944569	0.928466889188385	sample_2022120210047
HROV.vOTU56647	Responder_Status	Responder	0.38423135935049	0.750465743786447	0.612672453857588	0.928466889188385	sample_2022120210047
HROV.vOTU67775	Responder_Status	Responder	0.173083593581387	0.341801079585763	0.616549392918802	0.928466889188385	sample_2022120210047
HROV.vOTU31635	Responder_Status	Responder	-0.181342147913083	0.35649653884311	0.614962512390574	0.928466889188385	sample_2022120210047
HROV.vOTU56302	Responder_Status	Responder	0.219280432999841	0.436020249276848	0.618958258803596	0.928558865665975	sample_2022120210047
HROV.vOTU07068	Responder_Status	Responder	-0.482365562421012	0.961326326788454	0.619751548048849	0.928583603701941	sample_2022120210047
HROV.vOTU49019	Responder_Status	Responder	0.393793279262841	0.784860277805389	0.619775226221434	0.928583603701941	sample_2022120210047
HROV.vOTU51625	Responder_Status	Responder	-0.383096088195426	0.762938754448456	0.619500651973475	0.928583603701941	sample_2022120210047
HROV.vOTU34476	Responder_Status	Responder	-0.406066196956237	0.811568413218171	0.620740521258322	0.929062195601863	sample_2022120210047
HROV.vOTU46735	Responder_Status	Responder	-0.239472494427146	0.479059656240247	0.621065243236896	0.929079008617968	sample_2022120210047
HROV.vOTU08081	Responder_Status	Responder	-0.486600290586347	0.973779556519311	0.621188719555707	0.929197022361537	sample_2022120210047
HROV.vOTU00966	Responder_Status	Responder	-0.514953556957303	1.03179762917328	0.621619051694522	0.929324899509623	sample_2022120210047
HROV.vOTU67522	Responder_Status	Responder	-0.561055320494818	1.12416833092513	0.621618410781011	0.929324899509623	sample_2022120210047
HROV.vOTU01160	Responder_Status	Responder	-0.165976519935034	0.333738624346511	0.622842968239526	0.929523926484203	sample_2022120210047
HROV.vOTU28719	Responder_Status	Responder	0.301246457684014	0.607699721413167	0.623963412840825	0.929861243518728	sample_2022120210047
HROV.vOTU29841	Responder_Status	Responder	0.451859195185179	0.914107605408982	0.624938202725037	0.929861243518728	sample_2022120210047
HROV.vOTU51983	Responder_Status	Responder	-0.500110654912297	1.00909046664633	0.624040469024372	0.929861243518728	sample_2022120210047
HROV.vOTU64692	Responder_Status	Responder	0.264979753783529	0.535228388987218	0.624408012365898	0.929861243518728	sample_2022120210047
HROV.vOTU15513	Responder_Status	Responder	0.377132659348989	0.763590274586531	0.62523334182962	0.929882598480452	sample_2022120210047
HROV.vOTU66879	Responder_Status	Responder	0.353788847275018	0.718313408749185	0.626186833669464	0.930196992919783	sample_2022120210047
HROV.vOTU12332	Responder_Status	Responder	-0.38867554706211	0.788792007785973	0.626032842548606	0.930196992919783	sample_2022120210047
HROV.vOTU20938	Responder_Status	Responder	0.44107830080604	0.895664271610076	0.626234094420592	0.9302008929241	sample_2022120210047
HROV.vOTU67651	Responder_Status	Responder	-0.50840375675759	1.03292135299739	0.626415224444939	0.930337320227517	sample_2022120210047
HROV.vOTU18901	Responder_Status	Responder	-0.450185520631196	0.918769667975673	0.627960269812842	0.931108163693599	sample_2022120210047
HROV.vOTU50051	Responder_Status	Responder	-0.435046038623428	0.888752947510506	0.628299675796257	0.931150219034162	sample_2022120210047
HROV.vOTU11248	Responder_Status	Responder	-0.215984219681235	0.441787164946473	0.628728967847471	0.931179413881318	sample_2022120210047
HROV.vOTU50467	Responder_Status	Responder	0.381555238530492	0.781313147852243	0.629103916659163	0.931476065589837	sample_2022120210047
HROV.vOTU75179	Responder_Status	Responder	0.603224899038649	1.23620862292982	0.629374957963212	0.93167879840555	sample_2022120210047
HROV.vOTU64693	Responder_Status	Responder	-0.340161642495393	0.698484190385396	0.630049291278151	0.931886556438288	sample_2022120210047
HROV.vOTU01220	Responder_Status	Responder	-0.395421732147157	0.811936843820383	0.630041816463811	0.931886556438288	sample_2022120210047
HROV.vOTU52713	Responder_Status	Responder	-0.387512975041076	0.79788891757826	0.630978133237718	0.931959875661445	sample_2022120210047
HROV.vOTU04318	Responder_Status	Responder	-0.533840507539661	1.09971138050783	0.631143336673275	0.931959875661445	sample_2022120210047
HROV.vOTU52289	Responder_Status	Responder	-0.329281724359069	0.678001429275682	0.630983456157069	0.931959875661445	sample_2022120210047
HROV.vOTU08333	Responder_Status	Responder	-0.544970872473732	1.12367700909846	0.631457126079868	0.931959875661445	sample_2022120210047
HROV.vOTU53278	Responder_Status	Responder	-0.280261896364465	0.577370176403308	0.631161415223754	0.931959875661445	sample_2022120210047
HROV.vOTU73512	Responder_Status	Responder	0.411276847462875	0.846111437986794	0.630693886016145	0.931959875661445	sample_2022120210047
HROV.vOTU43064	Responder_Status	Responder	-0.373612502189013	0.771370799352021	0.631905577142775	0.932217798569492	sample_2022120210047
HROV.vOTU21069	Responder_Status	Responder	0.452376643393882	0.935580881489631	0.632482978584727	0.932228620550058	sample_2022120210047
HROV.vOTU28313	Responder_Status	Responder	0.19025391966142	0.39334941014133	0.632376613111472	0.932228620550058	sample_2022120210047
HROV.vOTU00572	Responder_Status	Responder	-0.485264842853265	1.00839596791115	0.634096408067406	0.932677154699087	sample_2022120210047
HROV.vOTU43598	Responder_Status	Responder	0.231172900941007	0.47975660669195	0.633654328751815	0.932677154699087	sample_2022120210047
HROV.vOTU41183	Responder_Status	Responder	-0.510025707676509	1.05986321908994	0.634100670396591	0.932677154699087	sample_2022120210047
HROV.vOTU25215	Responder_Status	Responder	-0.292963690494347	0.608356151396342	0.633856711728702	0.932677154699087	sample_2022120210047
HROV.vOTU21986	Responder_Status	Responder	0.295836383427034	0.614407472461361	0.633904011866355	0.932677154699087	sample_2022120210047
HROV.vOTU21695	Responder_Status	Responder	-0.401200414956407	0.837081202537087	0.635458183523528	0.932756279148226	sample_2022120210047
HROV.vOTU13703	Responder_Status	Responder	-0.585444614199811	1.22079710872922	0.635265471086891	0.932756279148226	sample_2022120210047
HROV.vOTU06205	Responder_Status	Responder	0.469136875293634	0.978277142506938	0.635269083939793	0.932756279148226	sample_2022120210047
HROV.vOTU18912	Responder_Status	Responder	0.254476648744577	0.531317889782057	0.635690907428533	0.932812175102846	sample_2022120210047
HROV.vOTU18575	Responder_Status	Responder	0.302843735577669	0.6326540628692	0.635877753544026	0.933020656470992	sample_2022120210047
HROV.vOTU25853	Responder_Status	Responder	-0.292543801871853	0.611647354302584	0.636158405485261	0.933166979731582	sample_2022120210047
HROV.vOTU18898	Responder_Status	Responder	0.227171330178398	0.475172334108559	0.636303444896216	0.933166979731582	sample_2022120210047
HROV.vOTU02169	Responder_Status	Responder	0.60565873692141	1.26800433461164	0.636609056575803	0.933250566947287	sample_2022120210047
HROV.vOTU49736	Responder_Status	Responder	0.526921149017964	1.10348121857596	0.63670690299054	0.933250566947287	sample_2022120210047
HROV.vOTU19568	Responder_Status	Responder	0.409333757684317	0.857325297958496	0.636744594340663	0.933250566947287	sample_2022120210047
HROV.vOTU12284	Responder_Status	Responder	-0.434470890854377	0.918619675887306	0.639907580300938	0.933287241482482	sample_2022120210047
HROV.vOTU31555	Responder_Status	Responder	0.50419539184196	1.06809465715837	0.640548467291414	0.933287241482482	sample_2022120210047
HROV.vOTU66575	Responder_Status	Responder	-0.49708219377823	1.05292891691344	0.640517799274256	0.933287241482482	sample_2022120210047
HROV.vOTU36786	Responder_Status	Responder	-0.509140374566274	1.07851846256241	0.640532511061105	0.933287241482482	sample_2022120210047
HROV.vOTU36831	Responder_Status	Responder	-0.560320191465293	1.18314155218861	0.639466415993909	0.933287241482482	sample_2022120210047
HROV.vOTU36027	Responder_Status	Responder	-0.483241326349903	1.01868261232601	0.638908692520848	0.933287241482482	sample_2022120210047
HROV.vOTU18560	Responder_Status	Responder	0.204907158646914	0.434208616227155	0.640648397308651	0.933287241482482	sample_2022120210047
HROV.vOTU70820	Responder_Status	Responder	-0.563356150150185	1.19324122528018	0.640498153852581	0.933287241482482	sample_2022120210047
HROV.vOTU59373	Responder_Status	Responder	0.561264590000928	1.18860798024477	0.640441281599369	0.933287241482482	sample_2022120210047
HROV.vOTU47867	Responder_Status	Responder	-0.363269371136364	0.767641864086419	0.639719392515904	0.933287241482482	sample_2022120210047
HROV.vOTU29370	Responder_Status	Responder	0.307946295092063	0.649102577756816	0.638880637645267	0.933287241482482	sample_2022120210047
HROV.vOTU44787	Responder_Status	Responder	0.55165881365786	1.16669186767743	0.639992403302457	0.933287241482482	sample_2022120210047
HROV.vOTU49940	Responder_Status	Responder	-0.469854778294771	0.989971915367199	0.638742838606632	0.933287241482482	sample_2022120210047
HROV.vOTU15938	Responder_Status	Responder	-0.399386507954778	0.839276899926539	0.637859155986238	0.933287241482482	sample_2022120210047
HROV.vOTU05388	Responder_Status	Responder	-0.395206175871199	0.830020549737542	0.637668869220933	0.933287241482482	sample_2022120210047
HROV.vOTU15351	Responder_Status	Responder	-0.43899630363061	0.924223848603676	0.638478911205643	0.933287241482482	sample_2022120210047
HROV.vOTU14422	Responder_Status	Responder	0.605977183343191	1.28504705228599	0.640894571235465	0.933546016953037	sample_2022120210047
HROV.vOTU41534	Responder_Status	Responder	0.314759794242854	0.667756242995763	0.641029255084088	0.933569388251367	sample_2022120210047
HROV.vOTU21972	Responder_Status	Responder	-0.12252499771675	0.260429403143153	0.641661444629555	0.933836851121484	sample_2022120210047
HROV.vOTU58577	Responder_Status	Responder	0.254682498354897	0.541653251638739	0.641857763408799	0.933969821913097	sample_2022120210047
HROV.vOTU52139	Responder_Status	Responder	0.552755555005704	1.17710039258684	0.642283904950143	0.934166613346152	sample_2022120210047
HROV.vOTU07511	Responder_Status	Responder	0.403432946895654	0.859291428412351	0.642351610808558	0.934166613346152	sample_2022120210047
HROV.vOTU41596	Responder_Status	Responder	-0.218793667341295	0.465988893817658	0.642330017955473	0.934166613346152	sample_2022120210047
HROV.vOTU10969	Responder_Status	Responder	0.350511109538641	0.747723496691382	0.642862616094941	0.934453297022988	sample_2022120210047
HROV.vOTU44031	Responder_Status	Responder	-0.503788128576093	1.07604905618685	0.643277682549071	0.934560468557418	sample_2022120210047
HROV.vOTU01364	Responder_Status	Responder	-0.23071846853896	0.492907134518875	0.643352747837727	0.934560468557418	sample_2022120210047
HROV.vOTU29546	Responder_Status	Responder	0.500598119504636	1.06854838093945	0.643065085221477	0.934560468557418	sample_2022120210047
HROV.vOTU04983	Responder_Status	Responder	0.436915218619903	0.934113274277393	0.643595986619926	0.934560468557418	sample_2022120210047
HROV.vOTU42319	Responder_Status	Responder	0.177544089961203	0.379558015221596	0.643572839228505	0.934560468557418	sample_2022120210047
HROV.vOTU74737	Responder_Status	Responder	-0.59207198533892	1.26993505918952	0.644663275757084	0.93458581054033	sample_2022120210047
HROV.vOTU34848	Responder_Status	Responder	0.616605839509214	1.32101873531024	0.644279367480269	0.93458581054033	sample_2022120210047
HROV.vOTU07116	Responder_Status	Responder	-0.22688833323496	0.486901188514171	0.644831463645817	0.93458581054033	sample_2022120210047
HROV.vOTU70281	Responder_Status	Responder	-0.508732092825116	1.09176695141805	0.64484067146938	0.93458581054033	sample_2022120210047
HROV.vOTU42914	Responder_Status	Responder	0.312064859506636	0.668484810391148	0.644237841827996	0.93458581054033	sample_2022120210047
HROV.vOTU38896	Responder_Status	Responder	0.175068169375439	0.376045690180076	0.645138392853985	0.934649073820102	sample_2022120210047
HROV.vOTU72167	Responder_Status	Responder	-0.372742303956413	0.800617066104087	0.64512530363775	0.934649073820102	sample_2022120210047
HROV.vOTU27652	Responder_Status	Responder	-0.313500162338785	0.674571035221682	0.645711452871822	0.935111059110589	sample_2022120210047
HROV.vOTU46852	Responder_Status	Responder	-0.276203742951867	0.594834607052827	0.645996558112197	0.935160341140469	sample_2022120210047
HROV.vOTU19804	Responder_Status	Responder	-0.344927016028835	0.744981832790245	0.646942480718959	0.935338811638475	sample_2022120210047
HROV.vOTU58024	Responder_Status	Responder	0.229160336672642	0.494770219089556	0.646825945005856	0.935338811638475	sample_2022120210047
HROV.vOTU55389	Responder_Status	Responder	0.496234186212992	1.07234460298	0.647115459983878	0.935338811638475	sample_2022120210047
HROV.vOTU28892	Responder_Status	Responder	-0.732292162822078	1.58497381743075	0.647635747104356	0.935454764197303	sample_2022120210047
HROV.vOTU35482	Responder_Status	Responder	-0.666972696015177	1.44509888874616	0.647976068935845	0.935495095319265	sample_2022120210047
HROV.vOTU41690	Responder_Status	Responder	0.305527059936627	0.666972628425363	0.650430072272019	0.935495095319265	sample_2022120210047
HROV.vOTU45083	Responder_Status	Responder	-0.197803342070995	0.429932409280641	0.649011623502165	0.935495095319265	sample_2022120210047
HROV.vOTU33154	Responder_Status	Responder	-0.44904073271515	0.976117325837439	0.649048968673304	0.935495095319265	sample_2022120210047
HROV.vOTU27487	Responder_Status	Responder	-0.494635169234218	1.07861288541801	0.650072336076823	0.935495095319265	sample_2022120210047
HROV.vOTU73506	Responder_Status	Responder	0.689602104859821	1.50570552076619	0.650492294926654	0.935495095319265	sample_2022120210047
HROV.vOTU56560	Responder_Status	Responder	0.249982637002828	0.542980295802908	0.648791999400628	0.935495095319265	sample_2022120210047
HROV.vOTU25786	Responder_Status	Responder	-0.309278899400462	0.673261208224088	0.649512098237242	0.935495095319265	sample_2022120210047
HROV.vOTU22902	Responder_Status	Responder	-0.641820371246959	1.39725448563995	0.64953363840236	0.935495095319265	sample_2022120210047
HROV.vOTU08786	Responder_Status	Responder	-0.361388861682437	0.787844615354165	0.649986319804373	0.935495095319265	sample_2022120210047
HROV.vOTU71891	Responder_Status	Responder	0.221439333247507	0.481227543655126	0.64895840791684	0.935495095319265	sample_2022120210047
HROV.vOTU48889	Responder_Status	Responder	0.159378988002199	0.347117459059819	0.649671174478533	0.935495095319265	sample_2022120210047
HROV.vOTU15208	Responder_Status	Responder	-0.287036143162431	0.628222410949401	0.651266453340823	0.936027095698121	sample_2022120210047
HROV.vOTU61871	Responder_Status	Responder	-0.426494326845964	0.934039050353159	0.651471781669575	0.936128520305726	sample_2022120210047
HROV.vOTU04898	Responder_Status	Responder	0.277405069448743	0.607526169211064	0.651470901830619	0.936128520305726	sample_2022120210047
HROV.vOTU16732	Responder_Status	Responder	0.54467308305411	1.19607858582196	0.652345932962434	0.936281283234727	sample_2022120210047
HROV.vOTU22382	Responder_Status	Responder	0.36302588024992	0.797337050290111	0.652405947684504	0.936281283234727	sample_2022120210047
HROV.vOTU30434	Responder_Status	Responder	0.38685699928654	0.849882493913632	0.652483464541753	0.936282628026086	sample_2022120210047
HROV.vOTU21230	Responder_Status	Responder	-0.207264470472334	0.455731220185176	0.652763040411743	0.936458257787313	sample_2022120210047
HROV.vOTU50222	Responder_Status	Responder	-0.59610738105809	1.31098233730804	0.652828846898533	0.936458257787313	sample_2022120210047
HROV.vOTU62337	Responder_Status	Responder	0.385763815620651	0.848223499153471	0.652766680918788	0.936458257787313	sample_2022120210047
HROV.vOTU70430	Responder_Status	Responder	-0.502158450949847	1.10506517597805	0.65303327869498	0.936499692265578	sample_2022120210047
HROV.vOTU21251	Responder_Status	Responder	-0.224609058840667	0.494756477305626	0.653343406567788	0.93664210848394	sample_2022120210047
HROV.vOTU05947	Responder_Status	Responder	-0.388732563001188	0.858626576637452	0.654226310115345	0.937066695433888	sample_2022120210047
HROV.vOTU50916	Responder_Status	Responder	0.469044218747829	1.03672206146947	0.654445145801879	0.937066695433888	sample_2022120210047
HROV.vOTU04797	Responder_Status	Responder	0.446342067316304	0.986284168024618	0.654360403902768	0.937066695433888	sample_2022120210047
HROV.vOTU07984	Responder_Status	Responder	0.280864211409157	0.620554206921057	0.654322649652777	0.937066695433888	sample_2022120210047
HROV.vOTU28243	Responder_Status	Responder	-0.430358976937737	0.951032619893142	0.654382871846481	0.937066695433888	sample_2022120210047
HROV.vOTU74463	Responder_Status	Responder	0.323987931829881	0.716420082209814	0.654586228240238	0.937066695433888	sample_2022120210047
HROV.vOTU60429	Responder_Status	Responder	-0.216725257799461	0.480689706390156	0.655560481029006	0.937071091752442	sample_2022120210047
HROV.vOTU52589	Responder_Status	Responder	-0.261367383884994	0.579949118695484	0.655695888669721	0.93712683083309	sample_2022120210047
HROV.vOTU50705	Responder_Status	Responder	0.38453211501062	0.85408632455525	0.656014000500443	0.937227104300352	sample_2022120210047
HROV.vOTU23542	Responder_Status	Responder	-0.359847575265813	0.799222407441883	0.655999172948173	0.937227104300352	sample_2022120210047
HROV.vOTU17254	Responder_Status	Responder	-0.381133399487103	0.847714415020518	0.656459305771951	0.93730682981566	sample_2022120210047
HROV.vOTU18653	Responder_Status	Responder	-0.324735529654045	0.72191046112885	0.656297720185158	0.93730682981566	sample_2022120210047
HROV.vOTU00780	Responder_Status	Responder	-0.401515625975751	0.892860790731047	0.656391989164971	0.93730682981566	sample_2022120210047
HROV.vOTU10675	Responder_Status	Responder	0.472407747406919	1.05092392674517	0.656519567889596	0.93730682981566	sample_2022120210047
HROV.vOTU02911	Responder_Status	Responder	0.362564418668203	0.806682904730662	0.656566323463118	0.937309369843224	sample_2022120210047
HROV.vOTU12311	Responder_Status	Responder	0.600198535507474	1.33589983446899	0.656685240015742	0.937393601524231	sample_2022120210047
HROV.vOTU28659	Responder_Status	Responder	0.303134569891045	0.675107910586036	0.65687594792616	0.937494504504943	sample_2022120210047
HROV.vOTU60573	Responder_Status	Responder	0.365928387237991	0.815284867441053	0.657005275258037	0.937614869299288	sample_2022120210047
HROV.vOTU14527	Responder_Status	Responder	-0.329723693337088	0.735117656274256	0.657221343694369	0.937769085686229	sample_2022120210047
HROV.vOTU42122	Responder_Status	Responder	-0.258598173093072	0.576571944640942	0.657237065268903	0.937769085686229	sample_2022120210047
HROV.vOTU54100	Responder_Status	Responder	-0.348429248407056	0.77829523042783	0.657826819235941	0.937823978169176	sample_2022120210047
HROV.vOTU41415	Responder_Status	Responder	-0.528484652701402	1.18136830782123	0.658064305942876	0.937887271450533	sample_2022120210047
HROV.vOTU23194	Responder_Status	Responder	0.400935203333577	0.896636440046037	0.658203319913713	0.937887271450533	sample_2022120210047
HROV.vOTU17996	Responder_Status	Responder	-0.417753177269091	0.934816977998547	0.658397618728188	0.937990238801247	sample_2022120210047
HROV.vOTU28582	Responder_Status	Responder	0.138266229024127	0.309543288601171	0.658543257532489	0.937990238801247	sample_2022120210047
HROV.vOTU59691	Responder_Status	Responder	0.620228532936163	1.40051521670038	0.661271480300611	0.938178468124039	sample_2022120210047
HROV.vOTU02808	Responder_Status	Responder	-0.437643571862343	0.983165527999169	0.659642998615282	0.938178468124039	sample_2022120210047
HROV.vOTU52452	Responder_Status	Responder	-0.62102918267905	1.40080917665091	0.660929453713506	0.938178468124039	sample_2022120210047
HROV.vOTU19767	Responder_Status	Responder	0.323535841287597	0.726311257145422	0.659419229240945	0.938178468124039	sample_2022120210047
HROV.vOTU69432	Responder_Status	Responder	-0.175816816192188	0.395919462659727	0.660403555497214	0.938178468124039	sample_2022120210047
HROV.vOTU12957	Responder_Status	Responder	-0.337214167163216	0.760991871504205	0.661080581907298	0.938178468124039	sample_2022120210047
HROV.vOTU33181	Responder_Status	Responder	-0.193273063988851	0.436009968937035	0.660971842280966	0.938178468124039	sample_2022120210047
HROV.vOTU05029	Responder_Status	Responder	0.547042685695988	1.23140907081171	0.660282803265319	0.938178468124039	sample_2022120210047
HROV.vOTU07631	Responder_Status	Responder	0.485451426161529	1.09296448976855	0.660340615841969	0.938178468124039	sample_2022120210047
HROV.vOTU21643	Responder_Status	Responder	-0.11808551357369	0.265622901607659	0.660054621747605	0.938178468124039	sample_2022120210047
HROV.vOTU33099	Responder_Status	Responder	0.500943579784002	1.13309511091509	0.661811463366083	0.938486200138995	sample_2022120210047
HROV.vOTU32153	Responder_Status	Responder	-0.56876086674669	1.28817987280976	0.662225532122915	0.938625071625973	sample_2022120210047
HROV.vOTU24413	Responder_Status	Responder	0.20088782993815	0.455559461439183	0.662621294126719	0.938687225178494	sample_2022120210047
HROV.vOTU66843	Responder_Status	Responder	-0.404933946346383	0.918543529663542	0.662711424772741	0.938751093818918	sample_2022120210047
HROV.vOTU59600	Responder_Status	Responder	0.446744433633549	1.01353597563114	0.662758229178918	0.938753584998889	sample_2022120210047
HROV.vOTU64818	Responder_Status	Responder	0.210747323146284	0.478710185415603	0.663143259540804	0.938916062832418	sample_2022120210047
HROV.vOTU29058	Responder_Status	Responder	0.450019923900276	1.03013956314343	0.665568270080967	0.940016963413857	sample_2022120210047
HROV.vOTU00904	Responder_Status	Responder	0.632069013843822	1.44547400005913	0.665266451706136	0.940016963413857	sample_2022120210047
HROV.vOTU52590	Responder_Status	Responder	-0.510644041116329	1.16871977165796	0.665516220369066	0.940016963413857	sample_2022120210047
HROV.vOTU61322	Responder_Status	Responder	-0.370298594138124	0.846509257491655	0.665146583290303	0.940016963413857	sample_2022120210047
HROV.vOTU63635	Responder_Status	Responder	-0.162224742306017	0.370463817549903	0.664821036798869	0.940016963413857	sample_2022120210047
HROV.vOTU53502	Responder_Status	Responder	-0.407914514122126	0.933196471363572	0.665380521141193	0.940016963413857	sample_2022120210047
HROV.vOTU54487	Responder_Status	Responder	0.293201244638125	0.670401953339224	0.665211388704296	0.940016963413857	sample_2022120210047
HROV.vOTU27155	Responder_Status	Responder	0.0439623095561491	0.10065649751411	0.665638177841541	0.940016963413857	sample_2022120210047
HROV.vOTU02552	Responder_Status	Responder	-0.493033549594091	1.13396332159438	0.66704908846253	0.940548241106842	sample_2022120210047
HROV.vOTU53905	Responder_Status	Responder	-0.291813731067421	0.672645964487844	0.66773661799987	0.940562417583427	sample_2022120210047
HROV.vOTU13787	Responder_Status	Responder	0.476060280425642	1.09632299808651	0.667446740384018	0.940562417583427	sample_2022120210047
HROV.vOTU43815	Responder_Status	Responder	-0.246201927872353	0.567691852259472	0.667837242516648	0.940562417583427	sample_2022120210047
HROV.vOTU07848	Responder_Status	Responder	-0.468495568404771	1.07927985323898	0.66755576842692	0.940562417583427	sample_2022120210047
HROV.vOTU41630	Responder_Status	Responder	-0.418508053576085	0.964322116129918	0.667620109549775	0.940562417583427	sample_2022120210047
HROV.vOTU15604	Responder_Status	Responder	-0.362373333965313	0.833936081851306	0.667231441346985	0.940562417583427	sample_2022120210047
HROV.vOTU57517	Responder_Status	Responder	-0.465725492645891	1.07589980909248	0.668424870931083	0.940896609942842	sample_2022120210047
HROV.vOTU35718	Responder_Status	Responder	-0.500732053169408	1.15633703203231	0.66830837858297	0.940896609942842	sample_2022120210047
HROV.vOTU10480	Responder_Status	Responder	0.436881687149565	1.01207896097497	0.669288803003655	0.941186997446827	sample_2022120210047
HROV.vOTU66687	Responder_Status	Responder	-0.366064157114497	0.847494993738189	0.669095547358912	0.941186997446827	sample_2022120210047
HROV.vOTU55043	Responder_Status	Responder	0.203773739549526	0.472091854304327	0.669308603750574	0.941186997446827	sample_2022120210047
HROV.vOTU14738	Responder_Status	Responder	0.487950152127081	1.12999946827322	0.669183286677869	0.941186997446827	sample_2022120210047
HROV.vOTU65967	Responder_Status	Responder	-0.338249824454946	0.785944412285855	0.670218429357959	0.941335974295493	sample_2022120210047
HROV.vOTU36670	Responder_Status	Responder	-0.35123279461544	0.816297258348953	0.67028895100423	0.941335974295493	sample_2022120210047
HROV.vOTU54096	Responder_Status	Responder	-0.385447037947625	0.896952594508532	0.670681457242232	0.941483542553842	sample_2022120210047
HROV.vOTU75110	Responder_Status	Responder	-0.35214516071792	0.819841187537586	0.670825996119603	0.941483751404482	sample_2022120210047
HROV.vOTU53898	Responder_Status	Responder	-0.272729423869072	0.635457345924377	0.671072232842887	0.941483751404482	sample_2022120210047
HROV.vOTU69548	Responder_Status	Responder	-0.354554575527046	0.827490551056276	0.671587461557268	0.941668575783394	sample_2022120210047
HROV.vOTU18238	Responder_Status	Responder	0.273706926406417	0.640686490811286	0.67249460898368	0.942487400889031	sample_2022120210047
HROV.vOTU75645	Responder_Status	Responder	-0.304705414775085	0.716689875851359	0.673972275953047	0.942814937354779	sample_2022120210047
HROV.vOTU62590	Responder_Status	Responder	0.397373642050016	0.93400585133621	0.673760266442397	0.942814937354779	sample_2022120210047
HROV.vOTU55191	Responder_Status	Responder	-0.314768129206381	0.739662281531523	0.673684182232748	0.942814937354779	sample_2022120210047
HROV.vOTU00623	Responder_Status	Responder	0.575526056945678	1.35203357685997	0.673599320181901	0.942814937354779	sample_2022120210047
HROV.vOTU71719	Responder_Status	Responder	0.368405623194189	0.865963122765408	0.673776217451598	0.942814937354779	sample_2022120210047
HROV.vOTU11217	Responder_Status	Responder	-0.121531369920453	0.28497951366027	0.673036138924103	0.942814937354779	sample_2022120210047
HROV.vOTU50116	Responder_Status	Responder	-0.307147843600026	0.723799614547386	0.674549931282636	0.943034117642019	sample_2022120210047
HROV.vOTU45464	Responder_Status	Responder	-0.286076094418059	0.675019038316347	0.674946539406405	0.943272609784194	sample_2022120210047
HROV.vOTU47902	Responder_Status	Responder	0.355113053014076	0.840936478280731	0.676043651950712	0.9435080736587	sample_2022120210047
HROV.vOTU69384	Responder_Status	Responder	0.488467274877953	1.1577630807358	0.676315424442828	0.943560432162252	sample_2022120210047
HROV.vOTU63283	Responder_Status	Responder	0.432388263709024	1.02600414185265	0.67665934867682	0.943613805870347	sample_2022120210047
HROV.vOTU51836	Responder_Status	Responder	-0.355298471550947	0.843601738756808	0.676847576721501	0.943628001328342	sample_2022120210047
HROV.vOTU04021	Responder_Status	Responder	-0.367654514295786	0.87496103596956	0.677549978065842	0.943734520111477	sample_2022120210047
HROV.vOTU49746	Responder_Status	Responder	0.603557311493445	1.43662556676964	0.677603242921674	0.943734520111477	sample_2022120210047
HROV.vOTU73396	Responder_Status	Responder	-0.253204136242853	0.602898899603848	0.677707019188426	0.943734520111477	sample_2022120210047
HROV.vOTU45592	Responder_Status	Responder	0.260486094844189	0.619198897269791	0.677198356662549	0.943734520111477	sample_2022120210047
HROV.vOTU63062	Responder_Status	Responder	-0.210415189656116	0.502484375382762	0.678593873089915	0.943734520111477	sample_2022120210047
HROV.vOTU74911	Responder_Status	Responder	-0.288503538740179	0.688217478240919	0.678265732282594	0.943734520111477	sample_2022120210047
HROV.vOTU12483	Responder_Status	Responder	0.299173014985297	0.718311094340432	0.680223327694261	0.944301502074901	sample_2022120210047
HROV.vOTU65018	Responder_Status	Responder	-0.322193837535867	0.774111500666434	0.680428615150161	0.944344380973412	sample_2022120210047
HROV.vOTU67701	Responder_Status	Responder	-0.397311600967395	0.954756931411812	0.680480785464382	0.944344380973412	sample_2022120210047
HROV.vOTU74280	Responder_Status	Responder	0.208956756942259	0.502394077638073	0.680637713354955	0.944436377010271	sample_2022120210047
HROV.vOTU33134	Responder_Status	Responder	0.479229080887081	1.15758568569856	0.682035468386528	0.945054465503674	sample_2022120210047
HROV.vOTU37008	Responder_Status	Responder	0.549763147238955	1.3351955866438	0.683659702373693	0.94510698246362	sample_2022120210047
HROV.vOTU73002	Responder_Status	Responder	-0.45783686441956	1.11267224089166	0.683856948214772	0.94510698246362	sample_2022120210047
HROV.vOTU05726	Responder_Status	Responder	-0.337802447044129	0.830759513136025	0.687379392188152	0.94510698246362	sample_2022120210047
HROV.vOTU18513	Responder_Status	Responder	-0.567280295723817	1.39451574847974	0.687252375049547	0.94510698246362	sample_2022120210047
HROV.vOTU29891	Responder_Status	Responder	0.214705210636342	0.523834229340115	0.685018599045074	0.94510698246362	sample_2022120210047
HROV.vOTU33001	Responder_Status	Responder	0.32480925987437	0.79380127543153	0.685519240024854	0.94510698246362	sample_2022120210047
HROV.vOTU11143	Responder_Status	Responder	0.454560373539666	1.10401315437897	0.683668914098068	0.94510698246362	sample_2022120210047
HROV.vOTU30479	Responder_Status	Responder	0.552328071621619	1.35635988555195	0.686947644336843	0.94510698246362	sample_2022120210047
HROV.vOTU01038	Responder_Status	Responder	-0.115998120465997	0.280333500827382	0.682183140278648	0.94510698246362	sample_2022120210047
HROV.vOTU73093	Responder_Status	Responder	-0.260558906845608	0.64025335455562	0.687130089686999	0.94510698246362	sample_2022120210047
HROV.vOTU33392	Responder_Status	Responder	-0.347851886096971	0.855307838277754	0.687321982414124	0.94510698246362	sample_2022120210047
HROV.vOTU72013	Responder_Status	Responder	-0.20214945261691	0.496973359854928	0.687276050462742	0.94510698246362	sample_2022120210047
HROV.vOTU16249	Responder_Status	Responder	0.241176244609396	0.590752769641246	0.686193664533671	0.94510698246362	sample_2022120210047
HROV.vOTU07216	Responder_Status	Responder	-0.375990486098488	0.921146515113335	0.68624864915591	0.94510698246362	sample_2022120210047
HROV.vOTU04429	Responder_Status	Responder	0.152161447770474	0.369145237610084	0.68333215806261	0.94510698246362	sample_2022120210047
HROV.vOTU24834	Responder_Status	Responder	0.131232529985895	0.320215886001671	0.685052870076301	0.94510698246362	sample_2022120210047
HROV.vOTU12921	Responder_Status	Responder	0.354949044775708	0.873410692451106	0.68754248365083	0.945206501700857	sample_2022120210047
HROV.vOTU49358	Responder_Status	Responder	0.28979442031953	0.713318852031998	0.687638409808613	0.945276019816062	sample_2022120210047
HROV.vOTU04421	Responder_Status	Responder	-0.297031246117355	0.732104852090258	0.688030477062181	0.945322777470026	sample_2022120210047
HROV.vOTU23035	Responder_Status	Responder	0.477126601774862	1.17622176494195	0.688087765792376	0.945322777470026	sample_2022120210047
HROV.vOTU74439	Responder_Status	Responder	0.271616594437203	0.67081873535375	0.688625582877128	0.945322777470026	sample_2022120210047
HROV.vOTU09655	Responder_Status	Responder	-0.161020077347266	0.396622889980285	0.68784490456424	0.945322777470026	sample_2022120210047
HROV.vOTU08785	Responder_Status	Responder	0.197774008605045	0.488899429674647	0.688897420286338	0.945447628499656	sample_2022120210047
HROV.vOTU67206	Responder_Status	Responder	0.186394099844616	0.461604347380397	0.689430028786141	0.945804871299005	sample_2022120210047
HROV.vOTU12852	Responder_Status	Responder	0.352094491201315	0.875725894233282	0.690692512475517	0.94631032145339	sample_2022120210047
HROV.vOTU18091	Responder_Status	Responder	0.438056876611815	1.09493564697673	0.692136905961743	0.94631032145339	sample_2022120210047
HROV.vOTU39417	Responder_Status	Responder	0.341537857185015	0.854415463806304	0.692386421261271	0.94631032145339	sample_2022120210047
HROV.vOTU28752	Responder_Status	Responder	0.356045212469375	0.886930745937571	0.691147213146507	0.94631032145339	sample_2022120210047
HROV.vOTU14774	Responder_Status	Responder	-0.166181988069028	0.414310223981282	0.691387342608913	0.94631032145339	sample_2022120210047
HROV.vOTU01454	Responder_Status	Responder	0.377722052462576	0.942563354738725	0.69165374975966	0.94631032145339	sample_2022120210047
HROV.vOTU62186	Responder_Status	Responder	0.223298060320878	0.558006392673438	0.692067234575098	0.94631032145339	sample_2022120210047
HROV.vOTU55238	Responder_Status	Responder	0.212729356580202	0.528767454581934	0.690509502306054	0.94631032145339	sample_2022120210047
HROV.vOTU56502	Responder_Status	Responder	-0.146663710855692	0.36489102127731	0.690781093966565	0.94631032145339	sample_2022120210047
HROV.vOTU33744	Responder_Status	Responder	0.296512348018243	0.741593968916881	0.692314804512541	0.94631032145339	sample_2022120210047
HROV.vOTU56590	Responder_Status	Responder	-0.176622958471959	0.441266379950711	0.691999783572309	0.94631032145339	sample_2022120210047
HROV.vOTU08111	Responder_Status	Responder	-0.347859174275788	0.87191905266884	0.692950590586795	0.946646365639384	sample_2022120210047
HROV.vOTU00728	Responder_Status	Responder	0.206717874594194	0.518031245359193	0.692887163470986	0.946646365639384	sample_2022120210047
HROV.vOTU31942	Responder_Status	Responder	0.641736091241179	1.60902205694388	0.693039457656413	0.946705709069195	sample_2022120210047
HROV.vOTU55195	Responder_Status	Responder	0.181364808937975	0.455199946926568	0.693336112588349	0.947025557255097	sample_2022120210047
HROV.vOTU71080	Responder_Status	Responder	0.327518629028892	0.823135128171749	0.693727532359242	0.947068022640769	sample_2022120210047
HROV.vOTU72521	Responder_Status	Responder	-0.540299182880384	1.35931203945537	0.694027653057418	0.94712437232117	sample_2022120210047
HROV.vOTU02792	Responder_Status	Responder	-0.127255213468006	0.320434406396773	0.694280178134016	0.947274461738949	sample_2022120210047
HROV.vOTU31641	Responder_Status	Responder	-0.542174779045979	1.36884282790802	0.695046357437056	0.947351397838307	sample_2022120210047
HROV.vOTU51492	Responder_Status	Responder	-0.464836338800336	1.17673673771711	0.69582029376303	0.947483437506161	sample_2022120210047
HROV.vOTU41376	Responder_Status	Responder	0.309884693241868	0.784890956652032	0.695972860104989	0.947483437506161	sample_2022120210047
HROV.vOTU48623	Responder_Status	Responder	0.387149601062973	0.978692232860502	0.695413990169624	0.947483437506161	sample_2022120210047
HROV.vOTU14852	Responder_Status	Responder	0.453156234350672	1.1484135288403	0.69613277117454	0.947577201259138	sample_2022120210047
HROV.vOTU45833	Responder_Status	Responder	-0.286013858326216	0.725445094644929	0.696376089198806	0.947583493340149	sample_2022120210047
HROV.vOTU27192	Responder_Status	Responder	-0.348482266270919	0.885456765215265	0.696885324954845	0.94779853164994	sample_2022120210047
HROV.vOTU74522	Responder_Status	Responder	-0.376494967283224	0.959469975022948	0.697734694369816	0.94815316137519	sample_2022120210047
HROV.vOTU49079	Responder_Status	Responder	-0.415598362207886	1.05919588447216	0.697754651297358	0.94815316137519	sample_2022120210047
HROV.vOTU16406	Responder_Status	Responder	0.265809341158145	0.677382355022754	0.697729037137533	0.94815316137519	sample_2022120210047
HROV.vOTU17241	Responder_Status	Responder	0.334061778844501	0.85192024493524	0.697932561751192	0.948169138650251	sample_2022120210047
HROV.vOTU68703	Responder_Status	Responder	-0.320116255905111	0.81752208764684	0.698340958163673	0.948353028028864	sample_2022120210047
HROV.vOTU20060	Responder_Status	Responder	0.507473872948449	1.29707283641228	0.698577295558638	0.948426764784496	sample_2022120210047
HROV.vOTU25315	Responder_Status	Responder	0.316538005462605	0.808924852203037	0.698532294200419	0.948426764784496	sample_2022120210047
HROV.vOTU21463	Responder_Status	Responder	-0.3838492563152	0.981807177024542	0.698784466316736	0.948438525589855	sample_2022120210047
HROV.vOTU60097	Responder_Status	Responder	0.190844744280159	0.488235500085103	0.698839492064138	0.948438525589855	sample_2022120210047
HROV.vOTU24412	Responder_Status	Responder	0.356386161733324	0.911361985079659	0.698721686649047	0.948438525589855	sample_2022120210047
HROV.vOTU38097	Responder_Status	Responder	0.384135328234534	0.986809096056218	0.700021205321707	0.948548546349369	sample_2022120210047
HROV.vOTU06429	Responder_Status	Responder	-0.186488742037231	0.478330125370793	0.699579284769564	0.948548546349369	sample_2022120210047
HROV.vOTU26082	Responder_Status	Responder	-0.405950481394301	1.04141313020697	0.699628421891183	0.948548546349369	sample_2022120210047
HROV.vOTU10512	Responder_Status	Responder	-0.142569380934309	0.365839058800322	0.699703103601489	0.948548546349369	sample_2022120210047
HROV.vOTU23838	Responder_Status	Responder	0.236201399951772	0.606035408962893	0.699671430215025	0.948548546349369	sample_2022120210047
HROV.vOTU71610	Responder_Status	Responder	-0.376942678007844	0.968532222817446	0.700080104997352	0.948548546349369	sample_2022120210047
HROV.vOTU23013	Responder_Status	Responder	0.475664343827115	1.22387526097358	0.700471636904328	0.948650176311814	sample_2022120210047
HROV.vOTU16733	Responder_Status	Responder	0.399300919321859	1.0277560381044	0.700571882623919	0.948662640278263	sample_2022120210047
HROV.vOTU67011	Responder_Status	Responder	0.343017982246546	0.883360539501976	0.700723259973417	0.948744330681264	sample_2022120210047
HROV.vOTU31355	Responder_Status	Responder	-0.462284999233463	1.19115735794615	0.700879047206857	0.948777513272051	sample_2022120210047
HROV.vOTU27530	Responder_Status	Responder	0.267608842421333	0.691257582818485	0.701584468046332	0.94910221912401	sample_2022120210047
HROV.vOTU43318	Responder_Status	Responder	-0.191288251789433	0.494704138510251	0.701922115058343	0.949154544630171	sample_2022120210047
HROV.vOTU39467	Responder_Status	Responder	0.365929585431371	0.95167602706828	0.703504964832101	0.949372041777988	sample_2022120210047
HROV.vOTU49589	Responder_Status	Responder	0.380393531305513	0.986463623482167	0.702697265177576	0.949372041777988	sample_2022120210047
HROV.vOTU61142	Responder_Status	Responder	0.272112730320724	0.705572314252787	0.702661317301792	0.949372041777988	sample_2022120210047
HROV.vOTU30481	Responder_Status	Responder	-0.209839782739589	0.545229689115423	0.703245436365416	0.949372041777988	sample_2022120210047
HROV.vOTU23863	Responder_Status	Responder	0.400533256348997	1.04130999022181	0.703407551367998	0.949372041777988	sample_2022120210047
HROV.vOTU09082	Responder_Status	Responder	-0.181445445964031	0.472809352054799	0.704054827321056	0.949482332389092	sample_2022120210047
HROV.vOTU23789	Responder_Status	Responder	-0.256603236512008	0.668616499361639	0.704038620129959	0.949482332389092	sample_2022120210047
HROV.vOTU73846	Responder_Status	Responder	0.265102562335876	0.692300830081708	0.704663617014295	0.949601637896895	sample_2022120210047
HROV.vOTU59157	Responder_Status	Responder	-0.364600771217211	0.953052446804449	0.704933892211215	0.949817179393659	sample_2022120210047
HROV.vOTU27575	Responder_Status	Responder	0.378287327921174	0.990164630002219	0.705312416316236	0.950081491566825	sample_2022120210047
HROV.vOTU43438	Responder_Status	Responder	0.22428916188688	0.587507349239854	0.705518408932262	0.950236130171806	sample_2022120210047
HROV.vOTU43532	Responder_Status	Responder	0.26769437310406	0.701500966956779	0.705637028984488	0.950249335263584	sample_2022120210047
HROV.vOTU65815	Responder_Status	Responder	-0.332764479149775	0.872792328503701	0.705885022076781	0.950327754163146	sample_2022120210047
HROV.vOTU51612	Responder_Status	Responder	0.294156849254208	0.771838770620279	0.705996846926767	0.950327754163146	sample_2022120210047
HROV.vOTU24010	Responder_Status	Responder	0.219366242807183	0.576327345056722	0.706351905418377	0.950437352073797	sample_2022120210047
HROV.vOTU10171	Responder_Status	Responder	-0.221697198118925	0.588600392152056	0.70927196085428	0.950445275606396	sample_2022120210047
HROV.vOTU32303	Responder_Status	Responder	0.373637805049616	0.989752124027201	0.708643724853545	0.950445275606396	sample_2022120210047
HROV.vOTU59704	Responder_Status	Responder	0.390273546822622	1.03357191269736	0.70857727311125	0.950445275606396	sample_2022120210047
HROV.vOTU35203	Responder_Status	Responder	0.343931556192018	0.906233367163224	0.707166728710975	0.950445275606396	sample_2022120210047
HROV.vOTU09408	Responder_Status	Responder	0.278826053846574	0.734780116398156	0.707202663404361	0.950445275606396	sample_2022120210047
HROV.vOTU14274	Responder_Status	Responder	-0.318712730390695	0.847106999879489	0.709576810707282	0.950445275606396	sample_2022120210047
HROV.vOTU41638	Responder_Status	Responder	0.259076218754641	0.687766683337717	0.709242156866577	0.950445275606396	sample_2022120210047
HROV.vOTU50639	Responder_Status	Responder	-0.373411780223247	0.98842956225301	0.708440636161139	0.950445275606396	sample_2022120210047
HROV.vOTU31335	Responder_Status	Responder	-0.164454268021305	0.433350339241263	0.707183386840155	0.950445275606396	sample_2022120210047
HROV.vOTU52099	Responder_Status	Responder	-0.56103959646648	1.48621520873564	0.70865174399419	0.950445275606396	sample_2022120210047
HROV.vOTU39080	Responder_Status	Responder	-0.126748139265507	0.335296590949288	0.708267952958583	0.950445275606396	sample_2022120210047
HROV.vOTU70611	Responder_Status	Responder	0.323301485594427	0.850736226041965	0.706793931459803	0.950445275606396	sample_2022120210047
HROV.vOTU24665	Responder_Status	Responder	-0.178601347314798	0.471709077964376	0.707821357540577	0.950445275606396	sample_2022120210047
HROV.vOTU08375	Responder_Status	Responder	0.347918418691953	0.925328647902472	0.709754884672371	0.950536070726317	sample_2022120210047
HROV.vOTU25462	Responder_Status	Responder	0.287491480358882	0.765257625196804	0.709986522668878	0.950693953704001	sample_2022120210047
HROV.vOTU44644	Responder_Status	Responder	0.467496773636597	1.24450785038636	0.710009630299859	0.950693953704001	sample_2022120210047
HROV.vOTU35300	Responder_Status	Responder	0.308816333895874	0.823579097011033	0.710509096996905	0.950782702859662	sample_2022120210047
HROV.vOTU31923	Responder_Status	Responder	-0.128402319637254	0.34374764640614	0.711562519259037	0.950782702859662	sample_2022120210047
HROV.vOTU40575	Responder_Status	Responder	-0.397293804969662	1.06551767573654	0.712057037513615	0.950782702859662	sample_2022120210047
HROV.vOTU70339	Responder_Status	Responder	0.164396309872276	0.439558566568	0.711219210211476	0.950782702859662	sample_2022120210047
HROV.vOTU60005	Responder_Status	Responder	0.371783581539351	0.993740473802834	0.711129290852831	0.950782702859662	sample_2022120210047
HROV.vOTU04552	Responder_Status	Responder	0.594566823200539	1.58775506709051	0.710875744829052	0.950782702859662	sample_2022120210047
HROV.vOTU18026	Responder_Status	Responder	-0.375644946974016	1.00545926055241	0.711511926376451	0.950782702859662	sample_2022120210047
HROV.vOTU19551	Responder_Status	Responder	0.42636493179891	1.14538948146349	0.712513470493952	0.950941167811843	sample_2022120210047
HROV.vOTU53343	Responder_Status	Responder	0.22160197049593	0.595189189467873	0.71245648931366	0.950941167811843	sample_2022120210047
HROV.vOTU68286	Responder_Status	Responder	-0.185179722924533	0.497495998275043	0.712528896724559	0.950941167811843	sample_2022120210047
HROV.vOTU49449	Responder_Status	Responder	0.20491797800997	0.553360186459562	0.71393389423256	0.95115138173214	sample_2022120210047
HROV.vOTU10758	Responder_Status	Responder	0.21647713957277	0.583409777633215	0.713389307710804	0.95115138173214	sample_2022120210047
HROV.vOTU11782	Responder_Status	Responder	-0.113272347042871	0.305932843882186	0.713980600680192	0.95115138173214	sample_2022120210047
HROV.vOTU71296	Responder_Status	Responder	0.165714726810011	0.446269712974524	0.713184510351506	0.95115138173214	sample_2022120210047
HROV.vOTU58162	Responder_Status	Responder	-0.277522124030113	0.750633803080928	0.714374985315476	0.951308469036532	sample_2022120210047
HROV.vOTU42350	Responder_Status	Responder	0.323918876734701	0.876244474924803	0.71441169804972	0.951308469036532	sample_2022120210047
HROV.vOTU42398	Responder_Status	Responder	0.510490003155966	1.38181523896214	0.714583326808805	0.951310394689263	sample_2022120210047
HROV.vOTU24645	Responder_Status	Responder	0.149979467919922	0.407035660689123	0.715295878865067	0.951418423563854	sample_2022120210047
HROV.vOTU08942	Responder_Status	Responder	0.399697937476285	1.08925768129672	0.716418546889119	0.951460457458387	sample_2022120210047
HROV.vOTU06005	Responder_Status	Responder	0.316148837700582	0.861346636064133	0.716348514756661	0.951460457458387	sample_2022120210047
HROV.vOTU02401	Responder_Status	Responder	0.156604562719473	0.427440019993858	0.716837128106545	0.951460457458387	sample_2022120210047
HROV.vOTU04039	Responder_Status	Responder	0.465283465414007	1.26848090293633	0.716522981733081	0.951460457458387	sample_2022120210047
HROV.vOTU57974	Responder_Status	Responder	-0.19023400061713	0.517162435990894	0.715757262575122	0.951460457458387	sample_2022120210047
HROV.vOTU05852	Responder_Status	Responder	0.114802316626345	0.312135657965325	0.715790926194168	0.951460457458387	sample_2022120210047
HROV.vOTU53362	Responder_Status	Responder	-0.306194319664396	0.835868408927639	0.716880702532236	0.951460457458387	sample_2022120210047
HROV.vOTU50767	Responder_Status	Responder	-0.405998913658489	1.10991242415031	0.717268220305197	0.951540025580966	sample_2022120210047
HROV.vOTU41864	Responder_Status	Responder	-0.564361543396045	1.54367273723	0.717413622934148	0.951540025580966	sample_2022120210047
HROV.vOTU07537	Responder_Status	Responder	-0.345373601317688	0.944879506497108	0.717469203802687	0.951540025580966	sample_2022120210047
HROV.vOTU24461	Responder_Status	Responder	0.21449952493827	0.586526497835094	0.717328793964516	0.951540025580966	sample_2022120210047
HROV.vOTU44071	Responder_Status	Responder	0.377656265889667	1.03511783683605	0.717969351707916	0.951679942899593	sample_2022120210047
HROV.vOTU13262	Responder_Status	Responder	0.359208219563568	0.984933039472713	0.71807311750375	0.951704501378332	sample_2022120210047
HROV.vOTU47188	Responder_Status	Responder	0.302877971382032	0.831093335716885	0.718272482829851	0.95178982273632	sample_2022120210047
HROV.vOTU42036	Responder_Status	Responder	0.266117037915575	0.730589537886004	0.718407928389991	0.951848256573679	sample_2022120210047
HROV.vOTU00473	Responder_Status	Responder	0.442022268542332	1.21446036720221	0.718617451111179	0.951916136584994	sample_2022120210047
HROV.vOTU34779	Responder_Status	Responder	-0.229446632582372	0.632586677605966	0.71954388903121	0.951916136584994	sample_2022120210047
HROV.vOTU06121	Responder_Status	Responder	-0.261608300123401	0.719687562216449	0.718959685527267	0.951916136584994	sample_2022120210047
HROV.vOTU32445	Responder_Status	Responder	-0.234435639731539	0.645796193796017	0.719317652417501	0.951916136584994	sample_2022120210047
HROV.vOTU32394	Responder_Status	Responder	-0.232669051887184	0.639601464917466	0.718760774087018	0.951916136584994	sample_2022120210047
HROV.vOTU69880	Responder_Status	Responder	-0.171234898703941	0.471923454007223	0.719445717482818	0.951916136584994	sample_2022120210047
HROV.vOTU33222	Responder_Status	Responder	-0.384202901949317	1.06169631713407	0.720161138206431	0.952001940834072	sample_2022120210047
HROV.vOTU68572	Responder_Status	Responder	0.47674459343864	1.318193754072	0.720317396376112	0.952024222846778	sample_2022120210047
HROV.vOTU07698	Responder_Status	Responder	-0.363651811790425	1.00610804524059	0.720480705853521	0.952024222846778	sample_2022120210047
HROV.vOTU35198	Responder_Status	Responder	-0.208657491438097	0.578226086240965	0.720914004967872	0.952167090364346	sample_2022120210047
HROV.vOTU39652	Responder_Status	Responder	-0.331659819816881	0.92183001489277	0.721708088906393	0.95220217984076	sample_2022120210047
HROV.vOTU31478	Responder_Status	Responder	0.261951613443478	0.728532591914881	0.721873436955504	0.95220217984076	sample_2022120210047
HROV.vOTU02249	Responder_Status	Responder	0.382717081482551	1.06320308695062	0.721573500987172	0.95220217984076	sample_2022120210047
HROV.vOTU16189	Responder_Status	Responder	0.372323254301669	1.03586797190125	0.721969163506709	0.95220217984076	sample_2022120210047
HROV.vOTU09006	Responder_Status	Responder	-0.260217759503728	0.725469907283937	0.722518580945229	0.952390083927804	sample_2022120210047
HROV.vOTU19405	Responder_Status	Responder	0.228354434213205	0.63653695691527	0.722476841652351	0.952390083927804	sample_2022120210047
HROV.vOTU52792	Responder_Status	Responder	-0.257225507339231	0.720098342304777	0.72361376722354	0.952397110762724	sample_2022120210047
HROV.vOTU49471	Responder_Status	Responder	-0.249567666984004	0.696911052739573	0.722950072582466	0.952397110762724	sample_2022120210047
HROV.vOTU25354	Responder_Status	Responder	0.404610321014611	1.13222745673587	0.723503498152164	0.952397110762724	sample_2022120210047
HROV.vOTU31297	Responder_Status	Responder	-0.270009813837958	0.752977246148987	0.722591805290507	0.952397110762724	sample_2022120210047
HROV.vOTU48092	Responder_Status	Responder	-0.219094285931955	0.615291507860643	0.724448132768989	0.952420503583506	sample_2022120210047
HROV.vOTU12643	Responder_Status	Responder	-0.157768067792815	0.442430835163099	0.724069213526411	0.952420503583506	sample_2022120210047
HROV.vOTU17618	Responder_Status	Responder	0.326273209833107	0.917725446513517	0.724861693553625	0.952530739063948	sample_2022120210047
HROV.vOTU25694	Responder_Status	Responder	0.423036266260214	1.19619143638759	0.726248293976071	0.953058260298382	sample_2022120210047
HROV.vOTU18787	Responder_Status	Responder	0.275517323381524	0.779482880740995	0.72638986778515	0.953058260298382	sample_2022120210047
HROV.vOTU57988	Responder_Status	Responder	-0.357712522676196	1.0119408974829	0.726367743318546	0.953058260298382	sample_2022120210047
HROV.vOTU12872	Responder_Status	Responder	0.234311224899221	0.66403394413903	0.72683573999481	0.953257194555811	sample_2022120210047
HROV.vOTU18479	Responder_Status	Responder	-0.259976887903252	0.738364051906835	0.727400704145066	0.953632645763032	sample_2022120210047
HROV.vOTU04632	Responder_Status	Responder	-0.18567821604976	0.529520909493314	0.728472992404522	0.953795869066769	sample_2022120210047
HROV.vOTU13371	Responder_Status	Responder	-0.211853647088067	0.606480019249038	0.729465028055133	0.953984159682477	sample_2022120210047
HROV.vOTU32660	Responder_Status	Responder	-0.565442931609128	1.62391375455381	0.730296126894615	0.95431221999522	sample_2022120210047
HROV.vOTU31336	Responder_Status	Responder	-0.335548600085799	0.965151079264508	0.730692291754246	0.954613963980428	sample_2022120210047
HROV.vOTU17408	Responder_Status	Responder	-0.300852281068593	0.870211585533094	0.732134925325584	0.955272398495214	sample_2022120210047
HROV.vOTU18043	Responder_Status	Responder	0.226170642357825	0.653941419035962	0.732034928617538	0.955272398495214	sample_2022120210047
HROV.vOTU29201	Responder_Status	Responder	0.357232599285778	1.03295063998447	0.732050244531448	0.955272398495214	sample_2022120210047
HROV.vOTU62395	Responder_Status	Responder	0.154304995920028	0.447515015637495	0.732818303982548	0.95586990392416	sample_2022120210047
HROV.vOTU47892	Responder_Status	Responder	-0.281867000443288	0.81843114753138	0.733119440351201	0.956031251903476	sample_2022120210047
HROV.vOTU54639	Responder_Status	Responder	-0.121537465840419	0.353041081944171	0.733223910710155	0.956031251903476	sample_2022120210047
HROV.vOTU14287	Responder_Status	Responder	-0.382809154377834	1.11356960349936	0.733589231629584	0.956051194287485	sample_2022120210047
HROV.vOTU64916	Responder_Status	Responder	0.386351369132886	1.12405511374851	0.733630507054492	0.956051194287485	sample_2022120210047
HROV.vOTU11247	Responder_Status	Responder	-0.18916247288342	0.550761208539682	0.733820748340164	0.956160084744843	sample_2022120210047
HROV.vOTU27306	Responder_Status	Responder	0.308936905008971	0.899889679051612	0.73393318141993	0.956187015553348	sample_2022120210047
HROV.vOTU28517	Responder_Status	Responder	0.24252177926233	0.707147268817709	0.734191654650165	0.956380350557599	sample_2022120210047
HROV.vOTU15157	Responder_Status	Responder	0.169186919540222	0.494300360817083	0.734699544053668	0.956408176530604	sample_2022120210047
HROV.vOTU62071	Responder_Status	Responder	-0.145946218886064	0.426707837595355	0.734883467973413	0.95645966980759	sample_2022120210047
HROV.vOTU03613	Responder_Status	Responder	0.264538656777414	0.774268965239753	0.735155910456024	0.956583989379592	sample_2022120210047
HROV.vOTU47485	Responder_Status	Responder	-0.222107380964596	0.652525759219269	0.736110176314591	0.956794855918036	sample_2022120210047
HROV.vOTU08781	Responder_Status	Responder	0.311335593347627	0.913692041348111	0.735839412842437	0.956794855918036	sample_2022120210047
HROV.vOTU68787	Responder_Status	Responder	-0.310739470571679	0.912905976038851	0.736107233524631	0.956794855918036	sample_2022120210047
HROV.vOTU16478	Responder_Status	Responder	-0.22127799557303	0.651149649188705	0.736523137240975	0.956903213418643	sample_2022120210047
HROV.vOTU43100	Responder_Status	Responder	-0.421335434170576	1.24325859275713	0.737216514004252	0.957277474278418	sample_2022120210047
HROV.vOTU07424	Responder_Status	Responder	0.208401247284353	0.616122671411573	0.737700741674653	0.957429448097826	sample_2022120210047
HROV.vOTU66926	Responder_Status	Responder	-0.0672958456789006	0.199464587242824	0.738344805835879	0.957429448097826	sample_2022120210047
HROV.vOTU23466	Responder_Status	Responder	0.0951416588117231	0.281393657133686	0.737803310047658	0.957429448097826	sample_2022120210047
HROV.vOTU28184	Responder_Status	Responder	-0.211441671818216	0.627320094587907	0.738588597855363	0.957502913431752	sample_2022120210047
HROV.vOTU16598	Responder_Status	Responder	-0.150386882888512	0.448167258395642	0.739704267149484	0.957937908921798	sample_2022120210047
HROV.vOTU06386	Responder_Status	Responder	-0.188699663489961	0.562450500481726	0.739752118225878	0.957937908921798	sample_2022120210047
HROV.vOTU49546	Responder_Status	Responder	-0.187197775305966	0.55842232787112	0.7399531482282	0.957937908921798	sample_2022120210047
HROV.vOTU45112	Responder_Status	Responder	-0.366877358232095	1.09619285629714	0.740358315206392	0.957970153290774	sample_2022120210047
HROV.vOTU25762	Responder_Status	Responder	-0.23334179953434	0.69720175788256	0.740358242321411	0.957970153290774	sample_2022120210047
HROV.vOTU00374	Responder_Status	Responder	0.333385465719343	0.995534072871081	0.740210701669513	0.957970153290774	sample_2022120210047
HROV.vOTU05340	Responder_Status	Responder	-0.470142428438158	1.4077036697795	0.740884499636191	0.957996709835467	sample_2022120210047
HROV.vOTU19905	Responder_Status	Responder	0.116275706960993	0.348320939079923	0.74100433736341	0.958069981132946	sample_2022120210047
HROV.vOTU46129	Responder_Status	Responder	-0.290330699503698	0.87135151421718	0.741468654706309	0.958335820148814	sample_2022120210047
HROV.vOTU31267	Responder_Status	Responder	0.28578950408984	0.858104828101907	0.741579564704008	0.958412764116123	sample_2022120210047
HROV.vOTU60079	Responder_Status	Responder	-0.297960130506176	0.895581339117374	0.741838745407162	0.958412764116123	sample_2022120210047
HROV.vOTU59281	Responder_Status	Responder	-0.316466391233511	0.952265513911165	0.742115275782096	0.958412764116123	sample_2022120210047
HROV.vOTU40298	Responder_Status	Responder	-0.3862307375021	1.1606925888882	0.741794973759855	0.958412764116123	sample_2022120210047
HROV.vOTU71805	Responder_Status	Responder	-0.373361131195821	1.12489911605496	0.742431744186091	0.958451189298032	sample_2022120210047
HROV.vOTU22511	Responder_Status	Responder	-0.441140278880484	1.33078587890564	0.742743856753298	0.9584766237094	sample_2022120210047
HROV.vOTU47608	Responder_Status	Responder	-0.272333990695835	0.821741357351688	0.742801918440024	0.9584766237094	sample_2022120210047
HROV.vOTU60486	Responder_Status	Responder	0.420643734969864	1.27385799878619	0.743697501379986	0.958837907000674	sample_2022120210047
HROV.vOTU33245	Responder_Status	Responder	-0.527216461669691	1.59425423120943	0.743334686685603	0.958837907000674	sample_2022120210047
HROV.vOTU12887	Responder_Status	Responder	-0.25413792840209	0.769362551143309	0.743615061721855	0.958837907000674	sample_2022120210047
HROV.vOTU47859	Responder_Status	Responder	-0.215119042943667	0.652107077086176	0.743943740000486	0.958936188346714	sample_2022120210047
HROV.vOTU27563	Responder_Status	Responder	0.313985868061433	0.95877111839908	0.745734969278744	0.959216769023322	sample_2022120210047
HROV.vOTU05941	Responder_Status	Responder	0.251890733907297	0.768913449788769	0.745656215564981	0.959216769023322	sample_2022120210047
HROV.vOTU08027	Responder_Status	Responder	0.187460732828505	0.572388528718229	0.74572129921385	0.959216769023322	sample_2022120210047
HROV.vOTU57641	Responder_Status	Responder	0.11217986448016	0.342120048725878	0.745429463076276	0.959216769023322	sample_2022120210047
HROV.vOTU43948	Responder_Status	Responder	-0.164024527043785	0.502334125850787	0.746455607990423	0.959362552847282	sample_2022120210047
HROV.vOTU27668	Responder_Status	Responder	0.330023287905946	1.01168330797178	0.746689644710593	0.959362552847282	sample_2022120210047
HROV.vOTU02645	Responder_Status	Responder	0.170982063132926	0.524550290661961	0.746878805595742	0.959362552847282	sample_2022120210047
HROV.vOTU17878	Responder_Status	Responder	0.396717603728193	1.22243587706565	0.747948670743068	0.959556837327083	sample_2022120210047
HROV.vOTU14654	Responder_Status	Responder	0.0822604957307466	0.253592490566039	0.748060823852702	0.959556837327083	sample_2022120210047
HROV.vOTU58030	Responder_Status	Responder	-0.274103437238266	0.849461555400532	0.749335575626209	0.959854218769852	sample_2022120210047
HROV.vOTU11617	Responder_Status	Responder	-0.339579585250563	1.05032669367242	0.748863905668662	0.959854218769852	sample_2022120210047
HROV.vOTU21077	Responder_Status	Responder	-0.276114034988765	0.853399227153396	0.748685891248246	0.959854218769852	sample_2022120210047
HROV.vOTU34692	Responder_Status	Responder	-0.306129030443156	0.946004658533258	0.748644028140873	0.959854218769852	sample_2022120210047
HROV.vOTU24290	Responder_Status	Responder	-0.236469551623073	0.731601864909527	0.748929011943857	0.959854218769852	sample_2022120210047
HROV.vOTU55105	Responder_Status	Responder	0.299567970577459	0.931189987280852	0.750066002908051	0.959863401940668	sample_2022120210047
HROV.vOTU39338	Responder_Status	Responder	-0.371337601815964	1.15703792431606	0.750640507403092	0.959950182515982	sample_2022120210047
HROV.vOTU23521	Responder_Status	Responder	0.190406366664402	0.593252271027892	0.750629025232814	0.959950182515982	sample_2022120210047
HROV.vOTU25877	Responder_Status	Responder	0.119142215806957	0.371127451892243	0.750573311162876	0.959950182515982	sample_2022120210047
HROV.vOTU08847	Responder_Status	Responder	-0.343661856461937	1.07393513230612	0.751342201908461	0.960400374942279	sample_2022120210047
HROV.vOTU06071	Responder_Status	Responder	-0.170367573964608	0.532411457584057	0.751349792765302	0.960400374942279	sample_2022120210047
HROV.vOTU60000	Responder_Status	Responder	-0.43906084168184	1.3769697774383	0.752199075057697	0.960823090665179	sample_2022120210047
HROV.vOTU56072	Responder_Status	Responder	0.421765527518487	1.33616342741004	0.754605851399166	0.961813145107943	sample_2022120210047
HROV.vOTU33597	Responder_Status	Responder	-0.274958745409972	0.87686529821362	0.756171691986501	0.961813145107943	sample_2022120210047
HROV.vOTU05936	Responder_Status	Responder	0.141191255665776	0.454725275603718	0.758481894156854	0.961813145107943	sample_2022120210047
HROV.vOTU41713	Responder_Status	Responder	-0.329334929619313	1.05689223619223	0.757647699484752	0.961813145107943	sample_2022120210047
HROV.vOTU23807	Responder_Status	Responder	-0.347480848667224	1.10510376624747	0.7555233959653	0.961813145107943	sample_2022120210047
HROV.vOTU17724	Responder_Status	Responder	-0.324011832044723	1.03662174213447	0.756927141606403	0.961813145107943	sample_2022120210047
HROV.vOTU45051	Responder_Status	Responder	0.404954408631918	1.29107166530474	0.756105951227894	0.961813145107943	sample_2022120210047
HROV.vOTU09847	Responder_Status	Responder	0.40154742210905	1.28999465762698	0.757894811633723	0.961813145107943	sample_2022120210047
HROV.vOTU34282	Responder_Status	Responder	-0.321202717786015	1.02233500004294	0.755709292013752	0.961813145107943	sample_2022120210047
HROV.vOTU17380	Responder_Status	Responder	0.284077441186274	0.908634610314559	0.756869281961071	0.961813145107943	sample_2022120210047
HROV.vOTU11662	Responder_Status	Responder	0.368668494246462	1.17665994311054	0.756361340997834	0.961813145107943	sample_2022120210047
HROV.vOTU61213	Responder_Status	Responder	0.193490553566548	0.612389769708883	0.754376283618888	0.961813145107943	sample_2022120210047
HROV.vOTU73110	Responder_Status	Responder	0.259590786523515	0.837489770565025	0.758884429085555	0.961813145107943	sample_2022120210047
HROV.vOTU46449	Responder_Status	Responder	0.341398127754811	1.08897193101988	0.756220639167716	0.961813145107943	sample_2022120210047
HROV.vOTU14210	Responder_Status	Responder	-0.275436659023034	0.886235191290888	0.758259088602964	0.961813145107943	sample_2022120210047
HROV.vOTU24358	Responder_Status	Responder	0.171378164008603	0.549336352823862	0.757372317349799	0.961813145107943	sample_2022120210047
HROV.vOTU57111	Responder_Status	Responder	-0.0679082820294438	0.217300324246662	0.756969445922373	0.961813145107943	sample_2022120210047
HROV.vOTU72513	Responder_Status	Responder	-0.124176955932837	0.394394171831374	0.755206204406012	0.961813145107943	sample_2022120210047
HROV.vOTU54565	Responder_Status	Responder	0.391393921618069	1.24258126631794	0.755108824384728	0.961813145107943	sample_2022120210047
HROV.vOTU72437	Responder_Status	Responder	-0.387314519120155	1.23994286521191	0.757077771676371	0.961813145107943	sample_2022120210047
HROV.vOTU05258	Responder_Status	Responder	-0.24082216941176	0.774324984653047	0.758097295548408	0.961813145107943	sample_2022120210047
HROV.vOTU57308	Responder_Status	Responder	-0.313123286378998	1.0008998278607	0.756719166854268	0.961813145107943	sample_2022120210047
HROV.vOTU47242	Responder_Status	Responder	-0.210161660450785	0.674682604846111	0.757730306781382	0.961813145107943	sample_2022120210047
HROV.vOTU33743	Responder_Status	Responder	-0.191824891370641	0.607818459193489	0.754649752242505	0.961813145107943	sample_2022120210047
HROV.vOTU30978	Responder_Status	Responder	0.234153563232012	0.754059821847709	0.758462387339666	0.961813145107943	sample_2022120210047
HROV.vOTU49059	Responder_Status	Responder	-0.248679049376319	0.787014431512611	0.754362808183486	0.961813145107943	sample_2022120210047
HROV.vOTU14235	Responder_Status	Responder	-0.061292879275869	0.193763505670493	0.754099559250644	0.961813145107943	sample_2022120210047
HROV.vOTU17706	Responder_Status	Responder	0.161747657295377	0.513912810766731	0.755294407398033	0.961813145107943	sample_2022120210047
HROV.vOTU35072	Responder_Status	Responder	0.251886415514444	0.814938607183543	0.759544114669573	0.961938474684671	sample_2022120210047
HROV.vOTU70617	Responder_Status	Responder	0.284401665873711	0.923201932550569	0.760316711101383	0.961938474684671	sample_2022120210047
HROV.vOTU09621	Responder_Status	Responder	-0.180122949983003	0.583930550992804	0.760010809634641	0.961938474684671	sample_2022120210047
HROV.vOTU24063	Responder_Status	Responder	0.181779239110914	0.589908239476528	0.760250269245386	0.961938474684671	sample_2022120210047
HROV.vOTU41807	Responder_Status	Responder	0.337934714300593	1.09768178349945	0.760465719748885	0.962065537519988	sample_2022120210047
HROV.vOTU31842	Responder_Status	Responder	0.354103949083309	1.15216267933802	0.760860078369603	0.96210024717185	sample_2022120210047
HROV.vOTU28506	Responder_Status	Responder	0.174012785783224	0.567609179771509	0.761437795361287	0.962211348676836	sample_2022120210047
HROV.vOTU44598	Responder_Status	Responder	-0.473533359516209	1.55030219999398	0.762285875570223	0.962236513186047	sample_2022120210047
HROV.vOTU30012	Responder_Status	Responder	0.165558313083021	0.54206200801756	0.762302937006085	0.962236513186047	sample_2022120210047
HROV.vOTU64208	Responder_Status	Responder	0.348371429256163	1.13998215675281	0.762174415956768	0.962236513186047	sample_2022120210047
HROV.vOTU07169	Responder_Status	Responder	0.309903997551065	1.01583903206316	0.762567637647932	0.962236513186047	sample_2022120210047
HROV.vOTU22105	Responder_Status	Responder	-0.232889938234847	0.763037471075782	0.762460370354369	0.962236513186047	sample_2022120210047
HROV.vOTU02375	Responder_Status	Responder	0.112559690176555	0.368920427264683	0.762542276176951	0.962236513186047	sample_2022120210047
HROV.vOTU65053	Responder_Status	Responder	-0.267625696308777	0.880644045843009	0.76345277369316	0.962572194552935	sample_2022120210047
HROV.vOTU36085	Responder_Status	Responder	-0.256390928068651	0.848343719568436	0.764713967359093	0.962937787904006	sample_2022120210047
HROV.vOTU01091	Responder_Status	Responder	-0.357364415668076	1.18412222031921	0.76503713195308	0.962937787904006	sample_2022120210047
HROV.vOTU31896	Responder_Status	Responder	0.362910175463909	1.2012123652314	0.764793457489811	0.962937787904006	sample_2022120210047
HROV.vOTU28914	Responder_Status	Responder	-0.175771849936916	0.581803086302835	0.76479663142965	0.962937787904006	sample_2022120210047
HROV.vOTU36674	Responder_Status	Responder	0.201934205071174	0.67002763464126	0.765350231972766	0.963041832768533	sample_2022120210047
HROV.vOTU17325	Responder_Status	Responder	0.346606038945953	1.15030076193067	0.765398637549501	0.963044593765115	sample_2022120210047
HROV.vOTU11316	Responder_Status	Responder	-0.270967763423163	0.905961218984818	0.767076939507694	0.963705599884631	sample_2022120210047
HROV.vOTU28339	Responder_Status	Responder	0.220705037576835	0.737634052482553	0.766992025657012	0.963705599884631	sample_2022120210047
HROV.vOTU65765	Responder_Status	Responder	0.263497631024031	0.883038799179107	0.767602147049596	0.963780500332183	sample_2022120210047
HROV.vOTU17471	Responder_Status	Responder	0.220223216058687	0.737706749041173	0.767507474221087	0.963780500332183	sample_2022120210047
HROV.vOTU33032	Responder_Status	Responder	0.165915576069261	0.557066102762631	0.768025466865077	0.964056070460963	sample_2022120210047
HROV.vOTU52765	Responder_Status	Responder	-0.234144974969768	0.786244142429663	0.768052924081736	0.964056070460963	sample_2022120210047
HROV.vOTU03138	Responder_Status	Responder	-0.0965905715486293	0.32461016584733	0.768236626118032	0.964170508178246	sample_2022120210047
HROV.vOTU65654	Responder_Status	Responder	0.208525402076426	0.700971715011065	0.768295697782594	0.964186579657308	sample_2022120210047
HROV.vOTU30954	Responder_Status	Responder	0.269562454632697	0.906562493555616	0.768397519871694	0.96419823664054	sample_2022120210047
HROV.vOTU30403	Responder_Status	Responder	0.152630353243755	0.514118974784239	0.76875125052775	0.964351776379841	sample_2022120210047
HROV.vOTU01290	Responder_Status	Responder	-0.276170130624008	0.932872472501922	0.76938203703189	0.964387079073072	sample_2022120210047
HROV.vOTU49708	Responder_Status	Responder	-0.133835013256667	0.453111932630733	0.769891623048477	0.964611593254767	sample_2022120210047
HROV.vOTU38073	Responder_Status	Responder	-0.118110685884209	0.400875164214688	0.770448387175255	0.964802201201237	sample_2022120210047
HROV.vOTU74803	Responder_Status	Responder	0.158400916433054	0.537837069258992	0.770537151872189	0.964849741333679	sample_2022120210047
HROV.vOTU37691	Responder_Status	Responder	0.0830030874759562	0.282319610997229	0.770923338319745	0.964891615271021	sample_2022120210047
HROV.vOTU49325	Responder_Status	Responder	-0.204354025074561	0.696339970418439	0.77132811777625	0.964912538235011	sample_2022120210047
HROV.vOTU34622	Responder_Status	Responder	0.213375682783257	0.73194971866271	0.772804873502477	0.965017847058697	sample_2022120210047
HROV.vOTU08868	Responder_Status	Responder	-0.376356600190634	1.2878001989202	0.772251862838712	0.965017847058697	sample_2022120210047
HROV.vOTU08500	Responder_Status	Responder	-0.260321085509752	0.891673409185375	0.77247961211793	0.965017847058697	sample_2022120210047
HROV.vOTU21097	Responder_Status	Responder	-0.270379716367202	0.92291070603543	0.771709834506909	0.965017847058697	sample_2022120210047
HROV.vOTU49221	Responder_Status	Responder	-0.34355321284221	1.17406676893661	0.771971579008709	0.965017847058697	sample_2022120210047
HROV.vOTU37086	Responder_Status	Responder	-0.13914126363154	0.475348614969551	0.771898933779321	0.965017847058697	sample_2022120210047
HROV.vOTU03737	Responder_Status	Responder	-0.126860347164438	0.435221574744751	0.772829355609018	0.965017847058697	sample_2022120210047
HROV.vOTU69936	Responder_Status	Responder	0.177663589569456	0.611979099878992	0.773718464394093	0.965251395782391	sample_2022120210047
HROV.vOTU73667	Responder_Status	Responder	0.153829016355814	0.530839253809796	0.774116218206391	0.965375578960727	sample_2022120210047
HROV.vOTU66084	Responder_Status	Responder	-0.324399676728583	1.12137471759533	0.774492618833061	0.965394232698187	sample_2022120210047
HROV.vOTU64636	Responder_Status	Responder	-0.305249626656967	1.05840258996382	0.77516028345725	0.965935093255104	sample_2022120210047
HROV.vOTU37946	Responder_Status	Responder	0.210536566137033	0.730190860841659	0.775217173314674	0.965935093255104	sample_2022120210047
HROV.vOTU18749	Responder_Status	Responder	0.211824228004579	0.736209788525207	0.775677956819246	0.965952404773966	sample_2022120210047
HROV.vOTU32825	Responder_Status	Responder	0.265260792269	0.926023161530676	0.776641173879858	0.966346650281321	sample_2022120210047
HROV.vOTU14106	Responder_Status	Responder	0.224516438794399	0.783004317960732	0.77642472121721	0.966346650281321	sample_2022120210047
HROV.vOTU07672	Responder_Status	Responder	-0.282443304295008	0.988360951329847	0.777158283429692	0.966368192984478	sample_2022120210047
HROV.vOTU03192	Responder_Status	Responder	0.284988415157245	0.995591482673213	0.77679369097044	0.966368192984478	sample_2022120210047
HROV.vOTU08302	Responder_Status	Responder	-0.144227317374011	0.504587345505027	0.77711065701598	0.966368192984478	sample_2022120210047
HROV.vOTU37133	Responder_Status	Responder	-0.216407899670408	0.760231875973355	0.777999149173098	0.966873532635658	sample_2022120210047
HROV.vOTU04737	Responder_Status	Responder	0.222486295877774	0.782578500865033	0.778273208151689	0.966925817210039	sample_2022120210047
HROV.vOTU51606	Responder_Status	Responder	0.0937949846057648	0.330874506791531	0.778897469259458	0.967033727226532	sample_2022120210047
HROV.vOTU07677	Responder_Status	Responder	0.170843036210766	0.603109408045109	0.77905345890805	0.967033727226532	sample_2022120210047
HROV.vOTU25189	Responder_Status	Responder	0.253923438752633	0.899513107476666	0.779797436841626	0.967128643621171	sample_2022120210047
HROV.vOTU62525	Responder_Status	Responder	-0.259735855954968	0.920687502817847	0.779933357927171	0.967128643621171	sample_2022120210047
HROV.vOTU40801	Responder_Status	Responder	0.221567346480017	0.784984886613465	0.779822509720722	0.967128643621171	sample_2022120210047
HROV.vOTU22635	Responder_Status	Responder	-0.14970511606575	0.530783102875403	0.779982702254878	0.967128643621171	sample_2022120210047
HROV.vOTU02549	Responder_Status	Responder	-0.176864945933025	0.627811121962401	0.78023235182899	0.967169837577077	sample_2022120210047
HROV.vOTU39127	Responder_Status	Responder	-0.121900686538565	0.433502017834057	0.780624778685424	0.967195029001441	sample_2022120210047
HROV.vOTU14975	Responder_Status	Responder	0.257777755117112	0.919276521118602	0.78122157282236	0.967531798753075	sample_2022120210047
HROV.vOTU04579	Responder_Status	Responder	-0.464139634465906	1.67726567719901	0.784024624389488	0.967740535820126	sample_2022120210047
HROV.vOTU22926	Responder_Status	Responder	-0.176286009712448	0.636934707180945	0.783987747283075	0.967740535820126	sample_2022120210047
HROV.vOTU26706	Responder_Status	Responder	-0.232264276177105	0.837358879193037	0.783528152116076	0.967740535820126	sample_2022120210047
HROV.vOTU02493	Responder_Status	Responder	-0.323508103471424	1.17076638724582	0.784330446689641	0.967740535820126	sample_2022120210047
HROV.vOTU46317	Responder_Status	Responder	0.232743074942568	0.836993282889957	0.783001406258835	0.967740535820126	sample_2022120210047
HROV.vOTU27263	Responder_Status	Responder	-0.0911862416930382	0.330049681419788	0.784361844050378	0.967740535820126	sample_2022120210047
HROV.vOTU28965	Responder_Status	Responder	-0.144149934123947	0.517650140896672	0.78269797314493	0.967740535820126	sample_2022120210047
HROV.vOTU41868	Responder_Status	Responder	-0.125311023461726	0.448445335993674	0.7819653147073	0.967740535820126	sample_2022120210047
HROV.vOTU13656	Responder_Status	Responder	-0.149136686530114	0.53988470685655	0.784394017599495	0.967740535820126	sample_2022120210047
HROV.vOTU14756	Responder_Status	Responder	-0.180766457785666	0.65799007022013	0.785544304155915	0.968074504440998	sample_2022120210047
HROV.vOTU37184	Responder_Status	Responder	-0.185516861142357	0.67401409603108	0.785151442900962	0.968074504440998	sample_2022120210047
HROV.vOTU49565	Responder_Status	Responder	-0.335621112163083	1.22536349880755	0.786175658997154	0.968110075001804	sample_2022120210047
HROV.vOTU48217	Responder_Status	Responder	0.151599619057914	0.553305946193813	0.78610443396991	0.968110075001804	sample_2022120210047
HROV.vOTU58106	Responder_Status	Responder	0.306198742188407	1.11831165877239	0.786244628212911	0.968110075001804	sample_2022120210047
HROV.vOTU18853	Responder_Status	Responder	-0.0862161796528194	0.315965322331324	0.786958677474163	0.968110075001804	sample_2022120210047
HROV.vOTU37012	Responder_Status	Responder	-0.28208868046766	1.0306697387849	0.7863282627974	0.968110075001804	sample_2022120210047
HROV.vOTU59579	Responder_Status	Responder	-0.249335478470311	0.914211839234166	0.787060063958395	0.968146129907506	sample_2022120210047
HROV.vOTU72289	Responder_Status	Responder	-0.24780813349927	0.910858388334988	0.787572016252344	0.96843290174055	sample_2022120210047
HROV.vOTU39607	Responder_Status	Responder	-0.325732221932629	1.19965173227446	0.787981272601996	0.968577656165634	sample_2022120210047
HROV.vOTU58365	Responder_Status	Responder	-0.277743104912028	1.0229468957034	0.787988572404101	0.968577656165634	sample_2022120210047
HROV.vOTU64525	Responder_Status	Responder	0.266749076430207	0.984243114796967	0.78836405155724	0.96860669935461	sample_2022120210047
HROV.vOTU07438	Responder_Status	Responder	-0.209311964195998	0.772308871913074	0.788362868425244	0.96860669935461	sample_2022120210047
HROV.vOTU03141	Responder_Status	Responder	0.186219689005989	0.687885017603352	0.788597103532714	0.968778804387041	sample_2022120210047
HROV.vOTU05957	Responder_Status	Responder	-0.0956373057621286	0.353432298348497	0.78868661823459	0.968793925458849	sample_2022120210047
HROV.vOTU62538	Responder_Status	Responder	-0.301821860517383	1.11746609901057	0.789068078802489	0.969071763936818	sample_2022120210047
HROV.vOTU06750	Responder_Status	Responder	-0.294027393437831	1.08925962368044	0.789191155071368	0.969088111113347	sample_2022120210047
HROV.vOTU50340	Responder_Status	Responder	0.18815003468452	0.697462264683548	0.789320244124463	0.969107585006244	sample_2022120210047
HROV.vOTU57119	Responder_Status	Responder	0.366454275189922	1.36323386032782	0.790044810345968	0.969357306306151	sample_2022120210047
HROV.vOTU03164	Responder_Status	Responder	0.129236619834676	0.480313879981307	0.789850919692609	0.969357306306151	sample_2022120210047
HROV.vOTU63708	Responder_Status	Responder	0.244857317439388	0.910334168404489	0.78992085359042	0.969357306306151	sample_2022120210047
HROV.vOTU30516	Responder_Status	Responder	-0.184562477264359	0.688177351489031	0.790518833660367	0.969465117154798	sample_2022120210047
HROV.vOTU73950	Responder_Status	Responder	-0.222448064034592	0.829345121780377	0.79049516556143	0.969465117154798	sample_2022120210047
HROV.vOTU75092	Responder_Status	Responder	0.209264573287637	0.782109756309901	0.790995894761989	0.969536518430899	sample_2022120210047
HROV.vOTU61745	Responder_Status	Responder	0.141985386289453	0.532143652724842	0.791564766520078	0.969680797923726	sample_2022120210047
HROV.vOTU53729	Responder_Status	Responder	0.128438191599728	0.482803326331237	0.792168402046891	0.969850164414124	sample_2022120210047
HROV.vOTU01886	Responder_Status	Responder	-0.13052603490545	0.493845949870804	0.793480556115599	0.96990026964719	sample_2022120210047
HROV.vOTU33520	Responder_Status	Responder	-0.175444648951142	0.659805277644409	0.792261587035819	0.96990026964719	sample_2022120210047
HROV.vOTU21542	Responder_Status	Responder	-0.212775135272419	0.808856303544253	0.794432899800446	0.96990026964719	sample_2022120210047
HROV.vOTU01908	Responder_Status	Responder	-0.210765774243977	0.807282861302205	0.795941225073152	0.96990026964719	sample_2022120210047
HROV.vOTU36848	Responder_Status	Responder	0.2363594978019	0.904015101259537	0.795655115921551	0.96990026964719	sample_2022120210047
HROV.vOTU06011	Responder_Status	Responder	0.168279926350422	0.639961278960676	0.794511860333056	0.96990026964719	sample_2022120210047
HROV.vOTU00955	Responder_Status	Responder	-0.243069071662296	0.927061766623	0.795092062139122	0.96990026964719	sample_2022120210047
HROV.vOTU26676	Responder_Status	Responder	-0.340596191909852	1.3002874883441	0.795285775826196	0.96990026964719	sample_2022120210047
HROV.vOTU39637	Responder_Status	Responder	-0.161593282380102	0.610825323309729	0.793294513756009	0.96990026964719	sample_2022120210047
HROV.vOTU59223	Responder_Status	Responder	-0.238611023118073	0.904437799733124	0.793848739106567	0.96990026964719	sample_2022120210047
HROV.vOTU60071	Responder_Status	Responder	0.286829966120418	1.09448307749926	0.79518675205553	0.96990026964719	sample_2022120210047
HROV.vOTU05286	Responder_Status	Responder	-0.137827064999779	0.526991779665018	0.795593853646473	0.96990026964719	sample_2022120210047
HROV.vOTU52664	Responder_Status	Responder	-0.0885337317451415	0.334200261401287	0.793017577168972	0.96990026964719	sample_2022120210047
HROV.vOTU10690	Responder_Status	Responder	-0.214317568085436	0.82019007653654	0.795771857789347	0.96990026964719	sample_2022120210047
HROV.vOTU41636	Responder_Status	Responder	-0.217497105261718	0.830688085150546	0.795370875612578	0.96990026964719	sample_2022120210047
HROV.vOTU64896	Responder_Status	Responder	-0.126555983228698	0.482087133182667	0.794844911951358	0.96990026964719	sample_2022120210047
HROV.vOTU59060	Responder_Status	Responder	-0.158265897884892	0.604759340904168	0.795467824390684	0.96990026964719	sample_2022120210047
HROV.vOTU68446	Responder_Status	Responder	-0.192794045530147	0.728248940889914	0.793151613732213	0.96990026964719	sample_2022120210047
HROV.vOTU10652	Responder_Status	Responder	0.129361491947294	0.489861648799181	0.793654126680505	0.96990026964719	sample_2022120210047
HROV.vOTU06580	Responder_Status	Responder	0.156046028917947	0.598044428827103	0.796058257408335	0.96990026964719	sample_2022120210047
HROV.vOTU42045	Responder_Status	Responder	0.209156377135817	0.802029412900291	0.796167603677603	0.969959830506328	sample_2022120210047
HROV.vOTU20267	Responder_Status	Responder	0.0936974967189421	0.36041375925321	0.796787519922167	0.970096359583114	sample_2022120210047
HROV.vOTU64702	Responder_Status	Responder	-0.198409070724101	0.762695618443436	0.796657822297872	0.970096359583114	sample_2022120210047
HROV.vOTU00799	Responder_Status	Responder	-0.163402660531794	0.627530398994742	0.79646834047867	0.970096359583114	sample_2022120210047
HROV.vOTU46311	Responder_Status	Responder	0.307159219838713	1.18650535227906	0.797623661457322	0.970118138459755	sample_2022120210047
HROV.vOTU55589	Responder_Status	Responder	0.193601627363	0.747196428470399	0.797450403746476	0.970118138459755	sample_2022120210047
HROV.vOTU11370	Responder_Status	Responder	0.269039957986048	1.03820994606086	0.797424252115329	0.970118138459755	sample_2022120210047
HROV.vOTU30919	Responder_Status	Responder	-0.179004087992031	0.692312951251143	0.797866373614207	0.970118138459755	sample_2022120210047
HROV.vOTU72850	Responder_Status	Responder	0.244377619555597	0.942189301759078	0.797245678474685	0.970118138459755	sample_2022120210047
HROV.vOTU17933	Responder_Status	Responder	0.234096529556247	0.906702586830286	0.798152874395695	0.97022316276285	sample_2022120210047
HROV.vOTU02348	Responder_Status	Responder	0.347255582760657	1.3458293635532	0.798275870618716	0.970316077205836	sample_2022120210047
HROV.vOTU15898	Responder_Status	Responder	-0.323558850954503	1.25744410761849	0.798817453131131	0.970691295816488	sample_2022120210047
HROV.vOTU20020	Responder_Status	Responder	0.203001070446857	0.789601052997626	0.798986711560057	0.970840363180665	sample_2022120210047
HROV.vOTU21315	Responder_Status	Responder	0.148164474708112	0.576981806354439	0.799216695463305	0.971006583889423	sample_2022120210047
HROV.vOTU06939	Responder_Status	Responder	-0.358208538093187	1.39532852018001	0.799272048687308	0.971017225990644	sample_2022120210047
HROV.vOTU31244	Responder_Status	Responder	-0.112241420160365	0.437406812164587	0.799358706820526	0.97106589624831	sample_2022120210047
HROV.vOTU57553	Responder_Status	Responder	-0.256829756234128	1.0018405391148	0.799548687340912	0.971070263079702	sample_2022120210047
HROV.vOTU15034	Responder_Status	Responder	-0.095976469313166	0.374789299603765	0.799760258944358	0.971157428994314	sample_2022120210047
HROV.vOTU48596	Responder_Status	Responder	-0.191109261426666	0.74670473619607	0.799870552093076	0.971178181404085	sample_2022120210047
HROV.vOTU65577	Responder_Status	Responder	-0.354279674717487	1.39887610646221	0.801917422212376	0.971631089677739	sample_2022120210047
HROV.vOTU75949	Responder_Status	Responder	-0.248980393472313	0.982512227166235	0.801801313172602	0.971631089677739	sample_2022120210047
HROV.vOTU06271	Responder_Status	Responder	-0.187906890126585	0.745186495215429	0.802758518770164	0.971631089677739	sample_2022120210047
HROV.vOTU34371	Responder_Status	Responder	0.233407433239552	0.918873654881088	0.801340299265012	0.971631089677739	sample_2022120210047
HROV.vOTU08070	Responder_Status	Responder	-0.20646344453881	0.814037520340028	0.801635399079088	0.971631089677739	sample_2022120210047
HROV.vOTU44668	Responder_Status	Responder	-0.244428426552813	0.966019478280915	0.802096302839099	0.971631089677739	sample_2022120210047
HROV.vOTU51438	Responder_Status	Responder	0.126897121564231	0.501838845678404	0.802220324527363	0.971631089677739	sample_2022120210047
HROV.vOTU03762	Responder_Status	Responder	-0.122295293072574	0.485917818499711	0.803127315535371	0.971631089677739	sample_2022120210047
HROV.vOTU44398	Responder_Status	Responder	0.16166417694463	0.636517856052658	0.801365205295154	0.971631089677739	sample_2022120210047
HROV.vOTU05590	Responder_Status	Responder	-0.0837346047632846	0.332727030949364	0.803140632249964	0.971631089677739	sample_2022120210047
HROV.vOTU16677	Responder_Status	Responder	0.238983803100511	0.951104891862634	0.803440573481092	0.97165105197723	sample_2022120210047
HROV.vOTU30335	Responder_Status	Responder	0.285149397524319	1.13695863729141	0.803799950813984	0.971686313018025	sample_2022120210047
HROV.vOTU10574	Responder_Status	Responder	-0.220721548243709	0.884124762435941	0.804680668714847	0.972067431408564	sample_2022120210047
HROV.vOTU70449	Responder_Status	Responder	-0.253885560818015	1.0159930462503	0.804497442532148	0.972067431408564	sample_2022120210047
HROV.vOTU26162	Responder_Status	Responder	0.335779245337364	1.34713523877059	0.804983504935192	0.972118922341624	sample_2022120210047
HROV.vOTU40997	Responder_Status	Responder	-0.194064929892786	0.783124769516103	0.806090921042879	0.972723497077799	sample_2022120210047
HROV.vOTU64884	Responder_Status	Responder	0.12370496949953	0.499596479927039	0.806243122010363	0.972785602177762	sample_2022120210047
HROV.vOTU69003	Responder_Status	Responder	0.114335842386854	0.461853889956368	0.806282423532461	0.972785602177762	sample_2022120210047
HROV.vOTU29403	Responder_Status	Responder	0.233469320345726	0.943326665040073	0.806330491156716	0.972787277741459	sample_2022120210047
HROV.vOTU75402	Responder_Status	Responder	-0.0886014326039361	0.358369147009946	0.806530171577429	0.972903792042228	sample_2022120210047
HROV.vOTU64000	Responder_Status	Responder	-0.182457780279428	0.740154977598565	0.807083528194295	0.972978579334938	sample_2022120210047
HROV.vOTU03179	Responder_Status	Responder	0.119707295713694	0.486603073297497	0.80747200143798	0.973057121625097	sample_2022120210047
HROV.vOTU43426	Responder_Status	Responder	-0.187334901615621	0.761832909563111	0.807553084402938	0.973057121625097	sample_2022120210047
HROV.vOTU35858	Responder_Status	Responder	0.170156840131825	0.690950842819015	0.80727372432391	0.973057121625097	sample_2022120210047
HROV.vOTU30661	Responder_Status	Responder	0.209525563102572	0.85246709700528	0.807639674536899	0.973057121625097	sample_2022120210047
HROV.vOTU26281	Responder_Status	Responder	-0.119684253432007	0.487529067676879	0.807866364341452	0.973065119912995	sample_2022120210047
HROV.vOTU64197	Responder_Status	Responder	-0.298773699835249	1.21805895830517	0.808023345996914	0.973079879138851	sample_2022120210047
HROV.vOTU15595	Responder_Status	Responder	0.210555743118623	0.861536155424368	0.80870644191011	0.973485533552457	sample_2022120210047
HROV.vOTU23603	Responder_Status	Responder	-0.207585088182397	0.849376541474835	0.808705446603865	0.973485533552457	sample_2022120210047
HROV.vOTU37069	Responder_Status	Responder	0.193114085393073	0.791523388436531	0.809026934751289	0.973508204403488	sample_2022120210047
HROV.vOTU15544	Responder_Status	Responder	0.248542709755663	1.0207106344876	0.809393540330921	0.973584316418591	sample_2022120210047
HROV.vOTU33866	Responder_Status	Responder	-0.202323272572319	0.831187147155138	0.809458615822724	0.973584316418591	sample_2022120210047
HROV.vOTU04217	Responder_Status	Responder	-0.226337473242592	0.931137891530596	0.809718314228173	0.97363376895438	sample_2022120210047
HROV.vOTU32187	Responder_Status	Responder	-0.1768005843987	0.729280371714364	0.810212789569843	0.97363376895438	sample_2022120210047
HROV.vOTU73786	Responder_Status	Responder	0.110152855343568	0.453045741132993	0.809670553011448	0.97363376895438	sample_2022120210047
HROV.vOTU25231	Responder_Status	Responder	0.13451625263051	0.553805992902565	0.809857935078383	0.97363376895438	sample_2022120210047
HROV.vOTU44531	Responder_Status	Responder	0.181129840420625	0.74967495554593	0.810842194677954	0.973833064608608	sample_2022120210047
HROV.vOTU16618	Responder_Status	Responder	0.239811215036454	0.993104137307908	0.810945596155637	0.973836033962343	sample_2022120210047
HROV.vOTU42326	Responder_Status	Responder	-0.161681077467174	0.669978300635685	0.811063413877802	0.973836033962343	sample_2022120210047
HROV.vOTU38840	Responder_Status	Responder	0.0768886262930142	0.318719184856595	0.811125042107406	0.973836033962343	sample_2022120210047
HROV.vOTU06176	Responder_Status	Responder	-0.324933764004398	1.36046798587528	0.8129693908642	0.974787944046922	sample_2022120210047
HROV.vOTU62491	Responder_Status	Responder	-0.289912733893162	1.21259015991325	0.812780665147998	0.974787944046922	sample_2022120210047
HROV.vOTU41414	Responder_Status	Responder	0.137633926979044	0.576376148651149	0.813006129107687	0.974787944046922	sample_2022120210047
HROV.vOTU24527	Responder_Status	Responder	-0.0888653632047747	0.372323860678025	0.813093857188883	0.974787944046922	sample_2022120210047
HROV.vOTU24328	Responder_Status	Responder	0.114540169294398	0.48120490918469	0.81359279005701	0.974945301868097	sample_2022120210047
HROV.vOTU74379	Responder_Status	Responder	0.0999993111796579	0.420369511865735	0.813703022895792	0.974964346623423	sample_2022120210047
HROV.vOTU21304	Responder_Status	Responder	-0.277019815670855	1.1660719673474	0.813946985203446	0.975003882432128	sample_2022120210047
HROV.vOTU17167	Responder_Status	Responder	0.218441204728042	0.922312029898393	0.814504447321017	0.9751406148199	sample_2022120210047
HROV.vOTU33454	Responder_Status	Responder	0.227340436266476	0.96080503016383	0.814678334028761	0.975221964808928	sample_2022120210047
HROV.vOTU03672	Responder_Status	Responder	-0.140808829204388	0.596154498525104	0.815000494118268	0.975221964808928	sample_2022120210047
HROV.vOTU25856	Responder_Status	Responder	-0.147802440288417	0.625769057372481	0.815001974158346	0.975221964808928	sample_2022120210047
HROV.vOTU71472	Responder_Status	Responder	0.292955937343133	1.24323203863466	0.815426621660096	0.975319171510791	sample_2022120210047
HROV.vOTU47637	Responder_Status	Responder	-0.0935374373450296	0.397821734500082	0.815823598741656	0.975319171510791	sample_2022120210047
HROV.vOTU58500	Responder_Status	Responder	-0.0697579563589642	0.296400054567059	0.815649395249806	0.975319171510791	sample_2022120210047
HROV.vOTU38736	Responder_Status	Responder	0.207743503096866	0.886315970677499	0.816387809835871	0.975601924249071	sample_2022120210047
HROV.vOTU22969	Responder_Status	Responder	-0.23054486591697	0.993103801705687	0.818113169383414	0.975633579278166	sample_2022120210047
HROV.vOTU55256	Responder_Status	Responder	-0.154071760224397	0.666204416621902	0.818788307435741	0.975633579278166	sample_2022120210047
HROV.vOTU07900	Responder_Status	Responder	-0.188709078719922	0.810564406992096	0.817600900940998	0.975633579278166	sample_2022120210047
HROV.vOTU02356	Responder_Status	Responder	0.202576685663055	0.866931736004308	0.816940527752567	0.975633579278166	sample_2022120210047
HROV.vOTU56542	Responder_Status	Responder	0.259412722645002	1.11023557985524	0.816952286613143	0.975633579278166	sample_2022120210047
HROV.vOTU36611	Responder_Status	Responder	0.214159889290642	0.929012154542604	0.819360407205587	0.975633579278166	sample_2022120210047
HROV.vOTU25809	Responder_Status	Responder	-0.195874904204339	0.846727767160674	0.818739369032604	0.975633579278166	sample_2022120210047
HROV.vOTU38618	Responder_Status	Responder	-0.183841758860767	0.795377759439636	0.818888560237809	0.975633579278166	sample_2022120210047
HROV.vOTU41035	Responder_Status	Responder	-0.0754021369814289	0.324445095504792	0.817915075027022	0.975633579278166	sample_2022120210047
HROV.vOTU70483	Responder_Status	Responder	-0.179248438976621	0.774452315128385	0.818646869972345	0.975633579278166	sample_2022120210047
HROV.vOTU60666	Responder_Status	Responder	0.185806845676043	0.797069387644552	0.817369799186635	0.975633579278166	sample_2022120210047
HROV.vOTU37414	Responder_Status	Responder	0.204736103711423	0.887389232441051	0.819211888407042	0.975633579278166	sample_2022120210047
HROV.vOTU02275	Responder_Status	Responder	0.17158888909274	0.734945317549638	0.817093685997573	0.975633579278166	sample_2022120210047
HROV.vOTU72882	Responder_Status	Responder	-0.12373677745592	0.530950681944824	0.817419713870715	0.975633579278166	sample_2022120210047
HROV.vOTU10047	Responder_Status	Responder	-0.239762905435408	1.04000184116333	0.819347687253217	0.975633579278166	sample_2022120210047
HROV.vOTU16350	Responder_Status	Responder	-0.187643136811586	0.813347685958558	0.819221627502764	0.975633579278166	sample_2022120210047
HROV.vOTU61873	Responder_Status	Responder	0.12938359455577	0.556202183090639	0.81774871589077	0.975633579278166	sample_2022120210047
HROV.vOTU57244	Responder_Status	Responder	0.0427510803901434	0.18271215215321	0.816702498030122	0.975633579278166	sample_2022120210047
HROV.vOTU71081	Responder_Status	Responder	0.0748318531911524	0.325029719896024	0.819586227499343	0.975740997383114	sample_2022120210047
HROV.vOTU25148	Responder_Status	Responder	-0.247829526086271	1.07852838994174	0.819929332483625	0.975769947832511	sample_2022120210047
HROV.vOTU29751	Responder_Status	Responder	-0.313268603148129	1.36894878237879	0.82065741023479	0.975946837038626	sample_2022120210047
HROV.vOTU60366	Responder_Status	Responder	-0.0901776294413675	0.394379848511721	0.820797503518002	0.975946837038626	sample_2022120210047
HROV.vOTU18880	Responder_Status	Responder	-0.05021401413878	0.218993355077302	0.820306551927542	0.975946837038626	sample_2022120210047
HROV.vOTU40204	Responder_Status	Responder	-0.265313173675688	1.16130887150339	0.82094860889869	0.975983428033076	sample_2022120210047
HROV.vOTU64915	Responder_Status	Responder	-0.160706974796059	0.704462978973744	0.821205357186201	0.975986292772194	sample_2022120210047
HROV.vOTU67489	Responder_Status	Responder	0.124353071690306	0.546064288359109	0.821513949693719	0.976086950577438	sample_2022120210047
HROV.vOTU32240	Responder_Status	Responder	0.218590249094949	0.96051740563359	0.821629849321981	0.976127009041036	sample_2022120210047
HROV.vOTU46097	Responder_Status	Responder	0.164780544901505	0.724626669104118	0.821764515387986	0.976127009041036	sample_2022120210047
HROV.vOTU23130	Responder_Status	Responder	0.0692740990654688	0.304804389458454	0.821862028997718	0.976127009041036	sample_2022120210047
HROV.vOTU73206	Responder_Status	Responder	-0.142202471741382	0.627307461438894	0.822313949312984	0.976279554078917	sample_2022120210047
HROV.vOTU66534	Responder_Status	Responder	0.109189048830945	0.48121931376372	0.822149346031524	0.976279554078917	sample_2022120210047
HROV.vOTU12405	Responder_Status	Responder	-0.156793678624806	0.691301872026349	0.822219821756298	0.976279554078917	sample_2022120210047
HROV.vOTU25943	Responder_Status	Responder	-0.124145149699515	0.547993621503578	0.822423420404733	0.976320369195934	sample_2022120210047
HROV.vOTU42975	Responder_Status	Responder	0.22025464040361	0.978354371703171	0.823514955141904	0.97672539930683	sample_2022120210047
HROV.vOTU25898	Responder_Status	Responder	-0.0758430846249559	0.337301991574455	0.823727187444814	0.976810890312389	sample_2022120210047
HROV.vOTU63778	Responder_Status	Responder	-0.261780377697082	1.16624540319618	0.824026059468998	0.976880745015838	sample_2022120210047
HROV.vOTU32626	Responder_Status	Responder	0.1974395130955	0.881833341159757	0.824463394126494	0.976905681919271	sample_2022120210047
HROV.vOTU49692	Responder_Status	Responder	0.115054077240465	0.514379145255543	0.824633692342311	0.97694947683644	sample_2022120210047
HROV.vOTU33821	Responder_Status	Responder	0.230983844700148	1.04613115406641	0.826851754723023	0.976950436066583	sample_2022120210047
HROV.vOTU65965	Responder_Status	Responder	-0.143385813440659	0.659139541231214	0.829369029587384	0.976950436066583	sample_2022120210047
HROV.vOTU74408	Responder_Status	Responder	-0.266243176294972	1.19543998855384	0.825373529990649	0.976950436066583	sample_2022120210047
HROV.vOTU49630	Responder_Status	Responder	0.149237345438058	0.672920191413008	0.826098071026216	0.976950436066583	sample_2022120210047
HROV.vOTU18440	Responder_Status	Responder	0.265331598972809	1.20852791505697	0.827814800371118	0.976950436066583	sample_2022120210047
HROV.vOTU24222	Responder_Status	Responder	-0.212987585482726	0.958643162627883	0.825789417249199	0.976950436066583	sample_2022120210047
HROV.vOTU06297	Responder_Status	Responder	-0.177059417366714	0.812708956338856	0.829115611926503	0.976950436066583	sample_2022120210047
HROV.vOTU09873	Responder_Status	Responder	-0.153276611509634	0.688306023380788	0.825395815689048	0.976950436066583	sample_2022120210047
HROV.vOTU50866	Responder_Status	Responder	-0.0991925278020352	0.446542883766048	0.825821564347016	0.976950436066583	sample_2022120210047
HROV.vOTU42883	Responder_Status	Responder	0.17616875374593	0.803177246538683	0.827976468396759	0.976950436066583	sample_2022120210047
HROV.vOTU59663	Responder_Status	Responder	0.0689725415911631	0.310811092953653	0.825993415418456	0.976950436066583	sample_2022120210047
HROV.vOTU15824	Responder_Status	Responder	0.103305011783878	0.462630923832396	0.824923945790817	0.976950436066583	sample_2022120210047
HROV.vOTU41896	Responder_Status	Responder	0.0771583801767088	0.354710232086237	0.829376541021593	0.976950436066583	sample_2022120210047
HROV.vOTU65289	Responder_Status	Responder	0.114797614208122	0.527518239827131	0.829304637750904	0.976950436066583	sample_2022120210047
HROV.vOTU34646	Responder_Status	Responder	-0.243808981409533	1.12167475809458	0.829502740876015	0.977043865927551	sample_2022120210047
HROV.vOTU40319	Responder_Status	Responder	-0.147618829569607	0.683206658827946	0.830501426942233	0.977082243352089	sample_2022120210047
HROV.vOTU22940	Responder_Status	Responder	0.151351284560527	0.697329570419175	0.829747719385539	0.977082243352089	sample_2022120210047
HROV.vOTU13279	Responder_Status	Responder	-0.27243304670316	1.25823720384722	0.83015252521381	0.977082243352089	sample_2022120210047
HROV.vOTU50392	Responder_Status	Responder	0.184580763796356	0.851530250720143	0.829964218630588	0.977082243352089	sample_2022120210047
HROV.vOTU50793	Responder_Status	Responder	0.161857574956133	0.74926943866816	0.83053777523872	0.977082243352089	sample_2022120210047
HROV.vOTU06261	Responder_Status	Responder	0.112188454546444	0.516968674736023	0.829772437488737	0.977082243352089	sample_2022120210047
HROV.vOTU27520	Responder_Status	Responder	0.255593501424481	1.190279337815	0.831530982359619	0.977168471431965	sample_2022120210047
HROV.vOTU02175	Responder_Status	Responder	0.152788524971362	0.708297776696891	0.830775727487929	0.977168471431965	sample_2022120210047
HROV.vOTU57667	Responder_Status	Responder	0.133645214583909	0.621754158955981	0.831365285240582	0.977168471431965	sample_2022120210047
HROV.vOTU45549	Responder_Status	Responder	-0.158853776342306	0.741108637861859	0.831830518312055	0.977283523993253	sample_2022120210047
HROV.vOTU35278	Responder_Status	Responder	-0.0894246492383158	0.417280179151827	0.831863360466234	0.977283523993253	sample_2022120210047
HROV.vOTU46032	Responder_Status	Responder	0.279435395403953	1.34099205892754	0.83644099174947	0.977301212851793	sample_2022120210047
HROV.vOTU33368	Responder_Status	Responder	-0.19435450073299	0.929625126954577	0.835909051744877	0.977301212851793	sample_2022120210047
HROV.vOTU52475	Responder_Status	Responder	-0.213458070170579	1.0076681902953	0.833771211539202	0.977301212851793	sample_2022120210047
HROV.vOTU19348	Responder_Status	Responder	-0.16151222893537	0.769308549222532	0.835231051613928	0.977301212851793	sample_2022120210047
HROV.vOTU14153	Responder_Status	Responder	-0.187739066569357	0.899771549788663	0.836230433047103	0.977301212851793	sample_2022120210047
HROV.vOTU05763	Responder_Status	Responder	-0.261024629949321	1.2494193707146	0.836025685245795	0.977301212851793	sample_2022120210047
HROV.vOTU38904	Responder_Status	Responder	-0.1579617220709	0.754284353714031	0.835637143943553	0.977301212851793	sample_2022120210047
HROV.vOTU30995	Responder_Status	Responder	0.0676977321168164	0.323303437260891	0.835656885568043	0.977301212851793	sample_2022120210047
HROV.vOTU27295	Responder_Status	Responder	-0.154244857347609	0.725991621498977	0.833286608851524	0.977301212851793	sample_2022120210047
HROV.vOTU46797	Responder_Status	Responder	0.137096389254244	0.660165884534661	0.836990021448119	0.977301212851793	sample_2022120210047
HROV.vOTU51360	Responder_Status	Responder	0.0964761781254984	0.461414756681071	0.835893470976959	0.977301212851793	sample_2022120210047
HROV.vOTU45043	Responder_Status	Responder	0.22565882167349	1.08124273157102	0.836190786523151	0.977301212851793	sample_2022120210047
HROV.vOTU73755	Responder_Status	Responder	0.126688719229469	0.601488550670584	0.834704972475176	0.977301212851793	sample_2022120210047
HROV.vOTU11263	Responder_Status	Responder	-0.181437937738934	0.847727466977523	0.832075723409513	0.977301212851793	sample_2022120210047
HROV.vOTU17998	Responder_Status	Responder	0.0398404118308362	0.189587847975991	0.835078353375996	0.977301212851793	sample_2022120210047
HROV.vOTU35132	Responder_Status	Responder	0.0773455982827814	0.364089986887517	0.833306342087633	0.977301212851793	sample_2022120210047
HROV.vOTU08015	Responder_Status	Responder	-0.165759131641291	0.800102441162277	0.837374563189332	0.977476384745739	sample_2022120210047
HROV.vOTU71745	Responder_Status	Responder	-0.235342287192374	1.13740815567546	0.837576711724019	0.977540063075575	sample_2022120210047
HROV.vOTU75151	Responder_Status	Responder	0.0845945939537585	0.410126234045718	0.838076602198981	0.977540063075575	sample_2022120210047
HROV.vOTU12009	Responder_Status	Responder	0.116764008380759	0.565238546961826	0.837836823056797	0.977540063075575	sample_2022120210047
HROV.vOTU69371	Responder_Status	Responder	-0.164097747817532	0.798506407023666	0.838663722194142	0.977633754280089	sample_2022120210047
HROV.vOTU36921	Responder_Status	Responder	-0.114655827117318	0.562741409597961	0.840026246230487	0.977633754280089	sample_2022120210047
HROV.vOTU42785	Responder_Status	Responder	-0.166637338910895	0.815965720159928	0.839657951356905	0.977633754280089	sample_2022120210047
HROV.vOTU05395	Responder_Status	Responder	0.10547429474661	0.514839933952	0.839157168349532	0.977633754280089	sample_2022120210047
HROV.vOTU04911	Responder_Status	Responder	0.210982228190959	1.03579726730653	0.840068413696958	0.977633754280089	sample_2022120210047
HROV.vOTU28484	Responder_Status	Responder	0.0942684451612347	0.461724876883786	0.839700647513828	0.977633754280089	sample_2022120210047
HROV.vOTU14957	Responder_Status	Responder	-0.167898918466715	0.824568696850092	0.840122878415008	0.977633754280089	sample_2022120210047
HROV.vOTU69467	Responder_Status	Responder	-0.133583218509618	0.657835632924332	0.840552908698454	0.977666418212229	sample_2022120210047
HROV.vOTU35660	Responder_Status	Responder	-0.235901752106233	1.1671704951313	0.841288775599902	0.977666418212229	sample_2022120210047
HROV.vOTU21530	Responder_Status	Responder	0.0637351913473735	0.315241696038742	0.84123876462278	0.977666418212229	sample_2022120210047
HROV.vOTU17122	Responder_Status	Responder	0.204520563700455	1.00944393477664	0.84090713772796	0.977666418212229	sample_2022120210047
HROV.vOTU61603	Responder_Status	Responder	0.299063900793537	1.47810164305434	0.84112192169326	0.977666418212229	sample_2022120210047
HROV.vOTU57545	Responder_Status	Responder	0.0663675446103341	0.326237250888802	0.840267557089161	0.977666418212229	sample_2022120210047
HROV.vOTU49166	Responder_Status	Responder	0.146801554953227	0.725141243147569	0.84103231707426	0.977666418212229	sample_2022120210047
HROV.vOTU11407	Responder_Status	Responder	0.212899407279825	1.04723631092409	0.8403735554976	0.977666418212229	sample_2022120210047
HROV.vOTU57650	Responder_Status	Responder	-0.121270789585861	0.606409206185934	0.842940191717022	0.978203533886536	sample_2022120210047
HROV.vOTU52059	Responder_Status	Responder	-0.111070677078562	0.554484174791486	0.842683232072051	0.978203533886536	sample_2022120210047
HROV.vOTU13478	Responder_Status	Responder	0.228991713438245	1.14434787706786	0.84284340233116	0.978203533886536	sample_2022120210047
HROV.vOTU54503	Responder_Status	Responder	0.10567749287525	0.528610957161679	0.842991573939525	0.978203533886536	sample_2022120210047
HROV.vOTU26337	Responder_Status	Responder	-0.11380425954383	0.56659509747558	0.842262761367386	0.978203533886536	sample_2022120210047
HROV.vOTU70272	Responder_Status	Responder	-0.119247182048041	0.597488968252361	0.843250985385895	0.978308218863333	sample_2022120210047
HROV.vOTU47534	Responder_Status	Responder	0.221581472238522	1.11675127879135	0.844153126333823	0.978973352965881	sample_2022120210047
HROV.vOTU06110	Responder_Status	Responder	-0.0612464001040361	0.312960276540224	0.8462581127116	0.979833272343449	sample_2022120210047
HROV.vOTU66180	Responder_Status	Responder	-0.180482765874148	0.927260811267726	0.847079571947876	0.980451938483224	sample_2022120210047
HROV.vOTU12599	Responder_Status	Responder	-0.157270931856568	0.8105765002261	0.847558223822277	0.98057811260301	sample_2022120210047
HROV.vOTU64423	Responder_Status	Responder	-0.103612674870178	0.534195003780907	0.847607203475558	0.98057811260301	sample_2022120210047
HROV.vOTU49348	Responder_Status	Responder	-0.226235424108816	1.16786507330598	0.847795903425548	0.980587489964461	sample_2022120210047
HROV.vOTU45038	Responder_Status	Responder	-0.218310316447864	1.12792239963069	0.847924854775312	0.980587489964461	sample_2022120210047
HROV.vOTU01415	Responder_Status	Responder	0.189751890091279	0.989498307945324	0.849309623994977	0.980883708124866	sample_2022120210047
HROV.vOTU40089	Responder_Status	Responder	-0.13451004488353	0.708276277499916	0.850748321734948	0.980883708124866	sample_2022120210047
HROV.vOTU67787	Responder_Status	Responder	-0.169800415883642	0.897540859681506	0.851313243385488	0.980883708124866	sample_2022120210047
HROV.vOTU50724	Responder_Status	Responder	0.123981829192817	0.650939559726152	0.850318245622992	0.980883708124866	sample_2022120210047
HROV.vOTU41050	Responder_Status	Responder	0.265488142481571	1.38247685138878	0.849098368843485	0.980883708124866	sample_2022120210047
HROV.vOTU28977	Responder_Status	Responder	0.172767711503679	0.912399080538583	0.851180214860305	0.980883708124866	sample_2022120210047
HROV.vOTU16351	Responder_Status	Responder	-0.170243337330908	0.89268740089221	0.85012979165703	0.980883708124866	sample_2022120210047
HROV.vOTU54766	Responder_Status	Responder	-0.138756282113774	0.72831168610383	0.850278076637818	0.980883708124866	sample_2022120210047
HROV.vOTU22787	Responder_Status	Responder	-0.126859738711862	0.665828148081236	0.850269127514473	0.980883708124866	sample_2022120210047
HROV.vOTU07230	Responder_Status	Responder	-0.121371582997453	0.638229281549925	0.850548526965286	0.980883708124866	sample_2022120210047
HROV.vOTU11253	Responder_Status	Responder	0.097299781989777	0.512515703463609	0.850798319205821	0.980883708124866	sample_2022120210047
HROV.vOTU20449	Responder_Status	Responder	0.10926366758954	0.571489218832714	0.849755495688855	0.980883708124866	sample_2022120210047
HROV.vOTU56503	Responder_Status	Responder	-0.180140543830895	0.959007927598519	0.852356341181643	0.980906985902841	sample_2022120210047
HROV.vOTU31882	Responder_Status	Responder	-0.19563468555755	1.0457375537284	0.852948321541326	0.980906985902841	sample_2022120210047
HROV.vOTU48486	Responder_Status	Responder	-0.195000324304603	1.04076645132184	0.852727739164944	0.980906985902841	sample_2022120210047
HROV.vOTU39206	Responder_Status	Responder	0.124159026110583	0.661066059249832	0.852375091832853	0.980906985902841	sample_2022120210047
HROV.vOTU26057	Responder_Status	Responder	0.157214779493622	0.844069325454203	0.853585222698386	0.981041744137273	sample_2022120210047
HROV.vOTU41694	Responder_Status	Responder	-0.18103362499387	0.970299673182182	0.853339144393975	0.981041744137273	sample_2022120210047
HROV.vOTU50930	Responder_Status	Responder	-0.157468688718575	0.848328472914926	0.85407911526336	0.981102493208154	sample_2022120210047
HROV.vOTU35902	Responder_Status	Responder	-0.135038373488551	0.729886994200534	0.854552685982564	0.981151340194846	sample_2022120210047
HROV.vOTU61851	Responder_Status	Responder	-0.143169412607175	0.773412207898117	0.854474011514954	0.981151340194846	sample_2022120210047
HROV.vOTU26986	Responder_Status	Responder	0.0721254263281485	0.390582428085286	0.854825776128274	0.98119460093155	sample_2022120210047
HROV.vOTU04428	Responder_Status	Responder	-0.151321634350129	0.823876016038743	0.855595676808698	0.981236532773315	sample_2022120210047
HROV.vOTU57265	Responder_Status	Responder	0.25223751047647	1.37192400398335	0.855450850225955	0.981236532773315	sample_2022120210047
HROV.vOTU18958	Responder_Status	Responder	-0.164792547695873	0.901375477831153	0.856253920703995	0.981236532773315	sample_2022120210047
HROV.vOTU53756	Responder_Status	Responder	0.14597229014386	0.797002548267851	0.855998858571741	0.981236532773315	sample_2022120210047
HROV.vOTU43933	Responder_Status	Responder	0.0884060622638606	0.483869322762716	0.856344808855595	0.981236532773315	sample_2022120210047
HROV.vOTU53543	Responder_Status	Responder	0.0817028830019766	0.447595889253081	0.85647641623179	0.981236532773315	sample_2022120210047
HROV.vOTU06818	Responder_Status	Responder	-0.143580115003286	0.781909099759038	0.855628910776503	0.981236532773315	sample_2022120210047
HROV.vOTU52091	Responder_Status	Responder	-0.219426694519366	1.24447339909639	0.861310942195956	0.98144894555896	sample_2022120210047
HROV.vOTU27141	Responder_Status	Responder	0.0912200131856328	0.51343060544765	0.860263078550352	0.98144894555896	sample_2022120210047
HROV.vOTU03660	Responder_Status	Responder	-0.162317770502691	0.918650339540671	0.861022522968932	0.98144894555896	sample_2022120210047
HROV.vOTU16572	Responder_Status	Responder	-0.193315571845241	1.10025780598906	0.861793956726045	0.98144894555896	sample_2022120210047
HROV.vOTU08970	Responder_Status	Responder	-0.16050570211821	0.896359302584925	0.859176875808011	0.98144894555896	sample_2022120210047
HROV.vOTU70250	Responder_Status	Responder	-0.159131418176451	0.882451998699501	0.8581933548494	0.98144894555896	sample_2022120210047
HROV.vOTU73012	Responder_Status	Responder	0.232590353288478	1.27969043105732	0.857084281424091	0.98144894555896	sample_2022120210047
HROV.vOTU03083	Responder_Status	Responder	0.170180346097868	0.968157746593124	0.861733838593966	0.98144894555896	sample_2022120210047
HROV.vOTU71496	Responder_Status	Responder	0.200421714848354	1.12103655860494	0.859395846138653	0.98144894555896	sample_2022120210047
HROV.vOTU72935	Responder_Status	Responder	0.186744390495339	1.05596785111625	0.860901843874826	0.98144894555896	sample_2022120210047
HROV.vOTU10300	Responder_Status	Responder	-0.179287026254227	0.995015447533328	0.858304962584981	0.98144894555896	sample_2022120210047
HROV.vOTU40810	Responder_Status	Responder	0.16801354154248	0.952937275831801	0.861318483968582	0.98144894555896	sample_2022120210047
HROV.vOTU58773	Responder_Status	Responder	-0.233273004244868	1.30964049578556	0.859911275997916	0.98144894555896	sample_2022120210047
HROV.vOTU29180	Responder_Status	Responder	0.160693528862906	0.900740614446445	0.859692158170253	0.98144894555896	sample_2022120210047
HROV.vOTU25269	Responder_Status	Responder	0.134679555545486	0.756424638165669	0.859967538712226	0.98144894555896	sample_2022120210047
HROV.vOTU75492	Responder_Status	Responder	-0.178047170202788	0.989226577998206	0.858459657374477	0.98144894555896	sample_2022120210047
HROV.vOTU72046	Responder_Status	Responder	0.203562779947685	1.1609358283645	0.862071456639775	0.98144894555896	sample_2022120210047
HROV.vOTU52852	Responder_Status	Responder	0.147947947480868	0.839284316722686	0.861343797373367	0.98144894555896	sample_2022120210047
HROV.vOTU01022	Responder_Status	Responder	-0.181144018174514	1.0348119779404	0.862299913300603	0.98144894555896	sample_2022120210047
HROV.vOTU74700	Responder_Status	Responder	0.209066113411874	1.15775360071613	0.857998639389231	0.98144894555896	sample_2022120210047
HROV.vOTU35490	Responder_Status	Responder	-0.0773248917131607	0.43572806340057	0.860423582486339	0.98144894555896	sample_2022120210047
HROV.vOTU44418	Responder_Status	Responder	-0.140756971153321	0.796110122326285	0.860933557007457	0.98144894555896	sample_2022120210047
HROV.vOTU06122	Responder_Status	Responder	-0.120351702530207	0.683166663098339	0.861430399824936	0.98144894555896	sample_2022120210047
HROV.vOTU02943	Responder_Status	Responder	0.153213304802066	0.875155484725533	0.862284630336777	0.98144894555896	sample_2022120210047
HROV.vOTU23948	Responder_Status	Responder	-0.09565288098033	0.530429168160031	0.858191477251254	0.98144894555896	sample_2022120210047
HROV.vOTU11680	Responder_Status	Responder	0.182989925047126	1.02456354027186	0.859535613985542	0.98144894555896	sample_2022120210047
HROV.vOTU28588	Responder_Status	Responder	-0.0595055544163372	0.327304194219097	0.857045508680412	0.98144894555896	sample_2022120210047
HROV.vOTU59845	Responder_Status	Responder	0.0814593320648837	0.45590290702563	0.859477958328079	0.98144894555896	sample_2022120210047
HROV.vOTU67070	Responder_Status	Responder	-0.0976859941027444	0.553328563887541	0.861138537970442	0.98144894555896	sample_2022120210047
HROV.vOTU22923	Responder_Status	Responder	-0.0984536509246951	0.560853503704205	0.861916694703437	0.98144894555896	sample_2022120210047
HROV.vOTU01367	Responder_Status	Responder	-0.14949032710262	0.864102793539619	0.863895474220987	0.981587338152999	sample_2022120210047
HROV.vOTU34569	Responder_Status	Responder	-0.150844246661819	0.867567734766532	0.863218382282386	0.981587338152999	sample_2022120210047
HROV.vOTU66731	Responder_Status	Responder	0.142085478277879	0.82000087120954	0.863682007966232	0.981587338152999	sample_2022120210047
HROV.vOTU09705	Responder_Status	Responder	-0.0647632023990437	0.372249576843836	0.863134594914329	0.981587338152999	sample_2022120210047
HROV.vOTU74791	Responder_Status	Responder	-0.16714393777344	0.975542587000786	0.865193109596754	0.981954390679399	sample_2022120210047
HROV.vOTU12680	Responder_Status	Responder	-0.104050373442405	0.607250754738835	0.865183527389726	0.981954390679399	sample_2022120210047
HROV.vOTU53400	Responder_Status	Responder	0.0908134885330135	0.531953406110664	0.865673958673005	0.982057835275451	sample_2022120210047
HROV.vOTU01273	Responder_Status	Responder	-0.192937929168958	1.13300979793569	0.866008170929699	0.982129423279001	sample_2022120210047
HROV.vOTU01741	Responder_Status	Responder	0.185994198637442	1.09365260666761	0.866180320151758	0.98226717137048	sample_2022120210047
HROV.vOTU04933	Responder_Status	Responder	0.156932194962766	0.928646419336268	0.867019217349828	0.98226717137048	sample_2022120210047
HROV.vOTU14674	Responder_Status	Responder	0.130114545832707	0.772602435250442	0.867470794796144	0.98226717137048	sample_2022120210047
HROV.vOTU25923	Responder_Status	Responder	-0.0681749806895263	0.40193937581819	0.86653238333442	0.98226717137048	sample_2022120210047
HROV.vOTU52850	Responder_Status	Responder	-0.0774687248681302	0.461170540084162	0.867804275249063	0.982295426440197	sample_2022120210047
HROV.vOTU20688	Responder_Status	Responder	0.226967425967963	1.3567153876619	0.868342795256987	0.982638132773436	sample_2022120210047
HROV.vOTU71479	Responder_Status	Responder	0.131754786819674	0.789634047934542	0.86868290491909	0.982756187965574	sample_2022120210047
HROV.vOTU21563	Responder_Status	Responder	-0.15491367092302	0.929857846735911	0.868882611155233	0.98276871731208	sample_2022120210047
HROV.vOTU06179	Responder_Status	Responder	0.17479660486581	1.05140762582448	0.869154842964337	0.982860169579469	sample_2022120210047
HROV.vOTU20831	Responder_Status	Responder	0.0337014517391341	0.203021602669729	0.869350317739629	0.982870971718866	sample_2022120210047
HROV.vOTU17607	Responder_Status	Responder	-0.157232406697976	0.947964546634547	0.869456473616298	0.982884345547255	sample_2022120210047
HROV.vOTU63059	Responder_Status	Responder	-0.181348813788313	1.09946257063223	0.870173795522157	0.983002054351786	sample_2022120210047
HROV.vOTU03800	Responder_Status	Responder	-0.252810096117306	1.54382460357755	0.871099773370978	0.983008842892783	sample_2022120210047
HROV.vOTU66328	Responder_Status	Responder	0.143062094921061	0.887902740732652	0.873152986838757	0.983008842892783	sample_2022120210047
HROV.vOTU23555	Responder_Status	Responder	0.185080405355011	1.12476203726835	0.870479791692952	0.983008842892783	sample_2022120210047
HROV.vOTU59729	Responder_Status	Responder	0.113446978688739	0.700791001235861	0.872559596283273	0.983008842892783	sample_2022120210047
HROV.vOTU63077	Responder_Status	Responder	-0.085115376082553	0.528850261771361	0.873292980677399	0.983008842892783	sample_2022120210047
HROV.vOTU25110	Responder_Status	Responder	-0.161712618925258	1.00023246449309	0.872722763524159	0.983008842892783	sample_2022120210047
HROV.vOTU48734	Responder_Status	Responder	-0.0678371911615972	0.418424833546336	0.872371608061693	0.983008842892783	sample_2022120210047
HROV.vOTU01040	Responder_Status	Responder	0.112906867906981	0.690161207828624	0.871225174781712	0.983008842892783	sample_2022120210047
HROV.vOTU31620	Responder_Status	Responder	-0.124157327198301	0.77133250373852	0.873276953775843	0.983008842892783	sample_2022120210047
HROV.vOTU25644	Responder_Status	Responder	-0.0647774177627969	0.402364845572905	0.873255875761037	0.983008842892783	sample_2022120210047
HROV.vOTU23269	Responder_Status	Responder	-0.113454894067291	0.699468461088838	0.872311983985177	0.983008842892783	sample_2022120210047
HROV.vOTU72848	Responder_Status	Responder	0.0643948417197921	0.397509322686413	0.872472518368416	0.983008842892783	sample_2022120210047
HROV.vOTU71968	Responder_Status	Responder	0.112500326102013	0.68498365598871	0.870723677365527	0.983008842892783	sample_2022120210047
HROV.vOTU42879	Responder_Status	Responder	0.0487460848359259	0.296179390171017	0.870454642165977	0.983008842892783	sample_2022120210047
HROV.vOTU70245	Responder_Status	Responder	0.200109593039276	1.24423460826569	0.873382491509904	0.983034215788746	sample_2022120210047
HROV.vOTU42535	Responder_Status	Responder	-0.178258958797141	1.11930228816747	0.87460805541939	0.983276111651754	sample_2022120210047
HROV.vOTU04654	Responder_Status	Responder	0.157326018405035	0.984631473533815	0.874200170642087	0.983276111651754	sample_2022120210047
HROV.vOTU00962	Responder_Status	Responder	0.0841566515791204	0.525687106971848	0.873960405168262	0.983276111651754	sample_2022120210047
HROV.vOTU71313	Responder_Status	Responder	-0.13935843586701	0.876645594417907	0.874835320741803	0.98331093707239	sample_2022120210047
HROV.vOTU06476	Responder_Status	Responder	0.175835111015709	1.10654705668125	0.874884878572499	0.983313605298829	sample_2022120210047
HROV.vOTU62209	Responder_Status	Responder	0.162297072581118	1.03419346848303	0.876425312413938	0.98404678806855	sample_2022120210047
HROV.vOTU25356	Responder_Status	Responder	0.160082007050094	1.01978403477873	0.876389923528348	0.98404678806855	sample_2022120210047
HROV.vOTU74870	Responder_Status	Responder	0.0990721168120626	0.63166304778255	0.876493830463194	0.98405296180995	sample_2022120210047
HROV.vOTU15594	Responder_Status	Responder	0.109735833143209	0.70220278316809	0.876938580975638	0.98405825580808	sample_2022120210047
HROV.vOTU09858	Responder_Status	Responder	-0.170771304618651	1.0965133034173	0.877355120834969	0.984285137715372	sample_2022120210047
HROV.vOTU15235	Responder_Status	Responder	-0.107558046065092	0.696998923295984	0.878467563007307	0.984489343848463	sample_2022120210047
HROV.vOTU41996	Responder_Status	Responder	0.0754436284882885	0.487191041150693	0.878047065940634	0.984489343848463	sample_2022120210047
HROV.vOTU17525	Responder_Status	Responder	-0.0616120310065152	0.401231511373521	0.879060172488899	0.984489343848463	sample_2022120210047
HROV.vOTU62711	Responder_Status	Responder	0.0920280729794824	0.600532537483526	0.879304850987737	0.984489343848463	sample_2022120210047
HROV.vOTU37450	Responder_Status	Responder	-0.0372336337288868	0.241801747583663	0.878726744408306	0.984489343848463	sample_2022120210047
HROV.vOTU71269	Responder_Status	Responder	0.11548421460921	0.753316265348504	0.879260324172831	0.984489343848463	sample_2022120210047
HROV.vOTU43081	Responder_Status	Responder	-0.0676000155737927	0.441685071294108	0.879456293848097	0.984489343848463	sample_2022120210047
HROV.vOTU62704	Responder_Status	Responder	-0.128431922063548	0.841949974995677	0.879854148185241	0.984557899667136	sample_2022120210047
HROV.vOTU71829	Responder_Status	Responder	0.093637684772581	0.614380977620535	0.87995668428277	0.984606566467271	sample_2022120210047
HROV.vOTU47235	Responder_Status	Responder	-0.094644108265842	0.623067381179141	0.880354815054154	0.984734815400599	sample_2022120210047
HROV.vOTU43200	Responder_Status	Responder	-0.0870931209660039	0.5729325113378	0.880266828081682	0.984734815400599	sample_2022120210047
HROV.vOTU18057	Responder_Status	Responder	-0.0720500806668563	0.477014980437969	0.881024238115013	0.984849088725451	sample_2022120210047
HROV.vOTU34031	Responder_Status	Responder	-0.089102896581529	0.594457484145484	0.881926344260912	0.984923458535064	sample_2022120210047
HROV.vOTU61668	Responder_Status	Responder	0.138866979479919	0.939722374690327	0.883579774158955	0.984923458535064	sample_2022120210047
HROV.vOTU08406	Responder_Status	Responder	0.202982876365723	1.36891597295185	0.883184507023635	0.984923458535064	sample_2022120210047
HROV.vOTU28487	Responder_Status	Responder	0.163342839685608	1.08843705865648	0.881784424811605	0.984923458535064	sample_2022120210047
HROV.vOTU75805	Responder_Status	Responder	0.194982938960082	1.30051029825059	0.881896181600751	0.984923458535064	sample_2022120210047
HROV.vOTU04280	Responder_Status	Responder	-0.178159728728879	1.18343452659104	0.881414226801271	0.984923458535064	sample_2022120210047
HROV.vOTU52432	Responder_Status	Responder	-0.137929354582767	0.926501038715736	0.882722282777582	0.984923458535064	sample_2022120210047
HROV.vOTU29160	Responder_Status	Responder	-0.089427375679915	0.605014685926419	0.883551795905046	0.984923458535064	sample_2022120210047
HROV.vOTU67284	Responder_Status	Responder	0.0942444332740758	0.630548015369832	0.882258642990654	0.984923458535064	sample_2022120210047
HROV.vOTU07976	Responder_Status	Responder	-0.149362398080306	0.9910669681474	0.881286019443942	0.984923458535064	sample_2022120210047
HROV.vOTU19375	Responder_Status	Responder	0.0804022139749868	0.538694747122429	0.88242324806617	0.984923458535064	sample_2022120210047
HROV.vOTU33152	Responder_Status	Responder	-0.0529959478612205	0.357161162531344	0.88310551234369	0.984923458535064	sample_2022120210047
HROV.vOTU16149	Responder_Status	Responder	0.171397679458888	1.16212592683913	0.883805085901152	0.984923458535064	sample_2022120210047
HROV.vOTU61881	Responder_Status	Responder	0.0396956477540082	0.265497849280678	0.882219805012627	0.984923458535064	sample_2022120210047
HROV.vOTU42542	Responder_Status	Responder	-0.211111911561823	1.43712679229243	0.884264671169186	0.98503718982071	sample_2022120210047
HROV.vOTU51250	Responder_Status	Responder	0.111455109507985	0.762786380813812	0.88487689675836	0.98527483009433	sample_2022120210047
HROV.vOTU26634	Responder_Status	Responder	0.102572681034317	0.708178061503518	0.885874576568427	0.985526335485551	sample_2022120210047
HROV.vOTU39862	Responder_Status	Responder	-0.155628403076117	1.09149209109372	0.887640472194284	0.985567614496238	sample_2022120210047
HROV.vOTU32570	Responder_Status	Responder	0.214212761370792	1.52033586072595	0.8889590600409	0.985567614496238	sample_2022120210047
HROV.vOTU43692	Responder_Status	Responder	-0.160599856481632	1.11761200904711	0.886767301202558	0.985567614496238	sample_2022120210047
HROV.vOTU50950	Responder_Status	Responder	-0.145343205440967	1.01433777305781	0.887088363879001	0.985567614496238	sample_2022120210047
HROV.vOTU48081	Responder_Status	Responder	-0.12791653123917	0.905932914542623	0.888723967568577	0.985567614496238	sample_2022120210047
HROV.vOTU06467	Responder_Status	Responder	0.144876903602756	1.01735299366084	0.887779317912721	0.985567614496238	sample_2022120210047
HROV.vOTU58937	Responder_Status	Responder	-0.0653336518302588	0.456882059052487	0.88731513355678	0.985567614496238	sample_2022120210047
HROV.vOTU39614	Responder_Status	Responder	0.0847454662683911	0.59911974705981	0.888527297809822	0.985567614496238	sample_2022120210047
HROV.vOTU09745	Responder_Status	Responder	0.157392687788266	1.10887344888749	0.888144358036728	0.985567614496238	sample_2022120210047
HROV.vOTU58551	Responder_Status	Responder	-0.054833496352636	0.383576730064496	0.887350976887926	0.985567614496238	sample_2022120210047
HROV.vOTU16682	Responder_Status	Responder	0.104367481889775	0.732638132796441	0.887741284817854	0.985567614496238	sample_2022120210047
HROV.vOTU40109	Responder_Status	Responder	0.0526783834466121	0.377413881770093	0.889993185380999	0.986047254957985	sample_2022120210047
HROV.vOTU40040	Responder_Status	Responder	-0.0660431986330825	0.473724852394706	0.890122091717528	0.986080395034727	sample_2022120210047
HROV.vOTU06882	Responder_Status	Responder	0.128820260562027	0.928189107526598	0.89061212823631	0.986148934173365	sample_2022120210047
HROV.vOTU29020	Responder_Status	Responder	0.136661748468819	0.997049029210019	0.891959298423994	0.986279967410607	sample_2022120210047
HROV.vOTU13101	Responder_Status	Responder	-0.104043149955984	0.755902894107778	0.891509272186427	0.986279967410607	sample_2022120210047
HROV.vOTU71614	Responder_Status	Responder	0.112789557864668	0.830886226047	0.892993245554258	0.986635930517552	sample_2022120210047
HROV.vOTU05429	Responder_Status	Responder	0.0636588763173727	0.46869410363806	0.892933945466993	0.986635930517552	sample_2022120210047
HROV.vOTU21655	Responder_Status	Responder	-0.165598930528727	1.23529918141278	0.894317440657638	0.987120405325448	sample_2022120210047
HROV.vOTU15154	Responder_Status	Responder	-0.0382301218882222	0.283983230243577	0.893874540957006	0.987120405325448	sample_2022120210047
HROV.vOTU56004	Responder_Status	Responder	-0.0651418638875703	0.485486448582476	0.894221219860052	0.987120405325448	sample_2022120210047
HROV.vOTU20641	Responder_Status	Responder	0.0710864792195799	0.531752545041717	0.894609169184884	0.987218854091565	sample_2022120210047
HROV.vOTU66996	Responder_Status	Responder	-0.170193037885991	1.29403687999424	0.89630366477426	0.987657056542249	sample_2022120210047
HROV.vOTU67004	Responder_Status	Responder	0.0803715915439558	0.615678284651496	0.897071369532614	0.987657056542249	sample_2022120210047
HROV.vOTU67198	Responder_Status	Responder	0.0555108945939407	0.425597291517558	0.897158358974061	0.987657056542249	sample_2022120210047
HROV.vOTU72225	Responder_Status	Responder	0.0575745810504649	0.441794623649682	0.897245193284838	0.987657056542249	sample_2022120210047
HROV.vOTU22906	Responder_Status	Responder	-0.100629496711471	0.770248592997267	0.896989897548943	0.987657056542249	sample_2022120210047
HROV.vOTU08743	Responder_Status	Responder	-0.0878197214329389	0.667323636050004	0.896241838574964	0.987657056542249	sample_2022120210047
HROV.vOTU43115	Responder_Status	Responder	0.0846730831919778	0.64576576043851	0.896617626918163	0.987657056542249	sample_2022120210047
HROV.vOTU60277	Responder_Status	Responder	-0.036875093975974	0.282328396702654	0.897017202179047	0.987657056542249	sample_2022120210047
HROV.vOTU31098	Responder_Status	Responder	0.103248757892547	0.7908585901944	0.897062588623575	0.987657056542249	sample_2022120210047
HROV.vOTU52334	Responder_Status	Responder	0.191761819668691	1.46796361931151	0.897001106044047	0.987657056542249	sample_2022120210047
HROV.vOTU75427	Responder_Status	Responder	0.141161036598858	1.09269637853851	0.89813403102982	0.987989945607002	sample_2022120210047
HROV.vOTU54265	Responder_Status	Responder	0.128282281656372	0.992861506261471	0.89811941550172	0.987989945607002	sample_2022120210047
HROV.vOTU02036	Responder_Status	Responder	-0.0584050347527547	0.452942658530957	0.898322353931114	0.988073988279117	sample_2022120210047
HROV.vOTU69966	Responder_Status	Responder	0.14868265013518	1.15414610950618	0.898417182539297	0.988073992512478	sample_2022120210047
HROV.vOTU10146	Responder_Status	Responder	-0.131598604898939	1.02300266228225	0.898562429219621	0.988120066207656	sample_2022120210047
HROV.vOTU75686	Responder_Status	Responder	-0.0693690689682848	0.541721824237477	0.899022384423115	0.988120066207656	sample_2022120210047
HROV.vOTU24166	Responder_Status	Responder	0.0478244331372258	0.374979923567877	0.899425653042383	0.988120066207656	sample_2022120210047
HROV.vOTU34340	Responder_Status	Responder	-0.039722277173744	0.310614567290127	0.89915574761225	0.988120066207656	sample_2022120210047
HROV.vOTU65229	Responder_Status	Responder	0.134535131383151	1.0635267226461	0.900240915555568	0.988272063348757	sample_2022120210047
HROV.vOTU27585	Responder_Status	Responder	0.0913295252183388	0.720417622868894	0.900026053240796	0.988272063348757	sample_2022120210047
HROV.vOTU42214	Responder_Status	Responder	-0.0674911537438172	0.539028798686005	0.901252906139306	0.988272063348757	sample_2022120210047
HROV.vOTU53087	Responder_Status	Responder	-0.244791395838198	1.92593880159225	0.899767773133542	0.988272063348757	sample_2022120210047
HROV.vOTU09667	Responder_Status	Responder	0.18299641441182	1.45945144144123	0.901113039374148	0.988272063348757	sample_2022120210047
HROV.vOTU62036	Responder_Status	Responder	-0.0808185435401424	0.640991669594348	0.900566749899054	0.988272063348757	sample_2022120210047
HROV.vOTU26115	Responder_Status	Responder	-0.163149937493914	1.29133961335813	0.900364393486178	0.988272063348757	sample_2022120210047
HROV.vOTU62007	Responder_Status	Responder	-0.0478592426561077	0.385390806205521	0.902057083869384	0.988559311257328	sample_2022120210047
HROV.vOTU68836	Responder_Status	Responder	-0.098093316054409	0.794835643951459	0.902661442950837	0.988591693832887	sample_2022120210047
HROV.vOTU07483	Responder_Status	Responder	-0.0929989335555876	0.757747074977491	0.903196940018433	0.98873680542458	sample_2022120210047
HROV.vOTU47931	Responder_Status	Responder	-0.167305292535418	1.36877151654594	0.903589734868266	0.988935324709652	sample_2022120210047
HROV.vOTU40970	Responder_Status	Responder	0.0945199571868911	0.773982522377447	0.903675024892548	0.988935324709652	sample_2022120210047
HROV.vOTU64056	Responder_Status	Responder	-0.0892342665880738	0.732922070318883	0.903965527783932	0.988982732190768	sample_2022120210047
HROV.vOTU41142	Responder_Status	Responder	0.0883827323910885	0.727245963819165	0.904138678001879	0.989042572545229	sample_2022120210047
HROV.vOTU09913	Responder_Status	Responder	-0.125712472363246	1.0449828294918	0.905103812341929	0.989267501400629	sample_2022120210047
HROV.vOTU37178	Responder_Status	Responder	-0.13974608225475	1.15829262241181	0.904831188927839	0.989267501400629	sample_2022120210047
HROV.vOTU67392	Responder_Status	Responder	0.115541847873842	0.979028934203919	0.906896919292806	0.989288792481016	sample_2022120210047
HROV.vOTU72898	Responder_Status	Responder	0.0913641550801883	0.77034652564933	0.906437969739691	0.989288792481016	sample_2022120210047
HROV.vOTU03824	Responder_Status	Responder	0.092713162418815	0.784230332022853	0.906735921091911	0.989288792481016	sample_2022120210047
HROV.vOTU19549	Responder_Status	Responder	-0.0970693331514916	0.814574436685339	0.905994956194518	0.989288792481016	sample_2022120210047
HROV.vOTU07463	Responder_Status	Responder	-0.158263438689765	1.32770228651567	0.905967246830807	0.989288792481016	sample_2022120210047
HROV.vOTU11220	Responder_Status	Responder	-0.0821462825148707	0.693184658910782	0.906513135704055	0.989288792481016	sample_2022120210047
HROV.vOTU04346	Responder_Status	Responder	0.0806024718898331	0.677179044054843	0.906103973999866	0.989288792481016	sample_2022120210047
HROV.vOTU65659	Responder_Status	Responder	0.175236566965243	1.48493649260435	0.906902663699094	0.989288792481016	sample_2022120210047
HROV.vOTU02641	Responder_Status	Responder	-0.161192847486649	1.38155641711703	0.907950597956821	0.989377579801715	sample_2022120210047
HROV.vOTU49493	Responder_Status	Responder	0.0387086375568754	0.331407254257365	0.907851662696083	0.989377579801715	sample_2022120210047
HROV.vOTU24973	Responder_Status	Responder	0.0445296189027284	0.38006264319134	0.907566570240866	0.989377579801715	sample_2022120210047
HROV.vOTU20183	Responder_Status	Responder	0.0962962030598722	0.827560527982046	0.90819661694941	0.989482303284488	sample_2022120210047
HROV.vOTU72545	Responder_Status	Responder	0.0704135010469082	0.607420206340396	0.908541594128687	0.989553329413176	sample_2022120210047
HROV.vOTU20840	Responder_Status	Responder	-0.109522789564694	0.946793853045494	0.908733745013564	0.98962483579102	sample_2022120210047
HROV.vOTU30080	Responder_Status	Responder	-0.0532491594080053	0.460760907155197	0.908819873198211	0.989643962663325	sample_2022120210047
HROV.vOTU41084	Responder_Status	Responder	0.0666891604857518	0.581977429888843	0.909587392518124	0.989962463968963	sample_2022120210047
HROV.vOTU52308	Responder_Status	Responder	-0.107840703561305	0.942047112296638	0.909678329704916	0.990009733722412	sample_2022120210047
HROV.vOTU37732	Responder_Status	Responder	-0.0703137057308074	0.614840231034679	0.909767803277004	0.990039199553311	sample_2022120210047
HROV.vOTU48645	Responder_Status	Responder	0.0450870719133361	0.39555336673809	0.910063249396764	0.990098338219357	sample_2022120210047
HROV.vOTU06552	Responder_Status	Responder	-0.0995212382310108	0.884328958416712	0.911199241100472	0.99038456502761	sample_2022120210047
HROV.vOTU71482	Responder_Status	Responder	-0.0428340716255825	0.380353758819022	0.911138203193777	0.99038456502761	sample_2022120210047
HROV.vOTU03278	Responder_Status	Responder	-0.028668806795744	0.257795283924458	0.912245037446344	0.991014159048859	sample_2022120210047
HROV.vOTU56079	Responder_Status	Responder	-0.0821368941857679	0.739569546581533	0.912360732030298	0.991014159048859	sample_2022120210047
HROV.vOTU20224	Responder_Status	Responder	0.0289246600310049	0.259958826376802	0.91219894091608	0.991014159048859	sample_2022120210047
HROV.vOTU38448	Responder_Status	Responder	-0.0866979681560912	0.78004597249584	0.912294505091439	0.991014159048859	sample_2022120210047
HROV.vOTU47932	Responder_Status	Responder	0.136317422679069	1.23057995783947	0.912585042431897	0.991162633485279	sample_2022120210047
HROV.vOTU68801	Responder_Status	Responder	0.11770183738709	1.08167313010321	0.91412561647335	0.991202725870015	sample_2022120210047
HROV.vOTU26492	Responder_Status	Responder	-0.0895659839567879	0.812294895450463	0.912987415604377	0.991202725870015	sample_2022120210047
HROV.vOTU54184	Responder_Status	Responder	-0.0872680544091661	0.80467794714266	0.914411475665295	0.991202725870015	sample_2022120210047
HROV.vOTU70862	Responder_Status	Responder	0.063600588084485	0.577277757063171	0.913057829942721	0.991202725870015	sample_2022120210047
HROV.vOTU44564	Responder_Status	Responder	0.0915921853574293	0.85163714128018	0.915120901253061	0.991245961622816	sample_2022120210047
HROV.vOTU53602	Responder_Status	Responder	0.0416068842429291	0.389872799257637	0.915772776256074	0.991245961622816	sample_2022120210047
HROV.vOTU14222	Responder_Status	Responder	0.0205792952505098	0.192909838101868	0.915804864370861	0.991245961622816	sample_2022120210047
HROV.vOTU49670	Responder_Status	Responder	0.0896406053101097	0.84422123867967	0.916195507391962	0.991245961622816	sample_2022120210047
HROV.vOTU54102	Responder_Status	Responder	0.0832652746201398	0.775332166935083	0.915243005808513	0.991245961622816	sample_2022120210047
HROV.vOTU65880	Responder_Status	Responder	0.0700677688821081	0.662180063888236	0.916484552195734	0.991245961622816	sample_2022120210047
HROV.vOTU18413	Responder_Status	Responder	0.0470139823368169	0.450081177895	0.91755161179227	0.991275488295428	sample_2022120210047
HROV.vOTU33092	Responder_Status	Responder	0.0636589640565629	0.615946196778704	0.918420703056138	0.991398557322225	sample_2022120210047
HROV.vOTU01193	Responder_Status	Responder	-0.0926121250482967	0.903271623324282	0.919067060340918	0.991594241047338	sample_2022120210047
HROV.vOTU61390	Responder_Status	Responder	0.0600494107939245	0.584531943992782	0.918908890268523	0.991594241047338	sample_2022120210047
HROV.vOTU49421	Responder_Status	Responder	-0.103549609942449	1.01236467447745	0.919259567894617	0.991618115771134	sample_2022120210047
HROV.vOTU50970	Responder_Status	Responder	-0.106171608033269	1.03951517622771	0.919376912069934	0.991618115771134	sample_2022120210047
HROV.vOTU55790	Responder_Status	Responder	0.147974490722679	1.48461763692874	0.921315113726419	0.99175882628462	sample_2022120210047
HROV.vOTU59318	Responder_Status	Responder	-0.0496927468537469	0.496694571166473	0.921020011463055	0.99175882628462	sample_2022120210047
HROV.vOTU15261	Responder_Status	Responder	-0.124911869300708	1.24534833320752	0.920818722799755	0.99175882628462	sample_2022120210047
HROV.vOTU57842	Responder_Status	Responder	-0.0758743552604711	0.75715187912349	0.920891520575531	0.99175882628462	sample_2022120210047
HROV.vOTU31042	Responder_Status	Responder	0.117905629124299	1.17681529389575	0.920907088881533	0.99175882628462	sample_2022120210047
HROV.vOTU11909	Responder_Status	Responder	-0.0481785726207164	0.484093572112349	0.921431961564462	0.99175882628462	sample_2022120210047
HROV.vOTU43683	Responder_Status	Responder	-0.0518087278179037	0.516149889924332	0.920761610951253	0.99175882628462	sample_2022120210047
HROV.vOTU03303	Responder_Status	Responder	-0.0680843910331124	0.749718331371932	0.928287505736323	0.991805017962763	sample_2022120210047
HROV.vOTU43603	Responder_Status	Responder	-0.0361998787286686	0.393305877710237	0.927321612010288	0.991805017962763	sample_2022120210047
HROV.vOTU24695	Responder_Status	Responder	-0.0664180719324347	0.725294968755272	0.927688625899825	0.991805017962763	sample_2022120210047
HROV.vOTU01077	Responder_Status	Responder	-0.0748780566008235	0.800276755508214	0.926120869472248	0.991805017962763	sample_2022120210047
HROV.vOTU00617	Responder_Status	Responder	-0.0653944157839753	0.696381371600095	0.925852561928509	0.991805017962763	sample_2022120210047
HROV.vOTU69787	Responder_Status	Responder	0.0682458107927125	0.699100085944664	0.922929880529831	0.991805017962763	sample_2022120210047
HROV.vOTU32243	Responder_Status	Responder	-0.0720602078865805	0.762745525694737	0.925404873934841	0.991805017962763	sample_2022120210047
HROV.vOTU13294	Responder_Status	Responder	-0.0405271820731175	0.442451696128945	0.927670536603893	0.991805017962763	sample_2022120210047
HROV.vOTU53230	Responder_Status	Responder	0.0738357519964288	0.760505808103588	0.923348385217468	0.991805017962763	sample_2022120210047
HROV.vOTU43884	Responder_Status	Responder	-0.0613555058945334	0.661030878939147	0.92670917075311	0.991805017962763	sample_2022120210047
HROV.vOTU23304	Responder_Status	Responder	0.0368701495004401	0.39989966004048	0.927196830845749	0.991805017962763	sample_2022120210047
HROV.vOTU41053	Responder_Status	Responder	-0.0603279077958575	0.632906564559544	0.924740508117498	0.991805017962763	sample_2022120210047
HROV.vOTU02899	Responder_Status	Responder	-0.171158921942079	1.77478036088389	0.923858494548042	0.991805017962763	sample_2022120210047
HROV.vOTU20731	Responder_Status	Responder	-0.0703515107747852	0.739768607404671	0.92491325519567	0.991805017962763	sample_2022120210047
HROV.vOTU53048	Responder_Status	Responder	-0.0359400839233916	0.374125996792251	0.92415391988221	0.991805017962763	sample_2022120210047
HROV.vOTU07429	Responder_Status	Responder	0.0249398093587774	0.254624917108819	0.92267199228435	0.991805017962763	sample_2022120210047
HROV.vOTU15726	Responder_Status	Responder	-0.027869342451043	0.288067727661772	0.923617438739151	0.991805017962763	sample_2022120210047
HROV.vOTU15867	Responder_Status	Responder	0.0513174829621446	0.555023487159494	0.926990934299969	0.991805017962763	sample_2022120210047
HROV.vOTU63450	Responder_Status	Responder	-0.0208801959093403	0.226499444766194	0.927206263228633	0.991805017962763	sample_2022120210047
HROV.vOTU12129	Responder_Status	Responder	0.0569598000608189	0.618871493463064	0.92732306389917	0.991805017962763	sample_2022120210047
HROV.vOTU13649	Responder_Status	Responder	-0.0905060563735306	1.00111394131255	0.928608736541116	0.991858482850775	sample_2022120210047
HROV.vOTU16409	Responder_Status	Responder	0.0930160709300334	1.03021709899526	0.928701275233549	0.991858482850775	sample_2022120210047
HROV.vOTU09333	Responder_Status	Responder	-0.0958897398710742	1.07764392600053	0.929730490491763	0.991973447576647	sample_2022120210047
HROV.vOTU27624	Responder_Status	Responder	0.0696088785053667	0.814424815282218	0.932495990921066	0.991973447576647	sample_2022120210047
HROV.vOTU34657	Responder_Status	Responder	0.0935517703091866	1.0733610150711	0.931166428525306	0.991973447576647	sample_2022120210047
HROV.vOTU38162	Responder_Status	Responder	0.0672782874926447	0.781846503207269	0.932038664879065	0.991973447576647	sample_2022120210047
HROV.vOTU53401	Responder_Status	Responder	0.103999356483513	1.16054669609267	0.929233184034294	0.991973447576647	sample_2022120210047
HROV.vOTU07204	Responder_Status	Responder	0.0484661265505583	0.549940511833817	0.930400847300929	0.991973447576647	sample_2022120210047
HROV.vOTU30169	Responder_Status	Responder	0.0711489464141365	0.801765110347616	0.929919920243472	0.991973447576647	sample_2022120210047
HROV.vOTU16683	Responder_Status	Responder	0.0354603287243537	0.402518526043205	0.930427328293913	0.991973447576647	sample_2022120210047
HROV.vOTU50048	Responder_Status	Responder	0.0569892180217257	0.666576400816668	0.93247596813102	0.991973447576647	sample_2022120210047
HROV.vOTU50805	Responder_Status	Responder	-0.0268703929169137	0.310345020044255	0.931619726495781	0.991973447576647	sample_2022120210047
HROV.vOTU06659	Responder_Status	Responder	0.0674681522585119	0.782419359431367	0.931897134936072	0.991973447576647	sample_2022120210047
HROV.vOTU48171	Responder_Status	Responder	0.138371199310099	1.65316225995955	0.933889786309291	0.99231423793367	sample_2022120210047
HROV.vOTU35575	Responder_Status	Responder	0.0488029411682479	0.587109685830299	0.934344321264411	0.992544380423607	sample_2022120210047
HROV.vOTU21336	Responder_Status	Responder	-0.0623359824330966	0.77774403237384	0.936688291528117	0.992592335232058	sample_2022120210047
HROV.vOTU66481	Responder_Status	Responder	0.0756397109857219	0.942169250787661	0.936583648630614	0.992592335232058	sample_2022120210047
HROV.vOTU07120	Responder_Status	Responder	0.0243095674238736	0.299561265067463	0.935899502932837	0.992592335232058	sample_2022120210047
HROV.vOTU75148	Responder_Status	Responder	0.0593210328162848	0.717933700510786	0.934735641692741	0.992592335232058	sample_2022120210047
HROV.vOTU01491	Responder_Status	Responder	0.0796124662158865	0.973363154568054	0.935394694998553	0.992592335232058	sample_2022120210047
HROV.vOTU56498	Responder_Status	Responder	0.0633861767978392	0.790205896691389	0.936637045015204	0.992592335232058	sample_2022120210047
HROV.vOTU19005	Responder_Status	Responder	-0.0330764313321282	0.411618989591918	0.936525006324027	0.992592335232058	sample_2022120210047
HROV.vOTU34583	Responder_Status	Responder	-0.0999005432207529	1.22188701817608	0.935419828240827	0.992592335232058	sample_2022120210047
HROV.vOTU27630	Responder_Status	Responder	-0.0767189998827503	0.935592799031627	0.9352297607788	0.992592335232058	sample_2022120210047
HROV.vOTU07267	Responder_Status	Responder	-0.100130836252939	1.24141197709514	0.936287053036976	0.992592335232058	sample_2022120210047
HROV.vOTU56533	Responder_Status	Responder	-0.0512029536653662	0.625640581090222	0.935355511976437	0.992592335232058	sample_2022120210047
HROV.vOTU61935	Responder_Status	Responder	0.0312820192615735	0.386830391737397	0.936122568028001	0.992592335232058	sample_2022120210047
HROV.vOTU72586	Responder_Status	Responder	-0.0496466550924959	0.615463140879322	0.936281778536577	0.992592335232058	sample_2022120210047
HROV.vOTU20399	Responder_Status	Responder	0.0422171467066371	0.529726485055637	0.93704582558536	0.992833138705521	sample_2022120210047
HROV.vOTU23000	Responder_Status	Responder	-0.132705870842221	1.67776140299963	0.937518074511164	0.99311766172337	sample_2022120210047
HROV.vOTU33528	Responder_Status	Responder	-0.0603705471668413	0.772417135839891	0.938258277847801	0.99311766172337	sample_2022120210047
HROV.vOTU35144	Responder_Status	Responder	0.0640954896998944	0.813354084497496	0.937749083285687	0.99311766172337	sample_2022120210047
HROV.vOTU58176	Responder_Status	Responder	-0.0541088376778281	0.696319853787849	0.938613875011312	0.993332985742217	sample_2022120210047
HROV.vOTU19515	Responder_Status	Responder	0.0752478564772026	0.98402879222237	0.939589641651479	0.993451339101581	sample_2022120210047
HROV.vOTU57416	Responder_Status	Responder	0.0833467746572239	1.10506737161951	0.940414987342216	0.993451339101581	sample_2022120210047
HROV.vOTU73171	Responder_Status	Responder	-0.0629552633269691	0.824653392441332	0.939690303777492	0.993451339101581	sample_2022120210047
HROV.vOTU64647	Responder_Status	Responder	-0.0561363676043351	0.732163633377867	0.93942981315933	0.993451339101581	sample_2022120210047
HROV.vOTU27473	Responder_Status	Responder	-0.0210911504014011	0.279062708367114	0.940291839557889	0.993451339101581	sample_2022120210047
HROV.vOTU49568	Responder_Status	Responder	0.0388484564196846	0.50933489794613	0.939744365539675	0.993451339101581	sample_2022120210047
HROV.vOTU35570	Responder_Status	Responder	0.109094311595109	1.50095823007634	0.942575016266135	0.99348303364897	sample_2022120210047
HROV.vOTU43245	Responder_Status	Responder	0.0506442547796462	0.737676224479591	0.945753160649902	0.99348303364897	sample_2022120210047
HROV.vOTU66995	Responder_Status	Responder	-0.0539416267051224	0.785234286422872	0.945720679539485	0.99348303364897	sample_2022120210047
HROV.vOTU29943	Responder_Status	Responder	-0.0519871099224687	0.730386796323399	0.943762453315991	0.99348303364897	sample_2022120210047
HROV.vOTU27248	Responder_Status	Responder	0.0783755598081984	1.04273994672607	0.940619402629507	0.99348303364897	sample_2022120210047
HROV.vOTU47224	Responder_Status	Responder	0.0761438289279948	1.08922350122112	0.944764950664858	0.99348303364897	sample_2022120210047
HROV.vOTU04498	Responder_Status	Responder	0.112829582305648	1.61877174968968	0.944927276565889	0.99348303364897	sample_2022120210047
HROV.vOTU62225	Responder_Status	Responder	0.0658428976668839	0.956224420801089	0.945592715550425	0.99348303364897	sample_2022120210047
HROV.vOTU52407	Responder_Status	Responder	-0.0886996683022993	1.18531300181977	0.940880250935805	0.99348303364897	sample_2022120210047
HROV.vOTU12943	Responder_Status	Responder	0.0595789388845078	0.816916386137986	0.942379127708323	0.99348303364897	sample_2022120210047
HROV.vOTU24337	Responder_Status	Responder	-0.0583802395596074	0.81235775239752	0.943220079434619	0.99348303364897	sample_2022120210047
HROV.vOTU71894	Responder_Status	Responder	-0.0553768514807034	0.807775532034215	0.945831273658584	0.99348303364897	sample_2022120210047
HROV.vOTU41338	Responder_Status	Responder	-0.044743557638616	0.653676099205233	0.945914599582043	0.99348303364897	sample_2022120210047
HROV.vOTU54255	Responder_Status	Responder	-0.0873627984671173	1.21360818715545	0.943124795004763	0.99348303364897	sample_2022120210047
HROV.vOTU40721	Responder_Status	Responder	0.0470221458724075	0.64576888937798	0.942470412312194	0.99348303364897	sample_2022120210047
HROV.vOTU13316	Responder_Status	Responder	0.0384742506974695	0.568557787181256	0.946529327458879	0.99348303364897	sample_2022120210047
HROV.vOTU65612	Responder_Status	Responder	0.0524195039285767	0.721068580952203	0.942564082317769	0.99348303364897	sample_2022120210047
HROV.vOTU15717	Responder_Status	Responder	0.0460273779945244	0.681789275056794	0.946655729426357	0.99348303364897	sample_2022120210047
HROV.vOTU44936	Responder_Status	Responder	0.0626417667292293	0.86331722432059	0.942672590234205	0.99348303364897	sample_2022120210047
HROV.vOTU39185	Responder_Status	Responder	-0.065108717405736	0.961987753778595	0.946520225428361	0.99348303364897	sample_2022120210047
HROV.vOTU16037	Responder_Status	Responder	0.0602031443592155	0.885497008994933	0.946278400848648	0.99348303364897	sample_2022120210047
HROV.vOTU18688	Responder_Status	Responder	-0.0618980505923894	0.873545331322187	0.944014117928171	0.99348303364897	sample_2022120210047
HROV.vOTU24122	Responder_Status	Responder	0.050869857384693	0.727282793725033	0.944734533440387	0.99348303364897	sample_2022120210047
HROV.vOTU49385	Responder_Status	Responder	-0.0769446067127583	1.12790141186074	0.946095932217654	0.99348303364897	sample_2022120210047
HROV.vOTU34913	Responder_Status	Responder	-0.0369310041005196	0.52715491560631	0.944646088780838	0.99348303364897	sample_2022120210047
HROV.vOTU29204	Responder_Status	Responder	-0.0571031210025224	0.822788686183112	0.945162981049878	0.99348303364897	sample_2022120210047
HROV.vOTU12645	Responder_Status	Responder	-0.0518606822984947	0.75510892574785	0.945732677310597	0.99348303364897	sample_2022120210047
HROV.vOTU19056	Responder_Status	Responder	-0.0951292853564493	1.29827108263731	0.942109170373325	0.99348303364897	sample_2022120210047
HROV.vOTU55100	Responder_Status	Responder	0.0231160411250128	0.344037421795551	0.94690755745535	0.99348303364897	sample_2022120210047
HROV.vOTU43698	Responder_Status	Responder	0.0369532245282825	0.514692109422289	0.943274046572016	0.99348303364897	sample_2022120210047
HROV.vOTU19538	Responder_Status	Responder	0.0141311469505862	0.197974136988893	0.94360372614722	0.99348303364897	sample_2022120210047
HROV.vOTU40104	Responder_Status	Responder	0.0413986373039644	0.606363841931182	0.946053075549051	0.99348303364897	sample_2022120210047
HROV.vOTU65452	Responder_Status	Responder	0.0536495924221425	0.769668167062801	0.944924043387503	0.99348303364897	sample_2022120210047
HROV.vOTU12830	Responder_Status	Responder	-0.0459559949240232	0.647002629548942	0.943879528156819	0.99348303364897	sample_2022120210047
HROV.vOTU67786	Responder_Status	Responder	0.0780067629919482	1.16935351330914	0.947287187322835	0.993489589672928	sample_2022120210047
HROV.vOTU67606	Responder_Status	Responder	-0.05393553454624	0.817443861474219	0.947862037986404	0.993556102796668	sample_2022120210047
HROV.vOTU74953	Responder_Status	Responder	0.0490776673837884	0.746966448337825	0.948081449122693	0.993556102796668	sample_2022120210047
HROV.vOTU73260	Responder_Status	Responder	-0.0445146503899289	0.677300057051058	0.948064849829885	0.993556102796668	sample_2022120210047
HROV.vOTU66475	Responder_Status	Responder	0.0544940878081404	0.833597512012884	0.94834219285135	0.993587617466298	sample_2022120210047
HROV.vOTU37067	Responder_Status	Responder	0.0415742314259788	0.641592469013508	0.948794860299329	0.993683156575886	sample_2022120210047
HROV.vOTU48671	Responder_Status	Responder	-0.0257956248888771	0.398137877977161	0.948801031055988	0.993683156575886	sample_2022120210047
HROV.vOTU68660	Responder_Status	Responder	0.0599595721760115	0.949834084125152	0.950114378771018	0.993867709613732	sample_2022120210047
HROV.vOTU67292	Responder_Status	Responder	-0.0501418320921144	0.789926309975998	0.949837992751979	0.993867709613732	sample_2022120210047
HROV.vOTU01535	Responder_Status	Responder	0.038752490026749	0.617555373700236	0.95041025749466	0.993867709613732	sample_2022120210047
HROV.vOTU02735	Responder_Status	Responder	-0.0428592859066081	0.68315956349221	0.950421765109984	0.993867709613732	sample_2022120210047
HROV.vOTU07479	Responder_Status	Responder	-0.0199635543987192	0.316215279581112	0.950109303752461	0.993867709613732	sample_2022120210047
HROV.vOTU11952	Responder_Status	Responder	0.0544198177520551	0.884636231973267	0.951384808349161	0.99387430034515	sample_2022120210047
HROV.vOTU19833	Responder_Status	Responder	-0.0625363297909206	1.00142658359025	0.950650327840192	0.99387430034515	sample_2022120210047
HROV.vOTU52804	Responder_Status	Responder	-0.0583214288693199	0.957375815964951	0.951857256483849	0.993972301704836	sample_2022120210047
HROV.vOTU60669	Responder_Status	Responder	0.050188150758963	0.831718516703401	0.952311332998335	0.994147582010986	sample_2022120210047
HROV.vOTU37217	Responder_Status	Responder	-0.032009814580309	0.532427039527419	0.952486675399067	0.994199812058756	sample_2022120210047
HROV.vOTU00921	Responder_Status	Responder	-0.0581936748650896	0.968312952766868	0.952504484048231	0.994199812058756	sample_2022120210047
HROV.vOTU52532	Responder_Status	Responder	-0.0292757103974234	0.501166498344265	0.9538328652847	0.994283149650467	sample_2022120210047
HROV.vOTU55435	Responder_Status	Responder	0.0313390732874668	0.528506371114325	0.953136399465143	0.994283149650467	sample_2022120210047
HROV.vOTU00965	Responder_Status	Responder	0.0525685015916096	0.913325042131824	0.954510077382811	0.994599500632889	sample_2022120210047
HROV.vOTU19658	Responder_Status	Responder	-0.0373180625081905	0.647440497227046	0.954445269277554	0.994599500632889	sample_2022120210047
HROV.vOTU74409	Responder_Status	Responder	-0.0331043128696237	0.575963039137333	0.954573881929528	0.994616254157861	sample_2022120210047
HROV.vOTU69870	Responder_Status	Responder	-0.0316536090457317	0.553748974663932	0.954821827537769	0.994775128025152	sample_2022120210047
HROV.vOTU35802	Responder_Status	Responder	0.0487651322059794	0.855028103455362	0.954923677204168	0.994831505345674	sample_2022120210047
HROV.vOTU56568	Responder_Status	Responder	-0.0437808901857873	0.769859994065274	0.955053724919212	0.994917252052806	sample_2022120210047
HROV.vOTU28419	Responder_Status	Responder	-0.044526819016842	0.791321038353456	0.95552715514005	0.994992941507372	sample_2022120210047
HROV.vOTU49179	Responder_Status	Responder	0.0463099993788967	0.829643914885249	0.955882309012896	0.994992941507372	sample_2022120210047
HROV.vOTU04485	Responder_Status	Responder	-0.0425926451357583	0.755742145961637	0.955456312626741	0.994992941507372	sample_2022120210047
HROV.vOTU27906	Responder_Status	Responder	-0.0539380657132557	1.06059132213408	0.959800865888857	0.995023132151597	sample_2022120210047
HROV.vOTU56622	Responder_Status	Responder	0.0548121909415071	1.12502956409496	0.961487779003625	0.995023132151597	sample_2022120210047
HROV.vOTU47976	Responder_Status	Responder	-0.0249037037559793	0.542834259832773	0.963733788616701	0.995023132151597	sample_2022120210047
HROV.vOTU50707	Responder_Status	Responder	-0.0418184106345848	0.905190526705801	0.963479997199688	0.995023132151597	sample_2022120210047
HROV.vOTU02247	Responder_Status	Responder	-0.0564137790933092	1.11635427949606	0.96005568266134	0.995023132151597	sample_2022120210047
HROV.vOTU14163	Responder_Status	Responder	0.0312242453944738	0.699864340616785	0.964731081403974	0.995023132151597	sample_2022120210047
HROV.vOTU43798	Responder_Status	Responder	0.0385359896358176	0.861341070343319	0.964632482001995	0.995023132151597	sample_2022120210047
HROV.vOTU68369	Responder_Status	Responder	-0.0386708475428626	0.876545531943851	0.965124007471048	0.995023132151597	sample_2022120210047
HROV.vOTU60216	Responder_Status	Responder	0.04429241281794	0.979188045576445	0.964242007769582	0.995023132151597	sample_2022120210047
HROV.vOTU36939	Responder_Status	Responder	-0.0275982525111435	0.608152528361928	0.964126152242486	0.995023132151597	sample_2022120210047
HROV.vOTU57556	Responder_Status	Responder	-0.0500018925297287	1.10326511264849	0.964172554016749	0.995023132151597	sample_2022120210047
HROV.vOTU01702	Responder_Status	Responder	-0.0517844252959076	1.05853525736064	0.961329685284927	0.995023132151597	sample_2022120210047
HROV.vOTU00478	Responder_Status	Responder	0.0732022392141157	1.33660493131378	0.956712774131205	0.995023132151597	sample_2022120210047
HROV.vOTU36525	Responder_Status	Responder	0.0318225299712212	0.577253822049366	0.956428413982558	0.995023132151597	sample_2022120210047
HROV.vOTU18061	Responder_Status	Responder	0.0471845773472333	0.874842873762954	0.95737000929478	0.995023132151597	sample_2022120210047
HROV.vOTU12907	Responder_Status	Responder	0.0495674924518892	1.06100045681776	0.963069852503383	0.995023132151597	sample_2022120210047
HROV.vOTU47530	Responder_Status	Responder	-0.0324099718783778	0.751290912365904	0.965896866767485	0.995023132151597	sample_2022120210047
HROV.vOTU68402	Responder_Status	Responder	-0.059776374694006	1.11762669737852	0.957725191108921	0.995023132151597	sample_2022120210047
HROV.vOTU24078	Responder_Status	Responder	-0.0333800445401114	0.765516074818382	0.96552904357074	0.995023132151597	sample_2022120210047
HROV.vOTU61105	Responder_Status	Responder	-0.0545639276529043	1.25987104307572	0.965762488482935	0.995023132151597	sample_2022120210047
HROV.vOTU73571	Responder_Status	Responder	0.0737098561102461	1.41605297874882	0.958856026194279	0.995023132151597	sample_2022120210047
HROV.vOTU72250	Responder_Status	Responder	-0.0446486132159465	0.966940875789441	0.96349843411864	0.995023132151597	sample_2022120210047
HROV.vOTU28292	Responder_Status	Responder	0.0425895730698785	0.996101322060269	0.966199276424095	0.995023132151597	sample_2022120210047
HROV.vOTU19502	Responder_Status	Responder	0.0416221528033946	0.786605912544958	0.958176465016417	0.995023132151597	sample_2022120210047
HROV.vOTU58942	Responder_Status	Responder	-0.022873415735411	0.526199461111916	0.965636115916258	0.995023132151597	sample_2022120210047
HROV.vOTU12973	Responder_Status	Responder	-0.0424289596957673	0.813926029095614	0.958796222972411	0.995023132151597	sample_2022120210047
HROV.vOTU12665	Responder_Status	Responder	0.0562966802859205	1.12423573546934	0.960417729010709	0.995023132151597	sample_2022120210047
HROV.vOTU73274	Responder_Status	Responder	0.0364716023487207	0.677972060205095	0.957480377207543	0.995023132151597	sample_2022120210047
HROV.vOTU51134	Responder_Status	Responder	-0.0374079959534737	0.716455781370789	0.958730046661534	0.995023132151597	sample_2022120210047
HROV.vOTU11072	Responder_Status	Responder	0.0404997022408621	0.88634502140489	0.963879331324291	0.995023132151597	sample_2022120210047
HROV.vOTU68255	Responder_Status	Responder	0.031592165917221	0.593998143437417	0.95796166026141	0.995023132151597	sample_2022120210047
HROV.vOTU04734	Responder_Status	Responder	0.0549413556169817	1.00946309922909	0.95698200545474	0.995023132151597	sample_2022120210047
HROV.vOTU67636	Responder_Status	Responder	-0.0328656998297931	0.73302194019669	0.964556346187829	0.995023132151597	sample_2022120210047
HROV.vOTU51865	Responder_Status	Responder	-0.0626249192053495	1.18370507818072	0.958182589726819	0.995023132151597	sample_2022120210047
HROV.vOTU73220	Responder_Status	Responder	0.0759488962754021	1.52450310141662	0.960620483097426	0.995023132151597	sample_2022120210047
HROV.vOTU58189	Responder_Status	Responder	0.0120714452506774	0.265997655437475	0.964125129258067	0.995023132151597	sample_2022120210047
HROV.vOTU56015	Responder_Status	Responder	-0.0374273563109915	0.724435623586593	0.959163120448941	0.995023132151597	sample_2022120210047
HROV.vOTU59437	Responder_Status	Responder	0.0104229175614859	0.242077434022812	0.965962371469475	0.995023132151597	sample_2022120210047
HROV.vOTU17468	Responder_Status	Responder	-0.0476233799006957	1.16314935194052	0.967631518151747	0.995061992763513	sample_2022120210047
HROV.vOTU46243	Responder_Status	Responder	0.0352810299679419	0.872931826657913	0.968047728467895	0.995061992763513	sample_2022120210047
HROV.vOTU05459	Responder_Status	Responder	-0.0282239913393552	0.707161151425684	0.968446765330186	0.995061992763513	sample_2022120210047
HROV.vOTU39594	Responder_Status	Responder	-0.0275623531450612	0.663051016825524	0.96713731240919	0.995061992763513	sample_2022120210047
HROV.vOTU39786	Responder_Status	Responder	0.0144181922251614	0.35574416726488	0.967958477145232	0.995061992763513	sample_2022120210047
HROV.vOTU40626	Responder_Status	Responder	-0.0472473859166798	1.21229108729778	0.969187972953953	0.995170760067571	sample_2022120210047
HROV.vOTU37824	Responder_Status	Responder	0.0277577425874259	0.762914593866153	0.971234478859953	0.995170760067571	sample_2022120210047
HROV.vOTU11457	Responder_Status	Responder	0.0305715410770353	0.790817653601885	0.969437265462008	0.995170760067571	sample_2022120210047
HROV.vOTU30674	Responder_Status	Responder	-0.0645614009449038	1.65134755478587	0.969091129246501	0.995170760067571	sample_2022120210047
HROV.vOTU35445	Responder_Status	Responder	0.0381739755811884	1.03461543478224	0.970829112260586	0.995170760067571	sample_2022120210047
HROV.vOTU60668	Responder_Status	Responder	0.024834486794498	0.667866690212589	0.970601510656145	0.995170760067571	sample_2022120210047
HROV.vOTU17571	Responder_Status	Responder	-0.0140923302190925	0.364796070948467	0.969458943856815	0.995170760067571	sample_2022120210047
HROV.vOTU65619	Responder_Status	Responder	0.0520163431951178	1.42311738851828	0.971102371496365	0.995170760067571	sample_2022120210047
HROV.vOTU48425	Responder_Status	Responder	0.0197704633761852	0.509129496277836	0.969299969001886	0.995170760067571	sample_2022120210047
HROV.vOTU08341	Responder_Status	Responder	0.021628996853893	0.607925931160465	0.971871013904023	0.995170760067571	sample_2022120210047
HROV.vOTU52324	Responder_Status	Responder	-0.0158788881881593	0.42694686191913	0.970596039230643	0.995170760067571	sample_2022120210047
HROV.vOTU37106	Responder_Status	Responder	0.0591159353475734	1.54271333003434	0.969704890910368	0.995170760067571	sample_2022120210047
HROV.vOTU54284	Responder_Status	Responder	0.0270539865070066	0.748789153039908	0.971434809321886	0.995170760067571	sample_2022120210047
HROV.vOTU74610	Responder_Status	Responder	0.0341836416323309	0.888745399337725	0.969591617211458	0.995170760067571	sample_2022120210047
HROV.vOTU10296	Responder_Status	Responder	-0.0164432178850333	0.466154965652241	0.972111414871545	0.995211717535653	sample_2022120210047
HROV.vOTU06228	Responder_Status	Responder	0.0347781566043198	0.995957383276359	0.972391827800139	0.995218823855952	sample_2022120210047
HROV.vOTU59839	Responder_Status	Responder	0.0307381265852177	0.876538052414599	0.972274608074751	0.995218823855952	sample_2022120210047
HROV.vOTU12141	Responder_Status	Responder	0.0499571605517995	1.46497364335171	0.973038501904655	0.995423730341234	sample_2022120210047
HROV.vOTU31171	Responder_Status	Responder	0.0367493088502329	1.07912825088118	0.973075203125464	0.995423730341234	sample_2022120210047
HROV.vOTU71058	Responder_Status	Responder	-0.0190030639430766	0.570495892190773	0.973663916447351	0.995640628987379	sample_2022120210047
HROV.vOTU49433	Responder_Status	Responder	0.0271198886003047	0.872231730283401	0.975416324984672	0.996008572584324	sample_2022120210047
HROV.vOTU35221	Responder_Status	Responder	-0.0325022459970555	1.03384531025214	0.97514309931605	0.996008572584324	sample_2022120210047
HROV.vOTU00293	Responder_Status	Responder	0.0360655682787737	1.21721098668181	0.976572585554914	0.996036325296337	sample_2022120210047
HROV.vOTU75676	Responder_Status	Responder	0.0341284392546504	1.16069012689439	0.976751304861807	0.996036325296337	sample_2022120210047
HROV.vOTU01582	Responder_Status	Responder	-0.0394235204948586	1.38863933971358	0.977552458913232	0.996058135949873	sample_2022120210047
HROV.vOTU34489	Responder_Status	Responder	0.0160831127222074	0.552718853674065	0.976992702349033	0.996058135949873	sample_2022120210047
HROV.vOTU19754	Responder_Status	Responder	0.0191894845682547	0.750174768767939	0.979773764461245	0.996411554754175	sample_2022120210047
HROV.vOTU08812	Responder_Status	Responder	-0.0304031985872433	1.22566318936933	0.980386041041255	0.996411554754175	sample_2022120210047
HROV.vOTU43749	Responder_Status	Responder	-0.00943126796323019	0.362970471914801	0.979454749907841	0.996411554754175	sample_2022120210047
HROV.vOTU33468	Responder_Status	Responder	0.0189576514698802	0.725515888865453	0.979339078907541	0.996411554754175	sample_2022120210047
HROV.vOTU34103	Responder_Status	Responder	-0.0284533941346935	1.14937513611725	0.980425548727157	0.996411554754175	sample_2022120210047
HROV.vOTU37593	Responder_Status	Responder	-0.028596094213379	1.07719535154582	0.979009505265945	0.996411554754175	sample_2022120210047
HROV.vOTU42631	Responder_Status	Responder	0.0272492454818719	1.00801923063434	0.978625589812413	0.996411554754175	sample_2022120210047
HROV.vOTU54587	Responder_Status	Responder	-0.0202581922582559	0.817635102788547	0.980408919161111	0.996411554754175	sample_2022120210047
HROV.vOTU38991	Responder_Status	Responder	0.0188492110434425	0.722285970812546	0.979365393078972	0.996411554754175	sample_2022120210047
HROV.vOTU54313	Responder_Status	Responder	-0.00936163028554158	0.361949772826118	0.979548918270513	0.996411554754175	sample_2022120210047
HROV.vOTU38461	Responder_Status	Responder	0.0105614668407466	0.43513505459315	0.980808043036481	0.996443212444804	sample_2022120210047
HROV.vOTU54272	Responder_Status	Responder	0.017672702761198	0.797172241357605	0.982470189652444	0.99656161550292	sample_2022120210047
HROV.vOTU69332	Responder_Status	Responder	-0.0197076855171776	0.90807212853412	0.982838975019853	0.99656161550292	sample_2022120210047
HROV.vOTU26876	Responder_Status	Responder	-0.0214698971327404	0.985978989389891	0.982781710198042	0.99656161550292	sample_2022120210047
HROV.vOTU56041	Responder_Status	Responder	0.0125635363079953	0.566941138853306	0.982477326475195	0.99656161550292	sample_2022120210047
HROV.vOTU51722	Responder_Status	Responder	-0.00634276204076268	0.279982503887517	0.982086835750014	0.99656161550292	sample_2022120210047
HROV.vOTU53025	Responder_Status	Responder	0.00905671223296027	0.385397143930202	0.981418364603925	0.99656161550292	sample_2022120210047
HROV.vOTU07448	Responder_Status	Responder	-0.00992142220418078	0.450891838354235	0.98260083060339	0.99656161550292	sample_2022120210047
HROV.vOTU41784	Responder_Status	Responder	0.0261924325191079	1.17546983132571	0.982380629788251	0.99656161550292	sample_2022120210047
HROV.vOTU05584	Responder_Status	Responder	-0.025635135128507	1.12359016383187	0.981959361025458	0.99656161550292	sample_2022120210047
HROV.vOTU73439	Responder_Status	Responder	0.0205159380837785	0.895712802221056	0.981888829228029	0.99656161550292	sample_2022120210047
HROV.vOTU73961	Responder_Status	Responder	-0.0182041307959951	0.861498829476618	0.983291208555469	0.996571294710658	sample_2022120210047
HROV.vOTU17675	Responder_Status	Responder	-0.00910666497145002	0.435677426996276	0.983471828791505	0.996571294710658	sample_2022120210047
HROV.vOTU51623	Responder_Status	Responder	-0.0205044246608856	1.03783897995184	0.984377461505566	0.996955521767277	sample_2022120210047
HROV.vOTU61114	Responder_Status	Responder	-0.0160619050008123	0.816684879528898	0.984448338427501	0.996955521767277	sample_2022120210047
HROV.vOTU15737	Responder_Status	Responder	-0.0127046135002462	0.655626409785455	0.984677129758166	0.997020279086589	sample_2022120210047
HROV.vOTU06783	Responder_Status	Responder	-0.0152760383599105	0.787540281293493	0.984661848841511	0.997020279086589	sample_2022120210047
HROV.vOTU17993	Responder_Status	Responder	-0.0189297226142891	1.01682061599435	0.985279004460262	0.997267151614136	sample_2022120210047
HROV.vOTU34381	Responder_Status	Responder	0.0135992554850581	0.729339062718269	0.985255744434582	0.997267151614136	sample_2022120210047
HROV.vOTU46594	Responder_Status	Responder	-0.0220510798570479	1.19495961921728	0.985408015494659	0.997270851745239	sample_2022120210047
HROV.vOTU14344	Responder_Status	Responder	-0.0120636144421985	0.684202099140114	0.986057745804251	0.997462190933931	sample_2022120210047
HROV.vOTU41054	Responder_Status	Responder	-0.0228322218754572	1.49586346669252	0.987930146176952	0.997612827509947	sample_2022120210047
HROV.vOTU46313	Responder_Status	Responder	-0.0158269826666371	1.02590028656425	0.98780060232716	0.997612827509947	sample_2022120210047
HROV.vOTU21435	Responder_Status	Responder	0.0135163992003378	0.848079911654144	0.987397159295693	0.997612827509947	sample_2022120210047
HROV.vOTU59311	Responder_Status	Responder	0.00723999934402712	0.468757066056545	0.987786614324502	0.997612827509947	sample_2022120210047
HROV.vOTU02637	Responder_Status	Responder	-0.00923076074228337	0.641101797297507	0.988614339915669	0.997612827509947	sample_2022120210047
HROV.vOTU47526	Responder_Status	Responder	-0.00540119112180961	0.391266437436515	0.989083939884651	0.997671025632779	sample_2022120210047
HROV.vOTU15132	Responder_Status	Responder	0.0137511533120582	1.00632913921475	0.989194413778553	0.997710628503634	sample_2022120210047
HROV.vOTU19608	Responder_Status	Responder	0.0104102461996946	0.78463728715479	0.989508390517581	0.997837796849526	sample_2022120210047
HROV.vOTU44575	Responder_Status	Responder	-0.0147547853183899	1.40397827287893	0.991689493691525	0.99788821392101	sample_2022120210047
HROV.vOTU02525	Responder_Status	Responder	-0.0059541963819374	0.528771423046712	0.991095512510461	0.99788821392101	sample_2022120210047
HROV.vOTU42672	Responder_Status	Responder	0.010169185635255	1.08277724566907	0.992573166332467	0.99788821392101	sample_2022120210047
HROV.vOTU64705	Responder_Status	Responder	-0.0102561480714815	0.854720868117495	0.990511175025776	0.99788821392101	sample_2022120210047
HROV.vOTU03210	Responder_Status	Responder	0.00795800715221864	0.71991077092582	0.991258625061527	0.99788821392101	sample_2022120210047
HROV.vOTU01200	Responder_Status	Responder	0.00719795569285905	0.596582599567872	0.990459065177651	0.99788821392101	sample_2022120210047
HROV.vOTU12820	Responder_Status	Responder	0.0127040104037245	1.11762166591268	0.991011243882537	0.99788821392101	sample_2022120210047
HROV.vOTU62093	Responder_Status	Responder	0.00641701385974513	0.566756309462955	0.991046553178274	0.99788821392101	sample_2022120210047
HROV.vOTU02633	Responder_Status	Responder	-0.0113028158399524	0.999772419038796	0.991059965935738	0.99788821392101	sample_2022120210047
HROV.vOTU10232	Responder_Status	Responder	-0.00347852978138996	0.35470735073479	0.992245003916931	0.99788821392101	sample_2022120210047
HROV.vOTU05759	Responder_Status	Responder	-0.00705350168341113	0.732365431789207	0.992383889461454	0.99788821392101	sample_2022120210047
HROV.vOTU08038	Responder_Status	Responder	-0.00881266903808754	0.747152541265029	0.990672806037412	0.99788821392101	sample_2022120210047
HROV.vOTU17311	Responder_Status	Responder	-0.00510655555454441	0.396697614146444	0.989820667385718	0.99788821392101	sample_2022120210047
HROV.vOTU46144	Responder_Status	Responder	-0.0072119321462602	0.72665792136965	0.992151665751803	0.99788821392101	sample_2022120210047
HROV.vOTU68457	Responder_Status	Responder	0.00402852199859476	0.394425486523822	0.991923258106642	0.99788821392101	sample_2022120210047
HROV.vOTU28139	Responder_Status	Responder	0.00651357134652333	0.556505672700225	0.990744442904206	0.99788821392101	sample_2022120210047
HROV.vOTU43907	Responder_Status	Responder	-0.00973413127973299	1.05330147989325	0.992691952569838	0.997959493080339	sample_2022120210047
HROV.vOTU67176	Responder_Status	Responder	0.00765299476044364	1.02647009899533	0.994104180201538	0.998065630504626	sample_2022120210047
HROV.vOTU48475	Responder_Status	Responder	0.0062843712482466	0.765789301949726	0.99351050735392	0.998065630504626	sample_2022120210047
HROV.vOTU09776	Responder_Status	Responder	0.00730940623456005	1.16868466209423	0.99505410288727	0.998503828205446	sample_2022120210047
HROV.vOTU23010	Responder_Status	Responder	-0.00356375631201976	0.566588890079666	0.995026063523463	0.998503828205446	sample_2022120210047
HROV.vOTU49553	Responder_Status	Responder	-0.0033324055319524	0.56680045012868	0.995350691929563	0.998609109368963	sample_2022120210047
HROV.vOTU42657	Responder_Status	Responder	0.00778182052244565	1.51609634106766	0.995941031408749	0.998717955748565	sample_2022120210047
HROV.vOTU60532	Responder_Status	Responder	0.00504155415303491	1.0664074864911	0.996261453120297	0.998717955748565	sample_2022120210047
HROV.vOTU68906	Responder_Status	Responder	0.00310364534264396	0.665273293099613	0.996310787917404	0.998717955748565	sample_2022120210047
HROV.vOTU09662	Responder_Status	Responder	0.00330532930536735	0.671465035925635	0.996107283557668	0.998717955748565	sample_2022120210047
HROV.vOTU07890	Responder_Status	Responder	0.00155011358878395	0.357386228651052	0.996570051851352	0.998870713764052	sample_2022120210047
HROV.vOTU24582	Responder_Status	Responder	-0.00381787177488764	1.07597072290896	0.99719402888965	0.998919609789478	sample_2022120210047
HROV.vOTU04086	Responder_Status	Responder	-0.00147911037829753	0.51749829922054	0.997739761332897	0.999115224789971	sample_2022120210047
HROV.vOTU59862	Responder_Status	Responder	-0.000659263062967816	0.239233219898142	0.997820785679159	0.999115224789971	sample_2022120210047
HROV.vOTU41963	Responder_Status	Responder	0.00229042255422936	0.969516580224193	0.998131800687669	0.999330613804036	sample_2022120210047
HROV.vOTU17211	Responder_Status	Responder	-0.00104100423883294	0.618047397529221	0.998668032100524	0.999483349612204	sample_2022120210047
HROV.vOTU20868	Responder_Status	Responder	-0.00106732615711762	0.787468066329798	0.998928166518481	0.999583245269919	sample_2022120210047
HROV.vOTU36712	Responder_Status	Responder	-0.000575390233289665	0.482652596492078	0.999057262054971	0.999584874032627	sample_2022120210047
HROV.vOTU20422	Responder_Status	Responder	-0.00041585196962211	0.941918177573309	0.999650868668077	0.999899490173804	sample_2022120210047
HROV.vOTU03500	Responder_Status	Responder	-9.96953006045086e-05	0.559295026887619	0.999859039645795	0.999955004617447	sample_2022120210047
HROV.vOTU53606	Responder_Status	Responder	-0.00010771939598488	0.523648539561586	0.999837326329893	0.999955004617447	sample_2022120210047
