2026-05-21 13:48:58.706802 INFO::Writing function arguments to log file
2026-05-21 13:48:58.796173 DEBUG::Function arguments
2026-05-21 13:48:58.861242 DEBUG::Output folder: maaslin2_OA_vs_Responder
2026-05-21 13:48:58.883036 DEBUG::Min Abundance: 0.000000
2026-05-21 13:48:58.894559 DEBUG::Min Prevalence: 0.100000
2026-05-21 13:48:58.895614 DEBUG::Normalization: TSS
2026-05-21 13:48:58.896571 DEBUG::Transform: LOG
2026-05-21 13:48:58.897604 DEBUG::Analysis method: LM
2026-05-21 13:48:58.898588 DEBUG::Max significance: 0.250000
2026-05-21 13:48:58.904099 DEBUG::Random effects:
2026-05-21 13:48:58.907016 DEBUG::Fixed effects: Comparison_Group,Sex,Age,Smoking_Status
2026-05-21 13:48:58.908045 DEBUG::Correction method: BH
2026-05-21 13:48:58.909147 DEBUG::Standardize: TRUE
2026-05-21 13:48:58.910097 DEBUG::Cores: 1
2026-05-21 13:48:58.910945 INFO::Verifying options selected are valid
2026-05-21 13:48:58.951292 INFO::Determining format of input files
2026-05-21 13:48:58.967988 INFO::Input format is data samples as rows and metadata samples as rows
2026-05-21 13:48:58.972427 DEBUG::A total of 58 samples were found in both the data and metadata
2026-05-21 13:48:58.974935 DEBUG::Reordering data/metadata to use same sample ordering
2026-05-21 13:48:58.993048 INFO::Formula for fixed effects: expr ~  Comparison_Group + Sex + Age + Smoking_Status
2026-05-21 13:48:59.134819 INFO::Factor detected for categorial metadata 'Comparison_Group'. Provide a reference argument or manually set factor ordering to change reference level.
2026-05-21 13:48:59.137298 INFO::Factor detected for categorial metadata 'Sex'. Provide a reference argument or manually set factor ordering to change reference level.
2026-05-21 13:48:59.139044 INFO::Factor detected for categorial metadata 'Smoking_Status'. Provide a reference argument or manually set factor ordering to change reference level.
2026-05-21 13:48:59.140556 INFO::Filter data based on min abundance and min prevalence
2026-05-21 13:48:59.142327 INFO::Total samples in data: 58
2026-05-21 13:48:59.143984 INFO::Min samples required with min abundance for a feature not to be filtered: 5.800000
2026-05-21 13:48:59.16579 INFO::Total filtered features: 20
2026-05-21 13:48:59.187163 INFO::Filtered feature names from abundance and prevalence filtering: s__Actinomyces.radicidentis, s__Lancefieldella.sp000564995.5, s__Lancefieldella.sp000564995.8, s__HROM_Genome_0877, s__HROM_Genome_0924, s__Campylobacter_B.gracilis_A, s__Oribacterium.sinus.2, s__Oribacterium.sinus.5, s__Dialister.micraerophilus, s__HROM_Genome_2915, s__HROM_Genome_3296, s__HROM_Genome_3447, s__HROM_Genome_3505, s__Nanogingivalis.sp013333405, s__HROM_Genome_3857, s__HROM_Genome_3898, s__HROM_Genome_4015, s__HROM_Genome_4413, s__HROM_Genome_4420, s__HROM_Genome_4459
2026-05-21 13:48:59.256182 INFO::Total filtered features with variance filtering: 0
2026-05-21 13:48:59.258794 INFO::Filtered feature names from variance filtering:
2026-05-21 13:48:59.260424 INFO::Running selected normalization method: TSS
2026-05-21 13:49:00.460047 INFO::Applying z-score to standardize continuous metadata
2026-05-21 13:49:00.524729 INFO::Running selected transform method: LOG
2026-05-21 13:49:00.552 INFO::Running selected analysis method: LM
2026-05-21 13:49:00.575625 INFO::Fitting model to feature number 1, s__Scardovia.inopinata
2026-05-21 13:49:00.596516 INFO::Fitting model to feature number 2, s__Rothia.mucilaginosa
2026-05-21 13:49:00.600348 INFO::Fitting model to feature number 3, s__Rothia.mucilaginosa.1
2026-05-21 13:49:00.603696 INFO::Fitting model to feature number 4, s__Rothia.mucilaginosa_A
2026-05-21 13:49:00.607057 INFO::Fitting model to feature number 5, s__Rothia.sp015265375
2026-05-21 13:49:00.610407 INFO::Fitting model to feature number 6, s__Rothia.mucilaginosa.2
2026-05-21 13:49:00.613774 INFO::Fitting model to feature number 7, s__Rothia.sp001808955
2026-05-21 13:49:00.617292 INFO::Fitting model to feature number 8, s__Rothia.mucilaginosa.3
2026-05-21 13:49:00.638075 INFO::Fitting model to feature number 9, s__Rothia.mucilaginosa_B
2026-05-21 13:49:00.647153 INFO::Fitting model to feature number 10, s__Rothia.mucilaginosa_B.1
2026-05-21 13:49:00.650591 INFO::Fitting model to feature number 11, s__Rothia.sp001808955.1
2026-05-21 13:49:00.653926 INFO::Fitting model to feature number 12, s__Rothia.mucilaginosa.4
2026-05-21 13:49:00.657357 INFO::Fitting model to feature number 13, s__Rothia.sp001808955.2
2026-05-21 13:49:00.671538 INFO::Fitting model to feature number 14, s__Rothia.sp001808955.3
2026-05-21 13:49:00.675468 INFO::Fitting model to feature number 15, s__Rothia.sp015265375.1
2026-05-21 13:49:00.678746 INFO::Fitting model to feature number 16, s__Rothia.sp001808955.4
2026-05-21 13:49:00.682018 INFO::Fitting model to feature number 17, s__Rothia.mucilaginosa.5
2026-05-21 13:49:00.685346 INFO::Fitting model to feature number 18, s__Rothia.mucilaginosa_B.2
2026-05-21 13:49:00.688891 INFO::Fitting model to feature number 19, s__Rothia.mucilaginosa_B.3
2026-05-21 13:49:00.692333 INFO::Fitting model to feature number 20, s__HROM_Genome_0036
2026-05-21 13:49:00.703508 INFO::Fitting model to feature number 21, s__Rothia.mucilaginosa.6
2026-05-21 13:49:00.721832 INFO::Fitting model to feature number 22, s__Rothia.mucilaginosa.7
2026-05-21 13:49:00.728955 INFO::Fitting model to feature number 23, s__Rothia.sp902373285
2026-05-21 13:49:00.732248 INFO::Fitting model to feature number 24, s__Rothia.sp015265375.2
2026-05-21 13:49:00.735637 INFO::Fitting model to feature number 25, s__Rothia.sp001808955.5
2026-05-21 13:49:00.738926 INFO::Fitting model to feature number 26, s__HROM_Genome_0083
2026-05-21 13:49:00.742247 INFO::Fitting model to feature number 27, s__Rothia.mucilaginosa.8
2026-05-21 13:49:00.745726 INFO::Fitting model to feature number 28, s__Rothia.mucilaginosa.9
2026-05-21 13:49:00.751584 INFO::Fitting model to feature number 29, s__Rothia.mucilaginosa.10
2026-05-21 13:49:00.754868 INFO::Fitting model to feature number 30, s__Rothia.mucilaginosa_B.4
2026-05-21 13:49:00.75811 INFO::Fitting model to feature number 31, s__Rothia.mucilaginosa.11
2026-05-21 13:49:00.761426 INFO::Fitting model to feature number 32, s__HROM_Genome_0145
2026-05-21 13:49:00.764665 INFO::Fitting model to feature number 33, s__Rothia.mucilaginosa.12
2026-05-21 13:49:00.768072 INFO::Fitting model to feature number 34, s__Rothia.mucilaginosa_B.5
2026-05-21 13:49:00.77129 INFO::Fitting model to feature number 35, s__Rothia.sp001808955.6
2026-05-21 13:49:00.774515 INFO::Fitting model to feature number 36, s__Rothia.sp001808955.7
2026-05-21 13:49:00.777815 INFO::Fitting model to feature number 37, s__Rothia.mucilaginosa_B.6
2026-05-21 13:49:00.781265 INFO::Fitting model to feature number 38, s__Rothia.mucilaginosa_B.7
2026-05-21 13:49:00.78462 INFO::Fitting model to feature number 39, s__Rothia.sp001808955.8
2026-05-21 13:49:00.787856 INFO::Fitting model to feature number 40, s__Rothia.sp001808955.9
2026-05-21 13:49:00.79109 INFO::Fitting model to feature number 41, s__Rothia.dentocariosa
2026-05-21 13:49:00.794427 INFO::Fitting model to feature number 42, s__Rothia.aeria
2026-05-21 13:49:00.797687 INFO::Fitting model to feature number 43, s__Micrococcus.luteus
2026-05-21 13:49:00.800952 INFO::Fitting model to feature number 44, s__Scardovia.wiggsiae
2026-05-21 13:49:00.804801 INFO::Fitting model to feature number 45, s__Pauljensenia.sp000308055
2026-05-21 13:49:00.817019 INFO::Fitting model to feature number 46, s__Pauljensenia.pyogenes_A
2026-05-21 13:49:00.82033 INFO::Fitting model to feature number 47, s__Pauljensenia.sp000758755
2026-05-21 13:49:00.823599 INFO::Fitting model to feature number 48, s__HROM_Genome_0217
2026-05-21 13:49:00.827345 INFO::Fitting model to feature number 49, s__Pauljensenia.sp000308055.1
2026-05-21 13:49:00.830703 INFO::Fitting model to feature number 50, s__Pauljensenia.marseillensis
2026-05-21 13:49:00.83398 INFO::Fitting model to feature number 51, s__HROM_Genome_0220
2026-05-21 13:49:00.837508 INFO::Fitting model to feature number 52, s__HROM_Genome_0223
2026-05-21 13:49:00.840955 INFO::Fitting model to feature number 53, s__HROM_Genome_0224
2026-05-21 13:49:00.844355 INFO::Fitting model to feature number 54, s__HROM_Genome_0225
2026-05-21 13:49:00.891313 INFO::Fitting model to feature number 55, s__Pauljensenia.sp900541895
2026-05-21 13:49:00.910077 INFO::Fitting model to feature number 56, s__HROM_Genome_0236
2026-05-21 13:49:00.914182 INFO::Fitting model to feature number 57, s__Pauljensenia.georgiae
2026-05-21 13:49:00.91754 INFO::Fitting model to feature number 58, s__Pauljensenia.hongkongensis
2026-05-21 13:49:00.920854 INFO::Fitting model to feature number 59, s__Pauljensenia.sp000411415
2026-05-21 13:49:00.924091 INFO::Fitting model to feature number 60, s__Pauljensenia.sp018375675
2026-05-21 13:49:00.927376 INFO::Fitting model to feature number 61, s__Pauljensenia.sp018382595
2026-05-21 13:49:00.930717 INFO::Fitting model to feature number 62, s__HROM_Genome_0247
2026-05-21 13:49:00.934314 INFO::Fitting model to feature number 63, s__Pauljensenia.sp000278725
2026-05-21 13:49:00.937575 INFO::Fitting model to feature number 64, s__Pauljensenia.sp001838165
2026-05-21 13:49:00.940807 INFO::Fitting model to feature number 65, s__Pauljensenia.odontolytica_A
2026-05-21 13:49:00.944056 INFO::Fitting model to feature number 66, s__Pauljensenia.sp902373545
2026-05-21 13:49:00.94734 INFO::Fitting model to feature number 67, s__HROM_Genome_0252
2026-05-21 13:49:00.951252 INFO::Fitting model to feature number 68, s__HROM_Genome_0253
2026-05-21 13:49:00.956495 INFO::Fitting model to feature number 69, s__Pauljensenia.sp000466265
2026-05-21 13:49:00.960732 INFO::Fitting model to feature number 70, s__HROM_Genome_0255
2026-05-21 13:49:00.964157 INFO::Fitting model to feature number 71, s__Pauljensenia.odontolytica_C
2026-05-21 13:49:00.987158 INFO::Fitting model to feature number 72, s__HROM_Genome_0257
2026-05-21 13:49:00.999896 INFO::Fitting model to feature number 73, s__HROM_Genome_0258
2026-05-21 13:49:01.003172 INFO::Fitting model to feature number 74, s__HROM_Genome_0259
2026-05-21 13:49:01.006699 INFO::Fitting model to feature number 75, s__HROM_Genome_0261
2026-05-21 13:49:01.009989 INFO::Fitting model to feature number 76, s__Pauljensenia.sp000466265.1
2026-05-21 13:49:01.015878 INFO::Fitting model to feature number 77, s__Pauljensenia.bouchesdurhonensis
2026-05-21 13:49:01.019078 INFO::Fitting model to feature number 78, s__HROM_Genome_0265
2026-05-21 13:49:01.0223 INFO::Fitting model to feature number 79, s__Pauljensenia.sp000185285
2026-05-21 13:49:01.025463 INFO::Fitting model to feature number 80, s__HROM_Genome_0267
2026-05-21 13:49:01.028637 INFO::Fitting model to feature number 81, s__Pauljensenia.sp001064145
2026-05-21 13:49:01.057176 INFO::Fitting model to feature number 82, s__Pauljensenia.odontolytica_B
2026-05-21 13:49:01.077197 INFO::Fitting model to feature number 83, s__Pauljensenia.sp018382595.1
2026-05-21 13:49:01.097195 INFO::Fitting model to feature number 84, s__Pauljensenia.sp900556405
2026-05-21 13:49:01.100457 INFO::Fitting model to feature number 85, s__Pauljensenia.odontolytica
2026-05-21 13:49:01.103625 INFO::Fitting model to feature number 86, s__Pauljensenia.sp902373435
2026-05-21 13:49:01.106808 INFO::Fitting model to feature number 87, s__HROM_Genome_0285
2026-05-21 13:49:01.110071 INFO::Fitting model to feature number 88, s__HROM_Genome_0286
2026-05-21 13:49:01.123229 INFO::Fitting model to feature number 89, s__HROM_Genome_0287
2026-05-21 13:49:01.126415 INFO::Fitting model to feature number 90, s__Pauljensenia.meyeri
2026-05-21 13:49:01.129638 INFO::Fitting model to feature number 91, s__Pauljensenia.cardiffensis
2026-05-21 13:49:01.132848 INFO::Fitting model to feature number 92, s__Actinomyces.graevenitzii
2026-05-21 13:49:01.136147 INFO::Fitting model to feature number 93, s__HROM_Genome_0303
2026-05-21 13:49:01.139421 INFO::Fitting model to feature number 94, s__Actinomyces.oricola
2026-05-21 13:49:01.142656 INFO::Fitting model to feature number 95, s__Actinomyces.johnsonii
2026-05-21 13:49:01.145973 INFO::Fitting model to feature number 96, s__Actinomyces.oris
2026-05-21 13:49:01.155236 INFO::Fitting model to feature number 97, s__Actinomyces.oris_B
2026-05-21 13:49:01.175025 INFO::Fitting model to feature number 98, s__Actinomyces.oris_C
2026-05-21 13:49:01.18429 INFO::Fitting model to feature number 99, s__Actinomyces.naeslundii
2026-05-21 13:49:01.215595 INFO::Fitting model to feature number 100, s__Actinomyces.oris_D
2026-05-21 13:49:01.242192 INFO::Fitting model to feature number 101, s__Actinomyces.oris_E
2026-05-21 13:49:01.245428 INFO::Fitting model to feature number 102, s__Actinomyces.sp002999235
2026-05-21 13:49:01.248751 INFO::Fitting model to feature number 103, s__Actinomyces.sp000220835
2026-05-21 13:49:01.252095 INFO::Fitting model to feature number 104, s__Actinomyces.dentalis
2026-05-21 13:49:01.255357 INFO::Fitting model to feature number 105, s__Actinomyces.israelii
2026-05-21 13:49:01.291085 INFO::Fitting model to feature number 106, s__Actinomyces.sp000195595
2026-05-21 13:49:01.294802 INFO::Fitting model to feature number 107, s__Actinomyces.sp900323545
2026-05-21 13:49:01.298046 INFO::Fitting model to feature number 108, s__Actinomyces.gerencseriae
2026-05-21 13:49:01.301248 INFO::Fitting model to feature number 109, s__Actinomyces.massiliensis
2026-05-21 13:49:01.304545 INFO::Fitting model to feature number 110, s__Actinomyces.sp001278845
2026-05-21 13:49:01.307767 INFO::Fitting model to feature number 111, s__Actinomyces.timonensis
2026-05-21 13:49:01.310969 INFO::Fitting model to feature number 112, s__Bifidobacterium.swidsinskii
2026-05-21 13:49:01.314222 INFO::Fitting model to feature number 113, s__Peptidiphaga.sp000466165
2026-05-21 13:49:01.317445 INFO::Fitting model to feature number 114, s__Peptidiphaga.gingivicola
2026-05-21 13:49:01.320664 INFO::Fitting model to feature number 115, s__HROM_Genome_0348
2026-05-21 13:49:01.323932 INFO::Fitting model to feature number 116, s__HROM_Genome_0349
2026-05-21 13:49:01.327183 INFO::Fitting model to feature number 117, s__Peptidiphaga.sp905373325
2026-05-21 13:49:01.330398 INFO::Fitting model to feature number 118, s__HROM_Genome_0351
2026-05-21 13:49:01.333647 INFO::Fitting model to feature number 119, s__Alloscardovia.omnicolens
2026-05-21 13:49:01.347293 INFO::Fitting model to feature number 120, s__Parascardovia.denticolens
2026-05-21 13:49:01.35898 INFO::Fitting model to feature number 121, s__Bifidobacterium.dentium
2026-05-21 13:49:01.362758 INFO::Fitting model to feature number 122, s__Bifidobacterium.longum
2026-05-21 13:49:01.365943 INFO::Fitting model to feature number 123, s__Corynebacterium.durum
2026-05-21 13:49:01.36982 INFO::Fitting model to feature number 124, s__HROM_Genome_0380
2026-05-21 13:49:01.373062 INFO::Fitting model to feature number 125, s__Corynebacterium.matruchotii
2026-05-21 13:49:01.376228 INFO::Fitting model to feature number 126, s__HROM_Genome_0382
2026-05-21 13:49:01.379421 INFO::Fitting model to feature number 127, s__Corynebacterium.argentoratense
2026-05-21 13:49:01.382559 INFO::Fitting model to feature number 128, s__Cutibacterium.acnes
2026-05-21 13:49:01.385737 INFO::Fitting model to feature number 129, s__Arachnia.propionica
2026-05-21 13:49:01.388886 INFO::Fitting model to feature number 130, s__Arachnia.rubra
2026-05-21 13:49:01.438086 INFO::Fitting model to feature number 131, s__HROM_Genome_0390
2026-05-21 13:49:01.455635 INFO::Fitting model to feature number 132, s__Arachnia.sp905372155
2026-05-21 13:49:01.461648 INFO::Fitting model to feature number 133, s__Arachnia.sp013333945
2026-05-21 13:49:01.464896 INFO::Fitting model to feature number 134, s__HROM_Genome_0395
2026-05-21 13:49:01.468243 INFO::Fitting model to feature number 135, s__HROM_Genome_0396
2026-05-21 13:49:01.471456 INFO::Fitting model to feature number 136, s__Propionibacterium.acidifaciens
2026-05-21 13:49:01.474722 INFO::Fitting model to feature number 137, s__Cryptobacterium.curtum
2026-05-21 13:49:01.483069 INFO::Fitting model to feature number 138, s__Olsenella.uli
2026-05-21 13:49:01.505162 INFO::Fitting model to feature number 139, s__Olsenella_I.phocaeensis
2026-05-21 13:49:01.508425 INFO::Fitting model to feature number 140, s__Fannyhessea.vaginae
2026-05-21 13:49:01.511625 INFO::Fitting model to feature number 141, s__HROM_Genome_0409
2026-05-21 13:49:01.51488 INFO::Fitting model to feature number 142, s__Lancefieldella.sp000411555
2026-05-21 13:49:01.51803 INFO::Fitting model to feature number 143, s__Lancefieldella.sp015258605
2026-05-21 13:49:01.521277 INFO::Fitting model to feature number 144, s__Lancefieldella.sp000564995
2026-05-21 13:49:01.524577 INFO::Fitting model to feature number 145, s__Lancefieldella.sp015258485
2026-05-21 13:49:01.544139 INFO::Fitting model to feature number 146, s__Lancefieldella.parvula
2026-05-21 13:49:01.589683 INFO::Fitting model to feature number 147, s__HROM_Genome_0430
2026-05-21 13:49:01.592944 INFO::Fitting model to feature number 148, s__HROM_Genome_0434
2026-05-21 13:49:01.596254 INFO::Fitting model to feature number 149, s__Lancefieldella.sp000564995.1
2026-05-21 13:49:01.599478 INFO::Fitting model to feature number 150, s__Lancefieldella.sp000564995.2
2026-05-21 13:49:01.602741 INFO::Fitting model to feature number 151, s__Lancefieldella.sp000564995.3
2026-05-21 13:49:01.631655 INFO::Fitting model to feature number 152, s__Lancefieldella.sp000564995.4
2026-05-21 13:49:01.64506 INFO::Fitting model to feature number 153, s__HROM_Genome_0455
2026-05-21 13:49:01.648309 INFO::Fitting model to feature number 154, s__HROM_Genome_0485
2026-05-21 13:49:01.65156 INFO::Fitting model to feature number 155, s__Lancefieldella.sp015259105
2026-05-21 13:49:01.654773 INFO::Fitting model to feature number 156, s__HROM_Genome_0501
2026-05-21 13:49:01.658079 INFO::Fitting model to feature number 157, s__HROM_Genome_0520
2026-05-21 13:49:01.6613 INFO::Fitting model to feature number 158, s__Lancefieldella.sp000564995.6
2026-05-21 13:49:01.664635 INFO::Fitting model to feature number 159, s__Lancefieldella.sp000564995.7
2026-05-21 13:49:01.66795 INFO::Fitting model to feature number 160, s__HROM_Genome_0622
2026-05-21 13:49:01.684086 INFO::Fitting model to feature number 161, s__Lancefieldella.sp000564995.9
2026-05-21 13:49:01.710406 INFO::Fitting model to feature number 162, s__Lancefieldella.sp000564995.10
2026-05-21 13:49:01.714015 INFO::Fitting model to feature number 163, s__Lancefieldella.sp902373375
2026-05-21 13:49:01.717265 INFO::Fitting model to feature number 164, s__HROM_Genome_0698
2026-05-21 13:49:01.720482 INFO::Fitting model to feature number 165, s__Lancefieldella.sp000564995.11
2026-05-21 13:49:01.723722 INFO::Fitting model to feature number 166, s__HROM_Genome_0706
2026-05-21 13:49:01.741233 INFO::Fitting model to feature number 167, s__HROM_Genome_0711
2026-05-21 13:49:01.781535 INFO::Fitting model to feature number 168, s__HROM_Genome_0712
2026-05-21 13:49:01.79078 INFO::Fitting model to feature number 169, s__Lancefieldella.sp000564995.12
2026-05-21 13:49:01.794072 INFO::Fitting model to feature number 170, s__HROM_Genome_0716
2026-05-21 13:49:01.797266 INFO::Fitting model to feature number 171, s__Lancefieldella.sp000564995.13
2026-05-21 13:49:01.800493 INFO::Fitting model to feature number 172, s__Lancefieldella.sp000564995.14
2026-05-21 13:49:01.803768 INFO::Fitting model to feature number 173, s__HROM_Genome_0722
2026-05-21 13:49:01.809483 INFO::Fitting model to feature number 174, s__HROM_Genome_0746
2026-05-21 13:49:01.812702 INFO::Fitting model to feature number 175, s__HROM_Genome_0747
2026-05-21 13:49:01.81604 INFO::Fitting model to feature number 176, s__HROM_Genome_0748
2026-05-21 13:49:01.819194 INFO::Fitting model to feature number 177, s__HROM_Genome_0761
2026-05-21 13:49:01.843484 INFO::Fitting model to feature number 178, s__Lancefieldella.sp000564995.15
2026-05-21 13:49:01.847341 INFO::Fitting model to feature number 179, s__HROM_Genome_0781
2026-05-21 13:49:01.870784 INFO::Fitting model to feature number 180, s__Lancefieldella.sp000564995.16
2026-05-21 13:49:01.874103 INFO::Fitting model to feature number 181, s__Lancefieldella.sp000564995.17
2026-05-21 13:49:01.877656 INFO::Fitting model to feature number 182, s__HROM_Genome_0795
2026-05-21 13:49:01.880879 INFO::Fitting model to feature number 183, s__Lancefieldella.sp000564995.18
2026-05-21 13:49:01.884135 INFO::Fitting model to feature number 184, s__Lancefieldella.sp000564995.19
2026-05-21 13:49:01.887602 INFO::Fitting model to feature number 185, s__Lancefieldella.sp000564995.20
2026-05-21 13:49:01.923172 INFO::Fitting model to feature number 186, s__HROM_Genome_0854
2026-05-21 13:49:01.926605 INFO::Fitting model to feature number 187, s__Lancefieldella.sp000564995.21
2026-05-21 13:49:01.929948 INFO::Fitting model to feature number 188, s__Lancefieldella.sp000564995.22
2026-05-21 13:49:01.933544 INFO::Fitting model to feature number 189, s__HROM_Genome_0875
2026-05-21 13:49:01.937046 INFO::Fitting model to feature number 190, s__HROM_Genome_0878
2026-05-21 13:49:01.940351 INFO::Fitting model to feature number 191, s__HROM_Genome_0885
2026-05-21 13:49:01.943942 INFO::Fitting model to feature number 192, s__HROM_Genome_0934
2026-05-21 13:49:01.947323 INFO::Fitting model to feature number 193, s__HROM_Genome_0948
2026-05-21 13:49:01.950826 INFO::Fitting model to feature number 194, s__Slackia.exigua
2026-05-21 13:49:01.954158 INFO::Fitting model to feature number 195, s__Olsenella_F.sp001189515
2026-05-21 13:49:01.957386 INFO::Fitting model to feature number 196, s__HROM_Genome_0958
2026-05-21 13:49:01.960747 INFO::Fitting model to feature number 197, s__HROM_Genome_0960
2026-05-21 13:49:01.963979 INFO::Fitting model to feature number 198, s__Olsenella_F.profusa_A
2026-05-21 13:49:01.967237 INFO::Fitting model to feature number 199, s__HROM_Genome_0963
2026-05-21 13:49:01.989922 INFO::Fitting model to feature number 200, s__Prevotella.sp905372445
2026-05-21 13:49:01.993224 INFO::Fitting model to feature number 201, s__Prevotella.koreensis
2026-05-21 13:49:01.996467 INFO::Fitting model to feature number 202, s__Prevotella.multisaccharivorax
2026-05-21 13:49:01.999702 INFO::Fitting model to feature number 203, s__Prevotella.denticola
2026-05-21 13:49:02.00291 INFO::Fitting model to feature number 204, s__Prevotella.multiformis
2026-05-21 13:49:02.018485 INFO::Fitting model to feature number 205, s__Prevotella.sp000257925
2026-05-21 13:49:02.021719 INFO::Fitting model to feature number 206, s__Prevotella.veroralis
2026-05-21 13:49:02.025 INFO::Fitting model to feature number 207, s__Prevotella.histicola
2026-05-21 13:49:02.028377 INFO::Fitting model to feature number 208, s__Prevotella.melaninogenica
2026-05-21 13:49:02.031647 INFO::Fitting model to feature number 209, s__Prevotella.melaninogenica_A
2026-05-21 13:49:02.04446 INFO::Fitting model to feature number 210, s__Prevotella.jejuni
2026-05-21 13:49:02.073478 INFO::Fitting model to feature number 211, s__HROM_Genome_0980
2026-05-21 13:49:02.076758 INFO::Fitting model to feature number 212, s__HROM_Genome_0982
2026-05-21 13:49:02.080159 INFO::Fitting model to feature number 213, s__Prevotella.sp000467895
2026-05-21 13:49:02.083421 INFO::Fitting model to feature number 214, s__Prevotella.fusca
2026-05-21 13:49:02.086638 INFO::Fitting model to feature number 215, s__HROM_Genome_0985
2026-05-21 13:49:02.089904 INFO::Fitting model to feature number 216, s__Prevotella.scopos
2026-05-21 13:49:02.093086 INFO::Fitting model to feature number 217, s__Prevotella.nigrescens
2026-05-21 13:49:02.096364 INFO::Fitting model to feature number 218, s__Prevotella.aurantiaca
2026-05-21 13:49:02.099627 INFO::Fitting model to feature number 219, s__Prevotella.pallens
2026-05-21 13:49:02.139477 INFO::Fitting model to feature number 220, s__Prevotella.intermedia
2026-05-21 13:49:02.148568 INFO::Fitting model to feature number 221, s__HROM_Genome_1001
2026-05-21 13:49:02.152409 INFO::Fitting model to feature number 222, s__HROM_Genome_1003
2026-05-21 13:49:02.156099 INFO::Fitting model to feature number 223, s__Prevotella.nanceiensis
2026-05-21 13:49:02.159382 INFO::Fitting model to feature number 224, s__Prevotella.sp000163055
2026-05-21 13:49:02.162656 INFO::Fitting model to feature number 225, s__Prevotella.sp015256945
2026-05-21 13:49:02.165923 INFO::Fitting model to feature number 226, s__Prevotella.sp013333285
2026-05-21 13:49:02.169736 INFO::Fitting model to feature number 227, s__Prevotella.sp013333935
2026-05-21 13:49:02.17323 INFO::Fitting model to feature number 228, s__HROM_Genome_1009
2026-05-21 13:49:02.176848 INFO::Fitting model to feature number 229, s__Prevotella.sp003043945
2026-05-21 13:49:02.180106 INFO::Fitting model to feature number 230, s__HROM_Genome_1014
2026-05-21 13:49:02.183352 INFO::Fitting model to feature number 231, s__HROM_Genome_1015
2026-05-21 13:49:02.186563 INFO::Fitting model to feature number 232, s__HROM_Genome_1016
2026-05-21 13:49:02.189741 INFO::Fitting model to feature number 233, s__Prevotella.baroniae
2026-05-21 13:49:02.193237 INFO::Fitting model to feature number 234, s__Prevotella.seregens
2026-05-21 13:49:02.238882 INFO::Fitting model to feature number 235, s__Prevotella.buccae
2026-05-21 13:49:02.256023 INFO::Fitting model to feature number 236, s__HROM_Genome_1021
2026-05-21 13:49:02.259434 INFO::Fitting model to feature number 237, s__Prevotella.sp000599605
2026-05-21 13:49:02.26291 INFO::Fitting model to feature number 238, s__Prevotella.oulorum
2026-05-21 13:49:02.266233 INFO::Fitting model to feature number 239, s__Prevotella.maculosa
2026-05-21 13:49:02.269743 INFO::Fitting model to feature number 240, s__Prevotella.salivae
2026-05-21 13:49:02.27307 INFO::Fitting model to feature number 241, s__Prevotella.oris
2026-05-21 13:49:02.276626 INFO::Fitting model to feature number 242, s__Prevotella.oralis
2026-05-21 13:49:02.280225 INFO::Fitting model to feature number 243, s__HROM_Genome_1030
2026-05-21 13:49:02.283643 INFO::Fitting model to feature number 244, s__Prevotella.pleuritidis
2026-05-21 13:49:02.2869 INFO::Fitting model to feature number 245, s__Prevotella.enoeca
2026-05-21 13:49:02.290155 INFO::Fitting model to feature number 246, s__Prevotella.marshii
2026-05-21 13:49:02.293695 INFO::Fitting model to feature number 247, s__Prevotella.micans
2026-05-21 13:49:02.297107 INFO::Fitting model to feature number 248, s__Alloprevotella.tannerae_A
2026-05-21 13:49:02.30043 INFO::Fitting model to feature number 249, s__Alloprevotella.tannerae_B
2026-05-21 13:49:02.303751 INFO::Fitting model to feature number 250, s__Alloprevotella.tannerae
2026-05-21 13:49:02.306961 INFO::Fitting model to feature number 251, s__HROM_Genome_1042
2026-05-21 13:49:02.310236 INFO::Fitting model to feature number 252, s__Alloprevotella.rava
2026-05-21 13:49:02.313624 INFO::Fitting model to feature number 253, s__Alloprevotella.sp000318095
2026-05-21 13:49:02.356462 INFO::Fitting model to feature number 254, s__Alloprevotella.sp015259235
2026-05-21 13:49:02.364875 INFO::Fitting model to feature number 255, s__Alloprevotella.sp900095835
2026-05-21 13:49:02.368431 INFO::Fitting model to feature number 256, s__Alloprevotella.sp905371275
2026-05-21 13:49:02.371666 INFO::Fitting model to feature number 257, s__Alloprevotella.sp003639005
2026-05-21 13:49:02.374918 INFO::Fitting model to feature number 258, s__Alloprevotella.sp905369775
2026-05-21 13:49:02.378281 INFO::Fitting model to feature number 259, s__Alloprevotella.sp015257125
2026-05-21 13:49:02.381593 INFO::Fitting model to feature number 260, s__HROM_Genome_1066
2026-05-21 13:49:02.385015 INFO::Fitting model to feature number 261, s__Bacteroides_D.sp905373665
2026-05-21 13:49:02.393983 INFO::Fitting model to feature number 262, s__Bacteroides_D.sp905373475
2026-05-21 13:49:02.397751 INFO::Fitting model to feature number 263, s__HROM_Genome_1074
2026-05-21 13:49:02.401313 INFO::Fitting model to feature number 264, s__Bacteroides_D.sp013333835
2026-05-21 13:49:02.404648 INFO::Fitting model to feature number 265, s__Bacteroides_D.periocalifornicus
2026-05-21 13:49:02.40819 INFO::Fitting model to feature number 266, s__Bacteroides_D.sp013333195
2026-05-21 13:49:02.411427 INFO::Fitting model to feature number 267, s__F0058.sp000163695
2026-05-21 13:49:02.414785 INFO::Fitting model to feature number 268, s__F0058.sp905372135
2026-05-21 13:49:02.418036 INFO::Fitting model to feature number 269, s__F0058.sp905372605
2026-05-21 13:49:02.421293 INFO::Fitting model to feature number 270, s__Porphyromonas.catoniae
2026-05-21 13:49:02.424622 INFO::Fitting model to feature number 271, s__HROM_Genome_1089
2026-05-21 13:49:02.453803 INFO::Fitting model to feature number 272, s__Porphyromonas.sp905372525
2026-05-21 13:49:02.457135 INFO::Fitting model to feature number 273, s__Porphyromonas.sp018127745
2026-05-21 13:49:02.460306 INFO::Fitting model to feature number 274, s__Porphyromonas.sp000467855
2026-05-21 13:49:02.479985 INFO::Fitting model to feature number 275, s__Porphyromonas.pasteri
2026-05-21 13:49:02.484154 INFO::Fitting model to feature number 276, s__HROM_Genome_1101
2026-05-21 13:49:02.4874 INFO::Fitting model to feature number 277, s__Porphyromonas.gingivalis
2026-05-21 13:49:02.490708 INFO::Fitting model to feature number 278, s__Tannerella.forsythia
2026-05-21 13:49:02.493926 INFO::Fitting model to feature number 279, s__HROM_Genome_1111
2026-05-21 13:49:02.497209 INFO::Fitting model to feature number 280, s__Tannerella.sp003033925
2026-05-21 13:49:02.50046 INFO::Fitting model to feature number 281, s__Tannerella.sp002890585
2026-05-21 13:49:02.504057 INFO::Fitting model to feature number 282, s__HROM_Genome_1115
2026-05-21 13:49:02.507312 INFO::Fitting model to feature number 283, s__HROM_Genome_1116
2026-05-21 13:49:02.510545 INFO::Fitting model to feature number 284, s__Prevotella.saccharolytica
2026-05-21 13:49:02.513748 INFO::Fitting model to feature number 285, s__HROM_Genome_1125
2026-05-21 13:49:02.516956 INFO::Fitting model to feature number 286, s__Porphyromonas.endodontalis
2026-05-21 13:49:02.520149 INFO::Fitting model to feature number 287, s__Porphyromonas.sp003640335
2026-05-21 13:49:02.523428 INFO::Fitting model to feature number 288, s__Porphyromonas.sp003640335.1
2026-05-21 13:49:02.526644 INFO::Fitting model to feature number 289, s__Phocaeicola.abscessus
2026-05-21 13:49:02.529894 INFO::Fitting model to feature number 290, s__HROM_Genome_1142
2026-05-21 13:49:02.533122 INFO::Fitting model to feature number 291, s__Prevotella.sp018127805
2026-05-21 13:49:02.536344 INFO::Fitting model to feature number 292, s__Bacteroides.heparinolyticus
2026-05-21 13:49:02.566047 INFO::Fitting model to feature number 293, s__Prevotella.shahii
2026-05-21 13:49:02.595142 INFO::Fitting model to feature number 294, s__Prevotella.conceptionensis
2026-05-21 13:49:02.607392 INFO::Fitting model to feature number 295, s__HROM_Genome_1159
2026-05-21 13:49:02.610973 INFO::Fitting model to feature number 296, s__Prevotella.loescheii
2026-05-21 13:49:02.614263 INFO::Fitting model to feature number 297, s__HROM_Genome_1162
2026-05-21 13:49:02.617549 INFO::Fitting model to feature number 298, s__Prevotella.sp905373605
2026-05-21 13:49:02.620782 INFO::Fitting model to feature number 299, s__HROM_Genome_1174
2026-05-21 13:49:02.624172 INFO::Fitting model to feature number 300, s__Capnocytophaga.sp000192225
2026-05-21 13:49:02.627558 INFO::Fitting model to feature number 301, s__HROM_Genome_1185
2026-05-21 13:49:02.630861 INFO::Fitting model to feature number 302, s__HROM_Genome_1187
2026-05-21 13:49:02.640066 INFO::Fitting model to feature number 303, s__JABCPE02.sp013333875
2026-05-21 13:49:02.644055 INFO::Fitting model to feature number 304, s__HROM_Genome_1196
2026-05-21 13:49:02.647278 INFO::Fitting model to feature number 305, s__Bergeyella_A.cardium
2026-05-21 13:49:02.650557 INFO::Fitting model to feature number 306, s__HROM_Genome_1209
2026-05-21 13:49:02.653816 INFO::Fitting model to feature number 307, s__Capnocytophaga.granulosa
2026-05-21 13:49:02.657128 INFO::Fitting model to feature number 308, s__Capnocytophaga.gingivalis
2026-05-21 13:49:02.660501 INFO::Fitting model to feature number 309, s__HROM_Genome_1212
2026-05-21 13:49:02.66385 INFO::Fitting model to feature number 310, s__Capnocytophaga.sp000466425
2026-05-21 13:49:02.688598 INFO::Fitting model to feature number 311, s__HROM_Genome_1214
2026-05-21 13:49:02.691998 INFO::Fitting model to feature number 312, s__HROM_Genome_1215
2026-05-21 13:49:02.695306 INFO::Fitting model to feature number 313, s__Capnocytophaga.sp905372595
2026-05-21 13:49:02.698784 INFO::Fitting model to feature number 314, s__HROM_Genome_1217
2026-05-21 13:49:02.702076 INFO::Fitting model to feature number 315, s__Capnocytophaga.haemolytica
2026-05-21 13:49:02.705886 INFO::Fitting model to feature number 316, s__Capnocytophaga.bilenii
2026-05-21 13:49:02.722424 INFO::Fitting model to feature number 317, s__Capnocytophaga.ochracea
2026-05-21 13:49:02.744159 INFO::Fitting model to feature number 318, s__Capnocytophaga.endodontalis
2026-05-21 13:49:02.747418 INFO::Fitting model to feature number 319, s__Capnocytophaga.leadbetteri
2026-05-21 13:49:02.7507 INFO::Fitting model to feature number 320, s__HROM_Genome_1226
2026-05-21 13:49:02.754607 INFO::Fitting model to feature number 321, s__Capnocytophaga.sputigena
2026-05-21 13:49:02.757887 INFO::Fitting model to feature number 322, s__Campylobacter_A.curvus
2026-05-21 13:49:02.761215 INFO::Fitting model to feature number 323, s__Campylobacter_A.concisus_C
2026-05-21 13:49:02.764528 INFO::Fitting model to feature number 324, s__Campylobacter_A.concisus_O
2026-05-21 13:49:02.767768 INFO::Fitting model to feature number 325, s__Campylobacter_A.concisus
2026-05-21 13:49:02.792274 INFO::Fitting model to feature number 326, s__Campylobacter_A.concisus_Q
2026-05-21 13:49:02.814381 INFO::Fitting model to feature number 327, s__Campylobacter_A.concisus_M
2026-05-21 13:49:02.817743 INFO::Fitting model to feature number 328, s__Campylobacter_A.concisus_Y
2026-05-21 13:49:02.821005 INFO::Fitting model to feature number 329, s__Campylobacter_A.concisus_AF
2026-05-21 13:49:02.824301 INFO::Fitting model to feature number 330, s__HROM_Genome_1261
2026-05-21 13:49:02.82772 INFO::Fitting model to feature number 331, s__HROM_Genome_1263
2026-05-21 13:49:02.830997 INFO::Fitting model to feature number 332, s__HROM_Genome_1264
2026-05-21 13:49:02.834343 INFO::Fitting model to feature number 333, s__HROM_Genome_1265
2026-05-21 13:49:02.837601 INFO::Fitting model to feature number 334, s__HROM_Genome_1266
2026-05-21 13:49:02.840919 INFO::Fitting model to feature number 335, s__HROM_Genome_1267
2026-05-21 13:49:02.844123 INFO::Fitting model to feature number 336, s__HROM_Genome_1272
2026-05-21 13:49:02.847297 INFO::Fitting model to feature number 337, s__HROM_Genome_1275
2026-05-21 13:49:02.850623 INFO::Fitting model to feature number 338, s__HROM_Genome_1277
2026-05-21 13:49:02.853949 INFO::Fitting model to feature number 339, s__HROM_Genome_1284
2026-05-21 13:49:02.857224 INFO::Fitting model to feature number 340, s__HROM_Genome_1286
2026-05-21 13:49:02.860538 INFO::Fitting model to feature number 341, s__Campylobacter_A.concisus_G
2026-05-21 13:49:02.863736 INFO::Fitting model to feature number 342, s__HROM_Genome_1297
2026-05-21 13:49:02.866927 INFO::Fitting model to feature number 343, s__HROM_Genome_1312
2026-05-21 13:49:02.876115 INFO::Fitting model to feature number 344, s__Campylobacter_A.concisus_P
2026-05-21 13:49:02.910556 INFO::Fitting model to feature number 345, s__HROM_Genome_1316
2026-05-21 13:49:02.914511 INFO::Fitting model to feature number 346, s__HROM_Genome_1320
2026-05-21 13:49:02.919125 INFO::Fitting model to feature number 347, s__HROM_Genome_1321
2026-05-21 13:49:02.925168 INFO::Fitting model to feature number 348, s__HROM_Genome_1329
2026-05-21 13:49:02.928555 INFO::Fitting model to feature number 349, s__HROM_Genome_1333
2026-05-21 13:49:02.931951 INFO::Fitting model to feature number 350, s__HROM_Genome_1334
2026-05-21 13:49:02.935354 INFO::Fitting model to feature number 351, s__HROM_Genome_1338
2026-05-21 13:49:02.980723 INFO::Fitting model to feature number 352, s__HROM_Genome_1341
2026-05-21 13:49:02.984102 INFO::Fitting model to feature number 353, s__HROM_Genome_1342
2026-05-21 13:49:02.987386 INFO::Fitting model to feature number 354, s__HROM_Genome_1346
2026-05-21 13:49:02.990681 INFO::Fitting model to feature number 355, s__HROM_Genome_1353
2026-05-21 13:49:02.993966 INFO::Fitting model to feature number 356, s__HROM_Genome_1356
2026-05-21 13:49:02.997265 INFO::Fitting model to feature number 357, s__HROM_Genome_1358
2026-05-21 13:49:03.000609 INFO::Fitting model to feature number 358, s__HROM_Genome_1359
2026-05-21 13:49:03.003893 INFO::Fitting model to feature number 359, s__Campylobacter_A.concisus_C.1
2026-05-21 13:49:03.007134 INFO::Fitting model to feature number 360, s__HROM_Genome_1368
2026-05-21 13:49:03.010383 INFO::Fitting model to feature number 361, s__HROM_Genome_1369
2026-05-21 13:49:03.013688 INFO::Fitting model to feature number 362, s__HROM_Genome_1372
2026-05-21 13:49:03.017085 INFO::Fitting model to feature number 363, s__HROM_Genome_1381
2026-05-21 13:49:03.053148 INFO::Fitting model to feature number 364, s__HROM_Genome_1454
2026-05-21 13:49:03.070281 INFO::Fitting model to feature number 365, s__HROM_Genome_1486
2026-05-21 13:49:03.073546 INFO::Fitting model to feature number 366, s__HROM_Genome_1499
2026-05-21 13:49:03.076867 INFO::Fitting model to feature number 367, s__HROM_Genome_1515
2026-05-21 13:49:03.080119 INFO::Fitting model to feature number 368, s__Campylobacter_A.rectus
2026-05-21 13:49:03.083348 INFO::Fitting model to feature number 369, s__Campylobacter_A.showae_A
2026-05-21 13:49:03.086663 INFO::Fitting model to feature number 370, s__HROM_Genome_1525
2026-05-21 13:49:03.090199 INFO::Fitting model to feature number 371, s__Campylobacter_A.sp905371695
2026-05-21 13:49:03.093404 INFO::Fitting model to feature number 372, s__HROM_Genome_1539
2026-05-21 13:49:03.096655 INFO::Fitting model to feature number 373, s__HROM_Genome_1541
2026-05-21 13:49:03.099991 INFO::Fitting model to feature number 374, s__HROM_Genome_1542
2026-05-21 13:49:03.103245 INFO::Fitting model to feature number 375, s__Campylobacter_A.sp905372745
2026-05-21 13:49:03.126626 INFO::Fitting model to feature number 376, s__Campylobacter_A.sp905372745.1
2026-05-21 13:49:03.141278 INFO::Fitting model to feature number 377, s__HROM_Genome_1564
2026-05-21 13:49:03.14462 INFO::Fitting model to feature number 378, s__Campylobacter_A.sp905372745.2
2026-05-21 13:49:03.14788 INFO::Fitting model to feature number 379, s__Campylobacter_A.sp905372745.3
2026-05-21 13:49:03.151158 INFO::Fitting model to feature number 380, s__HROM_Genome_1575
2026-05-21 13:49:03.154697 INFO::Fitting model to feature number 381, s__HROM_Genome_1588
2026-05-21 13:49:03.157968 INFO::Fitting model to feature number 382, s__HROM_Genome_1602
2026-05-21 13:49:03.161522 INFO::Fitting model to feature number 383, s__HROM_Genome_1644
2026-05-21 13:49:03.172574 INFO::Fitting model to feature number 384, s__Flexilinea.sp001717545
2026-05-21 13:49:03.193411 INFO::Fitting model to feature number 385, s__HROM_Genome_1646
2026-05-21 13:49:03.221259 INFO::Fitting model to feature number 386, s__Desulfobulbus.oralis
2026-05-21 13:49:03.240126 INFO::Fitting model to feature number 387, s__Desulfomicrobium.orale
2026-05-21 13:49:03.244528 INFO::Fitting model to feature number 388, s__Desulfovibrio.sp003860215
2026-05-21 13:49:03.247772 INFO::Fitting model to feature number 389, s__HROM_Genome_1664
2026-05-21 13:49:03.275985 INFO::Fitting model to feature number 390, s__HROM_Genome_1665
2026-05-21 13:49:03.279393 INFO::Fitting model to feature number 391, s__Pseudoramibacter.alactolyticus
2026-05-21 13:49:03.282837 INFO::Fitting model to feature number 392, s__Shuttleworthia.satelles
2026-05-21 13:49:03.291068 INFO::Fitting model to feature number 393, s__Butyrivibrio.sp015258065
2026-05-21 13:49:03.296161 INFO::Fitting model to feature number 394, s__HROM_Genome_1674
2026-05-21 13:49:03.316658 INFO::Fitting model to feature number 395, s__HROM_Genome_1675
2026-05-21 13:49:03.355168 INFO::Fitting model to feature number 396, s__Catonella.massiliensis
2026-05-21 13:49:03.358503 INFO::Fitting model to feature number 397, s__HROM_Genome_1679
2026-05-21 13:49:03.361734 INFO::Fitting model to feature number 398, s__HROM_Genome_1681
2026-05-21 13:49:03.364931 INFO::Fitting model to feature number 399, s__Catonella.morbi
2026-05-21 13:49:03.368229 INFO::Fitting model to feature number 400, s__HROM_Genome_1683
2026-05-21 13:49:03.371499 INFO::Fitting model to feature number 401, s__HROM_Genome_1684
2026-05-21 13:49:03.374817 INFO::Fitting model to feature number 402, s__HROM_Genome_1688
2026-05-21 13:49:03.378095 INFO::Fitting model to feature number 403, s__HROM_Genome_1690
2026-05-21 13:49:03.381384 INFO::Fitting model to feature number 404, s__HROM_Genome_1692
2026-05-21 13:49:03.384652 INFO::Fitting model to feature number 405, s__HROM_Genome_1696
2026-05-21 13:49:03.387863 INFO::Fitting model to feature number 406, s__HROM_Genome_1700
2026-05-21 13:49:03.391239 INFO::Fitting model to feature number 407, s__HROM_Genome_1701
2026-05-21 13:49:03.394795 INFO::Fitting model to feature number 408, s__HROM_Genome_1702
2026-05-21 13:49:03.398034 INFO::Fitting model to feature number 409, s__HROM_Genome_1703
2026-05-21 13:49:03.401297 INFO::Fitting model to feature number 410, s__HROM_Genome_1704
2026-05-21 13:49:03.404534 INFO::Fitting model to feature number 411, s__Johnsonella.sp905373785
2026-05-21 13:49:03.407863 INFO::Fitting model to feature number 412, s__Johnsonella.sp900766185
2026-05-21 13:49:03.411169 INFO::Fitting model to feature number 413, s__HROM_Genome_1707
2026-05-21 13:49:03.414511 INFO::Fitting model to feature number 414, s__Johnsonella.ignava
2026-05-21 13:49:03.417727 INFO::Fitting model to feature number 415, s__HROM_Genome_1709
2026-05-21 13:49:03.421018 INFO::Fitting model to feature number 416, s__Oribacterium.sp015258095
2026-05-21 13:49:03.431731 INFO::Fitting model to feature number 417, s__F0428.sp003043955
2026-05-21 13:49:03.434941 INFO::Fitting model to feature number 418, s__Lachnoanaerobaculum.sp000287675
2026-05-21 13:49:03.438169 INFO::Fitting model to feature number 419, s__Lachnoanaerobaculum.orale
2026-05-21 13:49:03.441372 INFO::Fitting model to feature number 420, s__Lachnoanaerobaculum.sp000209465
2026-05-21 13:49:03.444684 INFO::Fitting model to feature number 421, s__Lachnoanaerobaculum.gingivalis
2026-05-21 13:49:03.447882 INFO::Fitting model to feature number 422, s__HROM_Genome_1717
2026-05-21 13:49:03.451164 INFO::Fitting model to feature number 423, s__Lachnoanaerobaculum.umeaense
2026-05-21 13:49:03.454412 INFO::Fitting model to feature number 424, s__Lachnoanaerobaculum.saburreum
2026-05-21 13:49:03.463789 INFO::Fitting model to feature number 425, s__HROM_Genome_1725
2026-05-21 13:49:03.467844 INFO::Fitting model to feature number 426, s__Acetatifactor.sp900755865
2026-05-21 13:49:03.471286 INFO::Fitting model to feature number 427, s__Oribacterium.parvum
2026-05-21 13:49:03.474599 INFO::Fitting model to feature number 428, s__Oribacterium.sinus
2026-05-21 13:49:03.51481 INFO::Fitting model to feature number 429, s__Oribacterium.sinus.1
2026-05-21 13:49:03.553945 INFO::Fitting model to feature number 430, s__Oribacterium.asaccharolyticum
2026-05-21 13:49:03.557519 INFO::Fitting model to feature number 431, s__HROM_Genome_1742
2026-05-21 13:49:03.560891 INFO::Fitting model to feature number 432, s__HROM_Genome_1746
2026-05-21 13:49:03.567597 INFO::Fitting model to feature number 433, s__HROM_Genome_1750
2026-05-21 13:49:03.578781 INFO::Fitting model to feature number 434, s__HROM_Genome_1753
2026-05-21 13:49:03.582022 INFO::Fitting model to feature number 435, s__HROM_Genome_1757
2026-05-21 13:49:03.586093 INFO::Fitting model to feature number 436, s__HROM_Genome_1758
2026-05-21 13:49:03.589374 INFO::Fitting model to feature number 437, s__HROM_Genome_1762
2026-05-21 13:49:03.592695 INFO::Fitting model to feature number 438, s__HROM_Genome_1765
2026-05-21 13:49:03.596024 INFO::Fitting model to feature number 439, s__HROM_Genome_1766
2026-05-21 13:49:03.599307 INFO::Fitting model to feature number 440, s__HROM_Genome_1769
2026-05-21 13:49:03.602612 INFO::Fitting model to feature number 441, s__HROM_Genome_1771
2026-05-21 13:49:03.606205 INFO::Fitting model to feature number 442, s__HROM_Genome_1775
2026-05-21 13:49:03.609502 INFO::Fitting model to feature number 443, s__Oribacterium.sinus.3
2026-05-21 13:49:03.612807 INFO::Fitting model to feature number 444, s__Oribacterium.sinus.4
2026-05-21 13:49:03.616113 INFO::Fitting model to feature number 445, s__HROM_Genome_1799
2026-05-21 13:49:03.619403 INFO::Fitting model to feature number 446, s__HROM_Genome_1804
2026-05-21 13:49:03.622956 INFO::Fitting model to feature number 447, s__HROM_Genome_1810
2026-05-21 13:49:03.626215 INFO::Fitting model to feature number 448, s__HROM_Genome_1815
2026-05-21 13:49:03.629494 INFO::Fitting model to feature number 449, s__Oribacterium.sinus.6
2026-05-21 13:49:03.632731 INFO::Fitting model to feature number 450, s__HROM_Genome_1828
2026-05-21 13:49:03.636127 INFO::Fitting model to feature number 451, s__HROM_Genome_1833
2026-05-21 13:49:03.639351 INFO::Fitting model to feature number 452, s__HROM_Genome_1836
2026-05-21 13:49:03.642632 INFO::Fitting model to feature number 453, s__HROM_Genome_1841
2026-05-21 13:49:03.660114 INFO::Fitting model to feature number 454, s__HROM_Genome_1843
2026-05-21 13:49:03.663337 INFO::Fitting model to feature number 455, s__Oribacterium.sinus.7
2026-05-21 13:49:03.666597 INFO::Fitting model to feature number 456, s__HROM_Genome_1849
2026-05-21 13:49:03.669876 INFO::Fitting model to feature number 457, s__HROM_Genome_1853
2026-05-21 13:49:03.673138 INFO::Fitting model to feature number 458, s__HROM_Genome_1855
2026-05-21 13:49:03.676341 INFO::Fitting model to feature number 459, s__HROM_Genome_1862
2026-05-21 13:49:03.679812 INFO::Fitting model to feature number 460, s__UBA4285.sp900542465
2026-05-21 13:49:03.70562 INFO::Fitting model to feature number 461, s__W11650.sp002999035
2026-05-21 13:49:03.728472 INFO::Fitting model to feature number 462, s__HROM_Genome_1877
2026-05-21 13:49:03.731792 INFO::Fitting model to feature number 463, s__HROM_Genome_1878
2026-05-21 13:49:03.735371 INFO::Fitting model to feature number 464, s__HROM_Genome_1880
2026-05-21 13:49:03.73891 INFO::Fitting model to feature number 465, s__HROM_Genome_1882
2026-05-21 13:49:03.748416 INFO::Fitting model to feature number 466, s__Oribacterium.sp000160135
2026-05-21 13:49:03.75252 INFO::Fitting model to feature number 467, s__Oribacterium.sp013394775
2026-05-21 13:49:03.755784 INFO::Fitting model to feature number 468, s__HROM_Genome_1888
2026-05-21 13:49:03.759093 INFO::Fitting model to feature number 469, s__Stomatobaculum.longum
2026-05-21 13:49:03.763292 INFO::Fitting model to feature number 470, s__HROM_Genome_1890
2026-05-21 13:49:03.766483 INFO::Fitting model to feature number 471, s__Stomatobaculum.longum_A
2026-05-21 13:49:03.769843 INFO::Fitting model to feature number 472, s__HROM_Genome_1892
2026-05-21 13:49:03.773263 INFO::Fitting model to feature number 473, s__HROM_Genome_1893
2026-05-21 13:49:03.776561 INFO::Fitting model to feature number 474, s__Stomatobaculum.longum_A.1
2026-05-21 13:49:03.78079 INFO::Fitting model to feature number 475, s__HROM_Genome_1909
2026-05-21 13:49:03.785052 INFO::Fitting model to feature number 476, s__Mogibacterium.timidum
2026-05-21 13:49:03.78985 INFO::Fitting model to feature number 477, s__Mogibacterium.diversum
2026-05-21 13:49:03.793134 INFO::Fitting model to feature number 478, s__HROM_Genome_1912
2026-05-21 13:49:03.79716 INFO::Fitting model to feature number 479, s__HROM_Genome_1913
2026-05-21 13:49:03.830245 INFO::Fitting model to feature number 480, s__HROM_Genome_1914
2026-05-21 13:49:03.841958 INFO::Fitting model to feature number 481, s__HROM_Genome_1915
2026-05-21 13:49:03.845212 INFO::Fitting model to feature number 482, s__HROM_Genome_1916
2026-05-21 13:49:03.848508 INFO::Fitting model to feature number 483, s__Mogibacterium.pumilum
2026-05-21 13:49:03.851896 INFO::Fitting model to feature number 484, s__HROM_Genome_1919
2026-05-21 13:49:03.855153 INFO::Fitting model to feature number 485, s__Eubacterium_B.sulci
2026-05-21 13:49:03.858428 INFO::Fitting model to feature number 486, s__Eubacterium_B.infirmum
2026-05-21 13:49:03.861753 INFO::Fitting model to feature number 487, s__HROM_Genome_1922
2026-05-21 13:49:03.865129 INFO::Fitting model to feature number 488, s__HROM_Genome_1923
2026-05-21 13:49:03.904288 INFO::Fitting model to feature number 489, s__HROM_Genome_1924
2026-05-21 13:49:03.923798 INFO::Fitting model to feature number 490, s__JABZIP01.sp015258265
2026-05-21 13:49:03.927138 INFO::Fitting model to feature number 491, s__Peptostreptococcus.sp900759325
2026-05-21 13:49:03.930369 INFO::Fitting model to feature number 492, s__Peptostreptococcus.stomatis
2026-05-21 13:49:03.965757 INFO::Fitting model to feature number 493, s__Filifactor.alocis
2026-05-21 13:49:03.984728 INFO::Fitting model to feature number 494, s__HROM_Genome_1934
2026-05-21 13:49:03.988176 INFO::Fitting model to feature number 495, s__HROM_Genome_1937
2026-05-21 13:49:03.991543 INFO::Fitting model to feature number 496, s__Peptoanaerobacter.yurii
2026-05-21 13:49:03.995213 INFO::Fitting model to feature number 497, s__HROM_Genome_1939
2026-05-21 13:49:03.998459 INFO::Fitting model to feature number 498, s__HROM_Genome_1940
2026-05-21 13:49:04.001988 INFO::Fitting model to feature number 499, s__Peptoanaerobacter.stomatis
2026-05-21 13:49:04.005247 INFO::Fitting model to feature number 500, s__Eubacterium_M.brachy
2026-05-21 13:49:04.008431 INFO::Fitting model to feature number 501, s__Hornefia.minuta
2026-05-21 13:49:04.011746 INFO::Fitting model to feature number 502, s__Hornefia.nodata
2026-05-21 13:49:04.014927 INFO::Fitting model to feature number 503, s__Eubacterium_N.saphenum
2026-05-21 13:49:04.01834 INFO::Fitting model to feature number 504, s__CAJPNN01.sp905372035
2026-05-21 13:49:04.021705 INFO::Fitting model to feature number 505, s__CAG.793.sp013333035
2026-05-21 13:49:04.024974 INFO::Fitting model to feature number 506, s__CAG.793.sp013333395
2026-05-21 13:49:04.051361 INFO::Fitting model to feature number 507, s__HROM_Genome_1957
2026-05-21 13:49:04.072255 INFO::Fitting model to feature number 508, s__JABCPO02.sp013333105
2026-05-21 13:49:04.087018 INFO::Fitting model to feature number 509, s__Parvimonas.micra
2026-05-21 13:49:04.090324 INFO::Fitting model to feature number 510, s__Parvimonas.sp015257355
2026-05-21 13:49:04.09438 INFO::Fitting model to feature number 511, s__Parvimonas.sp000214475
2026-05-21 13:49:04.098433 INFO::Fitting model to feature number 512, s__HROM_Genome_1967
2026-05-21 13:49:04.101832 INFO::Fitting model to feature number 513, s__Parvimonas.sp000223315
2026-05-21 13:49:04.105359 INFO::Fitting model to feature number 514, s__W5053.sp000467935
2026-05-21 13:49:04.109297 INFO::Fitting model to feature number 515, s__HROM_Genome_1982
2026-05-21 13:49:04.112634 INFO::Fitting model to feature number 516, s__HROM_Genome_1983
2026-05-21 13:49:04.115891 INFO::Fitting model to feature number 517, s__Eggerthia.catenaformis
2026-05-21 13:49:04.119098 INFO::Fitting model to feature number 518, s__HROM_Genome_2038
2026-05-21 13:49:04.122396 INFO::Fitting model to feature number 519, s__HROM_Genome_2039
2026-05-21 13:49:04.125709 INFO::Fitting model to feature number 520, s__Bulleidia.extructa
2026-05-21 13:49:04.129461 INFO::Fitting model to feature number 521, s__Bulleidia.sp015256775
2026-05-21 13:49:04.132785 INFO::Fitting model to feature number 522, s__Bulleidia.sp015256455
2026-05-21 13:49:04.1361 INFO::Fitting model to feature number 523, s__Bulleidia.moorei
2026-05-21 13:49:04.139376 INFO::Fitting model to feature number 524, s__HROM_Genome_2044
2026-05-21 13:49:04.142799 INFO::Fitting model to feature number 525, s__Bulleidia.sp900554555
2026-05-21 13:49:04.14605 INFO::Fitting model to feature number 526, s__HROM_Genome_2046
2026-05-21 13:49:04.149397 INFO::Fitting model to feature number 527, s__HROM_Genome_2048
2026-05-21 13:49:04.152641 INFO::Fitting model to feature number 528, s__Limosilactobacillus.fermentum
2026-05-21 13:49:04.155939 INFO::Fitting model to feature number 529, s__Limosilactobacillus.oris
2026-05-21 13:49:04.159209 INFO::Fitting model to feature number 530, s__Limosilactobacillus.portuensis
2026-05-21 13:49:04.182472 INFO::Fitting model to feature number 531, s__Limosilactobacillus.vaginalis
2026-05-21 13:49:04.186601 INFO::Fitting model to feature number 532, s__Lactobacillus.delbrueckii
2026-05-21 13:49:04.189816 INFO::Fitting model to feature number 533, s__Ligilactobacillus.salivarius
2026-05-21 13:49:04.193046 INFO::Fitting model to feature number 534, s__Lactobacillus.iners
2026-05-21 13:49:04.196313 INFO::Fitting model to feature number 535, s__Lactobacillus.paragasseri
2026-05-21 13:49:04.199569 INFO::Fitting model to feature number 536, s__Lactobacillus.crispatus
2026-05-21 13:49:04.202732 INFO::Fitting model to feature number 537, s__Lactobacillus.helveticus
2026-05-21 13:49:04.205978 INFO::Fitting model to feature number 538, s__Lactobacillus.acidophilus
2026-05-21 13:49:04.209246 INFO::Fitting model to feature number 539, s__HROM_Genome_2084
2026-05-21 13:49:04.21244 INFO::Fitting model to feature number 540, s__Lactococcus.cremoris
2026-05-21 13:49:04.215748 INFO::Fitting model to feature number 541, s__Lactococcus.lactis
2026-05-21 13:49:04.218928 INFO::Fitting model to feature number 542, s__Streptococcus.salivarius
2026-05-21 13:49:04.222157 INFO::Fitting model to feature number 543, s__Streptococcus.vestibularis
2026-05-21 13:49:04.225382 INFO::Fitting model to feature number 544, s__Streptococcus.sp000187445
2026-05-21 13:49:04.228601 INFO::Fitting model to feature number 545, s__Streptococcus.thermophilus
2026-05-21 13:49:04.231836 INFO::Fitting model to feature number 546, s__HROM_Genome_2092
2026-05-21 13:49:04.24141 INFO::Fitting model to feature number 547, s__HROM_Genome_2093
2026-05-21 13:49:04.245136 INFO::Fitting model to feature number 548, s__Streptococcus.rubneri
2026-05-21 13:49:04.248455 INFO::Fitting model to feature number 549, s__Streptococcus.parasanguinis_B
2026-05-21 13:49:04.267738 INFO::Fitting model to feature number 550, s__Streptococcus.parasanguinis
2026-05-21 13:49:04.281773 INFO::Fitting model to feature number 551, s__Streptococcus.xiaochunlingii
2026-05-21 13:49:04.285636 INFO::Fitting model to feature number 552, s__Streptococcus.koreensis
2026-05-21 13:49:04.288856 INFO::Fitting model to feature number 553, s__Streptococcus.lactarius
2026-05-21 13:49:04.292144 INFO::Fitting model to feature number 554, s__Streptococcus.sp000314795
2026-05-21 13:49:04.295328 INFO::Fitting model to feature number 555, s__Streptococcus.sp902363395
2026-05-21 13:49:04.298709 INFO::Fitting model to feature number 556, s__HROM_Genome_2105
2026-05-21 13:49:04.3019 INFO::Fitting model to feature number 557, s__HROM_Genome_2106
2026-05-21 13:49:04.305501 INFO::Fitting model to feature number 558, s__HROM_Genome_2107
2026-05-21 13:49:04.308682 INFO::Fitting model to feature number 559, s__HROM_Genome_2109
2026-05-21 13:49:04.311999 INFO::Fitting model to feature number 560, s__HROM_Genome_2110
2026-05-21 13:49:04.31525 INFO::Fitting model to feature number 561, s__HROM_Genome_2112
2026-05-21 13:49:04.345137 INFO::Fitting model to feature number 562, s__Streptococcus.parasanguinis_A
2026-05-21 13:49:04.350202 INFO::Fitting model to feature number 563, s__Streptococcus.koreensis.1
2026-05-21 13:49:04.353798 INFO::Fitting model to feature number 564, s__HROM_Genome_2118
2026-05-21 13:49:04.357069 INFO::Fitting model to feature number 565, s__HROM_Genome_2120
2026-05-21 13:49:04.360412 INFO::Fitting model to feature number 566, s__HROM_Genome_2122
2026-05-21 13:49:04.3637 INFO::Fitting model to feature number 567, s__HROM_Genome_2123
2026-05-21 13:49:04.366994 INFO::Fitting model to feature number 568, s__HROM_Genome_2124
2026-05-21 13:49:04.370195 INFO::Fitting model to feature number 569, s__Streptococcus.australis
2026-05-21 13:49:04.373463 INFO::Fitting model to feature number 570, s__Streptococcus.mitis_J
2026-05-21 13:49:04.376659 INFO::Fitting model to feature number 571, s__Streptococcus.mitis_D
2026-05-21 13:49:04.389405 INFO::Fitting model to feature number 572, s__Streptococcus.pseudopneumoniae_M
2026-05-21 13:49:04.39961 INFO::Fitting model to feature number 573, s__Streptococcus.halitosis
2026-05-21 13:49:04.40285 INFO::Fitting model to feature number 574, s__Streptococcus.oralis_BC
2026-05-21 13:49:04.406081 INFO::Fitting model to feature number 575, s__Streptococcus.oralis_AC
2026-05-21 13:49:04.40935 INFO::Fitting model to feature number 576, s__Streptococcus.oralis_BC.1
2026-05-21 13:49:04.412581 INFO::Fitting model to feature number 577, s__Streptococcus.symci
2026-05-21 13:49:04.416059 INFO::Fitting model to feature number 578, s__Streptococcus.mitis
2026-05-21 13:49:04.421535 INFO::Fitting model to feature number 579, s__Streptococcus.sp003428885
2026-05-21 13:49:04.424735 INFO::Fitting model to feature number 580, s__Streptococcus.oralis_H
2026-05-21 13:49:04.437325 INFO::Fitting model to feature number 581, s__Streptococcus.pseudopneumoniae_E
2026-05-21 13:49:04.440552 INFO::Fitting model to feature number 582, s__Streptococcus.pneumoniae
2026-05-21 13:49:04.443739 INFO::Fitting model to feature number 583, s__Streptococcus.mitis_K
2026-05-21 13:49:04.446956 INFO::Fitting model to feature number 584, s__Streptococcus.sp000259505
2026-05-21 13:49:04.450146 INFO::Fitting model to feature number 585, s__Streptococcus.pseudopneumoniae_L
2026-05-21 13:49:04.453885 INFO::Fitting model to feature number 586, s__Streptococcus.oralis_W
2026-05-21 13:49:04.463052 INFO::Fitting model to feature number 587, s__Streptococcus.oralis
2026-05-21 13:49:04.467309 INFO::Fitting model to feature number 588, s__Streptococcus.oralis.1
2026-05-21 13:49:04.470626 INFO::Fitting model to feature number 589, s__Streptococcus.oralis_G
2026-05-21 13:49:04.473873 INFO::Fitting model to feature number 590, s__Streptococcus.oralis_B
2026-05-21 13:49:04.477507 INFO::Fitting model to feature number 591, s__Streptococcus.infantis_C
2026-05-21 13:49:04.507726 INFO::Fitting model to feature number 592, s__Streptococcus.oralis_BK
2026-05-21 13:49:04.51101 INFO::Fitting model to feature number 593, s__Streptococcus.infantis_F
2026-05-21 13:49:04.525254 INFO::Fitting model to feature number 594, s__Streptococcus.oralis_X
2026-05-21 13:49:04.528611 INFO::Fitting model to feature number 595, s__Streptococcus.oralis_AB
2026-05-21 13:49:04.532014 INFO::Fitting model to feature number 596, s__Streptococcus.oralis_F
2026-05-21 13:49:04.536135 INFO::Fitting model to feature number 597, s__Streptococcus.oralis_C
2026-05-21 13:49:04.539459 INFO::Fitting model to feature number 598, s__Streptococcus.oralis_S
2026-05-21 13:49:04.542735 INFO::Fitting model to feature number 599, s__Streptococcus.halitosis.1
2026-05-21 13:49:04.545928 INFO::Fitting model to feature number 600, s__Streptococcus.gwangjuense
2026-05-21 13:49:04.549204 INFO::Fitting model to feature number 601, s__Streptococcus.oralis_BE
2026-05-21 13:49:04.552486 INFO::Fitting model to feature number 602, s__Streptococcus.sp905371745
2026-05-21 13:49:04.572175 INFO::Fitting model to feature number 603, s__Streptococcus.oralis_BC.2
2026-05-21 13:49:04.575526 INFO::Fitting model to feature number 604, s__Streptococcus.oralis_G.1
2026-05-21 13:49:04.578824 INFO::Fitting model to feature number 605, s__Streptococcus.oralis_J
2026-05-21 13:49:04.58207 INFO::Fitting model to feature number 606, s__Streptococcus.oralis_BF
2026-05-21 13:49:04.58537 INFO::Fitting model to feature number 607, s__Streptococcus.oralis_BJ
2026-05-21 13:49:04.612874 INFO::Fitting model to feature number 608, s__Streptococcus.oralis_BH
2026-05-21 13:49:04.616139 INFO::Fitting model to feature number 609, s__Streptococcus.oralis_BI
2026-05-21 13:49:04.619501 INFO::Fitting model to feature number 610, s__Streptococcus.mitis_AI
2026-05-21 13:49:04.622772 INFO::Fitting model to feature number 611, s__Streptococcus.mitis_AX
2026-05-21 13:49:04.64505 INFO::Fitting model to feature number 612, s__Streptococcus.mitis_BT
2026-05-21 13:49:04.648435 INFO::Fitting model to feature number 613, s__Streptococcus.oralis.2
2026-05-21 13:49:04.651714 INFO::Fitting model to feature number 614, s__Streptococcus.mitis_BM
2026-05-21 13:49:04.65495 INFO::Fitting model to feature number 615, s__Streptococcus.mitis_BS
2026-05-21 13:49:04.658185 INFO::Fitting model to feature number 616, s__HROM_Genome_2178
2026-05-21 13:49:04.661409 INFO::Fitting model to feature number 617, s__Streptococcus.mitis_BB
2026-05-21 13:49:04.664672 INFO::Fitting model to feature number 618, s__Streptococcus.infantis_H
2026-05-21 13:49:04.667951 INFO::Fitting model to feature number 619, s__Streptococcus.infantis_I
2026-05-21 13:49:04.671395 INFO::Fitting model to feature number 620, s__HROM_Genome_2183
2026-05-21 13:49:04.674824 INFO::Fitting model to feature number 621, s__Streptococcus.mitis_BO
2026-05-21 13:49:04.678084 INFO::Fitting model to feature number 622, s__HROM_Genome_2185
2026-05-21 13:49:04.681312 INFO::Fitting model to feature number 623, s__Streptococcus.mitis_AC
2026-05-21 13:49:04.684697 INFO::Fitting model to feature number 624, s__Streptococcus.mitis_BN
2026-05-21 13:49:04.687912 INFO::Fitting model to feature number 625, s__Streptococcus.mitis_AD
2026-05-21 13:49:04.691212 INFO::Fitting model to feature number 626, s__HROM_Genome_2190
2026-05-21 13:49:04.694459 INFO::Fitting model to feature number 627, s__HROM_Genome_2191
2026-05-21 13:49:04.740759 INFO::Fitting model to feature number 628, s__HROM_Genome_2192
2026-05-21 13:49:04.745212 INFO::Fitting model to feature number 629, s__Streptococcus.mitis_AV
2026-05-21 13:49:04.748496 INFO::Fitting model to feature number 630, s__HROM_Genome_2198
2026-05-21 13:49:04.751769 INFO::Fitting model to feature number 631, s__HROM_Genome_2199
2026-05-21 13:49:04.755049 INFO::Fitting model to feature number 632, s__Streptococcus.mitis_N
2026-05-21 13:49:04.758319 INFO::Fitting model to feature number 633, s__Streptococcus.mitis_BQ
2026-05-21 13:49:04.761909 INFO::Fitting model to feature number 634, s__Streptococcus.mitis_AK
2026-05-21 13:49:04.765196 INFO::Fitting model to feature number 635, s__Streptococcus.peroris
2026-05-21 13:49:04.768457 INFO::Fitting model to feature number 636, s__Streptococcus.mitis_BB.1
2026-05-21 13:49:04.77186 INFO::Fitting model to feature number 637, s__Streptococcus.mitis_P
2026-05-21 13:49:04.775508 INFO::Fitting model to feature number 638, s__HROM_Genome_2214
2026-05-21 13:49:04.778838 INFO::Fitting model to feature number 639, s__Streptococcus.oralis.3
2026-05-21 13:49:04.782403 INFO::Fitting model to feature number 640, s__HROM_Genome_2217
2026-05-21 13:49:04.78574 INFO::Fitting model to feature number 641, s__Streptococcus.mitis_Y
2026-05-21 13:49:04.803051 INFO::Fitting model to feature number 642, s__Streptococcus.pseudopneumoniae_C
2026-05-21 13:49:04.834914 INFO::Fitting model to feature number 643, s__HROM_Genome_2221
2026-05-21 13:49:04.841744 INFO::Fitting model to feature number 644, s__HROM_Genome_2223
2026-05-21 13:49:04.84501 INFO::Fitting model to feature number 645, s__HROM_Genome_2224
2026-05-21 13:49:04.848314 INFO::Fitting model to feature number 646, s__Streptococcus.oralis_BD
2026-05-21 13:49:04.851672 INFO::Fitting model to feature number 647, s__HROM_Genome_2228
2026-05-21 13:49:04.855058 INFO::Fitting model to feature number 648, s__Streptococcus.sp000411475
2026-05-21 13:49:04.858768 INFO::Fitting model to feature number 649, s__HROM_Genome_2231
2026-05-21 13:49:04.862093 INFO::Fitting model to feature number 650, s__HROM_Genome_2232
2026-05-21 13:49:04.890905 INFO::Fitting model to feature number 651, s__HROM_Genome_2234
2026-05-21 13:49:04.902507 INFO::Fitting model to feature number 652, s__HROM_Genome_2235
2026-05-21 13:49:04.908115 INFO::Fitting model to feature number 653, s__Streptococcus.sp000187745
2026-05-21 13:49:04.957984 INFO::Fitting model to feature number 654, s__Streptococcus.sp901875575
2026-05-21 13:49:04.961255 INFO::Fitting model to feature number 655, s__HROM_Genome_2244
2026-05-21 13:49:04.964511 INFO::Fitting model to feature number 656, s__HROM_Genome_2245
2026-05-21 13:49:04.967782 INFO::Fitting model to feature number 657, s__HROM_Genome_2246
2026-05-21 13:49:04.971051 INFO::Fitting model to feature number 658, s__HROM_Genome_2247
2026-05-21 13:49:04.974413 INFO::Fitting model to feature number 659, s__Streptococcus.chosunense
2026-05-21 13:49:04.977653 INFO::Fitting model to feature number 660, s__HROM_Genome_2250
2026-05-21 13:49:04.980915 INFO::Fitting model to feature number 661, s__Streptococcus.mitis_Q
2026-05-21 13:49:04.984161 INFO::Fitting model to feature number 662, s__HROM_Genome_2255
2026-05-21 13:49:04.987463 INFO::Fitting model to feature number 663, s__Streptococcus.mitis_Q.1
2026-05-21 13:49:04.990972 INFO::Fitting model to feature number 664, s__HROM_Genome_2259
2026-05-21 13:49:04.994435 INFO::Fitting model to feature number 665, s__HROM_Genome_2262
2026-05-21 13:49:04.997661 INFO::Fitting model to feature number 666, s__HROM_Genome_2273
2026-05-21 13:49:05.000974 INFO::Fitting model to feature number 667, s__HROM_Genome_2274
2026-05-21 13:49:05.041246 INFO::Fitting model to feature number 668, s__Streptococcus.oralis_C.1
2026-05-21 13:49:05.065648 INFO::Fitting model to feature number 669, s__Streptococcus.oralis_Y
2026-05-21 13:49:05.071462 INFO::Fitting model to feature number 670, s__HROM_Genome_2283
2026-05-21 13:49:05.074774 INFO::Fitting model to feature number 671, s__Streptococcus.oralis_Z
2026-05-21 13:49:05.078025 INFO::Fitting model to feature number 672, s__HROM_Genome_2287
2026-05-21 13:49:05.081283 INFO::Fitting model to feature number 673, s__HROM_Genome_2291
2026-05-21 13:49:05.084749 INFO::Fitting model to feature number 674, s__HROM_Genome_2293
2026-05-21 13:49:05.089907 INFO::Fitting model to feature number 675, s__HROM_Genome_2298
2026-05-21 13:49:05.093222 INFO::Fitting model to feature number 676, s__Streptococcus.sp905221435
2026-05-21 13:49:05.096509 INFO::Fitting model to feature number 677, s__Streptococcus.dentisani
2026-05-21 13:49:05.099754 INFO::Fitting model to feature number 678, s__Streptococcus.oralis_BM
2026-05-21 13:49:05.103026 INFO::Fitting model to feature number 679, s__HROM_Genome_2309
2026-05-21 13:49:05.112041 INFO::Fitting model to feature number 680, s__Streptococcus.dentisani.1
2026-05-21 13:49:05.126225 INFO::Fitting model to feature number 681, s__HROM_Genome_2312
2026-05-21 13:49:05.130319 INFO::Fitting model to feature number 682, s__Streptococcus.oralis_BA
2026-05-21 13:49:05.13432 INFO::Fitting model to feature number 683, s__HROM_Genome_2315
2026-05-21 13:49:05.137986 INFO::Fitting model to feature number 684, s__HROM_Genome_2317
2026-05-21 13:49:05.141766 INFO::Fitting model to feature number 685, s__HROM_Genome_2319
2026-05-21 13:49:05.173797 INFO::Fitting model to feature number 686, s__HROM_Genome_2320
2026-05-21 13:49:05.177533 INFO::Fitting model to feature number 687, s__HROM_Genome_2322
2026-05-21 13:49:05.181521 INFO::Fitting model to feature number 688, s__HROM_Genome_2324
2026-05-21 13:49:05.185383 INFO::Fitting model to feature number 689, s__HROM_Genome_2325
2026-05-21 13:49:05.189001 INFO::Fitting model to feature number 690, s__HROM_Genome_2326
2026-05-21 13:49:05.192685 INFO::Fitting model to feature number 691, s__HROM_Genome_2327
2026-05-21 13:49:05.196233 INFO::Fitting model to feature number 692, s__Streptococcus.sp900550895
2026-05-21 13:49:05.199947 INFO::Fitting model to feature number 693, s__HROM_Genome_2334
2026-05-21 13:49:05.203575 INFO::Fitting model to feature number 694, s__HROM_Genome_2337
2026-05-21 13:49:05.207171 INFO::Fitting model to feature number 695, s__Streptococcus.mitis_O
2026-05-21 13:49:05.210748 INFO::Fitting model to feature number 696, s__HROM_Genome_2342
2026-05-21 13:49:05.230853 INFO::Fitting model to feature number 697, s__Streptococcus.timonensis
2026-05-21 13:49:05.234379 INFO::Fitting model to feature number 698, s__Streptococcus.oralis_AD
2026-05-21 13:49:05.237955 INFO::Fitting model to feature number 699, s__HROM_Genome_2347
2026-05-21 13:49:05.241459 INFO::Fitting model to feature number 700, s__Streptococcus.mitis_AZ
2026-05-21 13:49:05.244984 INFO::Fitting model to feature number 701, s__HROM_Genome_2351
2026-05-21 13:49:05.248488 INFO::Fitting model to feature number 702, s__HROM_Genome_2354
2026-05-21 13:49:05.252046 INFO::Fitting model to feature number 703, s__HROM_Genome_2355
2026-05-21 13:49:05.255595 INFO::Fitting model to feature number 704, s__HROM_Genome_2357
2026-05-21 13:49:05.259069 INFO::Fitting model to feature number 705, s__HROM_Genome_2358
2026-05-21 13:49:05.269096 INFO::Fitting model to feature number 706, s__Streptococcus.mitis_AH
2026-05-21 13:49:05.272776 INFO::Fitting model to feature number 707, s__HROM_Genome_2360
2026-05-21 13:49:05.307202 INFO::Fitting model to feature number 708, s__Streptococcus.chosunense.1
2026-05-21 13:49:05.319388 INFO::Fitting model to feature number 709, s__Streptococcus.mitis_AF
2026-05-21 13:49:05.323093 INFO::Fitting model to feature number 710, s__HROM_Genome_2365
2026-05-21 13:49:05.326744 INFO::Fitting model to feature number 711, s__HROM_Genome_2371
2026-05-21 13:49:05.330209 INFO::Fitting model to feature number 712, s__Streptococcus.oralis_N
2026-05-21 13:49:05.333728 INFO::Fitting model to feature number 713, s__Streptococcus.infantis_I.1
2026-05-21 13:49:05.337231 INFO::Fitting model to feature number 714, s__Streptococcus.oralis_T
2026-05-21 13:49:05.340904 INFO::Fitting model to feature number 715, s__Streptococcus.sp905372925
2026-05-21 13:49:05.344451 INFO::Fitting model to feature number 716, s__Streptococcus.mitis_BJ
2026-05-21 13:49:05.348221 INFO::Fitting model to feature number 717, s__Streptococcus.oralis_T.1
2026-05-21 13:49:05.398651 INFO::Fitting model to feature number 718, s__Streptococcus.oralis_F.1
2026-05-21 13:49:05.416496 INFO::Fitting model to feature number 719, s__HROM_Genome_2386
2026-05-21 13:49:05.41987 INFO::Fitting model to feature number 720, s__HROM_Genome_2388
2026-05-21 13:49:05.423144 INFO::Fitting model to feature number 721, s__HROM_Genome_2389
2026-05-21 13:49:05.426438 INFO::Fitting model to feature number 722, s__HROM_Genome_2392
2026-05-21 13:49:05.429708 INFO::Fitting model to feature number 723, s__HROM_Genome_2395
2026-05-21 13:49:05.432955 INFO::Fitting model to feature number 724, s__Streptococcus.mitis_AC.1
2026-05-21 13:49:05.436262 INFO::Fitting model to feature number 725, s__Streptococcus.mitis_E
2026-05-21 13:49:05.439512 INFO::Fitting model to feature number 726, s__HROM_Genome_2405
2026-05-21 13:49:05.442823 INFO::Fitting model to feature number 727, s__HROM_Genome_2406
2026-05-21 13:49:05.446128 INFO::Fitting model to feature number 728, s__HROM_Genome_2410
2026-05-21 13:49:05.449435 INFO::Fitting model to feature number 729, s__HROM_Genome_2411
2026-05-21 13:49:05.452687 INFO::Fitting model to feature number 730, s__Streptococcus.pseudopneumoniae_A
2026-05-21 13:49:05.456007 INFO::Fitting model to feature number 731, s__Streptococcus.mitis_I
2026-05-21 13:49:05.459273 INFO::Fitting model to feature number 732, s__Streptococcus.sp001808705
2026-05-21 13:49:05.462565 INFO::Fitting model to feature number 733, s__Streptococcus.mitis_H
2026-05-21 13:49:05.465858 INFO::Fitting model to feature number 734, s__HROM_Genome_2419
2026-05-21 13:49:05.4691 INFO::Fitting model to feature number 735, s__Streptococcus.sp001808705.1
2026-05-21 13:49:05.472341 INFO::Fitting model to feature number 736, s__HROM_Genome_2421
2026-05-21 13:49:05.492718 INFO::Fitting model to feature number 737, s__HROM_Genome_2422
2026-05-21 13:49:05.496017 INFO::Fitting model to feature number 738, s__HROM_Genome_2424
2026-05-21 13:49:05.499314 INFO::Fitting model to feature number 739, s__Streptococcus.mitis_C
2026-05-21 13:49:05.502589 INFO::Fitting model to feature number 740, s__Streptococcus.sp001808705.2
2026-05-21 13:49:05.505791 INFO::Fitting model to feature number 741, s__HROM_Genome_2428
2026-05-21 13:49:05.509057 INFO::Fitting model to feature number 742, s__HROM_Genome_2429
2026-05-21 13:49:05.512326 INFO::Fitting model to feature number 743, s__HROM_Genome_2434
2026-05-21 13:49:05.539716 INFO::Fitting model to feature number 744, s__HROM_Genome_2435
2026-05-21 13:49:05.543004 INFO::Fitting model to feature number 745, s__HROM_Genome_2437
2026-05-21 13:49:05.551817 INFO::Fitting model to feature number 746, s__HROM_Genome_2439
2026-05-21 13:49:05.555193 INFO::Fitting model to feature number 747, s__Streptococcus.mitis_AZ.1
2026-05-21 13:49:05.564831 INFO::Fitting model to feature number 748, s__Streptococcus.oralis_BO
2026-05-21 13:49:05.568741 INFO::Fitting model to feature number 749, s__Streptococcus.oralis_Y.1
2026-05-21 13:49:05.572016 INFO::Fitting model to feature number 750, s__HROM_Genome_2443
2026-05-21 13:49:05.57533 INFO::Fitting model to feature number 751, s__HROM_Genome_2444
2026-05-21 13:49:05.578722 INFO::Fitting model to feature number 752, s__Streptococcus.oralis_AD.1
2026-05-21 13:49:05.630127 INFO::Fitting model to feature number 753, s__HROM_Genome_2448
2026-05-21 13:49:05.663906 INFO::Fitting model to feature number 754, s__Streptococcus.oralis_AC.1
2026-05-21 13:49:05.667312 INFO::Fitting model to feature number 755, s__Streptococcus.oralis.4
2026-05-21 13:49:05.670651 INFO::Fitting model to feature number 756, s__HROM_Genome_2454
2026-05-21 13:49:05.674055 INFO::Fitting model to feature number 757, s__Streptococcus.oralis_Y.2
2026-05-21 13:49:05.677304 INFO::Fitting model to feature number 758, s__HROM_Genome_2458
2026-05-21 13:49:05.680737 INFO::Fitting model to feature number 759, s__HROM_Genome_2460
2026-05-21 13:49:05.684097 INFO::Fitting model to feature number 760, s__HROM_Genome_2463
2026-05-21 13:49:05.687388 INFO::Fitting model to feature number 761, s__HROM_Genome_2464
2026-05-21 13:49:05.690724 INFO::Fitting model to feature number 762, s__HROM_Genome_2465
2026-05-21 13:49:05.693993 INFO::Fitting model to feature number 763, s__HROM_Genome_2466
2026-05-21 13:49:05.697385 INFO::Fitting model to feature number 764, s__HROM_Genome_2467
2026-05-21 13:49:05.700742 INFO::Fitting model to feature number 765, s__HROM_Genome_2469
2026-05-21 13:49:05.704141 INFO::Fitting model to feature number 766, s__HROM_Genome_2470
2026-05-21 13:49:05.72136 INFO::Fitting model to feature number 767, s__Streptococcus.sp000235485
2026-05-21 13:49:05.724739 INFO::Fitting model to feature number 768, s__Streptococcus.mitis_AY
2026-05-21 13:49:05.728037 INFO::Fitting model to feature number 769, s__Streptococcus.sp001553685
2026-05-21 13:49:05.731604 INFO::Fitting model to feature number 770, s__Streptococcus.sp013394695
2026-05-21 13:49:05.735222 INFO::Fitting model to feature number 771, s__Streptococcus.mitis_BD
2026-05-21 13:49:05.738549 INFO::Fitting model to feature number 772, s__Streptococcus.mitis_BI
2026-05-21 13:49:05.741835 INFO::Fitting model to feature number 773, s__Streptococcus.mitis_BC
2026-05-21 13:49:05.745181 INFO::Fitting model to feature number 774, s__Streptococcus.mitis_BK
2026-05-21 13:49:05.748428 INFO::Fitting model to feature number 775, s__HROM_Genome_2482
2026-05-21 13:49:05.751756 INFO::Fitting model to feature number 776, s__HROM_Genome_2483
2026-05-21 13:49:05.755021 INFO::Fitting model to feature number 777, s__HROM_Genome_2485
2026-05-21 13:49:05.758352 INFO::Fitting model to feature number 778, s__HROM_Genome_2491
2026-05-21 13:49:05.761604 INFO::Fitting model to feature number 779, s__HROM_Genome_2492
2026-05-21 13:49:05.764873 INFO::Fitting model to feature number 780, s__Streptococcus.intermedius
2026-05-21 13:49:05.768117 INFO::Fitting model to feature number 781, s__Streptococcus.constellatus
2026-05-21 13:49:05.771923 INFO::Fitting model to feature number 782, s__Streptococcus.anginosus
2026-05-21 13:49:05.775358 INFO::Fitting model to feature number 783, s__Streptococcus.anginosus_C
2026-05-21 13:49:05.7787 INFO::Fitting model to feature number 784, s__Streptococcus.sanguinis
2026-05-21 13:49:05.782014 INFO::Fitting model to feature number 785, s__Streptococcus.cristatus_C
2026-05-21 13:49:05.785388 INFO::Fitting model to feature number 786, s__Streptococcus.sanguinis_F
2026-05-21 13:49:05.788709 INFO::Fitting model to feature number 787, s__Streptococcus.sanguinis_C
2026-05-21 13:49:05.798554 INFO::Fitting model to feature number 788, s__Streptococcus.cristatus
2026-05-21 13:49:05.834243 INFO::Fitting model to feature number 789, s__Streptococcus.gordonii
2026-05-21 13:49:05.839817 INFO::Fitting model to feature number 790, s__Streptococcus.cristatus.1
2026-05-21 13:49:05.843136 INFO::Fitting model to feature number 791, s__Streptococcus.sanguinis_G
2026-05-21 13:49:05.855245 INFO::Fitting model to feature number 792, s__Streptococcus.cristatus_C.1
2026-05-21 13:49:05.858709 INFO::Fitting model to feature number 793, s__Streptococcus.cristatus_E
2026-05-21 13:49:05.862098 INFO::Fitting model to feature number 794, s__Streptococcus.cristatus_D
2026-05-21 13:49:05.872388 INFO::Fitting model to feature number 795, s__Streptococcus.sanguinis_E
2026-05-21 13:49:05.875741 INFO::Fitting model to feature number 796, s__Streptococcus.cristatus_F
2026-05-21 13:49:05.879286 INFO::Fitting model to feature number 797, s__Streptococcus.cristatus_B
2026-05-21 13:49:05.882864 INFO::Fitting model to feature number 798, s__Streptococcus.sinensis
2026-05-21 13:49:05.886189 INFO::Fitting model to feature number 799, s__HROM_Genome_2524
2026-05-21 13:49:05.889466 INFO::Fitting model to feature number 800, s__HROM_Genome_2527
2026-05-21 13:49:05.893117 INFO::Fitting model to feature number 801, s__Streptococcus.sp000220065
2026-05-21 13:49:05.896593 INFO::Fitting model to feature number 802, s__HROM_Genome_2530
2026-05-21 13:49:05.9055 INFO::Fitting model to feature number 803, s__HROM_Genome_2531
2026-05-21 13:49:05.908866 INFO::Fitting model to feature number 804, s__Streptococcus.sp902460355
2026-05-21 13:49:05.912185 INFO::Fitting model to feature number 805, s__Streptococcus.sp902460355.1
2026-05-21 13:49:05.93038 INFO::Fitting model to feature number 806, s__Streptococcus.sanguinis_A
2026-05-21 13:49:05.93423 INFO::Fitting model to feature number 807, s__HROM_Genome_2539
2026-05-21 13:49:05.937792 INFO::Fitting model to feature number 808, s__HROM_Genome_2541
2026-05-21 13:49:05.941126 INFO::Fitting model to feature number 809, s__HROM_Genome_2544
2026-05-21 13:49:05.944386 INFO::Fitting model to feature number 810, s__Streptococcus.sobrinus
2026-05-21 13:49:05.947753 INFO::Fitting model to feature number 811, s__Streptococcus.dysgalactiae
2026-05-21 13:49:05.951303 INFO::Fitting model to feature number 812, s__Streptococcus.agalactiae
2026-05-21 13:49:05.95503 INFO::Fitting model to feature number 813, s__Streptococcus.mutans
2026-05-21 13:49:05.958446 INFO::Fitting model to feature number 814, s__Abiotrophia.defectiva
2026-05-21 13:49:05.962051 INFO::Fitting model to feature number 815, s__Abiotrophia.sp001815865
2026-05-21 13:49:05.965412 INFO::Fitting model to feature number 816, s__HROM_Genome_2562
2026-05-21 13:49:05.972616 INFO::Fitting model to feature number 817, s__Lactiplantibacillus.plantarum
2026-05-21 13:49:05.975906 INFO::Fitting model to feature number 818, s__Granulicatella.elegans
2026-05-21 13:49:05.979262 INFO::Fitting model to feature number 819, s__HROM_Genome_2573
2026-05-21 13:49:05.982538 INFO::Fitting model to feature number 820, s__HROM_Genome_2574
2026-05-21 13:49:05.985919 INFO::Fitting model to feature number 821, s__HROM_Genome_2575
2026-05-21 13:49:05.989342 INFO::Fitting model to feature number 822, s__HROM_Genome_2576
2026-05-21 13:49:05.999981 INFO::Fitting model to feature number 823, s__Granulicatella.elegans.1
2026-05-21 13:49:06.003363 INFO::Fitting model to feature number 824, s__HROM_Genome_2578
2026-05-21 13:49:06.006778 INFO::Fitting model to feature number 825, s__HROM_Genome_2582
2026-05-21 13:49:06.010042 INFO::Fitting model to feature number 826, s__HROM_Genome_2583
2026-05-21 13:49:06.013363 INFO::Fitting model to feature number 827, s__HROM_Genome_2585
2026-05-21 13:49:06.02317 INFO::Fitting model to feature number 828, s__Granulicatella.sp001058355
2026-05-21 13:49:06.026982 INFO::Fitting model to feature number 829, s__Granulicatella.adiacens
2026-05-21 13:49:06.030402 INFO::Fitting model to feature number 830, s__HROM_Genome_2591
2026-05-21 13:49:06.033739 INFO::Fitting model to feature number 831, s__Granulicatella.adiacens_A
2026-05-21 13:49:06.037103 INFO::Fitting model to feature number 832, s__Granulicatella.sp001071995
2026-05-21 13:49:06.040417 INFO::Fitting model to feature number 833, s__HROM_Genome_2598
2026-05-21 13:49:06.043878 INFO::Fitting model to feature number 834, s__HROM_Genome_2600
2026-05-21 13:49:06.067201 INFO::Fitting model to feature number 835, s__Granulicatella.sp900551535
2026-05-21 13:49:06.070577 INFO::Fitting model to feature number 836, s__HROM_Genome_2604
2026-05-21 13:49:06.073929 INFO::Fitting model to feature number 837, s__Granulicatella.adiacens_A.1
2026-05-21 13:49:06.077338 INFO::Fitting model to feature number 838, s__HROM_Genome_2606
2026-05-21 13:49:06.080702 INFO::Fitting model to feature number 839, s__HROM_Genome_2617
2026-05-21 13:49:06.09014 INFO::Fitting model to feature number 840, s__HROM_Genome_2618
2026-05-21 13:49:06.112858 INFO::Fitting model to feature number 841, s__Granulicatella.sp905371865
2026-05-21 13:49:06.116271 INFO::Fitting model to feature number 842, s__HROM_Genome_2622
2026-05-21 13:49:06.119866 INFO::Fitting model to feature number 843, s__HROM_Genome_2624
2026-05-21 13:49:06.123098 INFO::Fitting model to feature number 844, s__Lacticaseibacillus.rhamnosus
2026-05-21 13:49:06.126944 INFO::Fitting model to feature number 845, s__Lacticaseibacillus.paracasei
2026-05-21 13:49:06.130246 INFO::Fitting model to feature number 846, s__HROM_Genome_2639
2026-05-21 13:49:06.133515 INFO::Fitting model to feature number 847, s__Metamycoplasma.orale
2026-05-21 13:49:06.136882 INFO::Fitting model to feature number 848, s__Metamycoplasma.salivarium
2026-05-21 13:49:06.165366 INFO::Fitting model to feature number 849, s__HROM_Genome_2646
2026-05-21 13:49:06.190657 INFO::Fitting model to feature number 850, s__HROM_Genome_2654
2026-05-21 13:49:06.204546 INFO::Fitting model to feature number 851, s__CAJPPJ01.sp905372515
2026-05-21 13:49:06.207815 INFO::Fitting model to feature number 852, s__HROM_Genome_2656
2026-05-21 13:49:06.211005 INFO::Fitting model to feature number 853, s__HROM_Genome_2657
2026-05-21 13:49:06.214628 INFO::Fitting model to feature number 854, s__HROM_Genome_2658
2026-05-21 13:49:06.218166 INFO::Fitting model to feature number 855, s__Gemella.morbillorum
2026-05-21 13:49:06.222357 INFO::Fitting model to feature number 856, s__Gemella.sanguinis
2026-05-21 13:49:06.225699 INFO::Fitting model to feature number 857, s__HROM_Genome_2666
2026-05-21 13:49:06.229653 INFO::Fitting model to feature number 858, s__Gemella.sp900555985
2026-05-21 13:49:06.23289 INFO::Fitting model to feature number 859, s__Gemella.sp900766305
2026-05-21 13:49:06.236166 INFO::Fitting model to feature number 860, s__HROM_Genome_2669
2026-05-21 13:49:06.239334 INFO::Fitting model to feature number 861, s__Gemella.haemolysans_B
2026-05-21 13:49:06.242544 INFO::Fitting model to feature number 862, s__HROM_Genome_2671
2026-05-21 13:49:06.245743 INFO::Fitting model to feature number 863, s__HROM_Genome_2672
2026-05-21 13:49:06.248955 INFO::Fitting model to feature number 864, s__HROM_Genome_2673
2026-05-21 13:49:06.252211 INFO::Fitting model to feature number 865, s__HROM_Genome_2675
2026-05-21 13:49:06.255848 INFO::Fitting model to feature number 866, s__Gemella.haemolysans_A
2026-05-21 13:49:06.259336 INFO::Fitting model to feature number 867, s__HROM_Genome_2678
2026-05-21 13:49:06.269598 INFO::Fitting model to feature number 868, s__HROM_Genome_2679
2026-05-21 13:49:06.273085 INFO::Fitting model to feature number 869, s__Gemella.sp002871655
2026-05-21 13:49:06.276339 INFO::Fitting model to feature number 870, s__HROM_Genome_2681
2026-05-21 13:49:06.279559 INFO::Fitting model to feature number 871, s__HROM_Genome_2682
2026-05-21 13:49:06.28286 INFO::Fitting model to feature number 872, s__HROM_Genome_2683
2026-05-21 13:49:06.2862 INFO::Fitting model to feature number 873, s__HROM_Genome_2690
2026-05-21 13:49:06.289536 INFO::Fitting model to feature number 874, s__HROM_Genome_2691
2026-05-21 13:49:06.292862 INFO::Fitting model to feature number 875, s__HROM_Genome_2693
2026-05-21 13:49:06.296165 INFO::Fitting model to feature number 876, s__Staphylococcus.aureus
2026-05-21 13:49:06.309979 INFO::Fitting model to feature number 877, s__Staphylococcus.epidermidis
2026-05-21 13:49:06.313637 INFO::Fitting model to feature number 878, s__CAJPQU01.sp905373705
2026-05-21 13:49:06.317087 INFO::Fitting model to feature number 879, s__CAJPQU01.sp905372875
2026-05-21 13:49:06.321049 INFO::Fitting model to feature number 880, s__HROM_Genome_2711
2026-05-21 13:49:06.335592 INFO::Fitting model to feature number 881, s__Mitsuokella.sp000469545
2026-05-21 13:49:06.338833 INFO::Fitting model to feature number 882, s__Selenomonas.sp905372355
2026-05-21 13:49:06.342214 INFO::Fitting model to feature number 883, s__HROM_Genome_2716
2026-05-21 13:49:06.345601 INFO::Fitting model to feature number 884, s__Selenomonas.sp905373085
2026-05-21 13:49:06.348905 INFO::Fitting model to feature number 885, s__HROM_Genome_2719
2026-05-21 13:49:06.352243 INFO::Fitting model to feature number 886, s__Centipeda.artemidis
2026-05-21 13:49:06.355609 INFO::Fitting model to feature number 887, s__HROM_Genome_2723
2026-05-21 13:49:06.358901 INFO::Fitting model to feature number 888, s__Centipeda.sp000318175
2026-05-21 13:49:06.362183 INFO::Fitting model to feature number 889, s__Centipeda.noxia
2026-05-21 13:49:06.365484 INFO::Fitting model to feature number 890, s__Centipeda.sp015265235
2026-05-21 13:49:06.368751 INFO::Fitting model to feature number 891, s__HROM_Genome_2729
2026-05-21 13:49:06.372005 INFO::Fitting model to feature number 892, s__Centipeda.sp905372865
2026-05-21 13:49:06.37535 INFO::Fitting model to feature number 893, s__HROM_Genome_2731
2026-05-21 13:49:06.378577 INFO::Fitting model to feature number 894, s__Centipeda.massiliensis
2026-05-21 13:49:06.381815 INFO::Fitting model to feature number 895, s__HROM_Genome_2734
2026-05-21 13:49:06.385079 INFO::Fitting model to feature number 896, s__Centipeda.flueggei
2026-05-21 13:49:06.388864 INFO::Fitting model to feature number 897, s__Centipeda.felix
2026-05-21 13:49:06.392154 INFO::Fitting model to feature number 898, s__Centipeda.sp001683335
2026-05-21 13:49:06.395736 INFO::Fitting model to feature number 899, s__Centipeda.periodontii
2026-05-21 13:49:06.399017 INFO::Fitting model to feature number 900, s__Centipeda.sp000468035
2026-05-21 13:49:06.402215 INFO::Fitting model to feature number 901, s__HROM_Genome_2741
2026-05-21 13:49:06.405481 INFO::Fitting model to feature number 902, s__Centipeda.infelix
2026-05-21 13:49:06.426121 INFO::Fitting model to feature number 903, s__Centipeda.sp000286455
2026-05-21 13:49:06.433338 INFO::Fitting model to feature number 904, s__Centipeda.sp001717585
2026-05-21 13:49:06.436628 INFO::Fitting model to feature number 905, s__HROM_Genome_2747
2026-05-21 13:49:06.439885 INFO::Fitting model to feature number 906, s__HROM_Genome_2749
2026-05-21 13:49:06.453979 INFO::Fitting model to feature number 907, s__HROM_Genome_2750
2026-05-21 13:49:06.458766 INFO::Fitting model to feature number 908, s__Veillonella.sp900550455
2026-05-21 13:49:06.462207 INFO::Fitting model to feature number 909, s__Veillonella.sp900549805
2026-05-21 13:49:06.491997 INFO::Fitting model to feature number 910, s__Allisonella.pneumosintes
2026-05-21 13:49:06.496235 INFO::Fitting model to feature number 911, s__F0422.sp001553345
2026-05-21 13:49:06.499877 INFO::Fitting model to feature number 912, s__HROM_Genome_2759
2026-05-21 13:49:06.50316 INFO::Fitting model to feature number 913, s__F0422.sp900766245
2026-05-21 13:49:06.506567 INFO::Fitting model to feature number 914, s__F0422.sp003999875
2026-05-21 13:49:06.509833 INFO::Fitting model to feature number 915, s__F0422.sp003992005
2026-05-21 13:49:06.51313 INFO::Fitting model to feature number 916, s__Veillonella.tobetsuensis
2026-05-21 13:49:06.516424 INFO::Fitting model to feature number 917, s__Veillonella.atypica
2026-05-21 13:49:06.519713 INFO::Fitting model to feature number 918, s__Veillonella.rogosae
2026-05-21 13:49:06.522982 INFO::Fitting model to feature number 919, s__Veillonella.nakazawae
2026-05-21 13:49:06.540994 INFO::Fitting model to feature number 920, s__Veillonella.sp002959755
2026-05-21 13:49:06.544357 INFO::Fitting model to feature number 921, s__Veillonella.parvula_A
2026-05-21 13:49:06.54766 INFO::Fitting model to feature number 922, s__Veillonella.infantium
2026-05-21 13:49:06.551023 INFO::Fitting model to feature number 923, s__Veillonella.dispar
2026-05-21 13:49:06.554327 INFO::Fitting model to feature number 924, s__Veillonella.sp902834965
2026-05-21 13:49:06.557649 INFO::Fitting model to feature number 925, s__Veillonella.dispar.1
2026-05-21 13:49:06.560988 INFO::Fitting model to feature number 926, s__Veillonella.sp900552445
2026-05-21 13:49:06.564326 INFO::Fitting model to feature number 927, s__Veillonella.sp900550175
2026-05-21 13:49:06.567601 INFO::Fitting model to feature number 928, s__Veillonella.sp018367495
2026-05-21 13:49:06.57094 INFO::Fitting model to feature number 929, s__HROM_Genome_2826
2026-05-21 13:49:06.574188 INFO::Fitting model to feature number 930, s__Veillonella.sp900757715
2026-05-21 13:49:06.577406 INFO::Fitting model to feature number 931, s__HROM_Genome_2831
2026-05-21 13:49:06.58063 INFO::Fitting model to feature number 932, s__HROM_Genome_2832
2026-05-21 13:49:06.583876 INFO::Fitting model to feature number 933, s__HROM_Genome_2833
2026-05-21 13:49:06.587134 INFO::Fitting model to feature number 934, s__Veillonella.sp003463825
2026-05-21 13:49:06.590401 INFO::Fitting model to feature number 935, s__Veillonella.dispar.2
2026-05-21 13:49:06.593739 INFO::Fitting model to feature number 936, s__Veillonella.dispar.3
2026-05-21 13:49:06.59703 INFO::Fitting model to feature number 937, s__Veillonella.sp905209685
2026-05-21 13:49:06.600321 INFO::Fitting model to feature number 938, s__HROM_Genome_2847
2026-05-21 13:49:06.629339 INFO::Fitting model to feature number 939, s__Anaeroglobus.micronuciformis
2026-05-21 13:49:06.65099 INFO::Fitting model to feature number 940, s__Anaeroglobus.geminatus
2026-05-21 13:49:06.679368 INFO::Fitting model to feature number 941, s__Dialister.invisus
2026-05-21 13:49:06.682713 INFO::Fitting model to feature number 942, s__Leptotrichia.sp013394795
2026-05-21 13:49:06.685936 INFO::Fitting model to feature number 943, s__Leptotrichia.wadei_A
2026-05-21 13:49:06.689173 INFO::Fitting model to feature number 944, s__Leptotrichia.sp018128225
2026-05-21 13:49:06.692407 INFO::Fitting model to feature number 945, s__JABCPH02.sp013333235
2026-05-21 13:49:06.695626 INFO::Fitting model to feature number 946, s__Leptotrichia.sp002240055
2026-05-21 13:49:06.698852 INFO::Fitting model to feature number 947, s__Leptotrichia.hongkongensis
2026-05-21 13:49:06.709264 INFO::Fitting model to feature number 948, s__Leptotrichia.massiliensis
2026-05-21 13:49:06.712619 INFO::Fitting model to feature number 949, s__Leptotrichia.shahii
2026-05-21 13:49:06.715833 INFO::Fitting model to feature number 950, s__HROM_Genome_2869
2026-05-21 13:49:06.719112 INFO::Fitting model to feature number 951, s__Leptotrichia.wadei
2026-05-21 13:49:06.722314 INFO::Fitting model to feature number 952, s__HROM_Genome_2871
2026-05-21 13:49:06.725569 INFO::Fitting model to feature number 953, s__HROM_Genome_2872
2026-05-21 13:49:06.728766 INFO::Fitting model to feature number 954, s__Leptotrichia.hofstadii
2026-05-21 13:49:06.732028 INFO::Fitting model to feature number 955, s__Leptotrichia.buccalis
2026-05-21 13:49:06.73526 INFO::Fitting model to feature number 956, s__Leptotrichia.trevisanii
2026-05-21 13:49:06.738498 INFO::Fitting model to feature number 957, s__HROM_Genome_2877
2026-05-21 13:49:06.741803 INFO::Fitting model to feature number 958, s__Leptotrichia.sp000469385
2026-05-21 13:49:06.745108 INFO::Fitting model to feature number 959, s__Leptotrichia.sp001553645
2026-05-21 13:49:06.748318 INFO::Fitting model to feature number 960, s__Leptotrichia_A.sp000469505
2026-05-21 13:49:06.751561 INFO::Fitting model to feature number 961, s__Leptotrichia_A.sp001274535
2026-05-21 13:49:06.754849 INFO::Fitting model to feature number 962, s__Leptotrichia_A.sp905371725
2026-05-21 13:49:06.802683 INFO::Fitting model to feature number 963, s__HROM_Genome_2884
2026-05-21 13:49:06.806104 INFO::Fitting model to feature number 964, s__Pseudoleptotrichia.goodfellowii
2026-05-21 13:49:06.809339 INFO::Fitting model to feature number 965, s__Fusobacterium.polymorphum
2026-05-21 13:49:06.812541 INFO::Fitting model to feature number 966, s__Fusobacterium.nucleatum_J
2026-05-21 13:49:06.815825 INFO::Fitting model to feature number 967, s__Fusobacterium.pseudoperiodonticum
2026-05-21 13:49:06.819104 INFO::Fitting model to feature number 968, s__Fusobacterium.nucleatum
2026-05-21 13:49:06.822498 INFO::Fitting model to feature number 969, s__Fusobacterium.animalis
2026-05-21 13:49:06.826771 INFO::Fitting model to feature number 970, s__Fusobacterium.hwasookii
2026-05-21 13:49:06.830074 INFO::Fitting model to feature number 971, s__Fusobacterium.vincentii
2026-05-21 13:49:06.833375 INFO::Fitting model to feature number 972, s__HROM_Genome_2894
2026-05-21 13:49:06.836592 INFO::Fitting model to feature number 973, s__Fusobacterium.massiliense
2026-05-21 13:49:06.839968 INFO::Fitting model to feature number 974, s__Fusobacterium.periodonticum
2026-05-21 13:49:06.843196 INFO::Fitting model to feature number 975, s__Fusobacterium.sp000235465
2026-05-21 13:49:06.846506 INFO::Fitting model to feature number 976, s__HROM_Genome_2902
2026-05-21 13:49:06.849765 INFO::Fitting model to feature number 977, s__HROM_Genome_2903
2026-05-21 13:49:06.853297 INFO::Fitting model to feature number 978, s__HROM_Genome_2905
2026-05-21 13:49:06.856481 INFO::Fitting model to feature number 979, s__HROM_Genome_2910
2026-05-21 13:49:06.859756 INFO::Fitting model to feature number 980, s__HOT.345.sp003260355
2026-05-21 13:49:06.862945 INFO::Fitting model to feature number 981, s__HROM_Genome_2914
2026-05-21 13:49:06.866473 INFO::Fitting model to feature number 982, s__HOT.345.sp013333605
2026-05-21 13:49:06.898315 INFO::Fitting model to feature number 983, s__HROM_Genome_2919
2026-05-21 13:49:06.901848 INFO::Fitting model to feature number 984, s__HROM_Genome_2924
2026-05-21 13:49:06.905065 INFO::Fitting model to feature number 985, s__HOT.345.sp013333295
2026-05-21 13:49:06.908272 INFO::Fitting model to feature number 986, s__GN02.873.sp003260345
2026-05-21 13:49:06.911412 INFO::Fitting model to feature number 987, s__GN02.873.sp013332525
2026-05-21 13:49:06.921371 INFO::Fitting model to feature number 988, s__GN02.872.sp002761215
2026-05-21 13:49:06.931413 INFO::Fitting model to feature number 989, s__GN02.872.sp003260325
2026-05-21 13:49:06.934683 INFO::Fitting model to feature number 990, s__HROM_Genome_2937
2026-05-21 13:49:06.938085 INFO::Fitting model to feature number 991, s__Saccharimonas.sp018127705
2026-05-21 13:49:06.94126 INFO::Fitting model to feature number 992, s__HROM_Genome_3421
2026-05-21 13:49:06.94488 INFO::Fitting model to feature number 993, s__Saccharimonas.sp010202265
2026-05-21 13:49:06.984517 INFO::Fitting model to feature number 994, s__HROM_Genome_3428
2026-05-21 13:49:06.999411 INFO::Fitting model to feature number 995, s__Nanosynbacter.sp900556355
2026-05-21 13:49:07.003926 INFO::Fitting model to feature number 996, s__HROM_Genome_3432
2026-05-21 13:49:07.007177 INFO::Fitting model to feature number 997, s__HROM_Genome_3434
2026-05-21 13:49:07.010452 INFO::Fitting model to feature number 998, s__HROM_Genome_3435
2026-05-21 13:49:07.01361 INFO::Fitting model to feature number 999, s__HROM_Genome_3436
2026-05-21 13:49:07.016755 INFO::Fitting model to feature number 1000, s__HROM_Genome_3437
2026-05-21 13:49:07.020006 INFO::Fitting model to feature number 1001, s__Nanosynbacter.sp900555885
2026-05-21 13:49:07.023536 INFO::Fitting model to feature number 1002, s__HROM_Genome_3440
2026-05-21 13:49:07.026799 INFO::Fitting model to feature number 1003, s__HROM_Genome_3444
2026-05-21 13:49:07.030044 INFO::Fitting model to feature number 1004, s__HROM_Genome_3445
2026-05-21 13:49:07.03336 INFO::Fitting model to feature number 1005, s__Nanosynbacter.sp900555885.1
2026-05-21 13:49:07.036762 INFO::Fitting model to feature number 1006, s__Nanosynbacter.sp900555675
2026-05-21 13:49:07.04013 INFO::Fitting model to feature number 1007, s__HROM_Genome_3455
2026-05-21 13:49:07.043408 INFO::Fitting model to feature number 1008, s__Nanosynbacter.sp900555425
2026-05-21 13:49:07.046906 INFO::Fitting model to feature number 1009, s__HROM_Genome_3457
2026-05-21 13:49:07.050126 INFO::Fitting model to feature number 1010, s__HROM_Genome_3459
2026-05-21 13:49:07.053424 INFO::Fitting model to feature number 1011, s__HROM_Genome_3460
2026-05-21 13:49:07.056642 INFO::Fitting model to feature number 1012, s__HROM_Genome_3461
2026-05-21 13:49:07.060092 INFO::Fitting model to feature number 1013, s__Nanosynbacter.sp900557595
2026-05-21 13:49:07.063442 INFO::Fitting model to feature number 1014, s__HROM_Genome_3464
2026-05-21 13:49:07.066591 INFO::Fitting model to feature number 1015, s__HROM_Genome_3465
2026-05-21 13:49:07.069872 INFO::Fitting model to feature number 1016, s__HROM_Genome_3472
2026-05-21 13:49:07.073088 INFO::Fitting model to feature number 1017, s__HROM_Genome_3477
2026-05-21 13:49:07.109091 INFO::Fitting model to feature number 1018, s__HROM_Genome_3479
2026-05-21 13:49:07.112356 INFO::Fitting model to feature number 1019, s__HROM_Genome_3488
2026-05-21 13:49:07.115527 INFO::Fitting model to feature number 1020, s__HROM_Genome_3490
2026-05-21 13:49:07.118665 INFO::Fitting model to feature number 1021, s__HROM_Genome_3494
2026-05-21 13:49:07.126226 INFO::Fitting model to feature number 1022, s__HROM_Genome_3499
2026-05-21 13:49:07.129403 INFO::Fitting model to feature number 1023, s__HROM_Genome_3509
2026-05-21 13:49:07.132598 INFO::Fitting model to feature number 1024, s__HROM_Genome_3523
2026-05-21 13:49:07.135885 INFO::Fitting model to feature number 1025, s__HROM_Genome_3540
2026-05-21 13:49:07.139137 INFO::Fitting model to feature number 1026, s__HROM_Genome_3564
2026-05-21 13:49:07.142421 INFO::Fitting model to feature number 1027, s__SDRW01.sp007845485
2026-05-21 13:49:07.15331 INFO::Fitting model to feature number 1028, s__HROM_Genome_3578
2026-05-21 13:49:07.157089 INFO::Fitting model to feature number 1029, s__SDRK01.sp007845205
2026-05-21 13:49:07.160423 INFO::Fitting model to feature number 1030, s__Nanogingivalis.gingivitcus
2026-05-21 13:49:07.163646 INFO::Fitting model to feature number 1031, s__Nanogingivalis.sp900555945
2026-05-21 13:49:07.166796 INFO::Fitting model to feature number 1032, s__Nanogingivalis.sp015257795
2026-05-21 13:49:07.169923 INFO::Fitting model to feature number 1033, s__HROM_Genome_3824
2026-05-21 13:49:07.17324 INFO::Fitting model to feature number 1034, s__Nanogingivalis.sp900556165
2026-05-21 13:49:07.176525 INFO::Fitting model to feature number 1035, s__HROM_Genome_3842
2026-05-21 13:49:07.179806 INFO::Fitting model to feature number 1036, s__Nanogingivalis.sp013333405.1
2026-05-21 13:49:07.183068 INFO::Fitting model to feature number 1037, s__HROM_Genome_3856
2026-05-21 13:49:07.186332 INFO::Fitting model to feature number 1038, s__Nanosyncoccus.sp015257485
2026-05-21 13:49:07.189582 INFO::Fitting model to feature number 1039, s__HROM_Genome_3888
2026-05-21 13:49:07.209927 INFO::Fitting model to feature number 1040, s__HROM_Genome_3895
2026-05-21 13:49:07.225612 INFO::Fitting model to feature number 1041, s__HROM_Genome_3945
2026-05-21 13:49:07.228909 INFO::Fitting model to feature number 1042, s__HROM_Genome_3950
2026-05-21 13:49:07.232163 INFO::Fitting model to feature number 1043, s__HROM_Genome_3966
2026-05-21 13:49:07.235454 INFO::Fitting model to feature number 1044, s__HROM_Genome_3977
2026-05-21 13:49:07.238728 INFO::Fitting model to feature number 1045, s__HROM_Genome_3992
2026-05-21 13:49:07.242047 INFO::Fitting model to feature number 1046, s__HROM_Genome_4008
2026-05-21 13:49:07.245378 INFO::Fitting model to feature number 1047, s__HROM_Genome_4042
2026-05-21 13:49:07.248683 INFO::Fitting model to feature number 1048, s__HROM_Genome_4057
2026-05-21 13:49:07.252021 INFO::Fitting model to feature number 1049, s__HROM_Genome_4093
2026-05-21 13:49:07.255846 INFO::Fitting model to feature number 1050, s__HROM_Genome_4095
2026-05-21 13:49:07.259108 INFO::Fitting model to feature number 1051, s__HROM_Genome_4164
2026-05-21 13:49:07.262422 INFO::Fitting model to feature number 1052, s__HROM_Genome_4207
2026-05-21 13:49:07.265754 INFO::Fitting model to feature number 1053, s__HROM_Genome_4222
2026-05-21 13:49:07.269 INFO::Fitting model to feature number 1054, s__HROM_Genome_4230
2026-05-21 13:49:07.272198 INFO::Fitting model to feature number 1055, s__HROM_Genome_4280
2026-05-21 13:49:07.27541 INFO::Fitting model to feature number 1056, s__HROM_Genome_4364
2026-05-21 13:49:07.278694 INFO::Fitting model to feature number 1057, s__HROM_Genome_4367
2026-05-21 13:49:07.281979 INFO::Fitting model to feature number 1058, s__HROM_Genome_4379
2026-05-21 13:49:07.285254 INFO::Fitting model to feature number 1059, s__HROM_Genome_4431
2026-05-21 13:49:07.288462 INFO::Fitting model to feature number 1060, s__HROM_Genome_4443
2026-05-21 13:49:07.291719 INFO::Fitting model to feature number 1061, s__HROM_Genome_4450
2026-05-21 13:49:07.295323 INFO::Fitting model to feature number 1062, s__HROM_Genome_4452
2026-05-21 13:49:07.298613 INFO::Fitting model to feature number 1063, s__HROM_Genome_4460
2026-05-21 13:49:07.301886 INFO::Fitting model to feature number 1064, s__HROM_Genome_4463
2026-05-21 13:49:07.30525 INFO::Fitting model to feature number 1065, s__HROM_Genome_4477
2026-05-21 13:49:07.308618 INFO::Fitting model to feature number 1066, s__Nanosyncoccus.sp013332965
2026-05-21 13:49:07.312058 INFO::Fitting model to feature number 1067, s__Nanosyncoccus.nanoralicus
2026-05-21 13:49:07.323387 INFO::Fitting model to feature number 1068, s__HROM_Genome_4481
2026-05-21 13:49:07.327107 INFO::Fitting model to feature number 1069, s__Nanosyncoccus.nanoralicus.1
2026-05-21 13:49:07.330762 INFO::Fitting model to feature number 1070, s__Nanosyncoccus.sp013332965.1
2026-05-21 13:49:07.33447 INFO::Fitting model to feature number 1071, s__HROM_Genome_4498
2026-05-21 13:49:07.337622 INFO::Fitting model to feature number 1072, s__HROM_Genome_4502
2026-05-21 13:49:07.340904 INFO::Fitting model to feature number 1073, s__HROM_Genome_4507
2026-05-21 13:49:07.344415 INFO::Fitting model to feature number 1074, s__Nanosyncoccus.sp905372495
2026-05-21 13:49:07.365424 INFO::Fitting model to feature number 1075, s__Nanosyncoccus.nanoralicus.2
2026-05-21 13:49:07.374758 INFO::Fitting model to feature number 1076, s__HROM_Genome_4551
2026-05-21 13:49:07.381056 INFO::Fitting model to feature number 1077, s__Nanosyncoccus.sp013332965.2
2026-05-21 13:49:07.38438 INFO::Fitting model to feature number 1078, s__HROM_Genome_4774
2026-05-21 13:49:07.388176 INFO::Fitting model to feature number 1079, s__HROM_Genome_4779
2026-05-21 13:49:07.402818 INFO::Fitting model to feature number 1080, s__Kingella.kingae
2026-05-21 13:49:07.411796 INFO::Fitting model to feature number 1081, s__Simonsiella.muelleri
2026-05-21 13:49:07.415036 INFO::Fitting model to feature number 1082, s__HROM_Genome_4817
2026-05-21 13:49:07.418297 INFO::Fitting model to feature number 1083, s__HROM_Genome_4818
2026-05-21 13:49:07.421551 INFO::Fitting model to feature number 1084, s__Neisseria.sp000186165
2026-05-21 13:49:07.424762 INFO::Fitting model to feature number 1085, s__Neisseria.subflava_C
2026-05-21 13:49:07.427979 INFO::Fitting model to feature number 1086, s__Neisseria.sicca_A
2026-05-21 13:49:07.431293 INFO::Fitting model to feature number 1087, s__HROM_Genome_4825
2026-05-21 13:49:07.434692 INFO::Fitting model to feature number 1088, s__Neisseria.mucosa_A
2026-05-21 13:49:07.440236 INFO::Fitting model to feature number 1089, s__Neisseria.polysaccharea
2026-05-21 13:49:07.443629 INFO::Fitting model to feature number 1090, s__Neisseria.sp000090875
2026-05-21 13:49:07.485414 INFO::Fitting model to feature number 1091, s__Neisseria.elongata
2026-05-21 13:49:07.488988 INFO::Fitting model to feature number 1092, s__Neisseria.cinerea
2026-05-21 13:49:07.500546 INFO::Fitting model to feature number 1093, s__Neisseria.flavescens
2026-05-21 13:49:07.503846 INFO::Fitting model to feature number 1094, s__Eikenella.corrodens
2026-05-21 13:49:07.507164 INFO::Fitting model to feature number 1095, s__Eikenella.corrodens_B
2026-05-21 13:49:07.510838 INFO::Fitting model to feature number 1096, s__Eikenella.halliae
2026-05-21 13:49:07.514105 INFO::Fitting model to feature number 1097, s__HROM_Genome_4842
2026-05-21 13:49:07.517337 INFO::Fitting model to feature number 1098, s__Neisseria.sp002237445
2026-05-21 13:49:07.520545 INFO::Fitting model to feature number 1099, s__CAJPNX01.sp905372165
2026-05-21 13:49:07.523794 INFO::Fitting model to feature number 1100, s__Neisseria.bacilliformis
2026-05-21 13:49:07.527168 INFO::Fitting model to feature number 1101, s__HROM_Genome_4852
2026-05-21 13:49:07.530405 INFO::Fitting model to feature number 1102, s__HROM_Genome_4854
2026-05-21 13:49:07.534181 INFO::Fitting model to feature number 1103, s__Kingella_A.denitrificans
2026-05-21 13:49:07.53746 INFO::Fitting model to feature number 1104, s__HROM_Genome_4856
2026-05-21 13:49:07.54122 INFO::Fitting model to feature number 1105, s__Kingella_B.oralis
2026-05-21 13:49:07.544474 INFO::Fitting model to feature number 1106, s__HROM_Genome_4858
2026-05-21 13:49:07.547902 INFO::Fitting model to feature number 1107, s__HROM_Genome_4859
2026-05-21 13:49:07.55814 INFO::Fitting model to feature number 1108, s__HROM_Genome_4862
2026-05-21 13:49:07.573336 INFO::Fitting model to feature number 1109, s__HROM_Genome_4863
2026-05-21 13:49:07.576627 INFO::Fitting model to feature number 1110, s__HROM_Genome_4870
2026-05-21 13:49:07.58059 INFO::Fitting model to feature number 1111, s__HROM_Genome_4872
2026-05-21 13:49:07.585196 INFO::Fitting model to feature number 1112, s__HROM_Genome_4887
2026-05-21 13:49:07.589355 INFO::Fitting model to feature number 1113, s__Lautropia.mirabilis
2026-05-21 13:49:07.604613 INFO::Fitting model to feature number 1114, s__Lautropia.dentalis
2026-05-21 13:49:07.611764 INFO::Fitting model to feature number 1115, s__HROM_Genome_4895
2026-05-21 13:49:07.615066 INFO::Fitting model to feature number 1116, s__HROM_Genome_4896
2026-05-21 13:49:07.61841 INFO::Fitting model to feature number 1117, s__Ottowia.sp001262075
2026-05-21 13:49:07.621694 INFO::Fitting model to feature number 1118, s__HROM_Genome_4908
2026-05-21 13:49:07.62494 INFO::Fitting model to feature number 1119, s__Cardiobacterium.hominis
2026-05-21 13:49:07.628358 INFO::Fitting model to feature number 1120, s__HROM_Genome_4910
2026-05-21 13:49:07.631706 INFO::Fitting model to feature number 1121, s__HROM_Genome_4912
2026-05-21 13:49:07.634944 INFO::Fitting model to feature number 1122, s__HROM_Genome_4915
2026-05-21 13:49:07.638247 INFO::Fitting model to feature number 1123, s__Cardiobacterium.valvarum
2026-05-21 13:49:07.641521 INFO::Fitting model to feature number 1124, s__Haemophilus_A.sputorum
2026-05-21 13:49:07.644764 INFO::Fitting model to feature number 1125, s__Haemophilus_A.parahaemolyticus
2026-05-21 13:49:07.64809 INFO::Fitting model to feature number 1126, s__Haemophilus_A.paraphrohaemolyticus
2026-05-21 13:49:07.651405 INFO::Fitting model to feature number 1127, s__Haemophilus_D.pittmaniae
2026-05-21 13:49:07.654736 INFO::Fitting model to feature number 1128, s__Haemophilus_D.parainfluenzae
2026-05-21 13:49:07.657984 INFO::Fitting model to feature number 1129, s__Haemophilus_D.parainfluenzae_L
2026-05-21 13:49:07.6613 INFO::Fitting model to feature number 1130, s__Haemophilus_D.sp001815355
2026-05-21 13:49:07.664609 INFO::Fitting model to feature number 1131, s__Haemophilus.aegyptius
2026-05-21 13:49:07.668325 INFO::Fitting model to feature number 1132, s__Haemophilus_D.parainfluenzae_J
2026-05-21 13:49:07.671621 INFO::Fitting model to feature number 1133, s__Haemophilus_D.sp900756875
2026-05-21 13:49:07.67496 INFO::Fitting model to feature number 1134, s__HROM_Genome_4940
2026-05-21 13:49:07.678211 INFO::Fitting model to feature number 1135, s__HROM_Genome_4942
2026-05-21 13:49:07.681617 INFO::Fitting model to feature number 1136, s__Haemophilus.seminalis
2026-05-21 13:49:07.711434 INFO::Fitting model to feature number 1137, s__Haemophilus_D.parainfluenzae_M
2026-05-21 13:49:07.714682 INFO::Fitting model to feature number 1138, s__Haemophilus_D.parainfluenzae_N
2026-05-21 13:49:07.735075 INFO::Fitting model to feature number 1139, s__Haemophilus.haemolyticus
2026-05-21 13:49:07.74901 INFO::Fitting model to feature number 1140, s__Haemophilus_D.parainfluenzae_L.1
2026-05-21 13:49:07.766999 INFO::Fitting model to feature number 1141, s__Haemophilus_D.sp905215245
2026-05-21 13:49:07.770367 INFO::Fitting model to feature number 1142, s__Haemophilus_D.parainfluenzae_K
2026-05-21 13:49:07.773713 INFO::Fitting model to feature number 1143, s__Rodentibacter.sp901420285
2026-05-21 13:49:07.777107 INFO::Fitting model to feature number 1144, s__HROM_Genome_4958
2026-05-21 13:49:07.780616 INFO::Fitting model to feature number 1145, s__Mesocricetibacter.sp905373425
2026-05-21 13:49:07.784318 INFO::Fitting model to feature number 1146, s__Aggregatibacter.actinomycetemcomitans
2026-05-21 13:49:07.787651 INFO::Fitting model to feature number 1147, s__Aggregatibacter.aphrophilus
2026-05-21 13:49:07.798807 INFO::Fitting model to feature number 1148, s__Aggregatibacter.segnis
2026-05-21 13:49:07.802303 INFO::Fitting model to feature number 1149, s__Aggregatibacter.kilianii
2026-05-21 13:49:07.805718 INFO::Fitting model to feature number 1150, s__Aggregatibacter.segnis_A
2026-05-21 13:49:07.808991 INFO::Fitting model to feature number 1151, s__Aggregatibacter.sp000466335
2026-05-21 13:49:07.812363 INFO::Fitting model to feature number 1152, s__HROM_Genome_4966
2026-05-21 13:49:07.815776 INFO::Fitting model to feature number 1153, s__HROM_Genome_4990
2026-05-21 13:49:07.819212 INFO::Fitting model to feature number 1154, s__Moraxella_A.cinereus
2026-05-21 13:49:07.822689 INFO::Fitting model to feature number 1155, s__Xanthomonas.campestris
2026-05-21 13:49:07.825978 INFO::Fitting model to feature number 1156, s__HROM_Genome_5020
2026-05-21 13:49:07.830076 INFO::Fitting model to feature number 1157, s__HROM_Genome_5023
2026-05-21 13:49:07.833439 INFO::Fitting model to feature number 1158, s__Treponema_B.denticola
2026-05-21 13:49:07.836746 INFO::Fitting model to feature number 1159, s__HROM_Genome_5027
2026-05-21 13:49:07.840121 INFO::Fitting model to feature number 1160, s__Treponema_B.sp905372345
2026-05-21 13:49:07.843603 INFO::Fitting model to feature number 1161, s__HROM_Genome_5029
2026-05-21 13:49:07.846926 INFO::Fitting model to feature number 1162, s__Treponema.sp905372265
2026-05-21 13:49:07.850291 INFO::Fitting model to feature number 1163, s__HROM_Genome_5035
2026-05-21 13:49:07.853959 INFO::Fitting model to feature number 1164, s__Treponema.sp010365865
2026-05-21 13:49:07.857332 INFO::Fitting model to feature number 1165, s__Treponema.medium
2026-05-21 13:49:07.860717 INFO::Fitting model to feature number 1166, s__Treponema.sp018336815
2026-05-21 13:49:07.864079 INFO::Fitting model to feature number 1167, s__HROM_Genome_5041
2026-05-21 13:49:07.867497 INFO::Fitting model to feature number 1168, s__HROM_Genome_5042
2026-05-21 13:49:07.871094 INFO::Fitting model to feature number 1169, s__HROM_Genome_5043
2026-05-21 13:49:07.875042 INFO::Fitting model to feature number 1170, s__HROM_Genome_5044
2026-05-21 13:49:07.878471 INFO::Fitting model to feature number 1171, s__Treponema.sp905373565
2026-05-21 13:49:07.913898 INFO::Fitting model to feature number 1172, s__HROM_Genome_5046
2026-05-21 13:49:07.917193 INFO::Fitting model to feature number 1173, s__HROM_Genome_5047
2026-05-21 13:49:07.920427 INFO::Fitting model to feature number 1174, s__HROM_Genome_5049
2026-05-21 13:49:07.924143 INFO::Fitting model to feature number 1175, s__Treponema.sp000775995
2026-05-21 13:49:07.927499 INFO::Fitting model to feature number 1176, s__Treponema.vincentii
2026-05-21 13:49:07.930822 INFO::Fitting model to feature number 1177, s__HROM_Genome_5053
2026-05-21 13:49:07.934814 INFO::Fitting model to feature number 1178, s__Treponema_D.sp905372235
2026-05-21 13:49:07.938101 INFO::Fitting model to feature number 1179, s__HROM_Genome_5066
2026-05-21 13:49:07.941381 INFO::Fitting model to feature number 1180, s__HROM_Genome_5067
2026-05-21 13:49:07.944607 INFO::Fitting model to feature number 1181, s__HROM_Genome_5068
2026-05-21 13:49:07.948093 INFO::Fitting model to feature number 1182, s__Treponema_D.sp014334335
2026-05-21 13:49:07.951308 INFO::Fitting model to feature number 1183, s__HROM_Genome_5071
2026-05-21 13:49:07.954576 INFO::Fitting model to feature number 1184, s__Treponema_C.lecithinolyticum
2026-05-21 13:49:07.985697 INFO::Fitting model to feature number 1185, s__Treponema_C.sp905372025
2026-05-21 13:49:07.994931 INFO::Fitting model to feature number 1186, s__Treponema_C.maltophilum
2026-05-21 13:49:08.012532 INFO::Fitting model to feature number 1187, s__Treponema_D.parvum
2026-05-21 13:49:08.016754 INFO::Fitting model to feature number 1188, s__Treponema_D.sp014334325
2026-05-21 13:49:08.020097 INFO::Fitting model to feature number 1189, s__Treponema_D.buccale
2026-05-21 13:49:08.023394 INFO::Fitting model to feature number 1190, s__HROM_Genome_5082
2026-05-21 13:49:08.026617 INFO::Fitting model to feature number 1191, s__Treponema_D.socranskii
2026-05-21 13:49:08.029944 INFO::Fitting model to feature number 1192, s__HROM_Genome_5084
2026-05-21 13:49:08.033237 INFO::Fitting model to feature number 1193, s__HROM_Genome_5091
2026-05-21 13:49:08.036509 INFO::Fitting model to feature number 1194, s__HROM_Genome_5095
2026-05-21 13:49:08.039866 INFO::Fitting model to feature number 1195, s__HROM_Genome_5096
2026-05-21 13:49:08.043141 INFO::Fitting model to feature number 1196, s__HROM_Genome_5100
2026-05-21 13:49:08.046787 INFO::Fitting model to feature number 1197, s__Fretibacterium.fastidiosum
2026-05-21 13:49:08.050092 INFO::Fitting model to feature number 1198, s__HROM_Genome_5102
2026-05-21 13:49:08.053617 INFO::Fitting model to feature number 1199, s__HROM_Genome_5103
2026-05-21 13:49:08.056916 INFO::Fitting model to feature number 1200, s__CAJPSE01.sp905373185
2026-05-21 13:49:08.060207 INFO::Fitting model to feature number 1201, s__HROM_Genome_5105
2026-05-21 13:49:08.063686 INFO::Fitting model to feature number 1202, s__HROM_Genome_5106
2026-05-21 13:49:08.066933 INFO::Fitting model to feature number 1203, s__Pyramidobacter.piscolens
2026-05-21 13:49:08.368964 INFO::Counting total values for each feature
2026-05-21 13:49:08.694034 INFO::Writing filtered data to file maaslin2_OA_vs_Responder/features/filtered_data.tsv
2026-05-21 13:49:08.850699 INFO::Writing filtered, normalized data to file maaslin2_OA_vs_Responder/features/filtered_data_norm.tsv
2026-05-21 13:49:08.924798 INFO::Writing filtered, normalized, transformed data to file maaslin2_OA_vs_Responder/features/filtered_data_norm_transformed.tsv
2026-05-21 13:49:09.022823 INFO::Writing residuals to file maaslin2_OA_vs_Responder/fits/residuals.rds
2026-05-21 13:49:09.065276 INFO::Writing fitted values to file maaslin2_OA_vs_Responder/fits/fitted.rds
2026-05-21 13:49:09.10658 INFO::Writing all results to file (ordered by increasing q-values): maaslin2_OA_vs_Responder/all_results.tsv
2026-05-21 13:49:09.147932 INFO::Writing the significant results (those which are less than or equal to the threshold of 0.250000 ) to file (ordered by increasing q-values): maaslin2_OA_vs_Responder/significant_results.tsv
2026-05-21 13:49:09.150186 INFO::Writing heatmap of significant results to file: maaslin2_OA_vs_Responder/heatmap.pdf
2026-05-21 13:49:09.304798 INFO::Writing association plots (one for each significant association) to output folder: maaslin2_OA_vs_Responder
2026-05-21 13:49:09.317216 INFO::Plotting associations from most to least significant, grouped by metadata
2026-05-21 13:49:09.318813 INFO::Plotting data for metadata number 1, Age
2026-05-21 13:49:09.320874 INFO::Creating scatter plot for continuous data, Age vs s__HROM_Genome_0349
2026-05-21 13:49:09.764563 DEBUG::`geom_smooth()` using formula = 'y ~ x'
2026-05-21 13:49:09.780979 INFO::Creating scatter plot for continuous data, Age vs s__W5053.sp000467935
2026-05-21 13:49:10.014847 DEBUG::`geom_smooth()` using formula = 'y ~ x'
2026-05-21 13:49:10.016579 INFO::Creating scatter plot for continuous data, Age vs s__HROM_Genome_2483
2026-05-21 13:49:10.174562 DEBUG::`geom_smooth()` using formula = 'y ~ x'
2026-05-21 13:49:10.176562 INFO::Creating scatter plot for continuous data, Age vs s__CAJPSE01.sp905373185
2026-05-21 13:49:10.32896 DEBUG::`geom_smooth()` using formula = 'y ~ x'
2026-05-21 13:49:11.034087 INFO::Plotting data for metadata number 2, Sex
2026-05-21 13:49:11.036839 INFO::Creating boxplot for categorical data, Sex vs s__Streptococcus.sp905221435
2026-05-21 13:49:11.421978 INFO::Plotting data for metadata number 3, Smoking_Status
2026-05-21 13:49:11.424614 INFO::Creating boxplot for categorical data, Smoking_Status vs s__HROM_Genome_2463
2026-05-21 13:49:11.561055 INFO::Creating boxplot for categorical data, Smoking_Status vs s__HROM_Genome_3461
2026-05-21 13:49:11.703623 INFO::Creating boxplot for categorical data, Smoking_Status vs s__HROM_Genome_3465
2026-05-21 13:49:12.346599 INFO::Plotting data for metadata number 4, Comparison_Group
2026-05-21 13:49:12.349176 INFO::Creating boxplot for categorical data, Comparison_Group vs s__Desulfovibrio.sp003860215
