2026-05-21 13:49:51.793152 INFO::Writing function arguments to log file
2026-05-21 13:49:51.893642 DEBUG::Function arguments
2026-05-21 13:49:51.902262 DEBUG::Output folder: maaslin2_OA_vs_NonResponder
2026-05-21 13:49:51.910002 DEBUG::Min Abundance: 0.000000
2026-05-21 13:49:51.910792 DEBUG::Min Prevalence: 0.100000
2026-05-21 13:49:51.911625 DEBUG::Normalization: TSS
2026-05-21 13:49:51.912437 DEBUG::Transform: LOG
2026-05-21 13:49:51.913192 DEBUG::Analysis method: LM
2026-05-21 13:49:51.914001 DEBUG::Max significance: 0.250000
2026-05-21 13:49:51.915506 DEBUG::Random effects:
2026-05-21 13:49:51.916345 DEBUG::Fixed effects: Comparison_Group,Sex,Age,Smoking_Status
2026-05-21 13:49:51.91713 DEBUG::Correction method: BH
2026-05-21 13:49:51.917849 DEBUG::Standardize: TRUE
2026-05-21 13:49:51.918536 DEBUG::Cores: 1
2026-05-21 13:49:51.91924 INFO::Verifying options selected are valid
2026-05-21 13:49:51.950002 INFO::Determining format of input files
2026-05-21 13:49:51.989628 INFO::Input format is data samples as rows and metadata samples as rows
2026-05-21 13:49:52.009479 DEBUG::A total of 45 samples were found in both the data and metadata
2026-05-21 13:49:52.032736 DEBUG::Reordering data/metadata to use same sample ordering
2026-05-21 13:49:52.044283 INFO::Formula for fixed effects: expr ~  Comparison_Group + Sex + Age + Smoking_Status
2026-05-21 13:49:52.064127 INFO::Factor detected for categorial metadata 'Comparison_Group'. Provide a reference argument or manually set factor ordering to change reference level.
2026-05-21 13:49:52.079007 INFO::Factor detected for categorial metadata 'Sex'. Provide a reference argument or manually set factor ordering to change reference level.
2026-05-21 13:49:52.092561 INFO::Factor detected for categorial metadata 'Smoking_Status'. Provide a reference argument or manually set factor ordering to change reference level.
2026-05-21 13:49:52.117814 INFO::Filter data based on min abundance and min prevalence
2026-05-21 13:49:52.130493 INFO::Total samples in data: 45
2026-05-21 13:49:52.15248 INFO::Min samples required with min abundance for a feature not to be filtered: 4.500000
2026-05-21 13:49:52.184087 INFO::Total filtered features: 54
2026-05-21 13:49:52.1861 INFO::Filtered feature names from abundance and prevalence filtering: s__Rothia.mucilaginosa.2, s__Rothia.mucilaginosa.3, s__Rothia.sp015265375.2, s__Rothia.mucilaginosa.12, s__Rothia.mucilaginosa_B.5, s__Actinomyces.radicidentis, s__HROM_Genome_0380, s__Lancefieldella.sp000564995.5, s__Lancefieldella.sp000564995.6, s__HROM_Genome_0747, s__Lancefieldella.sp000564995.15, s__HROM_Genome_0781, s__HROM_Genome_0854, s__Lancefieldella.sp000564995.21, s__HROM_Genome_1162, s__HROM_Genome_1284, s__Campylobacter_A.concisus_G, s__Campylobacter_A.concisus_P, s__HROM_Genome_1454, s__Campylobacter_B.gracilis_A, s__Campylobacter_A.sp905372745, s__Campylobacter_A.sp905372745.1, s__HROM_Genome_1564, s__Campylobacter_A.sp905372745.2, s__HROM_Genome_1602, s__Desulfovibrio.sp003860215, s__Oribacterium.sinus.2, s__HROM_Genome_1775, s__HROM_Genome_2320, s__HROM_Genome_2747, s__HROM_Genome_2915, s__HROM_Genome_3428, s__HROM_Genome_3494, s__HROM_Genome_3505, s__HROM_Genome_3564, s__Nanosyncoccus.sp015257485, s__HROM_Genome_3895, s__HROM_Genome_3898, s__HROM_Genome_3945, s__HROM_Genome_3992, s__HROM_Genome_4015, s__HROM_Genome_4042, s__HROM_Genome_4164, s__HROM_Genome_4222, s__HROM_Genome_4230, s__HROM_Genome_4280, s__HROM_Genome_4364, s__HROM_Genome_4431, s__HROM_Genome_4452, s__HROM_Genome_4459, s__Nanosyncoccus.sp013332965.2, s__HROM_Genome_4854, s__HROM_Genome_4863, s__Haemophilus_D.pittmaniae
2026-05-21 13:49:52.209831 INFO::Total filtered features with variance filtering: 0
2026-05-21 13:49:52.223812 INFO::Filtered feature names from variance filtering:
2026-05-21 13:49:52.225255 INFO::Running selected normalization method: TSS
2026-05-21 13:49:53.279785 INFO::Applying z-score to standardize continuous metadata
2026-05-21 13:49:53.328346 INFO::Running selected transform method: LOG
2026-05-21 13:49:53.354614 INFO::Running selected analysis method: LM
2026-05-21 13:49:53.395398 INFO::Fitting model to feature number 1, s__Scardovia.inopinata
2026-05-21 13:49:53.40629 INFO::Fitting model to feature number 2, s__Rothia.mucilaginosa
2026-05-21 13:49:53.409644 INFO::Fitting model to feature number 3, s__Rothia.mucilaginosa.1
2026-05-21 13:49:53.416763 INFO::Fitting model to feature number 4, s__Rothia.mucilaginosa_A
2026-05-21 13:49:53.420689 INFO::Fitting model to feature number 5, s__Rothia.sp015265375
2026-05-21 13:49:53.42406 INFO::Fitting model to feature number 6, s__Rothia.sp001808955
2026-05-21 13:49:53.427312 INFO::Fitting model to feature number 7, s__Rothia.mucilaginosa_B
2026-05-21 13:49:53.430582 INFO::Fitting model to feature number 8, s__Rothia.mucilaginosa_B.1
2026-05-21 13:49:53.433913 INFO::Fitting model to feature number 9, s__Rothia.sp001808955.1
2026-05-21 13:49:53.437186 INFO::Fitting model to feature number 10, s__Rothia.mucilaginosa.4
2026-05-21 13:49:53.440523 INFO::Fitting model to feature number 11, s__Rothia.sp001808955.2
2026-05-21 13:49:53.44382 INFO::Fitting model to feature number 12, s__Rothia.sp001808955.3
2026-05-21 13:49:53.447166 INFO::Fitting model to feature number 13, s__Rothia.sp015265375.1
2026-05-21 13:49:53.450491 INFO::Fitting model to feature number 14, s__Rothia.sp001808955.4
2026-05-21 13:49:53.453873 INFO::Fitting model to feature number 15, s__Rothia.mucilaginosa.5
2026-05-21 13:49:53.467742 INFO::Fitting model to feature number 16, s__Rothia.mucilaginosa_B.2
2026-05-21 13:49:53.471799 INFO::Fitting model to feature number 17, s__Rothia.mucilaginosa_B.3
2026-05-21 13:49:53.475039 INFO::Fitting model to feature number 18, s__HROM_Genome_0036
2026-05-21 13:49:53.478305 INFO::Fitting model to feature number 19, s__Rothia.mucilaginosa.6
2026-05-21 13:49:53.48147 INFO::Fitting model to feature number 20, s__Rothia.mucilaginosa.7
2026-05-21 13:49:53.48473 INFO::Fitting model to feature number 21, s__Rothia.sp902373285
2026-05-21 13:49:53.488088 INFO::Fitting model to feature number 22, s__Rothia.sp001808955.5
2026-05-21 13:49:53.49135 INFO::Fitting model to feature number 23, s__HROM_Genome_0083
2026-05-21 13:49:53.494576 INFO::Fitting model to feature number 24, s__Rothia.mucilaginosa.8
2026-05-21 13:49:53.510619 INFO::Fitting model to feature number 25, s__Rothia.mucilaginosa.9
2026-05-21 13:49:53.513887 INFO::Fitting model to feature number 26, s__Rothia.mucilaginosa.10
2026-05-21 13:49:53.517091 INFO::Fitting model to feature number 27, s__Rothia.mucilaginosa_B.4
2026-05-21 13:49:53.520266 INFO::Fitting model to feature number 28, s__Rothia.mucilaginosa.11
2026-05-21 13:49:53.523571 INFO::Fitting model to feature number 29, s__HROM_Genome_0145
2026-05-21 13:49:53.526739 INFO::Fitting model to feature number 30, s__Rothia.sp001808955.6
2026-05-21 13:49:53.568756 INFO::Fitting model to feature number 31, s__Rothia.sp001808955.7
2026-05-21 13:49:53.57901 INFO::Fitting model to feature number 32, s__Rothia.mucilaginosa_B.6
2026-05-21 13:49:53.588923 INFO::Fitting model to feature number 33, s__Rothia.mucilaginosa_B.7
2026-05-21 13:49:53.602054 INFO::Fitting model to feature number 34, s__Rothia.sp001808955.8
2026-05-21 13:49:53.605837 INFO::Fitting model to feature number 35, s__Rothia.sp001808955.9
2026-05-21 13:49:53.62225 INFO::Fitting model to feature number 36, s__Rothia.dentocariosa
2026-05-21 13:49:53.628956 INFO::Fitting model to feature number 37, s__Rothia.aeria
2026-05-21 13:49:53.636947 INFO::Fitting model to feature number 38, s__Micrococcus.luteus
2026-05-21 13:49:53.647143 INFO::Fitting model to feature number 39, s__Scardovia.wiggsiae
2026-05-21 13:49:53.656207 INFO::Fitting model to feature number 40, s__Pauljensenia.sp000308055
2026-05-21 13:49:53.66007 INFO::Fitting model to feature number 41, s__Pauljensenia.pyogenes_A
2026-05-21 13:49:53.665668 INFO::Fitting model to feature number 42, s__Pauljensenia.sp000758755
2026-05-21 13:49:53.669292 INFO::Fitting model to feature number 43, s__HROM_Genome_0217
2026-05-21 13:49:53.672468 INFO::Fitting model to feature number 44, s__Pauljensenia.sp000308055.1
2026-05-21 13:49:53.687742 INFO::Fitting model to feature number 45, s__Pauljensenia.marseillensis
2026-05-21 13:49:53.691021 INFO::Fitting model to feature number 46, s__HROM_Genome_0220
2026-05-21 13:49:53.695478 INFO::Fitting model to feature number 47, s__HROM_Genome_0223
2026-05-21 13:49:53.698722 INFO::Fitting model to feature number 48, s__HROM_Genome_0224
2026-05-21 13:49:53.702828 INFO::Fitting model to feature number 49, s__HROM_Genome_0225
2026-05-21 13:49:53.706102 INFO::Fitting model to feature number 50, s__Pauljensenia.sp900541895
2026-05-21 13:49:53.709324 INFO::Fitting model to feature number 51, s__HROM_Genome_0236
2026-05-21 13:49:53.728858 INFO::Fitting model to feature number 52, s__Pauljensenia.georgiae
2026-05-21 13:49:53.738202 INFO::Fitting model to feature number 53, s__Pauljensenia.hongkongensis
2026-05-21 13:49:53.741504 INFO::Fitting model to feature number 54, s__Pauljensenia.sp000411415
2026-05-21 13:49:53.7447 INFO::Fitting model to feature number 55, s__Pauljensenia.sp018375675
2026-05-21 13:49:53.74787 INFO::Fitting model to feature number 56, s__Pauljensenia.sp018382595
2026-05-21 13:49:53.753386 INFO::Fitting model to feature number 57, s__HROM_Genome_0247
2026-05-21 13:49:53.804997 INFO::Fitting model to feature number 58, s__Pauljensenia.sp000278725
2026-05-21 13:49:53.820982 INFO::Fitting model to feature number 59, s__Pauljensenia.sp001838165
2026-05-21 13:49:53.831795 INFO::Fitting model to feature number 60, s__Pauljensenia.odontolytica_A
2026-05-21 13:49:53.846103 INFO::Fitting model to feature number 61, s__Pauljensenia.sp902373545
2026-05-21 13:49:53.864727 INFO::Fitting model to feature number 62, s__HROM_Genome_0252
2026-05-21 13:49:53.886192 INFO::Fitting model to feature number 63, s__HROM_Genome_0253
2026-05-21 13:49:53.897186 INFO::Fitting model to feature number 64, s__Pauljensenia.sp000466265
2026-05-21 13:49:53.900468 INFO::Fitting model to feature number 65, s__HROM_Genome_0255
2026-05-21 13:49:53.903687 INFO::Fitting model to feature number 66, s__Pauljensenia.odontolytica_C
2026-05-21 13:49:53.906883 INFO::Fitting model to feature number 67, s__HROM_Genome_0257
2026-05-21 13:49:53.910148 INFO::Fitting model to feature number 68, s__HROM_Genome_0258
2026-05-21 13:49:53.913407 INFO::Fitting model to feature number 69, s__HROM_Genome_0259
2026-05-21 13:49:53.91662 INFO::Fitting model to feature number 70, s__HROM_Genome_0261
2026-05-21 13:49:53.919846 INFO::Fitting model to feature number 71, s__Pauljensenia.sp000466265.1
2026-05-21 13:49:53.923074 INFO::Fitting model to feature number 72, s__Pauljensenia.bouchesdurhonensis
2026-05-21 13:49:53.926733 INFO::Fitting model to feature number 73, s__HROM_Genome_0265
2026-05-21 13:49:54.015238 INFO::Fitting model to feature number 74, s__Pauljensenia.sp000185285
2026-05-21 13:49:54.047418 INFO::Fitting model to feature number 75, s__HROM_Genome_0267
2026-05-21 13:49:54.066727 INFO::Fitting model to feature number 76, s__Pauljensenia.sp001064145
2026-05-21 13:49:54.095265 INFO::Fitting model to feature number 77, s__Pauljensenia.odontolytica_B
2026-05-21 13:49:54.111206 INFO::Fitting model to feature number 78, s__Pauljensenia.sp018382595.1
2026-05-21 13:49:54.160694 INFO::Fitting model to feature number 79, s__Pauljensenia.sp900556405
2026-05-21 13:49:54.180744 INFO::Fitting model to feature number 80, s__Pauljensenia.odontolytica
2026-05-21 13:49:54.192458 INFO::Fitting model to feature number 81, s__Pauljensenia.sp902373435
2026-05-21 13:49:54.207292 INFO::Fitting model to feature number 82, s__HROM_Genome_0285
2026-05-21 13:49:54.249585 INFO::Fitting model to feature number 83, s__HROM_Genome_0286
2026-05-21 13:49:54.252894 INFO::Fitting model to feature number 84, s__HROM_Genome_0287
2026-05-21 13:49:54.256109 INFO::Fitting model to feature number 85, s__Pauljensenia.meyeri
2026-05-21 13:49:54.25933 INFO::Fitting model to feature number 86, s__Pauljensenia.cardiffensis
2026-05-21 13:49:54.262585 INFO::Fitting model to feature number 87, s__Actinomyces.graevenitzii
2026-05-21 13:49:54.265722 INFO::Fitting model to feature number 88, s__HROM_Genome_0303
2026-05-21 13:49:54.269027 INFO::Fitting model to feature number 89, s__Actinomyces.oricola
2026-05-21 13:49:54.272232 INFO::Fitting model to feature number 90, s__Actinomyces.johnsonii
2026-05-21 13:49:54.275416 INFO::Fitting model to feature number 91, s__Actinomyces.oris
2026-05-21 13:49:54.27858 INFO::Fitting model to feature number 92, s__Actinomyces.oris_B
2026-05-21 13:49:54.30952 INFO::Fitting model to feature number 93, s__Actinomyces.oris_C
2026-05-21 13:49:54.312878 INFO::Fitting model to feature number 94, s__Actinomyces.naeslundii
2026-05-21 13:49:54.326099 INFO::Fitting model to feature number 95, s__Actinomyces.oris_D
2026-05-21 13:49:54.339915 INFO::Fitting model to feature number 96, s__Actinomyces.oris_E
2026-05-21 13:49:54.343705 INFO::Fitting model to feature number 97, s__Actinomyces.sp002999235
2026-05-21 13:49:54.347233 INFO::Fitting model to feature number 98, s__Actinomyces.sp000220835
2026-05-21 13:49:54.39155 INFO::Fitting model to feature number 99, s__Actinomyces.dentalis
2026-05-21 13:49:54.419727 INFO::Fitting model to feature number 100, s__Actinomyces.israelii
2026-05-21 13:49:54.430948 INFO::Fitting model to feature number 101, s__Actinomyces.sp000195595
2026-05-21 13:49:54.437293 INFO::Fitting model to feature number 102, s__Actinomyces.sp900323545
2026-05-21 13:49:54.442008 INFO::Fitting model to feature number 103, s__Actinomyces.gerencseriae
2026-05-21 13:49:54.445874 INFO::Fitting model to feature number 104, s__Actinomyces.massiliensis
2026-05-21 13:49:54.449897 INFO::Fitting model to feature number 105, s__Actinomyces.sp001278845
2026-05-21 13:49:54.453645 INFO::Fitting model to feature number 106, s__Actinomyces.timonensis
2026-05-21 13:49:54.456873 INFO::Fitting model to feature number 107, s__Bifidobacterium.swidsinskii
2026-05-21 13:49:54.466051 INFO::Fitting model to feature number 108, s__Peptidiphaga.sp000466165
2026-05-21 13:49:54.489563 INFO::Fitting model to feature number 109, s__Peptidiphaga.gingivicola
2026-05-21 13:49:54.496149 INFO::Fitting model to feature number 110, s__HROM_Genome_0348
2026-05-21 13:49:54.500357 INFO::Fitting model to feature number 111, s__HROM_Genome_0349
2026-05-21 13:49:54.514565 INFO::Fitting model to feature number 112, s__Peptidiphaga.sp905373325
2026-05-21 13:49:54.556397 INFO::Fitting model to feature number 113, s__HROM_Genome_0351
2026-05-21 13:49:54.56 INFO::Fitting model to feature number 114, s__Alloscardovia.omnicolens
2026-05-21 13:49:54.5672 INFO::Fitting model to feature number 115, s__Parascardovia.denticolens
2026-05-21 13:49:54.572508 INFO::Fitting model to feature number 116, s__Bifidobacterium.dentium
2026-05-21 13:49:54.575893 INFO::Fitting model to feature number 117, s__Bifidobacterium.longum
2026-05-21 13:49:54.579511 INFO::Fitting model to feature number 118, s__Corynebacterium.durum
2026-05-21 13:49:54.582793 INFO::Fitting model to feature number 119, s__Corynebacterium.matruchotii
2026-05-21 13:49:54.608742 INFO::Fitting model to feature number 120, s__HROM_Genome_0382
2026-05-21 13:49:54.612104 INFO::Fitting model to feature number 121, s__Corynebacterium.argentoratense
2026-05-21 13:49:54.61529 INFO::Fitting model to feature number 122, s__Cutibacterium.acnes
2026-05-21 13:49:54.61847 INFO::Fitting model to feature number 123, s__Arachnia.propionica
2026-05-21 13:49:54.634044 INFO::Fitting model to feature number 124, s__Arachnia.rubra
2026-05-21 13:49:54.643161 INFO::Fitting model to feature number 125, s__HROM_Genome_0390
2026-05-21 13:49:54.646421 INFO::Fitting model to feature number 126, s__Arachnia.sp905372155
2026-05-21 13:49:54.649638 INFO::Fitting model to feature number 127, s__Arachnia.sp013333945
2026-05-21 13:49:54.652897 INFO::Fitting model to feature number 128, s__HROM_Genome_0395
2026-05-21 13:49:54.656125 INFO::Fitting model to feature number 129, s__HROM_Genome_0396
2026-05-21 13:49:54.671181 INFO::Fitting model to feature number 130, s__Propionibacterium.acidifaciens
2026-05-21 13:49:54.69176 INFO::Fitting model to feature number 131, s__Cryptobacterium.curtum
2026-05-21 13:49:54.695055 INFO::Fitting model to feature number 132, s__Olsenella.uli
2026-05-21 13:49:54.69838 INFO::Fitting model to feature number 133, s__Olsenella_I.phocaeensis
2026-05-21 13:49:54.701593 INFO::Fitting model to feature number 134, s__Fannyhessea.vaginae
2026-05-21 13:49:54.70484 INFO::Fitting model to feature number 135, s__HROM_Genome_0409
2026-05-21 13:49:54.708105 INFO::Fitting model to feature number 136, s__Lancefieldella.sp000411555
2026-05-21 13:49:54.711251 INFO::Fitting model to feature number 137, s__Lancefieldella.sp015258605
2026-05-21 13:49:54.714557 INFO::Fitting model to feature number 138, s__Lancefieldella.sp000564995
2026-05-21 13:49:54.736001 INFO::Fitting model to feature number 139, s__Lancefieldella.sp015258485
2026-05-21 13:49:54.739226 INFO::Fitting model to feature number 140, s__Lancefieldella.parvula
2026-05-21 13:49:54.74246 INFO::Fitting model to feature number 141, s__HROM_Genome_0430
2026-05-21 13:49:54.750629 INFO::Fitting model to feature number 142, s__HROM_Genome_0434
2026-05-21 13:49:54.754516 INFO::Fitting model to feature number 143, s__Lancefieldella.sp000564995.1
2026-05-21 13:49:54.757725 INFO::Fitting model to feature number 144, s__Lancefieldella.sp000564995.2
2026-05-21 13:49:54.760995 INFO::Fitting model to feature number 145, s__Lancefieldella.sp000564995.3
2026-05-21 13:49:54.764182 INFO::Fitting model to feature number 146, s__Lancefieldella.sp000564995.4
2026-05-21 13:49:54.767306 INFO::Fitting model to feature number 147, s__HROM_Genome_0455
2026-05-21 13:49:54.788471 INFO::Fitting model to feature number 148, s__HROM_Genome_0485
2026-05-21 13:49:54.791873 INFO::Fitting model to feature number 149, s__Lancefieldella.sp015259105
2026-05-21 13:49:54.795183 INFO::Fitting model to feature number 150, s__HROM_Genome_0501
2026-05-21 13:49:54.798495 INFO::Fitting model to feature number 151, s__HROM_Genome_0520
2026-05-21 13:49:54.801775 INFO::Fitting model to feature number 152, s__Lancefieldella.sp000564995.7
2026-05-21 13:49:54.805042 INFO::Fitting model to feature number 153, s__Lancefieldella.sp000564995.8
2026-05-21 13:49:54.808214 INFO::Fitting model to feature number 154, s__HROM_Genome_0622
2026-05-21 13:49:54.811515 INFO::Fitting model to feature number 155, s__Lancefieldella.sp000564995.9
2026-05-21 13:49:54.814694 INFO::Fitting model to feature number 156, s__Lancefieldella.sp000564995.10
2026-05-21 13:49:54.818748 INFO::Fitting model to feature number 157, s__Lancefieldella.sp902373375
2026-05-21 13:49:54.846358 INFO::Fitting model to feature number 158, s__HROM_Genome_0698
2026-05-21 13:49:54.849633 INFO::Fitting model to feature number 159, s__Lancefieldella.sp000564995.11
2026-05-21 13:49:54.8529 INFO::Fitting model to feature number 160, s__HROM_Genome_0706
2026-05-21 13:49:54.856181 INFO::Fitting model to feature number 161, s__HROM_Genome_0711
2026-05-21 13:49:54.859488 INFO::Fitting model to feature number 162, s__HROM_Genome_0712
2026-05-21 13:49:54.862755 INFO::Fitting model to feature number 163, s__Lancefieldella.sp000564995.12
2026-05-21 13:49:54.866003 INFO::Fitting model to feature number 164, s__HROM_Genome_0716
2026-05-21 13:49:54.869593 INFO::Fitting model to feature number 165, s__Lancefieldella.sp000564995.13
2026-05-21 13:49:54.885896 INFO::Fitting model to feature number 166, s__Lancefieldella.sp000564995.14
2026-05-21 13:49:54.889169 INFO::Fitting model to feature number 167, s__HROM_Genome_0722
2026-05-21 13:49:54.923853 INFO::Fitting model to feature number 168, s__HROM_Genome_0746
2026-05-21 13:49:54.935834 INFO::Fitting model to feature number 169, s__HROM_Genome_0748
2026-05-21 13:49:54.954128 INFO::Fitting model to feature number 170, s__HROM_Genome_0761
2026-05-21 13:49:54.997754 INFO::Fitting model to feature number 171, s__Lancefieldella.sp000564995.16
2026-05-21 13:49:55.02503 INFO::Fitting model to feature number 172, s__Lancefieldella.sp000564995.17
2026-05-21 13:49:55.046742 INFO::Fitting model to feature number 173, s__HROM_Genome_0795
2026-05-21 13:49:55.069932 INFO::Fitting model to feature number 174, s__Lancefieldella.sp000564995.18
2026-05-21 13:49:55.077117 INFO::Fitting model to feature number 175, s__Lancefieldella.sp000564995.19
2026-05-21 13:49:55.08659 INFO::Fitting model to feature number 176, s__Lancefieldella.sp000564995.20
2026-05-21 13:49:55.100897 INFO::Fitting model to feature number 177, s__Lancefieldella.sp000564995.22
2026-05-21 13:49:55.104442 INFO::Fitting model to feature number 178, s__HROM_Genome_0875
2026-05-21 13:49:55.107765 INFO::Fitting model to feature number 179, s__HROM_Genome_0877
2026-05-21 13:49:55.111024 INFO::Fitting model to feature number 180, s__HROM_Genome_0878
2026-05-21 13:49:55.114371 INFO::Fitting model to feature number 181, s__HROM_Genome_0885
2026-05-21 13:49:55.11772 INFO::Fitting model to feature number 182, s__HROM_Genome_0924
2026-05-21 13:49:55.120917 INFO::Fitting model to feature number 183, s__HROM_Genome_0934
2026-05-21 13:49:55.128978 INFO::Fitting model to feature number 184, s__HROM_Genome_0948
2026-05-21 13:49:55.150411 INFO::Fitting model to feature number 185, s__Slackia.exigua
2026-05-21 13:49:55.183292 INFO::Fitting model to feature number 186, s__Olsenella_F.sp001189515
2026-05-21 13:49:55.186582 INFO::Fitting model to feature number 187, s__HROM_Genome_0958
2026-05-21 13:49:55.208719 INFO::Fitting model to feature number 188, s__HROM_Genome_0960
2026-05-21 13:49:55.212224 INFO::Fitting model to feature number 189, s__Olsenella_F.profusa_A
2026-05-21 13:49:55.215625 INFO::Fitting model to feature number 190, s__HROM_Genome_0963
2026-05-21 13:49:55.218922 INFO::Fitting model to feature number 191, s__Prevotella.sp905372445
2026-05-21 13:49:55.222299 INFO::Fitting model to feature number 192, s__Prevotella.koreensis
2026-05-21 13:49:55.225619 INFO::Fitting model to feature number 193, s__Prevotella.multisaccharivorax
2026-05-21 13:49:55.228892 INFO::Fitting model to feature number 194, s__Prevotella.denticola
2026-05-21 13:49:55.232162 INFO::Fitting model to feature number 195, s__Prevotella.multiformis
2026-05-21 13:49:55.235468 INFO::Fitting model to feature number 196, s__Prevotella.sp000257925
2026-05-21 13:49:55.238715 INFO::Fitting model to feature number 197, s__Prevotella.veroralis
2026-05-21 13:49:55.242261 INFO::Fitting model to feature number 198, s__Prevotella.histicola
2026-05-21 13:49:55.245536 INFO::Fitting model to feature number 199, s__Prevotella.melaninogenica
2026-05-21 13:49:55.248874 INFO::Fitting model to feature number 200, s__Prevotella.melaninogenica_A
2026-05-21 13:49:55.252189 INFO::Fitting model to feature number 201, s__Prevotella.jejuni
2026-05-21 13:49:55.272585 INFO::Fitting model to feature number 202, s__HROM_Genome_0980
2026-05-21 13:49:55.284652 INFO::Fitting model to feature number 203, s__HROM_Genome_0982
2026-05-21 13:49:55.288212 INFO::Fitting model to feature number 204, s__Prevotella.sp000467895
2026-05-21 13:49:55.320469 INFO::Fitting model to feature number 205, s__Prevotella.fusca
2026-05-21 13:49:55.335768 INFO::Fitting model to feature number 206, s__HROM_Genome_0985
2026-05-21 13:49:55.36138 INFO::Fitting model to feature number 207, s__Prevotella.scopos
2026-05-21 13:49:55.374501 INFO::Fitting model to feature number 208, s__Prevotella.nigrescens
2026-05-21 13:49:55.391694 INFO::Fitting model to feature number 209, s__Prevotella.aurantiaca
2026-05-21 13:49:55.399518 INFO::Fitting model to feature number 210, s__Prevotella.pallens
2026-05-21 13:49:55.405422 INFO::Fitting model to feature number 211, s__Prevotella.intermedia
2026-05-21 13:49:55.418894 INFO::Fitting model to feature number 212, s__HROM_Genome_1001
2026-05-21 13:49:55.422664 INFO::Fitting model to feature number 213, s__HROM_Genome_1003
2026-05-21 13:49:55.432451 INFO::Fitting model to feature number 214, s__Prevotella.nanceiensis
2026-05-21 13:49:55.439347 INFO::Fitting model to feature number 215, s__Prevotella.sp000163055
2026-05-21 13:49:55.451608 INFO::Fitting model to feature number 216, s__Prevotella.sp015256945
2026-05-21 13:49:55.471413 INFO::Fitting model to feature number 217, s__Prevotella.sp013333285
2026-05-21 13:49:55.475155 INFO::Fitting model to feature number 218, s__Prevotella.sp013333935
2026-05-21 13:49:55.478477 INFO::Fitting model to feature number 219, s__HROM_Genome_1009
2026-05-21 13:49:55.481717 INFO::Fitting model to feature number 220, s__Prevotella.sp003043945
2026-05-21 13:49:55.484928 INFO::Fitting model to feature number 221, s__HROM_Genome_1014
2026-05-21 13:49:55.488238 INFO::Fitting model to feature number 222, s__HROM_Genome_1015
2026-05-21 13:49:55.491466 INFO::Fitting model to feature number 223, s__HROM_Genome_1016
2026-05-21 13:49:55.494899 INFO::Fitting model to feature number 224, s__Prevotella.baroniae
2026-05-21 13:49:55.498136 INFO::Fitting model to feature number 225, s__Prevotella.seregens
2026-05-21 13:49:55.506351 INFO::Fitting model to feature number 226, s__Prevotella.buccae
2026-05-21 13:49:55.529331 INFO::Fitting model to feature number 227, s__HROM_Genome_1021
2026-05-21 13:49:55.551893 INFO::Fitting model to feature number 228, s__Prevotella.sp000599605
2026-05-21 13:49:55.555153 INFO::Fitting model to feature number 229, s__Prevotella.oulorum
2026-05-21 13:49:55.561391 INFO::Fitting model to feature number 230, s__Prevotella.maculosa
2026-05-21 13:49:55.566283 INFO::Fitting model to feature number 231, s__Prevotella.salivae
2026-05-21 13:49:55.587399 INFO::Fitting model to feature number 232, s__Prevotella.oris
2026-05-21 13:49:55.590665 INFO::Fitting model to feature number 233, s__Prevotella.oralis
2026-05-21 13:49:55.593915 INFO::Fitting model to feature number 234, s__HROM_Genome_1030
2026-05-21 13:49:55.597177 INFO::Fitting model to feature number 235, s__Prevotella.pleuritidis
2026-05-21 13:49:55.600368 INFO::Fitting model to feature number 236, s__Prevotella.enoeca
2026-05-21 13:49:55.603592 INFO::Fitting model to feature number 237, s__Prevotella.marshii
2026-05-21 13:49:55.606811 INFO::Fitting model to feature number 238, s__Prevotella.micans
2026-05-21 13:49:55.610992 INFO::Fitting model to feature number 239, s__Alloprevotella.tannerae_A
2026-05-21 13:49:55.61414 INFO::Fitting model to feature number 240, s__Alloprevotella.tannerae_B
2026-05-21 13:49:55.617369 INFO::Fitting model to feature number 241, s__Alloprevotella.tannerae
2026-05-21 13:49:55.620586 INFO::Fitting model to feature number 242, s__HROM_Genome_1042
2026-05-21 13:49:55.623819 INFO::Fitting model to feature number 243, s__Alloprevotella.rava
2026-05-21 13:49:55.62704 INFO::Fitting model to feature number 244, s__Alloprevotella.sp000318095
2026-05-21 13:49:55.630334 INFO::Fitting model to feature number 245, s__Alloprevotella.sp015259235
2026-05-21 13:49:55.659195 INFO::Fitting model to feature number 246, s__Alloprevotella.sp900095835
2026-05-21 13:49:55.679018 INFO::Fitting model to feature number 247, s__Alloprevotella.sp905371275
2026-05-21 13:49:55.68237 INFO::Fitting model to feature number 248, s__Alloprevotella.sp003639005
2026-05-21 13:49:55.685604 INFO::Fitting model to feature number 249, s__Alloprevotella.sp905369775
2026-05-21 13:49:55.71033 INFO::Fitting model to feature number 250, s__Alloprevotella.sp015257125
2026-05-21 13:49:55.764251 INFO::Fitting model to feature number 251, s__HROM_Genome_1066
2026-05-21 13:49:55.776153 INFO::Fitting model to feature number 252, s__Bacteroides_D.sp905373665
2026-05-21 13:49:55.783732 INFO::Fitting model to feature number 253, s__Bacteroides_D.sp905373475
2026-05-21 13:49:55.84487 INFO::Fitting model to feature number 254, s__HROM_Genome_1074
2026-05-21 13:49:55.871987 INFO::Fitting model to feature number 255, s__Bacteroides_D.sp013333835
2026-05-21 13:49:55.890657 INFO::Fitting model to feature number 256, s__Bacteroides_D.periocalifornicus
2026-05-21 13:49:55.925987 INFO::Fitting model to feature number 257, s__Bacteroides_D.sp013333195
2026-05-21 13:49:55.93469 INFO::Fitting model to feature number 258, s__F0058.sp000163695
2026-05-21 13:49:55.93915 INFO::Fitting model to feature number 259, s__F0058.sp905372135
2026-05-21 13:49:55.947132 INFO::Fitting model to feature number 260, s__F0058.sp905372605
2026-05-21 13:49:55.952741 INFO::Fitting model to feature number 261, s__Porphyromonas.catoniae
2026-05-21 13:49:55.956244 INFO::Fitting model to feature number 262, s__HROM_Genome_1089
2026-05-21 13:49:55.964589 INFO::Fitting model to feature number 263, s__Porphyromonas.sp905372525
2026-05-21 13:49:55.978617 INFO::Fitting model to feature number 264, s__Porphyromonas.sp018127745
2026-05-21 13:49:55.983356 INFO::Fitting model to feature number 265, s__Porphyromonas.sp000467855
2026-05-21 13:49:55.986609 INFO::Fitting model to feature number 266, s__Porphyromonas.pasteri
2026-05-21 13:49:56.013766 INFO::Fitting model to feature number 267, s__HROM_Genome_1101
2026-05-21 13:49:56.022131 INFO::Fitting model to feature number 268, s__Porphyromonas.gingivalis
2026-05-21 13:49:56.0261 INFO::Fitting model to feature number 269, s__Tannerella.forsythia
2026-05-21 13:49:56.029385 INFO::Fitting model to feature number 270, s__HROM_Genome_1111
2026-05-21 13:49:56.032572 INFO::Fitting model to feature number 271, s__Tannerella.sp003033925
2026-05-21 13:49:56.035742 INFO::Fitting model to feature number 272, s__Tannerella.sp002890585
2026-05-21 13:49:56.039016 INFO::Fitting model to feature number 273, s__HROM_Genome_1115
2026-05-21 13:49:56.059902 INFO::Fitting model to feature number 274, s__HROM_Genome_1116
2026-05-21 13:49:56.063194 INFO::Fitting model to feature number 275, s__Prevotella.saccharolytica
2026-05-21 13:49:56.066416 INFO::Fitting model to feature number 276, s__HROM_Genome_1125
2026-05-21 13:49:56.069654 INFO::Fitting model to feature number 277, s__Porphyromonas.endodontalis
2026-05-21 13:49:56.07283 INFO::Fitting model to feature number 278, s__Porphyromonas.sp003640335
2026-05-21 13:49:56.076063 INFO::Fitting model to feature number 279, s__Porphyromonas.sp003640335.1
2026-05-21 13:49:56.079337 INFO::Fitting model to feature number 280, s__Phocaeicola.abscessus
2026-05-21 13:49:56.100415 INFO::Fitting model to feature number 281, s__HROM_Genome_1142
2026-05-21 13:49:56.115969 INFO::Fitting model to feature number 282, s__Prevotella.sp018127805
2026-05-21 13:49:56.133159 INFO::Fitting model to feature number 283, s__Bacteroides.heparinolyticus
2026-05-21 13:49:56.15025 INFO::Fitting model to feature number 284, s__Prevotella.shahii
2026-05-21 13:49:56.169263 INFO::Fitting model to feature number 285, s__Prevotella.conceptionensis
2026-05-21 13:49:56.193307 INFO::Fitting model to feature number 286, s__HROM_Genome_1159
2026-05-21 13:49:56.201412 INFO::Fitting model to feature number 287, s__Prevotella.loescheii
2026-05-21 13:49:56.223624 INFO::Fitting model to feature number 288, s__Prevotella.sp905373605
2026-05-21 13:49:56.235716 INFO::Fitting model to feature number 289, s__HROM_Genome_1174
2026-05-21 13:49:56.249227 INFO::Fitting model to feature number 290, s__Capnocytophaga.sp000192225
2026-05-21 13:49:56.253608 INFO::Fitting model to feature number 291, s__HROM_Genome_1185
2026-05-21 13:49:56.26019 INFO::Fitting model to feature number 292, s__HROM_Genome_1187
2026-05-21 13:49:56.267716 INFO::Fitting model to feature number 293, s__JABCPE02.sp013333875
2026-05-21 13:49:56.272632 INFO::Fitting model to feature number 294, s__HROM_Genome_1196
2026-05-21 13:49:56.277234 INFO::Fitting model to feature number 295, s__Bergeyella_A.cardium
2026-05-21 13:49:56.308036 INFO::Fitting model to feature number 296, s__HROM_Genome_1209
2026-05-21 13:49:56.317605 INFO::Fitting model to feature number 297, s__Capnocytophaga.granulosa
2026-05-21 13:49:56.320821 INFO::Fitting model to feature number 298, s__Capnocytophaga.gingivalis
2026-05-21 13:49:56.324006 INFO::Fitting model to feature number 299, s__HROM_Genome_1212
2026-05-21 13:49:56.327214 INFO::Fitting model to feature number 300, s__Capnocytophaga.sp000466425
2026-05-21 13:49:56.330402 INFO::Fitting model to feature number 301, s__HROM_Genome_1214
2026-05-21 13:49:56.333633 INFO::Fitting model to feature number 302, s__HROM_Genome_1215
2026-05-21 13:49:56.336825 INFO::Fitting model to feature number 303, s__Capnocytophaga.sp905372595
2026-05-21 13:49:56.340032 INFO::Fitting model to feature number 304, s__HROM_Genome_1217
2026-05-21 13:49:56.343183 INFO::Fitting model to feature number 305, s__Capnocytophaga.haemolytica
2026-05-21 13:49:56.346471 INFO::Fitting model to feature number 306, s__Capnocytophaga.bilenii
2026-05-21 13:49:56.350822 INFO::Fitting model to feature number 307, s__Capnocytophaga.ochracea
2026-05-21 13:49:56.354497 INFO::Fitting model to feature number 308, s__Capnocytophaga.endodontalis
2026-05-21 13:49:56.357702 INFO::Fitting model to feature number 309, s__Capnocytophaga.leadbetteri
2026-05-21 13:49:56.366812 INFO::Fitting model to feature number 310, s__HROM_Genome_1226
2026-05-21 13:49:56.37055 INFO::Fitting model to feature number 311, s__Capnocytophaga.sputigena
2026-05-21 13:49:56.373878 INFO::Fitting model to feature number 312, s__Campylobacter_A.curvus
2026-05-21 13:49:56.377031 INFO::Fitting model to feature number 313, s__Campylobacter_A.concisus_C
2026-05-21 13:49:56.380268 INFO::Fitting model to feature number 314, s__Campylobacter_A.concisus_O
2026-05-21 13:49:56.383455 INFO::Fitting model to feature number 315, s__Campylobacter_A.concisus
2026-05-21 13:49:56.386688 INFO::Fitting model to feature number 316, s__Campylobacter_A.concisus_Q
2026-05-21 13:49:56.389916 INFO::Fitting model to feature number 317, s__Campylobacter_A.concisus_M
2026-05-21 13:49:56.393116 INFO::Fitting model to feature number 318, s__Campylobacter_A.concisus_Y
2026-05-21 13:49:56.396404 INFO::Fitting model to feature number 319, s__Campylobacter_A.concisus_AF
2026-05-21 13:49:56.399638 INFO::Fitting model to feature number 320, s__HROM_Genome_1261
2026-05-21 13:49:56.402805 INFO::Fitting model to feature number 321, s__HROM_Genome_1263
2026-05-21 13:49:56.406008 INFO::Fitting model to feature number 322, s__HROM_Genome_1264
2026-05-21 13:49:56.409171 INFO::Fitting model to feature number 323, s__HROM_Genome_1265
2026-05-21 13:49:56.412328 INFO::Fitting model to feature number 324, s__HROM_Genome_1266
2026-05-21 13:49:56.415508 INFO::Fitting model to feature number 325, s__HROM_Genome_1267
2026-05-21 13:49:56.418654 INFO::Fitting model to feature number 326, s__HROM_Genome_1272
2026-05-21 13:49:56.421834 INFO::Fitting model to feature number 327, s__HROM_Genome_1275
2026-05-21 13:49:56.425042 INFO::Fitting model to feature number 328, s__HROM_Genome_1277
2026-05-21 13:49:56.428247 INFO::Fitting model to feature number 329, s__HROM_Genome_1286
2026-05-21 13:49:56.431397 INFO::Fitting model to feature number 330, s__HROM_Genome_1297
2026-05-21 13:49:56.434667 INFO::Fitting model to feature number 331, s__HROM_Genome_1312
2026-05-21 13:49:56.437897 INFO::Fitting model to feature number 332, s__HROM_Genome_1316
2026-05-21 13:49:56.441093 INFO::Fitting model to feature number 333, s__HROM_Genome_1320
2026-05-21 13:49:56.444261 INFO::Fitting model to feature number 334, s__HROM_Genome_1321
2026-05-21 13:49:56.44743 INFO::Fitting model to feature number 335, s__HROM_Genome_1329
2026-05-21 13:49:56.450607 INFO::Fitting model to feature number 336, s__HROM_Genome_1333
2026-05-21 13:49:56.453769 INFO::Fitting model to feature number 337, s__HROM_Genome_1334
2026-05-21 13:49:56.456985 INFO::Fitting model to feature number 338, s__HROM_Genome_1338
2026-05-21 13:49:56.460138 INFO::Fitting model to feature number 339, s__HROM_Genome_1341
2026-05-21 13:49:56.463289 INFO::Fitting model to feature number 340, s__HROM_Genome_1342
2026-05-21 13:49:56.466449 INFO::Fitting model to feature number 341, s__HROM_Genome_1346
2026-05-21 13:49:56.469584 INFO::Fitting model to feature number 342, s__HROM_Genome_1353
2026-05-21 13:49:56.491029 INFO::Fitting model to feature number 343, s__HROM_Genome_1356
2026-05-21 13:49:56.516244 INFO::Fitting model to feature number 344, s__HROM_Genome_1358
2026-05-21 13:49:56.531646 INFO::Fitting model to feature number 345, s__HROM_Genome_1359
2026-05-21 13:49:56.561306 INFO::Fitting model to feature number 346, s__Campylobacter_A.concisus_C.1
2026-05-21 13:49:56.580782 INFO::Fitting model to feature number 347, s__HROM_Genome_1368
2026-05-21 13:49:56.596324 INFO::Fitting model to feature number 348, s__HROM_Genome_1369
2026-05-21 13:49:56.605944 INFO::Fitting model to feature number 349, s__HROM_Genome_1372
2026-05-21 13:49:56.624635 INFO::Fitting model to feature number 350, s__HROM_Genome_1381
2026-05-21 13:49:56.633167 INFO::Fitting model to feature number 351, s__HROM_Genome_1486
2026-05-21 13:49:56.638919 INFO::Fitting model to feature number 352, s__HROM_Genome_1499
2026-05-21 13:49:56.642336 INFO::Fitting model to feature number 353, s__HROM_Genome_1515
2026-05-21 13:49:56.660068 INFO::Fitting model to feature number 354, s__Campylobacter_A.rectus
2026-05-21 13:49:56.670004 INFO::Fitting model to feature number 355, s__Campylobacter_A.showae_A
2026-05-21 13:49:56.676892 INFO::Fitting model to feature number 356, s__HROM_Genome_1525
2026-05-21 13:49:56.680117 INFO::Fitting model to feature number 357, s__Campylobacter_A.sp905371695
2026-05-21 13:49:56.68342 INFO::Fitting model to feature number 358, s__HROM_Genome_1539
2026-05-21 13:49:56.703223 INFO::Fitting model to feature number 359, s__HROM_Genome_1541
2026-05-21 13:49:56.706617 INFO::Fitting model to feature number 360, s__HROM_Genome_1542
2026-05-21 13:49:56.709853 INFO::Fitting model to feature number 361, s__Campylobacter_A.sp905372745.3
2026-05-21 13:49:56.713072 INFO::Fitting model to feature number 362, s__HROM_Genome_1575
2026-05-21 13:49:56.71646 INFO::Fitting model to feature number 363, s__HROM_Genome_1588
2026-05-21 13:49:56.719712 INFO::Fitting model to feature number 364, s__HROM_Genome_1644
2026-05-21 13:49:56.722955 INFO::Fitting model to feature number 365, s__Flexilinea.sp001717545
2026-05-21 13:49:56.726186 INFO::Fitting model to feature number 366, s__HROM_Genome_1646
2026-05-21 13:49:56.729794 INFO::Fitting model to feature number 367, s__Desulfobulbus.oralis
2026-05-21 13:49:56.733019 INFO::Fitting model to feature number 368, s__Desulfomicrobium.orale
2026-05-21 13:49:56.736218 INFO::Fitting model to feature number 369, s__HROM_Genome_1664
2026-05-21 13:49:56.739484 INFO::Fitting model to feature number 370, s__HROM_Genome_1665
2026-05-21 13:49:56.742768 INFO::Fitting model to feature number 371, s__Pseudoramibacter.alactolyticus
2026-05-21 13:49:56.746425 INFO::Fitting model to feature number 372, s__Shuttleworthia.satelles
2026-05-21 13:49:56.749705 INFO::Fitting model to feature number 373, s__Butyrivibrio.sp015258065
2026-05-21 13:49:56.752951 INFO::Fitting model to feature number 374, s__HROM_Genome_1674
2026-05-21 13:49:56.756212 INFO::Fitting model to feature number 375, s__HROM_Genome_1675
2026-05-21 13:49:56.759423 INFO::Fitting model to feature number 376, s__Catonella.massiliensis
2026-05-21 13:49:56.762719 INFO::Fitting model to feature number 377, s__HROM_Genome_1679
2026-05-21 13:49:56.765996 INFO::Fitting model to feature number 378, s__HROM_Genome_1681
2026-05-21 13:49:56.769295 INFO::Fitting model to feature number 379, s__Catonella.morbi
2026-05-21 13:49:56.784921 INFO::Fitting model to feature number 380, s__HROM_Genome_1683
2026-05-21 13:49:56.788194 INFO::Fitting model to feature number 381, s__HROM_Genome_1684
2026-05-21 13:49:56.796456 INFO::Fitting model to feature number 382, s__HROM_Genome_1688
2026-05-21 13:49:56.807072 INFO::Fitting model to feature number 383, s__HROM_Genome_1690
2026-05-21 13:49:56.81035 INFO::Fitting model to feature number 384, s__HROM_Genome_1692
2026-05-21 13:49:56.81357 INFO::Fitting model to feature number 385, s__HROM_Genome_1696
2026-05-21 13:49:56.816895 INFO::Fitting model to feature number 386, s__HROM_Genome_1700
2026-05-21 13:49:56.820138 INFO::Fitting model to feature number 387, s__HROM_Genome_1701
2026-05-21 13:49:56.823346 INFO::Fitting model to feature number 388, s__HROM_Genome_1702
2026-05-21 13:49:56.845181 INFO::Fitting model to feature number 389, s__HROM_Genome_1703
2026-05-21 13:49:56.85124 INFO::Fitting model to feature number 390, s__HROM_Genome_1704
2026-05-21 13:49:56.854509 INFO::Fitting model to feature number 391, s__Johnsonella.sp905373785
2026-05-21 13:49:56.857754 INFO::Fitting model to feature number 392, s__Johnsonella.sp900766185
2026-05-21 13:49:56.866175 INFO::Fitting model to feature number 393, s__HROM_Genome_1707
2026-05-21 13:49:56.870063 INFO::Fitting model to feature number 394, s__Johnsonella.ignava
2026-05-21 13:49:56.87333 INFO::Fitting model to feature number 395, s__HROM_Genome_1709
2026-05-21 13:49:56.8766 INFO::Fitting model to feature number 396, s__Oribacterium.sp015258095
2026-05-21 13:49:56.87986 INFO::Fitting model to feature number 397, s__F0428.sp003043955
2026-05-21 13:49:56.883134 INFO::Fitting model to feature number 398, s__Lachnoanaerobaculum.sp000287675
2026-05-21 13:49:56.886377 INFO::Fitting model to feature number 399, s__Lachnoanaerobaculum.orale
2026-05-21 13:49:56.889669 INFO::Fitting model to feature number 400, s__Lachnoanaerobaculum.sp000209465
2026-05-21 13:49:56.892912 INFO::Fitting model to feature number 401, s__Lachnoanaerobaculum.gingivalis
2026-05-21 13:49:56.89617 INFO::Fitting model to feature number 402, s__HROM_Genome_1717
2026-05-21 13:49:56.899428 INFO::Fitting model to feature number 403, s__Lachnoanaerobaculum.umeaense
2026-05-21 13:49:56.902809 INFO::Fitting model to feature number 404, s__Lachnoanaerobaculum.saburreum
2026-05-21 13:49:56.906139 INFO::Fitting model to feature number 405, s__HROM_Genome_1725
2026-05-21 13:49:56.909482 INFO::Fitting model to feature number 406, s__Acetatifactor.sp900755865
2026-05-21 13:49:56.91326 INFO::Fitting model to feature number 407, s__Oribacterium.parvum
2026-05-21 13:49:56.916537 INFO::Fitting model to feature number 408, s__Oribacterium.sinus
2026-05-21 13:49:56.9198 INFO::Fitting model to feature number 409, s__Oribacterium.sinus.1
2026-05-21 13:49:56.938361 INFO::Fitting model to feature number 410, s__Oribacterium.asaccharolyticum
2026-05-21 13:49:56.946105 INFO::Fitting model to feature number 411, s__HROM_Genome_1742
2026-05-21 13:49:56.949764 INFO::Fitting model to feature number 412, s__HROM_Genome_1746
2026-05-21 13:49:56.952971 INFO::Fitting model to feature number 413, s__HROM_Genome_1750
2026-05-21 13:49:56.978177 INFO::Fitting model to feature number 414, s__HROM_Genome_1753
2026-05-21 13:49:56.988913 INFO::Fitting model to feature number 415, s__HROM_Genome_1757
2026-05-21 13:49:57.008116 INFO::Fitting model to feature number 416, s__HROM_Genome_1758
2026-05-21 13:49:57.02542 INFO::Fitting model to feature number 417, s__HROM_Genome_1762
2026-05-21 13:49:57.035604 INFO::Fitting model to feature number 418, s__HROM_Genome_1765
2026-05-21 13:49:57.061332 INFO::Fitting model to feature number 419, s__HROM_Genome_1766
2026-05-21 13:49:57.109116 INFO::Fitting model to feature number 420, s__HROM_Genome_1769
2026-05-21 13:49:57.139866 INFO::Fitting model to feature number 421, s__HROM_Genome_1771
2026-05-21 13:49:57.161046 INFO::Fitting model to feature number 422, s__Oribacterium.sinus.3
2026-05-21 13:49:57.165555 INFO::Fitting model to feature number 423, s__Oribacterium.sinus.4
2026-05-21 13:49:57.168867 INFO::Fitting model to feature number 424, s__HROM_Genome_1799
2026-05-21 13:49:57.174573 INFO::Fitting model to feature number 425, s__HROM_Genome_1804
2026-05-21 13:49:57.189914 INFO::Fitting model to feature number 426, s__HROM_Genome_1810
2026-05-21 13:49:57.193163 INFO::Fitting model to feature number 427, s__Oribacterium.sinus.5
2026-05-21 13:49:57.196473 INFO::Fitting model to feature number 428, s__HROM_Genome_1815
2026-05-21 13:49:57.199717 INFO::Fitting model to feature number 429, s__Oribacterium.sinus.6
2026-05-21 13:49:57.202986 INFO::Fitting model to feature number 430, s__HROM_Genome_1828
2026-05-21 13:49:57.206248 INFO::Fitting model to feature number 431, s__HROM_Genome_1833
2026-05-21 13:49:57.209525 INFO::Fitting model to feature number 432, s__HROM_Genome_1836
2026-05-21 13:49:57.212802 INFO::Fitting model to feature number 433, s__HROM_Genome_1841
2026-05-21 13:49:57.216012 INFO::Fitting model to feature number 434, s__HROM_Genome_1843
2026-05-21 13:49:57.224917 INFO::Fitting model to feature number 435, s__Oribacterium.sinus.7
2026-05-21 13:49:57.228638 INFO::Fitting model to feature number 436, s__HROM_Genome_1849
2026-05-21 13:49:57.231906 INFO::Fitting model to feature number 437, s__HROM_Genome_1853
2026-05-21 13:49:57.235269 INFO::Fitting model to feature number 438, s__HROM_Genome_1855
2026-05-21 13:49:57.238579 INFO::Fitting model to feature number 439, s__HROM_Genome_1862
2026-05-21 13:49:57.241852 INFO::Fitting model to feature number 440, s__UBA4285.sp900542465
2026-05-21 13:49:57.245102 INFO::Fitting model to feature number 441, s__W11650.sp002999035
2026-05-21 13:49:57.27877 INFO::Fitting model to feature number 442, s__HROM_Genome_1877
2026-05-21 13:49:57.289111 INFO::Fitting model to feature number 443, s__HROM_Genome_1878
2026-05-21 13:49:57.295963 INFO::Fitting model to feature number 444, s__HROM_Genome_1880
2026-05-21 13:49:57.299343 INFO::Fitting model to feature number 445, s__HROM_Genome_1882
2026-05-21 13:49:57.302906 INFO::Fitting model to feature number 446, s__Oribacterium.sp000160135
2026-05-21 13:49:57.306227 INFO::Fitting model to feature number 447, s__Oribacterium.sp013394775
2026-05-21 13:49:57.309496 INFO::Fitting model to feature number 448, s__HROM_Genome_1888
2026-05-21 13:49:57.312835 INFO::Fitting model to feature number 449, s__Stomatobaculum.longum
2026-05-21 13:49:57.316441 INFO::Fitting model to feature number 450, s__HROM_Genome_1890
2026-05-21 13:49:57.320026 INFO::Fitting model to feature number 451, s__Stomatobaculum.longum_A
2026-05-21 13:49:57.323283 INFO::Fitting model to feature number 452, s__HROM_Genome_1892
2026-05-21 13:49:57.326946 INFO::Fitting model to feature number 453, s__HROM_Genome_1893
2026-05-21 13:49:57.330243 INFO::Fitting model to feature number 454, s__Stomatobaculum.longum_A.1
2026-05-21 13:49:57.333455 INFO::Fitting model to feature number 455, s__HROM_Genome_1909
2026-05-21 13:49:57.336808 INFO::Fitting model to feature number 456, s__Mogibacterium.timidum
2026-05-21 13:49:57.340044 INFO::Fitting model to feature number 457, s__Mogibacterium.diversum
2026-05-21 13:49:57.343461 INFO::Fitting model to feature number 458, s__HROM_Genome_1912
2026-05-21 13:49:57.347003 INFO::Fitting model to feature number 459, s__HROM_Genome_1913
2026-05-21 13:49:57.390003 INFO::Fitting model to feature number 460, s__HROM_Genome_1914
2026-05-21 13:49:57.410035 INFO::Fitting model to feature number 461, s__HROM_Genome_1915
2026-05-21 13:49:57.449973 INFO::Fitting model to feature number 462, s__HROM_Genome_1916
2026-05-21 13:49:57.464589 INFO::Fitting model to feature number 463, s__Mogibacterium.pumilum
2026-05-21 13:49:57.481586 INFO::Fitting model to feature number 464, s__HROM_Genome_1919
2026-05-21 13:49:57.50383 INFO::Fitting model to feature number 465, s__Eubacterium_B.sulci
2026-05-21 13:49:57.532203 INFO::Fitting model to feature number 466, s__Eubacterium_B.infirmum
2026-05-21 13:49:57.549954 INFO::Fitting model to feature number 467, s__HROM_Genome_1922
2026-05-21 13:49:57.557546 INFO::Fitting model to feature number 468, s__HROM_Genome_1923
2026-05-21 13:49:57.560767 INFO::Fitting model to feature number 469, s__HROM_Genome_1924
2026-05-21 13:49:57.563995 INFO::Fitting model to feature number 470, s__JABZIP01.sp015258265
2026-05-21 13:49:57.582244 INFO::Fitting model to feature number 471, s__Peptostreptococcus.sp900759325
2026-05-21 13:49:57.590256 INFO::Fitting model to feature number 472, s__Peptostreptococcus.stomatis
2026-05-21 13:49:57.593693 INFO::Fitting model to feature number 473, s__Filifactor.alocis
2026-05-21 13:49:57.597073 INFO::Fitting model to feature number 474, s__HROM_Genome_1934
2026-05-21 13:49:57.600428 INFO::Fitting model to feature number 475, s__HROM_Genome_1937
2026-05-21 13:49:57.609088 INFO::Fitting model to feature number 476, s__Peptoanaerobacter.yurii
2026-05-21 13:49:57.61324 INFO::Fitting model to feature number 477, s__HROM_Genome_1939
2026-05-21 13:49:57.616927 INFO::Fitting model to feature number 478, s__HROM_Genome_1940
2026-05-21 13:49:57.620229 INFO::Fitting model to feature number 479, s__Peptoanaerobacter.stomatis
2026-05-21 13:49:57.624111 INFO::Fitting model to feature number 480, s__Eubacterium_M.brachy
2026-05-21 13:49:57.627402 INFO::Fitting model to feature number 481, s__Hornefia.minuta
2026-05-21 13:49:57.630681 INFO::Fitting model to feature number 482, s__Hornefia.nodata
2026-05-21 13:49:57.649606 INFO::Fitting model to feature number 483, s__Eubacterium_N.saphenum
2026-05-21 13:49:57.655133 INFO::Fitting model to feature number 484, s__CAJPNN01.sp905372035
2026-05-21 13:49:57.658394 INFO::Fitting model to feature number 485, s__CAG.793.sp013333035
2026-05-21 13:49:57.662013 INFO::Fitting model to feature number 486, s__CAG.793.sp013333395
2026-05-21 13:49:57.665233 INFO::Fitting model to feature number 487, s__HROM_Genome_1957
2026-05-21 13:49:57.704511 INFO::Fitting model to feature number 488, s__JABCPO02.sp013333105
2026-05-21 13:49:57.725908 INFO::Fitting model to feature number 489, s__Parvimonas.micra
2026-05-21 13:49:57.744504 INFO::Fitting model to feature number 490, s__Parvimonas.sp015257355
2026-05-21 13:49:57.776872 INFO::Fitting model to feature number 491, s__Parvimonas.sp000214475
2026-05-21 13:49:57.790902 INFO::Fitting model to feature number 492, s__HROM_Genome_1967
2026-05-21 13:49:57.805603 INFO::Fitting model to feature number 493, s__Parvimonas.sp000223315
2026-05-21 13:49:57.811411 INFO::Fitting model to feature number 494, s__W5053.sp000467935
2026-05-21 13:49:57.837592 INFO::Fitting model to feature number 495, s__HROM_Genome_1982
2026-05-21 13:49:57.855881 INFO::Fitting model to feature number 496, s__HROM_Genome_1983
2026-05-21 13:49:57.871775 INFO::Fitting model to feature number 497, s__Eggerthia.catenaformis
2026-05-21 13:49:57.881229 INFO::Fitting model to feature number 498, s__HROM_Genome_2038
2026-05-21 13:49:57.88613 INFO::Fitting model to feature number 499, s__HROM_Genome_2039
2026-05-21 13:49:57.89377 INFO::Fitting model to feature number 500, s__Bulleidia.extructa
2026-05-21 13:49:57.907219 INFO::Fitting model to feature number 501, s__Bulleidia.sp015256775
2026-05-21 13:49:57.912633 INFO::Fitting model to feature number 502, s__Bulleidia.sp015256455
2026-05-21 13:49:57.920533 INFO::Fitting model to feature number 503, s__Bulleidia.moorei
2026-05-21 13:49:57.926453 INFO::Fitting model to feature number 504, s__HROM_Genome_2044
2026-05-21 13:49:57.941221 INFO::Fitting model to feature number 505, s__Bulleidia.sp900554555
2026-05-21 13:49:57.945017 INFO::Fitting model to feature number 506, s__HROM_Genome_2046
2026-05-21 13:49:57.949271 INFO::Fitting model to feature number 507, s__HROM_Genome_2048
2026-05-21 13:49:57.952424 INFO::Fitting model to feature number 508, s__Limosilactobacillus.fermentum
2026-05-21 13:49:57.988668 INFO::Fitting model to feature number 509, s__Limosilactobacillus.oris
2026-05-21 13:49:57.991916 INFO::Fitting model to feature number 510, s__Limosilactobacillus.portuensis
2026-05-21 13:49:57.999517 INFO::Fitting model to feature number 511, s__Limosilactobacillus.vaginalis
2026-05-21 13:49:58.007393 INFO::Fitting model to feature number 512, s__Lactobacillus.delbrueckii
2026-05-21 13:49:58.02283 INFO::Fitting model to feature number 513, s__Ligilactobacillus.salivarius
2026-05-21 13:49:58.042269 INFO::Fitting model to feature number 514, s__Lactobacillus.iners
2026-05-21 13:49:58.05797 INFO::Fitting model to feature number 515, s__Lactobacillus.paragasseri
2026-05-21 13:49:58.061181 INFO::Fitting model to feature number 516, s__Lactobacillus.crispatus
2026-05-21 13:49:58.069611 INFO::Fitting model to feature number 517, s__Lactobacillus.helveticus
2026-05-21 13:49:58.073706 INFO::Fitting model to feature number 518, s__Lactobacillus.acidophilus
2026-05-21 13:49:58.076969 INFO::Fitting model to feature number 519, s__HROM_Genome_2084
2026-05-21 13:49:58.080148 INFO::Fitting model to feature number 520, s__Lactococcus.cremoris
2026-05-21 13:49:58.083376 INFO::Fitting model to feature number 521, s__Lactococcus.lactis
2026-05-21 13:49:58.08655 INFO::Fitting model to feature number 522, s__Streptococcus.salivarius
2026-05-21 13:49:58.089818 INFO::Fitting model to feature number 523, s__Streptococcus.vestibularis
2026-05-21 13:49:58.097123 INFO::Fitting model to feature number 524, s__Streptococcus.sp000187445
2026-05-21 13:49:58.125624 INFO::Fitting model to feature number 525, s__Streptococcus.thermophilus
2026-05-21 13:49:58.146554 INFO::Fitting model to feature number 526, s__HROM_Genome_2092
2026-05-21 13:49:58.152691 INFO::Fitting model to feature number 527, s__HROM_Genome_2093
2026-05-21 13:49:58.181662 INFO::Fitting model to feature number 528, s__Streptococcus.rubneri
2026-05-21 13:49:58.204049 INFO::Fitting model to feature number 529, s__Streptococcus.parasanguinis_B
2026-05-21 13:49:58.217925 INFO::Fitting model to feature number 530, s__Streptococcus.parasanguinis
2026-05-21 13:49:58.223243 INFO::Fitting model to feature number 531, s__Streptococcus.xiaochunlingii
2026-05-21 13:49:58.229986 INFO::Fitting model to feature number 532, s__Streptococcus.koreensis
2026-05-21 13:49:58.236813 INFO::Fitting model to feature number 533, s__Streptococcus.lactarius
2026-05-21 13:49:58.245877 INFO::Fitting model to feature number 534, s__Streptococcus.sp000314795
2026-05-21 13:49:58.255473 INFO::Fitting model to feature number 535, s__Streptococcus.sp902363395
2026-05-21 13:49:58.264304 INFO::Fitting model to feature number 536, s__HROM_Genome_2105
2026-05-21 13:49:58.268191 INFO::Fitting model to feature number 537, s__HROM_Genome_2106
2026-05-21 13:49:58.271663 INFO::Fitting model to feature number 538, s__HROM_Genome_2107
2026-05-21 13:49:58.274875 INFO::Fitting model to feature number 539, s__HROM_Genome_2109
2026-05-21 13:49:58.307983 INFO::Fitting model to feature number 540, s__HROM_Genome_2110
2026-05-21 13:49:58.325886 INFO::Fitting model to feature number 541, s__HROM_Genome_2112
2026-05-21 13:49:58.372588 INFO::Fitting model to feature number 542, s__Streptococcus.parasanguinis_A
2026-05-21 13:49:58.375982 INFO::Fitting model to feature number 543, s__Streptococcus.koreensis.1
2026-05-21 13:49:58.379265 INFO::Fitting model to feature number 544, s__HROM_Genome_2118
2026-05-21 13:49:58.382452 INFO::Fitting model to feature number 545, s__HROM_Genome_2120
2026-05-21 13:49:58.385624 INFO::Fitting model to feature number 546, s__HROM_Genome_2122
2026-05-21 13:49:58.388807 INFO::Fitting model to feature number 547, s__HROM_Genome_2123
2026-05-21 13:49:58.392035 INFO::Fitting model to feature number 548, s__HROM_Genome_2124
2026-05-21 13:49:58.39519 INFO::Fitting model to feature number 549, s__Streptococcus.australis
2026-05-21 13:49:58.398365 INFO::Fitting model to feature number 550, s__Streptococcus.mitis_J
2026-05-21 13:49:58.420848 INFO::Fitting model to feature number 551, s__Streptococcus.mitis_D
2026-05-21 13:49:58.42408 INFO::Fitting model to feature number 552, s__Streptococcus.pseudopneumoniae_M
2026-05-21 13:49:58.427376 INFO::Fitting model to feature number 553, s__Streptococcus.halitosis
2026-05-21 13:49:58.430566 INFO::Fitting model to feature number 554, s__Streptococcus.oralis_BC
2026-05-21 13:49:58.433905 INFO::Fitting model to feature number 555, s__Streptococcus.oralis_AC
2026-05-21 13:49:58.43712 INFO::Fitting model to feature number 556, s__Streptococcus.oralis_BC.1
2026-05-21 13:49:58.440588 INFO::Fitting model to feature number 557, s__Streptococcus.symci
2026-05-21 13:49:58.448808 INFO::Fitting model to feature number 558, s__Streptococcus.mitis
2026-05-21 13:49:58.452857 INFO::Fitting model to feature number 559, s__Streptococcus.sp003428885
2026-05-21 13:49:58.456021 INFO::Fitting model to feature number 560, s__Streptococcus.oralis_H
2026-05-21 13:49:58.459183 INFO::Fitting model to feature number 561, s__Streptococcus.pseudopneumoniae_E
2026-05-21 13:49:58.462417 INFO::Fitting model to feature number 562, s__Streptococcus.pneumoniae
2026-05-21 13:49:58.465575 INFO::Fitting model to feature number 563, s__Streptococcus.mitis_K
2026-05-21 13:49:58.468688 INFO::Fitting model to feature number 564, s__Streptococcus.sp000259505
2026-05-21 13:49:58.491015 INFO::Fitting model to feature number 565, s__Streptococcus.pseudopneumoniae_L
2026-05-21 13:49:58.494254 INFO::Fitting model to feature number 566, s__Streptococcus.oralis_W
2026-05-21 13:49:58.497496 INFO::Fitting model to feature number 567, s__Streptococcus.oralis
2026-05-21 13:49:58.500693 INFO::Fitting model to feature number 568, s__Streptococcus.oralis.1
2026-05-21 13:49:58.508649 INFO::Fitting model to feature number 569, s__Streptococcus.oralis_G
2026-05-21 13:49:58.512239 INFO::Fitting model to feature number 570, s__Streptococcus.oralis_B
2026-05-21 13:49:58.515425 INFO::Fitting model to feature number 571, s__Streptococcus.infantis_C
2026-05-21 13:49:58.540238 INFO::Fitting model to feature number 572, s__Streptococcus.oralis_BK
2026-05-21 13:49:58.556911 INFO::Fitting model to feature number 573, s__Streptococcus.infantis_F
2026-05-21 13:49:58.587686 INFO::Fitting model to feature number 574, s__Streptococcus.oralis_X
2026-05-21 13:49:58.594049 INFO::Fitting model to feature number 575, s__Streptococcus.oralis_AB
2026-05-21 13:49:58.605592 INFO::Fitting model to feature number 576, s__Streptococcus.oralis_F
2026-05-21 13:49:58.620746 INFO::Fitting model to feature number 577, s__Streptococcus.oralis_C
2026-05-21 13:49:58.634302 INFO::Fitting model to feature number 578, s__Streptococcus.oralis_S
2026-05-21 13:49:58.647282 INFO::Fitting model to feature number 579, s__Streptococcus.halitosis.1
2026-05-21 13:49:58.672798 INFO::Fitting model to feature number 580, s__Streptococcus.gwangjuense
2026-05-21 13:49:58.700181 INFO::Fitting model to feature number 581, s__Streptococcus.oralis_BE
2026-05-21 13:49:58.708548 INFO::Fitting model to feature number 582, s__Streptococcus.sp905371745
2026-05-21 13:49:58.726754 INFO::Fitting model to feature number 583, s__Streptococcus.oralis_BC.2
2026-05-21 13:49:58.732326 INFO::Fitting model to feature number 584, s__Streptococcus.oralis_G.1
2026-05-21 13:49:58.7555 INFO::Fitting model to feature number 585, s__Streptococcus.oralis_J
2026-05-21 13:49:58.775014 INFO::Fitting model to feature number 586, s__Streptococcus.oralis_BF
2026-05-21 13:49:58.784302 INFO::Fitting model to feature number 587, s__Streptococcus.oralis_BJ
2026-05-21 13:49:58.787531 INFO::Fitting model to feature number 588, s__Streptococcus.oralis_BH
2026-05-21 13:49:58.790843 INFO::Fitting model to feature number 589, s__Streptococcus.oralis_BI
2026-05-21 13:49:58.794368 INFO::Fitting model to feature number 590, s__Streptococcus.mitis_AI
2026-05-21 13:49:58.797634 INFO::Fitting model to feature number 591, s__Streptococcus.mitis_AX
2026-05-21 13:49:58.800923 INFO::Fitting model to feature number 592, s__Streptococcus.mitis_BT
2026-05-21 13:49:58.804118 INFO::Fitting model to feature number 593, s__Streptococcus.oralis.2
2026-05-21 13:49:58.807328 INFO::Fitting model to feature number 594, s__Streptococcus.mitis_BM
2026-05-21 13:49:58.810617 INFO::Fitting model to feature number 595, s__Streptococcus.mitis_BS
2026-05-21 13:49:58.814199 INFO::Fitting model to feature number 596, s__HROM_Genome_2178
2026-05-21 13:49:58.817794 INFO::Fitting model to feature number 597, s__Streptococcus.mitis_BB
2026-05-21 13:49:58.830999 INFO::Fitting model to feature number 598, s__Streptococcus.infantis_H
2026-05-21 13:49:58.834204 INFO::Fitting model to feature number 599, s__Streptococcus.infantis_I
2026-05-21 13:49:58.84321 INFO::Fitting model to feature number 600, s__HROM_Genome_2183
2026-05-21 13:49:58.846571 INFO::Fitting model to feature number 601, s__Streptococcus.mitis_BO
2026-05-21 13:49:58.849814 INFO::Fitting model to feature number 602, s__HROM_Genome_2185
2026-05-21 13:49:58.85305 INFO::Fitting model to feature number 603, s__Streptococcus.mitis_AC
2026-05-21 13:49:58.856277 INFO::Fitting model to feature number 604, s__Streptococcus.mitis_BN
2026-05-21 13:49:58.860838 INFO::Fitting model to feature number 605, s__Streptococcus.mitis_AD
2026-05-21 13:49:58.86409 INFO::Fitting model to feature number 606, s__HROM_Genome_2190
2026-05-21 13:49:58.884467 INFO::Fitting model to feature number 607, s__HROM_Genome_2191
2026-05-21 13:49:58.888769 INFO::Fitting model to feature number 608, s__HROM_Genome_2192
2026-05-21 13:49:58.892141 INFO::Fitting model to feature number 609, s__Streptococcus.mitis_AV
2026-05-21 13:49:58.895394 INFO::Fitting model to feature number 610, s__HROM_Genome_2198
2026-05-21 13:49:58.898942 INFO::Fitting model to feature number 611, s__HROM_Genome_2199
2026-05-21 13:49:58.902165 INFO::Fitting model to feature number 612, s__Streptococcus.mitis_N
2026-05-21 13:49:58.905395 INFO::Fitting model to feature number 613, s__Streptococcus.mitis_BQ
2026-05-21 13:49:58.93284 INFO::Fitting model to feature number 614, s__Streptococcus.mitis_AK
2026-05-21 13:49:58.950784 INFO::Fitting model to feature number 615, s__Streptococcus.peroris
2026-05-21 13:49:58.956503 INFO::Fitting model to feature number 616, s__Streptococcus.mitis_BB.1
2026-05-21 13:49:58.967253 INFO::Fitting model to feature number 617, s__Streptococcus.mitis_P
2026-05-21 13:49:58.992063 INFO::Fitting model to feature number 618, s__HROM_Genome_2214
2026-05-21 13:49:59.032722 INFO::Fitting model to feature number 619, s__Streptococcus.oralis.3
2026-05-21 13:49:59.043 INFO::Fitting model to feature number 620, s__HROM_Genome_2217
2026-05-21 13:49:59.057934 INFO::Fitting model to feature number 621, s__Streptococcus.mitis_Y
2026-05-21 13:49:59.066899 INFO::Fitting model to feature number 622, s__Streptococcus.pseudopneumoniae_C
2026-05-21 13:49:59.07825 INFO::Fitting model to feature number 623, s__HROM_Genome_2221
2026-05-21 13:49:59.094158 INFO::Fitting model to feature number 624, s__HROM_Genome_2223
2026-05-21 13:49:59.097415 INFO::Fitting model to feature number 625, s__HROM_Genome_2224
2026-05-21 13:49:59.104604 INFO::Fitting model to feature number 626, s__Streptococcus.oralis_BD
2026-05-21 13:49:59.107812 INFO::Fitting model to feature number 627, s__HROM_Genome_2228
2026-05-21 13:49:59.110972 INFO::Fitting model to feature number 628, s__Streptococcus.sp000411475
2026-05-21 13:49:59.114162 INFO::Fitting model to feature number 629, s__HROM_Genome_2231
2026-05-21 13:49:59.117472 INFO::Fitting model to feature number 630, s__HROM_Genome_2232
2026-05-21 13:49:59.120925 INFO::Fitting model to feature number 631, s__HROM_Genome_2234
2026-05-21 13:49:59.124123 INFO::Fitting model to feature number 632, s__HROM_Genome_2235
2026-05-21 13:49:59.127302 INFO::Fitting model to feature number 633, s__Streptococcus.sp000187745
2026-05-21 13:49:59.130543 INFO::Fitting model to feature number 634, s__Streptococcus.sp901875575
2026-05-21 13:49:59.133731 INFO::Fitting model to feature number 635, s__HROM_Genome_2244
2026-05-21 13:49:59.136903 INFO::Fitting model to feature number 636, s__HROM_Genome_2245
2026-05-21 13:49:59.140092 INFO::Fitting model to feature number 637, s__HROM_Genome_2246
2026-05-21 13:49:59.143326 INFO::Fitting model to feature number 638, s__HROM_Genome_2247
2026-05-21 13:49:59.146545 INFO::Fitting model to feature number 639, s__Streptococcus.chosunense
2026-05-21 13:49:59.149753 INFO::Fitting model to feature number 640, s__HROM_Genome_2250
2026-05-21 13:49:59.158708 INFO::Fitting model to feature number 641, s__Streptococcus.mitis_Q
2026-05-21 13:49:59.161979 INFO::Fitting model to feature number 642, s__HROM_Genome_2255
2026-05-21 13:49:59.16519 INFO::Fitting model to feature number 643, s__Streptococcus.mitis_Q.1
2026-05-21 13:49:59.168394 INFO::Fitting model to feature number 644, s__HROM_Genome_2259
2026-05-21 13:49:59.191957 INFO::Fitting model to feature number 645, s__HROM_Genome_2262
2026-05-21 13:49:59.195194 INFO::Fitting model to feature number 646, s__HROM_Genome_2273
2026-05-21 13:49:59.19846 INFO::Fitting model to feature number 647, s__HROM_Genome_2274
2026-05-21 13:49:59.201808 INFO::Fitting model to feature number 648, s__Streptococcus.oralis_C.1
2026-05-21 13:49:59.205014 INFO::Fitting model to feature number 649, s__Streptococcus.oralis_Y
2026-05-21 13:49:59.209547 INFO::Fitting model to feature number 650, s__HROM_Genome_2283
2026-05-21 13:49:59.234487 INFO::Fitting model to feature number 651, s__Streptococcus.oralis_Z
2026-05-21 13:49:59.253505 INFO::Fitting model to feature number 652, s__HROM_Genome_2287
2026-05-21 13:49:59.256878 INFO::Fitting model to feature number 653, s__HROM_Genome_2291
2026-05-21 13:49:59.260128 INFO::Fitting model to feature number 654, s__HROM_Genome_2293
2026-05-21 13:49:59.263358 INFO::Fitting model to feature number 655, s__HROM_Genome_2298
2026-05-21 13:49:59.298467 INFO::Fitting model to feature number 656, s__Streptococcus.sp905221435
2026-05-21 13:49:59.312525 INFO::Fitting model to feature number 657, s__Streptococcus.dentisani
2026-05-21 13:49:59.380075 INFO::Fitting model to feature number 658, s__Streptococcus.oralis_BM
2026-05-21 13:49:59.392683 INFO::Fitting model to feature number 659, s__HROM_Genome_2309
2026-05-21 13:49:59.439286 INFO::Fitting model to feature number 660, s__Streptococcus.dentisani.1
2026-05-21 13:49:59.45184 INFO::Fitting model to feature number 661, s__HROM_Genome_2312
2026-05-21 13:49:59.488005 INFO::Fitting model to feature number 662, s__Streptococcus.oralis_BA
2026-05-21 13:49:59.51567 INFO::Fitting model to feature number 663, s__HROM_Genome_2315
2026-05-21 13:49:59.526096 INFO::Fitting model to feature number 664, s__HROM_Genome_2317
2026-05-21 13:49:59.529407 INFO::Fitting model to feature number 665, s__HROM_Genome_2319
2026-05-21 13:49:59.532695 INFO::Fitting model to feature number 666, s__HROM_Genome_2322
2026-05-21 13:49:59.536 INFO::Fitting model to feature number 667, s__HROM_Genome_2324
2026-05-21 13:49:59.539186 INFO::Fitting model to feature number 668, s__HROM_Genome_2325
2026-05-21 13:49:59.542441 INFO::Fitting model to feature number 669, s__HROM_Genome_2326
2026-05-21 13:49:59.545701 INFO::Fitting model to feature number 670, s__HROM_Genome_2327
2026-05-21 13:49:59.548928 INFO::Fitting model to feature number 671, s__Streptococcus.sp900550895
2026-05-21 13:49:59.552112 INFO::Fitting model to feature number 672, s__HROM_Genome_2334
2026-05-21 13:49:59.55595 INFO::Fitting model to feature number 673, s__HROM_Genome_2337
2026-05-21 13:49:59.578165 INFO::Fitting model to feature number 674, s__Streptococcus.mitis_O
2026-05-21 13:49:59.593743 INFO::Fitting model to feature number 675, s__HROM_Genome_2342
2026-05-21 13:49:59.596997 INFO::Fitting model to feature number 676, s__Streptococcus.timonensis
2026-05-21 13:49:59.600567 INFO::Fitting model to feature number 677, s__Streptococcus.oralis_AD
2026-05-21 13:49:59.621866 INFO::Fitting model to feature number 678, s__HROM_Genome_2347
2026-05-21 13:49:59.625168 INFO::Fitting model to feature number 679, s__Streptococcus.mitis_AZ
2026-05-21 13:49:59.628481 INFO::Fitting model to feature number 680, s__HROM_Genome_2351
2026-05-21 13:49:59.631682 INFO::Fitting model to feature number 681, s__HROM_Genome_2354
2026-05-21 13:49:59.64078 INFO::Fitting model to feature number 682, s__HROM_Genome_2355
2026-05-21 13:49:59.644245 INFO::Fitting model to feature number 683, s__HROM_Genome_2357
2026-05-21 13:49:59.647465 INFO::Fitting model to feature number 684, s__HROM_Genome_2358
2026-05-21 13:49:59.650714 INFO::Fitting model to feature number 685, s__Streptococcus.mitis_AH
2026-05-21 13:49:59.653959 INFO::Fitting model to feature number 686, s__HROM_Genome_2360
2026-05-21 13:49:59.657185 INFO::Fitting model to feature number 687, s__Streptococcus.chosunense.1
2026-05-21 13:49:59.660471 INFO::Fitting model to feature number 688, s__Streptococcus.mitis_AF
2026-05-21 13:49:59.674835 INFO::Fitting model to feature number 689, s__HROM_Genome_2365
2026-05-21 13:49:59.678128 INFO::Fitting model to feature number 690, s__HROM_Genome_2371
2026-05-21 13:49:59.681383 INFO::Fitting model to feature number 691, s__Streptococcus.oralis_N
2026-05-21 13:49:59.685361 INFO::Fitting model to feature number 692, s__Streptococcus.infantis_I.1
2026-05-21 13:49:59.688848 INFO::Fitting model to feature number 693, s__Streptococcus.oralis_T
2026-05-21 13:49:59.706699 INFO::Fitting model to feature number 694, s__Streptococcus.sp905372925
2026-05-21 13:49:59.735908 INFO::Fitting model to feature number 695, s__Streptococcus.mitis_BJ
2026-05-21 13:49:59.756634 INFO::Fitting model to feature number 696, s__Streptococcus.oralis_T.1
2026-05-21 13:49:59.768173 INFO::Fitting model to feature number 697, s__Streptococcus.oralis_F.1
2026-05-21 13:49:59.773897 INFO::Fitting model to feature number 698, s__HROM_Genome_2386
2026-05-21 13:49:59.777439 INFO::Fitting model to feature number 699, s__HROM_Genome_2388
2026-05-21 13:49:59.788925 INFO::Fitting model to feature number 700, s__HROM_Genome_2389
2026-05-21 13:49:59.798615 INFO::Fitting model to feature number 701, s__HROM_Genome_2392
2026-05-21 13:49:59.801846 INFO::Fitting model to feature number 702, s__HROM_Genome_2395
2026-05-21 13:49:59.809764 INFO::Fitting model to feature number 703, s__Streptococcus.mitis_AC.1
2026-05-21 13:49:59.813014 INFO::Fitting model to feature number 704, s__Streptococcus.mitis_E
2026-05-21 13:49:59.817685 INFO::Fitting model to feature number 705, s__HROM_Genome_2405
2026-05-21 13:49:59.840077 INFO::Fitting model to feature number 706, s__HROM_Genome_2406
2026-05-21 13:49:59.843475 INFO::Fitting model to feature number 707, s__HROM_Genome_2410
2026-05-21 13:49:59.846712 INFO::Fitting model to feature number 708, s__HROM_Genome_2411
2026-05-21 13:49:59.849936 INFO::Fitting model to feature number 709, s__Streptococcus.pseudopneumoniae_A
2026-05-21 13:49:59.853195 INFO::Fitting model to feature number 710, s__Streptococcus.mitis_I
2026-05-21 13:49:59.856447 INFO::Fitting model to feature number 711, s__Streptococcus.sp001808705
2026-05-21 13:49:59.859743 INFO::Fitting model to feature number 712, s__Streptococcus.mitis_H
2026-05-21 13:49:59.862956 INFO::Fitting model to feature number 713, s__HROM_Genome_2419
2026-05-21 13:49:59.896278 INFO::Fitting model to feature number 714, s__Streptococcus.sp001808705.1
2026-05-21 13:49:59.907124 INFO::Fitting model to feature number 715, s__HROM_Genome_2421
2026-05-21 13:49:59.911357 INFO::Fitting model to feature number 716, s__HROM_Genome_2422
2026-05-21 13:49:59.914621 INFO::Fitting model to feature number 717, s__HROM_Genome_2424
2026-05-21 13:49:59.918194 INFO::Fitting model to feature number 718, s__Streptococcus.mitis_C
2026-05-21 13:49:59.921477 INFO::Fitting model to feature number 719, s__Streptococcus.sp001808705.2
2026-05-21 13:49:59.924666 INFO::Fitting model to feature number 720, s__HROM_Genome_2428
2026-05-21 13:49:59.928006 INFO::Fitting model to feature number 721, s__HROM_Genome_2429
2026-05-21 13:49:59.936313 INFO::Fitting model to feature number 722, s__HROM_Genome_2434
2026-05-21 13:49:59.940385 INFO::Fitting model to feature number 723, s__HROM_Genome_2435
2026-05-21 13:49:59.943747 INFO::Fitting model to feature number 724, s__HROM_Genome_2437
2026-05-21 13:49:59.947006 INFO::Fitting model to feature number 725, s__HROM_Genome_2439
2026-05-21 13:49:59.950635 INFO::Fitting model to feature number 726, s__Streptococcus.mitis_AZ.1
2026-05-21 13:49:59.953909 INFO::Fitting model to feature number 727, s__Streptococcus.oralis_BO
2026-05-21 13:49:59.957198 INFO::Fitting model to feature number 728, s__Streptococcus.oralis_Y.1
2026-05-21 13:49:59.960472 INFO::Fitting model to feature number 729, s__HROM_Genome_2443
2026-05-21 13:49:59.963799 INFO::Fitting model to feature number 730, s__HROM_Genome_2444
2026-05-21 13:49:59.967018 INFO::Fitting model to feature number 731, s__Streptococcus.oralis_AD.1
2026-05-21 13:49:59.970242 INFO::Fitting model to feature number 732, s__HROM_Genome_2448
2026-05-21 13:49:59.973454 INFO::Fitting model to feature number 733, s__Streptococcus.oralis_AC.1
2026-05-21 13:49:59.976645 INFO::Fitting model to feature number 734, s__Streptococcus.oralis.4
2026-05-21 13:49:59.979919 INFO::Fitting model to feature number 735, s__HROM_Genome_2454
2026-05-21 13:49:59.983176 INFO::Fitting model to feature number 736, s__Streptococcus.oralis_Y.2
2026-05-21 13:49:59.998151 INFO::Fitting model to feature number 737, s__HROM_Genome_2458
2026-05-21 13:50:00.015546 INFO::Fitting model to feature number 738, s__HROM_Genome_2460
2026-05-21 13:50:00.018924 INFO::Fitting model to feature number 739, s__HROM_Genome_2463
2026-05-21 13:50:00.022214 INFO::Fitting model to feature number 740, s__HROM_Genome_2464
2026-05-21 13:50:00.047999 INFO::Fitting model to feature number 741, s__HROM_Genome_2465
2026-05-21 13:50:00.051244 INFO::Fitting model to feature number 742, s__HROM_Genome_2466
2026-05-21 13:50:00.054485 INFO::Fitting model to feature number 743, s__HROM_Genome_2467
2026-05-21 13:50:00.073209 INFO::Fitting model to feature number 744, s__HROM_Genome_2469
2026-05-21 13:50:00.092883 INFO::Fitting model to feature number 745, s__HROM_Genome_2470
2026-05-21 13:50:00.120568 INFO::Fitting model to feature number 746, s__Streptococcus.sp000235485
2026-05-21 13:50:00.135529 INFO::Fitting model to feature number 747, s__Streptococcus.mitis_AY
2026-05-21 13:50:00.142498 INFO::Fitting model to feature number 748, s__Streptococcus.sp001553685
2026-05-21 13:50:00.162648 INFO::Fitting model to feature number 749, s__Streptococcus.sp013394695
2026-05-21 13:50:00.176442 INFO::Fitting model to feature number 750, s__Streptococcus.mitis_BD
2026-05-21 13:50:00.18959 INFO::Fitting model to feature number 751, s__Streptococcus.mitis_BI
2026-05-21 13:50:00.192779 INFO::Fitting model to feature number 752, s__Streptococcus.mitis_BC
2026-05-21 13:50:00.203341 INFO::Fitting model to feature number 753, s__Streptococcus.mitis_BK
2026-05-21 13:50:00.209062 INFO::Fitting model to feature number 754, s__HROM_Genome_2482
2026-05-21 13:50:00.212626 INFO::Fitting model to feature number 755, s__HROM_Genome_2483
2026-05-21 13:50:00.220486 INFO::Fitting model to feature number 756, s__HROM_Genome_2485
2026-05-21 13:50:00.223747 INFO::Fitting model to feature number 757, s__HROM_Genome_2491
2026-05-21 13:50:00.230599 INFO::Fitting model to feature number 758, s__HROM_Genome_2492
2026-05-21 13:50:00.233868 INFO::Fitting model to feature number 759, s__Streptococcus.intermedius
2026-05-21 13:50:00.237031 INFO::Fitting model to feature number 760, s__Streptococcus.constellatus
2026-05-21 13:50:00.240246 INFO::Fitting model to feature number 761, s__Streptococcus.anginosus
2026-05-21 13:50:00.243388 INFO::Fitting model to feature number 762, s__Streptococcus.anginosus_C
2026-05-21 13:50:00.251791 INFO::Fitting model to feature number 763, s__Streptococcus.sanguinis
2026-05-21 13:50:00.273406 INFO::Fitting model to feature number 764, s__Streptococcus.cristatus_C
2026-05-21 13:50:00.276765 INFO::Fitting model to feature number 765, s__Streptococcus.sanguinis_F
2026-05-21 13:50:00.280117 INFO::Fitting model to feature number 766, s__Streptococcus.sanguinis_C
2026-05-21 13:50:00.283341 INFO::Fitting model to feature number 767, s__Streptococcus.cristatus
2026-05-21 13:50:00.286542 INFO::Fitting model to feature number 768, s__Streptococcus.gordonii
2026-05-21 13:50:00.28972 INFO::Fitting model to feature number 769, s__Streptococcus.cristatus.1
2026-05-21 13:50:00.292945 INFO::Fitting model to feature number 770, s__Streptococcus.sanguinis_G
2026-05-21 13:50:00.296138 INFO::Fitting model to feature number 771, s__Streptococcus.cristatus_C.1
2026-05-21 13:50:00.299812 INFO::Fitting model to feature number 772, s__Streptococcus.cristatus_E
2026-05-21 13:50:00.303004 INFO::Fitting model to feature number 773, s__Streptococcus.cristatus_D
2026-05-21 13:50:00.306215 INFO::Fitting model to feature number 774, s__Streptococcus.sanguinis_E
2026-05-21 13:50:00.309425 INFO::Fitting model to feature number 775, s__Streptococcus.cristatus_F
2026-05-21 13:50:00.312643 INFO::Fitting model to feature number 776, s__Streptococcus.cristatus_B
2026-05-21 13:50:00.31584 INFO::Fitting model to feature number 777, s__Streptococcus.sinensis
2026-05-21 13:50:00.319096 INFO::Fitting model to feature number 778, s__HROM_Genome_2524
2026-05-21 13:50:00.322325 INFO::Fitting model to feature number 779, s__HROM_Genome_2527
2026-05-21 13:50:00.32559 INFO::Fitting model to feature number 780, s__Streptococcus.sp000220065
2026-05-21 13:50:00.356776 INFO::Fitting model to feature number 781, s__HROM_Genome_2530
2026-05-21 13:50:00.390049 INFO::Fitting model to feature number 782, s__HROM_Genome_2531
2026-05-21 13:50:00.435519 INFO::Fitting model to feature number 783, s__Streptococcus.sp902460355
2026-05-21 13:50:00.438908 INFO::Fitting model to feature number 784, s__Streptococcus.sp902460355.1
2026-05-21 13:50:00.445441 INFO::Fitting model to feature number 785, s__Streptococcus.sanguinis_A
2026-05-21 13:50:00.44991 INFO::Fitting model to feature number 786, s__HROM_Genome_2539
2026-05-21 13:50:00.45445 INFO::Fitting model to feature number 787, s__HROM_Genome_2541
2026-05-21 13:50:00.458171 INFO::Fitting model to feature number 788, s__HROM_Genome_2544
2026-05-21 13:50:00.465062 INFO::Fitting model to feature number 789, s__Streptococcus.sobrinus
2026-05-21 13:50:00.469481 INFO::Fitting model to feature number 790, s__Streptococcus.dysgalactiae
2026-05-21 13:50:00.490772 INFO::Fitting model to feature number 791, s__Streptococcus.agalactiae
2026-05-21 13:50:00.60331 INFO::Fitting model to feature number 792, s__Streptococcus.mutans
2026-05-21 13:50:00.620051 INFO::Fitting model to feature number 793, s__Abiotrophia.defectiva
2026-05-21 13:50:00.645413 INFO::Fitting model to feature number 794, s__Abiotrophia.sp001815865
2026-05-21 13:50:00.752534 INFO::Fitting model to feature number 795, s__HROM_Genome_2562
2026-05-21 13:50:00.833629 INFO::Fitting model to feature number 796, s__Lactiplantibacillus.plantarum
2026-05-21 13:50:00.88836 INFO::Fitting model to feature number 797, s__Granulicatella.elegans
2026-05-21 13:50:00.916515 INFO::Fitting model to feature number 798, s__HROM_Genome_2573
2026-05-21 13:50:00.964598 INFO::Fitting model to feature number 799, s__HROM_Genome_2574
2026-05-21 13:50:00.991457 INFO::Fitting model to feature number 800, s__HROM_Genome_2575
2026-05-21 13:50:00.996597 INFO::Fitting model to feature number 801, s__HROM_Genome_2576
2026-05-21 13:50:01.014621 INFO::Fitting model to feature number 802, s__Granulicatella.elegans.1
2026-05-21 13:50:01.018021 INFO::Fitting model to feature number 803, s__HROM_Genome_2578
2026-05-21 13:50:01.041021 INFO::Fitting model to feature number 804, s__HROM_Genome_2582
2026-05-21 13:50:01.053744 INFO::Fitting model to feature number 805, s__HROM_Genome_2583
2026-05-21 13:50:01.090582 INFO::Fitting model to feature number 806, s__HROM_Genome_2585
2026-05-21 13:50:01.104704 INFO::Fitting model to feature number 807, s__Granulicatella.sp001058355
2026-05-21 13:50:01.113646 INFO::Fitting model to feature number 808, s__Granulicatella.adiacens
2026-05-21 13:50:01.126593 INFO::Fitting model to feature number 809, s__HROM_Genome_2591
2026-05-21 13:50:01.151199 INFO::Fitting model to feature number 810, s__Granulicatella.adiacens_A
2026-05-21 13:50:01.172923 INFO::Fitting model to feature number 811, s__Granulicatella.sp001071995
2026-05-21 13:50:01.179091 INFO::Fitting model to feature number 812, s__HROM_Genome_2598
2026-05-21 13:50:01.182346 INFO::Fitting model to feature number 813, s__HROM_Genome_2600
2026-05-21 13:50:01.185628 INFO::Fitting model to feature number 814, s__Granulicatella.sp900551535
2026-05-21 13:50:01.188812 INFO::Fitting model to feature number 815, s__HROM_Genome_2604
2026-05-21 13:50:01.192023 INFO::Fitting model to feature number 816, s__Granulicatella.adiacens_A.1
2026-05-21 13:50:01.195222 INFO::Fitting model to feature number 817, s__HROM_Genome_2606
2026-05-21 13:50:01.198549 INFO::Fitting model to feature number 818, s__HROM_Genome_2617
2026-05-21 13:50:01.201754 INFO::Fitting model to feature number 819, s__HROM_Genome_2618
2026-05-21 13:50:01.204947 INFO::Fitting model to feature number 820, s__Granulicatella.sp905371865
2026-05-21 13:50:01.208158 INFO::Fitting model to feature number 821, s__HROM_Genome_2622
2026-05-21 13:50:01.211406 INFO::Fitting model to feature number 822, s__HROM_Genome_2624
2026-05-21 13:50:01.215234 INFO::Fitting model to feature number 823, s__Lacticaseibacillus.rhamnosus
2026-05-21 13:50:01.219723 INFO::Fitting model to feature number 824, s__Lacticaseibacillus.paracasei
2026-05-21 13:50:01.238079 INFO::Fitting model to feature number 825, s__HROM_Genome_2639
2026-05-21 13:50:01.241285 INFO::Fitting model to feature number 826, s__Metamycoplasma.orale
2026-05-21 13:50:01.244495 INFO::Fitting model to feature number 827, s__Metamycoplasma.salivarium
2026-05-21 13:50:01.251037 INFO::Fitting model to feature number 828, s__HROM_Genome_2646
2026-05-21 13:50:01.274354 INFO::Fitting model to feature number 829, s__HROM_Genome_2654
2026-05-21 13:50:01.277628 INFO::Fitting model to feature number 830, s__CAJPPJ01.sp905372515
2026-05-21 13:50:01.280861 INFO::Fitting model to feature number 831, s__HROM_Genome_2656
2026-05-21 13:50:01.284897 INFO::Fitting model to feature number 832, s__HROM_Genome_2657
2026-05-21 13:50:01.288076 INFO::Fitting model to feature number 833, s__HROM_Genome_2658
2026-05-21 13:50:01.292191 INFO::Fitting model to feature number 834, s__Gemella.morbillorum
2026-05-21 13:50:01.29545 INFO::Fitting model to feature number 835, s__Gemella.sanguinis
2026-05-21 13:50:01.298627 INFO::Fitting model to feature number 836, s__HROM_Genome_2666
2026-05-21 13:50:01.347093 INFO::Fitting model to feature number 837, s__Gemella.sp900555985
2026-05-21 13:50:01.379728 INFO::Fitting model to feature number 838, s__Gemella.sp900766305
2026-05-21 13:50:01.402851 INFO::Fitting model to feature number 839, s__HROM_Genome_2669
2026-05-21 13:50:01.411099 INFO::Fitting model to feature number 840, s__Gemella.haemolysans_B
2026-05-21 13:50:01.428435 INFO::Fitting model to feature number 841, s__HROM_Genome_2671
2026-05-21 13:50:01.431641 INFO::Fitting model to feature number 842, s__HROM_Genome_2672
2026-05-21 13:50:01.434855 INFO::Fitting model to feature number 843, s__HROM_Genome_2673
2026-05-21 13:50:01.438037 INFO::Fitting model to feature number 844, s__HROM_Genome_2675
2026-05-21 13:50:01.447179 INFO::Fitting model to feature number 845, s__Gemella.haemolysans_A
2026-05-21 13:50:01.450559 INFO::Fitting model to feature number 846, s__HROM_Genome_2678
2026-05-21 13:50:01.453796 INFO::Fitting model to feature number 847, s__HROM_Genome_2679
2026-05-21 13:50:01.456957 INFO::Fitting model to feature number 848, s__Gemella.sp002871655
2026-05-21 13:50:01.460115 INFO::Fitting model to feature number 849, s__HROM_Genome_2681
2026-05-21 13:50:01.463326 INFO::Fitting model to feature number 850, s__HROM_Genome_2682
2026-05-21 13:50:01.466503 INFO::Fitting model to feature number 851, s__HROM_Genome_2683
2026-05-21 13:50:01.46971 INFO::Fitting model to feature number 852, s__HROM_Genome_2690
2026-05-21 13:50:01.472939 INFO::Fitting model to feature number 853, s__HROM_Genome_2691
2026-05-21 13:50:01.476149 INFO::Fitting model to feature number 854, s__HROM_Genome_2693
2026-05-21 13:50:01.479407 INFO::Fitting model to feature number 855, s__Staphylococcus.aureus
2026-05-21 13:50:01.482625 INFO::Fitting model to feature number 856, s__Staphylococcus.epidermidis
2026-05-21 13:50:01.487211 INFO::Fitting model to feature number 857, s__CAJPQU01.sp905373705
2026-05-21 13:50:01.502434 INFO::Fitting model to feature number 858, s__CAJPQU01.sp905372875
2026-05-21 13:50:01.505738 INFO::Fitting model to feature number 859, s__HROM_Genome_2711
2026-05-21 13:50:01.508927 INFO::Fitting model to feature number 860, s__Mitsuokella.sp000469545
2026-05-21 13:50:01.512499 INFO::Fitting model to feature number 861, s__Selenomonas.sp905372355
2026-05-21 13:50:01.515717 INFO::Fitting model to feature number 862, s__HROM_Genome_2716
2026-05-21 13:50:01.526515 INFO::Fitting model to feature number 863, s__Selenomonas.sp905373085
2026-05-21 13:50:01.540972 INFO::Fitting model to feature number 864, s__HROM_Genome_2719
2026-05-21 13:50:01.544268 INFO::Fitting model to feature number 865, s__Centipeda.artemidis
2026-05-21 13:50:01.547491 INFO::Fitting model to feature number 866, s__HROM_Genome_2723
2026-05-21 13:50:01.551443 INFO::Fitting model to feature number 867, s__Centipeda.sp000318175
2026-05-21 13:50:01.554681 INFO::Fitting model to feature number 868, s__Centipeda.noxia
2026-05-21 13:50:01.557901 INFO::Fitting model to feature number 869, s__Centipeda.sp015265235
2026-05-21 13:50:01.561067 INFO::Fitting model to feature number 870, s__HROM_Genome_2729
2026-05-21 13:50:01.564317 INFO::Fitting model to feature number 871, s__Centipeda.sp905372865
2026-05-21 13:50:01.567485 INFO::Fitting model to feature number 872, s__HROM_Genome_2731
2026-05-21 13:50:01.570658 INFO::Fitting model to feature number 873, s__Centipeda.massiliensis
2026-05-21 13:50:01.573927 INFO::Fitting model to feature number 874, s__HROM_Genome_2734
2026-05-21 13:50:01.577175 INFO::Fitting model to feature number 875, s__Centipeda.flueggei
2026-05-21 13:50:01.580397 INFO::Fitting model to feature number 876, s__Centipeda.felix
2026-05-21 13:50:01.583601 INFO::Fitting model to feature number 877, s__Centipeda.sp001683335
2026-05-21 13:50:01.586749 INFO::Fitting model to feature number 878, s__Centipeda.periodontii
2026-05-21 13:50:01.58991 INFO::Fitting model to feature number 879, s__Centipeda.sp000468035
2026-05-21 13:50:01.593083 INFO::Fitting model to feature number 880, s__HROM_Genome_2741
2026-05-21 13:50:01.608891 INFO::Fitting model to feature number 881, s__Centipeda.infelix
2026-05-21 13:50:01.630792 INFO::Fitting model to feature number 882, s__Centipeda.sp000286455
2026-05-21 13:50:01.637367 INFO::Fitting model to feature number 883, s__Centipeda.sp001717585
2026-05-21 13:50:01.658518 INFO::Fitting model to feature number 884, s__HROM_Genome_2749
2026-05-21 13:50:01.667077 INFO::Fitting model to feature number 885, s__HROM_Genome_2750
2026-05-21 13:50:01.670918 INFO::Fitting model to feature number 886, s__Veillonella.sp900550455
2026-05-21 13:50:01.674203 INFO::Fitting model to feature number 887, s__Veillonella.sp900549805
2026-05-21 13:50:01.67735 INFO::Fitting model to feature number 888, s__Allisonella.pneumosintes
2026-05-21 13:50:01.680691 INFO::Fitting model to feature number 889, s__Dialister.micraerophilus
2026-05-21 13:50:01.683881 INFO::Fitting model to feature number 890, s__F0422.sp001553345
2026-05-21 13:50:01.687063 INFO::Fitting model to feature number 891, s__HROM_Genome_2759
2026-05-21 13:50:01.690228 INFO::Fitting model to feature number 892, s__F0422.sp900766245
2026-05-21 13:50:01.693411 INFO::Fitting model to feature number 893, s__F0422.sp003999875
2026-05-21 13:50:01.696586 INFO::Fitting model to feature number 894, s__F0422.sp003992005
2026-05-21 13:50:01.699795 INFO::Fitting model to feature number 895, s__Veillonella.tobetsuensis
2026-05-21 13:50:01.702991 INFO::Fitting model to feature number 896, s__Veillonella.atypica
2026-05-21 13:50:01.706212 INFO::Fitting model to feature number 897, s__Veillonella.rogosae
2026-05-21 13:50:01.711317 INFO::Fitting model to feature number 898, s__Veillonella.nakazawae
2026-05-21 13:50:01.714738 INFO::Fitting model to feature number 899, s__Veillonella.sp002959755
2026-05-21 13:50:01.71792 INFO::Fitting model to feature number 900, s__Veillonella.parvula_A
2026-05-21 13:50:01.721157 INFO::Fitting model to feature number 901, s__Veillonella.infantium
2026-05-21 13:50:01.724354 INFO::Fitting model to feature number 902, s__Veillonella.dispar
2026-05-21 13:50:01.727532 INFO::Fitting model to feature number 903, s__Veillonella.sp902834965
2026-05-21 13:50:01.748284 INFO::Fitting model to feature number 904, s__Veillonella.dispar.1
2026-05-21 13:50:01.751469 INFO::Fitting model to feature number 905, s__Veillonella.sp900552445
2026-05-21 13:50:01.778152 INFO::Fitting model to feature number 906, s__Veillonella.sp900550175
2026-05-21 13:50:01.781598 INFO::Fitting model to feature number 907, s__Veillonella.sp018367495
2026-05-21 13:50:01.784827 INFO::Fitting model to feature number 908, s__HROM_Genome_2826
2026-05-21 13:50:01.788018 INFO::Fitting model to feature number 909, s__Veillonella.sp900757715
2026-05-21 13:50:01.791193 INFO::Fitting model to feature number 910, s__HROM_Genome_2831
2026-05-21 13:50:01.827341 INFO::Fitting model to feature number 911, s__HROM_Genome_2832
2026-05-21 13:50:01.830641 INFO::Fitting model to feature number 912, s__HROM_Genome_2833
2026-05-21 13:50:01.833867 INFO::Fitting model to feature number 913, s__Veillonella.sp003463825
2026-05-21 13:50:01.837045 INFO::Fitting model to feature number 914, s__Veillonella.dispar.2
2026-05-21 13:50:01.840208 INFO::Fitting model to feature number 915, s__Veillonella.dispar.3
2026-05-21 13:50:01.843403 INFO::Fitting model to feature number 916, s__Veillonella.sp905209685
2026-05-21 13:50:01.846545 INFO::Fitting model to feature number 917, s__HROM_Genome_2847
2026-05-21 13:50:01.849751 INFO::Fitting model to feature number 918, s__Anaeroglobus.micronuciformis
2026-05-21 13:50:01.862487 INFO::Fitting model to feature number 919, s__Anaeroglobus.geminatus
2026-05-21 13:50:01.865626 INFO::Fitting model to feature number 920, s__Dialister.invisus
2026-05-21 13:50:01.868785 INFO::Fitting model to feature number 921, s__Leptotrichia.sp013394795
2026-05-21 13:50:01.871983 INFO::Fitting model to feature number 922, s__Leptotrichia.wadei_A
2026-05-21 13:50:01.875178 INFO::Fitting model to feature number 923, s__Leptotrichia.sp018128225
2026-05-21 13:50:01.87838 INFO::Fitting model to feature number 924, s__JABCPH02.sp013333235
2026-05-21 13:50:01.881558 INFO::Fitting model to feature number 925, s__Leptotrichia.sp002240055
2026-05-21 13:50:01.90142 INFO::Fitting model to feature number 926, s__Leptotrichia.hongkongensis
2026-05-21 13:50:01.939437 INFO::Fitting model to feature number 927, s__Leptotrichia.massiliensis
2026-05-21 13:50:01.952588 INFO::Fitting model to feature number 928, s__Leptotrichia.shahii
2026-05-21 13:50:02.001391 INFO::Fitting model to feature number 929, s__HROM_Genome_2869
2026-05-21 13:50:02.013626 INFO::Fitting model to feature number 930, s__Leptotrichia.wadei
2026-05-21 13:50:02.023949 INFO::Fitting model to feature number 931, s__HROM_Genome_2871
2026-05-21 13:50:02.028169 INFO::Fitting model to feature number 932, s__HROM_Genome_2872
2026-05-21 13:50:02.045691 INFO::Fitting model to feature number 933, s__Leptotrichia.hofstadii
2026-05-21 13:50:02.068793 INFO::Fitting model to feature number 934, s__Leptotrichia.buccalis
2026-05-21 13:50:02.078221 INFO::Fitting model to feature number 935, s__Leptotrichia.trevisanii
2026-05-21 13:50:02.082049 INFO::Fitting model to feature number 936, s__HROM_Genome_2877
2026-05-21 13:50:02.086315 INFO::Fitting model to feature number 937, s__Leptotrichia.sp000469385
2026-05-21 13:50:02.089546 INFO::Fitting model to feature number 938, s__Leptotrichia.sp001553645
2026-05-21 13:50:02.099706 INFO::Fitting model to feature number 939, s__Leptotrichia_A.sp000469505
2026-05-21 13:50:02.121989 INFO::Fitting model to feature number 940, s__Leptotrichia_A.sp001274535
2026-05-21 13:50:02.125293 INFO::Fitting model to feature number 941, s__Leptotrichia_A.sp905371725
2026-05-21 13:50:02.128509 INFO::Fitting model to feature number 942, s__HROM_Genome_2884
2026-05-21 13:50:02.131755 INFO::Fitting model to feature number 943, s__Pseudoleptotrichia.goodfellowii
2026-05-21 13:50:02.134997 INFO::Fitting model to feature number 944, s__Fusobacterium.polymorphum
2026-05-21 13:50:02.138214 INFO::Fitting model to feature number 945, s__Fusobacterium.nucleatum_J
2026-05-21 13:50:02.141362 INFO::Fitting model to feature number 946, s__Fusobacterium.pseudoperiodonticum
2026-05-21 13:50:02.144653 INFO::Fitting model to feature number 947, s__Fusobacterium.nucleatum
2026-05-21 13:50:02.147848 INFO::Fitting model to feature number 948, s__Fusobacterium.animalis
2026-05-21 13:50:02.151068 INFO::Fitting model to feature number 949, s__Fusobacterium.hwasookii
2026-05-21 13:50:02.154208 INFO::Fitting model to feature number 950, s__Fusobacterium.vincentii
2026-05-21 13:50:02.157445 INFO::Fitting model to feature number 951, s__HROM_Genome_2894
2026-05-21 13:50:02.160684 INFO::Fitting model to feature number 952, s__Fusobacterium.massiliense
2026-05-21 13:50:02.163879 INFO::Fitting model to feature number 953, s__Fusobacterium.periodonticum
2026-05-21 13:50:02.167097 INFO::Fitting model to feature number 954, s__Fusobacterium.sp000235465
2026-05-21 13:50:02.170757 INFO::Fitting model to feature number 955, s__HROM_Genome_2902
2026-05-21 13:50:02.173942 INFO::Fitting model to feature number 956, s__HROM_Genome_2903
2026-05-21 13:50:02.17713 INFO::Fitting model to feature number 957, s__HROM_Genome_2905
2026-05-21 13:50:02.180325 INFO::Fitting model to feature number 958, s__HROM_Genome_2910
2026-05-21 13:50:02.183513 INFO::Fitting model to feature number 959, s__HOT.345.sp003260355
2026-05-21 13:50:02.186696 INFO::Fitting model to feature number 960, s__HROM_Genome_2914
2026-05-21 13:50:02.233559 INFO::Fitting model to feature number 961, s__HOT.345.sp013333605
2026-05-21 13:50:02.25082 INFO::Fitting model to feature number 962, s__HROM_Genome_2919
2026-05-21 13:50:02.25427 INFO::Fitting model to feature number 963, s__HROM_Genome_2924
2026-05-21 13:50:02.257483 INFO::Fitting model to feature number 964, s__HOT.345.sp013333295
2026-05-21 13:50:02.260732 INFO::Fitting model to feature number 965, s__GN02.873.sp003260345
2026-05-21 13:50:02.263928 INFO::Fitting model to feature number 966, s__GN02.873.sp013332525
2026-05-21 13:50:02.273465 INFO::Fitting model to feature number 967, s__GN02.872.sp002761215
2026-05-21 13:50:02.276885 INFO::Fitting model to feature number 968, s__GN02.872.sp003260325
2026-05-21 13:50:02.280177 INFO::Fitting model to feature number 969, s__HROM_Genome_2937
2026-05-21 13:50:02.283433 INFO::Fitting model to feature number 970, s__HROM_Genome_3296
2026-05-21 13:50:02.286716 INFO::Fitting model to feature number 971, s__Saccharimonas.sp018127705
2026-05-21 13:50:02.289989 INFO::Fitting model to feature number 972, s__HROM_Genome_3421
2026-05-21 13:50:02.293249 INFO::Fitting model to feature number 973, s__Saccharimonas.sp010202265
2026-05-21 13:50:02.296499 INFO::Fitting model to feature number 974, s__Nanosynbacter.sp900556355
2026-05-21 13:50:02.299739 INFO::Fitting model to feature number 975, s__HROM_Genome_3432
2026-05-21 13:50:02.303086 INFO::Fitting model to feature number 976, s__HROM_Genome_3434
2026-05-21 13:50:02.327013 INFO::Fitting model to feature number 977, s__HROM_Genome_3435
2026-05-21 13:50:02.365213 INFO::Fitting model to feature number 978, s__HROM_Genome_3436
2026-05-21 13:50:02.381692 INFO::Fitting model to feature number 979, s__HROM_Genome_3437
2026-05-21 13:50:02.389414 INFO::Fitting model to feature number 980, s__Nanosynbacter.sp900555885
2026-05-21 13:50:02.398187 INFO::Fitting model to feature number 981, s__HROM_Genome_3440
2026-05-21 13:50:02.404158 INFO::Fitting model to feature number 982, s__HROM_Genome_3444
2026-05-21 13:50:02.457011 INFO::Fitting model to feature number 983, s__HROM_Genome_3445
2026-05-21 13:50:02.464254 INFO::Fitting model to feature number 984, s__Nanosynbacter.sp900555885.1
2026-05-21 13:50:02.475114 INFO::Fitting model to feature number 985, s__HROM_Genome_3447
2026-05-21 13:50:02.483606 INFO::Fitting model to feature number 986, s__Nanosynbacter.sp900555675
2026-05-21 13:50:02.494056 INFO::Fitting model to feature number 987, s__HROM_Genome_3455
2026-05-21 13:50:02.497299 INFO::Fitting model to feature number 988, s__Nanosynbacter.sp900555425
2026-05-21 13:50:02.50061 INFO::Fitting model to feature number 989, s__HROM_Genome_3457
2026-05-21 13:50:02.503903 INFO::Fitting model to feature number 990, s__HROM_Genome_3459
2026-05-21 13:50:02.507153 INFO::Fitting model to feature number 991, s__HROM_Genome_3460
2026-05-21 13:50:02.510327 INFO::Fitting model to feature number 992, s__HROM_Genome_3461
2026-05-21 13:50:02.513561 INFO::Fitting model to feature number 993, s__Nanosynbacter.sp900557595
2026-05-21 13:50:02.516766 INFO::Fitting model to feature number 994, s__HROM_Genome_3464
2026-05-21 13:50:02.519913 INFO::Fitting model to feature number 995, s__HROM_Genome_3465
2026-05-21 13:50:02.523311 INFO::Fitting model to feature number 996, s__HROM_Genome_3472
2026-05-21 13:50:02.526547 INFO::Fitting model to feature number 997, s__HROM_Genome_3477
2026-05-21 13:50:02.529732 INFO::Fitting model to feature number 998, s__HROM_Genome_3479
2026-05-21 13:50:02.532931 INFO::Fitting model to feature number 999, s__HROM_Genome_3488
2026-05-21 13:50:02.536217 INFO::Fitting model to feature number 1000, s__HROM_Genome_3490
2026-05-21 13:50:02.539656 INFO::Fitting model to feature number 1001, s__HROM_Genome_3499
2026-05-21 13:50:02.542992 INFO::Fitting model to feature number 1002, s__HROM_Genome_3509
2026-05-21 13:50:02.546265 INFO::Fitting model to feature number 1003, s__HROM_Genome_3523
2026-05-21 13:50:02.549524 INFO::Fitting model to feature number 1004, s__HROM_Genome_3540
2026-05-21 13:50:02.552793 INFO::Fitting model to feature number 1005, s__SDRW01.sp007845485
2026-05-21 13:50:02.561092 INFO::Fitting model to feature number 1006, s__HROM_Genome_3578
2026-05-21 13:50:02.578826 INFO::Fitting model to feature number 1007, s__SDRK01.sp007845205
2026-05-21 13:50:02.594723 INFO::Fitting model to feature number 1008, s__Nanogingivalis.gingivitcus
2026-05-21 13:50:02.598348 INFO::Fitting model to feature number 1009, s__Nanogingivalis.sp900555945
2026-05-21 13:50:02.602113 INFO::Fitting model to feature number 1010, s__Nanogingivalis.sp015257795
2026-05-21 13:50:02.605581 INFO::Fitting model to feature number 1011, s__HROM_Genome_3824
2026-05-21 13:50:02.609036 INFO::Fitting model to feature number 1012, s__Nanogingivalis.sp013333405
2026-05-21 13:50:02.612545 INFO::Fitting model to feature number 1013, s__Nanogingivalis.sp900556165
2026-05-21 13:50:02.615986 INFO::Fitting model to feature number 1014, s__HROM_Genome_3842
2026-05-21 13:50:02.619533 INFO::Fitting model to feature number 1015, s__Nanogingivalis.sp013333405.1
2026-05-21 13:50:02.62308 INFO::Fitting model to feature number 1016, s__HROM_Genome_3856
2026-05-21 13:50:02.626601 INFO::Fitting model to feature number 1017, s__HROM_Genome_3857
2026-05-21 13:50:02.630029 INFO::Fitting model to feature number 1018, s__HROM_Genome_3888
2026-05-21 13:50:02.633471 INFO::Fitting model to feature number 1019, s__HROM_Genome_3950
2026-05-21 13:50:02.636829 INFO::Fitting model to feature number 1020, s__HROM_Genome_3966
2026-05-21 13:50:02.640258 INFO::Fitting model to feature number 1021, s__HROM_Genome_3977
2026-05-21 13:50:02.643714 INFO::Fitting model to feature number 1022, s__HROM_Genome_4008
2026-05-21 13:50:02.647153 INFO::Fitting model to feature number 1023, s__HROM_Genome_4057
2026-05-21 13:50:02.650553 INFO::Fitting model to feature number 1024, s__HROM_Genome_4093
2026-05-21 13:50:02.654398 INFO::Fitting model to feature number 1025, s__HROM_Genome_4095
2026-05-21 13:50:02.657825 INFO::Fitting model to feature number 1026, s__HROM_Genome_4207
2026-05-21 13:50:02.661268 INFO::Fitting model to feature number 1027, s__HROM_Genome_4367
2026-05-21 13:50:02.664685 INFO::Fitting model to feature number 1028, s__HROM_Genome_4379
2026-05-21 13:50:02.6681 INFO::Fitting model to feature number 1029, s__HROM_Genome_4413
2026-05-21 13:50:02.701046 INFO::Fitting model to feature number 1030, s__HROM_Genome_4420
2026-05-21 13:50:02.732178 INFO::Fitting model to feature number 1031, s__HROM_Genome_4443
2026-05-21 13:50:02.752922 INFO::Fitting model to feature number 1032, s__HROM_Genome_4450
2026-05-21 13:50:02.777637 INFO::Fitting model to feature number 1033, s__HROM_Genome_4460
2026-05-21 13:50:02.789895 INFO::Fitting model to feature number 1034, s__HROM_Genome_4463
2026-05-21 13:50:02.799234 INFO::Fitting model to feature number 1035, s__HROM_Genome_4477
2026-05-21 13:50:02.821034 INFO::Fitting model to feature number 1036, s__Nanosyncoccus.sp013332965
2026-05-21 13:50:02.840523 INFO::Fitting model to feature number 1037, s__Nanosyncoccus.nanoralicus
2026-05-21 13:50:02.849361 INFO::Fitting model to feature number 1038, s__HROM_Genome_4481
2026-05-21 13:50:02.872577 INFO::Fitting model to feature number 1039, s__Nanosyncoccus.nanoralicus.1
2026-05-21 13:50:02.886709 INFO::Fitting model to feature number 1040, s__Nanosyncoccus.sp013332965.1
2026-05-21 13:50:02.910767 INFO::Fitting model to feature number 1041, s__HROM_Genome_4498
2026-05-21 13:50:02.922033 INFO::Fitting model to feature number 1042, s__HROM_Genome_4502
2026-05-21 13:50:02.926126 INFO::Fitting model to feature number 1043, s__HROM_Genome_4507
2026-05-21 13:50:02.935013 INFO::Fitting model to feature number 1044, s__Nanosyncoccus.sp905372495
2026-05-21 13:50:02.948153 INFO::Fitting model to feature number 1045, s__Nanosyncoccus.nanoralicus.2
2026-05-21 13:50:02.952305 INFO::Fitting model to feature number 1046, s__HROM_Genome_4551
2026-05-21 13:50:02.95572 INFO::Fitting model to feature number 1047, s__HROM_Genome_4774
2026-05-21 13:50:02.964588 INFO::Fitting model to feature number 1048, s__HROM_Genome_4779
2026-05-21 13:50:02.988775 INFO::Fitting model to feature number 1049, s__Kingella.kingae
2026-05-21 13:50:02.992135 INFO::Fitting model to feature number 1050, s__Simonsiella.muelleri
2026-05-21 13:50:03.008872 INFO::Fitting model to feature number 1051, s__HROM_Genome_4817
2026-05-21 13:50:03.012251 INFO::Fitting model to feature number 1052, s__HROM_Genome_4818
2026-05-21 13:50:03.015487 INFO::Fitting model to feature number 1053, s__Neisseria.sp000186165
2026-05-21 13:50:03.018773 INFO::Fitting model to feature number 1054, s__Neisseria.subflava_C
2026-05-21 13:50:03.022044 INFO::Fitting model to feature number 1055, s__Neisseria.sicca_A
2026-05-21 13:50:03.02539 INFO::Fitting model to feature number 1056, s__HROM_Genome_4825
2026-05-21 13:50:03.028589 INFO::Fitting model to feature number 1057, s__Neisseria.mucosa_A
2026-05-21 13:50:03.032109 INFO::Fitting model to feature number 1058, s__Neisseria.polysaccharea
2026-05-21 13:50:03.035449 INFO::Fitting model to feature number 1059, s__Neisseria.sp000090875
2026-05-21 13:50:03.038699 INFO::Fitting model to feature number 1060, s__Neisseria.elongata
2026-05-21 13:50:03.041971 INFO::Fitting model to feature number 1061, s__Neisseria.cinerea
2026-05-21 13:50:03.045257 INFO::Fitting model to feature number 1062, s__Neisseria.flavescens
2026-05-21 13:50:03.048505 INFO::Fitting model to feature number 1063, s__Eikenella.corrodens
2026-05-21 13:50:03.051785 INFO::Fitting model to feature number 1064, s__Eikenella.corrodens_B
2026-05-21 13:50:03.055131 INFO::Fitting model to feature number 1065, s__Eikenella.halliae
2026-05-21 13:50:03.058429 INFO::Fitting model to feature number 1066, s__HROM_Genome_4842
2026-05-21 13:50:03.061756 INFO::Fitting model to feature number 1067, s__Neisseria.sp002237445
2026-05-21 13:50:03.065094 INFO::Fitting model to feature number 1068, s__CAJPNX01.sp905372165
2026-05-21 13:50:03.06833 INFO::Fitting model to feature number 1069, s__Neisseria.bacilliformis
2026-05-21 13:50:03.071503 INFO::Fitting model to feature number 1070, s__HROM_Genome_4852
2026-05-21 13:50:03.075057 INFO::Fitting model to feature number 1071, s__Kingella_A.denitrificans
2026-05-21 13:50:03.078802 INFO::Fitting model to feature number 1072, s__HROM_Genome_4856
2026-05-21 13:50:03.082067 INFO::Fitting model to feature number 1073, s__Kingella_B.oralis
2026-05-21 13:50:03.085748 INFO::Fitting model to feature number 1074, s__HROM_Genome_4858
2026-05-21 13:50:03.089034 INFO::Fitting model to feature number 1075, s__HROM_Genome_4859
2026-05-21 13:50:03.110286 INFO::Fitting model to feature number 1076, s__HROM_Genome_4862
2026-05-21 13:50:03.144832 INFO::Fitting model to feature number 1077, s__HROM_Genome_4870
2026-05-21 13:50:03.17328 INFO::Fitting model to feature number 1078, s__HROM_Genome_4872
2026-05-21 13:50:03.190016 INFO::Fitting model to feature number 1079, s__HROM_Genome_4887
2026-05-21 13:50:03.19751 INFO::Fitting model to feature number 1080, s__Lautropia.mirabilis
2026-05-21 13:50:03.205002 INFO::Fitting model to feature number 1081, s__Lautropia.dentalis
2026-05-21 13:50:03.213943 INFO::Fitting model to feature number 1082, s__HROM_Genome_4895
2026-05-21 13:50:03.2203 INFO::Fitting model to feature number 1083, s__HROM_Genome_4896
2026-05-21 13:50:03.227927 INFO::Fitting model to feature number 1084, s__Ottowia.sp001262075
2026-05-21 13:50:03.247218 INFO::Fitting model to feature number 1085, s__HROM_Genome_4908
2026-05-21 13:50:03.266069 INFO::Fitting model to feature number 1086, s__Cardiobacterium.hominis
2026-05-21 13:50:03.269319 INFO::Fitting model to feature number 1087, s__HROM_Genome_4910
2026-05-21 13:50:03.272826 INFO::Fitting model to feature number 1088, s__HROM_Genome_4912
2026-05-21 13:50:03.282062 INFO::Fitting model to feature number 1089, s__HROM_Genome_4915
2026-05-21 13:50:03.286602 INFO::Fitting model to feature number 1090, s__Cardiobacterium.valvarum
2026-05-21 13:50:03.29477 INFO::Fitting model to feature number 1091, s__Haemophilus_A.sputorum
2026-05-21 13:50:03.298205 INFO::Fitting model to feature number 1092, s__Haemophilus_A.parahaemolyticus
2026-05-21 13:50:03.301459 INFO::Fitting model to feature number 1093, s__Haemophilus_A.paraphrohaemolyticus
2026-05-21 13:50:03.304729 INFO::Fitting model to feature number 1094, s__Haemophilus_D.parainfluenzae
2026-05-21 13:50:03.307948 INFO::Fitting model to feature number 1095, s__Haemophilus_D.parainfluenzae_L
2026-05-21 13:50:03.311211 INFO::Fitting model to feature number 1096, s__Haemophilus_D.sp001815355
2026-05-21 13:50:03.314561 INFO::Fitting model to feature number 1097, s__Haemophilus.aegyptius
2026-05-21 13:50:03.317948 INFO::Fitting model to feature number 1098, s__Haemophilus_D.parainfluenzae_J
2026-05-21 13:50:03.321242 INFO::Fitting model to feature number 1099, s__Haemophilus_D.sp900756875
2026-05-21 13:50:03.324516 INFO::Fitting model to feature number 1100, s__HROM_Genome_4940
2026-05-21 13:50:03.327712 INFO::Fitting model to feature number 1101, s__HROM_Genome_4942
2026-05-21 13:50:03.330997 INFO::Fitting model to feature number 1102, s__Haemophilus.seminalis
2026-05-21 13:50:03.334279 INFO::Fitting model to feature number 1103, s__Haemophilus_D.parainfluenzae_M
2026-05-21 13:50:03.337641 INFO::Fitting model to feature number 1104, s__Haemophilus_D.parainfluenzae_N
2026-05-21 13:50:03.3409 INFO::Fitting model to feature number 1105, s__Haemophilus.haemolyticus
2026-05-21 13:50:03.344114 INFO::Fitting model to feature number 1106, s__Haemophilus_D.parainfluenzae_L.1
2026-05-21 13:50:03.347287 INFO::Fitting model to feature number 1107, s__Haemophilus_D.sp905215245
2026-05-21 13:50:03.350602 INFO::Fitting model to feature number 1108, s__Haemophilus_D.parainfluenzae_K
2026-05-21 13:50:03.354247 INFO::Fitting model to feature number 1109, s__Rodentibacter.sp901420285
2026-05-21 13:50:03.357511 INFO::Fitting model to feature number 1110, s__HROM_Genome_4958
2026-05-21 13:50:03.360782 INFO::Fitting model to feature number 1111, s__Mesocricetibacter.sp905373425
2026-05-21 13:50:03.364068 INFO::Fitting model to feature number 1112, s__Aggregatibacter.actinomycetemcomitans
2026-05-21 13:50:03.367376 INFO::Fitting model to feature number 1113, s__Aggregatibacter.aphrophilus
2026-05-21 13:50:03.370643 INFO::Fitting model to feature number 1114, s__Aggregatibacter.segnis
2026-05-21 13:50:03.37388 INFO::Fitting model to feature number 1115, s__Aggregatibacter.kilianii
2026-05-21 13:50:03.377095 INFO::Fitting model to feature number 1116, s__Aggregatibacter.segnis_A
2026-05-21 13:50:03.380368 INFO::Fitting model to feature number 1117, s__Aggregatibacter.sp000466335
2026-05-21 13:50:03.383629 INFO::Fitting model to feature number 1118, s__HROM_Genome_4966
2026-05-21 13:50:03.386848 INFO::Fitting model to feature number 1119, s__HROM_Genome_4990
2026-05-21 13:50:03.390103 INFO::Fitting model to feature number 1120, s__Moraxella_A.cinereus
2026-05-21 13:50:03.393377 INFO::Fitting model to feature number 1121, s__Xanthomonas.campestris
2026-05-21 13:50:03.396691 INFO::Fitting model to feature number 1122, s__HROM_Genome_5020
2026-05-21 13:50:03.39994 INFO::Fitting model to feature number 1123, s__HROM_Genome_5023
2026-05-21 13:50:03.418938 INFO::Fitting model to feature number 1124, s__Treponema_B.denticola
2026-05-21 13:50:03.433209 INFO::Fitting model to feature number 1125, s__HROM_Genome_5027
2026-05-21 13:50:03.436495 INFO::Fitting model to feature number 1126, s__Treponema_B.sp905372345
2026-05-21 13:50:03.43973 INFO::Fitting model to feature number 1127, s__HROM_Genome_5029
2026-05-21 13:50:03.462394 INFO::Fitting model to feature number 1128, s__Treponema.sp905372265
2026-05-21 13:50:03.465694 INFO::Fitting model to feature number 1129, s__HROM_Genome_5035
2026-05-21 13:50:03.475983 INFO::Fitting model to feature number 1130, s__Treponema.sp010365865
2026-05-21 13:50:03.479358 INFO::Fitting model to feature number 1131, s__Treponema.medium
2026-05-21 13:50:03.497339 INFO::Fitting model to feature number 1132, s__Treponema.sp018336815
2026-05-21 13:50:03.514224 INFO::Fitting model to feature number 1133, s__HROM_Genome_5041
2026-05-21 13:50:03.527653 INFO::Fitting model to feature number 1134, s__HROM_Genome_5042
2026-05-21 13:50:03.538186 INFO::Fitting model to feature number 1135, s__HROM_Genome_5043
2026-05-21 13:50:03.563112 INFO::Fitting model to feature number 1136, s__HROM_Genome_5044
2026-05-21 13:50:03.569002 INFO::Fitting model to feature number 1137, s__Treponema.sp905373565
2026-05-21 13:50:03.592431 INFO::Fitting model to feature number 1138, s__HROM_Genome_5046
2026-05-21 13:50:03.615931 INFO::Fitting model to feature number 1139, s__HROM_Genome_5047
2026-05-21 13:50:03.623777 INFO::Fitting model to feature number 1140, s__HROM_Genome_5049
2026-05-21 13:50:03.63466 INFO::Fitting model to feature number 1141, s__Treponema.sp000775995
2026-05-21 13:50:03.642501 INFO::Fitting model to feature number 1142, s__Treponema.vincentii
2026-05-21 13:50:03.648763 INFO::Fitting model to feature number 1143, s__HROM_Genome_5053
2026-05-21 13:50:03.652761 INFO::Fitting model to feature number 1144, s__Treponema_D.sp905372235
2026-05-21 13:50:03.656194 INFO::Fitting model to feature number 1145, s__HROM_Genome_5066
2026-05-21 13:50:03.659435 INFO::Fitting model to feature number 1146, s__HROM_Genome_5067
2026-05-21 13:50:03.663021 INFO::Fitting model to feature number 1147, s__HROM_Genome_5068
2026-05-21 13:50:03.66626 INFO::Fitting model to feature number 1148, s__Treponema_D.sp014334335
2026-05-21 13:50:03.669602 INFO::Fitting model to feature number 1149, s__HROM_Genome_5071
2026-05-21 13:50:03.672925 INFO::Fitting model to feature number 1150, s__Treponema_C.lecithinolyticum
2026-05-21 13:50:03.676112 INFO::Fitting model to feature number 1151, s__Treponema_C.sp905372025
2026-05-21 13:50:03.679347 INFO::Fitting model to feature number 1152, s__Treponema_C.maltophilum
2026-05-21 13:50:03.693107 INFO::Fitting model to feature number 1153, s__Treponema_D.parvum
2026-05-21 13:50:03.706129 INFO::Fitting model to feature number 1154, s__Treponema_D.sp014334325
2026-05-21 13:50:03.709342 INFO::Fitting model to feature number 1155, s__Treponema_D.buccale
2026-05-21 13:50:03.713027 INFO::Fitting model to feature number 1156, s__HROM_Genome_5082
2026-05-21 13:50:03.716255 INFO::Fitting model to feature number 1157, s__Treponema_D.socranskii
2026-05-21 13:50:03.719435 INFO::Fitting model to feature number 1158, s__HROM_Genome_5084
2026-05-21 13:50:03.722719 INFO::Fitting model to feature number 1159, s__HROM_Genome_5091
2026-05-21 13:50:03.725926 INFO::Fitting model to feature number 1160, s__HROM_Genome_5095
2026-05-21 13:50:03.729266 INFO::Fitting model to feature number 1161, s__HROM_Genome_5096
2026-05-21 13:50:03.732871 INFO::Fitting model to feature number 1162, s__HROM_Genome_5100
2026-05-21 13:50:03.736045 INFO::Fitting model to feature number 1163, s__Fretibacterium.fastidiosum
2026-05-21 13:50:03.739244 INFO::Fitting model to feature number 1164, s__HROM_Genome_5102
2026-05-21 13:50:03.743065 INFO::Fitting model to feature number 1165, s__HROM_Genome_5103
2026-05-21 13:50:03.746281 INFO::Fitting model to feature number 1166, s__CAJPSE01.sp905373185
2026-05-21 13:50:03.751853 INFO::Fitting model to feature number 1167, s__HROM_Genome_5105
2026-05-21 13:50:03.776827 INFO::Fitting model to feature number 1168, s__HROM_Genome_5106
2026-05-21 13:50:03.780166 INFO::Fitting model to feature number 1169, s__Pyramidobacter.piscolens
2026-05-21 13:50:04.06375 INFO::Counting total values for each feature
2026-05-21 13:50:04.361527 INFO::Writing filtered data to file maaslin2_OA_vs_NonResponder/features/filtered_data.tsv
2026-05-21 13:50:04.446268 INFO::Writing filtered, normalized data to file maaslin2_OA_vs_NonResponder/features/filtered_data_norm.tsv
2026-05-21 13:50:04.556392 INFO::Writing filtered, normalized, transformed data to file maaslin2_OA_vs_NonResponder/features/filtered_data_norm_transformed.tsv
2026-05-21 13:50:04.628479 INFO::Writing residuals to file maaslin2_OA_vs_NonResponder/fits/residuals.rds
2026-05-21 13:50:04.701065 INFO::Writing fitted values to file maaslin2_OA_vs_NonResponder/fits/fitted.rds
2026-05-21 13:50:04.739001 INFO::Writing all results to file (ordered by increasing q-values): maaslin2_OA_vs_NonResponder/all_results.tsv
2026-05-21 13:50:04.842868 INFO::Writing the significant results (those which are less than or equal to the threshold of 0.250000 ) to file (ordered by increasing q-values): maaslin2_OA_vs_NonResponder/significant_results.tsv
2026-05-21 13:50:04.893257 INFO::Writing heatmap of significant results to file: maaslin2_OA_vs_NonResponder/heatmap.pdf
2026-05-21 13:50:05.075578 INFO::Writing association plots (one for each significant association) to output folder: maaslin2_OA_vs_NonResponder
2026-05-21 13:50:05.089997 INFO::Plotting associations from most to least significant, grouped by metadata
2026-05-21 13:50:05.098117 INFO::Plotting data for metadata number 1, Comparison_Group
2026-05-21 13:50:05.11824 INFO::Creating boxplot for categorical data, Comparison_Group vs s__Limosilactobacillus.portuensis
2026-05-21 13:50:05.585241 INFO::Creating boxplot for categorical data, Comparison_Group vs s__Bifidobacterium.longum
2026-05-21 13:50:05.761687 INFO::Creating boxplot for categorical data, Comparison_Group vs s__Limosilactobacillus.fermentum
2026-05-21 13:50:05.916006 INFO::Creating boxplot for categorical data, Comparison_Group vs s__Haemophilus_D.sp900756875
2026-05-21 13:50:06.069618 INFO::Creating boxplot for categorical data, Comparison_Group vs s__Cryptobacterium.curtum
2026-05-21 13:50:06.950468 INFO::Plotting data for metadata number 2, Smoking_Status
2026-05-21 13:50:06.952962 INFO::Creating boxplot for categorical data, Smoking_Status vs s__Streptococcus.oralis_F
2026-05-21 13:50:07.268377 INFO::Plotting data for metadata number 3, Age
2026-05-21 13:50:07.270714 INFO::Creating scatter plot for continuous data, Age vs s__HROM_Genome_3509
2026-05-21 13:50:07.449144 DEBUG::`geom_smooth()` using formula = 'y ~ x'
